2026-06-26 12:15:02,617 DEBUG matplotlib: (private) matplotlib data path: /tmp/_MEIQZIZEB/matplotlib/mpl-data
2026-06-26 12:15:02,618 DEBUG matplotlib: matplotlib data path: /tmp/_MEIQZIZEB/matplotlib/mpl-data
2026-06-26 12:15:02,621 DEBUG matplotlib: CONFIGDIR=/tmp/tmpt4kr42d8
2026-06-26 12:15:02,623 DEBUG matplotlib: matplotlib version 3.3.4
2026-06-26 12:15:02,623 DEBUG matplotlib: interactive is False
2026-06-26 12:15:02,623 DEBUG matplotlib: platform is linux
2026-06-26 12:15:02,623 DEBUG matplotlib: loaded modules: ['builtins', 'sys', '_frozen_importlib', '_imp', '_warnings', '_thread', '_weakref', '_frozen_importlib_external', '_io', 'marshal', 'posix', 'zipimport', 'encodings', 'codecs', '_codecs', 'encodings.aliases', 'encodings.ascii', '_signal', '__main__', 'encodings.utf_8', 'encodings.latin_1', 'io', 'abc', '_weakrefset', '_bootlocale', '_locale', 'struct', '_struct', 'pyimod01_os_path', 'pyimod02_archive', 'zlib', 'pyimod03_importers', 'pyimod04_ctypes', 'os', 'errno', 'stat', '_stat', 'posixpath', 'genericpath', 'os.path', '_collections_abc', 'ctypes', '_ctypes', 'ctypes._endian', 'pkgutil', 'collections', 'operator', '_operator', 'keyword', 'heapq', '_heapq', 'itertools', 'reprlib', '_collections', 'functools', '_functools', 'types', 'collections.abc', 'weakref', 'importlib', 'importlib._bootstrap', 'importlib._bootstrap_external', 'warnings', 'importlib.util', 'importlib.abc', 'importlib.machinery', 'contextlib', 'inspect', 'ast', '_ast', 'dis', 'opcode', '_opcode', 'enum', 'linecache', 'tokenize', 're', 'sre_compile', '_sre', 'sre_parse', 'sre_constants', 'copyreg', 'token', 'pathlib', 'fnmatch', 'ntpath', 'urllib', 'urllib.parse', 'pkg_resources', 'time', 'zipfile', 'shutil', 'bz2', '_compression', 'threading', 'traceback', '_bz2', 'lzma', '_lzma', 'pwd', 'grp', 'binascii', 'platform', 'subprocess', 'signal', '_posixsubprocess', 'select', 'selectors', 'math', 'plistlib', 'datetime', '_datetime', 'xml', 'xml.parsers', 'xml.parsers.expat', 'pyexpat.errors', 'pyexpat.model', 'pyexpat', 'xml.parsers.expat.model', 'xml.parsers.expat.errors', 'email', 'email.parser', 'email.feedparser', 'email.errors', 'email._policybase', 'email.header', 'email.quoprimime', 'string', '_string', 'email.base64mime', 'base64', 'email.charset', 'email.encoders', 'quopri', 'email.utils', 'random', 'hashlib', '_hashlib', '_blake2', '_sha3', 'bisect', '_bisect', '_random', 'socket', '_socket', 'email._parseaddr', 'calendar', 'locale', 'tempfile', 'textwrap', 'pkg_resources.extern', 'pkg_resources._vendor', 'pkg_resources._vendor.appdirs', 'pkg_resources.extern.appdirs', 'pkg_resources._vendor.packaging', 'pkg_resources._vendor.packaging.__about__', 'pkg_resources.extern.packaging', 'pkg_resources.extern.packaging.version', 'typing', 'typing.io', 'typing.re', 'pkg_resources.extern.packaging._structures', 'pkg_resources.extern.packaging.specifiers', 'pkg_resources.extern.packaging.utils', 'pkg_resources.extern.packaging.tags', 'logging', 'atexit', 'sysconfig', 'pkg_resources._vendor.packaging._manylinux', 'pkg_resources._vendor.packaging._musllinux', 'pkg_resources.extern.packaging.requirements', 'pkg_resources._vendor.pyparsing', 'copy', 'pprint', 'pkg_resources.extern.pyparsing', 'pkg_resources.extern.packaging.markers', 'multiprocessing', 'multiprocessing.context', 'multiprocessing.process', 'multiprocessing.reduction', 'pickle', '_compat_pickle', '_pickle', 'array', '__mp_main__', 'multiprocessing.spawn', 'runpy', 'multiprocessing.util', 'multiprocessing.popen_fork', 'multiprocessing.popen_spawn_posix', 'concurrent', 'concurrent.futures', 'concurrent.futures._base', 'concurrent.futures.process', 'queue', 'multiprocessing.connection', '_multiprocessing', 'concurrent.futures.thread', 'argparse', 'gettext', 'common', 'common.api_common', 'json', 'json.decoder', 'json.scanner', '_json', 'json.encoder', 'paramiko', 'paramiko._version', 'paramiko.transport', 'cryptography', 'cryptography.__about__', 'cryptography.utils', 'cryptography.hazmat', 'cryptography.hazmat.backends', 'cryptography.hazmat.primitives', 'cryptography.hazmat.primitives.ciphers', 'cryptography.hazmat.primitives._cipheralgorithm', 'cryptography.hazmat.primitives.ciphers.base', 'cryptography.exceptions', 'cryptography.hazmat.primitives.ciphers.modes', 'cryptography.hazmat.primitives.ciphers.algorithms', 'paramiko.util', 'paramiko.common', 'paramiko.config', 'getpass', 'termios', 'shlex', 'paramiko.ssh_exception', 'paramiko.auth_handler', 'paramiko.message', 'paramiko.server', 'paramiko.ssh_gss', 'paramiko.channel', 'paramiko.file', 'paramiko.buffered_pipe', 'paramiko.pipe', 'paramiko.compress', 'paramiko.dsskey', 'cryptography.hazmat.primitives.hashes', 'cryptography.hazmat.primitives.serialization', 'cryptography.hazmat.primitives._serialization', 'cryptography.hazmat.primitives.serialization.base', 'cryptography.hazmat.primitives.asymmetric', 'cryptography.hazmat.primitives.asymmetric.dh', 'cryptography.hazmat.primitives.asymmetric.types', 'cryptography.hazmat.primitives.asymmetric.dsa', 'cryptography.hazmat.primitives.asymmetric.utils', 'cryptography.hazmat.bindings', '_cffi_backend', '_openssl.lib', '_openssl', 'cryptography.hazmat.bindings._rust', 'cryptography.hazmat.primitives.asymmetric.ec', 'cryptography.hazmat._oid', 'cryptography.hazmat.primitives.asymmetric.ed448', 'cryptography.hazmat.primitives.asymmetric.ed25519', 'cryptography.hazmat.primitives.asymmetric.rsa', 'cryptography.hazmat.primitives._asymmetric', 'cryptography.hazmat.primitives.asymmetric.x448', 'cryptography.hazmat.primitives.asymmetric.x25519', 'cryptography.hazmat.primitives.serialization.ssh', 'cryptography.hazmat.primitives.asymmetric.padding', 'bcrypt', '__future__', 'hmac', 'bcrypt.__about__', 'bcrypt._bcrypt', 'paramiko.ber', 'paramiko.sftp', 'paramiko.pkey', 'paramiko.ed25519key', 'nacl', 'nacl.signing', 'nacl.bindings', 'nacl.bindings.crypto_aead', 'nacl.exceptions', '_sodium.lib', '_sodium', 'nacl._sodium', 'nacl.bindings.crypto_box', 'nacl.bindings.crypto_core', 'nacl.bindings.crypto_generichash', 'nacl.bindings.crypto_hash', 'nacl.bindings.crypto_kx', 'nacl.bindings.crypto_pwhash', 'nacl.bindings.crypto_scalarmult', 'nacl.bindings.crypto_secretbox', 'nacl.bindings.crypto_secretstream', 'nacl.bindings.crypto_shorthash', 'nacl.bindings.crypto_sign', 'nacl.bindings.randombytes', 'nacl.bindings.sodium_core', 'nacl.bindings.utils', 'nacl.encoding', 'nacl.public', 'nacl.utils', 'paramiko.kex_curve25519', 'cryptography.hazmat.primitives.constant_time', 'paramiko.kex_gex', 'paramiko.kex_group1', 'paramiko.kex_group14', 'paramiko.kex_group16', 'paramiko.kex_ecdh_nist', 'paramiko.kex_gss', 'paramiko.packet', 'paramiko.primes', 'paramiko.rsakey', 'paramiko.ecdsakey', 'paramiko.sftp_client', 'paramiko.sftp_attr', 'paramiko.sftp_file', 'cryptography.hazmat.backends.openssl', 'cryptography.hazmat.backends.openssl.backend', 'cryptography.x509', 'cryptography.x509.certificate_transparency', 'cryptography.x509.base', 'cryptography.x509.extensions', 'ipaddress', 'cryptography.x509.general_name', 'cryptography.x509.name', 'cryptography.x509.oid', 'cryptography.hazmat.backends.openssl.aead', 'cryptography.hazmat.backends.openssl.ciphers', 'cryptography.hazmat.backends.openssl.cmac', 'cryptography.hazmat.backends.openssl.dh', 'cryptography.hazmat.backends.openssl.dsa', 'cryptography.hazmat.backends.openssl.utils', 'cryptography.hazmat.backends.openssl.ec', 'cryptography.hazmat.backends.openssl.ed448', 'cryptography.hazmat.backends.openssl.ed25519', 'cryptography.hazmat.backends.openssl.hashes', 'cryptography.hazmat.backends.openssl.hmac', 'cryptography.hazmat.backends.openssl.poly1305', 'cryptography.hazmat.backends.openssl.rsa', 'cryptography.hazmat.backends.openssl.x448', 'cryptography.hazmat.bindings.openssl', 'cryptography.hazmat.bindings.openssl.binding', 'cryptography.hazmat.bindings.openssl._conditional', 'cryptography.hazmat.primitives.kdf', 'cryptography.hazmat.primitives.kdf.scrypt', 'cryptography.hazmat.primitives.serialization.pkcs12', 'paramiko.client', 'paramiko.agent', 'paramiko.hostkeys', 'paramiko.auth_strategy', 'paramiko.sftp_server', 'paramiko.sftp_si', 'paramiko.sftp_handle', 'paramiko.proxy', 'sshtunnel', 'socketserver', 'utils', 'utils.exceptions', 'utils.logging', 'utils.complier', 'utils.rawdata_elements', 'common.pc_piechart', 'matplotlib', 'distutils', 'distutils.version', 'matplotlib.cbook', 'gzip', 'numpy', 'numpy._globals', 'numpy.__config__', 'numpy.version', 'numpy._distributor_init', 'numpy.core', 'numpy.core.multiarray', 'numpy.core.overrides', 'numpy.core._multiarray_umath', 'numpy.compat', 'numpy.compat._inspect', 'numpy.compat.py3k', 'numpy.core.umath', 'numpy.core.numerictypes', 'numbers', 'numpy.core._string_helpers', 'numpy.core._type_aliases', 'numpy.core._dtype', 'numpy.core.numeric', 'numpy.core.shape_base', 'numpy.core._asarray', 'numpy.core.fromnumeric', 'numpy.core._methods', 'numpy.core._exceptions', 'numpy.core._ufunc_config', 'numpy.core.arrayprint', 'numpy.core.defchararray', 'numpy.core.records', 'numpy.core.memmap', 'numpy.core.function_base', 'numpy.core.machar', 'numpy.core.getlimits', 'numpy.core.einsumfunc', 'numpy.core._add_newdocs', 'numpy.core._multiarray_tests', 'numpy.core._dtype_ctypes', 'numpy.core._internal', 'numpy._pytesttester', 'numpy.lib', 'numpy.lib.mixins', 'numpy.lib.scimath', 'numpy.lib.type_check', 'numpy.lib.ufunclike', 'numpy.lib.index_tricks', 'numpy.matrixlib', 'numpy.matrixlib.defmatrix', 'numpy.linalg', 'numpy.linalg.linalg', 'numpy.lib.twodim_base', 'numpy.linalg.lapack_lite', 'numpy.linalg._umath_linalg', 'numpy.lib.function_base', 'numpy.lib.histograms', 'numpy.lib.stride_tricks', 'numpy.lib.nanfunctions', 'numpy.lib.shape_base', 'numpy.lib.polynomial', 'numpy.lib.utils', 'numpy.lib.arraysetops', 'numpy.lib.npyio', 'numpy.lib.format', 'numpy.lib._datasource', 'numpy.lib._iotools', 'numpy.lib.financial', 'decimal', '_decimal', 'numpy.lib.arrayterator', 'numpy.lib.arraypad', 'numpy.lib._version', 'numpy.fft', 'numpy.fft._pocketfft', 'numpy.fft._pocketfft_internal', 'numpy.fft.helper', 'numpy.polynomial', 'numpy.polynomial.polynomial', 'numpy.polynomial.polyutils', 'numpy.polynomial._polybase', 'numpy.polynomial.chebyshev', 'numpy.polynomial.legendre', 'numpy.polynomial.hermite', 'numpy.polynomial.hermite_e', 'numpy.polynomial.laguerre', 'numpy.random', 'numpy.random._pickle', 'numpy.random.mtrand', 'cython_runtime', 'numpy.random.bit_generator', '_cython_0_29_21', 'numpy.random._common', 'secrets', 'numpy.random._bounded_integers', 'numpy.random._mt19937', 'numpy.random._philox', 'numpy.random._pcg64', 'numpy.random._sfc64', 'numpy.random._generator', 'numpy.ctypeslib', 'numpy.ma', 'numpy.ma.core', 'numpy.ma.extras', 'numpy.testing', 'unittest', 'unittest.result', 'unittest.util', 'unittest.case', 'difflib', 'unittest.suite', 'unittest.loader', 'unittest.main', 'unittest.runner', 'unittest.signals', 'numpy.testing._private', 'numpy.testing._private.utils', 'gc', 'numpy.testing._private.decorators', 'numpy.testing._private.nosetester', 'matplotlib.cbook.deprecation', 'matplotlib.rcsetup', 'matplotlib.animation', 'uuid', 'ctypes.util', 'matplotlib._animation_data', 'matplotlib.fontconfig_pattern', 'pyparsing', 'pyparsing.util', 'pyparsing.exceptions', 'pyparsing.unicode', 'pyparsing.actions', 'pyparsing.core', 'pyparsing.results', 'pyparsing.helpers', 'html', 'html.entities', 'pyparsing.testing', 'pyparsing.common', 'matplotlib.colors', 'matplotlib.docstring', 'matplotlib._color_data', 'cycler', 'matplotlib._version', 'matplotlib.ft2font', 'dateutil', 'dateutil._version', 'kiwisolver']
2026-06-26 12:15:02,657 DEBUG matplotlib: CACHEDIR=/tmp/tmpt4kr42d8
2026-06-26 12:15:02,657 INFO matplotlib.font_manager: Generating new fontManager, this may take some time...
2026-06-26 12:15:02,657 DEBUG matplotlib.font_manager: font search path [PosixPath('/tmp/_MEIQZIZEB/matplotlib/mpl-data/fonts/ttf'), PosixPath('/tmp/_MEIQZIZEB/matplotlib/mpl-data/fonts/afm'), PosixPath('/tmp/_MEIQZIZEB/matplotlib/mpl-data/fonts/pdfcorefonts')]
2026-06-26 12:15:02,944 DEBUG matplotlib.pyplot: Loaded backend agg version unknown.
2026-06-26 12:15:03,842 DEBUG urllib3.connectionpool: Starting new HTTP connection (1): 127.0.0.1:50123
2026-06-26 12:15:03,842 INFO common.api_common: load json file /opt/mcProfiler-linux/config/workgroup_memory.pcd error, so try to decrypt: Expecting value: line 1 column 1 (char 0)
2026-06-26 12:15:03,843 INFO common.api_common: load json file /opt/mcProfiler-linux/config/summary.pcd error, so try to decrypt: Expecting value: line 1 column 1 (char 0)
2026-06-26 12:15:03,844 INFO common.api_common: load json file /opt/mcProfiler-linux/config/occupancy.pcd error, so try to decrypt: Expecting value: line 1 column 1 (char 0)
2026-06-26 12:15:03,844 INFO common.api_common: load json file /opt/mcProfiler-linux/config/memory_statistics.pcd error, so try to decrypt: Expecting value: line 1 column 1 (char 0)
2026-06-26 12:15:03,845 INFO common.api_common: load json file /opt/mcProfiler-linux/config/isu_statistics.pcd error, so try to decrypt: Expecting value: line 1 column 1 (char 0)
2026-06-26 12:15:03,845 INFO common.api_common: load json file /opt/mcProfiler-linux/config/internal.pcd error, so try to decrypt: Expecting value: line 1 column 1 (char 0)
2026-06-26 12:15:03,846 INFO common.api_common: load json file /opt/mcProfiler-linux/config/instruction_statistics.pcd error, so try to decrypt: Expecting value: line 1 column 1 (char 0)
2026-06-26 12:15:03,846 INFO common.api_common: load json file /opt/mcProfiler-linux/config/gpu_throughput_statistics.pcd error, so try to decrypt: Expecting value: line 1 column 1 (char 0)
2026-06-26 12:15:03,846 INFO common.api_common: load json file /opt/mcProfiler-linux/config/compute_workload.pcd error, so try to decrypt: Expecting value: line 1 column 1 (char 0)
2026-06-26 12:15:03,846 INFO common.api_common: load json file /opt/mcProfiler-linux/config/ce_statistics.pcd error, so try to decrypt: Expecting value: line 1 column 1 (char 0)
2026-06-26 12:15:03,854 INFO werkzeug:  * Running on http://127.0.0.1:50123/ (Press CTRL+C to quit)
2026-06-26 12:15:04,345 DEBUG urllib3.connectionpool: Starting new HTTP connection (1): 127.0.0.1:50123
2026-06-26 12:15:04,348 INFO werkzeug: 127.0.0.1 - - [26/Jun/2026 12:15:04] "GET / HTTP/1.1" 200 -
2026-06-26 12:15:04,348 DEBUG urllib3.connectionpool: http://127.0.0.1:50123 "GET / HTTP/1.1" 200 29
2026-06-26 12:15:04,350 DEBUG urllib3.connectionpool: Starting new HTTP connection (1): 127.0.0.1:50123
2026-06-26 12:15:04,351 INFO werkzeug: 127.0.0.1 - - [26/Jun/2026 12:15:04] "GET /show_metrics HTTP/1.1" 200 -
2026-06-26 12:15:04,351 DEBUG urllib3.connectionpool: http://127.0.0.1:50123 "GET /show_metrics HTTP/1.1" 200 1989
2026-06-26 12:15:04,353 DEBUG urllib3.connectionpool: Starting new HTTP connection (1): 127.0.0.1:50123
2026-06-26 12:15:04,373 INFO phttp.http_server: start a new perf exec thread
2026-06-26 12:15:04,373 INFO phttp.server_backend: start perf_exec
2026-06-26 12:15:04,373 INFO phttp.http_server: new exec 315aa22c-cb07-4caf-9bad-4296cb1f1ca6:('export MACA_PATH=/opt/maca/; export LD_LIBRARY_PATH=/opt/maca/lib/:${LD_LIBRARY_PATH}; bash run.sh 0 1 2', 'apply_mix_v0_baseline', ['WORKGROUPS', 'WAVES', 'Average Wave life cycles', 'instruction per cycle', 'instruction throughput', 'instruction throughput efficiency', 'AP active cycles', 'AP MTE Duty ratio', 'AP STE Duty ratio', 'AP MMA Duty ratio', 'VLS Duty ratio', 'L2C Duty ratio', 'Compute Instructions Cycles Rate', 'DPC Computing cycles comparison', 'Instructions Comparison', 'ISU stall cycles layout', 'instruction number', 'instructions per AP', 'RoofLine', 'Global Read Instructions', 'Global Write Instructions', 'Global Atomic Instructions', 'Private Read Instructions', 'Private Write Instructions', 'Constant Read Instructions', 'Constant Read SL1 Instructions', 'Constant Read L2 Instructions', 'Constant SL1 Hit Rate', 'VL1 Read Instructions', 'VL1 Write Instructions', 'VL1 Atomic Instructions', 'VL1 Hit Rate', 'L2C Read Instructions', 'L2C Write Instructions', 'L2C Atomic Instructions', 'L2C Hit Rate', 'Total Atomic Instructions', 'Dnoc Read Req', 'Dnoc Write Req', 'Global Memory Read bytes', 'Global Memory Write bytes', 'Memory Data Flow Chart', 'Dnoc Read Average Latency', 'Dnoc Read Latency Histogram', 'VL1 partition stall cycles layout', 'Achieved waves', 'Dispatched waves', 'Total Instructions', 'Compute Instructions', 'Memory Instructions', 'Total Cycles', 'Memory Access per Second', 'Average AP busy cycles', 'AP busy Duty', 'Compute Instructions busy Duty', 'load instructions', 'store instructions', 'atomic instructions', 'total instructions', 'average latency per load instruction', 'average latency per store instruction', 'average latency per atomic instruction', 'average latency of all stages per instruction', 'average cycles per load instruction', 'average cycles per store instruction', 'average cycles per atomic instruction', 'average conflict cycles per instruction', 'average cycles per instruction', 'shared memory access efficiency'])
2026-06-26 12:15:04,374 INFO werkzeug: 127.0.0.1 - - [26/Jun/2026 12:15:04] "POST /perf_exec HTTP/1.1" 200 -
2026-06-26 12:15:04,375 INFO common.api_common: ret_code cmdline_str: env
2026-06-26 12:15:04,375 DEBUG urllib3.connectionpool: http://127.0.0.1:50123 "POST /perf_exec HTTP/1.1" 200 51
2026-06-26 12:15:04,386 INFO common.api_common: ret_code cmdline_str: ls /sys/devices/virtual/mxcd/
2026-06-26 12:15:04,394 INFO common.api_common: ret_code cmdline_str: ls /sys/devices/virtual/mxcd/mxcd/layout/nodes/
2026-06-26 12:15:04,400 INFO phttp.server_backend: get_device_info.layout nodes: ['0', '1', '2', '3', '4', '5', '6', '7', '8', '9']
2026-06-26 12:15:04,400 INFO common.api_common: ret_code cmdline_str: cat /sys/devices/virtual/mxcd/mxcd/layout/nodes//0/gpu_id
2026-06-26 12:15:04,406 INFO phttp.server_backend: get_device_info.node 0 gpu_id 0
2026-06-26 12:15:04,406 INFO common.api_common: ret_code cmdline_str: cat /sys/devices/virtual/mxcd/mxcd/layout/nodes//1/gpu_id
2026-06-26 12:15:04,411 INFO phttp.server_backend: get_device_info.node 1 gpu_id 0
2026-06-26 12:15:04,412 INFO common.api_common: ret_code cmdline_str: cat /sys/devices/virtual/mxcd/mxcd/layout/nodes//2/gpu_id
2026-06-26 12:15:04,417 INFO phttp.server_backend: get_device_info.node 2 gpu_id 64198
2026-06-26 12:15:04,417 INFO phttp.server_backend: get_device_info.using node id 2
2026-06-26 12:15:04,417 INFO common.api_common: ret_code cmdline_str: cat /sys/devices/virtual/mxcd/mxcd/layout/nodes//3/gpu_id
2026-06-26 12:15:04,422 INFO phttp.server_backend: get_device_info.node 3 gpu_id 27143
2026-06-26 12:15:04,422 INFO phttp.server_backend: get_device_info.using node id 3
2026-06-26 12:15:04,422 INFO common.api_common: ret_code cmdline_str: cat /sys/devices/virtual/mxcd/mxcd/layout/nodes//4/gpu_id
2026-06-26 12:15:04,427 INFO phttp.server_backend: get_device_info.node 4 gpu_id 22597
2026-06-26 12:15:04,428 INFO phttp.server_backend: get_device_info.using node id 4
2026-06-26 12:15:04,428 INFO common.api_common: ret_code cmdline_str: cat /sys/devices/virtual/mxcd/mxcd/layout/nodes//5/gpu_id
2026-06-26 12:15:04,433 INFO phttp.server_backend: get_device_info.node 5 gpu_id 24589
2026-06-26 12:15:04,433 INFO phttp.server_backend: get_device_info.using node id 5
2026-06-26 12:15:04,433 INFO common.api_common: ret_code cmdline_str: cat /sys/devices/virtual/mxcd/mxcd/layout/nodes//6/gpu_id
2026-06-26 12:15:04,438 INFO phttp.server_backend: get_device_info.node 6 gpu_id 18772
2026-06-26 12:15:04,438 INFO phttp.server_backend: get_device_info.using node id 6
2026-06-26 12:15:04,438 INFO common.api_common: ret_code cmdline_str: cat /sys/devices/virtual/mxcd/mxcd/layout/nodes//7/gpu_id
2026-06-26 12:15:04,443 INFO phttp.server_backend: get_device_info.node 7 gpu_id 61138
2026-06-26 12:15:04,443 INFO phttp.server_backend: get_device_info.using node id 7
2026-06-26 12:15:04,443 INFO common.api_common: ret_code cmdline_str: cat /sys/devices/virtual/mxcd/mxcd/layout/nodes//8/gpu_id
2026-06-26 12:15:04,448 INFO phttp.server_backend: get_device_info.node 8 gpu_id 8082
2026-06-26 12:15:04,448 INFO phttp.server_backend: get_device_info.using node id 8
2026-06-26 12:15:04,448 INFO common.api_common: ret_code cmdline_str: cat /sys/devices/virtual/mxcd/mxcd/layout/nodes//9/gpu_id
2026-06-26 12:15:04,453 INFO phttp.server_backend: get_device_info.node 9 gpu_id 11728
2026-06-26 12:15:04,453 INFO phttp.server_backend: get_device_info.using node id 9
2026-06-26 12:15:04,454 INFO common.api_common: ret_code cmdline_str: cat /sys/devices/virtual/mxcd/mxcd/layout/nodes//2/properties
2026-06-26 12:15:04,459 ERROR phttp.server_backend: get_device_info.parse 2 device info vbios_version 1.25.1.0 error.
2026-06-26 12:15:04,459 ERROR phttp.server_backend: get_device_info.parse 2 device info  error.
2026-06-26 12:15:04,459 ERROR phttp.server_backend: get_device_info.parse 2 device info  error.
2026-06-26 12:15:04,459 INFO common.api_common: ret_code cmdline_str: cat /sys/devices/virtual/mxcd/mxcd/layout/nodes//3/properties
2026-06-26 12:15:04,464 ERROR phttp.server_backend: get_device_info.parse 3 device info vbios_version 1.25.1.0 error.
2026-06-26 12:15:04,464 ERROR phttp.server_backend: get_device_info.parse 3 device info  error.
2026-06-26 12:15:04,464 INFO common.api_common: ret_code cmdline_str: cat /sys/devices/virtual/mxcd/mxcd/layout/nodes//4/properties
2026-06-26 12:15:04,469 ERROR phttp.server_backend: get_device_info.parse 4 device info vbios_version 1.25.1.0 error.
2026-06-26 12:15:04,469 ERROR phttp.server_backend: get_device_info.parse 4 device info  error.
2026-06-26 12:15:04,469 INFO common.api_common: ret_code cmdline_str: cat /sys/devices/virtual/mxcd/mxcd/layout/nodes//5/properties
2026-06-26 12:15:04,474 ERROR phttp.server_backend: get_device_info.parse 5 device info vbios_version 1.25.1.0 error.
2026-06-26 12:15:04,474 ERROR phttp.server_backend: get_device_info.parse 5 device info  error.
2026-06-26 12:15:04,475 INFO common.api_common: ret_code cmdline_str: cat /sys/devices/virtual/mxcd/mxcd/layout/nodes//6/properties
2026-06-26 12:15:04,480 ERROR phttp.server_backend: get_device_info.parse 6 device info vbios_version 1.25.1.0 error.
2026-06-26 12:15:04,480 ERROR phttp.server_backend: get_device_info.parse 6 device info  error.
2026-06-26 12:15:04,480 INFO common.api_common: ret_code cmdline_str: cat /sys/devices/virtual/mxcd/mxcd/layout/nodes//7/properties
2026-06-26 12:15:04,485 ERROR phttp.server_backend: get_device_info.parse 7 device info vbios_version 1.25.1.0 error.
2026-06-26 12:15:04,485 ERROR phttp.server_backend: get_device_info.parse 7 device info  error.
2026-06-26 12:15:04,485 ERROR phttp.server_backend: get_device_info.parse 7 device info  error.
2026-06-26 12:15:04,485 INFO common.api_common: ret_code cmdline_str: cat /sys/devices/virtual/mxcd/mxcd/layout/nodes//8/properties
2026-06-26 12:15:04,490 ERROR phttp.server_backend: get_device_info.parse 8 device info vbios_version 1.25.1.0 error.
2026-06-26 12:15:04,490 ERROR phttp.server_backend: get_device_info.parse 8 device info  error.
2026-06-26 12:15:04,490 INFO common.api_common: ret_code cmdline_str: cat /sys/devices/virtual/mxcd/mxcd/layout/nodes//9/properties
2026-06-26 12:15:04,495 ERROR phttp.server_backend: get_device_info.parse 9 device info vbios_version 1.25.1.0 error.
2026-06-26 12:15:04,495 ERROR phttp.server_backend: get_device_info.parse 9 device info  error.
2026-06-26 12:15:04,495 INFO phttp.server_backend: get_device_info.device_info: {'2': {'gpu_id': '64198', 'cpu_cores_count': 0, 'mem_banks_count': 1, 'direct_link_count': 4, 'indirect_link_count': 8, 'vendor_id': 39321, 'device_id': 16385, 'drm_render_minor': 128, 'isa_major': 10, 'isa_minor': 0, 'is_vf': 0, 'max_vf_nums': 8, 'domain': 0, 'location_id': 2048, 'num_sdma_engines': 5, 'num_sdma_queues_per_engine': 9, 'num_vpue_cores': 1, 'num_vpud_cores': 8, 'caches_count': 157, 'peu_id_base': 0, 'peu_count': 416, 'max_waves_per_peu': 8, 'wsm_size_in_kb': 64, 'wave_front_size': 64, 'dpc_count': 8, 'dpc0_ap_mask': 8191, 'dpc1_ap_mask': 73727, 'dpc2_ap_mask': 139263, 'dpc3_ap_mask': 204799, 'dpc4_ap_mask': 270335, 'dpc5_ap_mask': 344061, 'dpc6_ap_mask': 401407, 'dpc7_ap_mask': 466943, 'dpc_arrays': 1, 'ap_per_dpc': 13, 'peu_per_ap': 4, 'pri_mem_per_thread': 4, 'max_slots_private_ap': 32, 'num_ce_queues': 16, 'max_engine_clk_gpu': 1600, 'max_engine_clk_cpu': 3600, 'mgpu_id': 0, 'topology_id': 2, 'socket_id': 2, 'hbmecc': 1, 'local_mem_size': 68719476736, 'capability': 4432512, 'maxprocess': 10}, '3': {'gpu_id': '27143', 'cpu_cores_count': 0, 'mem_banks_count': 1, 'direct_link_count': 4, 'indirect_link_count': 8, 'vendor_id': 39321, 'device_id': 16385, 'drm_render_minor': 129, 'isa_major': 10, 'isa_minor': 0, 'is_vf': 0, 'max_vf_nums': 8, 'domain': 0, 'location_id': 2304, 'num_sdma_engines': 5, 'num_sdma_queues_per_engine': 9, 'num_vpue_cores': 1, 'num_vpud_cores': 8, 'caches_count': 157, 'peu_id_base': 0, 'peu_count': 416, 'max_waves_per_peu': 8, 'wsm_size_in_kb': 64, 'wave_front_size': 64, 'dpc_count': 8, 'dpc0_ap_mask': 8191, 'dpc1_ap_mask': 73727, 'dpc2_ap_mask': 139263, 'dpc3_ap_mask': 204799, 'dpc4_ap_mask': 270335, 'dpc5_ap_mask': 344062, 'dpc6_ap_mask': 401407, 'dpc7_ap_mask': 474623, 'dpc_arrays': 1, 'ap_per_dpc': 13, 'peu_per_ap': 4, 'pri_mem_per_thread': 4, 'max_slots_private_ap': 32, 'num_ce_queues': 16, 'max_engine_clk_gpu': 1600, 'max_engine_clk_cpu': 3600, 'mgpu_id': 0, 'topology_id': 2, 'socket_id': 0, 'hbmecc': 1, 'local_mem_size': 68719476736, 'capability': 4432512, 'maxprocess': 10}, '4': {'gpu_id': '22597', 'cpu_cores_count': 0, 'mem_banks_count': 1, 'direct_link_count': 4, 'indirect_link_count': 8, 'vendor_id': 39321, 'device_id': 16385, 'drm_render_minor': 130, 'isa_major': 10, 'isa_minor': 0, 'is_vf': 0, 'max_vf_nums': 8, 'domain': 0, 'location_id': 3584, 'num_sdma_engines': 5, 'num_sdma_queues_per_engine': 9, 'num_vpue_cores': 1, 'num_vpud_cores': 8, 'caches_count': 157, 'peu_id_base': 0, 'peu_count': 416, 'max_waves_per_peu': 8, 'wsm_size_in_kb': 64, 'wave_front_size': 64, 'dpc_count': 8, 'dpc0_ap_mask': 8191, 'dpc1_ap_mask': 73727, 'dpc2_ap_mask': 139263, 'dpc3_ap_mask': 204799, 'dpc4_ap_mask': 270335, 'dpc5_ap_mask': 335871, 'dpc6_ap_mask': 401407, 'dpc7_ap_mask': 466943, 'dpc_arrays': 1, 'ap_per_dpc': 13, 'peu_per_ap': 4, 'pri_mem_per_thread': 4, 'max_slots_private_ap': 32, 'num_ce_queues': 16, 'max_engine_clk_gpu': 1600, 'max_engine_clk_cpu': 3600, 'mgpu_id': 0, 'topology_id': 2, 'socket_id': 3, 'hbmecc': 1, 'local_mem_size': 68719476736, 'capability': 4432512, 'maxprocess': 10}, '5': {'gpu_id': '24589', 'cpu_cores_count': 0, 'mem_banks_count': 1, 'direct_link_count': 4, 'indirect_link_count': 8, 'vendor_id': 39321, 'device_id': 16385, 'drm_render_minor': 131, 'isa_major': 10, 'isa_minor': 0, 'is_vf': 0, 'max_vf_nums': 8, 'domain': 0, 'location_id': 4352, 'num_sdma_engines': 5, 'num_sdma_queues_per_engine': 9, 'num_vpue_cores': 1, 'num_vpud_cores': 8, 'caches_count': 157, 'peu_id_base': 0, 'peu_count': 416, 'max_waves_per_peu': 8, 'wsm_size_in_kb': 64, 'wave_front_size': 64, 'dpc_count': 8, 'dpc0_ap_mask': 8191, 'dpc1_ap_mask': 73727, 'dpc2_ap_mask': 139263, 'dpc3_ap_mask': 204799, 'dpc4_ap_mask': 270335, 'dpc5_ap_mask': 335871, 'dpc6_ap_mask': 401407, 'dpc7_ap_mask': 466943, 'dpc_arrays': 1, 'ap_per_dpc': 13, 'peu_per_ap': 4, 'pri_mem_per_thread': 4, 'max_slots_private_ap': 32, 'num_ce_queues': 16, 'max_engine_clk_gpu': 1600, 'max_engine_clk_cpu': 3600, 'mgpu_id': 0, 'topology_id': 2, 'socket_id': 1, 'hbmecc': 1, 'local_mem_size': 68719476736, 'capability': 4432512, 'maxprocess': 10}, '6': {'gpu_id': '18772', 'cpu_cores_count': 0, 'mem_banks_count': 1, 'direct_link_count': 4, 'indirect_link_count': 8, 'vendor_id': 39321, 'device_id': 16385, 'drm_render_minor': 132, 'isa_major': 10, 'isa_minor': 0, 'is_vf': 0, 'max_vf_nums': 8, 'domain': 0, 'location_id': 12800, 'num_sdma_engines': 5, 'num_sdma_queues_per_engine': 9, 'num_vpue_cores': 1, 'num_vpud_cores': 8, 'caches_count': 157, 'peu_id_base': 0, 'peu_count': 416, 'max_waves_per_peu': 8, 'wsm_size_in_kb': 64, 'wave_front_size': 64, 'dpc_count': 8, 'dpc0_ap_mask': 8191, 'dpc1_ap_mask': 73727, 'dpc2_ap_mask': 139263, 'dpc3_ap_mask': 204799, 'dpc4_ap_mask': 270335, 'dpc5_ap_mask': 335871, 'dpc6_ap_mask': 407551, 'dpc7_ap_mask': 466943, 'dpc_arrays': 1, 'ap_per_dpc': 13, 'peu_per_ap': 4, 'pri_mem_per_thread': 4, 'max_slots_private_ap': 32, 'num_ce_queues': 16, 'max_engine_clk_gpu': 1600, 'max_engine_clk_cpu': 3600, 'mgpu_id': 0, 'topology_id': 2, 'socket_id': 0, 'hbmecc': 1, 'local_mem_size': 68719476736, 'capability': 4432512, 'maxprocess': 10}, '7': {'gpu_id': '61138', 'cpu_cores_count': 0, 'mem_banks_count': 1, 'direct_link_count': 4, 'indirect_link_count': 8, 'vendor_id': 39321, 'device_id': 16385, 'drm_render_minor': 133, 'isa_major': 10, 'isa_minor': 0, 'is_vf': 0, 'max_vf_nums': 8, 'domain': 0, 'location_id': 14336, 'num_sdma_engines': 5, 'num_sdma_queues_per_engine': 9, 'num_vpue_cores': 1, 'num_vpud_cores': 8, 'caches_count': 157, 'peu_id_base': 0, 'peu_count': 416, 'max_waves_per_peu': 8, 'wsm_size_in_kb': 64, 'wave_front_size': 64, 'dpc_count': 8, 'dpc0_ap_mask': 8191, 'dpc1_ap_mask': 73727, 'dpc2_ap_mask': 139263, 'dpc3_ap_mask': 204799, 'dpc4_ap_mask': 270335, 'dpc5_ap_mask': 335871, 'dpc6_ap_mask': 401407, 'dpc7_ap_mask': 466943, 'dpc_arrays': 1, 'ap_per_dpc': 13, 'peu_per_ap': 4, 'pri_mem_per_thread': 4, 'max_slots_private_ap': 32, 'num_ce_queues': 16, 'max_engine_clk_gpu': 1600, 'max_engine_clk_cpu': 3600, 'mgpu_id': 0, 'topology_id': 2, 'socket_id': 2, 'hbmecc': 1, 'local_mem_size': 68719476736, 'capability': 4432512, 'maxprocess': 10}, '8': {'gpu_id': '8082', 'cpu_cores_count': 0, 'mem_banks_count': 1, 'direct_link_count': 4, 'indirect_link_count': 8, 'vendor_id': 39321, 'device_id': 16385, 'drm_render_minor': 134, 'isa_major': 10, 'isa_minor': 0, 'is_vf': 0, 'max_vf_nums': 8, 'domain': 0, 'location_id': 15104, 'num_sdma_engines': 5, 'num_sdma_queues_per_engine': 9, 'num_vpue_cores': 1, 'num_vpud_cores': 8, 'caches_count': 157, 'peu_id_base': 0, 'peu_count': 416, 'max_waves_per_peu': 8, 'wsm_size_in_kb': 64, 'wave_front_size': 64, 'dpc_count': 8, 'dpc0_ap_mask': 8191, 'dpc1_ap_mask': 73727, 'dpc2_ap_mask': 139263, 'dpc3_ap_mask': 204799, 'dpc4_ap_mask': 270335, 'dpc5_ap_mask': 344031, 'dpc6_ap_mask': 401407, 'dpc7_ap_mask': 466943, 'dpc_arrays': 1, 'ap_per_dpc': 13, 'peu_per_ap': 4, 'pri_mem_per_thread': 4, 'max_slots_private_ap': 32, 'num_ce_queues': 16, 'max_engine_clk_gpu': 1600, 'max_engine_clk_cpu': 3600, 'mgpu_id': 0, 'topology_id': 2, 'socket_id': 3, 'hbmecc': 1, 'local_mem_size': 68719476736, 'capability': 4432512, 'maxprocess': 10}, '9': {'gpu_id': '11728', 'cpu_cores_count': 0, 'mem_banks_count': 1, 'direct_link_count': 4, 'indirect_link_count': 8, 'vendor_id': 39321, 'device_id': 16385, 'drm_render_minor': 135, 'isa_major': 10, 'isa_minor': 0, 'is_vf': 0, 'max_vf_nums': 8, 'domain': 0, 'location_id': 15360, 'num_sdma_engines': 5, 'num_sdma_queues_per_engine': 9, 'num_vpue_cores': 1, 'num_vpud_cores': 8, 'caches_count': 157, 'peu_id_base': 0, 'peu_count': 416, 'max_waves_per_peu': 8, 'wsm_size_in_kb': 64, 'wave_front_size': 64, 'dpc_count': 8, 'dpc0_ap_mask': 8191, 'dpc1_ap_mask': 73727, 'dpc2_ap_mask': 139263, 'dpc3_ap_mask': 204799, 'dpc4_ap_mask': 270335, 'dpc5_ap_mask': 335871, 'dpc6_ap_mask': 401407, 'dpc7_ap_mask': 466943, 'dpc_arrays': 1, 'ap_per_dpc': 13, 'peu_per_ap': 4, 'pri_mem_per_thread': 4, 'max_slots_private_ap': 32, 'num_ce_queues': 16, 'max_engine_clk_gpu': 1600, 'max_engine_clk_cpu': 3600, 'mgpu_id': 0, 'topology_id': 2, 'socket_id': 1, 'hbmecc': 1, 'local_mem_size': 68719476736, 'capability': 4432512, 'maxprocess': 10}}
2026-06-26 12:15:04,496 INFO phttp.server_backend: start generate batch files
2026-06-26 12:15:04,496 INFO utils.complier: analyse  formula:[]
2026-06-26 12:15:04,497 INFO utils.complier: analyse  formula:[{'type': 'PRE_VAR', 'value': '@compute_instructions'}, {'type': 'PRE_VAR', 'value': '@memory_instructions'}]
2026-06-26 12:15:04,497 INFO utils.complier: analyse  formula:[]
2026-06-26 12:15:04,497 INFO utils.complier: analyse  formula:[]
2026-06-26 12:15:04,497 INFO utils.complier: analyse  formula:[{'type': 'PRE_VAR', 'value': '@compute_instructions'}]
2026-06-26 12:15:04,497 INFO utils.complier: analyse  formula:[]
2026-06-26 12:15:04,497 INFO utils.complier: analyse  formula:[]
2026-06-26 12:15:04,497 INFO utils.complier: analyse  formula:[{'type': 'PRE_VAR', 'value': '@memory_instructions'}]
2026-06-26 12:15:04,497 INFO utils.complier: analyse  formula:[]
2026-06-26 12:15:04,497 INFO utils.complier: analyse  formula:[{'type': 'VARIABLE', 'value': '{{CE.CE_PERF_BUSY_CYCLES}}'}]
2026-06-26 12:15:04,497 INFO utils.complier: analyse  formula:[]
2026-06-26 12:15:04,497 INFO utils.complier: analyse  formula:[]
2026-06-26 12:15:04,497 INFO utils.complier: analyse  formula:[{'type': 'VARIABLE', 'value': '{{L2C.perf_dnoc_rdreq_32B}}'}, {'type': 'VARIABLE', 'value': '{{L2C.perf_dnoc_rdreq_64B}}'}, {'type': 'VARIABLE', 'value': '{{L2C.perf_dnoc_rdreq_128B}}'}, {'type': 'VARIABLE', 'value': '{{L2C.perf_dnoc_wrreq_32B_low}}'}, {'type': 'VARIABLE', 'value': '{{L2C.perf_dnoc_wrreq_32B_high}}'}, {'type': 'VARIABLE', 'value': '{{L2C.perf_dnoc_wrreq_64B}}'}, {'type': 'VARIABLE', 'value': '{{L2C.perf_dnoc_wrreq_128B}}'}, {'type': 'VARIABLE', 'value': '{{ISU.AP_PERF_ISU_AP_BUSY}}'}]
2026-06-26 12:15:04,498 INFO utils.complier: analyse  formula:[]
2026-06-26 12:15:04,498 INFO utils.complier: analyse  formula:[]
2026-06-26 12:15:04,498 INFO utils.complier: analyse  formula:[{'type': 'VARIABLE', 'value': '{{ISU.AP_PERF_ISU_AP_BUSY}}'}]
2026-06-26 12:15:04,499 INFO utils.complier: analyse  formula:[]
2026-06-26 12:15:04,499 INFO utils.complier: analyse  formula:[]
2026-06-26 12:15:04,499 INFO utils.complier: analyse  formula:[{'type': 'VARIABLE', 'value': '{{ISU.AP_PERF_ISU_AP_BUSY}}'}, {'type': 'VARIABLE', 'value': '{{CE.CE_PERF_BUSY_CYCLES}}'}]
2026-06-26 12:15:04,499 INFO utils.complier: analyse  formula:[]
2026-06-26 12:15:04,499 INFO utils.complier: analyse  formula:[]
2026-06-26 12:15:04,499 INFO utils.complier: analyse  formula:[{'type': 'VARIABLE', 'value': '{{ISU.AP_PERF_INST_CYCLES_VALU}}'}, {'type': 'VARIABLE', 'value': '{{ISU.AP_PERF_INST_CYCLES_MMA}}'}, {'type': 'VARIABLE', 'value': '{{ISU.AP_PERF_ISU_AP_BUSY}}'}]
2026-06-26 12:15:04,500 INFO utils.complier: analyse  formula:[]
2026-06-26 12:15:04,500 INFO utils.complier: analyse  formula:[]
2026-06-26 12:15:04,500 INFO utils.complier: analyse  formula:[{'type': 'VARIABLE', 'value': '{{CE.CE_PERF_SEND_RM_WORKGROUPS}}'}]
2026-06-26 12:15:04,500 INFO utils.complier: analyse  formula:[]
2026-06-26 12:15:04,500 INFO utils.complier: analyse  formula:[]
2026-06-26 12:15:04,500 INFO utils.complier: analyse  formula:[{'type': 'VARIABLE', 'value': '{{CE.CE_PERF_SEND_RM_WAVES}}'}]
2026-06-26 12:15:04,500 INFO utils.complier: analyse  formula:[]
2026-06-26 12:15:04,500 INFO utils.complier: analyse  formula:[]
2026-06-26 12:15:04,500 INFO utils.complier: analyse  formula:[{'type': 'VARIABLE', 'value': '{{RM.RM_PERF_WAVES_InFlight_Level_P0}}'}, {'type': 'VARIABLE', 'value': '{{RM.RM_PERF_WAVES_InFlight_Level_P1}}'}, {'type': 'VARIABLE', 'value': '{{RM.RM_PERF_WAVES_InFlight_Level_P2}}'}, {'type': 'VARIABLE', 'value': '{{RM.RM_PERF_WAVES_InFlight_Level_P3}}'}, {'type': 'VARIABLE', 'value': '{{CE.CE_PERF_SEND_RM_WAVES}}'}]
2026-06-26 12:15:04,500 INFO utils.complier: analyse  formula:[]
2026-06-26 12:15:04,500 INFO utils.complier: analyse  formula:[]
2026-06-26 12:15:04,501 INFO utils.complier: analyse  formula:[{'type': 'VARIABLE', 'value': '{{ISU.AP_PERF_INST_CYCLES_VALU_4CYCLES}}'}, {'type': 'VARIABLE', 'value': '{{ISU.AP_PERF_INST_CYCLES_VALU_16CYCLES}}'}, {'type': 'VARIABLE', 'value': '{{ISU.AP_PERF_INST_CYCLES_MMA_16CYCLES}}'}, {'type': 'VARIABLE', 'value': '{{ISU.AP_PERF_INST_CYCLES_MMA_32CYCLES}}'}]
2026-06-26 12:15:04,502 INFO utils.complier: analyse  formula:[]
2026-06-26 12:15:04,503 INFO utils.complier: analyse  formula:[]
2026-06-26 12:15:04,503 INFO utils.complier: analyse  formula:[{'type': 'VARIABLE_DICT', 'value': '{{{ISU.AP_PERF_INST_CYCLES_MMA}}}'}, {'type': 'VARIABLE_DICT', 'value': '{{{ISU.AP_PERF_INST_CYCLES_MMA}}}'}, {'type': 'VARIABLE_DICT', 'value': '{{{ISU.AP_PERF_INST_CYCLES_VALU}}}'}]
2026-06-26 12:15:04,504 INFO utils.complier: analyse  formula:[]
2026-06-26 12:15:04,504 INFO utils.complier: analyse  formula:[]
2026-06-26 12:15:04,505 INFO utils.complier: analyse  formula:[{'type': 'VARIABLE', 'value': '{{ISU.AP_PERF_INSTS_VALU}}'}, {'type': 'VARIABLE', 'value': '{{ISU.AP_PERF_INSTS_MMA}}'}, {'type': 'VARIABLE', 'value': '{{ISU.AP_PERF_INSTS_SALU}}'}, {'type': 'VARIABLE', 'value': '{{ISU.AP_PERF_INSTS_GVM}}'}, {'type': 'VARIABLE', 'value': '{{ISU.AP_PERF_INSTS_BSM}}'}, {'type': 'VARIABLE', 'value': '{{ISU.AP_PERF_INSTS_LDU}}'}, {'type': 'VARIABLE', 'value': '{{ISU.AP_PERF_INST_MISC}}'}]
2026-06-26 12:15:04,506 INFO utils.complier: analyse  formula:[]
2026-06-26 12:15:04,507 INFO utils.complier: analyse  formula:[]
2026-06-26 12:15:04,507 INFO utils.complier: analyse  formula:[{'type': 'VARIABLE', 'value': '{{ISU.AP_PERF_ISU_ARB_WSM_STALL}}'}, {'type': 'VARIABLE', 'value': '{{ISU.AP_PERF_ISU_ARB_VLS_STALL}}'}, {'type': 'VARIABLE', 'value': '{{ISU.AP_PERF_ISU_ARB_DATA_STALL}}'}, {'type': 'VARIABLE', 'value': '{{ISU.AP_PERF_ISU_ARB_VALU_STALL}}'}]
2026-06-26 12:15:04,508 INFO utils.complier: analyse  formula:[]
2026-06-26 12:15:04,509 INFO utils.complier: analyse  formula:[]
2026-06-26 12:15:04,509 INFO utils.complier: analyse  formula:[]
2026-06-26 12:15:04,509 INFO utils.complier: analyse  formula:[{'type': 'PRE_VAR', 'value': '@global_insts_rd'}]
2026-06-26 12:15:04,509 INFO utils.complier: analyse  formula:[]
2026-06-26 12:15:04,509 INFO utils.complier: analyse  formula:[]
2026-06-26 12:15:04,509 INFO utils.complier: analyse  formula:[{'type': 'PRE_VAR', 'value': '@global_insts_wr'}]
2026-06-26 12:15:04,509 INFO utils.complier: analyse  formula:[]
2026-06-26 12:15:04,509 INFO utils.complier: analyse  formula:[{'type': 'VARIABLE', 'value': '{{ISU.AP_PERF_INST_GLOBAL_ATOMIC}}'}, {'type': 'VARIABLE', 'value': '{{ISU.AP_PERF_INST_GLOBAL_ATOMIC_64}}'}]
2026-06-26 12:15:04,509 INFO utils.complier: analyse  formula:[]
2026-06-26 12:15:04,509 INFO utils.complier: analyse  formula:[]
2026-06-26 12:15:04,509 INFO utils.complier: analyse  formula:[]
2026-06-26 12:15:04,509 INFO utils.complier: analyse  formula:[{'type': 'PRE_VAR', 'value': '@private_insts_rd'}]
2026-06-26 12:15:04,509 INFO utils.complier: analyse  formula:[]
2026-06-26 12:15:04,510 INFO utils.complier: analyse  formula:[]
2026-06-26 12:15:04,510 INFO utils.complier: analyse  formula:[{'type': 'PRE_VAR', 'value': '@private_insts_wr'}]
2026-06-26 12:15:04,510 INFO utils.complier: analyse  formula:[]
2026-06-26 12:15:04,510 INFO utils.complier: analyse  formula:[]
2026-06-26 12:15:04,510 INFO utils.complier: analyse  formula:[{'type': 'PRE_VAR', 'value': '@ldu_insts_rd'}]
2026-06-26 12:15:04,510 INFO utils.complier: analyse  formula:[]
2026-06-26 12:15:04,510 INFO utils.complier: analyse  formula:[]
2026-06-26 12:15:04,510 INFO utils.complier: analyse  formula:[{'type': 'PRE_VAR', 'value': '@sl1_rd'}]
2026-06-26 12:15:04,510 INFO utils.complier: analyse  formula:[]
2026-06-26 12:15:04,510 INFO utils.complier: analyse  formula:[]
2026-06-26 12:15:04,510 INFO utils.complier: analyse  formula:[{'type': 'PRE_VAR', 'value': '@sl1_l2c_rd'}]
2026-06-26 12:15:04,510 INFO utils.complier: analyse  formula:[]
2026-06-26 12:15:04,510 INFO utils.complier: analyse  formula:[]
2026-06-26 12:15:04,510 INFO utils.complier: analyse  formula:[{'type': 'PRE_VAR', 'value': '@sl1_hit_rate'}]
2026-06-26 12:15:04,510 INFO utils.complier: analyse  formula:[]
2026-06-26 12:15:04,510 INFO utils.complier: analyse  formula:[]
2026-06-26 12:15:04,510 INFO utils.complier: analyse  formula:[{'type': 'PRE_VAR', 'value': '@vl1_insts_rd'}]
2026-06-26 12:15:04,510 INFO utils.complier: analyse  formula:[]
2026-06-26 12:15:04,510 INFO utils.complier: analyse  formula:[]
2026-06-26 12:15:04,510 INFO utils.complier: analyse  formula:[{'type': 'PRE_VAR', 'value': '@vl1_insts_wr'}]
2026-06-26 12:15:04,510 INFO utils.complier: analyse  formula:[]
2026-06-26 12:15:04,511 INFO utils.complier: analyse  formula:[{'type': 'VARIABLE', 'value': '{{VL1.p_total_atomic_instruction_event}}'}]
2026-06-26 12:15:04,511 INFO utils.complier: analyse  formula:[]
2026-06-26 12:15:04,511 INFO utils.complier: analyse  formula:[]
2026-06-26 12:15:04,511 INFO utils.complier: analyse  formula:[]
2026-06-26 12:15:04,511 INFO utils.complier: analyse  formula:[{'type': 'PRE_VAR', 'value': '@vl1_hit_rate'}]
2026-06-26 12:15:04,511 INFO utils.complier: analyse  formula:[]
2026-06-26 12:15:04,511 INFO utils.complier: analyse  formula:[]
2026-06-26 12:15:04,511 INFO utils.complier: analyse  formula:[{'type': 'PRE_VAR', 'value': '@l2c_insts_rd'}]
2026-06-26 12:15:04,511 INFO utils.complier: analyse  formula:[]
2026-06-26 12:15:04,511 INFO utils.complier: analyse  formula:[]
2026-06-26 12:15:04,511 INFO utils.complier: analyse  formula:[{'type': 'PRE_VAR', 'value': '@l2c_insts_wr'}]
2026-06-26 12:15:04,511 INFO utils.complier: analyse  formula:[]
2026-06-26 12:15:04,511 INFO utils.complier: analyse  formula:[{'type': 'VARIABLE', 'value': '{{L2C.perf_atomic_req}}'}]
2026-06-26 12:15:04,511 INFO utils.complier: analyse  formula:[]
2026-06-26 12:15:04,511 INFO utils.complier: analyse  formula:[]
2026-06-26 12:15:04,511 INFO utils.complier: analyse  formula:[]
2026-06-26 12:15:04,511 INFO utils.complier: analyse  formula:[{'type': 'PRE_VAR', 'value': '@l2c_hit_rate'}]
2026-06-26 12:15:04,511 INFO utils.complier: analyse  formula:[]
2026-06-26 12:15:04,511 INFO utils.complier: analyse  formula:[{'type': 'VARIABLE', 'value': '{{ISU.AP_PERF_INSTS_GVM_ATOMIC}}'}, {'type': 'VARIABLE', 'value': '{{ISU.AP_PERF_INST_BSM_ATOMIC}}'}]
2026-06-26 12:15:04,511 INFO utils.complier: analyse  formula:[]
2026-06-26 12:15:04,512 INFO utils.complier: analyse  formula:[]
2026-06-26 12:15:04,512 INFO utils.complier: analyse  formula:[{'type': 'VARIABLE', 'value': '{{L2C.perf_dnoc_rdreq}}'}]
2026-06-26 12:15:04,512 INFO utils.complier: analyse  formula:[]
2026-06-26 12:15:04,512 INFO utils.complier: analyse  formula:[]
2026-06-26 12:15:04,512 INFO utils.complier: analyse  formula:[{'type': 'VARIABLE', 'value': '{{L2C.perf_dnoc_wrreq}}'}]
2026-06-26 12:15:04,512 INFO utils.complier: analyse  formula:[]
2026-06-26 12:15:04,512 INFO utils.complier: analyse  formula:[]
2026-06-26 12:15:04,512 INFO utils.complier: analyse  formula:[{'type': 'VARIABLE', 'value': '{{L2C.perf_dnoc_rdreq_32B}}'}, {'type': 'VARIABLE', 'value': '{{L2C.perf_dnoc_rdreq_64B}}'}, {'type': 'VARIABLE', 'value': '{{L2C.perf_dnoc_rdreq_128B}}'}]
2026-06-26 12:15:04,512 INFO utils.complier: analyse  formula:[]
2026-06-26 12:15:04,512 INFO utils.complier: analyse  formula:[]
2026-06-26 12:15:04,512 INFO utils.complier: analyse  formula:[{'type': 'VARIABLE', 'value': '{{L2C.perf_dnoc_wrreq_32B_low}}'}, {'type': 'VARIABLE', 'value': '{{L2C.perf_dnoc_wrreq_32B_high}}'}, {'type': 'VARIABLE', 'value': '{{L2C.perf_dnoc_wrreq_64B}}'}, {'type': 'VARIABLE', 'value': '{{L2C.perf_dnoc_wrreq_128B}}'}]
2026-06-26 12:15:04,513 INFO utils.complier: analyse  formula:[]
2026-06-26 12:15:04,513 INFO utils.complier: analyse  formula:[]
2026-06-26 12:15:04,516 INFO utils.complier: analyse  formula:[]
2026-06-26 12:15:04,519 INFO utils.complier: analyse  formula:[{'type': 'PRE_VAR', 'value': '@vl1_hit_rate'}, {'type': 'PRE_VAR', 'value': '@l2c_hit_rate'}, {'type': 'PRE_VAR', 'value': '@sl1_hit_rate'}, {'type': 'PRE_VAR', 'value': '@global_insts_rd'}, {'type': 'PRE_VAR', 'value': '@global_insts_wr'}, {'type': 'PRE_VAR', 'value': '@private_insts_rd'}, {'type': 'PRE_VAR', 'value': '@private_insts_wr'}, {'type': 'PRE_VAR', 'value': '@generic_insts_rd'}, {'type': 'PRE_VAR', 'value': '@generic_insts_wr'}, {'type': 'PRE_VAR', 'value': '@ldu_insts_rd'}, {'type': 'PRE_VAR', 'value': '@bsm_insts_rd'}, {'type': 'PRE_VAR', 'value': '@bsm_insts_wr'}, {'type': 'PRE_VAR', 'value': '@vl1_insts_rd'}, {'type': 'PRE_VAR', 'value': '@vl1_insts_wr'}, {'type': 'PRE_VAR', 'value': '@sl1_rd'}, {'type': 'PRE_VAR', 'value': '@sl1_l2c_rd'}, {'type': 'PRE_VAR', 'value': '@l2c_insts_rd'}, {'type': 'PRE_VAR', 'value': '@l2c_insts_wr'}]
2026-06-26 12:15:04,523 INFO utils.complier: analyse  formula:[]
2026-06-26 12:15:04,523 INFO utils.complier: analyse  formula:[{'type': 'VARIABLE', 'value': '{{L2C.perf_dnoc_rdreq_inflight_level}}'}, {'type': 'VARIABLE', 'value': '{{L2C.perf_dnoc_rdreq}}'}]
2026-06-26 12:15:04,523 INFO utils.complier: analyse  formula:[]
2026-06-26 12:15:04,523 INFO utils.complier: analyse  formula:[]
2026-06-26 12:15:04,523 INFO utils.complier: analyse  formula:[{'type': 'VARIABLE', 'value': '{{L2C.perf_dnoc_rd_histogram_0_255}}'}, {'type': 'VARIABLE', 'value': '{{L2C.perf_dnoc_rd_histogram_256_511}}'}, {'type': 'VARIABLE', 'value': '{{L2C.perf_dnoc_rd_histogram_512_1K}}'}, {'type': 'VARIABLE', 'value': '{{L2C.perf_dnoc_rd_histogram_1K_2K}}'}, {'type': 'VARIABLE', 'value': '{{L2C.perf_dnoc_rd_histogram_2K_INF}}'}]
2026-06-26 12:15:04,524 INFO utils.complier: analyse  formula:[]
2026-06-26 12:15:04,524 INFO utils.complier: analyse  formula:[]
2026-06-26 12:15:04,524 INFO utils.complier: analyse  formula:[{'type': 'VARIABLE', 'value': '{{VL1.p_stall_due_oldest_pt0}}'}, {'type': 'VARIABLE', 'value': '{{VL1.p_stall_due_oldest_pt1}}'}, {'type': 'VARIABLE', 'value': '{{VL1.p_stall_due_oldest_pt2}}'}, {'type': 'VARIABLE', 'value': '{{VL1.p_stall_due_oldest_pt3}}'}]
2026-06-26 12:15:04,525 INFO utils.complier: analyse  formula:[]
2026-06-26 12:15:04,525 INFO utils.complier: analyse  formula:[]
2026-06-26 12:15:04,525 INFO utils.complier: analyse  formula:[{'type': 'VARIABLE', 'value': '{{ISU.AP_PERF_INST_BSM_RD}}'}]
2026-06-26 12:15:04,525 INFO utils.complier: analyse  formula:[]
2026-06-26 12:15:04,525 INFO utils.complier: analyse  formula:[]
2026-06-26 12:15:04,525 INFO utils.complier: analyse  formula:[{'type': 'VARIABLE', 'value': '{{ISU.AP_PERF_INST_BSM_WR}}'}]
2026-06-26 12:15:04,525 INFO utils.complier: analyse  formula:[]
2026-06-26 12:15:04,525 INFO utils.complier: analyse  formula:[]
2026-06-26 12:15:04,525 INFO utils.complier: analyse  formula:[{'type': 'VARIABLE', 'value': '{{ISU.AP_PERF_INST_BSM_ATOMIC}}'}]
2026-06-26 12:15:04,525 INFO utils.complier: analyse  formula:[]
2026-06-26 12:15:04,525 INFO utils.complier: analyse  formula:[]
2026-06-26 12:15:04,525 INFO utils.complier: analyse  formula:[{'type': 'VARIABLE', 'value': '{{ISU.AP_PERF_INSTS_BSM}}'}]
2026-06-26 12:15:04,526 INFO utils.complier: analyse  formula:[]
2026-06-26 12:15:04,526 INFO utils.complier: analyse  formula:[]
2026-06-26 12:15:04,526 INFO utils.complier: analyse  formula:[{'type': 'VARIABLE', 'value': '{{ISU.AP_PERF_BSM_READ_INFLIGHT_LEVEL}}'}, {'type': 'VARIABLE', 'value': '{{ISU.AP_PERF_INST_BSM_RD}}'}, {'type': 'VARIABLE', 'value': '{{ISU.AP_PERF_INST_BSM_RD}}'}]
2026-06-26 12:15:04,526 INFO utils.complier: analyse  formula:[]
2026-06-26 12:15:04,526 INFO utils.complier: analyse  formula:[]
2026-06-26 12:15:04,526 INFO utils.complier: analyse  formula:[{'type': 'VARIABLE', 'value': '{{ISU.AP_PERF_BSM_WR_INFLIGHT_LEVEL}}'}, {'type': 'VARIABLE', 'value': '{{ISU.AP_PERF_INST_BSM_WR}}'}, {'type': 'VARIABLE', 'value': '{{ISU.AP_PERF_INST_BSM_WR}}'}]
2026-06-26 12:15:04,526 INFO utils.complier: analyse  formula:[]
2026-06-26 12:15:04,526 INFO utils.complier: analyse  formula:[]
2026-06-26 12:15:04,527 INFO utils.complier: analyse  formula:[{'type': 'VARIABLE', 'value': '{{ISU.AP_PERF_BSM_ATOMIC_INFLIGHT_LEVEL}}'}, {'type': 'VARIABLE', 'value': '{{ISU.AP_PERF_INST_BSM_ATOMIC}}'}, {'type': 'VARIABLE', 'value': '{{ISU.AP_PERF_INST_BSM_ATOMIC}}'}]
2026-06-26 12:15:04,527 INFO utils.complier: analyse  formula:[]
2026-06-26 12:15:04,527 INFO utils.complier: analyse  formula:[]
2026-06-26 12:15:04,527 INFO utils.complier: analyse  formula:[{'type': 'VARIABLE', 'value': '{{ISU.AP_PERF_BSM_INFLIGHT_LEVEL_IN_AP}}'}, {'type': 'VARIABLE', 'value': '{{ISU.AP_PERF_BSM_INFLIGHT_LEVEL}}'}, {'type': 'VARIABLE', 'value': '{{ISU.AP_PERF_INSTS_BSM}}'}, {'type': 'VARIABLE', 'value': '{{ISU.AP_PERF_INSTS_BSM}}'}]
2026-06-26 12:15:04,527 INFO utils.complier: analyse  formula:[]
2026-06-26 12:15:04,527 INFO utils.complier: analyse  formula:[]
2026-06-26 12:15:04,528 INFO utils.complier: analyse  formula:[{'type': 'VARIABLE', 'value': '{{ISU.AP_PERF_BSM_RD_CYCLES}}'}, {'type': 'VARIABLE', 'value': '{{ISU.AP_PERF_INST_BSM_RD}}'}, {'type': 'VARIABLE', 'value': '{{ISU.AP_PERF_INST_BSM_RD}}'}]
2026-06-26 12:15:04,528 INFO utils.complier: analyse  formula:[]
2026-06-26 12:15:04,528 INFO utils.complier: analyse  formula:[]
2026-06-26 12:15:04,528 INFO utils.complier: analyse  formula:[{'type': 'VARIABLE', 'value': '{{ISU.AP_PERF_BSM_WR_CYCLES}}'}, {'type': 'VARIABLE', 'value': '{{ISU.AP_PERF_INST_BSM_WR}}'}, {'type': 'VARIABLE', 'value': '{{ISU.AP_PERF_INST_BSM_WR}}'}]
2026-06-26 12:15:04,529 INFO utils.complier: analyse  formula:[]
2026-06-26 12:15:04,529 INFO utils.complier: analyse  formula:[]
2026-06-26 12:15:04,529 INFO utils.complier: analyse  formula:[{'type': 'VARIABLE', 'value': '{{ISU.AP_PERF_BSM_ATOMIC_CYCLES}}'}, {'type': 'VARIABLE', 'value': '{{ISU.AP_PERF_INST_BSM_ATOMIC}}'}, {'type': 'VARIABLE', 'value': '{{ISU.AP_PERF_INST_BSM_ATOMIC}}'}]
2026-06-26 12:15:04,529 INFO utils.complier: analyse  formula:[]
2026-06-26 12:15:04,530 INFO utils.complier: analyse  formula:[]
2026-06-26 12:15:04,530 INFO utils.complier: analyse  formula:[{'type': 'VARIABLE', 'value': '{{ISU.AP_PERF_BSM_CONFLICT_CYCLES}}'}, {'type': 'VARIABLE', 'value': '{{ISU.AP_PERF_INSTS_BSM}}'}, {'type': 'VARIABLE', 'value': '{{ISU.AP_PERF_INSTS_BSM}}'}]
2026-06-26 12:15:04,530 INFO utils.complier: analyse  formula:[]
2026-06-26 12:15:04,530 INFO utils.complier: analyse  formula:[]
2026-06-26 12:15:04,530 INFO utils.complier: analyse  formula:[{'type': 'VARIABLE', 'value': '{{ISU.AP_PERF_BSM_RD_CYCLES}}'}, {'type': 'VARIABLE', 'value': '{{ISU.AP_PERF_BSM_WR_CYCLES}}'}, {'type': 'VARIABLE', 'value': '{{ISU.AP_PERF_BSM_ATOMIC_CYCLES}}'}, {'type': 'VARIABLE', 'value': '{{ISU.AP_PERF_INSTS_BSM}}'}, {'type': 'VARIABLE', 'value': '{{ISU.AP_PERF_INSTS_BSM}}'}]
2026-06-26 12:15:04,530 INFO utils.complier: analyse  formula:[]
2026-06-26 12:15:04,531 INFO utils.complier: analyse  formula:[]
2026-06-26 12:15:04,531 INFO utils.complier: analyse  formula:[{'type': 'VARIABLE', 'value': '{{ISU.AP_PERF_BSM_RD_CYCLES}}'}, {'type': 'VARIABLE', 'value': '{{ISU.AP_PERF_BSM_WR_CYCLES}}'}, {'type': 'VARIABLE', 'value': '{{ISU.AP_PERF_BSM_ATOMIC_CYCLES}}'}, {'type': 'VARIABLE', 'value': '{{ISU.AP_PERF_BSM_CONFLICT_CYCLES}}'}]
2026-06-26 12:15:04,531 INFO utils.complier: analyse  formula:[]
2026-06-26 12:15:04,532 INFO utils.complier: analyse  formula:[]
2026-06-26 12:15:04,532 INFO utils.complier: analyse  formula:[{'type': 'VARIABLE', 'value': '{{ISU.AP_PERF_WAVES}}'}]
2026-06-26 12:15:04,532 INFO utils.complier: analyse  formula:[]
2026-06-26 12:15:04,532 INFO utils.complier: analyse  formula:[]
2026-06-26 12:15:04,532 INFO utils.complier: analyse  formula:[{'type': 'VARIABLE', 'value': '{{RM.RM_PERF_DISPATCHED_WAVES_P0}}'}, {'type': 'VARIABLE', 'value': '{{RM.RM_PERF_DISPATCHED_WAVES_P1}}'}, {'type': 'VARIABLE', 'value': '{{RM.RM_PERF_DISPATCHED_WAVES_P2}}'}, {'type': 'VARIABLE', 'value': '{{RM.RM_PERF_DISPATCHED_WAVES_P3}}'}]
2026-06-26 12:15:04,532 INFO utils.complier: analyse  formula:[]
2026-06-26 12:15:04,532 INFO utils.complier: analyse  formula:[]
2026-06-26 12:15:04,532 INFO utils.complier: analyse  formula:[{'type': 'VARIABLE', 'value': '{{ISU.AP_PERF_ISU_AP_BUSY}}'}]
2026-06-26 12:15:04,532 INFO utils.complier: analyse  formula:[]
2026-06-26 12:15:04,532 INFO utils.complier: analyse  formula:[]
2026-06-26 12:15:04,533 INFO utils.complier: analyse  formula:[{'type': 'VARIABLE', 'value': '{{ISU.AP_PERF_INST_TRANS_FP16}}'}, {'type': 'VARIABLE', 'value': '{{ISU.AP_PERF_INST_TRANS_FP32}}'}, {'type': 'VARIABLE', 'value': '{{ISU.AP_PERF_MTE_PI_SEG_SEL_F64}}'}, {'type': 'VARIABLE', 'value': '{{ISU.AP_PERF_INST_CYCLES_VALU_4CYCLES}}'}, {'type': 'VARIABLE', 'value': '{{ISU.AP_PERF_ISU_AP_BUSY}}'}]
2026-06-26 12:15:04,533 INFO utils.complier: analyse  formula:[]
2026-06-26 12:15:04,533 INFO utils.complier: analyse  formula:[]
2026-06-26 12:15:04,533 INFO utils.complier: analyse  formula:[{'type': 'VARIABLE', 'value': '{{ISU.AP_PERF_INSTS_SALU}}'}, {'type': 'VARIABLE', 'value': '{{ISU.AP_PERF_ISU_AP_BUSY}}'}]
2026-06-26 12:15:04,533 INFO utils.complier: analyse  formula:[]
2026-06-26 12:15:04,533 INFO utils.complier: analyse  formula:[]
2026-06-26 12:15:04,533 INFO utils.complier: analyse  formula:[{'type': 'VARIABLE', 'value': '{{ISU.AP_PERF_INST_CYCLES_MMA}}'}, {'type': 'VARIABLE', 'value': '{{ISU.AP_PERF_ISU_AP_BUSY}}'}]
2026-06-26 12:15:04,534 INFO utils.complier: analyse  formula:[]
2026-06-26 12:15:04,534 INFO utils.complier: analyse  formula:[]
2026-06-26 12:15:04,534 INFO utils.complier: analyse  formula:[{'type': 'VARIABLE', 'value': '{{VLS.PERFEVENT_VLS_ACTIVE}}'}, {'type': 'VARIABLE', 'value': '{{ISU.AP_PERF_ISU_AP_BUSY}}'}]
2026-06-26 12:15:04,534 INFO utils.complier: analyse  formula:[]
2026-06-26 12:15:04,534 INFO utils.complier: analyse  formula:[]
2026-06-26 12:15:04,534 INFO utils.complier: analyse  formula:[{'type': 'VARIABLE', 'value': '{{L2C.perf_req}}'}, {'type': 'VARIABLE', 'value': '{{L2C.1_b1}}'}]
2026-06-26 12:15:04,534 INFO utils.complier: analyse  formula:[]
2026-06-26 12:15:04,534 INFO utils.complier: analyse  formula:[]
2026-06-26 12:15:04,534 INFO utils.complier: analyse  formula:[{'type': 'VARIABLE', 'value': '{{ISU.AP_PERF_ISU_AP_BUSY}}'}]
2026-06-26 12:15:04,534 INFO utils.complier: analyse  formula:[{'type': 'PRE_VAR', 'value': '@total_instruction_num'}]
2026-06-26 12:15:04,534 INFO utils.complier: analyse  formula:[]
2026-06-26 12:15:04,535 INFO utils.complier: analyse  formula:[{'type': 'VARIABLE_DICT', 'value': '{{{ISU.AP_PERF_INSTS_VALU}}}'}, {'type': 'VARIABLE', 'value': '{{ISU.AP_PERF_ISU_AP_BUSY}}'}]
2026-06-26 12:15:04,535 INFO utils.complier: analyse  formula:[{'type': 'PRE_VAR', 'value': '@total_instruction_num'}]
2026-06-26 12:15:04,535 INFO utils.complier: analyse  formula:[]
2026-06-26 12:15:04,536 INFO utils.complier: analyse  formula:[{'type': 'VARIABLE_DICT', 'value': '{{{ISU.AP_PERF_INSTS_VALU}}}'}, {'type': 'VARIABLE', 'value': '{{ISU.AP_PERF_ISU_AP_BUSY}}'}]
2026-06-26 12:15:04,536 INFO utils.complier: analyse  formula:[{'type': 'PRE_VAR', 'value': '@total_instruction_num'}]
2026-06-26 12:15:04,536 INFO utils.complier: analyse  formula:[]
2026-06-26 12:15:04,536 INFO utils.complier: analyse  formula:[{'type': 'VARIABLE', 'value': '{{ISU.AP_PERF_INSTS_VALU}}'}, {'type': 'VARIABLE', 'value': '{{ISU.AP_PERF_INSTS_MMA}}'}, {'type': 'VARIABLE', 'value': '{{ISU.AP_PERF_INSTS_SALU}}'}, {'type': 'VARIABLE', 'value': '{{ISU.AP_PERF_INSTS_GVM}}'}, {'type': 'VARIABLE', 'value': '{{ISU.AP_PERF_INSTS_BSM}}'}, {'type': 'VARIABLE', 'value': '{{ISU.AP_PERF_INSTS_LDU}}'}, {'type': 'VARIABLE', 'value': '{{ISU.AP_PERF_INST_MISC}}'}, {'type': 'VARIABLE', 'value': '{{ISU.AP_PERF_ISU_AP_BUSY}}'}]
2026-06-26 12:15:04,537 INFO utils.complier: analyse  formula:[]
2026-06-26 12:15:04,537 INFO utils.complier: analyse  formula:[]
2026-06-26 12:15:04,537 INFO utils.complier: analyse  formula:[{'type': 'VARIABLE_DICT', 'value': '{{{ISU.AP_PERF_INSTS_VALU}}}'}, {'type': 'VARIABLE', 'value': '{{ISU.AP_PERF_INSTS_VALU}}'}, {'type': 'VARIABLE', 'value': '{{ISU.AP_PERF_INSTS_MMA}}'}, {'type': 'VARIABLE', 'value': '{{ISU.AP_PERF_INSTS_SALU}}'}, {'type': 'VARIABLE', 'value': '{{ISU.AP_PERF_INSTS_GVM}}'}, {'type': 'VARIABLE', 'value': '{{ISU.AP_PERF_INSTS_BSM}}'}, {'type': 'VARIABLE', 'value': '{{ISU.AP_PERF_INSTS_LDU}}'}, {'type': 'VARIABLE', 'value': '{{ISU.AP_PERF_INST_MISC}}'}, {'type': 'VARIABLE', 'value': '{{ISU.AP_PERF_ISU_AP_BUSY}}'}]
2026-06-26 12:15:04,538 INFO utils.complier: analyse  formula:[]
2026-06-26 12:15:04,538 INFO utils.complier: analyse  formula:[]
2026-06-26 12:15:04,541 INFO utils.complier: analyse  formula:[{'type': 'VARIABLE', 'value': '{{ISU.AP_PERF_INSTS_VALU}}'}, {'type': 'VARIABLE', 'value': '{{ISU.AP_PERF_INST_FMA_F32}}'}, {'type': 'VARIABLE', 'value': '{{ISU.AP_PERF_INST_FMA_F64}}'}, {'type': 'VARIABLE', 'value': '{{ISU.AP_PERF_INST_TRANS_FP16}}'}, {'type': 'VARIABLE', 'value': '{{ISU.AP_PERF_INST_TRANS_FP32}}'}, {'type': 'VARIABLE', 'value': '{{ISU.AP_PERF_MTE_PI_SEG_SEL_F64}}'}, {'type': 'VARIABLE', 'value': '{{ISU.AP_PERF_MTE_PI_SEG_SEL_F64}}'}, {'type': 'VARIABLE', 'value': '{{ISU.AP_PERF_INST_FMA_F32}}'}, {'type': 'VARIABLE', 'value': '{{ISU.AP_PERF_INST_FMA_F64}}'}, {'type': 'VARIABLE', 'value': '{{ISU.AP_PERF_INST_TRANS_FP16}}'}, {'type': 'VARIABLE', 'value': '{{ISU.AP_PERF_INST_TRANS_FP32}}'}, {'type': 'VARIABLE', 'value': '{{ISU.AP_PERF_INST_MMA_INT8}}'}, {'type': 'VARIABLE', 'value': '{{ISU.AP_PERF_INST_MMA_FP16}}'}, {'type': 'VARIABLE', 'value': '{{ISU.AP_PERF_INST_MMA_BF16}}'}, {'type': 'VARIABLE', 'value': '{{ISU.AP_PERF_INST_MMA_TF32}}'}, {'type': 'VARIABLE', 'value': '{{ISU.AP_PERF_INST_MMA_F32}}'}, {'type': 'VARIABLE', 'value': '{{ISU.AP_PERF_INST_MMA_F64}}'}, {'type': 'VARIABLE', 'value': '{{ISU.AP_PERF_INST_MMA_TF64}}'}, {'type': 'VARIABLE', 'value': '{{L2C.perf_dnoc_rdreq_32B}}'}, {'type': 'VARIABLE', 'value': '{{L2C.perf_dnoc_rdreq_64B}}'}, {'type': 'VARIABLE', 'value': '{{L2C.perf_dnoc_rdreq_128B}}'}, {'type': 'VARIABLE', 'value': '{{L2C.perf_dnoc_wrreq_32B_low}}'}, {'type': 'VARIABLE', 'value': '{{L2C.perf_dnoc_wrreq_32B_high}}'}, {'type': 'VARIABLE', 'value': '{{L2C.perf_dnoc_wrreq_64B}}'}, {'type': 'VARIABLE', 'value': '{{L2C.perf_dnoc_wrreq_128B}}'}, {'type': 'VARIABLE', 'value': '{{VL1.p_perf_thread_req_cnt}}'}, {'type': 'VARIABLE', 'value': '{{VL1.perf_inflt_rd_req}}'}, {'type': 'VARIABLE', 'value': '{{ISU.AP_PERF_ISU_AP_BUSY}}'}, {'type': 'VARIABLE_DICT', 'value': '{{{ISU.AP_PERF_ISU_AP_BUSY}}}'}]
2026-06-26 12:15:04,543 INFO utils.complier: analyse  formula:[]
2026-06-26 12:15:04,546 INFO utils.complier: analyse  formula:[]
2026-06-26 12:15:04,546 INFO utils.complier: analyse  formula:[{'type': 'VARIABLE', 'value': '{{ISU.AP_PERF_INSTS_VALU}}'}, {'type': 'VARIABLE', 'value': '{{ISU.AP_PERF_INSTS_MMA}}'}, {'type': 'VARIABLE', 'value': '{{ISU.AP_PERF_INSTS_SALU}}'}, {'type': 'VARIABLE', 'value': '{{ISU.AP_PERF_INST_MISC}}'}]
2026-06-26 12:15:04,546 INFO utils.complier: analyse  formula:[]
2026-06-26 12:15:04,546 INFO utils.complier: analyse  formula:[{'type': 'VARIABLE', 'value': '{{ISU.AP_PERF_INSTS_GVM}}'}, {'type': 'VARIABLE', 'value': '{{ISU.AP_PERF_INSTS_BSM}}'}, {'type': 'VARIABLE', 'value': '{{ISU.AP_PERF_INSTS_LDU}}'}]
2026-06-26 12:15:04,546 INFO utils.complier: analyse  formula:[]
2026-06-26 12:15:04,546 INFO utils.complier: analyse  formula:[{'type': 'VARIABLE', 'value': '{{ISU.AP_PERF_INST_GLOBAL_RD}}'}]
2026-06-26 12:15:04,546 INFO utils.complier: analyse  formula:[]
2026-06-26 12:15:04,546 INFO utils.complier: analyse  formula:[{'type': 'VARIABLE', 'value': '{{ISU.AP_PERF_INST_GLOBAL_WR}}'}]
2026-06-26 12:15:04,546 INFO utils.complier: analyse  formula:[]
2026-06-26 12:15:04,546 INFO utils.complier: analyse  formula:[{'type': 'VARIABLE', 'value': '{{ISU.AP_PERF_INST_PRIVATE_RD}}'}]
2026-06-26 12:15:04,546 INFO utils.complier: analyse  formula:[]
2026-06-26 12:15:04,546 INFO utils.complier: analyse  formula:[{'type': 'VARIABLE', 'value': '{{ISU.AP_PERF_INST_PRIVATE_WR}}'}]
2026-06-26 12:15:04,546 INFO utils.complier: analyse  formula:[]
2026-06-26 12:15:04,546 INFO utils.complier: analyse  formula:[{'type': 'VARIABLE', 'value': '{{ISU.AP_PERF_INST_GENERIC_RD}}'}]
2026-06-26 12:15:04,547 INFO utils.complier: analyse  formula:[]
2026-06-26 12:15:04,547 INFO utils.complier: analyse  formula:[{'type': 'VARIABLE', 'value': '{{ISU.AP_PERF_INST_GENERIC_WR}}'}]
2026-06-26 12:15:04,547 INFO utils.complier: analyse  formula:[]
2026-06-26 12:15:04,547 INFO utils.complier: analyse  formula:[{'type': 'VARIABLE', 'value': '{{ISU.AP_PERF_INSTS_LDU}}'}]
2026-06-26 12:15:04,547 INFO utils.complier: analyse  formula:[]
2026-06-26 12:15:04,547 INFO utils.complier: analyse  formula:[{'type': 'VARIABLE', 'value': '{{ISU.AP_PERF_INST_BSM_RD}}'}]
2026-06-26 12:15:04,547 INFO utils.complier: analyse  formula:[]
2026-06-26 12:15:04,547 INFO utils.complier: analyse  formula:[{'type': 'VARIABLE', 'value': '{{ISU.AP_PERF_INST_BSM_WR}}'}]
2026-06-26 12:15:04,547 INFO utils.complier: analyse  formula:[]
2026-06-26 12:15:04,547 INFO utils.complier: analyse  formula:[{'type': 'VARIABLE', 'value': '{{VL1.p_total_read_instruction_event}}'}]
2026-06-26 12:15:04,547 INFO utils.complier: analyse  formula:[]
2026-06-26 12:15:04,547 INFO utils.complier: analyse  formula:[{'type': 'VARIABLE', 'value': '{{VL1.p_total_write_instruction_event}}'}]
2026-06-26 12:15:04,547 INFO utils.complier: analyse  formula:[]
2026-06-26 12:15:04,547 INFO utils.complier: analyse  formula:[{'type': 'VARIABLE', 'value': '{{VL1.p_perf_thread_req_cnt}}'}, {'type': 'VARIABLE', 'value': '{{VL1.p_perf_miss_cnt}}'}, {'type': 'VARIABLE', 'value': '{{VL1.p_perf_thread_req_cnt}}'}]
2026-06-26 12:15:04,548 INFO utils.complier: analyse  formula:[]
2026-06-26 12:15:04,548 INFO utils.complier: analyse  formula:[{'type': 'VARIABLE', 'value': '{{L2C.perf_rd_req}}'}]
2026-06-26 12:15:04,548 INFO utils.complier: analyse  formula:[]
2026-06-26 12:15:04,548 INFO utils.complier: analyse  formula:[{'type': 'VARIABLE', 'value': '{{L2C.perf_wr_req}}'}]
2026-06-26 12:15:04,548 INFO utils.complier: analyse  formula:[]
2026-06-26 12:15:04,548 INFO utils.complier: analyse  formula:[{'type': 'VARIABLE', 'value': '{{L2C.perf_hit}}'}, {'type': 'VARIABLE', 'value': '{{L2C.perf_sector_hit}}'}, {'type': 'VARIABLE', 'value': '{{L2C.perf_miss}}'}]
2026-06-26 12:15:04,548 INFO utils.complier: analyse  formula:[]
2026-06-26 12:15:04,548 INFO utils.complier: analyse  formula:[{'type': 'VARIABLE', 'value': '{{SL1.sl1_kcache_total_hit_event}}'}, {'type': 'VARIABLE', 'value': '{{SL1.sl1_kcache_total_hit_on_miss_event}}'}, {'type': 'VARIABLE', 'value': '{{SL1.sl1_kcache_total_miss_event}}'}]
2026-06-26 12:15:04,548 INFO utils.complier: analyse  formula:[]
2026-06-26 12:15:04,549 INFO utils.complier: analyse  formula:[{'type': 'VARIABLE', 'value': '{{SL1.sl1_kcache_rd}}'}]
2026-06-26 12:15:04,549 INFO utils.complier: analyse  formula:[]
2026-06-26 12:15:04,549 INFO utils.complier: analyse  formula:[{'type': 'VARIABLE', 'value': '{{SL1.sl1_kcache_l2_rd}}'}]
2026-06-26 12:15:04,549 INFO utils.complier: analyse  formula:[]
2026-06-26 12:15:04,549 INFO utils.complier: analyse  formula:[{'type': 'VARIABLE', 'value': '{{ISU.AP_PERF_INSTS_VALU}}'}, {'type': 'VARIABLE', 'value': '{{ISU.AP_PERF_INSTS_MMA}}'}, {'type': 'VARIABLE', 'value': '{{ISU.AP_PERF_INSTS_SALU}}'}, {'type': 'VARIABLE', 'value': '{{ISU.AP_PERF_INSTS_GVM}}'}, {'type': 'VARIABLE', 'value': '{{ISU.AP_PERF_INSTS_BSM}}'}, {'type': 'VARIABLE', 'value': '{{ISU.AP_PERF_INSTS_LDU}}'}, {'type': 'VARIABLE', 'value': '{{ISU.AP_PERF_INST_MISC}}'}]
2026-06-26 12:15:04,549 INFO utils.complier: analyse  formula:[]
2026-06-26 12:15:04,549 INFO common.api_common: f_var:RM.RM_PERF_WAVES_InFlight_Level_P2
2026-06-26 12:15:04,549 INFO common.api_common: f_var:L2C.perf_req
2026-06-26 12:15:04,549 INFO common.api_common: f_var:CE.CE_PERF_BUSY_CYCLES
2026-06-26 12:15:04,549 INFO common.api_common: f_var:ISU.AP_PERF_INST_GENERIC_RD
2026-06-26 12:15:04,549 INFO common.api_common: f_var:ISU.AP_PERF_INST_CYCLES_MMA_32CYCLES
2026-06-26 12:15:04,549 INFO common.api_common: f_var:VL1.p_stall_due_oldest_pt3
2026-06-26 12:15:04,549 INFO common.api_common: f_var:ISU.AP_PERF_INST_GLOBAL_WR
2026-06-26 12:15:04,549 INFO common.api_common: f_var:ISU.AP_PERF_INST_GLOBAL_ATOMIC_64
2026-06-26 12:15:04,549 INFO common.api_common: f_var:ISU.AP_PERF_INSTS_LDU
2026-06-26 12:15:04,549 INFO common.api_common: f_var:L2C.perf_wr_req
2026-06-26 12:15:04,549 INFO common.api_common: f_var:ISU.AP_PERF_INST_MISC
2026-06-26 12:15:04,549 INFO common.api_common: f_var:RM.RM_PERF_DISPATCHED_WAVES_P3
2026-06-26 12:15:04,549 INFO common.api_common: f_var:ISU.AP_PERF_BSM_ATOMIC_INFLIGHT_LEVEL
2026-06-26 12:15:04,549 INFO common.api_common: f_var:L2C.perf_atomic_req
2026-06-26 12:15:04,549 INFO common.api_common: f_var:L2C.perf_dnoc_wrreq_32B_low
2026-06-26 12:15:04,549 INFO common.api_common: f_var:ISU.AP_PERF_INST_FMA_F32
2026-06-26 12:15:04,549 INFO common.api_common: f_var:ISU.AP_PERF_INST_BSM_RD
2026-06-26 12:15:04,549 INFO common.api_common: f_var:CE.CE_PERF_SEND_RM_WORKGROUPS
2026-06-26 12:15:04,549 INFO common.api_common: f_var:ISU.AP_PERF_INST_CYCLES_MMA
2026-06-26 12:15:04,549 INFO common.api_common: f_var:L2C.perf_dnoc_rd_histogram_2K_INF
2026-06-26 12:15:04,549 INFO common.api_common: f_var:VL1.p_perf_thread_req_cnt
2026-06-26 12:15:04,549 INFO common.api_common: f_var:L2C.perf_sector_hit
2026-06-26 12:15:04,549 INFO common.api_common: f_var:SL1.sl1_kcache_total_miss_event
2026-06-26 12:15:04,549 INFO common.api_common: f_var:ISU.AP_PERF_BSM_RD_CYCLES
2026-06-26 12:15:04,550 INFO common.api_common: f_var:ISU.AP_PERF_INSTS_VALU
2026-06-26 12:15:04,550 INFO common.api_common: f_var:ISU.AP_PERF_INST_MMA_INT8
2026-06-26 12:15:04,550 INFO common.api_common: f_var:ISU.AP_PERF_INST_MMA_F64
2026-06-26 12:15:04,550 INFO common.api_common: f_var:RM.RM_PERF_WAVES_InFlight_Level_P0
2026-06-26 12:15:04,550 INFO common.api_common: f_var:ISU.AP_PERF_ISU_ARB_VALU_STALL
2026-06-26 12:15:04,550 INFO common.api_common: f_var:L2C.perf_dnoc_wrreq_64B
2026-06-26 12:15:04,550 INFO common.api_common: f_var:L2C.perf_dnoc_rdreq
2026-06-26 12:15:04,550 INFO common.api_common: f_var:L2C.perf_rd_req
2026-06-26 12:15:04,550 INFO common.api_common: f_var:L2C.perf_dnoc_rdreq_64B
2026-06-26 12:15:04,550 INFO common.api_common: f_var:ISU.AP_PERF_INST_TRANS_FP16
2026-06-26 12:15:04,550 INFO common.api_common: f_var:VL1.p_total_write_instruction_event
2026-06-26 12:15:04,550 INFO common.api_common: f_var:ISU.AP_PERF_INST_GLOBAL_RD
2026-06-26 12:15:04,550 INFO common.api_common: f_var:ISU.AP_PERF_INST_GENERIC_WR
2026-06-26 12:15:04,550 INFO common.api_common: f_var:ISU.AP_PERF_BSM_INFLIGHT_LEVEL
2026-06-26 12:15:04,550 INFO common.api_common: f_var:RM.RM_PERF_DISPATCHED_WAVES_P0
2026-06-26 12:15:04,550 INFO common.api_common: f_var:ISU.AP_PERF_INSTS_SALU
2026-06-26 12:15:04,550 INFO common.api_common: f_var:ISU.AP_PERF_INSTS_BSM
2026-06-26 12:15:04,550 INFO common.api_common: f_var:L2C.1_b1
2026-06-26 12:15:04,550 INFO common.api_common: f_var:RM.RM_PERF_DISPATCHED_WAVES_P1
2026-06-26 12:15:04,550 INFO common.api_common: f_var:VL1.p_total_atomic_instruction_event
2026-06-26 12:15:04,550 INFO common.api_common: f_var:ISU.AP_PERF_ISU_ARB_VLS_STALL
2026-06-26 12:15:04,550 INFO common.api_common: f_var:CE.CE_PERF_SEND_RM_WAVES
2026-06-26 12:15:04,550 INFO common.api_common: f_var:ISU.AP_PERF_BSM_INFLIGHT_LEVEL_IN_AP
2026-06-26 12:15:04,550 INFO common.api_common: f_var:ISU.AP_PERF_INST_GLOBAL_ATOMIC
2026-06-26 12:15:04,550 INFO common.api_common: f_var:L2C.perf_dnoc_rdreq_32B
2026-06-26 12:15:04,550 INFO common.api_common: f_var:VL1.p_stall_due_oldest_pt0
2026-06-26 12:15:04,550 INFO common.api_common: f_var:L2C.perf_dnoc_rd_histogram_256_511
2026-06-26 12:15:04,550 INFO common.api_common: f_var:L2C.perf_dnoc_rd_histogram_0_255
2026-06-26 12:15:04,550 INFO common.api_common: f_var:RM.RM_PERF_WAVES_InFlight_Level_P3
2026-06-26 12:15:04,550 INFO common.api_common: f_var:ISU.AP_PERF_INST_BSM_ATOMIC
2026-06-26 12:15:04,550 INFO common.api_common: f_var:ISU.AP_PERF_MTE_PI_SEG_SEL_F64
2026-06-26 12:15:04,550 INFO common.api_common: f_var:ISU.AP_PERF_ISU_ARB_DATA_STALL
2026-06-26 12:15:04,550 INFO common.api_common: f_var:L2C.perf_dnoc_rd_histogram_512_1K
2026-06-26 12:15:04,550 INFO common.api_common: f_var:L2C.perf_miss
2026-06-26 12:15:04,550 INFO common.api_common: f_var:L2C.perf_dnoc_rd_histogram_1K_2K
2026-06-26 12:15:04,550 INFO common.api_common: f_var:VL1.p_stall_due_oldest_pt1
2026-06-26 12:15:04,550 INFO common.api_common: f_var:ISU.AP_PERF_INST_PRIVATE_WR
2026-06-26 12:15:04,550 INFO common.api_common: f_var:SL1.sl1_kcache_total_hit_on_miss_event
2026-06-26 12:15:04,550 INFO common.api_common: f_var:ISU.AP_PERF_INST_CYCLES_VALU_4CYCLES
2026-06-26 12:15:04,550 INFO common.api_common: f_var:ISU.AP_PERF_INSTS_GVM_ATOMIC
2026-06-26 12:15:04,550 INFO common.api_common: f_var:ISU.AP_PERF_INST_BSM_WR
2026-06-26 12:15:04,550 INFO common.api_common: f_var:L2C.perf_dnoc_rdreq_128B
2026-06-26 12:15:04,550 INFO common.api_common: f_var:L2C.perf_dnoc_rdreq_inflight_level
2026-06-26 12:15:04,550 INFO common.api_common: f_var:ISU.AP_PERF_INST_CYCLES_VALU_16CYCLES
2026-06-26 12:15:04,550 INFO common.api_common: f_var:RM.RM_PERF_WAVES_InFlight_Level_P1
2026-06-26 12:15:04,550 INFO common.api_common: f_var:VL1.p_stall_due_oldest_pt2
2026-06-26 12:15:04,550 INFO common.api_common: f_var:ISU.AP_PERF_INSTS_GVM
2026-06-26 12:15:04,550 INFO common.api_common: f_var:ISU.AP_PERF_BSM_WR_CYCLES
2026-06-26 12:15:04,550 INFO common.api_common: f_var:L2C.perf_dnoc_wrreq_32B_high
2026-06-26 12:15:04,550 INFO common.api_common: f_var:SL1.sl1_kcache_l2_rd
2026-06-26 12:15:04,550 INFO common.api_common: f_var:ISU.AP_PERF_INST_CYCLES_VALU
2026-06-26 12:15:04,550 INFO common.api_common: f_var:ISU.AP_PERF_INST_FMA_F64
2026-06-26 12:15:04,550 INFO common.api_common: f_var:VL1.p_perf_miss_cnt
2026-06-26 12:15:04,550 INFO common.api_common: f_var:ISU.AP_PERF_ISU_ARB_WSM_STALL
2026-06-26 12:15:04,550 INFO common.api_common: f_var:ISU.AP_PERF_BSM_READ_INFLIGHT_LEVEL
2026-06-26 12:15:04,551 INFO common.api_common: f_var:L2C.perf_dnoc_wrreq
2026-06-26 12:15:04,551 INFO common.api_common: f_var:VLS.PERFEVENT_VLS_ACTIVE
2026-06-26 12:15:04,551 INFO common.api_common: f_var:SL1.sl1_kcache_total_hit_event
2026-06-26 12:15:04,551 INFO common.api_common: f_var:ISU.AP_PERF_INSTS_MMA
2026-06-26 12:15:04,551 INFO common.api_common: f_var:ISU.AP_PERF_INST_MMA_BF16
2026-06-26 12:15:04,551 INFO common.api_common: f_var:ISU.AP_PERF_ISU_AP_BUSY
2026-06-26 12:15:04,551 INFO common.api_common: f_var:VL1.perf_inflt_rd_req
2026-06-26 12:15:04,551 INFO common.api_common: f_var:ISU.AP_PERF_INST_CYCLES_MMA_16CYCLES
2026-06-26 12:15:04,551 INFO common.api_common: f_var:L2C.perf_hit
2026-06-26 12:15:04,551 INFO common.api_common: f_var:ISU.AP_PERF_BSM_WR_INFLIGHT_LEVEL
2026-06-26 12:15:04,551 INFO common.api_common: f_var:ISU.AP_PERF_INST_MMA_TF32
2026-06-26 12:15:04,551 INFO common.api_common: f_var:ISU.AP_PERF_WAVES
2026-06-26 12:15:04,551 INFO common.api_common: f_var:ISU.AP_PERF_BSM_CONFLICT_CYCLES
2026-06-26 12:15:04,551 INFO common.api_common: f_var:ISU.AP_PERF_INST_MMA_FP16
2026-06-26 12:15:04,551 INFO common.api_common: f_var:SL1.sl1_kcache_rd
2026-06-26 12:15:04,551 INFO common.api_common: f_var:ISU.AP_PERF_INST_MMA_F32
2026-06-26 12:15:04,551 INFO common.api_common: f_var:RM.RM_PERF_DISPATCHED_WAVES_P2
2026-06-26 12:15:04,551 INFO common.api_common: f_var:VL1.p_total_read_instruction_event
2026-06-26 12:15:04,551 INFO common.api_common: f_var:ISU.AP_PERF_INST_MMA_TF64
2026-06-26 12:15:04,551 INFO common.api_common: f_var:L2C.perf_dnoc_wrreq_128B
2026-06-26 12:15:04,551 INFO common.api_common: f_var:ISU.AP_PERF_INST_TRANS_FP32
2026-06-26 12:15:04,551 INFO common.api_common: f_var:ISU.AP_PERF_INST_PRIVATE_RD
2026-06-26 12:15:04,551 INFO common.api_common: f_var:ISU.AP_PERF_BSM_ATOMIC_CYCLES
2026-06-26 12:15:04,552 INFO tools.events_generator.batches_generator: output path is: /home/ailab/maca-vendor-workspace/maca_c_opt/workspace/apply_mix_run/profile-artifacts/apply_mix_v0_baseline/mcprofiler_raw_baseline
2026-06-26 12:15:04,552 INFO tools.events_generator.batches_generator: generate event_batch_1.json successfully!
2026-06-26 12:15:04,553 INFO tools.events_generator.batches_generator: generate event_batch_2.json successfully!
2026-06-26 12:15:04,553 INFO tools.events_generator.batches_generator: generate event_batch_3.json successfully!
2026-06-26 12:15:04,553 INFO tools.events_generator.batches_generator: generate event_batch_4.json successfully!
2026-06-26 12:15:04,553 INFO tools.events_generator.batches_generator: generate event_batch_5.json successfully!
2026-06-26 12:15:04,553 INFO tools.events_generator.batches_generator: generate event_batch_6.json successfully!
2026-06-26 12:15:04,553 INFO tools.events_generator.batches_generator: generate event_batch_7.json successfully!
2026-06-26 12:15:04,553 INFO tools.events_generator.batches_generator: generate event_batch_8.json successfully!
2026-06-26 12:15:04,553 INFO phttp.server_backend: generate batch files done
2026-06-26 12:15:04,554 INFO common.api_common: ret_code cmdline_str: rm -f /root/mcRpcPort.ini
2026-06-26 12:15:04,560 INFO common.api_common: ret_code cmdline_str: cp /home/ailab/maca-vendor-workspace/maca_c_opt/workspace/apply_mix_run/profile-artifacts/apply_mix_v0_baseline/mcprofiler_raw_baseline/event_batch_1.json /home/ailab/maca-vendor-workspace/maca_c_opt/workspace/apply_mix_run/profile-artifacts/apply_mix_v0_baseline/mcprofiler_raw_baseline/mcProfiler.json
2026-06-26 12:15:04,567 INFO common.api_common: ret_code cmdline_str: export MCTX_TARGET_INIT=true; export MACA_ETC_PATH=/home/ailab/maca-vendor-workspace/maca_c_opt/workspace/apply_mix_run/profile-artifacts/apply_mix_v0_baseline/mcprofiler_raw_baseline; export MXLOG_LEVEL=info; export MACA_PATH=/opt/maca/; export LD_LIBRARY_PATH=/opt/maca/lib/:${LD_LIBRARY_PATH}; bash run.sh 0 1 2
2026-06-26 12:15:04,567 INFO common.api_common: ret_code cmdline_str: cat /root/mcRpcPort.ini
2026-06-26 12:15:04,575 WARNING phttp.server_backend: get_srvrpc_port get rpc server ports failed: cannot retrieve rpc server port.
2026-06-26 12:15:04,775 INFO common.api_common: ret_code cmdline_str: cat /root/mcRpcPort.ini
2026-06-26 12:15:04,782 WARNING phttp.server_backend: get_srvrpc_port get rpc server ports failed: cannot retrieve rpc server port.
2026-06-26 12:15:05,183 INFO common.api_common: ret_code cmdline_str: cat /root/mcRpcPort.ini
2026-06-26 12:15:05,190 WARNING phttp.server_backend: get_srvrpc_port get rpc server ports failed: cannot retrieve rpc server port.
2026-06-26 12:15:05,991 INFO common.api_common: ret_code cmdline_str: cat /root/mcRpcPort.ini
2026-06-26 12:15:05,999 WARNING phttp.server_backend: get_srvrpc_port get rpc server ports failed: cannot retrieve rpc server port.
2026-06-26 12:15:07,601 INFO common.api_common: ret_code cmdline_str: cat /root/mcRpcPort.ini
2026-06-26 12:15:09,388 DEBUG urllib3.connectionpool: Starting new HTTP connection (1): 127.0.0.1:50123
2026-06-26 12:15:09,393 INFO werkzeug: 127.0.0.1 - - [26/Jun/2026 12:15:09] "GET /perf_progress?exec_id=315aa22c-cb07-4caf-9bad-4296cb1f1ca6 HTTP/1.1" 200 -
2026-06-26 12:15:09,394 DEBUG urllib3.connectionpool: http://127.0.0.1:50123 "GET /perf_progress?exec_id=315aa22c-cb07-4caf-9bad-4296cb1f1ca6 HTTP/1.1" 200 2488
2026-06-26 12:15:14,401 DEBUG urllib3.connectionpool: Starting new HTTP connection (1): 127.0.0.1:50123
2026-06-26 12:15:14,404 INFO werkzeug: 127.0.0.1 - - [26/Jun/2026 12:15:14] "GET /perf_progress?exec_id=315aa22c-cb07-4caf-9bad-4296cb1f1ca6 HTTP/1.1" 200 -
2026-06-26 12:15:14,405 DEBUG urllib3.connectionpool: http://127.0.0.1:50123 "GET /perf_progress?exec_id=315aa22c-cb07-4caf-9bad-4296cb1f1ca6 HTTP/1.1" 200 2488
2026-06-26 12:15:19,409 DEBUG urllib3.connectionpool: Starting new HTTP connection (1): 127.0.0.1:50123
2026-06-26 12:15:19,412 INFO werkzeug: 127.0.0.1 - - [26/Jun/2026 12:15:19] "GET /perf_progress?exec_id=315aa22c-cb07-4caf-9bad-4296cb1f1ca6 HTTP/1.1" 200 -
2026-06-26 12:15:19,413 DEBUG urllib3.connectionpool: http://127.0.0.1:50123 "GET /perf_progress?exec_id=315aa22c-cb07-4caf-9bad-4296cb1f1ca6 HTTP/1.1" 200 9927
2026-06-26 12:15:24,419 DEBUG urllib3.connectionpool: Starting new HTTP connection (1): 127.0.0.1:50123
2026-06-26 12:15:24,423 INFO werkzeug: 127.0.0.1 - - [26/Jun/2026 12:15:24] "GET /perf_progress?exec_id=315aa22c-cb07-4caf-9bad-4296cb1f1ca6 HTTP/1.1" 200 -
2026-06-26 12:15:24,425 DEBUG urllib3.connectionpool: http://127.0.0.1:50123 "GET /perf_progress?exec_id=315aa22c-cb07-4caf-9bad-4296cb1f1ca6 HTTP/1.1" 200 9927
2026-06-26 12:15:29,432 DEBUG urllib3.connectionpool: Starting new HTTP connection (1): 127.0.0.1:50123
2026-06-26 12:15:29,435 INFO werkzeug: 127.0.0.1 - - [26/Jun/2026 12:15:29] "GET /perf_progress?exec_id=315aa22c-cb07-4caf-9bad-4296cb1f1ca6 HTTP/1.1" 200 -
2026-06-26 12:15:29,436 DEBUG urllib3.connectionpool: http://127.0.0.1:50123 "GET /perf_progress?exec_id=315aa22c-cb07-4caf-9bad-4296cb1f1ca6 HTTP/1.1" 200 9927
2026-06-26 12:15:30,819 ERROR prpc_client.mctool_client: cannot connect to server:
2026-06-26 12:15:30,819 ERROR phttp.server_backend: build mcpti rpc failed: 
2026-06-26 12:15:30,820 INFO common.api_common: ret_code cmdline_str: rm -f /root/mcRpcPort.ini
2026-06-26 12:15:30,831 INFO common.api_common: ret_code cmdline_str: cp /home/ailab/maca-vendor-workspace/maca_c_opt/workspace/apply_mix_run/profile-artifacts/apply_mix_v0_baseline/mcprofiler_raw_baseline/event_batch_2.json /home/ailab/maca-vendor-workspace/maca_c_opt/workspace/apply_mix_run/profile-artifacts/apply_mix_v0_baseline/mcprofiler_raw_baseline/mcProfiler.json
2026-06-26 12:15:30,838 INFO common.api_common: ret_code cmdline_str: export MCTX_TARGET_INIT=true; export MACA_ETC_PATH=/home/ailab/maca-vendor-workspace/maca_c_opt/workspace/apply_mix_run/profile-artifacts/apply_mix_v0_baseline/mcprofiler_raw_baseline; export MXLOG_LEVEL=info; export MACA_PATH=/opt/maca/; export LD_LIBRARY_PATH=/opt/maca/lib/:${LD_LIBRARY_PATH}; bash run.sh 0 1 2
2026-06-26 12:15:30,839 INFO common.api_common: ret_code cmdline_str: cat /root/mcRpcPort.ini
2026-06-26 12:15:30,847 WARNING phttp.server_backend: get_srvrpc_port get rpc server ports failed: cannot retrieve rpc server port.
2026-06-26 12:15:31,048 INFO common.api_common: ret_code cmdline_str: cat /root/mcRpcPort.ini
2026-06-26 12:15:31,056 WARNING phttp.server_backend: get_srvrpc_port get rpc server ports failed: cannot retrieve rpc server port.
2026-06-26 12:15:31,456 INFO common.api_common: ret_code cmdline_str: cat /root/mcRpcPort.ini
2026-06-26 12:15:31,464 WARNING phttp.server_backend: get_srvrpc_port get rpc server ports failed: cannot retrieve rpc server port.
2026-06-26 12:15:32,265 INFO common.api_common: ret_code cmdline_str: cat /root/mcRpcPort.ini
2026-06-26 12:15:32,273 WARNING phttp.server_backend: get_srvrpc_port get rpc server ports failed: cannot retrieve rpc server port.
2026-06-26 12:15:33,875 INFO common.api_common: ret_code cmdline_str: cat /root/mcRpcPort.ini
2026-06-26 12:15:34,443 DEBUG urllib3.connectionpool: Starting new HTTP connection (1): 127.0.0.1:50123
2026-06-26 12:15:34,449 INFO werkzeug: 127.0.0.1 - - [26/Jun/2026 12:15:34] "GET /perf_progress?exec_id=315aa22c-cb07-4caf-9bad-4296cb1f1ca6 HTTP/1.1" 200 -
2026-06-26 12:15:34,449 DEBUG urllib3.connectionpool: http://127.0.0.1:50123 "GET /perf_progress?exec_id=315aa22c-cb07-4caf-9bad-4296cb1f1ca6 HTTP/1.1" 200 9927
2026-06-26 12:15:39,456 DEBUG urllib3.connectionpool: Starting new HTTP connection (1): 127.0.0.1:50123
2026-06-26 12:15:39,460 INFO werkzeug: 127.0.0.1 - - [26/Jun/2026 12:15:39] "GET /perf_progress?exec_id=315aa22c-cb07-4caf-9bad-4296cb1f1ca6 HTTP/1.1" 200 -
2026-06-26 12:15:39,460 DEBUG urllib3.connectionpool: http://127.0.0.1:50123 "GET /perf_progress?exec_id=315aa22c-cb07-4caf-9bad-4296cb1f1ca6 HTTP/1.1" 200 9927
2026-06-26 12:15:44,467 DEBUG urllib3.connectionpool: Starting new HTTP connection (1): 127.0.0.1:50123
2026-06-26 12:15:44,471 INFO werkzeug: 127.0.0.1 - - [26/Jun/2026 12:15:44] "GET /perf_progress?exec_id=315aa22c-cb07-4caf-9bad-4296cb1f1ca6 HTTP/1.1" 200 -
2026-06-26 12:15:44,471 DEBUG urllib3.connectionpool: http://127.0.0.1:50123 "GET /perf_progress?exec_id=315aa22c-cb07-4caf-9bad-4296cb1f1ca6 HTTP/1.1" 200 9927
2026-06-26 12:15:49,478 DEBUG urllib3.connectionpool: Starting new HTTP connection (1): 127.0.0.1:50123
2026-06-26 12:15:49,482 INFO werkzeug: 127.0.0.1 - - [26/Jun/2026 12:15:49] "GET /perf_progress?exec_id=315aa22c-cb07-4caf-9bad-4296cb1f1ca6 HTTP/1.1" 200 -
2026-06-26 12:15:49,482 DEBUG urllib3.connectionpool: http://127.0.0.1:50123 "GET /perf_progress?exec_id=315aa22c-cb07-4caf-9bad-4296cb1f1ca6 HTTP/1.1" 200 9927
2026-06-26 12:15:54,489 DEBUG urllib3.connectionpool: Starting new HTTP connection (1): 127.0.0.1:50123
2026-06-26 12:15:54,493 INFO werkzeug: 127.0.0.1 - - [26/Jun/2026 12:15:54] "GET /perf_progress?exec_id=315aa22c-cb07-4caf-9bad-4296cb1f1ca6 HTTP/1.1" 200 -
2026-06-26 12:15:54,494 DEBUG urllib3.connectionpool: http://127.0.0.1:50123 "GET /perf_progress?exec_id=315aa22c-cb07-4caf-9bad-4296cb1f1ca6 HTTP/1.1" 200 9927
2026-06-26 12:15:57,088 ERROR prpc_client.mctool_client: cannot connect to server:
2026-06-26 12:15:57,088 ERROR phttp.server_backend: build mcpti rpc failed: 
2026-06-26 12:15:57,088 INFO common.api_common: ret_code cmdline_str: rm -f /root/mcRpcPort.ini
2026-06-26 12:15:57,096 INFO common.api_common: ret_code cmdline_str: cp /home/ailab/maca-vendor-workspace/maca_c_opt/workspace/apply_mix_run/profile-artifacts/apply_mix_v0_baseline/mcprofiler_raw_baseline/event_batch_3.json /home/ailab/maca-vendor-workspace/maca_c_opt/workspace/apply_mix_run/profile-artifacts/apply_mix_v0_baseline/mcprofiler_raw_baseline/mcProfiler.json
2026-06-26 12:15:57,103 INFO common.api_common: ret_code cmdline_str: export MCTX_TARGET_INIT=true; export MACA_ETC_PATH=/home/ailab/maca-vendor-workspace/maca_c_opt/workspace/apply_mix_run/profile-artifacts/apply_mix_v0_baseline/mcprofiler_raw_baseline; export MXLOG_LEVEL=info; export MACA_PATH=/opt/maca/; export LD_LIBRARY_PATH=/opt/maca/lib/:${LD_LIBRARY_PATH}; bash run.sh 0 1 2
2026-06-26 12:15:57,103 INFO common.api_common: ret_code cmdline_str: cat /root/mcRpcPort.ini
2026-06-26 12:15:57,112 WARNING phttp.server_backend: get_srvrpc_port get rpc server ports failed: cannot retrieve rpc server port.
2026-06-26 12:15:57,313 INFO common.api_common: ret_code cmdline_str: cat /root/mcRpcPort.ini
2026-06-26 12:15:57,321 WARNING phttp.server_backend: get_srvrpc_port get rpc server ports failed: cannot retrieve rpc server port.
2026-06-26 12:15:57,722 INFO common.api_common: ret_code cmdline_str: cat /root/mcRpcPort.ini
2026-06-26 12:15:57,729 WARNING phttp.server_backend: get_srvrpc_port get rpc server ports failed: cannot retrieve rpc server port.
2026-06-26 12:15:58,530 INFO common.api_common: ret_code cmdline_str: cat /root/mcRpcPort.ini
2026-06-26 12:15:58,538 WARNING phttp.server_backend: get_srvrpc_port get rpc server ports failed: cannot retrieve rpc server port.
2026-06-26 12:15:59,502 DEBUG urllib3.connectionpool: Starting new HTTP connection (1): 127.0.0.1:50123
2026-06-26 12:15:59,507 INFO werkzeug: 127.0.0.1 - - [26/Jun/2026 12:15:59] "GET /perf_progress?exec_id=315aa22c-cb07-4caf-9bad-4296cb1f1ca6 HTTP/1.1" 200 -
2026-06-26 12:15:59,508 DEBUG urllib3.connectionpool: http://127.0.0.1:50123 "GET /perf_progress?exec_id=315aa22c-cb07-4caf-9bad-4296cb1f1ca6 HTTP/1.1" 200 9927
2026-06-26 12:16:00,140 INFO common.api_common: ret_code cmdline_str: cat /root/mcRpcPort.ini
2026-06-26 12:16:04,515 DEBUG urllib3.connectionpool: Starting new HTTP connection (1): 127.0.0.1:50123
2026-06-26 12:16:04,521 INFO werkzeug: 127.0.0.1 - - [26/Jun/2026 12:16:04] "GET /perf_progress?exec_id=315aa22c-cb07-4caf-9bad-4296cb1f1ca6 HTTP/1.1" 200 -
2026-06-26 12:16:04,522 DEBUG urllib3.connectionpool: http://127.0.0.1:50123 "GET /perf_progress?exec_id=315aa22c-cb07-4caf-9bad-4296cb1f1ca6 HTTP/1.1" 200 9927
2026-06-26 12:16:09,529 DEBUG urllib3.connectionpool: Starting new HTTP connection (1): 127.0.0.1:50123
2026-06-26 12:16:09,533 INFO werkzeug: 127.0.0.1 - - [26/Jun/2026 12:16:09] "GET /perf_progress?exec_id=315aa22c-cb07-4caf-9bad-4296cb1f1ca6 HTTP/1.1" 200 -
2026-06-26 12:16:09,533 DEBUG urllib3.connectionpool: http://127.0.0.1:50123 "GET /perf_progress?exec_id=315aa22c-cb07-4caf-9bad-4296cb1f1ca6 HTTP/1.1" 200 9927
2026-06-26 12:16:14,536 DEBUG urllib3.connectionpool: Starting new HTTP connection (1): 127.0.0.1:50123
2026-06-26 12:16:14,540 INFO werkzeug: 127.0.0.1 - - [26/Jun/2026 12:16:14] "GET /perf_progress?exec_id=315aa22c-cb07-4caf-9bad-4296cb1f1ca6 HTTP/1.1" 200 -
2026-06-26 12:16:14,542 DEBUG urllib3.connectionpool: http://127.0.0.1:50123 "GET /perf_progress?exec_id=315aa22c-cb07-4caf-9bad-4296cb1f1ca6 HTTP/1.1" 200 9927
2026-06-26 12:16:19,549 DEBUG urllib3.connectionpool: Starting new HTTP connection (1): 127.0.0.1:50123
2026-06-26 12:16:19,552 INFO werkzeug: 127.0.0.1 - - [26/Jun/2026 12:16:19] "GET /perf_progress?exec_id=315aa22c-cb07-4caf-9bad-4296cb1f1ca6 HTTP/1.1" 200 -
2026-06-26 12:16:19,553 DEBUG urllib3.connectionpool: http://127.0.0.1:50123 "GET /perf_progress?exec_id=315aa22c-cb07-4caf-9bad-4296cb1f1ca6 HTTP/1.1" 200 9927
2026-06-26 12:16:23,353 ERROR prpc_client.mctool_client: cannot connect to server:
2026-06-26 12:16:23,354 ERROR phttp.server_backend: build mcpti rpc failed: 
2026-06-26 12:16:23,354 INFO common.api_common: ret_code cmdline_str: rm -f /root/mcRpcPort.ini
2026-06-26 12:16:23,363 INFO common.api_common: ret_code cmdline_str: cp /home/ailab/maca-vendor-workspace/maca_c_opt/workspace/apply_mix_run/profile-artifacts/apply_mix_v0_baseline/mcprofiler_raw_baseline/event_batch_4.json /home/ailab/maca-vendor-workspace/maca_c_opt/workspace/apply_mix_run/profile-artifacts/apply_mix_v0_baseline/mcprofiler_raw_baseline/mcProfiler.json
2026-06-26 12:16:23,371 INFO common.api_common: ret_code cmdline_str: export MCTX_TARGET_INIT=true; export MACA_ETC_PATH=/home/ailab/maca-vendor-workspace/maca_c_opt/workspace/apply_mix_run/profile-artifacts/apply_mix_v0_baseline/mcprofiler_raw_baseline; export MXLOG_LEVEL=info; export MACA_PATH=/opt/maca/; export LD_LIBRARY_PATH=/opt/maca/lib/:${LD_LIBRARY_PATH}; bash run.sh 0 1 2
2026-06-26 12:16:23,371 INFO common.api_common: ret_code cmdline_str: cat /root/mcRpcPort.ini
2026-06-26 12:16:23,381 WARNING phttp.server_backend: get_srvrpc_port get rpc server ports failed: cannot retrieve rpc server port.
2026-06-26 12:16:23,581 INFO common.api_common: ret_code cmdline_str: cat /root/mcRpcPort.ini
2026-06-26 12:16:23,589 WARNING phttp.server_backend: get_srvrpc_port get rpc server ports failed: cannot retrieve rpc server port.
2026-06-26 12:16:23,990 INFO common.api_common: ret_code cmdline_str: cat /root/mcRpcPort.ini
2026-06-26 12:16:23,998 WARNING phttp.server_backend: get_srvrpc_port get rpc server ports failed: cannot retrieve rpc server port.
2026-06-26 12:16:24,561 DEBUG urllib3.connectionpool: Starting new HTTP connection (1): 127.0.0.1:50123
2026-06-26 12:16:24,566 INFO werkzeug: 127.0.0.1 - - [26/Jun/2026 12:16:24] "GET /perf_progress?exec_id=315aa22c-cb07-4caf-9bad-4296cb1f1ca6 HTTP/1.1" 200 -
2026-06-26 12:16:24,567 DEBUG urllib3.connectionpool: http://127.0.0.1:50123 "GET /perf_progress?exec_id=315aa22c-cb07-4caf-9bad-4296cb1f1ca6 HTTP/1.1" 200 9927
2026-06-26 12:16:24,798 INFO common.api_common: ret_code cmdline_str: cat /root/mcRpcPort.ini
2026-06-26 12:16:24,807 WARNING phttp.server_backend: get_srvrpc_port get rpc server ports failed: cannot retrieve rpc server port.
2026-06-26 12:16:26,409 INFO common.api_common: ret_code cmdline_str: cat /root/mcRpcPort.ini
2026-06-26 12:16:29,573 DEBUG urllib3.connectionpool: Starting new HTTP connection (1): 127.0.0.1:50123
2026-06-26 12:16:29,579 INFO werkzeug: 127.0.0.1 - - [26/Jun/2026 12:16:29] "GET /perf_progress?exec_id=315aa22c-cb07-4caf-9bad-4296cb1f1ca6 HTTP/1.1" 200 -
2026-06-26 12:16:29,579 DEBUG urllib3.connectionpool: http://127.0.0.1:50123 "GET /perf_progress?exec_id=315aa22c-cb07-4caf-9bad-4296cb1f1ca6 HTTP/1.1" 200 9927
2026-06-26 12:16:34,586 DEBUG urllib3.connectionpool: Starting new HTTP connection (1): 127.0.0.1:50123
2026-06-26 12:16:34,590 INFO werkzeug: 127.0.0.1 - - [26/Jun/2026 12:16:34] "GET /perf_progress?exec_id=315aa22c-cb07-4caf-9bad-4296cb1f1ca6 HTTP/1.1" 200 -
2026-06-26 12:16:34,590 DEBUG urllib3.connectionpool: http://127.0.0.1:50123 "GET /perf_progress?exec_id=315aa22c-cb07-4caf-9bad-4296cb1f1ca6 HTTP/1.1" 200 9927
2026-06-26 12:16:39,597 DEBUG urllib3.connectionpool: Starting new HTTP connection (1): 127.0.0.1:50123
2026-06-26 12:16:39,601 INFO werkzeug: 127.0.0.1 - - [26/Jun/2026 12:16:39] "GET /perf_progress?exec_id=315aa22c-cb07-4caf-9bad-4296cb1f1ca6 HTTP/1.1" 200 -
2026-06-26 12:16:39,601 DEBUG urllib3.connectionpool: http://127.0.0.1:50123 "GET /perf_progress?exec_id=315aa22c-cb07-4caf-9bad-4296cb1f1ca6 HTTP/1.1" 200 9927
2026-06-26 12:16:44,608 DEBUG urllib3.connectionpool: Starting new HTTP connection (1): 127.0.0.1:50123
2026-06-26 12:16:44,612 INFO werkzeug: 127.0.0.1 - - [26/Jun/2026 12:16:44] "GET /perf_progress?exec_id=315aa22c-cb07-4caf-9bad-4296cb1f1ca6 HTTP/1.1" 200 -
2026-06-26 12:16:44,612 DEBUG urllib3.connectionpool: http://127.0.0.1:50123 "GET /perf_progress?exec_id=315aa22c-cb07-4caf-9bad-4296cb1f1ca6 HTTP/1.1" 200 9927
2026-06-26 12:16:49,619 DEBUG urllib3.connectionpool: Starting new HTTP connection (1): 127.0.0.1:50123
2026-06-26 12:16:49,623 INFO werkzeug: 127.0.0.1 - - [26/Jun/2026 12:16:49] "GET /perf_progress?exec_id=315aa22c-cb07-4caf-9bad-4296cb1f1ca6 HTTP/1.1" 200 -
2026-06-26 12:16:49,623 ERROR prpc_client.mctool_client: cannot connect to server:
2026-06-26 12:16:49,623 ERROR phttp.server_backend: build mcpti rpc failed: 
2026-06-26 12:16:49,624 DEBUG urllib3.connectionpool: http://127.0.0.1:50123 "GET /perf_progress?exec_id=315aa22c-cb07-4caf-9bad-4296cb1f1ca6 HTTP/1.1" 200 9927
2026-06-26 12:16:49,624 INFO common.api_common: ret_code cmdline_str: rm -f /root/mcRpcPort.ini
2026-06-26 12:16:49,633 INFO common.api_common: ret_code cmdline_str: cp /home/ailab/maca-vendor-workspace/maca_c_opt/workspace/apply_mix_run/profile-artifacts/apply_mix_v0_baseline/mcprofiler_raw_baseline/event_batch_5.json /home/ailab/maca-vendor-workspace/maca_c_opt/workspace/apply_mix_run/profile-artifacts/apply_mix_v0_baseline/mcprofiler_raw_baseline/mcProfiler.json
2026-06-26 12:16:49,640 INFO common.api_common: ret_code cmdline_str: export MCTX_TARGET_INIT=true; export MACA_ETC_PATH=/home/ailab/maca-vendor-workspace/maca_c_opt/workspace/apply_mix_run/profile-artifacts/apply_mix_v0_baseline/mcprofiler_raw_baseline; export MXLOG_LEVEL=info; export MACA_PATH=/opt/maca/; export LD_LIBRARY_PATH=/opt/maca/lib/:${LD_LIBRARY_PATH}; bash run.sh 0 1 2
2026-06-26 12:16:49,641 INFO common.api_common: ret_code cmdline_str: cat /root/mcRpcPort.ini
2026-06-26 12:16:49,649 WARNING phttp.server_backend: get_srvrpc_port get rpc server ports failed: cannot retrieve rpc server port.
2026-06-26 12:16:49,850 INFO common.api_common: ret_code cmdline_str: cat /root/mcRpcPort.ini
2026-06-26 12:16:49,858 WARNING phttp.server_backend: get_srvrpc_port get rpc server ports failed: cannot retrieve rpc server port.
2026-06-26 12:16:50,258 INFO common.api_common: ret_code cmdline_str: cat /root/mcRpcPort.ini
2026-06-26 12:16:50,266 WARNING phttp.server_backend: get_srvrpc_port get rpc server ports failed: cannot retrieve rpc server port.
2026-06-26 12:16:51,067 INFO common.api_common: ret_code cmdline_str: cat /root/mcRpcPort.ini
2026-06-26 12:16:51,075 WARNING phttp.server_backend: get_srvrpc_port get rpc server ports failed: cannot retrieve rpc server port.
2026-06-26 12:16:52,677 INFO common.api_common: ret_code cmdline_str: cat /root/mcRpcPort.ini
2026-06-26 12:16:54,632 DEBUG urllib3.connectionpool: Starting new HTTP connection (1): 127.0.0.1:50123
2026-06-26 12:16:54,637 INFO werkzeug: 127.0.0.1 - - [26/Jun/2026 12:16:54] "GET /perf_progress?exec_id=315aa22c-cb07-4caf-9bad-4296cb1f1ca6 HTTP/1.1" 200 -
2026-06-26 12:16:54,637 DEBUG urllib3.connectionpool: http://127.0.0.1:50123 "GET /perf_progress?exec_id=315aa22c-cb07-4caf-9bad-4296cb1f1ca6 HTTP/1.1" 200 9927
2026-06-26 12:16:59,644 DEBUG urllib3.connectionpool: Starting new HTTP connection (1): 127.0.0.1:50123
2026-06-26 12:16:59,648 INFO werkzeug: 127.0.0.1 - - [26/Jun/2026 12:16:59] "GET /perf_progress?exec_id=315aa22c-cb07-4caf-9bad-4296cb1f1ca6 HTTP/1.1" 200 -
2026-06-26 12:16:59,649 DEBUG urllib3.connectionpool: http://127.0.0.1:50123 "GET /perf_progress?exec_id=315aa22c-cb07-4caf-9bad-4296cb1f1ca6 HTTP/1.1" 200 9927
2026-06-26 12:17:04,652 DEBUG urllib3.connectionpool: Starting new HTTP connection (1): 127.0.0.1:50123
2026-06-26 12:17:04,656 INFO werkzeug: 127.0.0.1 - - [26/Jun/2026 12:17:04] "GET /perf_progress?exec_id=315aa22c-cb07-4caf-9bad-4296cb1f1ca6 HTTP/1.1" 200 -
2026-06-26 12:17:04,656 DEBUG urllib3.connectionpool: http://127.0.0.1:50123 "GET /perf_progress?exec_id=315aa22c-cb07-4caf-9bad-4296cb1f1ca6 HTTP/1.1" 200 9927
2026-06-26 12:17:09,663 DEBUG urllib3.connectionpool: Starting new HTTP connection (1): 127.0.0.1:50123
2026-06-26 12:17:09,667 INFO werkzeug: 127.0.0.1 - - [26/Jun/2026 12:17:09] "GET /perf_progress?exec_id=315aa22c-cb07-4caf-9bad-4296cb1f1ca6 HTTP/1.1" 200 -
2026-06-26 12:17:09,667 DEBUG urllib3.connectionpool: http://127.0.0.1:50123 "GET /perf_progress?exec_id=315aa22c-cb07-4caf-9bad-4296cb1f1ca6 HTTP/1.1" 200 9927
2026-06-26 12:17:14,675 DEBUG urllib3.connectionpool: Starting new HTTP connection (1): 127.0.0.1:50123
2026-06-26 12:17:14,681 INFO werkzeug: 127.0.0.1 - - [26/Jun/2026 12:17:14] "GET /perf_progress?exec_id=315aa22c-cb07-4caf-9bad-4296cb1f1ca6 HTTP/1.1" 200 -
2026-06-26 12:17:14,681 DEBUG urllib3.connectionpool: http://127.0.0.1:50123 "GET /perf_progress?exec_id=315aa22c-cb07-4caf-9bad-4296cb1f1ca6 HTTP/1.1" 200 9927
2026-06-26 12:17:15,890 ERROR prpc_client.mctool_client: cannot connect to server:
2026-06-26 12:17:15,890 ERROR phttp.server_backend: build mcpti rpc failed: 
2026-06-26 12:17:15,890 INFO common.api_common: ret_code cmdline_str: rm -f /root/mcRpcPort.ini
2026-06-26 12:17:15,898 INFO common.api_common: ret_code cmdline_str: cp /home/ailab/maca-vendor-workspace/maca_c_opt/workspace/apply_mix_run/profile-artifacts/apply_mix_v0_baseline/mcprofiler_raw_baseline/event_batch_6.json /home/ailab/maca-vendor-workspace/maca_c_opt/workspace/apply_mix_run/profile-artifacts/apply_mix_v0_baseline/mcprofiler_raw_baseline/mcProfiler.json
2026-06-26 12:17:15,906 INFO common.api_common: ret_code cmdline_str: export MCTX_TARGET_INIT=true; export MACA_ETC_PATH=/home/ailab/maca-vendor-workspace/maca_c_opt/workspace/apply_mix_run/profile-artifacts/apply_mix_v0_baseline/mcprofiler_raw_baseline; export MXLOG_LEVEL=info; export MACA_PATH=/opt/maca/; export LD_LIBRARY_PATH=/opt/maca/lib/:${LD_LIBRARY_PATH}; bash run.sh 0 1 2
2026-06-26 12:17:15,906 INFO common.api_common: ret_code cmdline_str: cat /root/mcRpcPort.ini
2026-06-26 12:17:15,915 WARNING phttp.server_backend: get_srvrpc_port get rpc server ports failed: cannot retrieve rpc server port.
2026-06-26 12:17:16,116 INFO common.api_common: ret_code cmdline_str: cat /root/mcRpcPort.ini
2026-06-26 12:17:16,124 WARNING phttp.server_backend: get_srvrpc_port get rpc server ports failed: cannot retrieve rpc server port.
2026-06-26 12:17:16,524 INFO common.api_common: ret_code cmdline_str: cat /root/mcRpcPort.ini
2026-06-26 12:17:16,532 WARNING phttp.server_backend: get_srvrpc_port get rpc server ports failed: cannot retrieve rpc server port.
2026-06-26 12:17:17,333 INFO common.api_common: ret_code cmdline_str: cat /root/mcRpcPort.ini
2026-06-26 12:17:17,341 WARNING phttp.server_backend: get_srvrpc_port get rpc server ports failed: cannot retrieve rpc server port.
2026-06-26 12:17:18,942 INFO common.api_common: ret_code cmdline_str: cat /root/mcRpcPort.ini
2026-06-26 12:17:19,689 DEBUG urllib3.connectionpool: Starting new HTTP connection (1): 127.0.0.1:50123
2026-06-26 12:17:19,695 INFO werkzeug: 127.0.0.1 - - [26/Jun/2026 12:17:19] "GET /perf_progress?exec_id=315aa22c-cb07-4caf-9bad-4296cb1f1ca6 HTTP/1.1" 200 -
2026-06-26 12:17:19,695 DEBUG urllib3.connectionpool: http://127.0.0.1:50123 "GET /perf_progress?exec_id=315aa22c-cb07-4caf-9bad-4296cb1f1ca6 HTTP/1.1" 200 9927
2026-06-26 12:17:24,702 DEBUG urllib3.connectionpool: Starting new HTTP connection (1): 127.0.0.1:50123
2026-06-26 12:17:24,706 INFO werkzeug: 127.0.0.1 - - [26/Jun/2026 12:17:24] "GET /perf_progress?exec_id=315aa22c-cb07-4caf-9bad-4296cb1f1ca6 HTTP/1.1" 200 -
2026-06-26 12:17:24,707 DEBUG urllib3.connectionpool: http://127.0.0.1:50123 "GET /perf_progress?exec_id=315aa22c-cb07-4caf-9bad-4296cb1f1ca6 HTTP/1.1" 200 9927
2026-06-26 12:17:29,713 DEBUG urllib3.connectionpool: Starting new HTTP connection (1): 127.0.0.1:50123
2026-06-26 12:17:29,717 INFO werkzeug: 127.0.0.1 - - [26/Jun/2026 12:17:29] "GET /perf_progress?exec_id=315aa22c-cb07-4caf-9bad-4296cb1f1ca6 HTTP/1.1" 200 -
2026-06-26 12:17:29,717 DEBUG urllib3.connectionpool: http://127.0.0.1:50123 "GET /perf_progress?exec_id=315aa22c-cb07-4caf-9bad-4296cb1f1ca6 HTTP/1.1" 200 9927
2026-06-26 12:17:34,725 DEBUG urllib3.connectionpool: Starting new HTTP connection (1): 127.0.0.1:50123
2026-06-26 12:17:34,729 INFO werkzeug: 127.0.0.1 - - [26/Jun/2026 12:17:34] "GET /perf_progress?exec_id=315aa22c-cb07-4caf-9bad-4296cb1f1ca6 HTTP/1.1" 200 -
2026-06-26 12:17:34,729 DEBUG urllib3.connectionpool: http://127.0.0.1:50123 "GET /perf_progress?exec_id=315aa22c-cb07-4caf-9bad-4296cb1f1ca6 HTTP/1.1" 200 9927
2026-06-26 12:17:39,736 DEBUG urllib3.connectionpool: Starting new HTTP connection (1): 127.0.0.1:50123
2026-06-26 12:17:39,740 INFO werkzeug: 127.0.0.1 - - [26/Jun/2026 12:17:39] "GET /perf_progress?exec_id=315aa22c-cb07-4caf-9bad-4296cb1f1ca6 HTTP/1.1" 200 -
2026-06-26 12:17:39,740 DEBUG urllib3.connectionpool: http://127.0.0.1:50123 "GET /perf_progress?exec_id=315aa22c-cb07-4caf-9bad-4296cb1f1ca6 HTTP/1.1" 200 9927
2026-06-26 12:17:42,152 ERROR prpc_client.mctool_client: cannot connect to server:
2026-06-26 12:17:42,152 ERROR phttp.server_backend: build mcpti rpc failed: 
2026-06-26 12:17:42,153 INFO common.api_common: ret_code cmdline_str: rm -f /root/mcRpcPort.ini
2026-06-26 12:17:42,161 INFO common.api_common: ret_code cmdline_str: cp /home/ailab/maca-vendor-workspace/maca_c_opt/workspace/apply_mix_run/profile-artifacts/apply_mix_v0_baseline/mcprofiler_raw_baseline/event_batch_7.json /home/ailab/maca-vendor-workspace/maca_c_opt/workspace/apply_mix_run/profile-artifacts/apply_mix_v0_baseline/mcprofiler_raw_baseline/mcProfiler.json
2026-06-26 12:17:42,168 INFO common.api_common: ret_code cmdline_str: export MCTX_TARGET_INIT=true; export MACA_ETC_PATH=/home/ailab/maca-vendor-workspace/maca_c_opt/workspace/apply_mix_run/profile-artifacts/apply_mix_v0_baseline/mcprofiler_raw_baseline; export MXLOG_LEVEL=info; export MACA_PATH=/opt/maca/; export LD_LIBRARY_PATH=/opt/maca/lib/:${LD_LIBRARY_PATH}; bash run.sh 0 1 2
2026-06-26 12:17:42,169 INFO common.api_common: ret_code cmdline_str: cat /root/mcRpcPort.ini
2026-06-26 12:17:42,175 WARNING phttp.server_backend: get_srvrpc_port get rpc server ports failed: cannot retrieve rpc server port.
2026-06-26 12:17:42,376 INFO common.api_common: ret_code cmdline_str: cat /root/mcRpcPort.ini
2026-06-26 12:17:42,384 WARNING phttp.server_backend: get_srvrpc_port get rpc server ports failed: cannot retrieve rpc server port.
2026-06-26 12:17:42,785 INFO common.api_common: ret_code cmdline_str: cat /root/mcRpcPort.ini
2026-06-26 12:17:42,793 WARNING phttp.server_backend: get_srvrpc_port get rpc server ports failed: cannot retrieve rpc server port.
2026-06-26 12:17:43,593 INFO common.api_common: ret_code cmdline_str: cat /root/mcRpcPort.ini
2026-06-26 12:17:43,601 WARNING phttp.server_backend: get_srvrpc_port get rpc server ports failed: cannot retrieve rpc server port.
2026-06-26 12:17:44,748 DEBUG urllib3.connectionpool: Starting new HTTP connection (1): 127.0.0.1:50123
2026-06-26 12:17:44,754 INFO werkzeug: 127.0.0.1 - - [26/Jun/2026 12:17:44] "GET /perf_progress?exec_id=315aa22c-cb07-4caf-9bad-4296cb1f1ca6 HTTP/1.1" 200 -
2026-06-26 12:17:44,754 DEBUG urllib3.connectionpool: http://127.0.0.1:50123 "GET /perf_progress?exec_id=315aa22c-cb07-4caf-9bad-4296cb1f1ca6 HTTP/1.1" 200 9927
2026-06-26 12:17:45,202 INFO common.api_common: ret_code cmdline_str: cat /root/mcRpcPort.ini
2026-06-26 12:17:49,762 DEBUG urllib3.connectionpool: Starting new HTTP connection (1): 127.0.0.1:50123
2026-06-26 12:17:49,767 INFO werkzeug: 127.0.0.1 - - [26/Jun/2026 12:17:49] "GET /perf_progress?exec_id=315aa22c-cb07-4caf-9bad-4296cb1f1ca6 HTTP/1.1" 200 -
2026-06-26 12:17:49,768 DEBUG urllib3.connectionpool: http://127.0.0.1:50123 "GET /perf_progress?exec_id=315aa22c-cb07-4caf-9bad-4296cb1f1ca6 HTTP/1.1" 200 9927
2026-06-26 12:17:54,775 DEBUG urllib3.connectionpool: Starting new HTTP connection (1): 127.0.0.1:50123
2026-06-26 12:17:54,778 INFO werkzeug: 127.0.0.1 - - [26/Jun/2026 12:17:54] "GET /perf_progress?exec_id=315aa22c-cb07-4caf-9bad-4296cb1f1ca6 HTTP/1.1" 200 -
2026-06-26 12:17:54,779 DEBUG urllib3.connectionpool: http://127.0.0.1:50123 "GET /perf_progress?exec_id=315aa22c-cb07-4caf-9bad-4296cb1f1ca6 HTTP/1.1" 200 9927
2026-06-26 12:17:59,784 DEBUG urllib3.connectionpool: Starting new HTTP connection (1): 127.0.0.1:50123
2026-06-26 12:17:59,788 INFO werkzeug: 127.0.0.1 - - [26/Jun/2026 12:17:59] "GET /perf_progress?exec_id=315aa22c-cb07-4caf-9bad-4296cb1f1ca6 HTTP/1.1" 200 -
2026-06-26 12:17:59,789 DEBUG urllib3.connectionpool: http://127.0.0.1:50123 "GET /perf_progress?exec_id=315aa22c-cb07-4caf-9bad-4296cb1f1ca6 HTTP/1.1" 200 9927
2026-06-26 12:18:04,796 DEBUG urllib3.connectionpool: Starting new HTTP connection (1): 127.0.0.1:50123
2026-06-26 12:18:04,799 INFO werkzeug: 127.0.0.1 - - [26/Jun/2026 12:18:04] "GET /perf_progress?exec_id=315aa22c-cb07-4caf-9bad-4296cb1f1ca6 HTTP/1.1" 200 -
2026-06-26 12:18:04,800 DEBUG urllib3.connectionpool: http://127.0.0.1:50123 "GET /perf_progress?exec_id=315aa22c-cb07-4caf-9bad-4296cb1f1ca6 HTTP/1.1" 200 9927
2026-06-26 12:18:08,412 ERROR prpc_client.mctool_client: cannot connect to server:
2026-06-26 12:18:08,413 ERROR phttp.server_backend: build mcpti rpc failed: 
2026-06-26 12:18:08,413 INFO common.api_common: ret_code cmdline_str: rm -f /root/mcRpcPort.ini
2026-06-26 12:18:08,421 INFO common.api_common: ret_code cmdline_str: cp /home/ailab/maca-vendor-workspace/maca_c_opt/workspace/apply_mix_run/profile-artifacts/apply_mix_v0_baseline/mcprofiler_raw_baseline/event_batch_8.json /home/ailab/maca-vendor-workspace/maca_c_opt/workspace/apply_mix_run/profile-artifacts/apply_mix_v0_baseline/mcprofiler_raw_baseline/mcProfiler.json
2026-06-26 12:18:08,429 INFO common.api_common: ret_code cmdline_str: export MCTX_TARGET_INIT=true; export MACA_ETC_PATH=/home/ailab/maca-vendor-workspace/maca_c_opt/workspace/apply_mix_run/profile-artifacts/apply_mix_v0_baseline/mcprofiler_raw_baseline; export MXLOG_LEVEL=info; export MACA_PATH=/opt/maca/; export LD_LIBRARY_PATH=/opt/maca/lib/:${LD_LIBRARY_PATH}; bash run.sh 0 1 2
2026-06-26 12:18:08,429 INFO common.api_common: ret_code cmdline_str: cat /root/mcRpcPort.ini
2026-06-26 12:18:08,436 WARNING phttp.server_backend: get_srvrpc_port get rpc server ports failed: cannot retrieve rpc server port.
2026-06-26 12:18:08,636 INFO common.api_common: ret_code cmdline_str: cat /root/mcRpcPort.ini
2026-06-26 12:18:08,645 WARNING phttp.server_backend: get_srvrpc_port get rpc server ports failed: cannot retrieve rpc server port.
2026-06-26 12:18:09,045 INFO common.api_common: ret_code cmdline_str: cat /root/mcRpcPort.ini
2026-06-26 12:18:09,053 WARNING phttp.server_backend: get_srvrpc_port get rpc server ports failed: cannot retrieve rpc server port.
2026-06-26 12:18:09,808 DEBUG urllib3.connectionpool: Starting new HTTP connection (1): 127.0.0.1:50123
2026-06-26 12:18:09,813 INFO werkzeug: 127.0.0.1 - - [26/Jun/2026 12:18:09] "GET /perf_progress?exec_id=315aa22c-cb07-4caf-9bad-4296cb1f1ca6 HTTP/1.1" 200 -
2026-06-26 12:18:09,813 DEBUG urllib3.connectionpool: http://127.0.0.1:50123 "GET /perf_progress?exec_id=315aa22c-cb07-4caf-9bad-4296cb1f1ca6 HTTP/1.1" 200 9927
2026-06-26 12:18:09,854 INFO common.api_common: ret_code cmdline_str: cat /root/mcRpcPort.ini
2026-06-26 12:18:09,862 WARNING phttp.server_backend: get_srvrpc_port get rpc server ports failed: cannot retrieve rpc server port.
2026-06-26 12:18:11,464 INFO common.api_common: ret_code cmdline_str: cat /root/mcRpcPort.ini
2026-06-26 12:18:14,821 DEBUG urllib3.connectionpool: Starting new HTTP connection (1): 127.0.0.1:50123
2026-06-26 12:18:14,826 INFO werkzeug: 127.0.0.1 - - [26/Jun/2026 12:18:14] "GET /perf_progress?exec_id=315aa22c-cb07-4caf-9bad-4296cb1f1ca6 HTTP/1.1" 200 -
2026-06-26 12:18:14,826 DEBUG urllib3.connectionpool: http://127.0.0.1:50123 "GET /perf_progress?exec_id=315aa22c-cb07-4caf-9bad-4296cb1f1ca6 HTTP/1.1" 200 9927
2026-06-26 12:18:19,834 DEBUG urllib3.connectionpool: Starting new HTTP connection (1): 127.0.0.1:50123
2026-06-26 12:18:19,840 INFO werkzeug: 127.0.0.1 - - [26/Jun/2026 12:18:19] "GET /perf_progress?exec_id=315aa22c-cb07-4caf-9bad-4296cb1f1ca6 HTTP/1.1" 200 -
2026-06-26 12:18:19,840 DEBUG urllib3.connectionpool: http://127.0.0.1:50123 "GET /perf_progress?exec_id=315aa22c-cb07-4caf-9bad-4296cb1f1ca6 HTTP/1.1" 200 9927
2026-06-26 12:18:24,847 DEBUG urllib3.connectionpool: Starting new HTTP connection (1): 127.0.0.1:50123
2026-06-26 12:18:24,852 INFO werkzeug: 127.0.0.1 - - [26/Jun/2026 12:18:24] "GET /perf_progress?exec_id=315aa22c-cb07-4caf-9bad-4296cb1f1ca6 HTTP/1.1" 200 -
2026-06-26 12:18:24,853 DEBUG urllib3.connectionpool: http://127.0.0.1:50123 "GET /perf_progress?exec_id=315aa22c-cb07-4caf-9bad-4296cb1f1ca6 HTTP/1.1" 200 9927
2026-06-26 12:18:29,860 DEBUG urllib3.connectionpool: Starting new HTTP connection (1): 127.0.0.1:50123
2026-06-26 12:18:29,863 INFO werkzeug: 127.0.0.1 - - [26/Jun/2026 12:18:29] "GET /perf_progress?exec_id=315aa22c-cb07-4caf-9bad-4296cb1f1ca6 HTTP/1.1" 200 -
2026-06-26 12:18:29,864 DEBUG urllib3.connectionpool: http://127.0.0.1:50123 "GET /perf_progress?exec_id=315aa22c-cb07-4caf-9bad-4296cb1f1ca6 HTTP/1.1" 200 9927
2026-06-26 12:18:34,677 ERROR prpc_client.mctool_client: cannot connect to server:
2026-06-26 12:18:34,677 ERROR phttp.server_backend: build mcpti rpc failed: 
2026-06-26 12:18:34,678 INFO phttp.server_backend: profiling task 315aa22c-cb07-4caf-9bad-4296cb1f1ca6
2026-06-26 12:18:34,678 ERROR phttp.server_backend: profiler failed:list index out of range
2026-06-26 12:18:34,871 DEBUG urllib3.connectionpool: Starting new HTTP connection (1): 127.0.0.1:50123
2026-06-26 12:18:34,874 INFO werkzeug: 127.0.0.1 - - [26/Jun/2026 12:18:34] "GET /perf_progress?exec_id=315aa22c-cb07-4caf-9bad-4296cb1f1ca6 HTTP/1.1" 200 -
2026-06-26 12:18:34,874 DEBUG urllib3.connectionpool: http://127.0.0.1:50123 "GET /perf_progress?exec_id=315aa22c-cb07-4caf-9bad-4296cb1f1ca6 HTTP/1.1" 200 9927
2026-06-26 12:18:39,881 DEBUG urllib3.connectionpool: Starting new HTTP connection (1): 127.0.0.1:50123
2026-06-26 12:18:39,885 INFO werkzeug: 127.0.0.1 - - [26/Jun/2026 12:18:39] "GET /perf_progress?exec_id=315aa22c-cb07-4caf-9bad-4296cb1f1ca6 HTTP/1.1" 200 -
2026-06-26 12:18:39,886 DEBUG urllib3.connectionpool: http://127.0.0.1:50123 "GET /perf_progress?exec_id=315aa22c-cb07-4caf-9bad-4296cb1f1ca6 HTTP/1.1" 200 9972
2026-06-26 12:18:47,892 DEBUG urllib3.connectionpool: Starting new HTTP connection (1): 127.0.0.1:50123
2026-06-26 12:18:47,894 ERROR phttp.http_server: remove .pkey failed
2026-06-26 12:18:47,894 INFO werkzeug: 127.0.0.1 - - [26/Jun/2026 12:18:47] "GET /stop HTTP/1.1" 200 -
2026-06-26 12:18:47,895 DEBUG urllib3.connectionpool: http://127.0.0.1:50123 "GET /stop HTTP/1.1" 200 29
2026-06-26 12:18:58,471 DEBUG matplotlib: (private) matplotlib data path: /tmp/_MEITHxXtL/matplotlib/mpl-data
2026-06-26 12:18:58,472 DEBUG matplotlib: matplotlib data path: /tmp/_MEITHxXtL/matplotlib/mpl-data
2026-06-26 12:18:58,475 DEBUG matplotlib: CONFIGDIR=/tmp/tmp2iiyxe8j
2026-06-26 12:18:58,477 DEBUG matplotlib: matplotlib version 3.3.4
2026-06-26 12:18:58,477 DEBUG matplotlib: interactive is False
2026-06-26 12:18:58,477 DEBUG matplotlib: platform is linux
2026-06-26 12:18:58,477 DEBUG matplotlib: loaded modules: ['builtins', 'sys', '_frozen_importlib', '_imp', '_warnings', '_thread', '_weakref', '_frozen_importlib_external', '_io', 'marshal', 'posix', 'zipimport', 'encodings', 'codecs', '_codecs', 'encodings.aliases', 'encodings.ascii', '_signal', '__main__', 'encodings.utf_8', 'encodings.latin_1', 'io', 'abc', '_weakrefset', '_bootlocale', '_locale', 'struct', '_struct', 'pyimod01_os_path', 'pyimod02_archive', 'zlib', 'pyimod03_importers', 'pyimod04_ctypes', 'os', 'errno', 'stat', '_stat', 'posixpath', 'genericpath', 'os.path', '_collections_abc', 'ctypes', '_ctypes', 'ctypes._endian', 'pkgutil', 'collections', 'operator', '_operator', 'keyword', 'heapq', '_heapq', 'itertools', 'reprlib', '_collections', 'functools', '_functools', 'types', 'collections.abc', 'weakref', 'importlib', 'importlib._bootstrap', 'importlib._bootstrap_external', 'warnings', 'importlib.util', 'importlib.abc', 'importlib.machinery', 'contextlib', 'inspect', 'ast', '_ast', 'dis', 'opcode', '_opcode', 'enum', 'linecache', 'tokenize', 're', 'sre_compile', '_sre', 'sre_parse', 'sre_constants', 'copyreg', 'token', 'pathlib', 'fnmatch', 'ntpath', 'urllib', 'urllib.parse', 'pkg_resources', 'time', 'zipfile', 'shutil', 'bz2', '_compression', 'threading', 'traceback', '_bz2', 'lzma', '_lzma', 'pwd', 'grp', 'binascii', 'platform', 'subprocess', 'signal', '_posixsubprocess', 'select', 'selectors', 'math', 'plistlib', 'datetime', '_datetime', 'xml', 'xml.parsers', 'xml.parsers.expat', 'pyexpat.errors', 'pyexpat.model', 'pyexpat', 'xml.parsers.expat.model', 'xml.parsers.expat.errors', 'email', 'email.parser', 'email.feedparser', 'email.errors', 'email._policybase', 'email.header', 'email.quoprimime', 'string', '_string', 'email.base64mime', 'base64', 'email.charset', 'email.encoders', 'quopri', 'email.utils', 'random', 'hashlib', '_hashlib', '_blake2', '_sha3', 'bisect', '_bisect', '_random', 'socket', '_socket', 'email._parseaddr', 'calendar', 'locale', 'tempfile', 'textwrap', 'pkg_resources.extern', 'pkg_resources._vendor', 'pkg_resources._vendor.appdirs', 'pkg_resources.extern.appdirs', 'pkg_resources._vendor.packaging', 'pkg_resources._vendor.packaging.__about__', 'pkg_resources.extern.packaging', 'pkg_resources.extern.packaging.version', 'typing', 'typing.io', 'typing.re', 'pkg_resources.extern.packaging._structures', 'pkg_resources.extern.packaging.specifiers', 'pkg_resources.extern.packaging.utils', 'pkg_resources.extern.packaging.tags', 'logging', 'atexit', 'sysconfig', 'pkg_resources._vendor.packaging._manylinux', 'pkg_resources._vendor.packaging._musllinux', 'pkg_resources.extern.packaging.requirements', 'pkg_resources._vendor.pyparsing', 'copy', 'pprint', 'pkg_resources.extern.pyparsing', 'pkg_resources.extern.packaging.markers', 'multiprocessing', 'multiprocessing.context', 'multiprocessing.process', 'multiprocessing.reduction', 'pickle', '_compat_pickle', '_pickle', 'array', '__mp_main__', 'multiprocessing.spawn', 'runpy', 'multiprocessing.util', 'multiprocessing.popen_fork', 'multiprocessing.popen_spawn_posix', 'concurrent', 'concurrent.futures', 'concurrent.futures._base', 'concurrent.futures.process', 'queue', 'multiprocessing.connection', '_multiprocessing', 'concurrent.futures.thread', 'argparse', 'gettext', 'common', 'common.api_common', 'json', 'json.decoder', 'json.scanner', '_json', 'json.encoder', 'paramiko', 'paramiko._version', 'paramiko.transport', 'cryptography', 'cryptography.__about__', 'cryptography.utils', 'cryptography.hazmat', 'cryptography.hazmat.backends', 'cryptography.hazmat.primitives', 'cryptography.hazmat.primitives.ciphers', 'cryptography.hazmat.primitives._cipheralgorithm', 'cryptography.hazmat.primitives.ciphers.base', 'cryptography.exceptions', 'cryptography.hazmat.primitives.ciphers.modes', 'cryptography.hazmat.primitives.ciphers.algorithms', 'paramiko.util', 'paramiko.common', 'paramiko.config', 'getpass', 'termios', 'shlex', 'paramiko.ssh_exception', 'paramiko.auth_handler', 'paramiko.message', 'paramiko.server', 'paramiko.ssh_gss', 'paramiko.channel', 'paramiko.file', 'paramiko.buffered_pipe', 'paramiko.pipe', 'paramiko.compress', 'paramiko.dsskey', 'cryptography.hazmat.primitives.hashes', 'cryptography.hazmat.primitives.serialization', 'cryptography.hazmat.primitives._serialization', 'cryptography.hazmat.primitives.serialization.base', 'cryptography.hazmat.primitives.asymmetric', 'cryptography.hazmat.primitives.asymmetric.dh', 'cryptography.hazmat.primitives.asymmetric.types', 'cryptography.hazmat.primitives.asymmetric.dsa', 'cryptography.hazmat.primitives.asymmetric.utils', 'cryptography.hazmat.bindings', '_cffi_backend', '_openssl.lib', '_openssl', 'cryptography.hazmat.bindings._rust', 'cryptography.hazmat.primitives.asymmetric.ec', 'cryptography.hazmat._oid', 'cryptography.hazmat.primitives.asymmetric.ed448', 'cryptography.hazmat.primitives.asymmetric.ed25519', 'cryptography.hazmat.primitives.asymmetric.rsa', 'cryptography.hazmat.primitives._asymmetric', 'cryptography.hazmat.primitives.asymmetric.x448', 'cryptography.hazmat.primitives.asymmetric.x25519', 'cryptography.hazmat.primitives.serialization.ssh', 'cryptography.hazmat.primitives.asymmetric.padding', 'bcrypt', '__future__', 'hmac', 'bcrypt.__about__', 'bcrypt._bcrypt', 'paramiko.ber', 'paramiko.sftp', 'paramiko.pkey', 'paramiko.ed25519key', 'nacl', 'nacl.signing', 'nacl.bindings', 'nacl.bindings.crypto_aead', 'nacl.exceptions', '_sodium.lib', '_sodium', 'nacl._sodium', 'nacl.bindings.crypto_box', 'nacl.bindings.crypto_core', 'nacl.bindings.crypto_generichash', 'nacl.bindings.crypto_hash', 'nacl.bindings.crypto_kx', 'nacl.bindings.crypto_pwhash', 'nacl.bindings.crypto_scalarmult', 'nacl.bindings.crypto_secretbox', 'nacl.bindings.crypto_secretstream', 'nacl.bindings.crypto_shorthash', 'nacl.bindings.crypto_sign', 'nacl.bindings.randombytes', 'nacl.bindings.sodium_core', 'nacl.bindings.utils', 'nacl.encoding', 'nacl.public', 'nacl.utils', 'paramiko.kex_curve25519', 'cryptography.hazmat.primitives.constant_time', 'paramiko.kex_gex', 'paramiko.kex_group1', 'paramiko.kex_group14', 'paramiko.kex_group16', 'paramiko.kex_ecdh_nist', 'paramiko.kex_gss', 'paramiko.packet', 'paramiko.primes', 'paramiko.rsakey', 'paramiko.ecdsakey', 'paramiko.sftp_client', 'paramiko.sftp_attr', 'paramiko.sftp_file', 'cryptography.hazmat.backends.openssl', 'cryptography.hazmat.backends.openssl.backend', 'cryptography.x509', 'cryptography.x509.certificate_transparency', 'cryptography.x509.base', 'cryptography.x509.extensions', 'ipaddress', 'cryptography.x509.general_name', 'cryptography.x509.name', 'cryptography.x509.oid', 'cryptography.hazmat.backends.openssl.aead', 'cryptography.hazmat.backends.openssl.ciphers', 'cryptography.hazmat.backends.openssl.cmac', 'cryptography.hazmat.backends.openssl.dh', 'cryptography.hazmat.backends.openssl.dsa', 'cryptography.hazmat.backends.openssl.utils', 'cryptography.hazmat.backends.openssl.ec', 'cryptography.hazmat.backends.openssl.ed448', 'cryptography.hazmat.backends.openssl.ed25519', 'cryptography.hazmat.backends.openssl.hashes', 'cryptography.hazmat.backends.openssl.hmac', 'cryptography.hazmat.backends.openssl.poly1305', 'cryptography.hazmat.backends.openssl.rsa', 'cryptography.hazmat.backends.openssl.x448', 'cryptography.hazmat.bindings.openssl', 'cryptography.hazmat.bindings.openssl.binding', 'cryptography.hazmat.bindings.openssl._conditional', 'cryptography.hazmat.primitives.kdf', 'cryptography.hazmat.primitives.kdf.scrypt', 'cryptography.hazmat.primitives.serialization.pkcs12', 'paramiko.client', 'paramiko.agent', 'paramiko.hostkeys', 'paramiko.auth_strategy', 'paramiko.sftp_server', 'paramiko.sftp_si', 'paramiko.sftp_handle', 'paramiko.proxy', 'sshtunnel', 'socketserver', 'utils', 'utils.exceptions', 'utils.logging', 'utils.complier', 'utils.rawdata_elements', 'common.pc_piechart', 'matplotlib', 'distutils', 'distutils.version', 'matplotlib.cbook', 'gzip', 'numpy', 'numpy._globals', 'numpy.__config__', 'numpy.version', 'numpy._distributor_init', 'numpy.core', 'numpy.core.multiarray', 'numpy.core.overrides', 'numpy.core._multiarray_umath', 'numpy.compat', 'numpy.compat._inspect', 'numpy.compat.py3k', 'numpy.core.umath', 'numpy.core.numerictypes', 'numbers', 'numpy.core._string_helpers', 'numpy.core._type_aliases', 'numpy.core._dtype', 'numpy.core.numeric', 'numpy.core.shape_base', 'numpy.core._asarray', 'numpy.core.fromnumeric', 'numpy.core._methods', 'numpy.core._exceptions', 'numpy.core._ufunc_config', 'numpy.core.arrayprint', 'numpy.core.defchararray', 'numpy.core.records', 'numpy.core.memmap', 'numpy.core.function_base', 'numpy.core.machar', 'numpy.core.getlimits', 'numpy.core.einsumfunc', 'numpy.core._add_newdocs', 'numpy.core._multiarray_tests', 'numpy.core._dtype_ctypes', 'numpy.core._internal', 'numpy._pytesttester', 'numpy.lib', 'numpy.lib.mixins', 'numpy.lib.scimath', 'numpy.lib.type_check', 'numpy.lib.ufunclike', 'numpy.lib.index_tricks', 'numpy.matrixlib', 'numpy.matrixlib.defmatrix', 'numpy.linalg', 'numpy.linalg.linalg', 'numpy.lib.twodim_base', 'numpy.linalg.lapack_lite', 'numpy.linalg._umath_linalg', 'numpy.lib.function_base', 'numpy.lib.histograms', 'numpy.lib.stride_tricks', 'numpy.lib.nanfunctions', 'numpy.lib.shape_base', 'numpy.lib.polynomial', 'numpy.lib.utils', 'numpy.lib.arraysetops', 'numpy.lib.npyio', 'numpy.lib.format', 'numpy.lib._datasource', 'numpy.lib._iotools', 'numpy.lib.financial', 'decimal', '_decimal', 'numpy.lib.arrayterator', 'numpy.lib.arraypad', 'numpy.lib._version', 'numpy.fft', 'numpy.fft._pocketfft', 'numpy.fft._pocketfft_internal', 'numpy.fft.helper', 'numpy.polynomial', 'numpy.polynomial.polynomial', 'numpy.polynomial.polyutils', 'numpy.polynomial._polybase', 'numpy.polynomial.chebyshev', 'numpy.polynomial.legendre', 'numpy.polynomial.hermite', 'numpy.polynomial.hermite_e', 'numpy.polynomial.laguerre', 'numpy.random', 'numpy.random._pickle', 'numpy.random.mtrand', 'cython_runtime', 'numpy.random.bit_generator', '_cython_0_29_21', 'numpy.random._common', 'secrets', 'numpy.random._bounded_integers', 'numpy.random._mt19937', 'numpy.random._philox', 'numpy.random._pcg64', 'numpy.random._sfc64', 'numpy.random._generator', 'numpy.ctypeslib', 'numpy.ma', 'numpy.ma.core', 'numpy.ma.extras', 'numpy.testing', 'unittest', 'unittest.result', 'unittest.util', 'unittest.case', 'difflib', 'unittest.suite', 'unittest.loader', 'unittest.main', 'unittest.runner', 'unittest.signals', 'numpy.testing._private', 'numpy.testing._private.utils', 'gc', 'numpy.testing._private.decorators', 'numpy.testing._private.nosetester', 'matplotlib.cbook.deprecation', 'matplotlib.rcsetup', 'matplotlib.animation', 'uuid', 'ctypes.util', 'matplotlib._animation_data', 'matplotlib.fontconfig_pattern', 'pyparsing', 'pyparsing.util', 'pyparsing.exceptions', 'pyparsing.unicode', 'pyparsing.actions', 'pyparsing.core', 'pyparsing.results', 'pyparsing.helpers', 'html', 'html.entities', 'pyparsing.testing', 'pyparsing.common', 'matplotlib.colors', 'matplotlib.docstring', 'matplotlib._color_data', 'cycler', 'matplotlib._version', 'matplotlib.ft2font', 'dateutil', 'dateutil._version', 'kiwisolver']
2026-06-26 12:18:58,511 DEBUG matplotlib: CACHEDIR=/tmp/tmp2iiyxe8j
2026-06-26 12:18:58,511 INFO matplotlib.font_manager: Generating new fontManager, this may take some time...
2026-06-26 12:18:58,511 DEBUG matplotlib.font_manager: font search path [PosixPath('/tmp/_MEITHxXtL/matplotlib/mpl-data/fonts/ttf'), PosixPath('/tmp/_MEITHxXtL/matplotlib/mpl-data/fonts/afm'), PosixPath('/tmp/_MEITHxXtL/matplotlib/mpl-data/fonts/pdfcorefonts')]
2026-06-26 12:18:58,800 DEBUG matplotlib.pyplot: Loaded backend agg version unknown.
2026-06-26 12:18:59,701 DEBUG urllib3.connectionpool: Starting new HTTP connection (1): 127.0.0.1:50123
2026-06-26 12:18:59,701 INFO common.api_common: load json file /opt/mcProfiler-linux/config/workgroup_memory.pcd error, so try to decrypt: Expecting value: line 1 column 1 (char 0)
2026-06-26 12:18:59,702 INFO common.api_common: load json file /opt/mcProfiler-linux/config/summary.pcd error, so try to decrypt: Expecting value: line 1 column 1 (char 0)
2026-06-26 12:18:59,702 INFO common.api_common: load json file /opt/mcProfiler-linux/config/occupancy.pcd error, so try to decrypt: Expecting value: line 1 column 1 (char 0)
2026-06-26 12:18:59,703 INFO common.api_common: load json file /opt/mcProfiler-linux/config/memory_statistics.pcd error, so try to decrypt: Expecting value: line 1 column 1 (char 0)
2026-06-26 12:18:59,704 INFO common.api_common: load json file /opt/mcProfiler-linux/config/isu_statistics.pcd error, so try to decrypt: Expecting value: line 1 column 1 (char 0)
2026-06-26 12:18:59,704 INFO common.api_common: load json file /opt/mcProfiler-linux/config/internal.pcd error, so try to decrypt: Expecting value: line 1 column 1 (char 0)
2026-06-26 12:18:59,704 INFO common.api_common: load json file /opt/mcProfiler-linux/config/instruction_statistics.pcd error, so try to decrypt: Expecting value: line 1 column 1 (char 0)
2026-06-26 12:18:59,705 INFO common.api_common: load json file /opt/mcProfiler-linux/config/gpu_throughput_statistics.pcd error, so try to decrypt: Expecting value: line 1 column 1 (char 0)
2026-06-26 12:18:59,705 INFO common.api_common: load json file /opt/mcProfiler-linux/config/compute_workload.pcd error, so try to decrypt: Expecting value: line 1 column 1 (char 0)
2026-06-26 12:18:59,705 INFO common.api_common: load json file /opt/mcProfiler-linux/config/ce_statistics.pcd error, so try to decrypt: Expecting value: line 1 column 1 (char 0)
2026-06-26 12:18:59,713 INFO werkzeug:  * Running on http://127.0.0.1:50123/ (Press CTRL+C to quit)
2026-06-26 12:19:00,204 DEBUG urllib3.connectionpool: Starting new HTTP connection (1): 127.0.0.1:50123
2026-06-26 12:19:00,207 INFO werkzeug: 127.0.0.1 - - [26/Jun/2026 12:19:00] "GET / HTTP/1.1" 200 -
2026-06-26 12:19:00,207 DEBUG urllib3.connectionpool: http://127.0.0.1:50123 "GET / HTTP/1.1" 200 29
2026-06-26 12:19:00,209 DEBUG urllib3.connectionpool: Starting new HTTP connection (1): 127.0.0.1:50123
2026-06-26 12:19:00,210 INFO werkzeug: 127.0.0.1 - - [26/Jun/2026 12:19:00] "GET /show_metrics HTTP/1.1" 200 -
2026-06-26 12:19:00,210 DEBUG urllib3.connectionpool: http://127.0.0.1:50123 "GET /show_metrics HTTP/1.1" 200 1989
2026-06-26 12:19:00,212 DEBUG urllib3.connectionpool: Starting new HTTP connection (1): 127.0.0.1:50123
2026-06-26 12:19:00,232 INFO phttp.http_server: start a new perf exec thread
2026-06-26 12:19:00,232 INFO phttp.server_backend: start perf_exec
2026-06-26 12:19:00,232 INFO phttp.http_server: new exec 7bb19ab4-f44e-4a45-b647-cfeab65ea988:('export MACA_PATH=/opt/maca/; export LD_LIBRARY_PATH=/opt/maca/lib/:${LD_LIBRARY_PATH}; bash run.sh 0 1 2', 'apply_mix_v0_baseline', ['WORKGROUPS', 'WAVES', 'Average Wave life cycles', 'instruction per cycle', 'instruction throughput', 'instruction throughput efficiency', 'AP active cycles', 'AP MTE Duty ratio', 'AP STE Duty ratio', 'AP MMA Duty ratio', 'VLS Duty ratio', 'L2C Duty ratio', 'Compute Instructions Cycles Rate', 'DPC Computing cycles comparison', 'Instructions Comparison', 'ISU stall cycles layout', 'instruction number', 'instructions per AP', 'RoofLine', 'Global Read Instructions', 'Global Write Instructions', 'Global Atomic Instructions', 'Private Read Instructions', 'Private Write Instructions', 'Constant Read Instructions', 'Constant Read SL1 Instructions', 'Constant Read L2 Instructions', 'Constant SL1 Hit Rate', 'VL1 Read Instructions', 'VL1 Write Instructions', 'VL1 Atomic Instructions', 'VL1 Hit Rate', 'L2C Read Instructions', 'L2C Write Instructions', 'L2C Atomic Instructions', 'L2C Hit Rate', 'Total Atomic Instructions', 'Dnoc Read Req', 'Dnoc Write Req', 'Global Memory Read bytes', 'Global Memory Write bytes', 'Memory Data Flow Chart', 'Dnoc Read Average Latency', 'Dnoc Read Latency Histogram', 'VL1 partition stall cycles layout', 'Achieved waves', 'Dispatched waves', 'Total Instructions', 'Compute Instructions', 'Memory Instructions', 'Total Cycles', 'Memory Access per Second', 'Average AP busy cycles', 'AP busy Duty', 'Compute Instructions busy Duty', 'load instructions', 'store instructions', 'atomic instructions', 'total instructions', 'average latency per load instruction', 'average latency per store instruction', 'average latency per atomic instruction', 'average latency of all stages per instruction', 'average cycles per load instruction', 'average cycles per store instruction', 'average cycles per atomic instruction', 'average conflict cycles per instruction', 'average cycles per instruction', 'shared memory access efficiency'])
2026-06-26 12:19:00,234 INFO werkzeug: 127.0.0.1 - - [26/Jun/2026 12:19:00] "POST /perf_exec HTTP/1.1" 200 -
2026-06-26 12:19:00,234 INFO common.api_common: ret_code cmdline_str: env
2026-06-26 12:19:00,234 DEBUG urllib3.connectionpool: http://127.0.0.1:50123 "POST /perf_exec HTTP/1.1" 200 51
2026-06-26 12:19:00,246 INFO common.api_common: ret_code cmdline_str: ls /sys/devices/virtual/mxcd/
2026-06-26 12:19:00,254 INFO common.api_common: ret_code cmdline_str: ls /sys/devices/virtual/mxcd/mxcd/layout/nodes/
2026-06-26 12:19:00,260 INFO phttp.server_backend: get_device_info.layout nodes: ['0', '1', '2', '3', '4', '5', '6', '7', '8', '9']
2026-06-26 12:19:00,260 INFO common.api_common: ret_code cmdline_str: cat /sys/devices/virtual/mxcd/mxcd/layout/nodes//0/gpu_id
2026-06-26 12:19:00,266 INFO phttp.server_backend: get_device_info.node 0 gpu_id 0
2026-06-26 12:19:00,266 INFO common.api_common: ret_code cmdline_str: cat /sys/devices/virtual/mxcd/mxcd/layout/nodes//1/gpu_id
2026-06-26 12:19:00,271 INFO phttp.server_backend: get_device_info.node 1 gpu_id 0
2026-06-26 12:19:00,272 INFO common.api_common: ret_code cmdline_str: cat /sys/devices/virtual/mxcd/mxcd/layout/nodes//2/gpu_id
2026-06-26 12:19:00,277 INFO phttp.server_backend: get_device_info.node 2 gpu_id 64198
2026-06-26 12:19:00,277 INFO phttp.server_backend: get_device_info.using node id 2
2026-06-26 12:19:00,277 INFO common.api_common: ret_code cmdline_str: cat /sys/devices/virtual/mxcd/mxcd/layout/nodes//3/gpu_id
2026-06-26 12:19:00,282 INFO phttp.server_backend: get_device_info.node 3 gpu_id 27143
2026-06-26 12:19:00,282 INFO phttp.server_backend: get_device_info.using node id 3
2026-06-26 12:19:00,282 INFO common.api_common: ret_code cmdline_str: cat /sys/devices/virtual/mxcd/mxcd/layout/nodes//4/gpu_id
2026-06-26 12:19:00,287 INFO phttp.server_backend: get_device_info.node 4 gpu_id 22597
2026-06-26 12:19:00,287 INFO phttp.server_backend: get_device_info.using node id 4
2026-06-26 12:19:00,287 INFO common.api_common: ret_code cmdline_str: cat /sys/devices/virtual/mxcd/mxcd/layout/nodes//5/gpu_id
2026-06-26 12:19:00,293 INFO phttp.server_backend: get_device_info.node 5 gpu_id 24589
2026-06-26 12:19:00,293 INFO phttp.server_backend: get_device_info.using node id 5
2026-06-26 12:19:00,293 INFO common.api_common: ret_code cmdline_str: cat /sys/devices/virtual/mxcd/mxcd/layout/nodes//6/gpu_id
2026-06-26 12:19:00,298 INFO phttp.server_backend: get_device_info.node 6 gpu_id 18772
2026-06-26 12:19:00,298 INFO phttp.server_backend: get_device_info.using node id 6
2026-06-26 12:19:00,298 INFO common.api_common: ret_code cmdline_str: cat /sys/devices/virtual/mxcd/mxcd/layout/nodes//7/gpu_id
2026-06-26 12:19:00,303 INFO phttp.server_backend: get_device_info.node 7 gpu_id 61138
2026-06-26 12:19:00,303 INFO phttp.server_backend: get_device_info.using node id 7
2026-06-26 12:19:00,303 INFO common.api_common: ret_code cmdline_str: cat /sys/devices/virtual/mxcd/mxcd/layout/nodes//8/gpu_id
2026-06-26 12:19:00,308 INFO phttp.server_backend: get_device_info.node 8 gpu_id 8082
2026-06-26 12:19:00,308 INFO phttp.server_backend: get_device_info.using node id 8
2026-06-26 12:19:00,308 INFO common.api_common: ret_code cmdline_str: cat /sys/devices/virtual/mxcd/mxcd/layout/nodes//9/gpu_id
2026-06-26 12:19:00,313 INFO phttp.server_backend: get_device_info.node 9 gpu_id 11728
2026-06-26 12:19:00,313 INFO phttp.server_backend: get_device_info.using node id 9
2026-06-26 12:19:00,313 INFO common.api_common: ret_code cmdline_str: cat /sys/devices/virtual/mxcd/mxcd/layout/nodes//2/properties
2026-06-26 12:19:00,318 ERROR phttp.server_backend: get_device_info.parse 2 device info vbios_version 1.25.1.0 error.
2026-06-26 12:19:00,318 ERROR phttp.server_backend: get_device_info.parse 2 device info  error.
2026-06-26 12:19:00,318 ERROR phttp.server_backend: get_device_info.parse 2 device info  error.
2026-06-26 12:19:00,318 INFO common.api_common: ret_code cmdline_str: cat /sys/devices/virtual/mxcd/mxcd/layout/nodes//3/properties
2026-06-26 12:19:00,323 ERROR phttp.server_backend: get_device_info.parse 3 device info vbios_version 1.25.1.0 error.
2026-06-26 12:19:00,324 ERROR phttp.server_backend: get_device_info.parse 3 device info  error.
2026-06-26 12:19:00,324 INFO common.api_common: ret_code cmdline_str: cat /sys/devices/virtual/mxcd/mxcd/layout/nodes//4/properties
2026-06-26 12:19:00,329 ERROR phttp.server_backend: get_device_info.parse 4 device info vbios_version 1.25.1.0 error.
2026-06-26 12:19:00,329 ERROR phttp.server_backend: get_device_info.parse 4 device info  error.
2026-06-26 12:19:00,329 INFO common.api_common: ret_code cmdline_str: cat /sys/devices/virtual/mxcd/mxcd/layout/nodes//5/properties
2026-06-26 12:19:00,334 ERROR phttp.server_backend: get_device_info.parse 5 device info vbios_version 1.25.1.0 error.
2026-06-26 12:19:00,334 ERROR phttp.server_backend: get_device_info.parse 5 device info  error.
2026-06-26 12:19:00,334 ERROR phttp.server_backend: get_device_info.parse 5 device info  error.
2026-06-26 12:19:00,334 INFO common.api_common: ret_code cmdline_str: cat /sys/devices/virtual/mxcd/mxcd/layout/nodes//6/properties
2026-06-26 12:19:00,339 ERROR phttp.server_backend: get_device_info.parse 6 device info vbios_version 1.25.1.0 error.
2026-06-26 12:19:00,339 ERROR phttp.server_backend: get_device_info.parse 6 device info  error.
2026-06-26 12:19:00,339 ERROR phttp.server_backend: get_device_info.parse 6 device info  error.
2026-06-26 12:19:00,339 INFO common.api_common: ret_code cmdline_str: cat /sys/devices/virtual/mxcd/mxcd/layout/nodes//7/properties
2026-06-26 12:19:00,344 ERROR phttp.server_backend: get_device_info.parse 7 device info vbios_version 1.25.1.0 error.
2026-06-26 12:19:00,344 ERROR phttp.server_backend: get_device_info.parse 7 device info  error.
2026-06-26 12:19:00,344 INFO common.api_common: ret_code cmdline_str: cat /sys/devices/virtual/mxcd/mxcd/layout/nodes//8/properties
2026-06-26 12:19:00,349 ERROR phttp.server_backend: get_device_info.parse 8 device info vbios_version 1.25.1.0 error.
2026-06-26 12:19:00,349 INFO common.api_common: ret_code cmdline_str: cat /sys/devices/virtual/mxcd/mxcd/layout/nodes//9/properties
2026-06-26 12:19:00,355 ERROR phttp.server_backend: get_device_info.parse 9 device info vbios_version 1.25.1.0 error.
2026-06-26 12:19:00,355 ERROR phttp.server_backend: get_device_info.parse 9 device info  error.
2026-06-26 12:19:00,355 INFO phttp.server_backend: get_device_info.device_info: {'2': {'gpu_id': '64198', 'cpu_cores_count': 0, 'mem_banks_count': 1, 'direct_link_count': 4, 'indirect_link_count': 8, 'vendor_id': 39321, 'device_id': 16385, 'drm_render_minor': 128, 'isa_major': 10, 'isa_minor': 0, 'is_vf': 0, 'max_vf_nums': 8, 'domain': 0, 'location_id': 2048, 'num_sdma_engines': 5, 'num_sdma_queues_per_engine': 9, 'num_vpue_cores': 1, 'num_vpud_cores': 8, 'caches_count': 157, 'peu_id_base': 0, 'peu_count': 416, 'max_waves_per_peu': 8, 'wsm_size_in_kb': 64, 'wave_front_size': 64, 'dpc_count': 8, 'dpc0_ap_mask': 8191, 'dpc1_ap_mask': 73727, 'dpc2_ap_mask': 139263, 'dpc3_ap_mask': 204799, 'dpc4_ap_mask': 270335, 'dpc5_ap_mask': 344061, 'dpc6_ap_mask': 401407, 'dpc7_ap_mask': 466943, 'dpc_arrays': 1, 'ap_per_dpc': 13, 'peu_per_ap': 4, 'pri_mem_per_thread': 4, 'max_slots_private_ap': 32, 'num_ce_queues': 16, 'max_engine_clk_gpu': 1600, 'max_engine_clk_cpu': 3600, 'mgpu_id': 0, 'topology_id': 2, 'socket_id': 2, 'hbmecc': 1, 'local_mem_size': 68719476736, 'capability': 4432512, 'maxprocess': 10}, '3': {'gpu_id': '27143', 'cpu_cores_count': 0, 'mem_banks_count': 1, 'direct_link_count': 4, 'indirect_link_count': 8, 'vendor_id': 39321, 'device_id': 16385, 'drm_render_minor': 129, 'isa_major': 10, 'isa_minor': 0, 'is_vf': 0, 'max_vf_nums': 8, 'domain': 0, 'location_id': 2304, 'num_sdma_engines': 5, 'num_sdma_queues_per_engine': 9, 'num_vpue_cores': 1, 'num_vpud_cores': 8, 'caches_count': 157, 'peu_id_base': 0, 'peu_count': 416, 'max_waves_per_peu': 8, 'wsm_size_in_kb': 64, 'wave_front_size': 64, 'dpc_count': 8, 'dpc0_ap_mask': 8191, 'dpc1_ap_mask': 73727, 'dpc2_ap_mask': 139263, 'dpc3_ap_mask': 204799, 'dpc4_ap_mask': 270335, 'dpc5_ap_mask': 344062, 'dpc6_ap_mask': 401407, 'dpc7_ap_mask': 474623, 'dpc_arrays': 1, 'ap_per_dpc': 13, 'peu_per_ap': 4, 'pri_mem_per_thread': 4, 'max_slots_private_ap': 32, 'num_ce_queues': 16, 'max_engine_clk_gpu': 1600, 'max_engine_clk_cpu': 3600, 'mgpu_id': 0, 'topology_id': 2, 'socket_id': 0, 'hbmecc': 1, 'local_mem_size': 68719476736, 'capability': 4432512, 'maxprocess': 10}, '4': {'gpu_id': '22597', 'cpu_cores_count': 0, 'mem_banks_count': 1, 'direct_link_count': 4, 'indirect_link_count': 8, 'vendor_id': 39321, 'device_id': 16385, 'drm_render_minor': 130, 'isa_major': 10, 'isa_minor': 0, 'is_vf': 0, 'max_vf_nums': 8, 'domain': 0, 'location_id': 3584, 'num_sdma_engines': 5, 'num_sdma_queues_per_engine': 9, 'num_vpue_cores': 1, 'num_vpud_cores': 8, 'caches_count': 157, 'peu_id_base': 0, 'peu_count': 416, 'max_waves_per_peu': 8, 'wsm_size_in_kb': 64, 'wave_front_size': 64, 'dpc_count': 8, 'dpc0_ap_mask': 8191, 'dpc1_ap_mask': 73727, 'dpc2_ap_mask': 139263, 'dpc3_ap_mask': 204799, 'dpc4_ap_mask': 270335, 'dpc5_ap_mask': 335871, 'dpc6_ap_mask': 401407, 'dpc7_ap_mask': 466943, 'dpc_arrays': 1, 'ap_per_dpc': 13, 'peu_per_ap': 4, 'pri_mem_per_thread': 4, 'max_slots_private_ap': 32, 'num_ce_queues': 16, 'max_engine_clk_gpu': 1600, 'max_engine_clk_cpu': 3600, 'mgpu_id': 0, 'topology_id': 2, 'socket_id': 3, 'hbmecc': 1, 'local_mem_size': 68719476736, 'capability': 4432512, 'maxprocess': 10}, '5': {'gpu_id': '24589', 'cpu_cores_count': 0, 'mem_banks_count': 1, 'direct_link_count': 4, 'indirect_link_count': 8, 'vendor_id': 39321, 'device_id': 16385, 'drm_render_minor': 131, 'isa_major': 10, 'isa_minor': 0, 'is_vf': 0, 'max_vf_nums': 8, 'domain': 0, 'location_id': 4352, 'num_sdma_engines': 5, 'num_sdma_queues_per_engine': 9, 'num_vpue_cores': 1, 'num_vpud_cores': 8, 'caches_count': 157, 'peu_id_base': 0, 'peu_count': 416, 'max_waves_per_peu': 8, 'wsm_size_in_kb': 64, 'wave_front_size': 64, 'dpc_count': 8, 'dpc0_ap_mask': 8191, 'dpc1_ap_mask': 73727, 'dpc2_ap_mask': 139263, 'dpc3_ap_mask': 204799, 'dpc4_ap_mask': 270335, 'dpc5_ap_mask': 335871, 'dpc6_ap_mask': 401407, 'dpc7_ap_mask': 466943, 'dpc_arrays': 1, 'ap_per_dpc': 13, 'peu_per_ap': 4, 'pri_mem_per_thread': 4, 'max_slots_private_ap': 32, 'num_ce_queues': 16, 'max_engine_clk_gpu': 1600, 'max_engine_clk_cpu': 3600, 'mgpu_id': 0, 'topology_id': 2, 'socket_id': 1, 'hbmecc': 1, 'local_mem_size': 68719476736, 'capability': 4432512, 'maxprocess': 10}, '6': {'gpu_id': '18772', 'cpu_cores_count': 0, 'mem_banks_count': 1, 'direct_link_count': 4, 'indirect_link_count': 8, 'vendor_id': 39321, 'device_id': 16385, 'drm_render_minor': 132, 'isa_major': 10, 'isa_minor': 0, 'is_vf': 0, 'max_vf_nums': 8, 'domain': 0, 'location_id': 12800, 'num_sdma_engines': 5, 'num_sdma_queues_per_engine': 9, 'num_vpue_cores': 1, 'num_vpud_cores': 8, 'caches_count': 157, 'peu_id_base': 0, 'peu_count': 416, 'max_waves_per_peu': 8, 'wsm_size_in_kb': 64, 'wave_front_size': 64, 'dpc_count': 8, 'dpc0_ap_mask': 8191, 'dpc1_ap_mask': 73727, 'dpc2_ap_mask': 139263, 'dpc3_ap_mask': 204799, 'dpc4_ap_mask': 270335, 'dpc5_ap_mask': 335871, 'dpc6_ap_mask': 407551, 'dpc7_ap_mask': 466943, 'dpc_arrays': 1, 'ap_per_dpc': 13, 'peu_per_ap': 4, 'pri_mem_per_thread': 4, 'max_slots_private_ap': 32, 'num_ce_queues': 16, 'max_engine_clk_gpu': 1600, 'max_engine_clk_cpu': 3600, 'mgpu_id': 0, 'topology_id': 2, 'socket_id': 0, 'hbmecc': 1, 'local_mem_size': 68719476736, 'capability': 4432512, 'maxprocess': 10}, '7': {'gpu_id': '61138', 'cpu_cores_count': 0, 'mem_banks_count': 1, 'direct_link_count': 4, 'indirect_link_count': 8, 'vendor_id': 39321, 'device_id': 16385, 'drm_render_minor': 133, 'isa_major': 10, 'isa_minor': 0, 'is_vf': 0, 'max_vf_nums': 8, 'domain': 0, 'location_id': 14336, 'num_sdma_engines': 5, 'num_sdma_queues_per_engine': 9, 'num_vpue_cores': 1, 'num_vpud_cores': 8, 'caches_count': 157, 'peu_id_base': 0, 'peu_count': 416, 'max_waves_per_peu': 8, 'wsm_size_in_kb': 64, 'wave_front_size': 64, 'dpc_count': 8, 'dpc0_ap_mask': 8191, 'dpc1_ap_mask': 73727, 'dpc2_ap_mask': 139263, 'dpc3_ap_mask': 204799, 'dpc4_ap_mask': 270335, 'dpc5_ap_mask': 335871, 'dpc6_ap_mask': 401407, 'dpc7_ap_mask': 466943, 'dpc_arrays': 1, 'ap_per_dpc': 13, 'peu_per_ap': 4, 'pri_mem_per_thread': 4, 'max_slots_private_ap': 32, 'num_ce_queues': 16, 'max_engine_clk_gpu': 1600, 'max_engine_clk_cpu': 3600, 'mgpu_id': 0, 'topology_id': 2, 'socket_id': 2, 'hbmecc': 1, 'local_mem_size': 68719476736, 'capability': 4432512, 'maxprocess': 10}, '8': {'gpu_id': '8082', 'cpu_cores_count': 0, 'mem_banks_count': 1, 'direct_link_count': 4, 'indirect_link_count': 8, 'vendor_id': 39321, 'device_id': 16385, 'drm_render_minor': 134, 'isa_major': 10, 'isa_minor': 0, 'is_vf': 0, 'max_vf_nums': 8, 'domain': 0, 'location_id': 15104, 'num_sdma_engines': 5, 'num_sdma_queues_per_engine': 9, 'num_vpue_cores': 1, 'num_vpud_cores': 8, 'caches_count': 157, 'peu_id_base': 0, 'peu_count': 416, 'max_waves_per_peu': 8, 'wsm_size_in_kb': 64, 'wave_front_size': 64, 'dpc_count': 8, 'dpc0_ap_mask': 8191, 'dpc1_ap_mask': 73727, 'dpc2_ap_mask': 139263, 'dpc3_ap_mask': 204799, 'dpc4_ap_mask': 270335, 'dpc5_ap_mask': 344031, 'dpc6_ap_mask': 401407, 'dpc7_ap_mask': 466943, 'dpc_arrays': 1, 'ap_per_dpc': 13, 'peu_per_ap': 4, 'pri_mem_per_thread': 4, 'max_slots_private_ap': 32, 'num_ce_queues': 16, 'max_engine_clk_gpu': 1600, 'max_engine_clk_cpu': 3600, 'mgpu_id': 0, 'topology_id': 2, 'socket_id': 3, 'hbmecc': 1, 'local_mem_size': 68719476736, 'capability': 4432512, 'maxprocess': 10}, '9': {'gpu_id': '11728', 'cpu_cores_count': 0, 'mem_banks_count': 1, 'direct_link_count': 4, 'indirect_link_count': 8, 'vendor_id': 39321, 'device_id': 16385, 'drm_render_minor': 135, 'isa_major': 10, 'isa_minor': 0, 'is_vf': 0, 'max_vf_nums': 8, 'domain': 0, 'location_id': 15360, 'num_sdma_engines': 5, 'num_sdma_queues_per_engine': 9, 'num_vpue_cores': 1, 'num_vpud_cores': 8, 'caches_count': 157, 'peu_id_base': 0, 'peu_count': 416, 'max_waves_per_peu': 8, 'wsm_size_in_kb': 64, 'wave_front_size': 64, 'dpc_count': 8, 'dpc0_ap_mask': 8191, 'dpc1_ap_mask': 73727, 'dpc2_ap_mask': 139263, 'dpc3_ap_mask': 204799, 'dpc4_ap_mask': 270335, 'dpc5_ap_mask': 335871, 'dpc6_ap_mask': 401407, 'dpc7_ap_mask': 466943, 'dpc_arrays': 1, 'ap_per_dpc': 13, 'peu_per_ap': 4, 'pri_mem_per_thread': 4, 'max_slots_private_ap': 32, 'num_ce_queues': 16, 'max_engine_clk_gpu': 1600, 'max_engine_clk_cpu': 3600, 'mgpu_id': 0, 'topology_id': 2, 'socket_id': 1, 'hbmecc': 1, 'local_mem_size': 68719476736, 'capability': 4432512, 'maxprocess': 10}}
2026-06-26 12:19:00,355 INFO phttp.server_backend: start generate batch files
2026-06-26 12:19:00,356 INFO utils.complier: analyse  formula:[]
2026-06-26 12:19:00,356 INFO utils.complier: analyse  formula:[{'type': 'PRE_VAR', 'value': '@compute_instructions'}, {'type': 'PRE_VAR', 'value': '@memory_instructions'}]
2026-06-26 12:19:00,356 INFO utils.complier: analyse  formula:[]
2026-06-26 12:19:00,356 INFO utils.complier: analyse  formula:[]
2026-06-26 12:19:00,356 INFO utils.complier: analyse  formula:[{'type': 'PRE_VAR', 'value': '@compute_instructions'}]
2026-06-26 12:19:00,356 INFO utils.complier: analyse  formula:[]
2026-06-26 12:19:00,356 INFO utils.complier: analyse  formula:[]
2026-06-26 12:19:00,356 INFO utils.complier: analyse  formula:[{'type': 'PRE_VAR', 'value': '@memory_instructions'}]
2026-06-26 12:19:00,356 INFO utils.complier: analyse  formula:[]
2026-06-26 12:19:00,356 INFO utils.complier: analyse  formula:[{'type': 'VARIABLE', 'value': '{{CE.CE_PERF_BUSY_CYCLES}}'}]
2026-06-26 12:19:00,356 INFO utils.complier: analyse  formula:[]
2026-06-26 12:19:00,357 INFO utils.complier: analyse  formula:[]
2026-06-26 12:19:00,357 INFO utils.complier: analyse  formula:[{'type': 'VARIABLE', 'value': '{{L2C.perf_dnoc_rdreq_32B}}'}, {'type': 'VARIABLE', 'value': '{{L2C.perf_dnoc_rdreq_64B}}'}, {'type': 'VARIABLE', 'value': '{{L2C.perf_dnoc_rdreq_128B}}'}, {'type': 'VARIABLE', 'value': '{{L2C.perf_dnoc_wrreq_32B_low}}'}, {'type': 'VARIABLE', 'value': '{{L2C.perf_dnoc_wrreq_32B_high}}'}, {'type': 'VARIABLE', 'value': '{{L2C.perf_dnoc_wrreq_64B}}'}, {'type': 'VARIABLE', 'value': '{{L2C.perf_dnoc_wrreq_128B}}'}, {'type': 'VARIABLE', 'value': '{{ISU.AP_PERF_ISU_AP_BUSY}}'}]
2026-06-26 12:19:00,357 INFO utils.complier: analyse  formula:[]
2026-06-26 12:19:00,358 INFO utils.complier: analyse  formula:[]
2026-06-26 12:19:00,358 INFO utils.complier: analyse  formula:[{'type': 'VARIABLE', 'value': '{{ISU.AP_PERF_ISU_AP_BUSY}}'}]
2026-06-26 12:19:00,358 INFO utils.complier: analyse  formula:[]
2026-06-26 12:19:00,358 INFO utils.complier: analyse  formula:[]
2026-06-26 12:19:00,359 INFO utils.complier: analyse  formula:[{'type': 'VARIABLE', 'value': '{{ISU.AP_PERF_ISU_AP_BUSY}}'}, {'type': 'VARIABLE', 'value': '{{CE.CE_PERF_BUSY_CYCLES}}'}]
2026-06-26 12:19:00,359 INFO utils.complier: analyse  formula:[]
2026-06-26 12:19:00,359 INFO utils.complier: analyse  formula:[]
2026-06-26 12:19:00,359 INFO utils.complier: analyse  formula:[{'type': 'VARIABLE', 'value': '{{ISU.AP_PERF_INST_CYCLES_VALU}}'}, {'type': 'VARIABLE', 'value': '{{ISU.AP_PERF_INST_CYCLES_MMA}}'}, {'type': 'VARIABLE', 'value': '{{ISU.AP_PERF_ISU_AP_BUSY}}'}]
2026-06-26 12:19:00,359 INFO utils.complier: analyse  formula:[]
2026-06-26 12:19:00,359 INFO utils.complier: analyse  formula:[]
2026-06-26 12:19:00,359 INFO utils.complier: analyse  formula:[{'type': 'VARIABLE', 'value': '{{CE.CE_PERF_SEND_RM_WORKGROUPS}}'}]
2026-06-26 12:19:00,359 INFO utils.complier: analyse  formula:[]
2026-06-26 12:19:00,359 INFO utils.complier: analyse  formula:[]
2026-06-26 12:19:00,359 INFO utils.complier: analyse  formula:[{'type': 'VARIABLE', 'value': '{{CE.CE_PERF_SEND_RM_WAVES}}'}]
2026-06-26 12:19:00,359 INFO utils.complier: analyse  formula:[]
2026-06-26 12:19:00,359 INFO utils.complier: analyse  formula:[]
2026-06-26 12:19:00,360 INFO utils.complier: analyse  formula:[{'type': 'VARIABLE', 'value': '{{RM.RM_PERF_WAVES_InFlight_Level_P0}}'}, {'type': 'VARIABLE', 'value': '{{RM.RM_PERF_WAVES_InFlight_Level_P1}}'}, {'type': 'VARIABLE', 'value': '{{RM.RM_PERF_WAVES_InFlight_Level_P2}}'}, {'type': 'VARIABLE', 'value': '{{RM.RM_PERF_WAVES_InFlight_Level_P3}}'}, {'type': 'VARIABLE', 'value': '{{CE.CE_PERF_SEND_RM_WAVES}}'}]
2026-06-26 12:19:00,360 INFO utils.complier: analyse  formula:[]
2026-06-26 12:19:00,360 INFO utils.complier: analyse  formula:[]
2026-06-26 12:19:00,361 INFO utils.complier: analyse  formula:[{'type': 'VARIABLE', 'value': '{{ISU.AP_PERF_INST_CYCLES_VALU_4CYCLES}}'}, {'type': 'VARIABLE', 'value': '{{ISU.AP_PERF_INST_CYCLES_VALU_16CYCLES}}'}, {'type': 'VARIABLE', 'value': '{{ISU.AP_PERF_INST_CYCLES_MMA_16CYCLES}}'}, {'type': 'VARIABLE', 'value': '{{ISU.AP_PERF_INST_CYCLES_MMA_32CYCLES}}'}]
2026-06-26 12:19:00,362 INFO utils.complier: analyse  formula:[]
2026-06-26 12:19:00,362 INFO utils.complier: analyse  formula:[]
2026-06-26 12:19:00,363 INFO utils.complier: analyse  formula:[{'type': 'VARIABLE_DICT', 'value': '{{{ISU.AP_PERF_INST_CYCLES_MMA}}}'}, {'type': 'VARIABLE_DICT', 'value': '{{{ISU.AP_PERF_INST_CYCLES_MMA}}}'}, {'type': 'VARIABLE_DICT', 'value': '{{{ISU.AP_PERF_INST_CYCLES_VALU}}}'}]
2026-06-26 12:19:00,363 INFO utils.complier: analyse  formula:[]
2026-06-26 12:19:00,364 INFO utils.complier: analyse  formula:[]
2026-06-26 12:19:00,365 INFO utils.complier: analyse  formula:[{'type': 'VARIABLE', 'value': '{{ISU.AP_PERF_INSTS_VALU}}'}, {'type': 'VARIABLE', 'value': '{{ISU.AP_PERF_INSTS_MMA}}'}, {'type': 'VARIABLE', 'value': '{{ISU.AP_PERF_INSTS_SALU}}'}, {'type': 'VARIABLE', 'value': '{{ISU.AP_PERF_INSTS_GVM}}'}, {'type': 'VARIABLE', 'value': '{{ISU.AP_PERF_INSTS_BSM}}'}, {'type': 'VARIABLE', 'value': '{{ISU.AP_PERF_INSTS_LDU}}'}, {'type': 'VARIABLE', 'value': '{{ISU.AP_PERF_INST_MISC}}'}]
2026-06-26 12:19:00,365 INFO utils.complier: analyse  formula:[]
2026-06-26 12:19:00,366 INFO utils.complier: analyse  formula:[]
2026-06-26 12:19:00,367 INFO utils.complier: analyse  formula:[{'type': 'VARIABLE', 'value': '{{ISU.AP_PERF_ISU_ARB_WSM_STALL}}'}, {'type': 'VARIABLE', 'value': '{{ISU.AP_PERF_ISU_ARB_VLS_STALL}}'}, {'type': 'VARIABLE', 'value': '{{ISU.AP_PERF_ISU_ARB_DATA_STALL}}'}, {'type': 'VARIABLE', 'value': '{{ISU.AP_PERF_ISU_ARB_VALU_STALL}}'}]
2026-06-26 12:19:00,368 INFO utils.complier: analyse  formula:[]
2026-06-26 12:19:00,368 INFO utils.complier: analyse  formula:[]
2026-06-26 12:19:00,368 INFO utils.complier: analyse  formula:[]
2026-06-26 12:19:00,368 INFO utils.complier: analyse  formula:[{'type': 'PRE_VAR', 'value': '@global_insts_rd'}]
2026-06-26 12:19:00,369 INFO utils.complier: analyse  formula:[]
2026-06-26 12:19:00,369 INFO utils.complier: analyse  formula:[]
2026-06-26 12:19:00,369 INFO utils.complier: analyse  formula:[{'type': 'PRE_VAR', 'value': '@global_insts_wr'}]
2026-06-26 12:19:00,369 INFO utils.complier: analyse  formula:[]
2026-06-26 12:19:00,369 INFO utils.complier: analyse  formula:[{'type': 'VARIABLE', 'value': '{{ISU.AP_PERF_INST_GLOBAL_ATOMIC}}'}, {'type': 'VARIABLE', 'value': '{{ISU.AP_PERF_INST_GLOBAL_ATOMIC_64}}'}]
2026-06-26 12:19:00,369 INFO utils.complier: analyse  formula:[]
2026-06-26 12:19:00,369 INFO utils.complier: analyse  formula:[]
2026-06-26 12:19:00,369 INFO utils.complier: analyse  formula:[]
2026-06-26 12:19:00,369 INFO utils.complier: analyse  formula:[{'type': 'PRE_VAR', 'value': '@private_insts_rd'}]
2026-06-26 12:19:00,369 INFO utils.complier: analyse  formula:[]
2026-06-26 12:19:00,369 INFO utils.complier: analyse  formula:[]
2026-06-26 12:19:00,369 INFO utils.complier: analyse  formula:[{'type': 'PRE_VAR', 'value': '@private_insts_wr'}]
2026-06-26 12:19:00,369 INFO utils.complier: analyse  formula:[]
2026-06-26 12:19:00,369 INFO utils.complier: analyse  formula:[]
2026-06-26 12:19:00,369 INFO utils.complier: analyse  formula:[{'type': 'PRE_VAR', 'value': '@ldu_insts_rd'}]
2026-06-26 12:19:00,369 INFO utils.complier: analyse  formula:[]
2026-06-26 12:19:00,369 INFO utils.complier: analyse  formula:[]
2026-06-26 12:19:00,369 INFO utils.complier: analyse  formula:[{'type': 'PRE_VAR', 'value': '@sl1_rd'}]
2026-06-26 12:19:00,369 INFO utils.complier: analyse  formula:[]
2026-06-26 12:19:00,370 INFO utils.complier: analyse  formula:[]
2026-06-26 12:19:00,370 INFO utils.complier: analyse  formula:[{'type': 'PRE_VAR', 'value': '@sl1_l2c_rd'}]
2026-06-26 12:19:00,370 INFO utils.complier: analyse  formula:[]
2026-06-26 12:19:00,370 INFO utils.complier: analyse  formula:[]
2026-06-26 12:19:00,370 INFO utils.complier: analyse  formula:[{'type': 'PRE_VAR', 'value': '@sl1_hit_rate'}]
2026-06-26 12:19:00,370 INFO utils.complier: analyse  formula:[]
2026-06-26 12:19:00,370 INFO utils.complier: analyse  formula:[]
2026-06-26 12:19:00,370 INFO utils.complier: analyse  formula:[{'type': 'PRE_VAR', 'value': '@vl1_insts_rd'}]
2026-06-26 12:19:00,370 INFO utils.complier: analyse  formula:[]
2026-06-26 12:19:00,370 INFO utils.complier: analyse  formula:[]
2026-06-26 12:19:00,370 INFO utils.complier: analyse  formula:[{'type': 'PRE_VAR', 'value': '@vl1_insts_wr'}]
2026-06-26 12:19:00,370 INFO utils.complier: analyse  formula:[]
2026-06-26 12:19:00,370 INFO utils.complier: analyse  formula:[{'type': 'VARIABLE', 'value': '{{VL1.p_total_atomic_instruction_event}}'}]
2026-06-26 12:19:00,370 INFO utils.complier: analyse  formula:[]
2026-06-26 12:19:00,370 INFO utils.complier: analyse  formula:[]
2026-06-26 12:19:00,370 INFO utils.complier: analyse  formula:[]
2026-06-26 12:19:00,370 INFO utils.complier: analyse  formula:[{'type': 'PRE_VAR', 'value': '@vl1_hit_rate'}]
2026-06-26 12:19:00,370 INFO utils.complier: analyse  formula:[]
2026-06-26 12:19:00,370 INFO utils.complier: analyse  formula:[]
2026-06-26 12:19:00,370 INFO utils.complier: analyse  formula:[{'type': 'PRE_VAR', 'value': '@l2c_insts_rd'}]
2026-06-26 12:19:00,370 INFO utils.complier: analyse  formula:[]
2026-06-26 12:19:00,370 INFO utils.complier: analyse  formula:[]
2026-06-26 12:19:00,371 INFO utils.complier: analyse  formula:[{'type': 'PRE_VAR', 'value': '@l2c_insts_wr'}]
2026-06-26 12:19:00,371 INFO utils.complier: analyse  formula:[]
2026-06-26 12:19:00,371 INFO utils.complier: analyse  formula:[{'type': 'VARIABLE', 'value': '{{L2C.perf_atomic_req}}'}]
2026-06-26 12:19:00,371 INFO utils.complier: analyse  formula:[]
2026-06-26 12:19:00,371 INFO utils.complier: analyse  formula:[]
2026-06-26 12:19:00,371 INFO utils.complier: analyse  formula:[]
2026-06-26 12:19:00,371 INFO utils.complier: analyse  formula:[{'type': 'PRE_VAR', 'value': '@l2c_hit_rate'}]
2026-06-26 12:19:00,371 INFO utils.complier: analyse  formula:[]
2026-06-26 12:19:00,371 INFO utils.complier: analyse  formula:[{'type': 'VARIABLE', 'value': '{{ISU.AP_PERF_INSTS_GVM_ATOMIC}}'}, {'type': 'VARIABLE', 'value': '{{ISU.AP_PERF_INST_BSM_ATOMIC}}'}]
2026-06-26 12:19:00,371 INFO utils.complier: analyse  formula:[]
2026-06-26 12:19:00,371 INFO utils.complier: analyse  formula:[]
2026-06-26 12:19:00,371 INFO utils.complier: analyse  formula:[{'type': 'VARIABLE', 'value': '{{L2C.perf_dnoc_rdreq}}'}]
2026-06-26 12:19:00,371 INFO utils.complier: analyse  formula:[]
2026-06-26 12:19:00,371 INFO utils.complier: analyse  formula:[]
2026-06-26 12:19:00,371 INFO utils.complier: analyse  formula:[{'type': 'VARIABLE', 'value': '{{L2C.perf_dnoc_wrreq}}'}]
2026-06-26 12:19:00,371 INFO utils.complier: analyse  formula:[]
2026-06-26 12:19:00,371 INFO utils.complier: analyse  formula:[]
2026-06-26 12:19:00,372 INFO utils.complier: analyse  formula:[{'type': 'VARIABLE', 'value': '{{L2C.perf_dnoc_rdreq_32B}}'}, {'type': 'VARIABLE', 'value': '{{L2C.perf_dnoc_rdreq_64B}}'}, {'type': 'VARIABLE', 'value': '{{L2C.perf_dnoc_rdreq_128B}}'}]
2026-06-26 12:19:00,372 INFO utils.complier: analyse  formula:[]
2026-06-26 12:19:00,372 INFO utils.complier: analyse  formula:[]
2026-06-26 12:19:00,372 INFO utils.complier: analyse  formula:[{'type': 'VARIABLE', 'value': '{{L2C.perf_dnoc_wrreq_32B_low}}'}, {'type': 'VARIABLE', 'value': '{{L2C.perf_dnoc_wrreq_32B_high}}'}, {'type': 'VARIABLE', 'value': '{{L2C.perf_dnoc_wrreq_64B}}'}, {'type': 'VARIABLE', 'value': '{{L2C.perf_dnoc_wrreq_128B}}'}]
2026-06-26 12:19:00,372 INFO utils.complier: analyse  formula:[]
2026-06-26 12:19:00,372 INFO utils.complier: analyse  formula:[]
2026-06-26 12:19:00,376 INFO utils.complier: analyse  formula:[]
2026-06-26 12:19:00,379 INFO utils.complier: analyse  formula:[{'type': 'PRE_VAR', 'value': '@vl1_hit_rate'}, {'type': 'PRE_VAR', 'value': '@l2c_hit_rate'}, {'type': 'PRE_VAR', 'value': '@sl1_hit_rate'}, {'type': 'PRE_VAR', 'value': '@global_insts_rd'}, {'type': 'PRE_VAR', 'value': '@global_insts_wr'}, {'type': 'PRE_VAR', 'value': '@private_insts_rd'}, {'type': 'PRE_VAR', 'value': '@private_insts_wr'}, {'type': 'PRE_VAR', 'value': '@generic_insts_rd'}, {'type': 'PRE_VAR', 'value': '@generic_insts_wr'}, {'type': 'PRE_VAR', 'value': '@ldu_insts_rd'}, {'type': 'PRE_VAR', 'value': '@bsm_insts_rd'}, {'type': 'PRE_VAR', 'value': '@bsm_insts_wr'}, {'type': 'PRE_VAR', 'value': '@vl1_insts_rd'}, {'type': 'PRE_VAR', 'value': '@vl1_insts_wr'}, {'type': 'PRE_VAR', 'value': '@sl1_rd'}, {'type': 'PRE_VAR', 'value': '@sl1_l2c_rd'}, {'type': 'PRE_VAR', 'value': '@l2c_insts_rd'}, {'type': 'PRE_VAR', 'value': '@l2c_insts_wr'}]
2026-06-26 12:19:00,382 INFO utils.complier: analyse  formula:[]
2026-06-26 12:19:00,382 INFO utils.complier: analyse  formula:[{'type': 'VARIABLE', 'value': '{{L2C.perf_dnoc_rdreq_inflight_level}}'}, {'type': 'VARIABLE', 'value': '{{L2C.perf_dnoc_rdreq}}'}]
2026-06-26 12:19:00,382 INFO utils.complier: analyse  formula:[]
2026-06-26 12:19:00,382 INFO utils.complier: analyse  formula:[]
2026-06-26 12:19:00,383 INFO utils.complier: analyse  formula:[{'type': 'VARIABLE', 'value': '{{L2C.perf_dnoc_rd_histogram_0_255}}'}, {'type': 'VARIABLE', 'value': '{{L2C.perf_dnoc_rd_histogram_256_511}}'}, {'type': 'VARIABLE', 'value': '{{L2C.perf_dnoc_rd_histogram_512_1K}}'}, {'type': 'VARIABLE', 'value': '{{L2C.perf_dnoc_rd_histogram_1K_2K}}'}, {'type': 'VARIABLE', 'value': '{{L2C.perf_dnoc_rd_histogram_2K_INF}}'}]
2026-06-26 12:19:00,383 INFO utils.complier: analyse  formula:[]
2026-06-26 12:19:00,384 INFO utils.complier: analyse  formula:[]
2026-06-26 12:19:00,384 INFO utils.complier: analyse  formula:[{'type': 'VARIABLE', 'value': '{{VL1.p_stall_due_oldest_pt0}}'}, {'type': 'VARIABLE', 'value': '{{VL1.p_stall_due_oldest_pt1}}'}, {'type': 'VARIABLE', 'value': '{{VL1.p_stall_due_oldest_pt2}}'}, {'type': 'VARIABLE', 'value': '{{VL1.p_stall_due_oldest_pt3}}'}]
2026-06-26 12:19:00,384 INFO utils.complier: analyse  formula:[]
2026-06-26 12:19:00,385 INFO utils.complier: analyse  formula:[]
2026-06-26 12:19:00,385 INFO utils.complier: analyse  formula:[{'type': 'VARIABLE', 'value': '{{ISU.AP_PERF_INST_BSM_RD}}'}]
2026-06-26 12:19:00,385 INFO utils.complier: analyse  formula:[]
2026-06-26 12:19:00,385 INFO utils.complier: analyse  formula:[]
2026-06-26 12:19:00,385 INFO utils.complier: analyse  formula:[{'type': 'VARIABLE', 'value': '{{ISU.AP_PERF_INST_BSM_WR}}'}]
2026-06-26 12:19:00,385 INFO utils.complier: analyse  formula:[]
2026-06-26 12:19:00,385 INFO utils.complier: analyse  formula:[]
2026-06-26 12:19:00,385 INFO utils.complier: analyse  formula:[{'type': 'VARIABLE', 'value': '{{ISU.AP_PERF_INST_BSM_ATOMIC}}'}]
2026-06-26 12:19:00,385 INFO utils.complier: analyse  formula:[]
2026-06-26 12:19:00,385 INFO utils.complier: analyse  formula:[]
2026-06-26 12:19:00,385 INFO utils.complier: analyse  formula:[{'type': 'VARIABLE', 'value': '{{ISU.AP_PERF_INSTS_BSM}}'}]
2026-06-26 12:19:00,385 INFO utils.complier: analyse  formula:[]
2026-06-26 12:19:00,385 INFO utils.complier: analyse  formula:[]
2026-06-26 12:19:00,385 INFO utils.complier: analyse  formula:[{'type': 'VARIABLE', 'value': '{{ISU.AP_PERF_BSM_READ_INFLIGHT_LEVEL}}'}, {'type': 'VARIABLE', 'value': '{{ISU.AP_PERF_INST_BSM_RD}}'}, {'type': 'VARIABLE', 'value': '{{ISU.AP_PERF_INST_BSM_RD}}'}]
2026-06-26 12:19:00,386 INFO utils.complier: analyse  formula:[]
2026-06-26 12:19:00,386 INFO utils.complier: analyse  formula:[]
2026-06-26 12:19:00,386 INFO utils.complier: analyse  formula:[{'type': 'VARIABLE', 'value': '{{ISU.AP_PERF_BSM_WR_INFLIGHT_LEVEL}}'}, {'type': 'VARIABLE', 'value': '{{ISU.AP_PERF_INST_BSM_WR}}'}, {'type': 'VARIABLE', 'value': '{{ISU.AP_PERF_INST_BSM_WR}}'}]
2026-06-26 12:19:00,386 INFO utils.complier: analyse  formula:[]
2026-06-26 12:19:00,386 INFO utils.complier: analyse  formula:[]
2026-06-26 12:19:00,386 INFO utils.complier: analyse  formula:[{'type': 'VARIABLE', 'value': '{{ISU.AP_PERF_BSM_ATOMIC_INFLIGHT_LEVEL}}'}, {'type': 'VARIABLE', 'value': '{{ISU.AP_PERF_INST_BSM_ATOMIC}}'}, {'type': 'VARIABLE', 'value': '{{ISU.AP_PERF_INST_BSM_ATOMIC}}'}]
2026-06-26 12:19:00,386 INFO utils.complier: analyse  formula:[]
2026-06-26 12:19:00,387 INFO utils.complier: analyse  formula:[]
2026-06-26 12:19:00,387 INFO utils.complier: analyse  formula:[{'type': 'VARIABLE', 'value': '{{ISU.AP_PERF_BSM_INFLIGHT_LEVEL_IN_AP}}'}, {'type': 'VARIABLE', 'value': '{{ISU.AP_PERF_BSM_INFLIGHT_LEVEL}}'}, {'type': 'VARIABLE', 'value': '{{ISU.AP_PERF_INSTS_BSM}}'}, {'type': 'VARIABLE', 'value': '{{ISU.AP_PERF_INSTS_BSM}}'}]
2026-06-26 12:19:00,387 INFO utils.complier: analyse  formula:[]
2026-06-26 12:19:00,387 INFO utils.complier: analyse  formula:[]
2026-06-26 12:19:00,387 INFO utils.complier: analyse  formula:[{'type': 'VARIABLE', 'value': '{{ISU.AP_PERF_BSM_RD_CYCLES}}'}, {'type': 'VARIABLE', 'value': '{{ISU.AP_PERF_INST_BSM_RD}}'}, {'type': 'VARIABLE', 'value': '{{ISU.AP_PERF_INST_BSM_RD}}'}]
2026-06-26 12:19:00,387 INFO utils.complier: analyse  formula:[]
2026-06-26 12:19:00,388 INFO utils.complier: analyse  formula:[]
2026-06-26 12:19:00,388 INFO utils.complier: analyse  formula:[{'type': 'VARIABLE', 'value': '{{ISU.AP_PERF_BSM_WR_CYCLES}}'}, {'type': 'VARIABLE', 'value': '{{ISU.AP_PERF_INST_BSM_WR}}'}, {'type': 'VARIABLE', 'value': '{{ISU.AP_PERF_INST_BSM_WR}}'}]
2026-06-26 12:19:00,388 INFO utils.complier: analyse  formula:[]
2026-06-26 12:19:00,388 INFO utils.complier: analyse  formula:[]
2026-06-26 12:19:00,388 INFO utils.complier: analyse  formula:[{'type': 'VARIABLE', 'value': '{{ISU.AP_PERF_BSM_ATOMIC_CYCLES}}'}, {'type': 'VARIABLE', 'value': '{{ISU.AP_PERF_INST_BSM_ATOMIC}}'}, {'type': 'VARIABLE', 'value': '{{ISU.AP_PERF_INST_BSM_ATOMIC}}'}]
2026-06-26 12:19:00,388 INFO utils.complier: analyse  formula:[]
2026-06-26 12:19:00,388 INFO utils.complier: analyse  formula:[]
2026-06-26 12:19:00,389 INFO utils.complier: analyse  formula:[{'type': 'VARIABLE', 'value': '{{ISU.AP_PERF_BSM_CONFLICT_CYCLES}}'}, {'type': 'VARIABLE', 'value': '{{ISU.AP_PERF_INSTS_BSM}}'}, {'type': 'VARIABLE', 'value': '{{ISU.AP_PERF_INSTS_BSM}}'}]
2026-06-26 12:19:00,389 INFO utils.complier: analyse  formula:[]
2026-06-26 12:19:00,389 INFO utils.complier: analyse  formula:[]
2026-06-26 12:19:00,389 INFO utils.complier: analyse  formula:[{'type': 'VARIABLE', 'value': '{{ISU.AP_PERF_BSM_RD_CYCLES}}'}, {'type': 'VARIABLE', 'value': '{{ISU.AP_PERF_BSM_WR_CYCLES}}'}, {'type': 'VARIABLE', 'value': '{{ISU.AP_PERF_BSM_ATOMIC_CYCLES}}'}, {'type': 'VARIABLE', 'value': '{{ISU.AP_PERF_INSTS_BSM}}'}, {'type': 'VARIABLE', 'value': '{{ISU.AP_PERF_INSTS_BSM}}'}]
2026-06-26 12:19:00,389 INFO utils.complier: analyse  formula:[]
2026-06-26 12:19:00,389 INFO utils.complier: analyse  formula:[]
2026-06-26 12:19:00,390 INFO utils.complier: analyse  formula:[{'type': 'VARIABLE', 'value': '{{ISU.AP_PERF_BSM_RD_CYCLES}}'}, {'type': 'VARIABLE', 'value': '{{ISU.AP_PERF_BSM_WR_CYCLES}}'}, {'type': 'VARIABLE', 'value': '{{ISU.AP_PERF_BSM_ATOMIC_CYCLES}}'}, {'type': 'VARIABLE', 'value': '{{ISU.AP_PERF_BSM_CONFLICT_CYCLES}}'}]
2026-06-26 12:19:00,390 INFO utils.complier: analyse  formula:[]
2026-06-26 12:19:00,390 INFO utils.complier: analyse  formula:[]
2026-06-26 12:19:00,390 INFO utils.complier: analyse  formula:[{'type': 'VARIABLE', 'value': '{{ISU.AP_PERF_WAVES}}'}]
2026-06-26 12:19:00,391 INFO utils.complier: analyse  formula:[]
2026-06-26 12:19:00,391 INFO utils.complier: analyse  formula:[]
2026-06-26 12:19:00,391 INFO utils.complier: analyse  formula:[{'type': 'VARIABLE', 'value': '{{RM.RM_PERF_DISPATCHED_WAVES_P0}}'}, {'type': 'VARIABLE', 'value': '{{RM.RM_PERF_DISPATCHED_WAVES_P1}}'}, {'type': 'VARIABLE', 'value': '{{RM.RM_PERF_DISPATCHED_WAVES_P2}}'}, {'type': 'VARIABLE', 'value': '{{RM.RM_PERF_DISPATCHED_WAVES_P3}}'}]
2026-06-26 12:19:00,391 INFO utils.complier: analyse  formula:[]
2026-06-26 12:19:00,391 INFO utils.complier: analyse  formula:[]
2026-06-26 12:19:00,391 INFO utils.complier: analyse  formula:[{'type': 'VARIABLE', 'value': '{{ISU.AP_PERF_ISU_AP_BUSY}}'}]
2026-06-26 12:19:00,391 INFO utils.complier: analyse  formula:[]
2026-06-26 12:19:00,391 INFO utils.complier: analyse  formula:[]
2026-06-26 12:19:00,391 INFO utils.complier: analyse  formula:[{'type': 'VARIABLE', 'value': '{{ISU.AP_PERF_INST_TRANS_FP16}}'}, {'type': 'VARIABLE', 'value': '{{ISU.AP_PERF_INST_TRANS_FP32}}'}, {'type': 'VARIABLE', 'value': '{{ISU.AP_PERF_MTE_PI_SEG_SEL_F64}}'}, {'type': 'VARIABLE', 'value': '{{ISU.AP_PERF_INST_CYCLES_VALU_4CYCLES}}'}, {'type': 'VARIABLE', 'value': '{{ISU.AP_PERF_ISU_AP_BUSY}}'}]
2026-06-26 12:19:00,392 INFO utils.complier: analyse  formula:[]
2026-06-26 12:19:00,392 INFO utils.complier: analyse  formula:[]
2026-06-26 12:19:00,392 INFO utils.complier: analyse  formula:[{'type': 'VARIABLE', 'value': '{{ISU.AP_PERF_INSTS_SALU}}'}, {'type': 'VARIABLE', 'value': '{{ISU.AP_PERF_ISU_AP_BUSY}}'}]
2026-06-26 12:19:00,392 INFO utils.complier: analyse  formula:[]
2026-06-26 12:19:00,392 INFO utils.complier: analyse  formula:[]
2026-06-26 12:19:00,392 INFO utils.complier: analyse  formula:[{'type': 'VARIABLE', 'value': '{{ISU.AP_PERF_INST_CYCLES_MMA}}'}, {'type': 'VARIABLE', 'value': '{{ISU.AP_PERF_ISU_AP_BUSY}}'}]
2026-06-26 12:19:00,392 INFO utils.complier: analyse  formula:[]
2026-06-26 12:19:00,393 INFO utils.complier: analyse  formula:[]
2026-06-26 12:19:00,393 INFO utils.complier: analyse  formula:[{'type': 'VARIABLE', 'value': '{{VLS.PERFEVENT_VLS_ACTIVE}}'}, {'type': 'VARIABLE', 'value': '{{ISU.AP_PERF_ISU_AP_BUSY}}'}]
2026-06-26 12:19:00,393 INFO utils.complier: analyse  formula:[]
2026-06-26 12:19:00,393 INFO utils.complier: analyse  formula:[]
2026-06-26 12:19:00,393 INFO utils.complier: analyse  formula:[{'type': 'VARIABLE', 'value': '{{L2C.perf_req}}'}, {'type': 'VARIABLE', 'value': '{{L2C.1_b1}}'}]
2026-06-26 12:19:00,393 INFO utils.complier: analyse  formula:[]
2026-06-26 12:19:00,393 INFO utils.complier: analyse  formula:[]
2026-06-26 12:19:00,393 INFO utils.complier: analyse  formula:[{'type': 'VARIABLE', 'value': '{{ISU.AP_PERF_ISU_AP_BUSY}}'}]
2026-06-26 12:19:00,393 INFO utils.complier: analyse  formula:[{'type': 'PRE_VAR', 'value': '@total_instruction_num'}]
2026-06-26 12:19:00,393 INFO utils.complier: analyse  formula:[]
2026-06-26 12:19:00,394 INFO utils.complier: analyse  formula:[{'type': 'VARIABLE_DICT', 'value': '{{{ISU.AP_PERF_INSTS_VALU}}}'}, {'type': 'VARIABLE', 'value': '{{ISU.AP_PERF_ISU_AP_BUSY}}'}]
2026-06-26 12:19:00,394 INFO utils.complier: analyse  formula:[{'type': 'PRE_VAR', 'value': '@total_instruction_num'}]
2026-06-26 12:19:00,394 INFO utils.complier: analyse  formula:[]
2026-06-26 12:19:00,394 INFO utils.complier: analyse  formula:[{'type': 'VARIABLE_DICT', 'value': '{{{ISU.AP_PERF_INSTS_VALU}}}'}, {'type': 'VARIABLE', 'value': '{{ISU.AP_PERF_ISU_AP_BUSY}}'}]
2026-06-26 12:19:00,395 INFO utils.complier: analyse  formula:[{'type': 'PRE_VAR', 'value': '@total_instruction_num'}]
2026-06-26 12:19:00,395 INFO utils.complier: analyse  formula:[]
2026-06-26 12:19:00,395 INFO utils.complier: analyse  formula:[{'type': 'VARIABLE', 'value': '{{ISU.AP_PERF_INSTS_VALU}}'}, {'type': 'VARIABLE', 'value': '{{ISU.AP_PERF_INSTS_MMA}}'}, {'type': 'VARIABLE', 'value': '{{ISU.AP_PERF_INSTS_SALU}}'}, {'type': 'VARIABLE', 'value': '{{ISU.AP_PERF_INSTS_GVM}}'}, {'type': 'VARIABLE', 'value': '{{ISU.AP_PERF_INSTS_BSM}}'}, {'type': 'VARIABLE', 'value': '{{ISU.AP_PERF_INSTS_LDU}}'}, {'type': 'VARIABLE', 'value': '{{ISU.AP_PERF_INST_MISC}}'}, {'type': 'VARIABLE', 'value': '{{ISU.AP_PERF_ISU_AP_BUSY}}'}]
2026-06-26 12:19:00,396 INFO utils.complier: analyse  formula:[]
2026-06-26 12:19:00,396 INFO utils.complier: analyse  formula:[]
2026-06-26 12:19:00,396 INFO utils.complier: analyse  formula:[{'type': 'VARIABLE_DICT', 'value': '{{{ISU.AP_PERF_INSTS_VALU}}}'}, {'type': 'VARIABLE', 'value': '{{ISU.AP_PERF_INSTS_VALU}}'}, {'type': 'VARIABLE', 'value': '{{ISU.AP_PERF_INSTS_MMA}}'}, {'type': 'VARIABLE', 'value': '{{ISU.AP_PERF_INSTS_SALU}}'}, {'type': 'VARIABLE', 'value': '{{ISU.AP_PERF_INSTS_GVM}}'}, {'type': 'VARIABLE', 'value': '{{ISU.AP_PERF_INSTS_BSM}}'}, {'type': 'VARIABLE', 'value': '{{ISU.AP_PERF_INSTS_LDU}}'}, {'type': 'VARIABLE', 'value': '{{ISU.AP_PERF_INST_MISC}}'}, {'type': 'VARIABLE', 'value': '{{ISU.AP_PERF_ISU_AP_BUSY}}'}]
2026-06-26 12:19:00,396 INFO utils.complier: analyse  formula:[]
2026-06-26 12:19:00,397 INFO utils.complier: analyse  formula:[]
2026-06-26 12:19:00,399 INFO utils.complier: analyse  formula:[{'type': 'VARIABLE', 'value': '{{ISU.AP_PERF_INSTS_VALU}}'}, {'type': 'VARIABLE', 'value': '{{ISU.AP_PERF_INST_FMA_F32}}'}, {'type': 'VARIABLE', 'value': '{{ISU.AP_PERF_INST_FMA_F64}}'}, {'type': 'VARIABLE', 'value': '{{ISU.AP_PERF_INST_TRANS_FP16}}'}, {'type': 'VARIABLE', 'value': '{{ISU.AP_PERF_INST_TRANS_FP32}}'}, {'type': 'VARIABLE', 'value': '{{ISU.AP_PERF_MTE_PI_SEG_SEL_F64}}'}, {'type': 'VARIABLE', 'value': '{{ISU.AP_PERF_MTE_PI_SEG_SEL_F64}}'}, {'type': 'VARIABLE', 'value': '{{ISU.AP_PERF_INST_FMA_F32}}'}, {'type': 'VARIABLE', 'value': '{{ISU.AP_PERF_INST_FMA_F64}}'}, {'type': 'VARIABLE', 'value': '{{ISU.AP_PERF_INST_TRANS_FP16}}'}, {'type': 'VARIABLE', 'value': '{{ISU.AP_PERF_INST_TRANS_FP32}}'}, {'type': 'VARIABLE', 'value': '{{ISU.AP_PERF_INST_MMA_INT8}}'}, {'type': 'VARIABLE', 'value': '{{ISU.AP_PERF_INST_MMA_FP16}}'}, {'type': 'VARIABLE', 'value': '{{ISU.AP_PERF_INST_MMA_BF16}}'}, {'type': 'VARIABLE', 'value': '{{ISU.AP_PERF_INST_MMA_TF32}}'}, {'type': 'VARIABLE', 'value': '{{ISU.AP_PERF_INST_MMA_F32}}'}, {'type': 'VARIABLE', 'value': '{{ISU.AP_PERF_INST_MMA_F64}}'}, {'type': 'VARIABLE', 'value': '{{ISU.AP_PERF_INST_MMA_TF64}}'}, {'type': 'VARIABLE', 'value': '{{L2C.perf_dnoc_rdreq_32B}}'}, {'type': 'VARIABLE', 'value': '{{L2C.perf_dnoc_rdreq_64B}}'}, {'type': 'VARIABLE', 'value': '{{L2C.perf_dnoc_rdreq_128B}}'}, {'type': 'VARIABLE', 'value': '{{L2C.perf_dnoc_wrreq_32B_low}}'}, {'type': 'VARIABLE', 'value': '{{L2C.perf_dnoc_wrreq_32B_high}}'}, {'type': 'VARIABLE', 'value': '{{L2C.perf_dnoc_wrreq_64B}}'}, {'type': 'VARIABLE', 'value': '{{L2C.perf_dnoc_wrreq_128B}}'}, {'type': 'VARIABLE', 'value': '{{VL1.p_perf_thread_req_cnt}}'}, {'type': 'VARIABLE', 'value': '{{VL1.perf_inflt_rd_req}}'}, {'type': 'VARIABLE', 'value': '{{ISU.AP_PERF_ISU_AP_BUSY}}'}, {'type': 'VARIABLE_DICT', 'value': '{{{ISU.AP_PERF_ISU_AP_BUSY}}}'}]
2026-06-26 12:19:00,402 INFO utils.complier: analyse  formula:[]
2026-06-26 12:19:00,405 INFO utils.complier: analyse  formula:[]
2026-06-26 12:19:00,405 INFO utils.complier: analyse  formula:[{'type': 'VARIABLE', 'value': '{{ISU.AP_PERF_INSTS_VALU}}'}, {'type': 'VARIABLE', 'value': '{{ISU.AP_PERF_INSTS_MMA}}'}, {'type': 'VARIABLE', 'value': '{{ISU.AP_PERF_INSTS_SALU}}'}, {'type': 'VARIABLE', 'value': '{{ISU.AP_PERF_INST_MISC}}'}]
2026-06-26 12:19:00,405 INFO utils.complier: analyse  formula:[]
2026-06-26 12:19:00,405 INFO utils.complier: analyse  formula:[{'type': 'VARIABLE', 'value': '{{ISU.AP_PERF_INSTS_GVM}}'}, {'type': 'VARIABLE', 'value': '{{ISU.AP_PERF_INSTS_BSM}}'}, {'type': 'VARIABLE', 'value': '{{ISU.AP_PERF_INSTS_LDU}}'}]
2026-06-26 12:19:00,405 INFO utils.complier: analyse  formula:[]
2026-06-26 12:19:00,405 INFO utils.complier: analyse  formula:[{'type': 'VARIABLE', 'value': '{{ISU.AP_PERF_INST_GLOBAL_RD}}'}]
2026-06-26 12:19:00,405 INFO utils.complier: analyse  formula:[]
2026-06-26 12:19:00,405 INFO utils.complier: analyse  formula:[{'type': 'VARIABLE', 'value': '{{ISU.AP_PERF_INST_GLOBAL_WR}}'}]
2026-06-26 12:19:00,405 INFO utils.complier: analyse  formula:[]
2026-06-26 12:19:00,405 INFO utils.complier: analyse  formula:[{'type': 'VARIABLE', 'value': '{{ISU.AP_PERF_INST_PRIVATE_RD}}'}]
2026-06-26 12:19:00,405 INFO utils.complier: analyse  formula:[]
2026-06-26 12:19:00,405 INFO utils.complier: analyse  formula:[{'type': 'VARIABLE', 'value': '{{ISU.AP_PERF_INST_PRIVATE_WR}}'}]
2026-06-26 12:19:00,405 INFO utils.complier: analyse  formula:[]
2026-06-26 12:19:00,406 INFO utils.complier: analyse  formula:[{'type': 'VARIABLE', 'value': '{{ISU.AP_PERF_INST_GENERIC_RD}}'}]
2026-06-26 12:19:00,406 INFO utils.complier: analyse  formula:[]
2026-06-26 12:19:00,406 INFO utils.complier: analyse  formula:[{'type': 'VARIABLE', 'value': '{{ISU.AP_PERF_INST_GENERIC_WR}}'}]
2026-06-26 12:19:00,406 INFO utils.complier: analyse  formula:[]
2026-06-26 12:19:00,406 INFO utils.complier: analyse  formula:[{'type': 'VARIABLE', 'value': '{{ISU.AP_PERF_INSTS_LDU}}'}]
2026-06-26 12:19:00,406 INFO utils.complier: analyse  formula:[]
2026-06-26 12:19:00,406 INFO utils.complier: analyse  formula:[{'type': 'VARIABLE', 'value': '{{ISU.AP_PERF_INST_BSM_RD}}'}]
2026-06-26 12:19:00,406 INFO utils.complier: analyse  formula:[]
2026-06-26 12:19:00,406 INFO utils.complier: analyse  formula:[{'type': 'VARIABLE', 'value': '{{ISU.AP_PERF_INST_BSM_WR}}'}]
2026-06-26 12:19:00,406 INFO utils.complier: analyse  formula:[]
2026-06-26 12:19:00,406 INFO utils.complier: analyse  formula:[{'type': 'VARIABLE', 'value': '{{VL1.p_total_read_instruction_event}}'}]
2026-06-26 12:19:00,406 INFO utils.complier: analyse  formula:[]
2026-06-26 12:19:00,406 INFO utils.complier: analyse  formula:[{'type': 'VARIABLE', 'value': '{{VL1.p_total_write_instruction_event}}'}]
2026-06-26 12:19:00,406 INFO utils.complier: analyse  formula:[]
2026-06-26 12:19:00,406 INFO utils.complier: analyse  formula:[{'type': 'VARIABLE', 'value': '{{VL1.p_perf_thread_req_cnt}}'}, {'type': 'VARIABLE', 'value': '{{VL1.p_perf_miss_cnt}}'}, {'type': 'VARIABLE', 'value': '{{VL1.p_perf_thread_req_cnt}}'}]
2026-06-26 12:19:00,407 INFO utils.complier: analyse  formula:[]
2026-06-26 12:19:00,407 INFO utils.complier: analyse  formula:[{'type': 'VARIABLE', 'value': '{{L2C.perf_rd_req}}'}]
2026-06-26 12:19:00,407 INFO utils.complier: analyse  formula:[]
2026-06-26 12:19:00,407 INFO utils.complier: analyse  formula:[{'type': 'VARIABLE', 'value': '{{L2C.perf_wr_req}}'}]
2026-06-26 12:19:00,407 INFO utils.complier: analyse  formula:[]
2026-06-26 12:19:00,407 INFO utils.complier: analyse  formula:[{'type': 'VARIABLE', 'value': '{{L2C.perf_hit}}'}, {'type': 'VARIABLE', 'value': '{{L2C.perf_sector_hit}}'}, {'type': 'VARIABLE', 'value': '{{L2C.perf_miss}}'}]
2026-06-26 12:19:00,407 INFO utils.complier: analyse  formula:[]
2026-06-26 12:19:00,407 INFO utils.complier: analyse  formula:[{'type': 'VARIABLE', 'value': '{{SL1.sl1_kcache_total_hit_event}}'}, {'type': 'VARIABLE', 'value': '{{SL1.sl1_kcache_total_hit_on_miss_event}}'}, {'type': 'VARIABLE', 'value': '{{SL1.sl1_kcache_total_miss_event}}'}]
2026-06-26 12:19:00,408 INFO utils.complier: analyse  formula:[]
2026-06-26 12:19:00,408 INFO utils.complier: analyse  formula:[{'type': 'VARIABLE', 'value': '{{SL1.sl1_kcache_rd}}'}]
2026-06-26 12:19:00,408 INFO utils.complier: analyse  formula:[]
2026-06-26 12:19:00,408 INFO utils.complier: analyse  formula:[{'type': 'VARIABLE', 'value': '{{SL1.sl1_kcache_l2_rd}}'}]
2026-06-26 12:19:00,408 INFO utils.complier: analyse  formula:[]
2026-06-26 12:19:00,408 INFO utils.complier: analyse  formula:[{'type': 'VARIABLE', 'value': '{{ISU.AP_PERF_INSTS_VALU}}'}, {'type': 'VARIABLE', 'value': '{{ISU.AP_PERF_INSTS_MMA}}'}, {'type': 'VARIABLE', 'value': '{{ISU.AP_PERF_INSTS_SALU}}'}, {'type': 'VARIABLE', 'value': '{{ISU.AP_PERF_INSTS_GVM}}'}, {'type': 'VARIABLE', 'value': '{{ISU.AP_PERF_INSTS_BSM}}'}, {'type': 'VARIABLE', 'value': '{{ISU.AP_PERF_INSTS_LDU}}'}, {'type': 'VARIABLE', 'value': '{{ISU.AP_PERF_INST_MISC}}'}]
2026-06-26 12:19:00,408 INFO utils.complier: analyse  formula:[]
2026-06-26 12:19:00,408 INFO common.api_common: f_var:ISU.AP_PERF_INST_CYCLES_MMA
2026-06-26 12:19:00,408 INFO common.api_common: f_var:VL1.perf_inflt_rd_req
2026-06-26 12:19:00,408 INFO common.api_common: f_var:L2C.perf_dnoc_rd_histogram_2K_INF
2026-06-26 12:19:00,408 INFO common.api_common: f_var:RM.RM_PERF_DISPATCHED_WAVES_P0
2026-06-26 12:19:00,408 INFO common.api_common: f_var:ISU.AP_PERF_INST_PRIVATE_RD
2026-06-26 12:19:00,408 INFO common.api_common: f_var:L2C.perf_dnoc_rd_histogram_1K_2K
2026-06-26 12:19:00,408 INFO common.api_common: f_var:ISU.AP_PERF_INST_MMA_F32
2026-06-26 12:19:00,408 INFO common.api_common: f_var:VL1.p_perf_thread_req_cnt
2026-06-26 12:19:00,408 INFO common.api_common: f_var:SL1.sl1_kcache_total_miss_event
2026-06-26 12:19:00,408 INFO common.api_common: f_var:VL1.p_stall_due_oldest_pt0
2026-06-26 12:19:00,408 INFO common.api_common: f_var:L2C.perf_dnoc_wrreq_64B
2026-06-26 12:19:00,408 INFO common.api_common: f_var:ISU.AP_PERF_INST_MMA_BF16
2026-06-26 12:19:00,408 INFO common.api_common: f_var:ISU.AP_PERF_WAVES
2026-06-26 12:19:00,408 INFO common.api_common: f_var:VL1.p_stall_due_oldest_pt1
2026-06-26 12:19:00,408 INFO common.api_common: f_var:ISU.AP_PERF_BSM_INFLIGHT_LEVEL_IN_AP
2026-06-26 12:19:00,408 INFO common.api_common: f_var:RM.RM_PERF_DISPATCHED_WAVES_P3
2026-06-26 12:19:00,408 INFO common.api_common: f_var:ISU.AP_PERF_INSTS_VALU
2026-06-26 12:19:00,408 INFO common.api_common: f_var:ISU.AP_PERF_INST_GENERIC_WR
2026-06-26 12:19:00,408 INFO common.api_common: f_var:ISU.AP_PERF_INST_TRANS_FP16
2026-06-26 12:19:00,408 INFO common.api_common: f_var:ISU.AP_PERF_INST_CYCLES_VALU_16CYCLES
2026-06-26 12:19:00,409 INFO common.api_common: f_var:L2C.perf_dnoc_rd_histogram_0_255
2026-06-26 12:19:00,409 INFO common.api_common: f_var:ISU.AP_PERF_ISU_ARB_WSM_STALL
2026-06-26 12:19:00,409 INFO common.api_common: f_var:L2C.perf_dnoc_rdreq_64B
2026-06-26 12:19:00,409 INFO common.api_common: f_var:ISU.AP_PERF_INSTS_GVM
2026-06-26 12:19:00,409 INFO common.api_common: f_var:L2C.perf_dnoc_rdreq_128B
2026-06-26 12:19:00,409 INFO common.api_common: f_var:ISU.AP_PERF_ISU_AP_BUSY
2026-06-26 12:19:00,409 INFO common.api_common: f_var:L2C.perf_dnoc_wrreq_128B
2026-06-26 12:19:00,409 INFO common.api_common: f_var:L2C.perf_hit
2026-06-26 12:19:00,409 INFO common.api_common: f_var:ISU.AP_PERF_ISU_ARB_VALU_STALL
2026-06-26 12:19:00,409 INFO common.api_common: f_var:ISU.AP_PERF_INSTS_MMA
2026-06-26 12:19:00,409 INFO common.api_common: f_var:L2C.perf_rd_req
2026-06-26 12:19:00,409 INFO common.api_common: f_var:ISU.AP_PERF_INST_BSM_RD
2026-06-26 12:19:00,409 INFO common.api_common: f_var:SL1.sl1_kcache_total_hit_event
2026-06-26 12:19:00,409 INFO common.api_common: f_var:L2C.perf_atomic_req
2026-06-26 12:19:00,409 INFO common.api_common: f_var:CE.CE_PERF_SEND_RM_WAVES
2026-06-26 12:19:00,409 INFO common.api_common: f_var:SL1.sl1_kcache_total_hit_on_miss_event
2026-06-26 12:19:00,409 INFO common.api_common: f_var:ISU.AP_PERF_BSM_ATOMIC_CYCLES
2026-06-26 12:19:00,409 INFO common.api_common: f_var:CE.CE_PERF_BUSY_CYCLES
2026-06-26 12:19:00,409 INFO common.api_common: f_var:ISU.AP_PERF_INST_MMA_FP16
2026-06-26 12:19:00,409 INFO common.api_common: f_var:VLS.PERFEVENT_VLS_ACTIVE
2026-06-26 12:19:00,409 INFO common.api_common: f_var:L2C.perf_dnoc_wrreq
2026-06-26 12:19:00,409 INFO common.api_common: f_var:ISU.AP_PERF_INST_BSM_ATOMIC
2026-06-26 12:19:00,409 INFO common.api_common: f_var:L2C.perf_dnoc_rdreq
2026-06-26 12:19:00,409 INFO common.api_common: f_var:ISU.AP_PERF_INST_CYCLES_VALU
2026-06-26 12:19:00,409 INFO common.api_common: f_var:L2C.1_b1
2026-06-26 12:19:00,409 INFO common.api_common: f_var:ISU.AP_PERF_INST_GENERIC_RD
2026-06-26 12:19:00,409 INFO common.api_common: f_var:RM.RM_PERF_WAVES_InFlight_Level_P0
2026-06-26 12:19:00,409 INFO common.api_common: f_var:L2C.perf_wr_req
2026-06-26 12:19:00,409 INFO common.api_common: f_var:L2C.perf_dnoc_rdreq_inflight_level
2026-06-26 12:19:00,409 INFO common.api_common: f_var:ISU.AP_PERF_INST_TRANS_FP32
2026-06-26 12:19:00,409 INFO common.api_common: f_var:ISU.AP_PERF_INST_GLOBAL_WR
2026-06-26 12:19:00,409 INFO common.api_common: f_var:ISU.AP_PERF_INST_FMA_F64
2026-06-26 12:19:00,409 INFO common.api_common: f_var:ISU.AP_PERF_BSM_READ_INFLIGHT_LEVEL
2026-06-26 12:19:00,409 INFO common.api_common: f_var:L2C.perf_dnoc_rd_histogram_512_1K
2026-06-26 12:19:00,409 INFO common.api_common: f_var:CE.CE_PERF_SEND_RM_WORKGROUPS
2026-06-26 12:19:00,409 INFO common.api_common: f_var:L2C.perf_dnoc_rd_histogram_256_511
2026-06-26 12:19:00,409 INFO common.api_common: f_var:L2C.perf_dnoc_wrreq_32B_high
2026-06-26 12:19:00,409 INFO common.api_common: f_var:VL1.p_total_write_instruction_event
2026-06-26 12:19:00,409 INFO common.api_common: f_var:RM.RM_PERF_DISPATCHED_WAVES_P2
2026-06-26 12:19:00,409 INFO common.api_common: f_var:ISU.AP_PERF_INST_CYCLES_VALU_4CYCLES
2026-06-26 12:19:00,409 INFO common.api_common: f_var:SL1.sl1_kcache_l2_rd
2026-06-26 12:19:00,409 INFO common.api_common: f_var:ISU.AP_PERF_INST_GLOBAL_ATOMIC
2026-06-26 12:19:00,409 INFO common.api_common: f_var:ISU.AP_PERF_INST_BSM_WR
2026-06-26 12:19:00,409 INFO common.api_common: f_var:ISU.AP_PERF_INST_FMA_F32
2026-06-26 12:19:00,409 INFO common.api_common: f_var:RM.RM_PERF_WAVES_InFlight_Level_P2
2026-06-26 12:19:00,409 INFO common.api_common: f_var:ISU.AP_PERF_INST_MMA_TF64
2026-06-26 12:19:00,409 INFO common.api_common: f_var:RM.RM_PERF_WAVES_InFlight_Level_P1
2026-06-26 12:19:00,409 INFO common.api_common: f_var:ISU.AP_PERF_INST_MMA_F64
2026-06-26 12:19:00,409 INFO common.api_common: f_var:ISU.AP_PERF_INSTS_GVM_ATOMIC
2026-06-26 12:19:00,409 INFO common.api_common: f_var:RM.RM_PERF_DISPATCHED_WAVES_P1
2026-06-26 12:19:00,409 INFO common.api_common: f_var:ISU.AP_PERF_INST_MMA_TF32
2026-06-26 12:19:00,409 INFO common.api_common: f_var:ISU.AP_PERF_MTE_PI_SEG_SEL_F64
2026-06-26 12:19:00,409 INFO common.api_common: f_var:VL1.p_perf_miss_cnt
2026-06-26 12:19:00,409 INFO common.api_common: f_var:L2C.perf_miss
2026-06-26 12:19:00,409 INFO common.api_common: f_var:VL1.p_stall_due_oldest_pt2
2026-06-26 12:19:00,410 INFO common.api_common: f_var:ISU.AP_PERF_INST_CYCLES_MMA_32CYCLES
2026-06-26 12:19:00,410 INFO common.api_common: f_var:ISU.AP_PERF_ISU_ARB_VLS_STALL
2026-06-26 12:19:00,410 INFO common.api_common: f_var:ISU.AP_PERF_INSTS_SALU
2026-06-26 12:19:00,410 INFO common.api_common: f_var:ISU.AP_PERF_BSM_ATOMIC_INFLIGHT_LEVEL
2026-06-26 12:19:00,410 INFO common.api_common: f_var:ISU.AP_PERF_ISU_ARB_DATA_STALL
2026-06-26 12:19:00,410 INFO common.api_common: f_var:ISU.AP_PERF_INST_MISC
2026-06-26 12:19:00,410 INFO common.api_common: f_var:VL1.p_total_atomic_instruction_event
2026-06-26 12:19:00,410 INFO common.api_common: f_var:ISU.AP_PERF_INSTS_LDU
2026-06-26 12:19:00,410 INFO common.api_common: f_var:ISU.AP_PERF_BSM_CONFLICT_CYCLES
2026-06-26 12:19:00,410 INFO common.api_common: f_var:ISU.AP_PERF_BSM_WR_INFLIGHT_LEVEL
2026-06-26 12:19:00,410 INFO common.api_common: f_var:L2C.perf_req
2026-06-26 12:19:00,410 INFO common.api_common: f_var:L2C.perf_dnoc_wrreq_32B_low
2026-06-26 12:19:00,410 INFO common.api_common: f_var:ISU.AP_PERF_BSM_INFLIGHT_LEVEL
2026-06-26 12:19:00,410 INFO common.api_common: f_var:ISU.AP_PERF_BSM_RD_CYCLES
2026-06-26 12:19:00,410 INFO common.api_common: f_var:ISU.AP_PERF_INST_MMA_INT8
2026-06-26 12:19:00,410 INFO common.api_common: f_var:L2C.perf_dnoc_rdreq_32B
2026-06-26 12:19:00,410 INFO common.api_common: f_var:VL1.p_stall_due_oldest_pt3
2026-06-26 12:19:00,410 INFO common.api_common: f_var:VL1.p_total_read_instruction_event
2026-06-26 12:19:00,410 INFO common.api_common: f_var:RM.RM_PERF_WAVES_InFlight_Level_P3
2026-06-26 12:19:00,410 INFO common.api_common: f_var:ISU.AP_PERF_BSM_WR_CYCLES
2026-06-26 12:19:00,410 INFO common.api_common: f_var:ISU.AP_PERF_INST_PRIVATE_WR
2026-06-26 12:19:00,410 INFO common.api_common: f_var:ISU.AP_PERF_INST_GLOBAL_ATOMIC_64
2026-06-26 12:19:00,410 INFO common.api_common: f_var:ISU.AP_PERF_INSTS_BSM
2026-06-26 12:19:00,410 INFO common.api_common: f_var:ISU.AP_PERF_INST_CYCLES_MMA_16CYCLES
2026-06-26 12:19:00,410 INFO common.api_common: f_var:ISU.AP_PERF_INST_GLOBAL_RD
2026-06-26 12:19:00,410 INFO common.api_common: f_var:SL1.sl1_kcache_rd
2026-06-26 12:19:00,410 INFO common.api_common: f_var:L2C.perf_sector_hit
2026-06-26 12:19:00,411 INFO tools.events_generator.batches_generator: output path is: /home/ailab/maca-vendor-workspace/maca_c_opt/workspace/apply_mix_run/profile-artifacts/apply_mix_v0_baseline/mcprofiler_raw_baseline
2026-06-26 12:19:00,412 INFO tools.events_generator.batches_generator: generate event_batch_1.json successfully!
2026-06-26 12:19:00,412 INFO tools.events_generator.batches_generator: generate event_batch_2.json successfully!
2026-06-26 12:19:00,412 INFO tools.events_generator.batches_generator: generate event_batch_3.json successfully!
2026-06-26 12:19:00,412 INFO tools.events_generator.batches_generator: generate event_batch_4.json successfully!
2026-06-26 12:19:00,412 INFO tools.events_generator.batches_generator: generate event_batch_5.json successfully!
2026-06-26 12:19:00,412 INFO tools.events_generator.batches_generator: generate event_batch_6.json successfully!
2026-06-26 12:19:00,412 INFO tools.events_generator.batches_generator: generate event_batch_7.json successfully!
2026-06-26 12:19:00,412 INFO tools.events_generator.batches_generator: generate event_batch_8.json successfully!
2026-06-26 12:19:00,412 INFO phttp.server_backend: generate batch files done
2026-06-26 12:19:00,413 INFO common.api_common: ret_code cmdline_str: rm -f /root/mcRpcPort.ini
2026-06-26 12:19:00,420 INFO common.api_common: ret_code cmdline_str: cp /home/ailab/maca-vendor-workspace/maca_c_opt/workspace/apply_mix_run/profile-artifacts/apply_mix_v0_baseline/mcprofiler_raw_baseline/event_batch_1.json /home/ailab/maca-vendor-workspace/maca_c_opt/workspace/apply_mix_run/profile-artifacts/apply_mix_v0_baseline/mcprofiler_raw_baseline/mcProfiler.json
2026-06-26 12:19:00,426 INFO common.api_common: ret_code cmdline_str: export MCTX_TARGET_INIT=true; export MACA_ETC_PATH=/home/ailab/maca-vendor-workspace/maca_c_opt/workspace/apply_mix_run/profile-artifacts/apply_mix_v0_baseline/mcprofiler_raw_baseline; export MXLOG_LEVEL=info; export MACA_PATH=/opt/maca/; export LD_LIBRARY_PATH=/opt/maca/lib/:${LD_LIBRARY_PATH}; bash run.sh 0 1 2
2026-06-26 12:19:00,427 INFO common.api_common: ret_code cmdline_str: cat /root/mcRpcPort.ini
2026-06-26 12:19:00,432 WARNING phttp.server_backend: get_srvrpc_port get rpc server ports failed: cannot retrieve rpc server port.
2026-06-26 12:19:00,633 INFO common.api_common: ret_code cmdline_str: cat /root/mcRpcPort.ini
2026-06-26 12:19:00,640 WARNING phttp.server_backend: get_srvrpc_port get rpc server ports failed: cannot retrieve rpc server port.
2026-06-26 12:19:01,041 INFO common.api_common: ret_code cmdline_str: cat /root/mcRpcPort.ini
2026-06-26 12:19:01,048 WARNING phttp.server_backend: get_srvrpc_port get rpc server ports failed: cannot retrieve rpc server port.
2026-06-26 12:19:01,849 INFO common.api_common: ret_code cmdline_str: cat /root/mcRpcPort.ini
2026-06-26 12:19:01,856 WARNING phttp.server_backend: get_srvrpc_port get rpc server ports failed: cannot retrieve rpc server port.
2026-06-26 12:19:03,458 INFO common.api_common: ret_code cmdline_str: cat /root/mcRpcPort.ini
2026-06-26 12:19:05,248 DEBUG urllib3.connectionpool: Starting new HTTP connection (1): 127.0.0.1:50123
2026-06-26 12:19:05,253 INFO werkzeug: 127.0.0.1 - - [26/Jun/2026 12:19:05] "GET /perf_progress?exec_id=7bb19ab4-f44e-4a45-b647-cfeab65ea988 HTTP/1.1" 200 -
2026-06-26 12:19:05,254 DEBUG urllib3.connectionpool: http://127.0.0.1:50123 "GET /perf_progress?exec_id=7bb19ab4-f44e-4a45-b647-cfeab65ea988 HTTP/1.1" 200 2488
2026-06-26 12:19:10,261 DEBUG urllib3.connectionpool: Starting new HTTP connection (1): 127.0.0.1:50123
2026-06-26 12:19:10,264 INFO werkzeug: 127.0.0.1 - - [26/Jun/2026 12:19:10] "GET /perf_progress?exec_id=7bb19ab4-f44e-4a45-b647-cfeab65ea988 HTTP/1.1" 200 -
2026-06-26 12:19:10,264 DEBUG urllib3.connectionpool: http://127.0.0.1:50123 "GET /perf_progress?exec_id=7bb19ab4-f44e-4a45-b647-cfeab65ea988 HTTP/1.1" 200 2488
2026-06-26 12:19:15,271 DEBUG urllib3.connectionpool: Starting new HTTP connection (1): 127.0.0.1:50123
2026-06-26 12:19:15,275 INFO werkzeug: 127.0.0.1 - - [26/Jun/2026 12:19:15] "GET /perf_progress?exec_id=7bb19ab4-f44e-4a45-b647-cfeab65ea988 HTTP/1.1" 200 -
2026-06-26 12:19:15,275 DEBUG urllib3.connectionpool: http://127.0.0.1:50123 "GET /perf_progress?exec_id=7bb19ab4-f44e-4a45-b647-cfeab65ea988 HTTP/1.1" 200 9927
2026-06-26 12:19:20,280 DEBUG urllib3.connectionpool: Starting new HTTP connection (1): 127.0.0.1:50123
2026-06-26 12:19:20,284 INFO werkzeug: 127.0.0.1 - - [26/Jun/2026 12:19:20] "GET /perf_progress?exec_id=7bb19ab4-f44e-4a45-b647-cfeab65ea988 HTTP/1.1" 200 -
2026-06-26 12:19:20,284 DEBUG urllib3.connectionpool: http://127.0.0.1:50123 "GET /perf_progress?exec_id=7bb19ab4-f44e-4a45-b647-cfeab65ea988 HTTP/1.1" 200 9927
2026-06-26 12:19:25,291 DEBUG urllib3.connectionpool: Starting new HTTP connection (1): 127.0.0.1:50123
2026-06-26 12:19:25,295 INFO werkzeug: 127.0.0.1 - - [26/Jun/2026 12:19:25] "GET /perf_progress?exec_id=7bb19ab4-f44e-4a45-b647-cfeab65ea988 HTTP/1.1" 200 -
2026-06-26 12:19:25,295 DEBUG urllib3.connectionpool: http://127.0.0.1:50123 "GET /perf_progress?exec_id=7bb19ab4-f44e-4a45-b647-cfeab65ea988 HTTP/1.1" 200 9927
2026-06-26 12:19:26,677 ERROR prpc_client.mctool_client: cannot connect to server:
2026-06-26 12:19:26,678 ERROR phttp.server_backend: build mcpti rpc failed: 
2026-06-26 12:19:26,678 INFO common.api_common: ret_code cmdline_str: rm -f /root/mcRpcPort.ini
2026-06-26 12:19:26,689 INFO common.api_common: ret_code cmdline_str: cp /home/ailab/maca-vendor-workspace/maca_c_opt/workspace/apply_mix_run/profile-artifacts/apply_mix_v0_baseline/mcprofiler_raw_baseline/event_batch_2.json /home/ailab/maca-vendor-workspace/maca_c_opt/workspace/apply_mix_run/profile-artifacts/apply_mix_v0_baseline/mcprofiler_raw_baseline/mcProfiler.json
2026-06-26 12:19:26,696 INFO common.api_common: ret_code cmdline_str: export MCTX_TARGET_INIT=true; export MACA_ETC_PATH=/home/ailab/maca-vendor-workspace/maca_c_opt/workspace/apply_mix_run/profile-artifacts/apply_mix_v0_baseline/mcprofiler_raw_baseline; export MXLOG_LEVEL=info; export MACA_PATH=/opt/maca/; export LD_LIBRARY_PATH=/opt/maca/lib/:${LD_LIBRARY_PATH}; bash run.sh 0 1 2
2026-06-26 12:19:26,697 INFO common.api_common: ret_code cmdline_str: cat /root/mcRpcPort.ini
2026-06-26 12:19:26,705 WARNING phttp.server_backend: get_srvrpc_port get rpc server ports failed: cannot retrieve rpc server port.
2026-06-26 12:19:26,906 INFO common.api_common: ret_code cmdline_str: cat /root/mcRpcPort.ini
2026-06-26 12:19:26,913 WARNING phttp.server_backend: get_srvrpc_port get rpc server ports failed: cannot retrieve rpc server port.
2026-06-26 12:19:27,314 INFO common.api_common: ret_code cmdline_str: cat /root/mcRpcPort.ini
2026-06-26 12:19:27,322 WARNING phttp.server_backend: get_srvrpc_port get rpc server ports failed: cannot retrieve rpc server port.
2026-06-26 12:19:28,123 INFO common.api_common: ret_code cmdline_str: cat /root/mcRpcPort.ini
2026-06-26 12:19:28,131 WARNING phttp.server_backend: get_srvrpc_port get rpc server ports failed: cannot retrieve rpc server port.
2026-06-26 12:19:29,733 INFO common.api_common: ret_code cmdline_str: cat /root/mcRpcPort.ini
2026-06-26 12:19:30,303 DEBUG urllib3.connectionpool: Starting new HTTP connection (1): 127.0.0.1:50123
2026-06-26 12:19:30,308 INFO werkzeug: 127.0.0.1 - - [26/Jun/2026 12:19:30] "GET /perf_progress?exec_id=7bb19ab4-f44e-4a45-b647-cfeab65ea988 HTTP/1.1" 200 -
2026-06-26 12:19:30,309 DEBUG urllib3.connectionpool: http://127.0.0.1:50123 "GET /perf_progress?exec_id=7bb19ab4-f44e-4a45-b647-cfeab65ea988 HTTP/1.1" 200 9927
2026-06-26 12:19:35,312 DEBUG urllib3.connectionpool: Starting new HTTP connection (1): 127.0.0.1:50123
2026-06-26 12:19:35,316 INFO werkzeug: 127.0.0.1 - - [26/Jun/2026 12:19:35] "GET /perf_progress?exec_id=7bb19ab4-f44e-4a45-b647-cfeab65ea988 HTTP/1.1" 200 -
2026-06-26 12:19:35,317 DEBUG urllib3.connectionpool: http://127.0.0.1:50123 "GET /perf_progress?exec_id=7bb19ab4-f44e-4a45-b647-cfeab65ea988 HTTP/1.1" 200 9927
2026-06-26 12:19:40,324 DEBUG urllib3.connectionpool: Starting new HTTP connection (1): 127.0.0.1:50123
2026-06-26 12:19:40,327 INFO werkzeug: 127.0.0.1 - - [26/Jun/2026 12:19:40] "GET /perf_progress?exec_id=7bb19ab4-f44e-4a45-b647-cfeab65ea988 HTTP/1.1" 200 -
2026-06-26 12:19:40,328 DEBUG urllib3.connectionpool: http://127.0.0.1:50123 "GET /perf_progress?exec_id=7bb19ab4-f44e-4a45-b647-cfeab65ea988 HTTP/1.1" 200 9927
2026-06-26 12:19:45,335 DEBUG urllib3.connectionpool: Starting new HTTP connection (1): 127.0.0.1:50123
2026-06-26 12:19:45,338 INFO werkzeug: 127.0.0.1 - - [26/Jun/2026 12:19:45] "GET /perf_progress?exec_id=7bb19ab4-f44e-4a45-b647-cfeab65ea988 HTTP/1.1" 200 -
2026-06-26 12:19:45,339 DEBUG urllib3.connectionpool: http://127.0.0.1:50123 "GET /perf_progress?exec_id=7bb19ab4-f44e-4a45-b647-cfeab65ea988 HTTP/1.1" 200 9927
2026-06-26 12:19:50,343 DEBUG urllib3.connectionpool: Starting new HTTP connection (1): 127.0.0.1:50123
2026-06-26 12:19:50,347 INFO werkzeug: 127.0.0.1 - - [26/Jun/2026 12:19:50] "GET /perf_progress?exec_id=7bb19ab4-f44e-4a45-b647-cfeab65ea988 HTTP/1.1" 200 -
2026-06-26 12:19:50,348 DEBUG urllib3.connectionpool: http://127.0.0.1:50123 "GET /perf_progress?exec_id=7bb19ab4-f44e-4a45-b647-cfeab65ea988 HTTP/1.1" 200 9927
2026-06-26 12:19:52,945 ERROR prpc_client.mctool_client: cannot connect to server:
2026-06-26 12:19:52,945 ERROR phttp.server_backend: build mcpti rpc failed: 
2026-06-26 12:19:52,946 INFO common.api_common: ret_code cmdline_str: rm -f /root/mcRpcPort.ini
2026-06-26 12:19:52,954 INFO common.api_common: ret_code cmdline_str: cp /home/ailab/maca-vendor-workspace/maca_c_opt/workspace/apply_mix_run/profile-artifacts/apply_mix_v0_baseline/mcprofiler_raw_baseline/event_batch_3.json /home/ailab/maca-vendor-workspace/maca_c_opt/workspace/apply_mix_run/profile-artifacts/apply_mix_v0_baseline/mcprofiler_raw_baseline/mcProfiler.json
2026-06-26 12:19:52,961 INFO common.api_common: ret_code cmdline_str: export MCTX_TARGET_INIT=true; export MACA_ETC_PATH=/home/ailab/maca-vendor-workspace/maca_c_opt/workspace/apply_mix_run/profile-artifacts/apply_mix_v0_baseline/mcprofiler_raw_baseline; export MXLOG_LEVEL=info; export MACA_PATH=/opt/maca/; export LD_LIBRARY_PATH=/opt/maca/lib/:${LD_LIBRARY_PATH}; bash run.sh 0 1 2
2026-06-26 12:19:52,961 INFO common.api_common: ret_code cmdline_str: cat /root/mcRpcPort.ini
2026-06-26 12:19:52,970 WARNING phttp.server_backend: get_srvrpc_port get rpc server ports failed: cannot retrieve rpc server port.
2026-06-26 12:19:53,171 INFO common.api_common: ret_code cmdline_str: cat /root/mcRpcPort.ini
2026-06-26 12:19:53,178 WARNING phttp.server_backend: get_srvrpc_port get rpc server ports failed: cannot retrieve rpc server port.
2026-06-26 12:19:53,579 INFO common.api_common: ret_code cmdline_str: cat /root/mcRpcPort.ini
2026-06-26 12:19:53,587 WARNING phttp.server_backend: get_srvrpc_port get rpc server ports failed: cannot retrieve rpc server port.
2026-06-26 12:19:54,387 INFO common.api_common: ret_code cmdline_str: cat /root/mcRpcPort.ini
2026-06-26 12:19:54,395 WARNING phttp.server_backend: get_srvrpc_port get rpc server ports failed: cannot retrieve rpc server port.
2026-06-26 12:19:55,354 DEBUG urllib3.connectionpool: Starting new HTTP connection (1): 127.0.0.1:50123
2026-06-26 12:19:55,359 INFO werkzeug: 127.0.0.1 - - [26/Jun/2026 12:19:55] "GET /perf_progress?exec_id=7bb19ab4-f44e-4a45-b647-cfeab65ea988 HTTP/1.1" 200 -
2026-06-26 12:19:55,359 DEBUG urllib3.connectionpool: http://127.0.0.1:50123 "GET /perf_progress?exec_id=7bb19ab4-f44e-4a45-b647-cfeab65ea988 HTTP/1.1" 200 9927
2026-06-26 12:19:55,997 INFO common.api_common: ret_code cmdline_str: cat /root/mcRpcPort.ini
2026-06-26 12:20:00,367 DEBUG urllib3.connectionpool: Starting new HTTP connection (1): 127.0.0.1:50123
2026-06-26 12:20:00,372 INFO werkzeug: 127.0.0.1 - - [26/Jun/2026 12:20:00] "GET /perf_progress?exec_id=7bb19ab4-f44e-4a45-b647-cfeab65ea988 HTTP/1.1" 200 -
2026-06-26 12:20:00,373 DEBUG urllib3.connectionpool: http://127.0.0.1:50123 "GET /perf_progress?exec_id=7bb19ab4-f44e-4a45-b647-cfeab65ea988 HTTP/1.1" 200 9927
2026-06-26 12:20:05,377 DEBUG urllib3.connectionpool: Starting new HTTP connection (1): 127.0.0.1:50123
2026-06-26 12:20:05,381 INFO werkzeug: 127.0.0.1 - - [26/Jun/2026 12:20:05] "GET /perf_progress?exec_id=7bb19ab4-f44e-4a45-b647-cfeab65ea988 HTTP/1.1" 200 -
2026-06-26 12:20:05,381 DEBUG urllib3.connectionpool: http://127.0.0.1:50123 "GET /perf_progress?exec_id=7bb19ab4-f44e-4a45-b647-cfeab65ea988 HTTP/1.1" 200 9927
2026-06-26 12:20:10,384 DEBUG urllib3.connectionpool: Starting new HTTP connection (1): 127.0.0.1:50123
2026-06-26 12:20:10,388 INFO werkzeug: 127.0.0.1 - - [26/Jun/2026 12:20:10] "GET /perf_progress?exec_id=7bb19ab4-f44e-4a45-b647-cfeab65ea988 HTTP/1.1" 200 -
2026-06-26 12:20:10,389 DEBUG urllib3.connectionpool: http://127.0.0.1:50123 "GET /perf_progress?exec_id=7bb19ab4-f44e-4a45-b647-cfeab65ea988 HTTP/1.1" 200 9927
2026-06-26 12:20:15,392 DEBUG urllib3.connectionpool: Starting new HTTP connection (1): 127.0.0.1:50123
2026-06-26 12:20:15,396 INFO werkzeug: 127.0.0.1 - - [26/Jun/2026 12:20:15] "GET /perf_progress?exec_id=7bb19ab4-f44e-4a45-b647-cfeab65ea988 HTTP/1.1" 200 -
2026-06-26 12:20:15,396 DEBUG urllib3.connectionpool: http://127.0.0.1:50123 "GET /perf_progress?exec_id=7bb19ab4-f44e-4a45-b647-cfeab65ea988 HTTP/1.1" 200 9927
2026-06-26 12:20:19,208 ERROR prpc_client.mctool_client: cannot connect to server:
2026-06-26 12:20:19,209 ERROR phttp.server_backend: build mcpti rpc failed: 
2026-06-26 12:20:19,209 INFO common.api_common: ret_code cmdline_str: rm -f /root/mcRpcPort.ini
2026-06-26 12:20:19,217 INFO common.api_common: ret_code cmdline_str: cp /home/ailab/maca-vendor-workspace/maca_c_opt/workspace/apply_mix_run/profile-artifacts/apply_mix_v0_baseline/mcprofiler_raw_baseline/event_batch_4.json /home/ailab/maca-vendor-workspace/maca_c_opt/workspace/apply_mix_run/profile-artifacts/apply_mix_v0_baseline/mcprofiler_raw_baseline/mcProfiler.json
2026-06-26 12:20:19,224 INFO common.api_common: ret_code cmdline_str: export MCTX_TARGET_INIT=true; export MACA_ETC_PATH=/home/ailab/maca-vendor-workspace/maca_c_opt/workspace/apply_mix_run/profile-artifacts/apply_mix_v0_baseline/mcprofiler_raw_baseline; export MXLOG_LEVEL=info; export MACA_PATH=/opt/maca/; export LD_LIBRARY_PATH=/opt/maca/lib/:${LD_LIBRARY_PATH}; bash run.sh 0 1 2
2026-06-26 12:20:19,225 INFO common.api_common: ret_code cmdline_str: cat /root/mcRpcPort.ini
2026-06-26 12:20:19,233 WARNING phttp.server_backend: get_srvrpc_port get rpc server ports failed: cannot retrieve rpc server port.
2026-06-26 12:20:19,434 INFO common.api_common: ret_code cmdline_str: cat /root/mcRpcPort.ini
2026-06-26 12:20:19,442 WARNING phttp.server_backend: get_srvrpc_port get rpc server ports failed: cannot retrieve rpc server port.
2026-06-26 12:20:19,842 INFO common.api_common: ret_code cmdline_str: cat /root/mcRpcPort.ini
2026-06-26 12:20:19,850 WARNING phttp.server_backend: get_srvrpc_port get rpc server ports failed: cannot retrieve rpc server port.
2026-06-26 12:20:20,402 DEBUG urllib3.connectionpool: Starting new HTTP connection (1): 127.0.0.1:50123
2026-06-26 12:20:20,407 INFO werkzeug: 127.0.0.1 - - [26/Jun/2026 12:20:20] "GET /perf_progress?exec_id=7bb19ab4-f44e-4a45-b647-cfeab65ea988 HTTP/1.1" 200 -
2026-06-26 12:20:20,408 DEBUG urllib3.connectionpool: http://127.0.0.1:50123 "GET /perf_progress?exec_id=7bb19ab4-f44e-4a45-b647-cfeab65ea988 HTTP/1.1" 200 9927
2026-06-26 12:20:20,650 INFO common.api_common: ret_code cmdline_str: cat /root/mcRpcPort.ini
2026-06-26 12:20:20,658 WARNING phttp.server_backend: get_srvrpc_port get rpc server ports failed: cannot retrieve rpc server port.
2026-06-26 12:20:22,260 INFO common.api_common: ret_code cmdline_str: cat /root/mcRpcPort.ini
2026-06-26 12:20:25,416 DEBUG urllib3.connectionpool: Starting new HTTP connection (1): 127.0.0.1:50123
2026-06-26 12:20:25,422 INFO werkzeug: 127.0.0.1 - - [26/Jun/2026 12:20:25] "GET /perf_progress?exec_id=7bb19ab4-f44e-4a45-b647-cfeab65ea988 HTTP/1.1" 200 -
2026-06-26 12:20:25,422 DEBUG urllib3.connectionpool: http://127.0.0.1:50123 "GET /perf_progress?exec_id=7bb19ab4-f44e-4a45-b647-cfeab65ea988 HTTP/1.1" 200 9927
2026-06-26 12:20:30,429 DEBUG urllib3.connectionpool: Starting new HTTP connection (1): 127.0.0.1:50123
2026-06-26 12:20:30,433 INFO werkzeug: 127.0.0.1 - - [26/Jun/2026 12:20:30] "GET /perf_progress?exec_id=7bb19ab4-f44e-4a45-b647-cfeab65ea988 HTTP/1.1" 200 -
2026-06-26 12:20:30,433 DEBUG urllib3.connectionpool: http://127.0.0.1:50123 "GET /perf_progress?exec_id=7bb19ab4-f44e-4a45-b647-cfeab65ea988 HTTP/1.1" 200 9927
2026-06-26 12:20:35,436 DEBUG urllib3.connectionpool: Starting new HTTP connection (1): 127.0.0.1:50123
2026-06-26 12:20:35,440 INFO werkzeug: 127.0.0.1 - - [26/Jun/2026 12:20:35] "GET /perf_progress?exec_id=7bb19ab4-f44e-4a45-b647-cfeab65ea988 HTTP/1.1" 200 -
2026-06-26 12:20:35,440 DEBUG urllib3.connectionpool: http://127.0.0.1:50123 "GET /perf_progress?exec_id=7bb19ab4-f44e-4a45-b647-cfeab65ea988 HTTP/1.1" 200 9927
2026-06-26 12:20:40,445 DEBUG urllib3.connectionpool: Starting new HTTP connection (1): 127.0.0.1:50123
2026-06-26 12:20:40,449 INFO werkzeug: 127.0.0.1 - - [26/Jun/2026 12:20:40] "GET /perf_progress?exec_id=7bb19ab4-f44e-4a45-b647-cfeab65ea988 HTTP/1.1" 200 -
2026-06-26 12:20:40,449 DEBUG urllib3.connectionpool: http://127.0.0.1:50123 "GET /perf_progress?exec_id=7bb19ab4-f44e-4a45-b647-cfeab65ea988 HTTP/1.1" 200 9927
2026-06-26 12:20:45,456 DEBUG urllib3.connectionpool: Starting new HTTP connection (1): 127.0.0.1:50123
2026-06-26 12:20:45,460 INFO werkzeug: 127.0.0.1 - - [26/Jun/2026 12:20:45] "GET /perf_progress?exec_id=7bb19ab4-f44e-4a45-b647-cfeab65ea988 HTTP/1.1" 200 -
2026-06-26 12:20:45,460 DEBUG urllib3.connectionpool: http://127.0.0.1:50123 "GET /perf_progress?exec_id=7bb19ab4-f44e-4a45-b647-cfeab65ea988 HTTP/1.1" 200 9927
2026-06-26 12:20:45,472 ERROR prpc_client.mctool_client: cannot connect to server:
2026-06-26 12:20:45,473 ERROR phttp.server_backend: build mcpti rpc failed: 
2026-06-26 12:20:45,473 INFO common.api_common: ret_code cmdline_str: rm -f /root/mcRpcPort.ini
2026-06-26 12:20:45,481 INFO common.api_common: ret_code cmdline_str: cp /home/ailab/maca-vendor-workspace/maca_c_opt/workspace/apply_mix_run/profile-artifacts/apply_mix_v0_baseline/mcprofiler_raw_baseline/event_batch_5.json /home/ailab/maca-vendor-workspace/maca_c_opt/workspace/apply_mix_run/profile-artifacts/apply_mix_v0_baseline/mcprofiler_raw_baseline/mcProfiler.json
2026-06-26 12:20:45,489 INFO common.api_common: ret_code cmdline_str: export MCTX_TARGET_INIT=true; export MACA_ETC_PATH=/home/ailab/maca-vendor-workspace/maca_c_opt/workspace/apply_mix_run/profile-artifacts/apply_mix_v0_baseline/mcprofiler_raw_baseline; export MXLOG_LEVEL=info; export MACA_PATH=/opt/maca/; export LD_LIBRARY_PATH=/opt/maca/lib/:${LD_LIBRARY_PATH}; bash run.sh 0 1 2
2026-06-26 12:20:45,489 INFO common.api_common: ret_code cmdline_str: cat /root/mcRpcPort.ini
2026-06-26 12:20:45,498 WARNING phttp.server_backend: get_srvrpc_port get rpc server ports failed: cannot retrieve rpc server port.
2026-06-26 12:20:45,698 INFO common.api_common: ret_code cmdline_str: cat /root/mcRpcPort.ini
2026-06-26 12:20:45,706 WARNING phttp.server_backend: get_srvrpc_port get rpc server ports failed: cannot retrieve rpc server port.
2026-06-26 12:20:46,107 INFO common.api_common: ret_code cmdline_str: cat /root/mcRpcPort.ini
2026-06-26 12:20:46,115 WARNING phttp.server_backend: get_srvrpc_port get rpc server ports failed: cannot retrieve rpc server port.
2026-06-26 12:20:46,916 INFO common.api_common: ret_code cmdline_str: cat /root/mcRpcPort.ini
2026-06-26 12:20:46,923 WARNING phttp.server_backend: get_srvrpc_port get rpc server ports failed: cannot retrieve rpc server port.
2026-06-26 12:20:48,524 INFO common.api_common: ret_code cmdline_str: cat /root/mcRpcPort.ini
2026-06-26 12:20:50,465 DEBUG urllib3.connectionpool: Starting new HTTP connection (1): 127.0.0.1:50123
2026-06-26 12:20:50,470 INFO werkzeug: 127.0.0.1 - - [26/Jun/2026 12:20:50] "GET /perf_progress?exec_id=7bb19ab4-f44e-4a45-b647-cfeab65ea988 HTTP/1.1" 200 -
2026-06-26 12:20:50,471 DEBUG urllib3.connectionpool: http://127.0.0.1:50123 "GET /perf_progress?exec_id=7bb19ab4-f44e-4a45-b647-cfeab65ea988 HTTP/1.1" 200 9927
2026-06-26 12:20:55,478 DEBUG urllib3.connectionpool: Starting new HTTP connection (1): 127.0.0.1:50123
2026-06-26 12:20:55,482 INFO werkzeug: 127.0.0.1 - - [26/Jun/2026 12:20:55] "GET /perf_progress?exec_id=7bb19ab4-f44e-4a45-b647-cfeab65ea988 HTTP/1.1" 200 -
2026-06-26 12:20:55,482 DEBUG urllib3.connectionpool: http://127.0.0.1:50123 "GET /perf_progress?exec_id=7bb19ab4-f44e-4a45-b647-cfeab65ea988 HTTP/1.1" 200 9927
2026-06-26 12:21:00,489 DEBUG urllib3.connectionpool: Starting new HTTP connection (1): 127.0.0.1:50123
2026-06-26 12:21:00,493 INFO werkzeug: 127.0.0.1 - - [26/Jun/2026 12:21:00] "GET /perf_progress?exec_id=7bb19ab4-f44e-4a45-b647-cfeab65ea988 HTTP/1.1" 200 -
2026-06-26 12:21:00,493 DEBUG urllib3.connectionpool: http://127.0.0.1:50123 "GET /perf_progress?exec_id=7bb19ab4-f44e-4a45-b647-cfeab65ea988 HTTP/1.1" 200 9927
2026-06-26 12:21:05,500 DEBUG urllib3.connectionpool: Starting new HTTP connection (1): 127.0.0.1:50123
2026-06-26 12:21:05,504 INFO werkzeug: 127.0.0.1 - - [26/Jun/2026 12:21:05] "GET /perf_progress?exec_id=7bb19ab4-f44e-4a45-b647-cfeab65ea988 HTTP/1.1" 200 -
2026-06-26 12:21:05,504 DEBUG urllib3.connectionpool: http://127.0.0.1:50123 "GET /perf_progress?exec_id=7bb19ab4-f44e-4a45-b647-cfeab65ea988 HTTP/1.1" 200 9927
2026-06-26 12:21:10,511 DEBUG urllib3.connectionpool: Starting new HTTP connection (1): 127.0.0.1:50123
2026-06-26 12:21:10,515 INFO werkzeug: 127.0.0.1 - - [26/Jun/2026 12:21:10] "GET /perf_progress?exec_id=7bb19ab4-f44e-4a45-b647-cfeab65ea988 HTTP/1.1" 200 -
2026-06-26 12:21:10,515 DEBUG urllib3.connectionpool: http://127.0.0.1:50123 "GET /perf_progress?exec_id=7bb19ab4-f44e-4a45-b647-cfeab65ea988 HTTP/1.1" 200 9927
2026-06-26 12:21:11,736 ERROR prpc_client.mctool_client: cannot connect to server:
2026-06-26 12:21:11,737 ERROR phttp.server_backend: build mcpti rpc failed: 
2026-06-26 12:21:11,737 INFO common.api_common: ret_code cmdline_str: rm -f /root/mcRpcPort.ini
2026-06-26 12:21:11,746 INFO common.api_common: ret_code cmdline_str: cp /home/ailab/maca-vendor-workspace/maca_c_opt/workspace/apply_mix_run/profile-artifacts/apply_mix_v0_baseline/mcprofiler_raw_baseline/event_batch_6.json /home/ailab/maca-vendor-workspace/maca_c_opt/workspace/apply_mix_run/profile-artifacts/apply_mix_v0_baseline/mcprofiler_raw_baseline/mcProfiler.json
2026-06-26 12:21:11,753 INFO common.api_common: ret_code cmdline_str: export MCTX_TARGET_INIT=true; export MACA_ETC_PATH=/home/ailab/maca-vendor-workspace/maca_c_opt/workspace/apply_mix_run/profile-artifacts/apply_mix_v0_baseline/mcprofiler_raw_baseline; export MXLOG_LEVEL=info; export MACA_PATH=/opt/maca/; export LD_LIBRARY_PATH=/opt/maca/lib/:${LD_LIBRARY_PATH}; bash run.sh 0 1 2
2026-06-26 12:21:11,753 INFO common.api_common: ret_code cmdline_str: cat /root/mcRpcPort.ini
2026-06-26 12:21:11,762 WARNING phttp.server_backend: get_srvrpc_port get rpc server ports failed: cannot retrieve rpc server port.
2026-06-26 12:21:11,963 INFO common.api_common: ret_code cmdline_str: cat /root/mcRpcPort.ini
2026-06-26 12:21:11,971 WARNING phttp.server_backend: get_srvrpc_port get rpc server ports failed: cannot retrieve rpc server port.
2026-06-26 12:21:12,371 INFO common.api_common: ret_code cmdline_str: cat /root/mcRpcPort.ini
2026-06-26 12:21:12,379 WARNING phttp.server_backend: get_srvrpc_port get rpc server ports failed: cannot retrieve rpc server port.
2026-06-26 12:21:13,179 INFO common.api_common: ret_code cmdline_str: cat /root/mcRpcPort.ini
2026-06-26 12:21:13,187 WARNING phttp.server_backend: get_srvrpc_port get rpc server ports failed: cannot retrieve rpc server port.
2026-06-26 12:21:14,789 INFO common.api_common: ret_code cmdline_str: cat /root/mcRpcPort.ini
2026-06-26 12:21:15,523 DEBUG urllib3.connectionpool: Starting new HTTP connection (1): 127.0.0.1:50123
2026-06-26 12:21:15,531 INFO werkzeug: 127.0.0.1 - - [26/Jun/2026 12:21:15] "GET /perf_progress?exec_id=7bb19ab4-f44e-4a45-b647-cfeab65ea988 HTTP/1.1" 200 -
2026-06-26 12:21:15,532 DEBUG urllib3.connectionpool: http://127.0.0.1:50123 "GET /perf_progress?exec_id=7bb19ab4-f44e-4a45-b647-cfeab65ea988 HTTP/1.1" 200 9927
2026-06-26 12:21:20,536 DEBUG urllib3.connectionpool: Starting new HTTP connection (1): 127.0.0.1:50123
2026-06-26 12:21:20,540 INFO werkzeug: 127.0.0.1 - - [26/Jun/2026 12:21:20] "GET /perf_progress?exec_id=7bb19ab4-f44e-4a45-b647-cfeab65ea988 HTTP/1.1" 200 -
2026-06-26 12:21:20,540 DEBUG urllib3.connectionpool: http://127.0.0.1:50123 "GET /perf_progress?exec_id=7bb19ab4-f44e-4a45-b647-cfeab65ea988 HTTP/1.1" 200 9927
2026-06-26 12:21:25,547 DEBUG urllib3.connectionpool: Starting new HTTP connection (1): 127.0.0.1:50123
2026-06-26 12:21:25,551 INFO werkzeug: 127.0.0.1 - - [26/Jun/2026 12:21:25] "GET /perf_progress?exec_id=7bb19ab4-f44e-4a45-b647-cfeab65ea988 HTTP/1.1" 200 -
2026-06-26 12:21:25,552 DEBUG urllib3.connectionpool: http://127.0.0.1:50123 "GET /perf_progress?exec_id=7bb19ab4-f44e-4a45-b647-cfeab65ea988 HTTP/1.1" 200 9927
2026-06-26 12:21:30,556 DEBUG urllib3.connectionpool: Starting new HTTP connection (1): 127.0.0.1:50123
2026-06-26 12:21:30,560 INFO werkzeug: 127.0.0.1 - - [26/Jun/2026 12:21:30] "GET /perf_progress?exec_id=7bb19ab4-f44e-4a45-b647-cfeab65ea988 HTTP/1.1" 200 -
2026-06-26 12:21:30,561 DEBUG urllib3.connectionpool: http://127.0.0.1:50123 "GET /perf_progress?exec_id=7bb19ab4-f44e-4a45-b647-cfeab65ea988 HTTP/1.1" 200 9927
2026-06-26 12:21:35,564 DEBUG urllib3.connectionpool: Starting new HTTP connection (1): 127.0.0.1:50123
2026-06-26 12:21:35,568 INFO werkzeug: 127.0.0.1 - - [26/Jun/2026 12:21:35] "GET /perf_progress?exec_id=7bb19ab4-f44e-4a45-b647-cfeab65ea988 HTTP/1.1" 200 -
2026-06-26 12:21:35,569 DEBUG urllib3.connectionpool: http://127.0.0.1:50123 "GET /perf_progress?exec_id=7bb19ab4-f44e-4a45-b647-cfeab65ea988 HTTP/1.1" 200 9927
2026-06-26 12:21:38,002 ERROR prpc_client.mctool_client: cannot connect to server:
2026-06-26 12:21:38,002 ERROR phttp.server_backend: build mcpti rpc failed: 
2026-06-26 12:21:38,002 INFO common.api_common: ret_code cmdline_str: rm -f /root/mcRpcPort.ini
2026-06-26 12:21:38,010 INFO common.api_common: ret_code cmdline_str: cp /home/ailab/maca-vendor-workspace/maca_c_opt/workspace/apply_mix_run/profile-artifacts/apply_mix_v0_baseline/mcprofiler_raw_baseline/event_batch_7.json /home/ailab/maca-vendor-workspace/maca_c_opt/workspace/apply_mix_run/profile-artifacts/apply_mix_v0_baseline/mcprofiler_raw_baseline/mcProfiler.json
2026-06-26 12:21:38,018 INFO common.api_common: ret_code cmdline_str: export MCTX_TARGET_INIT=true; export MACA_ETC_PATH=/home/ailab/maca-vendor-workspace/maca_c_opt/workspace/apply_mix_run/profile-artifacts/apply_mix_v0_baseline/mcprofiler_raw_baseline; export MXLOG_LEVEL=info; export MACA_PATH=/opt/maca/; export LD_LIBRARY_PATH=/opt/maca/lib/:${LD_LIBRARY_PATH}; bash run.sh 0 1 2
2026-06-26 12:21:38,018 INFO common.api_common: ret_code cmdline_str: cat /root/mcRpcPort.ini
2026-06-26 12:21:38,027 WARNING phttp.server_backend: get_srvrpc_port get rpc server ports failed: cannot retrieve rpc server port.
2026-06-26 12:21:38,228 INFO common.api_common: ret_code cmdline_str: cat /root/mcRpcPort.ini
2026-06-26 12:21:38,235 WARNING phttp.server_backend: get_srvrpc_port get rpc server ports failed: cannot retrieve rpc server port.
2026-06-26 12:21:38,636 INFO common.api_common: ret_code cmdline_str: cat /root/mcRpcPort.ini
2026-06-26 12:21:38,644 WARNING phttp.server_backend: get_srvrpc_port get rpc server ports failed: cannot retrieve rpc server port.
2026-06-26 12:21:39,445 INFO common.api_common: ret_code cmdline_str: cat /root/mcRpcPort.ini
2026-06-26 12:21:39,453 WARNING phttp.server_backend: get_srvrpc_port get rpc server ports failed: cannot retrieve rpc server port.
2026-06-26 12:21:40,573 DEBUG urllib3.connectionpool: Starting new HTTP connection (1): 127.0.0.1:50123
2026-06-26 12:21:40,578 INFO werkzeug: 127.0.0.1 - - [26/Jun/2026 12:21:40] "GET /perf_progress?exec_id=7bb19ab4-f44e-4a45-b647-cfeab65ea988 HTTP/1.1" 200 -
2026-06-26 12:21:40,579 DEBUG urllib3.connectionpool: http://127.0.0.1:50123 "GET /perf_progress?exec_id=7bb19ab4-f44e-4a45-b647-cfeab65ea988 HTTP/1.1" 200 9927
2026-06-26 12:21:41,055 INFO common.api_common: ret_code cmdline_str: cat /root/mcRpcPort.ini
2026-06-26 12:21:45,587 DEBUG urllib3.connectionpool: Starting new HTTP connection (1): 127.0.0.1:50123
2026-06-26 12:21:45,592 INFO werkzeug: 127.0.0.1 - - [26/Jun/2026 12:21:45] "GET /perf_progress?exec_id=7bb19ab4-f44e-4a45-b647-cfeab65ea988 HTTP/1.1" 200 -
2026-06-26 12:21:45,593 DEBUG urllib3.connectionpool: http://127.0.0.1:50123 "GET /perf_progress?exec_id=7bb19ab4-f44e-4a45-b647-cfeab65ea988 HTTP/1.1" 200 9927
2026-06-26 12:21:50,600 DEBUG urllib3.connectionpool: Starting new HTTP connection (1): 127.0.0.1:50123
2026-06-26 12:21:50,603 INFO werkzeug: 127.0.0.1 - - [26/Jun/2026 12:21:50] "GET /perf_progress?exec_id=7bb19ab4-f44e-4a45-b647-cfeab65ea988 HTTP/1.1" 200 -
2026-06-26 12:21:50,604 DEBUG urllib3.connectionpool: http://127.0.0.1:50123 "GET /perf_progress?exec_id=7bb19ab4-f44e-4a45-b647-cfeab65ea988 HTTP/1.1" 200 9927
2026-06-26 12:21:55,607 DEBUG urllib3.connectionpool: Starting new HTTP connection (1): 127.0.0.1:50123
2026-06-26 12:21:55,610 INFO werkzeug: 127.0.0.1 - - [26/Jun/2026 12:21:55] "GET /perf_progress?exec_id=7bb19ab4-f44e-4a45-b647-cfeab65ea988 HTTP/1.1" 200 -
2026-06-26 12:21:55,611 DEBUG urllib3.connectionpool: http://127.0.0.1:50123 "GET /perf_progress?exec_id=7bb19ab4-f44e-4a45-b647-cfeab65ea988 HTTP/1.1" 200 9927
2026-06-26 12:22:00,618 DEBUG urllib3.connectionpool: Starting new HTTP connection (1): 127.0.0.1:50123
2026-06-26 12:22:00,621 INFO werkzeug: 127.0.0.1 - - [26/Jun/2026 12:22:00] "GET /perf_progress?exec_id=7bb19ab4-f44e-4a45-b647-cfeab65ea988 HTTP/1.1" 200 -
2026-06-26 12:22:00,622 DEBUG urllib3.connectionpool: http://127.0.0.1:50123 "GET /perf_progress?exec_id=7bb19ab4-f44e-4a45-b647-cfeab65ea988 HTTP/1.1" 200 9927
2026-06-26 12:22:04,268 ERROR prpc_client.mctool_client: cannot connect to server:
2026-06-26 12:22:04,268 ERROR phttp.server_backend: build mcpti rpc failed: 
2026-06-26 12:22:04,269 INFO common.api_common: ret_code cmdline_str: rm -f /root/mcRpcPort.ini
2026-06-26 12:22:04,277 INFO common.api_common: ret_code cmdline_str: cp /home/ailab/maca-vendor-workspace/maca_c_opt/workspace/apply_mix_run/profile-artifacts/apply_mix_v0_baseline/mcprofiler_raw_baseline/event_batch_8.json /home/ailab/maca-vendor-workspace/maca_c_opt/workspace/apply_mix_run/profile-artifacts/apply_mix_v0_baseline/mcprofiler_raw_baseline/mcProfiler.json
2026-06-26 12:22:04,284 INFO common.api_common: ret_code cmdline_str: export MCTX_TARGET_INIT=true; export MACA_ETC_PATH=/home/ailab/maca-vendor-workspace/maca_c_opt/workspace/apply_mix_run/profile-artifacts/apply_mix_v0_baseline/mcprofiler_raw_baseline; export MXLOG_LEVEL=info; export MACA_PATH=/opt/maca/; export LD_LIBRARY_PATH=/opt/maca/lib/:${LD_LIBRARY_PATH}; bash run.sh 0 1 2
2026-06-26 12:22:04,285 INFO common.api_common: ret_code cmdline_str: cat /root/mcRpcPort.ini
2026-06-26 12:22:04,293 WARNING phttp.server_backend: get_srvrpc_port get rpc server ports failed: cannot retrieve rpc server port.
2026-06-26 12:22:04,494 INFO common.api_common: ret_code cmdline_str: cat /root/mcRpcPort.ini
2026-06-26 12:22:04,502 WARNING phttp.server_backend: get_srvrpc_port get rpc server ports failed: cannot retrieve rpc server port.
2026-06-26 12:22:04,903 INFO common.api_common: ret_code cmdline_str: cat /root/mcRpcPort.ini
2026-06-26 12:22:04,910 WARNING phttp.server_backend: get_srvrpc_port get rpc server ports failed: cannot retrieve rpc server port.
2026-06-26 12:22:05,629 DEBUG urllib3.connectionpool: Starting new HTTP connection (1): 127.0.0.1:50123
2026-06-26 12:22:05,634 INFO werkzeug: 127.0.0.1 - - [26/Jun/2026 12:22:05] "GET /perf_progress?exec_id=7bb19ab4-f44e-4a45-b647-cfeab65ea988 HTTP/1.1" 200 -
2026-06-26 12:22:05,634 DEBUG urllib3.connectionpool: http://127.0.0.1:50123 "GET /perf_progress?exec_id=7bb19ab4-f44e-4a45-b647-cfeab65ea988 HTTP/1.1" 200 9927
2026-06-26 12:22:05,711 INFO common.api_common: ret_code cmdline_str: cat /root/mcRpcPort.ini
2026-06-26 12:22:05,719 WARNING phttp.server_backend: get_srvrpc_port get rpc server ports failed: cannot retrieve rpc server port.
2026-06-26 12:22:07,321 INFO common.api_common: ret_code cmdline_str: cat /root/mcRpcPort.ini
2026-06-26 12:22:10,642 DEBUG urllib3.connectionpool: Starting new HTTP connection (1): 127.0.0.1:50123
2026-06-26 12:22:10,647 INFO werkzeug: 127.0.0.1 - - [26/Jun/2026 12:22:10] "GET /perf_progress?exec_id=7bb19ab4-f44e-4a45-b647-cfeab65ea988 HTTP/1.1" 200 -
2026-06-26 12:22:10,648 DEBUG urllib3.connectionpool: http://127.0.0.1:50123 "GET /perf_progress?exec_id=7bb19ab4-f44e-4a45-b647-cfeab65ea988 HTTP/1.1" 200 9927
2026-06-26 12:22:15,655 DEBUG urllib3.connectionpool: Starting new HTTP connection (1): 127.0.0.1:50123
2026-06-26 12:22:15,659 INFO werkzeug: 127.0.0.1 - - [26/Jun/2026 12:22:15] "GET /perf_progress?exec_id=7bb19ab4-f44e-4a45-b647-cfeab65ea988 HTTP/1.1" 200 -
2026-06-26 12:22:15,659 DEBUG urllib3.connectionpool: http://127.0.0.1:50123 "GET /perf_progress?exec_id=7bb19ab4-f44e-4a45-b647-cfeab65ea988 HTTP/1.1" 200 9927
2026-06-26 12:22:20,664 DEBUG urllib3.connectionpool: Starting new HTTP connection (1): 127.0.0.1:50123
2026-06-26 12:22:20,669 INFO werkzeug: 127.0.0.1 - - [26/Jun/2026 12:22:20] "GET /perf_progress?exec_id=7bb19ab4-f44e-4a45-b647-cfeab65ea988 HTTP/1.1" 200 -
2026-06-26 12:22:20,669 DEBUG urllib3.connectionpool: http://127.0.0.1:50123 "GET /perf_progress?exec_id=7bb19ab4-f44e-4a45-b647-cfeab65ea988 HTTP/1.1" 200 9927
2026-06-26 12:22:25,676 DEBUG urllib3.connectionpool: Starting new HTTP connection (1): 127.0.0.1:50123
2026-06-26 12:22:25,680 INFO werkzeug: 127.0.0.1 - - [26/Jun/2026 12:22:25] "GET /perf_progress?exec_id=7bb19ab4-f44e-4a45-b647-cfeab65ea988 HTTP/1.1" 200 -
2026-06-26 12:22:25,680 DEBUG urllib3.connectionpool: http://127.0.0.1:50123 "GET /perf_progress?exec_id=7bb19ab4-f44e-4a45-b647-cfeab65ea988 HTTP/1.1" 200 9927
2026-06-26 12:22:30,534 ERROR prpc_client.mctool_client: cannot connect to server:
2026-06-26 12:22:30,534 ERROR phttp.server_backend: build mcpti rpc failed: 
2026-06-26 12:22:30,535 INFO phttp.server_backend: profiling task 7bb19ab4-f44e-4a45-b647-cfeab65ea988
2026-06-26 12:22:30,536 ERROR phttp.server_backend: profiler failed:list index out of range
2026-06-26 12:22:30,687 DEBUG urllib3.connectionpool: Starting new HTTP connection (1): 127.0.0.1:50123
2026-06-26 12:22:30,691 INFO werkzeug: 127.0.0.1 - - [26/Jun/2026 12:22:30] "GET /perf_progress?exec_id=7bb19ab4-f44e-4a45-b647-cfeab65ea988 HTTP/1.1" 200 -
2026-06-26 12:22:30,692 DEBUG urllib3.connectionpool: http://127.0.0.1:50123 "GET /perf_progress?exec_id=7bb19ab4-f44e-4a45-b647-cfeab65ea988 HTTP/1.1" 200 9927
2026-06-26 12:22:35,696 DEBUG urllib3.connectionpool: Starting new HTTP connection (1): 127.0.0.1:50123
2026-06-26 12:22:35,700 INFO werkzeug: 127.0.0.1 - - [26/Jun/2026 12:22:35] "GET /perf_progress?exec_id=7bb19ab4-f44e-4a45-b647-cfeab65ea988 HTTP/1.1" 200 -
2026-06-26 12:22:35,701 DEBUG urllib3.connectionpool: http://127.0.0.1:50123 "GET /perf_progress?exec_id=7bb19ab4-f44e-4a45-b647-cfeab65ea988 HTTP/1.1" 200 9972
2026-06-26 12:22:43,708 DEBUG urllib3.connectionpool: Starting new HTTP connection (1): 127.0.0.1:50123
2026-06-26 12:22:43,710 ERROR phttp.http_server: remove .pkey failed
2026-06-26 12:22:43,710 INFO werkzeug: 127.0.0.1 - - [26/Jun/2026 12:22:43] "GET /stop HTTP/1.1" 200 -
2026-06-26 12:22:43,711 DEBUG urllib3.connectionpool: http://127.0.0.1:50123 "GET /stop HTTP/1.1" 200 29
2026-06-26 12:22:54,191 DEBUG matplotlib: (private) matplotlib data path: /tmp/_MEI0I9wc8/matplotlib/mpl-data
2026-06-26 12:22:54,192 DEBUG matplotlib: matplotlib data path: /tmp/_MEI0I9wc8/matplotlib/mpl-data
2026-06-26 12:22:54,195 DEBUG matplotlib: CONFIGDIR=/tmp/tmpvri8ox3u
2026-06-26 12:22:54,197 DEBUG matplotlib: matplotlib version 3.3.4
2026-06-26 12:22:54,197 DEBUG matplotlib: interactive is False
2026-06-26 12:22:54,197 DEBUG matplotlib: platform is linux
2026-06-26 12:22:54,197 DEBUG matplotlib: loaded modules: ['builtins', 'sys', '_frozen_importlib', '_imp', '_warnings', '_thread', '_weakref', '_frozen_importlib_external', '_io', 'marshal', 'posix', 'zipimport', 'encodings', 'codecs', '_codecs', 'encodings.aliases', 'encodings.ascii', '_signal', '__main__', 'encodings.utf_8', 'encodings.latin_1', 'io', 'abc', '_weakrefset', '_bootlocale', '_locale', 'struct', '_struct', 'pyimod01_os_path', 'pyimod02_archive', 'zlib', 'pyimod03_importers', 'pyimod04_ctypes', 'os', 'errno', 'stat', '_stat', 'posixpath', 'genericpath', 'os.path', '_collections_abc', 'ctypes', '_ctypes', 'ctypes._endian', 'pkgutil', 'collections', 'operator', '_operator', 'keyword', 'heapq', '_heapq', 'itertools', 'reprlib', '_collections', 'functools', '_functools', 'types', 'collections.abc', 'weakref', 'importlib', 'importlib._bootstrap', 'importlib._bootstrap_external', 'warnings', 'importlib.util', 'importlib.abc', 'importlib.machinery', 'contextlib', 'inspect', 'ast', '_ast', 'dis', 'opcode', '_opcode', 'enum', 'linecache', 'tokenize', 're', 'sre_compile', '_sre', 'sre_parse', 'sre_constants', 'copyreg', 'token', 'pathlib', 'fnmatch', 'ntpath', 'urllib', 'urllib.parse', 'pkg_resources', 'time', 'zipfile', 'shutil', 'bz2', '_compression', 'threading', 'traceback', '_bz2', 'lzma', '_lzma', 'pwd', 'grp', 'binascii', 'platform', 'subprocess', 'signal', '_posixsubprocess', 'select', 'selectors', 'math', 'plistlib', 'datetime', '_datetime', 'xml', 'xml.parsers', 'xml.parsers.expat', 'pyexpat.errors', 'pyexpat.model', 'pyexpat', 'xml.parsers.expat.model', 'xml.parsers.expat.errors', 'email', 'email.parser', 'email.feedparser', 'email.errors', 'email._policybase', 'email.header', 'email.quoprimime', 'string', '_string', 'email.base64mime', 'base64', 'email.charset', 'email.encoders', 'quopri', 'email.utils', 'random', 'hashlib', '_hashlib', '_blake2', '_sha3', 'bisect', '_bisect', '_random', 'socket', '_socket', 'email._parseaddr', 'calendar', 'locale', 'tempfile', 'textwrap', 'pkg_resources.extern', 'pkg_resources._vendor', 'pkg_resources._vendor.appdirs', 'pkg_resources.extern.appdirs', 'pkg_resources._vendor.packaging', 'pkg_resources._vendor.packaging.__about__', 'pkg_resources.extern.packaging', 'pkg_resources.extern.packaging.version', 'typing', 'typing.io', 'typing.re', 'pkg_resources.extern.packaging._structures', 'pkg_resources.extern.packaging.specifiers', 'pkg_resources.extern.packaging.utils', 'pkg_resources.extern.packaging.tags', 'logging', 'atexit', 'sysconfig', 'pkg_resources._vendor.packaging._manylinux', 'pkg_resources._vendor.packaging._musllinux', 'pkg_resources.extern.packaging.requirements', 'pkg_resources._vendor.pyparsing', 'copy', 'pprint', 'pkg_resources.extern.pyparsing', 'pkg_resources.extern.packaging.markers', 'multiprocessing', 'multiprocessing.context', 'multiprocessing.process', 'multiprocessing.reduction', 'pickle', '_compat_pickle', '_pickle', 'array', '__mp_main__', 'multiprocessing.spawn', 'runpy', 'multiprocessing.util', 'multiprocessing.popen_fork', 'multiprocessing.popen_spawn_posix', 'concurrent', 'concurrent.futures', 'concurrent.futures._base', 'concurrent.futures.process', 'queue', 'multiprocessing.connection', '_multiprocessing', 'concurrent.futures.thread', 'argparse', 'gettext', 'common', 'common.api_common', 'json', 'json.decoder', 'json.scanner', '_json', 'json.encoder', 'paramiko', 'paramiko._version', 'paramiko.transport', 'cryptography', 'cryptography.__about__', 'cryptography.utils', 'cryptography.hazmat', 'cryptography.hazmat.backends', 'cryptography.hazmat.primitives', 'cryptography.hazmat.primitives.ciphers', 'cryptography.hazmat.primitives._cipheralgorithm', 'cryptography.hazmat.primitives.ciphers.base', 'cryptography.exceptions', 'cryptography.hazmat.primitives.ciphers.modes', 'cryptography.hazmat.primitives.ciphers.algorithms', 'paramiko.util', 'paramiko.common', 'paramiko.config', 'getpass', 'termios', 'shlex', 'paramiko.ssh_exception', 'paramiko.auth_handler', 'paramiko.message', 'paramiko.server', 'paramiko.ssh_gss', 'paramiko.channel', 'paramiko.file', 'paramiko.buffered_pipe', 'paramiko.pipe', 'paramiko.compress', 'paramiko.dsskey', 'cryptography.hazmat.primitives.hashes', 'cryptography.hazmat.primitives.serialization', 'cryptography.hazmat.primitives._serialization', 'cryptography.hazmat.primitives.serialization.base', 'cryptography.hazmat.primitives.asymmetric', 'cryptography.hazmat.primitives.asymmetric.dh', 'cryptography.hazmat.primitives.asymmetric.types', 'cryptography.hazmat.primitives.asymmetric.dsa', 'cryptography.hazmat.primitives.asymmetric.utils', 'cryptography.hazmat.bindings', '_cffi_backend', '_openssl.lib', '_openssl', 'cryptography.hazmat.bindings._rust', 'cryptography.hazmat.primitives.asymmetric.ec', 'cryptography.hazmat._oid', 'cryptography.hazmat.primitives.asymmetric.ed448', 'cryptography.hazmat.primitives.asymmetric.ed25519', 'cryptography.hazmat.primitives.asymmetric.rsa', 'cryptography.hazmat.primitives._asymmetric', 'cryptography.hazmat.primitives.asymmetric.x448', 'cryptography.hazmat.primitives.asymmetric.x25519', 'cryptography.hazmat.primitives.serialization.ssh', 'cryptography.hazmat.primitives.asymmetric.padding', 'bcrypt', '__future__', 'hmac', 'bcrypt.__about__', 'bcrypt._bcrypt', 'paramiko.ber', 'paramiko.sftp', 'paramiko.pkey', 'paramiko.ed25519key', 'nacl', 'nacl.signing', 'nacl.bindings', 'nacl.bindings.crypto_aead', 'nacl.exceptions', '_sodium.lib', '_sodium', 'nacl._sodium', 'nacl.bindings.crypto_box', 'nacl.bindings.crypto_core', 'nacl.bindings.crypto_generichash', 'nacl.bindings.crypto_hash', 'nacl.bindings.crypto_kx', 'nacl.bindings.crypto_pwhash', 'nacl.bindings.crypto_scalarmult', 'nacl.bindings.crypto_secretbox', 'nacl.bindings.crypto_secretstream', 'nacl.bindings.crypto_shorthash', 'nacl.bindings.crypto_sign', 'nacl.bindings.randombytes', 'nacl.bindings.sodium_core', 'nacl.bindings.utils', 'nacl.encoding', 'nacl.public', 'nacl.utils', 'paramiko.kex_curve25519', 'cryptography.hazmat.primitives.constant_time', 'paramiko.kex_gex', 'paramiko.kex_group1', 'paramiko.kex_group14', 'paramiko.kex_group16', 'paramiko.kex_ecdh_nist', 'paramiko.kex_gss', 'paramiko.packet', 'paramiko.primes', 'paramiko.rsakey', 'paramiko.ecdsakey', 'paramiko.sftp_client', 'paramiko.sftp_attr', 'paramiko.sftp_file', 'cryptography.hazmat.backends.openssl', 'cryptography.hazmat.backends.openssl.backend', 'cryptography.x509', 'cryptography.x509.certificate_transparency', 'cryptography.x509.base', 'cryptography.x509.extensions', 'ipaddress', 'cryptography.x509.general_name', 'cryptography.x509.name', 'cryptography.x509.oid', 'cryptography.hazmat.backends.openssl.aead', 'cryptography.hazmat.backends.openssl.ciphers', 'cryptography.hazmat.backends.openssl.cmac', 'cryptography.hazmat.backends.openssl.dh', 'cryptography.hazmat.backends.openssl.dsa', 'cryptography.hazmat.backends.openssl.utils', 'cryptography.hazmat.backends.openssl.ec', 'cryptography.hazmat.backends.openssl.ed448', 'cryptography.hazmat.backends.openssl.ed25519', 'cryptography.hazmat.backends.openssl.hashes', 'cryptography.hazmat.backends.openssl.hmac', 'cryptography.hazmat.backends.openssl.poly1305', 'cryptography.hazmat.backends.openssl.rsa', 'cryptography.hazmat.backends.openssl.x448', 'cryptography.hazmat.bindings.openssl', 'cryptography.hazmat.bindings.openssl.binding', 'cryptography.hazmat.bindings.openssl._conditional', 'cryptography.hazmat.primitives.kdf', 'cryptography.hazmat.primitives.kdf.scrypt', 'cryptography.hazmat.primitives.serialization.pkcs12', 'paramiko.client', 'paramiko.agent', 'paramiko.hostkeys', 'paramiko.auth_strategy', 'paramiko.sftp_server', 'paramiko.sftp_si', 'paramiko.sftp_handle', 'paramiko.proxy', 'sshtunnel', 'socketserver', 'utils', 'utils.exceptions', 'utils.logging', 'utils.complier', 'utils.rawdata_elements', 'common.pc_piechart', 'matplotlib', 'distutils', 'distutils.version', 'matplotlib.cbook', 'gzip', 'numpy', 'numpy._globals', 'numpy.__config__', 'numpy.version', 'numpy._distributor_init', 'numpy.core', 'numpy.core.multiarray', 'numpy.core.overrides', 'numpy.core._multiarray_umath', 'numpy.compat', 'numpy.compat._inspect', 'numpy.compat.py3k', 'numpy.core.umath', 'numpy.core.numerictypes', 'numbers', 'numpy.core._string_helpers', 'numpy.core._type_aliases', 'numpy.core._dtype', 'numpy.core.numeric', 'numpy.core.shape_base', 'numpy.core._asarray', 'numpy.core.fromnumeric', 'numpy.core._methods', 'numpy.core._exceptions', 'numpy.core._ufunc_config', 'numpy.core.arrayprint', 'numpy.core.defchararray', 'numpy.core.records', 'numpy.core.memmap', 'numpy.core.function_base', 'numpy.core.machar', 'numpy.core.getlimits', 'numpy.core.einsumfunc', 'numpy.core._add_newdocs', 'numpy.core._multiarray_tests', 'numpy.core._dtype_ctypes', 'numpy.core._internal', 'numpy._pytesttester', 'numpy.lib', 'numpy.lib.mixins', 'numpy.lib.scimath', 'numpy.lib.type_check', 'numpy.lib.ufunclike', 'numpy.lib.index_tricks', 'numpy.matrixlib', 'numpy.matrixlib.defmatrix', 'numpy.linalg', 'numpy.linalg.linalg', 'numpy.lib.twodim_base', 'numpy.linalg.lapack_lite', 'numpy.linalg._umath_linalg', 'numpy.lib.function_base', 'numpy.lib.histograms', 'numpy.lib.stride_tricks', 'numpy.lib.nanfunctions', 'numpy.lib.shape_base', 'numpy.lib.polynomial', 'numpy.lib.utils', 'numpy.lib.arraysetops', 'numpy.lib.npyio', 'numpy.lib.format', 'numpy.lib._datasource', 'numpy.lib._iotools', 'numpy.lib.financial', 'decimal', '_decimal', 'numpy.lib.arrayterator', 'numpy.lib.arraypad', 'numpy.lib._version', 'numpy.fft', 'numpy.fft._pocketfft', 'numpy.fft._pocketfft_internal', 'numpy.fft.helper', 'numpy.polynomial', 'numpy.polynomial.polynomial', 'numpy.polynomial.polyutils', 'numpy.polynomial._polybase', 'numpy.polynomial.chebyshev', 'numpy.polynomial.legendre', 'numpy.polynomial.hermite', 'numpy.polynomial.hermite_e', 'numpy.polynomial.laguerre', 'numpy.random', 'numpy.random._pickle', 'numpy.random.mtrand', 'cython_runtime', 'numpy.random.bit_generator', '_cython_0_29_21', 'numpy.random._common', 'secrets', 'numpy.random._bounded_integers', 'numpy.random._mt19937', 'numpy.random._philox', 'numpy.random._pcg64', 'numpy.random._sfc64', 'numpy.random._generator', 'numpy.ctypeslib', 'numpy.ma', 'numpy.ma.core', 'numpy.ma.extras', 'numpy.testing', 'unittest', 'unittest.result', 'unittest.util', 'unittest.case', 'difflib', 'unittest.suite', 'unittest.loader', 'unittest.main', 'unittest.runner', 'unittest.signals', 'numpy.testing._private', 'numpy.testing._private.utils', 'gc', 'numpy.testing._private.decorators', 'numpy.testing._private.nosetester', 'matplotlib.cbook.deprecation', 'matplotlib.rcsetup', 'matplotlib.animation', 'uuid', 'ctypes.util', 'matplotlib._animation_data', 'matplotlib.fontconfig_pattern', 'pyparsing', 'pyparsing.util', 'pyparsing.exceptions', 'pyparsing.unicode', 'pyparsing.actions', 'pyparsing.core', 'pyparsing.results', 'pyparsing.helpers', 'html', 'html.entities', 'pyparsing.testing', 'pyparsing.common', 'matplotlib.colors', 'matplotlib.docstring', 'matplotlib._color_data', 'cycler', 'matplotlib._version', 'matplotlib.ft2font', 'dateutil', 'dateutil._version', 'kiwisolver']
2026-06-26 12:22:54,231 DEBUG matplotlib: CACHEDIR=/tmp/tmpvri8ox3u
2026-06-26 12:22:54,231 INFO matplotlib.font_manager: Generating new fontManager, this may take some time...
2026-06-26 12:22:54,231 DEBUG matplotlib.font_manager: font search path [PosixPath('/tmp/_MEI0I9wc8/matplotlib/mpl-data/fonts/ttf'), PosixPath('/tmp/_MEI0I9wc8/matplotlib/mpl-data/fonts/afm'), PosixPath('/tmp/_MEI0I9wc8/matplotlib/mpl-data/fonts/pdfcorefonts')]
2026-06-26 12:22:54,519 DEBUG matplotlib.pyplot: Loaded backend agg version unknown.
2026-06-26 12:22:55,421 DEBUG urllib3.connectionpool: Starting new HTTP connection (1): 127.0.0.1:50123
2026-06-26 12:22:55,421 INFO common.api_common: load json file /opt/mcProfiler-linux/config/workgroup_memory.pcd error, so try to decrypt: Expecting value: line 1 column 1 (char 0)
2026-06-26 12:22:55,422 INFO common.api_common: load json file /opt/mcProfiler-linux/config/summary.pcd error, so try to decrypt: Expecting value: line 1 column 1 (char 0)
2026-06-26 12:22:55,423 INFO common.api_common: load json file /opt/mcProfiler-linux/config/occupancy.pcd error, so try to decrypt: Expecting value: line 1 column 1 (char 0)
2026-06-26 12:22:55,423 INFO common.api_common: load json file /opt/mcProfiler-linux/config/memory_statistics.pcd error, so try to decrypt: Expecting value: line 1 column 1 (char 0)
2026-06-26 12:22:55,424 INFO common.api_common: load json file /opt/mcProfiler-linux/config/isu_statistics.pcd error, so try to decrypt: Expecting value: line 1 column 1 (char 0)
2026-06-26 12:22:55,424 INFO common.api_common: load json file /opt/mcProfiler-linux/config/internal.pcd error, so try to decrypt: Expecting value: line 1 column 1 (char 0)
2026-06-26 12:22:55,425 INFO common.api_common: load json file /opt/mcProfiler-linux/config/instruction_statistics.pcd error, so try to decrypt: Expecting value: line 1 column 1 (char 0)
2026-06-26 12:22:55,425 INFO common.api_common: load json file /opt/mcProfiler-linux/config/gpu_throughput_statistics.pcd error, so try to decrypt: Expecting value: line 1 column 1 (char 0)
2026-06-26 12:22:55,425 INFO common.api_common: load json file /opt/mcProfiler-linux/config/compute_workload.pcd error, so try to decrypt: Expecting value: line 1 column 1 (char 0)
2026-06-26 12:22:55,425 INFO common.api_common: load json file /opt/mcProfiler-linux/config/ce_statistics.pcd error, so try to decrypt: Expecting value: line 1 column 1 (char 0)
2026-06-26 12:22:55,433 INFO werkzeug:  * Running on http://127.0.0.1:50123/ (Press CTRL+C to quit)
2026-06-26 12:22:55,924 DEBUG urllib3.connectionpool: Starting new HTTP connection (1): 127.0.0.1:50123
2026-06-26 12:22:55,927 INFO werkzeug: 127.0.0.1 - - [26/Jun/2026 12:22:55] "GET / HTTP/1.1" 200 -
2026-06-26 12:22:55,927 DEBUG urllib3.connectionpool: http://127.0.0.1:50123 "GET / HTTP/1.1" 200 29
2026-06-26 12:22:55,929 DEBUG urllib3.connectionpool: Starting new HTTP connection (1): 127.0.0.1:50123
2026-06-26 12:22:55,930 INFO werkzeug: 127.0.0.1 - - [26/Jun/2026 12:22:55] "GET /show_metrics HTTP/1.1" 200 -
2026-06-26 12:22:55,930 DEBUG urllib3.connectionpool: http://127.0.0.1:50123 "GET /show_metrics HTTP/1.1" 200 1989
2026-06-26 12:22:55,932 DEBUG urllib3.connectionpool: Starting new HTTP connection (1): 127.0.0.1:50123
2026-06-26 12:22:55,946 INFO phttp.http_server: start a new perf exec thread
2026-06-26 12:22:55,946 INFO phttp.server_backend: start perf_exec
2026-06-26 12:22:55,946 INFO phttp.http_server: new exec 2fd2648a-6dcb-46b4-8246-ac46f8518117:('export MACA_PATH=/opt/maca/; export LD_LIBRARY_PATH=/opt/maca/lib/:${LD_LIBRARY_PATH}; bash run.sh 0 1 2', 'apply_mix_v0_baseline', ['WORKGROUPS', 'WAVES', 'Average Wave life cycles', 'instruction per cycle', 'instruction throughput', 'instruction throughput efficiency', 'AP active cycles', 'AP MTE Duty ratio', 'AP STE Duty ratio', 'AP MMA Duty ratio', 'VLS Duty ratio', 'L2C Duty ratio', 'Compute Instructions Cycles Rate', 'DPC Computing cycles comparison', 'Instructions Comparison', 'ISU stall cycles layout', 'instruction number', 'instructions per AP', 'RoofLine', 'Global Read Instructions', 'Global Write Instructions', 'Global Atomic Instructions', 'Private Read Instructions', 'Private Write Instructions', 'Constant Read Instructions', 'Constant Read SL1 Instructions', 'Constant Read L2 Instructions', 'Constant SL1 Hit Rate', 'VL1 Read Instructions', 'VL1 Write Instructions', 'VL1 Atomic Instructions', 'VL1 Hit Rate', 'L2C Read Instructions', 'L2C Write Instructions', 'L2C Atomic Instructions', 'L2C Hit Rate', 'Total Atomic Instructions', 'Dnoc Read Req', 'Dnoc Write Req', 'Global Memory Read bytes', 'Global Memory Write bytes', 'Memory Data Flow Chart', 'Dnoc Read Average Latency', 'Dnoc Read Latency Histogram', 'VL1 partition stall cycles layout', 'Achieved waves', 'Dispatched waves', 'Total Instructions', 'Compute Instructions', 'Memory Instructions', 'Total Cycles', 'Memory Access per Second', 'Average AP busy cycles', 'AP busy Duty', 'Compute Instructions busy Duty', 'load instructions', 'store instructions', 'atomic instructions', 'total instructions', 'average latency per load instruction', 'average latency per store instruction', 'average latency per atomic instruction', 'average latency of all stages per instruction', 'average cycles per load instruction', 'average cycles per store instruction', 'average cycles per atomic instruction', 'average conflict cycles per instruction', 'average cycles per instruction', 'shared memory access efficiency'])
2026-06-26 12:22:55,948 INFO werkzeug: 127.0.0.1 - - [26/Jun/2026 12:22:55] "POST /perf_exec HTTP/1.1" 200 -
2026-06-26 12:22:55,948 INFO common.api_common: ret_code cmdline_str: env
2026-06-26 12:22:55,953 DEBUG urllib3.connectionpool: http://127.0.0.1:50123 "POST /perf_exec HTTP/1.1" 200 51
2026-06-26 12:22:55,959 INFO common.api_common: ret_code cmdline_str: ls /sys/devices/virtual/mxcd/
2026-06-26 12:22:55,966 INFO common.api_common: ret_code cmdline_str: ls /sys/devices/virtual/mxcd/mxcd/layout/nodes/
2026-06-26 12:22:55,972 INFO phttp.server_backend: get_device_info.layout nodes: ['0', '1', '2', '3', '4', '5', '6', '7', '8', '9']
2026-06-26 12:22:55,972 INFO common.api_common: ret_code cmdline_str: cat /sys/devices/virtual/mxcd/mxcd/layout/nodes//0/gpu_id
2026-06-26 12:22:55,977 INFO phttp.server_backend: get_device_info.node 0 gpu_id 0
2026-06-26 12:22:55,978 INFO common.api_common: ret_code cmdline_str: cat /sys/devices/virtual/mxcd/mxcd/layout/nodes//1/gpu_id
2026-06-26 12:22:55,983 INFO phttp.server_backend: get_device_info.node 1 gpu_id 0
2026-06-26 12:22:55,983 INFO common.api_common: ret_code cmdline_str: cat /sys/devices/virtual/mxcd/mxcd/layout/nodes//2/gpu_id
2026-06-26 12:22:55,988 INFO phttp.server_backend: get_device_info.node 2 gpu_id 64198
2026-06-26 12:22:55,988 INFO phttp.server_backend: get_device_info.using node id 2
2026-06-26 12:22:55,988 INFO common.api_common: ret_code cmdline_str: cat /sys/devices/virtual/mxcd/mxcd/layout/nodes//3/gpu_id
2026-06-26 12:22:55,993 INFO phttp.server_backend: get_device_info.node 3 gpu_id 27143
2026-06-26 12:22:55,993 INFO phttp.server_backend: get_device_info.using node id 3
2026-06-26 12:22:55,993 INFO common.api_common: ret_code cmdline_str: cat /sys/devices/virtual/mxcd/mxcd/layout/nodes//4/gpu_id
2026-06-26 12:22:55,998 INFO phttp.server_backend: get_device_info.node 4 gpu_id 22597
2026-06-26 12:22:55,998 INFO phttp.server_backend: get_device_info.using node id 4
2026-06-26 12:22:55,998 INFO common.api_common: ret_code cmdline_str: cat /sys/devices/virtual/mxcd/mxcd/layout/nodes//5/gpu_id
2026-06-26 12:22:56,003 INFO phttp.server_backend: get_device_info.node 5 gpu_id 24589
2026-06-26 12:22:56,003 INFO phttp.server_backend: get_device_info.using node id 5
2026-06-26 12:22:56,004 INFO common.api_common: ret_code cmdline_str: cat /sys/devices/virtual/mxcd/mxcd/layout/nodes//6/gpu_id
2026-06-26 12:22:56,009 INFO phttp.server_backend: get_device_info.node 6 gpu_id 18772
2026-06-26 12:22:56,009 INFO phttp.server_backend: get_device_info.using node id 6
2026-06-26 12:22:56,009 INFO common.api_common: ret_code cmdline_str: cat /sys/devices/virtual/mxcd/mxcd/layout/nodes//7/gpu_id
2026-06-26 12:22:56,014 INFO phttp.server_backend: get_device_info.node 7 gpu_id 61138
2026-06-26 12:22:56,014 INFO phttp.server_backend: get_device_info.using node id 7
2026-06-26 12:22:56,014 INFO common.api_common: ret_code cmdline_str: cat /sys/devices/virtual/mxcd/mxcd/layout/nodes//8/gpu_id
2026-06-26 12:22:56,019 INFO phttp.server_backend: get_device_info.node 8 gpu_id 8082
2026-06-26 12:22:56,019 INFO phttp.server_backend: get_device_info.using node id 8
2026-06-26 12:22:56,019 INFO common.api_common: ret_code cmdline_str: cat /sys/devices/virtual/mxcd/mxcd/layout/nodes//9/gpu_id
2026-06-26 12:22:56,024 INFO phttp.server_backend: get_device_info.node 9 gpu_id 11728
2026-06-26 12:22:56,024 INFO phttp.server_backend: get_device_info.using node id 9
2026-06-26 12:22:56,024 INFO common.api_common: ret_code cmdline_str: cat /sys/devices/virtual/mxcd/mxcd/layout/nodes//2/properties
2026-06-26 12:22:56,029 ERROR phttp.server_backend: get_device_info.parse 2 device info vbios_version 1.25.1.0 error.
2026-06-26 12:22:56,029 ERROR phttp.server_backend: get_device_info.parse 2 device info  error.
2026-06-26 12:22:56,029 INFO common.api_common: ret_code cmdline_str: cat /sys/devices/virtual/mxcd/mxcd/layout/nodes//3/properties
2026-06-26 12:22:56,034 ERROR phttp.server_backend: get_device_info.parse 3 device info vbios_version 1.25.1.0 error.
2026-06-26 12:22:56,034 ERROR phttp.server_backend: get_device_info.parse 3 device info  error.
2026-06-26 12:22:56,034 INFO common.api_common: ret_code cmdline_str: cat /sys/devices/virtual/mxcd/mxcd/layout/nodes//4/properties
2026-06-26 12:22:56,039 ERROR phttp.server_backend: get_device_info.parse 4 device info vbios_version 1.25.1.0 error.
2026-06-26 12:22:56,039 INFO common.api_common: ret_code cmdline_str: cat /sys/devices/virtual/mxcd/mxcd/layout/nodes//5/properties
2026-06-26 12:22:56,044 ERROR phttp.server_backend: get_device_info.parse 5 device info vbios_version 1.25.1.0 error.
2026-06-26 12:22:56,045 ERROR phttp.server_backend: get_device_info.parse 5 device info  error.
2026-06-26 12:22:56,045 ERROR phttp.server_backend: get_device_info.parse 5 device info  error.
2026-06-26 12:22:56,045 INFO common.api_common: ret_code cmdline_str: cat /sys/devices/virtual/mxcd/mxcd/layout/nodes//6/properties
2026-06-26 12:22:56,050 ERROR phttp.server_backend: get_device_info.parse 6 device info vbios_version 1.25.1.0 error.
2026-06-26 12:22:56,050 ERROR phttp.server_backend: get_device_info.parse 6 device info  error.
2026-06-26 12:22:56,050 ERROR phttp.server_backend: get_device_info.parse 6 device info  error.
2026-06-26 12:22:56,050 ERROR phttp.server_backend: get_device_info.parse 6 device info  error.
2026-06-26 12:22:56,050 INFO common.api_common: ret_code cmdline_str: cat /sys/devices/virtual/mxcd/mxcd/layout/nodes//7/properties
2026-06-26 12:22:56,055 ERROR phttp.server_backend: get_device_info.parse 7 device info vbios_version 1.25.1.0 error.
2026-06-26 12:22:56,055 ERROR phttp.server_backend: get_device_info.parse 7 device info  error.
2026-06-26 12:22:56,055 ERROR phttp.server_backend: get_device_info.parse 7 device info  error.
2026-06-26 12:22:56,055 INFO common.api_common: ret_code cmdline_str: cat /sys/devices/virtual/mxcd/mxcd/layout/nodes//8/properties
2026-06-26 12:22:56,060 ERROR phttp.server_backend: get_device_info.parse 8 device info vbios_version 1.25.1.0 error.
2026-06-26 12:22:56,060 ERROR phttp.server_backend: get_device_info.parse 8 device info  error.
2026-06-26 12:22:56,060 INFO common.api_common: ret_code cmdline_str: cat /sys/devices/virtual/mxcd/mxcd/layout/nodes//9/properties
2026-06-26 12:22:56,065 ERROR phttp.server_backend: get_device_info.parse 9 device info vbios_version 1.25.1.0 error.
2026-06-26 12:22:56,065 ERROR phttp.server_backend: get_device_info.parse 9 device info  error.
2026-06-26 12:22:56,065 INFO phttp.server_backend: get_device_info.device_info: {'2': {'gpu_id': '64198', 'cpu_cores_count': 0, 'mem_banks_count': 1, 'direct_link_count': 4, 'indirect_link_count': 8, 'vendor_id': 39321, 'device_id': 16385, 'drm_render_minor': 128, 'isa_major': 10, 'isa_minor': 0, 'is_vf': 0, 'max_vf_nums': 8, 'domain': 0, 'location_id': 2048, 'num_sdma_engines': 5, 'num_sdma_queues_per_engine': 9, 'num_vpue_cores': 1, 'num_vpud_cores': 8, 'caches_count': 157, 'peu_id_base': 0, 'peu_count': 416, 'max_waves_per_peu': 8, 'wsm_size_in_kb': 64, 'wave_front_size': 64, 'dpc_count': 8, 'dpc0_ap_mask': 8191, 'dpc1_ap_mask': 73727, 'dpc2_ap_mask': 139263, 'dpc3_ap_mask': 204799, 'dpc4_ap_mask': 270335, 'dpc5_ap_mask': 344061, 'dpc6_ap_mask': 401407, 'dpc7_ap_mask': 466943, 'dpc_arrays': 1, 'ap_per_dpc': 13, 'peu_per_ap': 4, 'pri_mem_per_thread': 4, 'max_slots_private_ap': 32, 'num_ce_queues': 16, 'max_engine_clk_gpu': 1600, 'max_engine_clk_cpu': 3600, 'mgpu_id': 0, 'topology_id': 2, 'socket_id': 2, 'hbmecc': 1, 'local_mem_size': 68719476736, 'capability': 4432512, 'maxprocess': 10}, '3': {'gpu_id': '27143', 'cpu_cores_count': 0, 'mem_banks_count': 1, 'direct_link_count': 4, 'indirect_link_count': 8, 'vendor_id': 39321, 'device_id': 16385, 'drm_render_minor': 129, 'isa_major': 10, 'isa_minor': 0, 'is_vf': 0, 'max_vf_nums': 8, 'domain': 0, 'location_id': 2304, 'num_sdma_engines': 5, 'num_sdma_queues_per_engine': 9, 'num_vpue_cores': 1, 'num_vpud_cores': 8, 'caches_count': 157, 'peu_id_base': 0, 'peu_count': 416, 'max_waves_per_peu': 8, 'wsm_size_in_kb': 64, 'wave_front_size': 64, 'dpc_count': 8, 'dpc0_ap_mask': 8191, 'dpc1_ap_mask': 73727, 'dpc2_ap_mask': 139263, 'dpc3_ap_mask': 204799, 'dpc4_ap_mask': 270335, 'dpc5_ap_mask': 344062, 'dpc6_ap_mask': 401407, 'dpc7_ap_mask': 474623, 'dpc_arrays': 1, 'ap_per_dpc': 13, 'peu_per_ap': 4, 'pri_mem_per_thread': 4, 'max_slots_private_ap': 32, 'num_ce_queues': 16, 'max_engine_clk_gpu': 1600, 'max_engine_clk_cpu': 3600, 'mgpu_id': 0, 'topology_id': 2, 'socket_id': 0, 'hbmecc': 1, 'local_mem_size': 68719476736, 'capability': 4432512, 'maxprocess': 10}, '4': {'gpu_id': '22597', 'cpu_cores_count': 0, 'mem_banks_count': 1, 'direct_link_count': 4, 'indirect_link_count': 8, 'vendor_id': 39321, 'device_id': 16385, 'drm_render_minor': 130, 'isa_major': 10, 'isa_minor': 0, 'is_vf': 0, 'max_vf_nums': 8, 'domain': 0, 'location_id': 3584, 'num_sdma_engines': 5, 'num_sdma_queues_per_engine': 9, 'num_vpue_cores': 1, 'num_vpud_cores': 8, 'caches_count': 157, 'peu_id_base': 0, 'peu_count': 416, 'max_waves_per_peu': 8, 'wsm_size_in_kb': 64, 'wave_front_size': 64, 'dpc_count': 8, 'dpc0_ap_mask': 8191, 'dpc1_ap_mask': 73727, 'dpc2_ap_mask': 139263, 'dpc3_ap_mask': 204799, 'dpc4_ap_mask': 270335, 'dpc5_ap_mask': 335871, 'dpc6_ap_mask': 401407, 'dpc7_ap_mask': 466943, 'dpc_arrays': 1, 'ap_per_dpc': 13, 'peu_per_ap': 4, 'pri_mem_per_thread': 4, 'max_slots_private_ap': 32, 'num_ce_queues': 16, 'max_engine_clk_gpu': 1600, 'max_engine_clk_cpu': 3600, 'mgpu_id': 0, 'topology_id': 2, 'socket_id': 3, 'hbmecc': 1, 'local_mem_size': 68719476736, 'capability': 4432512, 'maxprocess': 10}, '5': {'gpu_id': '24589', 'cpu_cores_count': 0, 'mem_banks_count': 1, 'direct_link_count': 4, 'indirect_link_count': 8, 'vendor_id': 39321, 'device_id': 16385, 'drm_render_minor': 131, 'isa_major': 10, 'isa_minor': 0, 'is_vf': 0, 'max_vf_nums': 8, 'domain': 0, 'location_id': 4352, 'num_sdma_engines': 5, 'num_sdma_queues_per_engine': 9, 'num_vpue_cores': 1, 'num_vpud_cores': 8, 'caches_count': 157, 'peu_id_base': 0, 'peu_count': 416, 'max_waves_per_peu': 8, 'wsm_size_in_kb': 64, 'wave_front_size': 64, 'dpc_count': 8, 'dpc0_ap_mask': 8191, 'dpc1_ap_mask': 73727, 'dpc2_ap_mask': 139263, 'dpc3_ap_mask': 204799, 'dpc4_ap_mask': 270335, 'dpc5_ap_mask': 335871, 'dpc6_ap_mask': 401407, 'dpc7_ap_mask': 466943, 'dpc_arrays': 1, 'ap_per_dpc': 13, 'peu_per_ap': 4, 'pri_mem_per_thread': 4, 'max_slots_private_ap': 32, 'num_ce_queues': 16, 'max_engine_clk_gpu': 1600, 'max_engine_clk_cpu': 3600, 'mgpu_id': 0, 'topology_id': 2, 'socket_id': 1, 'hbmecc': 1, 'local_mem_size': 68719476736, 'capability': 4432512, 'maxprocess': 10}, '6': {'gpu_id': '18772', 'cpu_cores_count': 0, 'mem_banks_count': 1, 'direct_link_count': 4, 'indirect_link_count': 8, 'vendor_id': 39321, 'device_id': 16385, 'drm_render_minor': 132, 'isa_major': 10, 'isa_minor': 0, 'is_vf': 0, 'max_vf_nums': 8, 'domain': 0, 'location_id': 12800, 'num_sdma_engines': 5, 'num_sdma_queues_per_engine': 9, 'num_vpue_cores': 1, 'num_vpud_cores': 8, 'caches_count': 157, 'peu_id_base': 0, 'peu_count': 416, 'max_waves_per_peu': 8, 'wsm_size_in_kb': 64, 'wave_front_size': 64, 'dpc_count': 8, 'dpc0_ap_mask': 8191, 'dpc1_ap_mask': 73727, 'dpc2_ap_mask': 139263, 'dpc3_ap_mask': 204799, 'dpc4_ap_mask': 270335, 'dpc5_ap_mask': 335871, 'dpc6_ap_mask': 407551, 'dpc7_ap_mask': 466943, 'dpc_arrays': 1, 'ap_per_dpc': 13, 'peu_per_ap': 4, 'pri_mem_per_thread': 4, 'max_slots_private_ap': 32, 'num_ce_queues': 16, 'max_engine_clk_gpu': 1600, 'max_engine_clk_cpu': 3600, 'mgpu_id': 0, 'topology_id': 2, 'socket_id': 0, 'hbmecc': 1, 'local_mem_size': 68719476736, 'capability': 4432512, 'maxprocess': 10}, '7': {'gpu_id': '61138', 'cpu_cores_count': 0, 'mem_banks_count': 1, 'direct_link_count': 4, 'indirect_link_count': 8, 'vendor_id': 39321, 'device_id': 16385, 'drm_render_minor': 133, 'isa_major': 10, 'isa_minor': 0, 'is_vf': 0, 'max_vf_nums': 8, 'domain': 0, 'location_id': 14336, 'num_sdma_engines': 5, 'num_sdma_queues_per_engine': 9, 'num_vpue_cores': 1, 'num_vpud_cores': 8, 'caches_count': 157, 'peu_id_base': 0, 'peu_count': 416, 'max_waves_per_peu': 8, 'wsm_size_in_kb': 64, 'wave_front_size': 64, 'dpc_count': 8, 'dpc0_ap_mask': 8191, 'dpc1_ap_mask': 73727, 'dpc2_ap_mask': 139263, 'dpc3_ap_mask': 204799, 'dpc4_ap_mask': 270335, 'dpc5_ap_mask': 335871, 'dpc6_ap_mask': 401407, 'dpc7_ap_mask': 466943, 'dpc_arrays': 1, 'ap_per_dpc': 13, 'peu_per_ap': 4, 'pri_mem_per_thread': 4, 'max_slots_private_ap': 32, 'num_ce_queues': 16, 'max_engine_clk_gpu': 1600, 'max_engine_clk_cpu': 3600, 'mgpu_id': 0, 'topology_id': 2, 'socket_id': 2, 'hbmecc': 1, 'local_mem_size': 68719476736, 'capability': 4432512, 'maxprocess': 10}, '8': {'gpu_id': '8082', 'cpu_cores_count': 0, 'mem_banks_count': 1, 'direct_link_count': 4, 'indirect_link_count': 8, 'vendor_id': 39321, 'device_id': 16385, 'drm_render_minor': 134, 'isa_major': 10, 'isa_minor': 0, 'is_vf': 0, 'max_vf_nums': 8, 'domain': 0, 'location_id': 15104, 'num_sdma_engines': 5, 'num_sdma_queues_per_engine': 9, 'num_vpue_cores': 1, 'num_vpud_cores': 8, 'caches_count': 157, 'peu_id_base': 0, 'peu_count': 416, 'max_waves_per_peu': 8, 'wsm_size_in_kb': 64, 'wave_front_size': 64, 'dpc_count': 8, 'dpc0_ap_mask': 8191, 'dpc1_ap_mask': 73727, 'dpc2_ap_mask': 139263, 'dpc3_ap_mask': 204799, 'dpc4_ap_mask': 270335, 'dpc5_ap_mask': 344031, 'dpc6_ap_mask': 401407, 'dpc7_ap_mask': 466943, 'dpc_arrays': 1, 'ap_per_dpc': 13, 'peu_per_ap': 4, 'pri_mem_per_thread': 4, 'max_slots_private_ap': 32, 'num_ce_queues': 16, 'max_engine_clk_gpu': 1600, 'max_engine_clk_cpu': 3600, 'mgpu_id': 0, 'topology_id': 2, 'socket_id': 3, 'hbmecc': 1, 'local_mem_size': 68719476736, 'capability': 4432512, 'maxprocess': 10}, '9': {'gpu_id': '11728', 'cpu_cores_count': 0, 'mem_banks_count': 1, 'direct_link_count': 4, 'indirect_link_count': 8, 'vendor_id': 39321, 'device_id': 16385, 'drm_render_minor': 135, 'isa_major': 10, 'isa_minor': 0, 'is_vf': 0, 'max_vf_nums': 8, 'domain': 0, 'location_id': 15360, 'num_sdma_engines': 5, 'num_sdma_queues_per_engine': 9, 'num_vpue_cores': 1, 'num_vpud_cores': 8, 'caches_count': 157, 'peu_id_base': 0, 'peu_count': 416, 'max_waves_per_peu': 8, 'wsm_size_in_kb': 64, 'wave_front_size': 64, 'dpc_count': 8, 'dpc0_ap_mask': 8191, 'dpc1_ap_mask': 73727, 'dpc2_ap_mask': 139263, 'dpc3_ap_mask': 204799, 'dpc4_ap_mask': 270335, 'dpc5_ap_mask': 335871, 'dpc6_ap_mask': 401407, 'dpc7_ap_mask': 466943, 'dpc_arrays': 1, 'ap_per_dpc': 13, 'peu_per_ap': 4, 'pri_mem_per_thread': 4, 'max_slots_private_ap': 32, 'num_ce_queues': 16, 'max_engine_clk_gpu': 1600, 'max_engine_clk_cpu': 3600, 'mgpu_id': 0, 'topology_id': 2, 'socket_id': 1, 'hbmecc': 1, 'local_mem_size': 68719476736, 'capability': 4432512, 'maxprocess': 10}}
2026-06-26 12:22:56,066 INFO phttp.server_backend: start generate batch files
2026-06-26 12:22:56,066 INFO utils.complier: analyse  formula:[]
2026-06-26 12:22:56,067 INFO utils.complier: analyse  formula:[{'type': 'PRE_VAR', 'value': '@compute_instructions'}, {'type': 'PRE_VAR', 'value': '@memory_instructions'}]
2026-06-26 12:22:56,067 INFO utils.complier: analyse  formula:[]
2026-06-26 12:22:56,067 INFO utils.complier: analyse  formula:[]
2026-06-26 12:22:56,067 INFO utils.complier: analyse  formula:[{'type': 'PRE_VAR', 'value': '@compute_instructions'}]
2026-06-26 12:22:56,067 INFO utils.complier: analyse  formula:[]
2026-06-26 12:22:56,067 INFO utils.complier: analyse  formula:[]
2026-06-26 12:22:56,067 INFO utils.complier: analyse  formula:[{'type': 'PRE_VAR', 'value': '@memory_instructions'}]
2026-06-26 12:22:56,067 INFO utils.complier: analyse  formula:[]
2026-06-26 12:22:56,067 INFO utils.complier: analyse  formula:[{'type': 'VARIABLE', 'value': '{{CE.CE_PERF_BUSY_CYCLES}}'}]
2026-06-26 12:22:56,067 INFO utils.complier: analyse  formula:[]
2026-06-26 12:22:56,067 INFO utils.complier: analyse  formula:[]
2026-06-26 12:22:56,068 INFO utils.complier: analyse  formula:[{'type': 'VARIABLE', 'value': '{{L2C.perf_dnoc_rdreq_32B}}'}, {'type': 'VARIABLE', 'value': '{{L2C.perf_dnoc_rdreq_64B}}'}, {'type': 'VARIABLE', 'value': '{{L2C.perf_dnoc_rdreq_128B}}'}, {'type': 'VARIABLE', 'value': '{{L2C.perf_dnoc_wrreq_32B_low}}'}, {'type': 'VARIABLE', 'value': '{{L2C.perf_dnoc_wrreq_32B_high}}'}, {'type': 'VARIABLE', 'value': '{{L2C.perf_dnoc_wrreq_64B}}'}, {'type': 'VARIABLE', 'value': '{{L2C.perf_dnoc_wrreq_128B}}'}, {'type': 'VARIABLE', 'value': '{{ISU.AP_PERF_ISU_AP_BUSY}}'}]
2026-06-26 12:22:56,068 INFO utils.complier: analyse  formula:[]
2026-06-26 12:22:56,068 INFO utils.complier: analyse  formula:[]
2026-06-26 12:22:56,069 INFO utils.complier: analyse  formula:[{'type': 'VARIABLE', 'value': '{{ISU.AP_PERF_ISU_AP_BUSY}}'}]
2026-06-26 12:22:56,069 INFO utils.complier: analyse  formula:[]
2026-06-26 12:22:56,069 INFO utils.complier: analyse  formula:[]
2026-06-26 12:22:56,069 INFO utils.complier: analyse  formula:[{'type': 'VARIABLE', 'value': '{{ISU.AP_PERF_ISU_AP_BUSY}}'}, {'type': 'VARIABLE', 'value': '{{CE.CE_PERF_BUSY_CYCLES}}'}]
2026-06-26 12:22:56,069 INFO utils.complier: analyse  formula:[]
2026-06-26 12:22:56,069 INFO utils.complier: analyse  formula:[]
2026-06-26 12:22:56,069 INFO utils.complier: analyse  formula:[{'type': 'VARIABLE', 'value': '{{ISU.AP_PERF_INST_CYCLES_VALU}}'}, {'type': 'VARIABLE', 'value': '{{ISU.AP_PERF_INST_CYCLES_MMA}}'}, {'type': 'VARIABLE', 'value': '{{ISU.AP_PERF_ISU_AP_BUSY}}'}]
2026-06-26 12:22:56,070 INFO utils.complier: analyse  formula:[]
2026-06-26 12:22:56,070 INFO utils.complier: analyse  formula:[]
2026-06-26 12:22:56,070 INFO utils.complier: analyse  formula:[{'type': 'VARIABLE', 'value': '{{CE.CE_PERF_SEND_RM_WORKGROUPS}}'}]
2026-06-26 12:22:56,070 INFO utils.complier: analyse  formula:[]
2026-06-26 12:22:56,070 INFO utils.complier: analyse  formula:[]
2026-06-26 12:22:56,070 INFO utils.complier: analyse  formula:[{'type': 'VARIABLE', 'value': '{{CE.CE_PERF_SEND_RM_WAVES}}'}]
2026-06-26 12:22:56,070 INFO utils.complier: analyse  formula:[]
2026-06-26 12:22:56,070 INFO utils.complier: analyse  formula:[]
2026-06-26 12:22:56,070 INFO utils.complier: analyse  formula:[{'type': 'VARIABLE', 'value': '{{RM.RM_PERF_WAVES_InFlight_Level_P0}}'}, {'type': 'VARIABLE', 'value': '{{RM.RM_PERF_WAVES_InFlight_Level_P1}}'}, {'type': 'VARIABLE', 'value': '{{RM.RM_PERF_WAVES_InFlight_Level_P2}}'}, {'type': 'VARIABLE', 'value': '{{RM.RM_PERF_WAVES_InFlight_Level_P3}}'}, {'type': 'VARIABLE', 'value': '{{CE.CE_PERF_SEND_RM_WAVES}}'}]
2026-06-26 12:22:56,070 INFO utils.complier: analyse  formula:[]
2026-06-26 12:22:56,070 INFO utils.complier: analyse  formula:[]
2026-06-26 12:22:56,071 INFO utils.complier: analyse  formula:[{'type': 'VARIABLE', 'value': '{{ISU.AP_PERF_INST_CYCLES_VALU_4CYCLES}}'}, {'type': 'VARIABLE', 'value': '{{ISU.AP_PERF_INST_CYCLES_VALU_16CYCLES}}'}, {'type': 'VARIABLE', 'value': '{{ISU.AP_PERF_INST_CYCLES_MMA_16CYCLES}}'}, {'type': 'VARIABLE', 'value': '{{ISU.AP_PERF_INST_CYCLES_MMA_32CYCLES}}'}]
2026-06-26 12:22:56,072 INFO utils.complier: analyse  formula:[]
2026-06-26 12:22:56,073 INFO utils.complier: analyse  formula:[]
2026-06-26 12:22:56,073 INFO utils.complier: analyse  formula:[{'type': 'VARIABLE_DICT', 'value': '{{{ISU.AP_PERF_INST_CYCLES_MMA}}}'}, {'type': 'VARIABLE_DICT', 'value': '{{{ISU.AP_PERF_INST_CYCLES_MMA}}}'}, {'type': 'VARIABLE_DICT', 'value': '{{{ISU.AP_PERF_INST_CYCLES_VALU}}}'}]
2026-06-26 12:22:56,074 INFO utils.complier: analyse  formula:[]
2026-06-26 12:22:56,074 INFO utils.complier: analyse  formula:[]
2026-06-26 12:22:56,075 INFO utils.complier: analyse  formula:[{'type': 'VARIABLE', 'value': '{{ISU.AP_PERF_INSTS_VALU}}'}, {'type': 'VARIABLE', 'value': '{{ISU.AP_PERF_INSTS_MMA}}'}, {'type': 'VARIABLE', 'value': '{{ISU.AP_PERF_INSTS_SALU}}'}, {'type': 'VARIABLE', 'value': '{{ISU.AP_PERF_INSTS_GVM}}'}, {'type': 'VARIABLE', 'value': '{{ISU.AP_PERF_INSTS_BSM}}'}, {'type': 'VARIABLE', 'value': '{{ISU.AP_PERF_INSTS_LDU}}'}, {'type': 'VARIABLE', 'value': '{{ISU.AP_PERF_INST_MISC}}'}]
2026-06-26 12:22:56,076 INFO utils.complier: analyse  formula:[]
2026-06-26 12:22:56,077 INFO utils.complier: analyse  formula:[]
2026-06-26 12:22:56,077 INFO utils.complier: analyse  formula:[{'type': 'VARIABLE', 'value': '{{ISU.AP_PERF_ISU_ARB_WSM_STALL}}'}, {'type': 'VARIABLE', 'value': '{{ISU.AP_PERF_ISU_ARB_VLS_STALL}}'}, {'type': 'VARIABLE', 'value': '{{ISU.AP_PERF_ISU_ARB_DATA_STALL}}'}, {'type': 'VARIABLE', 'value': '{{ISU.AP_PERF_ISU_ARB_VALU_STALL}}'}]
2026-06-26 12:22:56,078 INFO utils.complier: analyse  formula:[]
2026-06-26 12:22:56,079 INFO utils.complier: analyse  formula:[]
2026-06-26 12:22:56,079 INFO utils.complier: analyse  formula:[]
2026-06-26 12:22:56,079 INFO utils.complier: analyse  formula:[{'type': 'PRE_VAR', 'value': '@global_insts_rd'}]
2026-06-26 12:22:56,079 INFO utils.complier: analyse  formula:[]
2026-06-26 12:22:56,079 INFO utils.complier: analyse  formula:[]
2026-06-26 12:22:56,079 INFO utils.complier: analyse  formula:[{'type': 'PRE_VAR', 'value': '@global_insts_wr'}]
2026-06-26 12:22:56,079 INFO utils.complier: analyse  formula:[]
2026-06-26 12:22:56,079 INFO utils.complier: analyse  formula:[{'type': 'VARIABLE', 'value': '{{ISU.AP_PERF_INST_GLOBAL_ATOMIC}}'}, {'type': 'VARIABLE', 'value': '{{ISU.AP_PERF_INST_GLOBAL_ATOMIC_64}}'}]
2026-06-26 12:22:56,079 INFO utils.complier: analyse  formula:[]
2026-06-26 12:22:56,079 INFO utils.complier: analyse  formula:[]
2026-06-26 12:22:56,079 INFO utils.complier: analyse  formula:[]
2026-06-26 12:22:56,079 INFO utils.complier: analyse  formula:[{'type': 'PRE_VAR', 'value': '@private_insts_rd'}]
2026-06-26 12:22:56,080 INFO utils.complier: analyse  formula:[]
2026-06-26 12:22:56,080 INFO utils.complier: analyse  formula:[]
2026-06-26 12:22:56,080 INFO utils.complier: analyse  formula:[{'type': 'PRE_VAR', 'value': '@private_insts_wr'}]
2026-06-26 12:22:56,080 INFO utils.complier: analyse  formula:[]
2026-06-26 12:22:56,080 INFO utils.complier: analyse  formula:[]
2026-06-26 12:22:56,080 INFO utils.complier: analyse  formula:[{'type': 'PRE_VAR', 'value': '@ldu_insts_rd'}]
2026-06-26 12:22:56,080 INFO utils.complier: analyse  formula:[]
2026-06-26 12:22:56,080 INFO utils.complier: analyse  formula:[]
2026-06-26 12:22:56,080 INFO utils.complier: analyse  formula:[{'type': 'PRE_VAR', 'value': '@sl1_rd'}]
2026-06-26 12:22:56,080 INFO utils.complier: analyse  formula:[]
2026-06-26 12:22:56,080 INFO utils.complier: analyse  formula:[]
2026-06-26 12:22:56,080 INFO utils.complier: analyse  formula:[{'type': 'PRE_VAR', 'value': '@sl1_l2c_rd'}]
2026-06-26 12:22:56,080 INFO utils.complier: analyse  formula:[]
2026-06-26 12:22:56,080 INFO utils.complier: analyse  formula:[]
2026-06-26 12:22:56,080 INFO utils.complier: analyse  formula:[{'type': 'PRE_VAR', 'value': '@sl1_hit_rate'}]
2026-06-26 12:22:56,080 INFO utils.complier: analyse  formula:[]
2026-06-26 12:22:56,080 INFO utils.complier: analyse  formula:[]
2026-06-26 12:22:56,080 INFO utils.complier: analyse  formula:[{'type': 'PRE_VAR', 'value': '@vl1_insts_rd'}]
2026-06-26 12:22:56,080 INFO utils.complier: analyse  formula:[]
2026-06-26 12:22:56,080 INFO utils.complier: analyse  formula:[]
2026-06-26 12:22:56,080 INFO utils.complier: analyse  formula:[{'type': 'PRE_VAR', 'value': '@vl1_insts_wr'}]
2026-06-26 12:22:56,081 INFO utils.complier: analyse  formula:[]
2026-06-26 12:22:56,081 INFO utils.complier: analyse  formula:[{'type': 'VARIABLE', 'value': '{{VL1.p_total_atomic_instruction_event}}'}]
2026-06-26 12:22:56,081 INFO utils.complier: analyse  formula:[]
2026-06-26 12:22:56,081 INFO utils.complier: analyse  formula:[]
2026-06-26 12:22:56,081 INFO utils.complier: analyse  formula:[]
2026-06-26 12:22:56,081 INFO utils.complier: analyse  formula:[{'type': 'PRE_VAR', 'value': '@vl1_hit_rate'}]
2026-06-26 12:22:56,081 INFO utils.complier: analyse  formula:[]
2026-06-26 12:22:56,081 INFO utils.complier: analyse  formula:[]
2026-06-26 12:22:56,081 INFO utils.complier: analyse  formula:[{'type': 'PRE_VAR', 'value': '@l2c_insts_rd'}]
2026-06-26 12:22:56,081 INFO utils.complier: analyse  formula:[]
2026-06-26 12:22:56,081 INFO utils.complier: analyse  formula:[]
2026-06-26 12:22:56,081 INFO utils.complier: analyse  formula:[{'type': 'PRE_VAR', 'value': '@l2c_insts_wr'}]
2026-06-26 12:22:56,081 INFO utils.complier: analyse  formula:[]
2026-06-26 12:22:56,081 INFO utils.complier: analyse  formula:[{'type': 'VARIABLE', 'value': '{{L2C.perf_atomic_req}}'}]
2026-06-26 12:22:56,081 INFO utils.complier: analyse  formula:[]
2026-06-26 12:22:56,081 INFO utils.complier: analyse  formula:[]
2026-06-26 12:22:56,081 INFO utils.complier: analyse  formula:[]
2026-06-26 12:22:56,081 INFO utils.complier: analyse  formula:[{'type': 'PRE_VAR', 'value': '@l2c_hit_rate'}]
2026-06-26 12:22:56,081 INFO utils.complier: analyse  formula:[]
2026-06-26 12:22:56,081 INFO utils.complier: analyse  formula:[{'type': 'VARIABLE', 'value': '{{ISU.AP_PERF_INSTS_GVM_ATOMIC}}'}, {'type': 'VARIABLE', 'value': '{{ISU.AP_PERF_INST_BSM_ATOMIC}}'}]
2026-06-26 12:22:56,082 INFO utils.complier: analyse  formula:[]
2026-06-26 12:22:56,082 INFO utils.complier: analyse  formula:[]
2026-06-26 12:22:56,082 INFO utils.complier: analyse  formula:[{'type': 'VARIABLE', 'value': '{{L2C.perf_dnoc_rdreq}}'}]
2026-06-26 12:22:56,082 INFO utils.complier: analyse  formula:[]
2026-06-26 12:22:56,082 INFO utils.complier: analyse  formula:[]
2026-06-26 12:22:56,082 INFO utils.complier: analyse  formula:[{'type': 'VARIABLE', 'value': '{{L2C.perf_dnoc_wrreq}}'}]
2026-06-26 12:22:56,082 INFO utils.complier: analyse  formula:[]
2026-06-26 12:22:56,082 INFO utils.complier: analyse  formula:[]
2026-06-26 12:22:56,082 INFO utils.complier: analyse  formula:[{'type': 'VARIABLE', 'value': '{{L2C.perf_dnoc_rdreq_32B}}'}, {'type': 'VARIABLE', 'value': '{{L2C.perf_dnoc_rdreq_64B}}'}, {'type': 'VARIABLE', 'value': '{{L2C.perf_dnoc_rdreq_128B}}'}]
2026-06-26 12:22:56,082 INFO utils.complier: analyse  formula:[]
2026-06-26 12:22:56,082 INFO utils.complier: analyse  formula:[]
2026-06-26 12:22:56,082 INFO utils.complier: analyse  formula:[{'type': 'VARIABLE', 'value': '{{L2C.perf_dnoc_wrreq_32B_low}}'}, {'type': 'VARIABLE', 'value': '{{L2C.perf_dnoc_wrreq_32B_high}}'}, {'type': 'VARIABLE', 'value': '{{L2C.perf_dnoc_wrreq_64B}}'}, {'type': 'VARIABLE', 'value': '{{L2C.perf_dnoc_wrreq_128B}}'}]
2026-06-26 12:22:56,083 INFO utils.complier: analyse  formula:[]
2026-06-26 12:22:56,083 INFO utils.complier: analyse  formula:[]
2026-06-26 12:22:56,086 INFO utils.complier: analyse  formula:[]
2026-06-26 12:22:56,089 INFO utils.complier: analyse  formula:[{'type': 'PRE_VAR', 'value': '@vl1_hit_rate'}, {'type': 'PRE_VAR', 'value': '@l2c_hit_rate'}, {'type': 'PRE_VAR', 'value': '@sl1_hit_rate'}, {'type': 'PRE_VAR', 'value': '@global_insts_rd'}, {'type': 'PRE_VAR', 'value': '@global_insts_wr'}, {'type': 'PRE_VAR', 'value': '@private_insts_rd'}, {'type': 'PRE_VAR', 'value': '@private_insts_wr'}, {'type': 'PRE_VAR', 'value': '@generic_insts_rd'}, {'type': 'PRE_VAR', 'value': '@generic_insts_wr'}, {'type': 'PRE_VAR', 'value': '@ldu_insts_rd'}, {'type': 'PRE_VAR', 'value': '@bsm_insts_rd'}, {'type': 'PRE_VAR', 'value': '@bsm_insts_wr'}, {'type': 'PRE_VAR', 'value': '@vl1_insts_rd'}, {'type': 'PRE_VAR', 'value': '@vl1_insts_wr'}, {'type': 'PRE_VAR', 'value': '@sl1_rd'}, {'type': 'PRE_VAR', 'value': '@sl1_l2c_rd'}, {'type': 'PRE_VAR', 'value': '@l2c_insts_rd'}, {'type': 'PRE_VAR', 'value': '@l2c_insts_wr'}]
2026-06-26 12:22:56,093 INFO utils.complier: analyse  formula:[]
2026-06-26 12:22:56,093 INFO utils.complier: analyse  formula:[{'type': 'VARIABLE', 'value': '{{L2C.perf_dnoc_rdreq_inflight_level}}'}, {'type': 'VARIABLE', 'value': '{{L2C.perf_dnoc_rdreq}}'}]
2026-06-26 12:22:56,093 INFO utils.complier: analyse  formula:[]
2026-06-26 12:22:56,093 INFO utils.complier: analyse  formula:[]
2026-06-26 12:22:56,093 INFO utils.complier: analyse  formula:[{'type': 'VARIABLE', 'value': '{{L2C.perf_dnoc_rd_histogram_0_255}}'}, {'type': 'VARIABLE', 'value': '{{L2C.perf_dnoc_rd_histogram_256_511}}'}, {'type': 'VARIABLE', 'value': '{{L2C.perf_dnoc_rd_histogram_512_1K}}'}, {'type': 'VARIABLE', 'value': '{{L2C.perf_dnoc_rd_histogram_1K_2K}}'}, {'type': 'VARIABLE', 'value': '{{L2C.perf_dnoc_rd_histogram_2K_INF}}'}]
2026-06-26 12:22:56,094 INFO utils.complier: analyse  formula:[]
2026-06-26 12:22:56,094 INFO utils.complier: analyse  formula:[]
2026-06-26 12:22:56,094 INFO utils.complier: analyse  formula:[{'type': 'VARIABLE', 'value': '{{VL1.p_stall_due_oldest_pt0}}'}, {'type': 'VARIABLE', 'value': '{{VL1.p_stall_due_oldest_pt1}}'}, {'type': 'VARIABLE', 'value': '{{VL1.p_stall_due_oldest_pt2}}'}, {'type': 'VARIABLE', 'value': '{{VL1.p_stall_due_oldest_pt3}}'}]
2026-06-26 12:22:56,095 INFO utils.complier: analyse  formula:[]
2026-06-26 12:22:56,095 INFO utils.complier: analyse  formula:[]
2026-06-26 12:22:56,095 INFO utils.complier: analyse  formula:[{'type': 'VARIABLE', 'value': '{{ISU.AP_PERF_INST_BSM_RD}}'}]
2026-06-26 12:22:56,095 INFO utils.complier: analyse  formula:[]
2026-06-26 12:22:56,095 INFO utils.complier: analyse  formula:[]
2026-06-26 12:22:56,095 INFO utils.complier: analyse  formula:[{'type': 'VARIABLE', 'value': '{{ISU.AP_PERF_INST_BSM_WR}}'}]
2026-06-26 12:22:56,095 INFO utils.complier: analyse  formula:[]
2026-06-26 12:22:56,095 INFO utils.complier: analyse  formula:[]
2026-06-26 12:22:56,095 INFO utils.complier: analyse  formula:[{'type': 'VARIABLE', 'value': '{{ISU.AP_PERF_INST_BSM_ATOMIC}}'}]
2026-06-26 12:22:56,095 INFO utils.complier: analyse  formula:[]
2026-06-26 12:22:56,096 INFO utils.complier: analyse  formula:[]
2026-06-26 12:22:56,096 INFO utils.complier: analyse  formula:[{'type': 'VARIABLE', 'value': '{{ISU.AP_PERF_INSTS_BSM}}'}]
2026-06-26 12:22:56,096 INFO utils.complier: analyse  formula:[]
2026-06-26 12:22:56,096 INFO utils.complier: analyse  formula:[]
2026-06-26 12:22:56,096 INFO utils.complier: analyse  formula:[{'type': 'VARIABLE', 'value': '{{ISU.AP_PERF_BSM_READ_INFLIGHT_LEVEL}}'}, {'type': 'VARIABLE', 'value': '{{ISU.AP_PERF_INST_BSM_RD}}'}, {'type': 'VARIABLE', 'value': '{{ISU.AP_PERF_INST_BSM_RD}}'}]
2026-06-26 12:22:56,096 INFO utils.complier: analyse  formula:[]
2026-06-26 12:22:56,096 INFO utils.complier: analyse  formula:[]
2026-06-26 12:22:56,096 INFO utils.complier: analyse  formula:[{'type': 'VARIABLE', 'value': '{{ISU.AP_PERF_BSM_WR_INFLIGHT_LEVEL}}'}, {'type': 'VARIABLE', 'value': '{{ISU.AP_PERF_INST_BSM_WR}}'}, {'type': 'VARIABLE', 'value': '{{ISU.AP_PERF_INST_BSM_WR}}'}]
2026-06-26 12:22:56,096 INFO utils.complier: analyse  formula:[]
2026-06-26 12:22:56,097 INFO utils.complier: analyse  formula:[]
2026-06-26 12:22:56,097 INFO utils.complier: analyse  formula:[{'type': 'VARIABLE', 'value': '{{ISU.AP_PERF_BSM_ATOMIC_INFLIGHT_LEVEL}}'}, {'type': 'VARIABLE', 'value': '{{ISU.AP_PERF_INST_BSM_ATOMIC}}'}, {'type': 'VARIABLE', 'value': '{{ISU.AP_PERF_INST_BSM_ATOMIC}}'}]
2026-06-26 12:22:56,097 INFO utils.complier: analyse  formula:[]
2026-06-26 12:22:56,097 INFO utils.complier: analyse  formula:[]
2026-06-26 12:22:56,097 INFO utils.complier: analyse  formula:[{'type': 'VARIABLE', 'value': '{{ISU.AP_PERF_BSM_INFLIGHT_LEVEL_IN_AP}}'}, {'type': 'VARIABLE', 'value': '{{ISU.AP_PERF_BSM_INFLIGHT_LEVEL}}'}, {'type': 'VARIABLE', 'value': '{{ISU.AP_PERF_INSTS_BSM}}'}, {'type': 'VARIABLE', 'value': '{{ISU.AP_PERF_INSTS_BSM}}'}]
2026-06-26 12:22:56,097 INFO utils.complier: analyse  formula:[]
2026-06-26 12:22:56,098 INFO utils.complier: analyse  formula:[]
2026-06-26 12:22:56,098 INFO utils.complier: analyse  formula:[{'type': 'VARIABLE', 'value': '{{ISU.AP_PERF_BSM_RD_CYCLES}}'}, {'type': 'VARIABLE', 'value': '{{ISU.AP_PERF_INST_BSM_RD}}'}, {'type': 'VARIABLE', 'value': '{{ISU.AP_PERF_INST_BSM_RD}}'}]
2026-06-26 12:22:56,098 INFO utils.complier: analyse  formula:[]
2026-06-26 12:22:56,098 INFO utils.complier: analyse  formula:[]
2026-06-26 12:22:56,098 INFO utils.complier: analyse  formula:[{'type': 'VARIABLE', 'value': '{{ISU.AP_PERF_BSM_WR_CYCLES}}'}, {'type': 'VARIABLE', 'value': '{{ISU.AP_PERF_INST_BSM_WR}}'}, {'type': 'VARIABLE', 'value': '{{ISU.AP_PERF_INST_BSM_WR}}'}]
2026-06-26 12:22:56,098 INFO utils.complier: analyse  formula:[]
2026-06-26 12:22:56,098 INFO utils.complier: analyse  formula:[]
2026-06-26 12:22:56,099 INFO utils.complier: analyse  formula:[{'type': 'VARIABLE', 'value': '{{ISU.AP_PERF_BSM_ATOMIC_CYCLES}}'}, {'type': 'VARIABLE', 'value': '{{ISU.AP_PERF_INST_BSM_ATOMIC}}'}, {'type': 'VARIABLE', 'value': '{{ISU.AP_PERF_INST_BSM_ATOMIC}}'}]
2026-06-26 12:22:56,099 INFO utils.complier: analyse  formula:[]
2026-06-26 12:22:56,099 INFO utils.complier: analyse  formula:[]
2026-06-26 12:22:56,099 INFO utils.complier: analyse  formula:[{'type': 'VARIABLE', 'value': '{{ISU.AP_PERF_BSM_CONFLICT_CYCLES}}'}, {'type': 'VARIABLE', 'value': '{{ISU.AP_PERF_INSTS_BSM}}'}, {'type': 'VARIABLE', 'value': '{{ISU.AP_PERF_INSTS_BSM}}'}]
2026-06-26 12:22:56,099 INFO utils.complier: analyse  formula:[]
2026-06-26 12:22:56,099 INFO utils.complier: analyse  formula:[]
2026-06-26 12:22:56,099 INFO utils.complier: analyse  formula:[{'type': 'VARIABLE', 'value': '{{ISU.AP_PERF_BSM_RD_CYCLES}}'}, {'type': 'VARIABLE', 'value': '{{ISU.AP_PERF_BSM_WR_CYCLES}}'}, {'type': 'VARIABLE', 'value': '{{ISU.AP_PERF_BSM_ATOMIC_CYCLES}}'}, {'type': 'VARIABLE', 'value': '{{ISU.AP_PERF_INSTS_BSM}}'}, {'type': 'VARIABLE', 'value': '{{ISU.AP_PERF_INSTS_BSM}}'}]
2026-06-26 12:22:56,100 INFO utils.complier: analyse  formula:[]
2026-06-26 12:22:56,100 INFO utils.complier: analyse  formula:[]
2026-06-26 12:22:56,100 INFO utils.complier: analyse  formula:[{'type': 'VARIABLE', 'value': '{{ISU.AP_PERF_BSM_RD_CYCLES}}'}, {'type': 'VARIABLE', 'value': '{{ISU.AP_PERF_BSM_WR_CYCLES}}'}, {'type': 'VARIABLE', 'value': '{{ISU.AP_PERF_BSM_ATOMIC_CYCLES}}'}, {'type': 'VARIABLE', 'value': '{{ISU.AP_PERF_BSM_CONFLICT_CYCLES}}'}]
2026-06-26 12:22:56,100 INFO utils.complier: analyse  formula:[]
2026-06-26 12:22:56,101 INFO utils.complier: analyse  formula:[]
2026-06-26 12:22:56,101 INFO utils.complier: analyse  formula:[{'type': 'VARIABLE', 'value': '{{ISU.AP_PERF_WAVES}}'}]
2026-06-26 12:22:56,101 INFO utils.complier: analyse  formula:[]
2026-06-26 12:22:56,101 INFO utils.complier: analyse  formula:[]
2026-06-26 12:22:56,101 INFO utils.complier: analyse  formula:[{'type': 'VARIABLE', 'value': '{{RM.RM_PERF_DISPATCHED_WAVES_P0}}'}, {'type': 'VARIABLE', 'value': '{{RM.RM_PERF_DISPATCHED_WAVES_P1}}'}, {'type': 'VARIABLE', 'value': '{{RM.RM_PERF_DISPATCHED_WAVES_P2}}'}, {'type': 'VARIABLE', 'value': '{{RM.RM_PERF_DISPATCHED_WAVES_P3}}'}]
2026-06-26 12:22:56,101 INFO utils.complier: analyse  formula:[]
2026-06-26 12:22:56,101 INFO utils.complier: analyse  formula:[]
2026-06-26 12:22:56,101 INFO utils.complier: analyse  formula:[{'type': 'VARIABLE', 'value': '{{ISU.AP_PERF_ISU_AP_BUSY}}'}]
2026-06-26 12:22:56,101 INFO utils.complier: analyse  formula:[]
2026-06-26 12:22:56,101 INFO utils.complier: analyse  formula:[]
2026-06-26 12:22:56,102 INFO utils.complier: analyse  formula:[{'type': 'VARIABLE', 'value': '{{ISU.AP_PERF_INST_TRANS_FP16}}'}, {'type': 'VARIABLE', 'value': '{{ISU.AP_PERF_INST_TRANS_FP32}}'}, {'type': 'VARIABLE', 'value': '{{ISU.AP_PERF_MTE_PI_SEG_SEL_F64}}'}, {'type': 'VARIABLE', 'value': '{{ISU.AP_PERF_INST_CYCLES_VALU_4CYCLES}}'}, {'type': 'VARIABLE', 'value': '{{ISU.AP_PERF_ISU_AP_BUSY}}'}]
2026-06-26 12:22:56,102 INFO utils.complier: analyse  formula:[]
2026-06-26 12:22:56,102 INFO utils.complier: analyse  formula:[]
2026-06-26 12:22:56,102 INFO utils.complier: analyse  formula:[{'type': 'VARIABLE', 'value': '{{ISU.AP_PERF_INSTS_SALU}}'}, {'type': 'VARIABLE', 'value': '{{ISU.AP_PERF_ISU_AP_BUSY}}'}]
2026-06-26 12:22:56,102 INFO utils.complier: analyse  formula:[]
2026-06-26 12:22:56,103 INFO utils.complier: analyse  formula:[]
2026-06-26 12:22:56,103 INFO utils.complier: analyse  formula:[{'type': 'VARIABLE', 'value': '{{ISU.AP_PERF_INST_CYCLES_MMA}}'}, {'type': 'VARIABLE', 'value': '{{ISU.AP_PERF_ISU_AP_BUSY}}'}]
2026-06-26 12:22:56,103 INFO utils.complier: analyse  formula:[]
2026-06-26 12:22:56,103 INFO utils.complier: analyse  formula:[]
2026-06-26 12:22:56,103 INFO utils.complier: analyse  formula:[{'type': 'VARIABLE', 'value': '{{VLS.PERFEVENT_VLS_ACTIVE}}'}, {'type': 'VARIABLE', 'value': '{{ISU.AP_PERF_ISU_AP_BUSY}}'}]
2026-06-26 12:22:56,103 INFO utils.complier: analyse  formula:[]
2026-06-26 12:22:56,103 INFO utils.complier: analyse  formula:[]
2026-06-26 12:22:56,103 INFO utils.complier: analyse  formula:[{'type': 'VARIABLE', 'value': '{{L2C.perf_req}}'}, {'type': 'VARIABLE', 'value': '{{L2C.1_b1}}'}]
2026-06-26 12:22:56,103 INFO utils.complier: analyse  formula:[]
2026-06-26 12:22:56,103 INFO utils.complier: analyse  formula:[]
2026-06-26 12:22:56,103 INFO utils.complier: analyse  formula:[{'type': 'VARIABLE', 'value': '{{ISU.AP_PERF_ISU_AP_BUSY}}'}]
2026-06-26 12:22:56,104 INFO utils.complier: analyse  formula:[{'type': 'PRE_VAR', 'value': '@total_instruction_num'}]
2026-06-26 12:22:56,104 INFO utils.complier: analyse  formula:[]
2026-06-26 12:22:56,104 INFO utils.complier: analyse  formula:[{'type': 'VARIABLE_DICT', 'value': '{{{ISU.AP_PERF_INSTS_VALU}}}'}, {'type': 'VARIABLE', 'value': '{{ISU.AP_PERF_ISU_AP_BUSY}}'}]
2026-06-26 12:22:56,104 INFO utils.complier: analyse  formula:[{'type': 'PRE_VAR', 'value': '@total_instruction_num'}]
2026-06-26 12:22:56,105 INFO utils.complier: analyse  formula:[]
2026-06-26 12:22:56,105 INFO utils.complier: analyse  formula:[{'type': 'VARIABLE_DICT', 'value': '{{{ISU.AP_PERF_INSTS_VALU}}}'}, {'type': 'VARIABLE', 'value': '{{ISU.AP_PERF_ISU_AP_BUSY}}'}]
2026-06-26 12:22:56,105 INFO utils.complier: analyse  formula:[{'type': 'PRE_VAR', 'value': '@total_instruction_num'}]
2026-06-26 12:22:56,105 INFO utils.complier: analyse  formula:[]
2026-06-26 12:22:56,106 INFO utils.complier: analyse  formula:[{'type': 'VARIABLE', 'value': '{{ISU.AP_PERF_INSTS_VALU}}'}, {'type': 'VARIABLE', 'value': '{{ISU.AP_PERF_INSTS_MMA}}'}, {'type': 'VARIABLE', 'value': '{{ISU.AP_PERF_INSTS_SALU}}'}, {'type': 'VARIABLE', 'value': '{{ISU.AP_PERF_INSTS_GVM}}'}, {'type': 'VARIABLE', 'value': '{{ISU.AP_PERF_INSTS_BSM}}'}, {'type': 'VARIABLE', 'value': '{{ISU.AP_PERF_INSTS_LDU}}'}, {'type': 'VARIABLE', 'value': '{{ISU.AP_PERF_INST_MISC}}'}, {'type': 'VARIABLE', 'value': '{{ISU.AP_PERF_ISU_AP_BUSY}}'}]
2026-06-26 12:22:56,106 INFO utils.complier: analyse  formula:[]
2026-06-26 12:22:56,106 INFO utils.complier: analyse  formula:[]
2026-06-26 12:22:56,106 INFO utils.complier: analyse  formula:[{'type': 'VARIABLE_DICT', 'value': '{{{ISU.AP_PERF_INSTS_VALU}}}'}, {'type': 'VARIABLE', 'value': '{{ISU.AP_PERF_INSTS_VALU}}'}, {'type': 'VARIABLE', 'value': '{{ISU.AP_PERF_INSTS_MMA}}'}, {'type': 'VARIABLE', 'value': '{{ISU.AP_PERF_INSTS_SALU}}'}, {'type': 'VARIABLE', 'value': '{{ISU.AP_PERF_INSTS_GVM}}'}, {'type': 'VARIABLE', 'value': '{{ISU.AP_PERF_INSTS_BSM}}'}, {'type': 'VARIABLE', 'value': '{{ISU.AP_PERF_INSTS_LDU}}'}, {'type': 'VARIABLE', 'value': '{{ISU.AP_PERF_INST_MISC}}'}, {'type': 'VARIABLE', 'value': '{{ISU.AP_PERF_ISU_AP_BUSY}}'}]
2026-06-26 12:22:56,107 INFO utils.complier: analyse  formula:[]
2026-06-26 12:22:56,107 INFO utils.complier: analyse  formula:[]
2026-06-26 12:22:56,110 INFO utils.complier: analyse  formula:[{'type': 'VARIABLE', 'value': '{{ISU.AP_PERF_INSTS_VALU}}'}, {'type': 'VARIABLE', 'value': '{{ISU.AP_PERF_INST_FMA_F32}}'}, {'type': 'VARIABLE', 'value': '{{ISU.AP_PERF_INST_FMA_F64}}'}, {'type': 'VARIABLE', 'value': '{{ISU.AP_PERF_INST_TRANS_FP16}}'}, {'type': 'VARIABLE', 'value': '{{ISU.AP_PERF_INST_TRANS_FP32}}'}, {'type': 'VARIABLE', 'value': '{{ISU.AP_PERF_MTE_PI_SEG_SEL_F64}}'}, {'type': 'VARIABLE', 'value': '{{ISU.AP_PERF_MTE_PI_SEG_SEL_F64}}'}, {'type': 'VARIABLE', 'value': '{{ISU.AP_PERF_INST_FMA_F32}}'}, {'type': 'VARIABLE', 'value': '{{ISU.AP_PERF_INST_FMA_F64}}'}, {'type': 'VARIABLE', 'value': '{{ISU.AP_PERF_INST_TRANS_FP16}}'}, {'type': 'VARIABLE', 'value': '{{ISU.AP_PERF_INST_TRANS_FP32}}'}, {'type': 'VARIABLE', 'value': '{{ISU.AP_PERF_INST_MMA_INT8}}'}, {'type': 'VARIABLE', 'value': '{{ISU.AP_PERF_INST_MMA_FP16}}'}, {'type': 'VARIABLE', 'value': '{{ISU.AP_PERF_INST_MMA_BF16}}'}, {'type': 'VARIABLE', 'value': '{{ISU.AP_PERF_INST_MMA_TF32}}'}, {'type': 'VARIABLE', 'value': '{{ISU.AP_PERF_INST_MMA_F32}}'}, {'type': 'VARIABLE', 'value': '{{ISU.AP_PERF_INST_MMA_F64}}'}, {'type': 'VARIABLE', 'value': '{{ISU.AP_PERF_INST_MMA_TF64}}'}, {'type': 'VARIABLE', 'value': '{{L2C.perf_dnoc_rdreq_32B}}'}, {'type': 'VARIABLE', 'value': '{{L2C.perf_dnoc_rdreq_64B}}'}, {'type': 'VARIABLE', 'value': '{{L2C.perf_dnoc_rdreq_128B}}'}, {'type': 'VARIABLE', 'value': '{{L2C.perf_dnoc_wrreq_32B_low}}'}, {'type': 'VARIABLE', 'value': '{{L2C.perf_dnoc_wrreq_32B_high}}'}, {'type': 'VARIABLE', 'value': '{{L2C.perf_dnoc_wrreq_64B}}'}, {'type': 'VARIABLE', 'value': '{{L2C.perf_dnoc_wrreq_128B}}'}, {'type': 'VARIABLE', 'value': '{{VL1.p_perf_thread_req_cnt}}'}, {'type': 'VARIABLE', 'value': '{{VL1.perf_inflt_rd_req}}'}, {'type': 'VARIABLE', 'value': '{{ISU.AP_PERF_ISU_AP_BUSY}}'}, {'type': 'VARIABLE_DICT', 'value': '{{{ISU.AP_PERF_ISU_AP_BUSY}}}'}]
2026-06-26 12:22:56,112 INFO utils.complier: analyse  formula:[]
2026-06-26 12:22:56,115 INFO utils.complier: analyse  formula:[]
2026-06-26 12:22:56,115 INFO utils.complier: analyse  formula:[{'type': 'VARIABLE', 'value': '{{ISU.AP_PERF_INSTS_VALU}}'}, {'type': 'VARIABLE', 'value': '{{ISU.AP_PERF_INSTS_MMA}}'}, {'type': 'VARIABLE', 'value': '{{ISU.AP_PERF_INSTS_SALU}}'}, {'type': 'VARIABLE', 'value': '{{ISU.AP_PERF_INST_MISC}}'}]
2026-06-26 12:22:56,115 INFO utils.complier: analyse  formula:[]
2026-06-26 12:22:56,115 INFO utils.complier: analyse  formula:[{'type': 'VARIABLE', 'value': '{{ISU.AP_PERF_INSTS_GVM}}'}, {'type': 'VARIABLE', 'value': '{{ISU.AP_PERF_INSTS_BSM}}'}, {'type': 'VARIABLE', 'value': '{{ISU.AP_PERF_INSTS_LDU}}'}]
2026-06-26 12:22:56,115 INFO utils.complier: analyse  formula:[]
2026-06-26 12:22:56,115 INFO utils.complier: analyse  formula:[{'type': 'VARIABLE', 'value': '{{ISU.AP_PERF_INST_GLOBAL_RD}}'}]
2026-06-26 12:22:56,116 INFO utils.complier: analyse  formula:[]
2026-06-26 12:22:56,116 INFO utils.complier: analyse  formula:[{'type': 'VARIABLE', 'value': '{{ISU.AP_PERF_INST_GLOBAL_WR}}'}]
2026-06-26 12:22:56,116 INFO utils.complier: analyse  formula:[]
2026-06-26 12:22:56,116 INFO utils.complier: analyse  formula:[{'type': 'VARIABLE', 'value': '{{ISU.AP_PERF_INST_PRIVATE_RD}}'}]
2026-06-26 12:22:56,116 INFO utils.complier: analyse  formula:[]
2026-06-26 12:22:56,116 INFO utils.complier: analyse  formula:[{'type': 'VARIABLE', 'value': '{{ISU.AP_PERF_INST_PRIVATE_WR}}'}]
2026-06-26 12:22:56,116 INFO utils.complier: analyse  formula:[]
2026-06-26 12:22:56,116 INFO utils.complier: analyse  formula:[{'type': 'VARIABLE', 'value': '{{ISU.AP_PERF_INST_GENERIC_RD}}'}]
2026-06-26 12:22:56,116 INFO utils.complier: analyse  formula:[]
2026-06-26 12:22:56,116 INFO utils.complier: analyse  formula:[{'type': 'VARIABLE', 'value': '{{ISU.AP_PERF_INST_GENERIC_WR}}'}]
2026-06-26 12:22:56,116 INFO utils.complier: analyse  formula:[]
2026-06-26 12:22:56,116 INFO utils.complier: analyse  formula:[{'type': 'VARIABLE', 'value': '{{ISU.AP_PERF_INSTS_LDU}}'}]
2026-06-26 12:22:56,116 INFO utils.complier: analyse  formula:[]
2026-06-26 12:22:56,116 INFO utils.complier: analyse  formula:[{'type': 'VARIABLE', 'value': '{{ISU.AP_PERF_INST_BSM_RD}}'}]
2026-06-26 12:22:56,116 INFO utils.complier: analyse  formula:[]
2026-06-26 12:22:56,116 INFO utils.complier: analyse  formula:[{'type': 'VARIABLE', 'value': '{{ISU.AP_PERF_INST_BSM_WR}}'}]
2026-06-26 12:22:56,116 INFO utils.complier: analyse  formula:[]
2026-06-26 12:22:56,116 INFO utils.complier: analyse  formula:[{'type': 'VARIABLE', 'value': '{{VL1.p_total_read_instruction_event}}'}]
2026-06-26 12:22:56,116 INFO utils.complier: analyse  formula:[]
2026-06-26 12:22:56,117 INFO utils.complier: analyse  formula:[{'type': 'VARIABLE', 'value': '{{VL1.p_total_write_instruction_event}}'}]
2026-06-26 12:22:56,117 INFO utils.complier: analyse  formula:[]
2026-06-26 12:22:56,117 INFO utils.complier: analyse  formula:[{'type': 'VARIABLE', 'value': '{{VL1.p_perf_thread_req_cnt}}'}, {'type': 'VARIABLE', 'value': '{{VL1.p_perf_miss_cnt}}'}, {'type': 'VARIABLE', 'value': '{{VL1.p_perf_thread_req_cnt}}'}]
2026-06-26 12:22:56,117 INFO utils.complier: analyse  formula:[]
2026-06-26 12:22:56,117 INFO utils.complier: analyse  formula:[{'type': 'VARIABLE', 'value': '{{L2C.perf_rd_req}}'}]
2026-06-26 12:22:56,117 INFO utils.complier: analyse  formula:[]
2026-06-26 12:22:56,117 INFO utils.complier: analyse  formula:[{'type': 'VARIABLE', 'value': '{{L2C.perf_wr_req}}'}]
2026-06-26 12:22:56,117 INFO utils.complier: analyse  formula:[]
2026-06-26 12:22:56,117 INFO utils.complier: analyse  formula:[{'type': 'VARIABLE', 'value': '{{L2C.perf_hit}}'}, {'type': 'VARIABLE', 'value': '{{L2C.perf_sector_hit}}'}, {'type': 'VARIABLE', 'value': '{{L2C.perf_miss}}'}]
2026-06-26 12:22:56,118 INFO utils.complier: analyse  formula:[]
2026-06-26 12:22:56,118 INFO utils.complier: analyse  formula:[{'type': 'VARIABLE', 'value': '{{SL1.sl1_kcache_total_hit_event}}'}, {'type': 'VARIABLE', 'value': '{{SL1.sl1_kcache_total_hit_on_miss_event}}'}, {'type': 'VARIABLE', 'value': '{{SL1.sl1_kcache_total_miss_event}}'}]
2026-06-26 12:22:56,118 INFO utils.complier: analyse  formula:[]
2026-06-26 12:22:56,118 INFO utils.complier: analyse  formula:[{'type': 'VARIABLE', 'value': '{{SL1.sl1_kcache_rd}}'}]
2026-06-26 12:22:56,118 INFO utils.complier: analyse  formula:[]
2026-06-26 12:22:56,118 INFO utils.complier: analyse  formula:[{'type': 'VARIABLE', 'value': '{{SL1.sl1_kcache_l2_rd}}'}]
2026-06-26 12:22:56,118 INFO utils.complier: analyse  formula:[]
2026-06-26 12:22:56,118 INFO utils.complier: analyse  formula:[{'type': 'VARIABLE', 'value': '{{ISU.AP_PERF_INSTS_VALU}}'}, {'type': 'VARIABLE', 'value': '{{ISU.AP_PERF_INSTS_MMA}}'}, {'type': 'VARIABLE', 'value': '{{ISU.AP_PERF_INSTS_SALU}}'}, {'type': 'VARIABLE', 'value': '{{ISU.AP_PERF_INSTS_GVM}}'}, {'type': 'VARIABLE', 'value': '{{ISU.AP_PERF_INSTS_BSM}}'}, {'type': 'VARIABLE', 'value': '{{ISU.AP_PERF_INSTS_LDU}}'}, {'type': 'VARIABLE', 'value': '{{ISU.AP_PERF_INST_MISC}}'}]
2026-06-26 12:22:56,118 INFO utils.complier: analyse  formula:[]
2026-06-26 12:22:56,118 INFO common.api_common: f_var:L2C.perf_dnoc_rdreq_32B
2026-06-26 12:22:56,118 INFO common.api_common: f_var:VLS.PERFEVENT_VLS_ACTIVE
2026-06-26 12:22:56,119 INFO common.api_common: f_var:RM.RM_PERF_DISPATCHED_WAVES_P1
2026-06-26 12:22:56,119 INFO common.api_common: f_var:SL1.sl1_kcache_total_hit_on_miss_event
2026-06-26 12:22:56,119 INFO common.api_common: f_var:L2C.perf_dnoc_rd_histogram_2K_INF
2026-06-26 12:22:56,119 INFO common.api_common: f_var:L2C.perf_dnoc_wrreq
2026-06-26 12:22:56,119 INFO common.api_common: f_var:ISU.AP_PERF_INST_TRANS_FP16
2026-06-26 12:22:56,119 INFO common.api_common: f_var:RM.RM_PERF_WAVES_InFlight_Level_P3
2026-06-26 12:22:56,119 INFO common.api_common: f_var:RM.RM_PERF_DISPATCHED_WAVES_P3
2026-06-26 12:22:56,119 INFO common.api_common: f_var:ISU.AP_PERF_BSM_INFLIGHT_LEVEL_IN_AP
2026-06-26 12:22:56,119 INFO common.api_common: f_var:ISU.AP_PERF_INST_GLOBAL_ATOMIC_64
2026-06-26 12:22:56,119 INFO common.api_common: f_var:ISU.AP_PERF_INST_GENERIC_WR
2026-06-26 12:22:56,119 INFO common.api_common: f_var:VL1.p_perf_miss_cnt
2026-06-26 12:22:56,119 INFO common.api_common: f_var:SL1.sl1_kcache_total_hit_event
2026-06-26 12:22:56,119 INFO common.api_common: f_var:ISU.AP_PERF_WAVES
2026-06-26 12:22:56,119 INFO common.api_common: f_var:L2C.perf_sector_hit
2026-06-26 12:22:56,119 INFO common.api_common: f_var:L2C.perf_rd_req
2026-06-26 12:22:56,119 INFO common.api_common: f_var:ISU.AP_PERF_INST_MMA_TF64
2026-06-26 12:22:56,119 INFO common.api_common: f_var:ISU.AP_PERF_INST_FMA_F32
2026-06-26 12:22:56,119 INFO common.api_common: f_var:CE.CE_PERF_SEND_RM_WAVES
2026-06-26 12:22:56,119 INFO common.api_common: f_var:ISU.AP_PERF_INST_FMA_F64
2026-06-26 12:22:56,119 INFO common.api_common: f_var:L2C.perf_dnoc_wrreq_128B
2026-06-26 12:22:56,119 INFO common.api_common: f_var:CE.CE_PERF_SEND_RM_WORKGROUPS
2026-06-26 12:22:56,119 INFO common.api_common: f_var:CE.CE_PERF_BUSY_CYCLES
2026-06-26 12:22:56,119 INFO common.api_common: f_var:L2C.1_b1
2026-06-26 12:22:56,119 INFO common.api_common: f_var:ISU.AP_PERF_ISU_AP_BUSY
2026-06-26 12:22:56,119 INFO common.api_common: f_var:ISU.AP_PERF_INST_BSM_WR
2026-06-26 12:22:56,119 INFO common.api_common: f_var:ISU.AP_PERF_INSTS_BSM
2026-06-26 12:22:56,119 INFO common.api_common: f_var:ISU.AP_PERF_BSM_RD_CYCLES
2026-06-26 12:22:56,119 INFO common.api_common: f_var:ISU.AP_PERF_BSM_WR_INFLIGHT_LEVEL
2026-06-26 12:22:56,119 INFO common.api_common: f_var:VL1.p_stall_due_oldest_pt1
2026-06-26 12:22:56,119 INFO common.api_common: f_var:VL1.p_stall_due_oldest_pt3
2026-06-26 12:22:56,119 INFO common.api_common: f_var:SL1.sl1_kcache_total_miss_event
2026-06-26 12:22:56,119 INFO common.api_common: f_var:ISU.AP_PERF_BSM_INFLIGHT_LEVEL
2026-06-26 12:22:56,119 INFO common.api_common: f_var:ISU.AP_PERF_BSM_ATOMIC_INFLIGHT_LEVEL
2026-06-26 12:22:56,119 INFO common.api_common: f_var:ISU.AP_PERF_INST_CYCLES_MMA_32CYCLES
2026-06-26 12:22:56,119 INFO common.api_common: f_var:ISU.AP_PERF_INST_MMA_FP16
2026-06-26 12:22:56,119 INFO common.api_common: f_var:ISU.AP_PERF_INST_PRIVATE_RD
2026-06-26 12:22:56,119 INFO common.api_common: f_var:ISU.AP_PERF_INST_BSM_ATOMIC
2026-06-26 12:22:56,119 INFO common.api_common: f_var:ISU.AP_PERF_BSM_ATOMIC_CYCLES
2026-06-26 12:22:56,119 INFO common.api_common: f_var:ISU.AP_PERF_INST_GLOBAL_ATOMIC
2026-06-26 12:22:56,119 INFO common.api_common: f_var:ISU.AP_PERF_BSM_CONFLICT_CYCLES
2026-06-26 12:22:56,119 INFO common.api_common: f_var:RM.RM_PERF_DISPATCHED_WAVES_P2
2026-06-26 12:22:56,119 INFO common.api_common: f_var:VL1.perf_inflt_rd_req
2026-06-26 12:22:56,119 INFO common.api_common: f_var:RM.RM_PERF_WAVES_InFlight_Level_P1
2026-06-26 12:22:56,119 INFO common.api_common: f_var:L2C.perf_dnoc_wrreq_64B
2026-06-26 12:22:56,119 INFO common.api_common: f_var:L2C.perf_dnoc_wrreq_32B_high
2026-06-26 12:22:56,119 INFO common.api_common: f_var:L2C.perf_miss
2026-06-26 12:22:56,119 INFO common.api_common: f_var:VL1.p_stall_due_oldest_pt0
2026-06-26 12:22:56,119 INFO common.api_common: f_var:ISU.AP_PERF_INST_GLOBAL_WR
2026-06-26 12:22:56,119 INFO common.api_common: f_var:ISU.AP_PERF_INST_CYCLES_MMA_16CYCLES
2026-06-26 12:22:56,119 INFO common.api_common: f_var:RM.RM_PERF_WAVES_InFlight_Level_P0
2026-06-26 12:22:56,119 INFO common.api_common: f_var:ISU.AP_PERF_INSTS_GVM
2026-06-26 12:22:56,119 INFO common.api_common: f_var:RM.RM_PERF_DISPATCHED_WAVES_P0
2026-06-26 12:22:56,119 INFO common.api_common: f_var:ISU.AP_PERF_INST_GLOBAL_RD
2026-06-26 12:22:56,119 INFO common.api_common: f_var:ISU.AP_PERF_ISU_ARB_WSM_STALL
2026-06-26 12:22:56,119 INFO common.api_common: f_var:ISU.AP_PERF_ISU_ARB_DATA_STALL
2026-06-26 12:22:56,120 INFO common.api_common: f_var:VL1.p_total_read_instruction_event
2026-06-26 12:22:56,120 INFO common.api_common: f_var:ISU.AP_PERF_INST_TRANS_FP32
2026-06-26 12:22:56,120 INFO common.api_common: f_var:L2C.perf_dnoc_rd_histogram_256_511
2026-06-26 12:22:56,120 INFO common.api_common: f_var:ISU.AP_PERF_MTE_PI_SEG_SEL_F64
2026-06-26 12:22:56,120 INFO common.api_common: f_var:L2C.perf_req
2026-06-26 12:22:56,120 INFO common.api_common: f_var:L2C.perf_dnoc_rdreq_128B
2026-06-26 12:22:56,120 INFO common.api_common: f_var:ISU.AP_PERF_BSM_READ_INFLIGHT_LEVEL
2026-06-26 12:22:56,120 INFO common.api_common: f_var:ISU.AP_PERF_INST_MMA_BF16
2026-06-26 12:22:56,120 INFO common.api_common: f_var:VL1.p_perf_thread_req_cnt
2026-06-26 12:22:56,120 INFO common.api_common: f_var:ISU.AP_PERF_INSTS_GVM_ATOMIC
2026-06-26 12:22:56,120 INFO common.api_common: f_var:L2C.perf_dnoc_rd_histogram_1K_2K
2026-06-26 12:22:56,120 INFO common.api_common: f_var:L2C.perf_wr_req
2026-06-26 12:22:56,120 INFO common.api_common: f_var:ISU.AP_PERF_INST_MMA_TF32
2026-06-26 12:22:56,120 INFO common.api_common: f_var:VL1.p_total_write_instruction_event
2026-06-26 12:22:56,120 INFO common.api_common: f_var:ISU.AP_PERF_INST_MMA_F32
2026-06-26 12:22:56,120 INFO common.api_common: f_var:L2C.perf_dnoc_rd_histogram_512_1K
2026-06-26 12:22:56,120 INFO common.api_common: f_var:ISU.AP_PERF_INST_MMA_F64
2026-06-26 12:22:56,120 INFO common.api_common: f_var:ISU.AP_PERF_INST_CYCLES_VALU_16CYCLES
2026-06-26 12:22:56,120 INFO common.api_common: f_var:SL1.sl1_kcache_rd
2026-06-26 12:22:56,120 INFO common.api_common: f_var:L2C.perf_atomic_req
2026-06-26 12:22:56,120 INFO common.api_common: f_var:VL1.p_total_atomic_instruction_event
2026-06-26 12:22:56,120 INFO common.api_common: f_var:ISU.AP_PERF_INST_BSM_RD
2026-06-26 12:22:56,120 INFO common.api_common: f_var:ISU.AP_PERF_INSTS_SALU
2026-06-26 12:22:56,120 INFO common.api_common: f_var:ISU.AP_PERF_BSM_WR_CYCLES
2026-06-26 12:22:56,120 INFO common.api_common: f_var:SL1.sl1_kcache_l2_rd
2026-06-26 12:22:56,120 INFO common.api_common: f_var:ISU.AP_PERF_INST_MISC
2026-06-26 12:22:56,120 INFO common.api_common: f_var:ISU.AP_PERF_INSTS_MMA
2026-06-26 12:22:56,120 INFO common.api_common: f_var:ISU.AP_PERF_ISU_ARB_VALU_STALL
2026-06-26 12:22:56,120 INFO common.api_common: f_var:ISU.AP_PERF_INST_PRIVATE_WR
2026-06-26 12:22:56,120 INFO common.api_common: f_var:L2C.perf_hit
2026-06-26 12:22:56,120 INFO common.api_common: f_var:L2C.perf_dnoc_rd_histogram_0_255
2026-06-26 12:22:56,120 INFO common.api_common: f_var:L2C.perf_dnoc_wrreq_32B_low
2026-06-26 12:22:56,120 INFO common.api_common: f_var:ISU.AP_PERF_INST_GENERIC_RD
2026-06-26 12:22:56,120 INFO common.api_common: f_var:ISU.AP_PERF_INST_CYCLES_MMA
2026-06-26 12:22:56,120 INFO common.api_common: f_var:ISU.AP_PERF_INST_CYCLES_VALU_4CYCLES
2026-06-26 12:22:56,120 INFO common.api_common: f_var:ISU.AP_PERF_INST_MMA_INT8
2026-06-26 12:22:56,120 INFO common.api_common: f_var:VL1.p_stall_due_oldest_pt2
2026-06-26 12:22:56,120 INFO common.api_common: f_var:ISU.AP_PERF_INSTS_VALU
2026-06-26 12:22:56,120 INFO common.api_common: f_var:L2C.perf_dnoc_rdreq_inflight_level
2026-06-26 12:22:56,120 INFO common.api_common: f_var:ISU.AP_PERF_INST_CYCLES_VALU
2026-06-26 12:22:56,120 INFO common.api_common: f_var:RM.RM_PERF_WAVES_InFlight_Level_P2
2026-06-26 12:22:56,120 INFO common.api_common: f_var:ISU.AP_PERF_INSTS_LDU
2026-06-26 12:22:56,120 INFO common.api_common: f_var:L2C.perf_dnoc_rdreq_64B
2026-06-26 12:22:56,120 INFO common.api_common: f_var:ISU.AP_PERF_ISU_ARB_VLS_STALL
2026-06-26 12:22:56,120 INFO common.api_common: f_var:L2C.perf_dnoc_rdreq
2026-06-26 12:22:56,122 INFO tools.events_generator.batches_generator: output path is: /home/ailab/maca-vendor-workspace/maca_c_opt/workspace/apply_mix_run/profile-artifacts/apply_mix_v0_baseline/mcprofiler_raw_baseline
2026-06-26 12:22:56,122 INFO tools.events_generator.batches_generator: generate event_batch_1.json successfully!
2026-06-26 12:22:56,122 INFO tools.events_generator.batches_generator: generate event_batch_2.json successfully!
2026-06-26 12:22:56,122 INFO tools.events_generator.batches_generator: generate event_batch_3.json successfully!
2026-06-26 12:22:56,122 INFO tools.events_generator.batches_generator: generate event_batch_4.json successfully!
2026-06-26 12:22:56,122 INFO tools.events_generator.batches_generator: generate event_batch_5.json successfully!
2026-06-26 12:22:56,122 INFO tools.events_generator.batches_generator: generate event_batch_6.json successfully!
2026-06-26 12:22:56,123 INFO tools.events_generator.batches_generator: generate event_batch_7.json successfully!
2026-06-26 12:22:56,123 INFO tools.events_generator.batches_generator: generate event_batch_8.json successfully!
2026-06-26 12:22:56,123 INFO phttp.server_backend: generate batch files done
2026-06-26 12:22:56,123 INFO common.api_common: ret_code cmdline_str: rm -f /root/mcRpcPort.ini
2026-06-26 12:22:56,130 INFO common.api_common: ret_code cmdline_str: cp /home/ailab/maca-vendor-workspace/maca_c_opt/workspace/apply_mix_run/profile-artifacts/apply_mix_v0_baseline/mcprofiler_raw_baseline/event_batch_1.json /home/ailab/maca-vendor-workspace/maca_c_opt/workspace/apply_mix_run/profile-artifacts/apply_mix_v0_baseline/mcprofiler_raw_baseline/mcProfiler.json
2026-06-26 12:22:56,136 INFO common.api_common: ret_code cmdline_str: export MCTX_TARGET_INIT=true; export MACA_ETC_PATH=/home/ailab/maca-vendor-workspace/maca_c_opt/workspace/apply_mix_run/profile-artifacts/apply_mix_v0_baseline/mcprofiler_raw_baseline; export MXLOG_LEVEL=info; export MACA_PATH=/opt/maca/; export LD_LIBRARY_PATH=/opt/maca/lib/:${LD_LIBRARY_PATH}; bash run.sh 0 1 2
2026-06-26 12:22:56,136 INFO common.api_common: ret_code cmdline_str: cat /root/mcRpcPort.ini
2026-06-26 12:22:56,144 WARNING phttp.server_backend: get_srvrpc_port get rpc server ports failed: cannot retrieve rpc server port.
2026-06-26 12:22:56,344 INFO common.api_common: ret_code cmdline_str: cat /root/mcRpcPort.ini
2026-06-26 12:22:56,351 WARNING phttp.server_backend: get_srvrpc_port get rpc server ports failed: cannot retrieve rpc server port.
2026-06-26 12:22:56,752 INFO common.api_common: ret_code cmdline_str: cat /root/mcRpcPort.ini
2026-06-26 12:22:56,759 WARNING phttp.server_backend: get_srvrpc_port get rpc server ports failed: cannot retrieve rpc server port.
2026-06-26 12:22:57,560 INFO common.api_common: ret_code cmdline_str: cat /root/mcRpcPort.ini
2026-06-26 12:22:57,567 WARNING phttp.server_backend: get_srvrpc_port get rpc server ports failed: cannot retrieve rpc server port.
2026-06-26 12:22:59,169 INFO common.api_common: ret_code cmdline_str: cat /root/mcRpcPort.ini
2026-06-26 12:23:00,962 DEBUG urllib3.connectionpool: Starting new HTTP connection (1): 127.0.0.1:50123
2026-06-26 12:23:00,967 INFO werkzeug: 127.0.0.1 - - [26/Jun/2026 12:23:00] "GET /perf_progress?exec_id=2fd2648a-6dcb-46b4-8246-ac46f8518117 HTTP/1.1" 200 -
2026-06-26 12:23:00,968 DEBUG urllib3.connectionpool: http://127.0.0.1:50123 "GET /perf_progress?exec_id=2fd2648a-6dcb-46b4-8246-ac46f8518117 HTTP/1.1" 200 2488
2026-06-26 12:23:05,970 DEBUG urllib3.connectionpool: Starting new HTTP connection (1): 127.0.0.1:50123
2026-06-26 12:23:05,973 INFO werkzeug: 127.0.0.1 - - [26/Jun/2026 12:23:05] "GET /perf_progress?exec_id=2fd2648a-6dcb-46b4-8246-ac46f8518117 HTTP/1.1" 200 -
2026-06-26 12:23:05,974 DEBUG urllib3.connectionpool: http://127.0.0.1:50123 "GET /perf_progress?exec_id=2fd2648a-6dcb-46b4-8246-ac46f8518117 HTTP/1.1" 200 2488
2026-06-26 12:23:10,981 DEBUG urllib3.connectionpool: Starting new HTTP connection (1): 127.0.0.1:50123
2026-06-26 12:23:10,984 INFO werkzeug: 127.0.0.1 - - [26/Jun/2026 12:23:10] "GET /perf_progress?exec_id=2fd2648a-6dcb-46b4-8246-ac46f8518117 HTTP/1.1" 200 -
2026-06-26 12:23:10,985 DEBUG urllib3.connectionpool: http://127.0.0.1:50123 "GET /perf_progress?exec_id=2fd2648a-6dcb-46b4-8246-ac46f8518117 HTTP/1.1" 200 9927
2026-06-26 12:23:15,991 DEBUG urllib3.connectionpool: Starting new HTTP connection (1): 127.0.0.1:50123
2026-06-26 12:23:15,995 INFO werkzeug: 127.0.0.1 - - [26/Jun/2026 12:23:15] "GET /perf_progress?exec_id=2fd2648a-6dcb-46b4-8246-ac46f8518117 HTTP/1.1" 200 -
2026-06-26 12:23:15,996 DEBUG urllib3.connectionpool: http://127.0.0.1:50123 "GET /perf_progress?exec_id=2fd2648a-6dcb-46b4-8246-ac46f8518117 HTTP/1.1" 200 9927
2026-06-26 12:23:21,003 DEBUG urllib3.connectionpool: Starting new HTTP connection (1): 127.0.0.1:50123
2026-06-26 12:23:21,006 INFO werkzeug: 127.0.0.1 - - [26/Jun/2026 12:23:21] "GET /perf_progress?exec_id=2fd2648a-6dcb-46b4-8246-ac46f8518117 HTTP/1.1" 200 -
2026-06-26 12:23:21,007 DEBUG urllib3.connectionpool: http://127.0.0.1:50123 "GET /perf_progress?exec_id=2fd2648a-6dcb-46b4-8246-ac46f8518117 HTTP/1.1" 200 9927
2026-06-26 12:23:22,388 ERROR prpc_client.mctool_client: cannot connect to server:
2026-06-26 12:23:22,388 ERROR phttp.server_backend: build mcpti rpc failed: 
2026-06-26 12:23:22,388 INFO common.api_common: ret_code cmdline_str: rm -f /root/mcRpcPort.ini
2026-06-26 12:23:22,400 INFO common.api_common: ret_code cmdline_str: cp /home/ailab/maca-vendor-workspace/maca_c_opt/workspace/apply_mix_run/profile-artifacts/apply_mix_v0_baseline/mcprofiler_raw_baseline/event_batch_2.json /home/ailab/maca-vendor-workspace/maca_c_opt/workspace/apply_mix_run/profile-artifacts/apply_mix_v0_baseline/mcprofiler_raw_baseline/mcProfiler.json
2026-06-26 12:23:22,407 INFO common.api_common: ret_code cmdline_str: export MCTX_TARGET_INIT=true; export MACA_ETC_PATH=/home/ailab/maca-vendor-workspace/maca_c_opt/workspace/apply_mix_run/profile-artifacts/apply_mix_v0_baseline/mcprofiler_raw_baseline; export MXLOG_LEVEL=info; export MACA_PATH=/opt/maca/; export LD_LIBRARY_PATH=/opt/maca/lib/:${LD_LIBRARY_PATH}; bash run.sh 0 1 2
2026-06-26 12:23:22,408 INFO common.api_common: ret_code cmdline_str: cat /root/mcRpcPort.ini
2026-06-26 12:23:22,416 WARNING phttp.server_backend: get_srvrpc_port get rpc server ports failed: cannot retrieve rpc server port.
2026-06-26 12:23:22,617 INFO common.api_common: ret_code cmdline_str: cat /root/mcRpcPort.ini
2026-06-26 12:23:22,625 WARNING phttp.server_backend: get_srvrpc_port get rpc server ports failed: cannot retrieve rpc server port.
2026-06-26 12:23:23,025 INFO common.api_common: ret_code cmdline_str: cat /root/mcRpcPort.ini
2026-06-26 12:23:23,033 WARNING phttp.server_backend: get_srvrpc_port get rpc server ports failed: cannot retrieve rpc server port.
2026-06-26 12:23:23,834 INFO common.api_common: ret_code cmdline_str: cat /root/mcRpcPort.ini
2026-06-26 12:23:23,842 WARNING phttp.server_backend: get_srvrpc_port get rpc server ports failed: cannot retrieve rpc server port.
2026-06-26 12:23:25,444 INFO common.api_common: ret_code cmdline_str: cat /root/mcRpcPort.ini
2026-06-26 12:23:26,013 DEBUG urllib3.connectionpool: Starting new HTTP connection (1): 127.0.0.1:50123
2026-06-26 12:23:26,018 INFO werkzeug: 127.0.0.1 - - [26/Jun/2026 12:23:26] "GET /perf_progress?exec_id=2fd2648a-6dcb-46b4-8246-ac46f8518117 HTTP/1.1" 200 -
2026-06-26 12:23:26,019 DEBUG urllib3.connectionpool: http://127.0.0.1:50123 "GET /perf_progress?exec_id=2fd2648a-6dcb-46b4-8246-ac46f8518117 HTTP/1.1" 200 9927
2026-06-26 12:23:31,024 DEBUG urllib3.connectionpool: Starting new HTTP connection (1): 127.0.0.1:50123
2026-06-26 12:23:31,028 INFO werkzeug: 127.0.0.1 - - [26/Jun/2026 12:23:31] "GET /perf_progress?exec_id=2fd2648a-6dcb-46b4-8246-ac46f8518117 HTTP/1.1" 200 -
2026-06-26 12:23:31,029 DEBUG urllib3.connectionpool: http://127.0.0.1:50123 "GET /perf_progress?exec_id=2fd2648a-6dcb-46b4-8246-ac46f8518117 HTTP/1.1" 200 9927
2026-06-26 12:23:36,036 DEBUG urllib3.connectionpool: Starting new HTTP connection (1): 127.0.0.1:50123
2026-06-26 12:23:36,039 INFO werkzeug: 127.0.0.1 - - [26/Jun/2026 12:23:36] "GET /perf_progress?exec_id=2fd2648a-6dcb-46b4-8246-ac46f8518117 HTTP/1.1" 200 -
2026-06-26 12:23:36,040 DEBUG urllib3.connectionpool: http://127.0.0.1:50123 "GET /perf_progress?exec_id=2fd2648a-6dcb-46b4-8246-ac46f8518117 HTTP/1.1" 200 9927
2026-06-26 12:23:41,047 DEBUG urllib3.connectionpool: Starting new HTTP connection (1): 127.0.0.1:50123
2026-06-26 12:23:41,050 INFO werkzeug: 127.0.0.1 - - [26/Jun/2026 12:23:41] "GET /perf_progress?exec_id=2fd2648a-6dcb-46b4-8246-ac46f8518117 HTTP/1.1" 200 -
2026-06-26 12:23:41,051 DEBUG urllib3.connectionpool: http://127.0.0.1:50123 "GET /perf_progress?exec_id=2fd2648a-6dcb-46b4-8246-ac46f8518117 HTTP/1.1" 200 9927
2026-06-26 12:23:46,055 DEBUG urllib3.connectionpool: Starting new HTTP connection (1): 127.0.0.1:50123
2026-06-26 12:23:46,058 INFO werkzeug: 127.0.0.1 - - [26/Jun/2026 12:23:46] "GET /perf_progress?exec_id=2fd2648a-6dcb-46b4-8246-ac46f8518117 HTTP/1.1" 200 -
2026-06-26 12:23:46,059 DEBUG urllib3.connectionpool: http://127.0.0.1:50123 "GET /perf_progress?exec_id=2fd2648a-6dcb-46b4-8246-ac46f8518117 HTTP/1.1" 200 9927
2026-06-26 12:23:48,656 ERROR prpc_client.mctool_client: cannot connect to server:
2026-06-26 12:23:48,656 ERROR phttp.server_backend: build mcpti rpc failed: 
2026-06-26 12:23:48,657 INFO common.api_common: ret_code cmdline_str: rm -f /root/mcRpcPort.ini
2026-06-26 12:23:48,665 INFO common.api_common: ret_code cmdline_str: cp /home/ailab/maca-vendor-workspace/maca_c_opt/workspace/apply_mix_run/profile-artifacts/apply_mix_v0_baseline/mcprofiler_raw_baseline/event_batch_3.json /home/ailab/maca-vendor-workspace/maca_c_opt/workspace/apply_mix_run/profile-artifacts/apply_mix_v0_baseline/mcprofiler_raw_baseline/mcProfiler.json
2026-06-26 12:23:48,673 INFO common.api_common: ret_code cmdline_str: export MCTX_TARGET_INIT=true; export MACA_ETC_PATH=/home/ailab/maca-vendor-workspace/maca_c_opt/workspace/apply_mix_run/profile-artifacts/apply_mix_v0_baseline/mcprofiler_raw_baseline; export MXLOG_LEVEL=info; export MACA_PATH=/opt/maca/; export LD_LIBRARY_PATH=/opt/maca/lib/:${LD_LIBRARY_PATH}; bash run.sh 0 1 2
2026-06-26 12:23:48,673 INFO common.api_common: ret_code cmdline_str: cat /root/mcRpcPort.ini
2026-06-26 12:23:48,682 WARNING phttp.server_backend: get_srvrpc_port get rpc server ports failed: cannot retrieve rpc server port.
2026-06-26 12:23:48,882 INFO common.api_common: ret_code cmdline_str: cat /root/mcRpcPort.ini
2026-06-26 12:23:48,890 WARNING phttp.server_backend: get_srvrpc_port get rpc server ports failed: cannot retrieve rpc server port.
2026-06-26 12:23:49,290 INFO common.api_common: ret_code cmdline_str: cat /root/mcRpcPort.ini
2026-06-26 12:23:49,298 WARNING phttp.server_backend: get_srvrpc_port get rpc server ports failed: cannot retrieve rpc server port.
2026-06-26 12:23:50,099 INFO common.api_common: ret_code cmdline_str: cat /root/mcRpcPort.ini
2026-06-26 12:23:50,107 WARNING phttp.server_backend: get_srvrpc_port get rpc server ports failed: cannot retrieve rpc server port.
2026-06-26 12:23:51,066 DEBUG urllib3.connectionpool: Starting new HTTP connection (1): 127.0.0.1:50123
2026-06-26 12:23:51,072 INFO werkzeug: 127.0.0.1 - - [26/Jun/2026 12:23:51] "GET /perf_progress?exec_id=2fd2648a-6dcb-46b4-8246-ac46f8518117 HTTP/1.1" 200 -
2026-06-26 12:23:51,072 DEBUG urllib3.connectionpool: http://127.0.0.1:50123 "GET /perf_progress?exec_id=2fd2648a-6dcb-46b4-8246-ac46f8518117 HTTP/1.1" 200 9927
2026-06-26 12:23:51,709 INFO common.api_common: ret_code cmdline_str: cat /root/mcRpcPort.ini
2026-06-26 12:23:56,076 DEBUG urllib3.connectionpool: Starting new HTTP connection (1): 127.0.0.1:50123
2026-06-26 12:23:56,082 INFO werkzeug: 127.0.0.1 - - [26/Jun/2026 12:23:56] "GET /perf_progress?exec_id=2fd2648a-6dcb-46b4-8246-ac46f8518117 HTTP/1.1" 200 -
2026-06-26 12:23:56,082 DEBUG urllib3.connectionpool: http://127.0.0.1:50123 "GET /perf_progress?exec_id=2fd2648a-6dcb-46b4-8246-ac46f8518117 HTTP/1.1" 200 9927
2026-06-26 12:24:01,087 DEBUG urllib3.connectionpool: Starting new HTTP connection (1): 127.0.0.1:50123
2026-06-26 12:24:01,091 INFO werkzeug: 127.0.0.1 - - [26/Jun/2026 12:24:01] "GET /perf_progress?exec_id=2fd2648a-6dcb-46b4-8246-ac46f8518117 HTTP/1.1" 200 -
2026-06-26 12:24:01,091 DEBUG urllib3.connectionpool: http://127.0.0.1:50123 "GET /perf_progress?exec_id=2fd2648a-6dcb-46b4-8246-ac46f8518117 HTTP/1.1" 200 9927
2026-06-26 12:24:06,098 DEBUG urllib3.connectionpool: Starting new HTTP connection (1): 127.0.0.1:50123
2026-06-26 12:24:06,102 INFO werkzeug: 127.0.0.1 - - [26/Jun/2026 12:24:06] "GET /perf_progress?exec_id=2fd2648a-6dcb-46b4-8246-ac46f8518117 HTTP/1.1" 200 -
2026-06-26 12:24:06,102 DEBUG urllib3.connectionpool: http://127.0.0.1:50123 "GET /perf_progress?exec_id=2fd2648a-6dcb-46b4-8246-ac46f8518117 HTTP/1.1" 200 9927
2026-06-26 12:24:11,109 DEBUG urllib3.connectionpool: Starting new HTTP connection (1): 127.0.0.1:50123
2026-06-26 12:24:11,113 INFO werkzeug: 127.0.0.1 - - [26/Jun/2026 12:24:11] "GET /perf_progress?exec_id=2fd2648a-6dcb-46b4-8246-ac46f8518117 HTTP/1.1" 200 -
2026-06-26 12:24:11,113 DEBUG urllib3.connectionpool: http://127.0.0.1:50123 "GET /perf_progress?exec_id=2fd2648a-6dcb-46b4-8246-ac46f8518117 HTTP/1.1" 200 9927
2026-06-26 12:24:14,922 ERROR prpc_client.mctool_client: cannot connect to server:
2026-06-26 12:24:14,922 ERROR phttp.server_backend: build mcpti rpc failed: 
2026-06-26 12:24:14,923 INFO common.api_common: ret_code cmdline_str: rm -f /root/mcRpcPort.ini
2026-06-26 12:24:14,931 INFO common.api_common: ret_code cmdline_str: cp /home/ailab/maca-vendor-workspace/maca_c_opt/workspace/apply_mix_run/profile-artifacts/apply_mix_v0_baseline/mcprofiler_raw_baseline/event_batch_4.json /home/ailab/maca-vendor-workspace/maca_c_opt/workspace/apply_mix_run/profile-artifacts/apply_mix_v0_baseline/mcprofiler_raw_baseline/mcProfiler.json
2026-06-26 12:24:14,938 INFO common.api_common: ret_code cmdline_str: export MCTX_TARGET_INIT=true; export MACA_ETC_PATH=/home/ailab/maca-vendor-workspace/maca_c_opt/workspace/apply_mix_run/profile-artifacts/apply_mix_v0_baseline/mcprofiler_raw_baseline; export MXLOG_LEVEL=info; export MACA_PATH=/opt/maca/; export LD_LIBRARY_PATH=/opt/maca/lib/:${LD_LIBRARY_PATH}; bash run.sh 0 1 2
2026-06-26 12:24:14,938 INFO common.api_common: ret_code cmdline_str: cat /root/mcRpcPort.ini
2026-06-26 12:24:14,947 WARNING phttp.server_backend: get_srvrpc_port get rpc server ports failed: cannot retrieve rpc server port.
2026-06-26 12:24:15,147 INFO common.api_common: ret_code cmdline_str: cat /root/mcRpcPort.ini
2026-06-26 12:24:15,155 WARNING phttp.server_backend: get_srvrpc_port get rpc server ports failed: cannot retrieve rpc server port.
2026-06-26 12:24:15,556 INFO common.api_common: ret_code cmdline_str: cat /root/mcRpcPort.ini
2026-06-26 12:24:15,563 WARNING phttp.server_backend: get_srvrpc_port get rpc server ports failed: cannot retrieve rpc server port.
2026-06-26 12:24:16,120 DEBUG urllib3.connectionpool: Starting new HTTP connection (1): 127.0.0.1:50123
2026-06-26 12:24:16,125 INFO werkzeug: 127.0.0.1 - - [26/Jun/2026 12:24:16] "GET /perf_progress?exec_id=2fd2648a-6dcb-46b4-8246-ac46f8518117 HTTP/1.1" 200 -
2026-06-26 12:24:16,126 DEBUG urllib3.connectionpool: http://127.0.0.1:50123 "GET /perf_progress?exec_id=2fd2648a-6dcb-46b4-8246-ac46f8518117 HTTP/1.1" 200 9927
2026-06-26 12:24:16,364 INFO common.api_common: ret_code cmdline_str: cat /root/mcRpcPort.ini
2026-06-26 12:24:16,372 WARNING phttp.server_backend: get_srvrpc_port get rpc server ports failed: cannot retrieve rpc server port.
2026-06-26 12:24:17,974 INFO common.api_common: ret_code cmdline_str: cat /root/mcRpcPort.ini
2026-06-26 12:24:21,130 DEBUG urllib3.connectionpool: Starting new HTTP connection (1): 127.0.0.1:50123
2026-06-26 12:24:21,136 INFO werkzeug: 127.0.0.1 - - [26/Jun/2026 12:24:21] "GET /perf_progress?exec_id=2fd2648a-6dcb-46b4-8246-ac46f8518117 HTTP/1.1" 200 -
2026-06-26 12:24:21,137 DEBUG urllib3.connectionpool: http://127.0.0.1:50123 "GET /perf_progress?exec_id=2fd2648a-6dcb-46b4-8246-ac46f8518117 HTTP/1.1" 200 9927
2026-06-26 12:24:26,140 DEBUG urllib3.connectionpool: Starting new HTTP connection (1): 127.0.0.1:50123
2026-06-26 12:24:26,144 INFO werkzeug: 127.0.0.1 - - [26/Jun/2026 12:24:26] "GET /perf_progress?exec_id=2fd2648a-6dcb-46b4-8246-ac46f8518117 HTTP/1.1" 200 -
2026-06-26 12:24:26,144 DEBUG urllib3.connectionpool: http://127.0.0.1:50123 "GET /perf_progress?exec_id=2fd2648a-6dcb-46b4-8246-ac46f8518117 HTTP/1.1" 200 9927
2026-06-26 12:24:31,151 DEBUG urllib3.connectionpool: Starting new HTTP connection (1): 127.0.0.1:50123
2026-06-26 12:24:31,155 INFO werkzeug: 127.0.0.1 - - [26/Jun/2026 12:24:31] "GET /perf_progress?exec_id=2fd2648a-6dcb-46b4-8246-ac46f8518117 HTTP/1.1" 200 -
2026-06-26 12:24:31,156 DEBUG urllib3.connectionpool: http://127.0.0.1:50123 "GET /perf_progress?exec_id=2fd2648a-6dcb-46b4-8246-ac46f8518117 HTTP/1.1" 200 9927
2026-06-26 12:24:36,163 DEBUG urllib3.connectionpool: Starting new HTTP connection (1): 127.0.0.1:50123
2026-06-26 12:24:36,167 INFO werkzeug: 127.0.0.1 - - [26/Jun/2026 12:24:36] "GET /perf_progress?exec_id=2fd2648a-6dcb-46b4-8246-ac46f8518117 HTTP/1.1" 200 -
2026-06-26 12:24:36,167 DEBUG urllib3.connectionpool: http://127.0.0.1:50123 "GET /perf_progress?exec_id=2fd2648a-6dcb-46b4-8246-ac46f8518117 HTTP/1.1" 200 9927
2026-06-26 12:24:41,174 DEBUG urllib3.connectionpool: Starting new HTTP connection (1): 127.0.0.1:50123
2026-06-26 12:24:41,178 INFO werkzeug: 127.0.0.1 - - [26/Jun/2026 12:24:41] "GET /perf_progress?exec_id=2fd2648a-6dcb-46b4-8246-ac46f8518117 HTTP/1.1" 200 -
2026-06-26 12:24:41,178 DEBUG urllib3.connectionpool: http://127.0.0.1:50123 "GET /perf_progress?exec_id=2fd2648a-6dcb-46b4-8246-ac46f8518117 HTTP/1.1" 200 9927
2026-06-26 12:24:41,187 ERROR prpc_client.mctool_client: cannot connect to server:
2026-06-26 12:24:41,187 ERROR phttp.server_backend: build mcpti rpc failed: 
2026-06-26 12:24:41,187 INFO common.api_common: ret_code cmdline_str: rm -f /root/mcRpcPort.ini
2026-06-26 12:24:41,195 INFO common.api_common: ret_code cmdline_str: cp /home/ailab/maca-vendor-workspace/maca_c_opt/workspace/apply_mix_run/profile-artifacts/apply_mix_v0_baseline/mcprofiler_raw_baseline/event_batch_5.json /home/ailab/maca-vendor-workspace/maca_c_opt/workspace/apply_mix_run/profile-artifacts/apply_mix_v0_baseline/mcprofiler_raw_baseline/mcProfiler.json
2026-06-26 12:24:41,203 INFO common.api_common: ret_code cmdline_str: export MCTX_TARGET_INIT=true; export MACA_ETC_PATH=/home/ailab/maca-vendor-workspace/maca_c_opt/workspace/apply_mix_run/profile-artifacts/apply_mix_v0_baseline/mcprofiler_raw_baseline; export MXLOG_LEVEL=info; export MACA_PATH=/opt/maca/; export LD_LIBRARY_PATH=/opt/maca/lib/:${LD_LIBRARY_PATH}; bash run.sh 0 1 2
2026-06-26 12:24:41,203 INFO common.api_common: ret_code cmdline_str: cat /root/mcRpcPort.ini
2026-06-26 12:24:41,209 WARNING phttp.server_backend: get_srvrpc_port get rpc server ports failed: cannot retrieve rpc server port.
2026-06-26 12:24:41,410 INFO common.api_common: ret_code cmdline_str: cat /root/mcRpcPort.ini
2026-06-26 12:24:41,418 WARNING phttp.server_backend: get_srvrpc_port get rpc server ports failed: cannot retrieve rpc server port.
2026-06-26 12:24:41,818 INFO common.api_common: ret_code cmdline_str: cat /root/mcRpcPort.ini
2026-06-26 12:24:41,826 WARNING phttp.server_backend: get_srvrpc_port get rpc server ports failed: cannot retrieve rpc server port.
2026-06-26 12:24:42,627 INFO common.api_common: ret_code cmdline_str: cat /root/mcRpcPort.ini
2026-06-26 12:24:42,636 WARNING phttp.server_backend: get_srvrpc_port get rpc server ports failed: cannot retrieve rpc server port.
2026-06-26 12:24:44,239 INFO common.api_common: ret_code cmdline_str: cat /root/mcRpcPort.ini
2026-06-26 12:24:46,185 DEBUG urllib3.connectionpool: Starting new HTTP connection (1): 127.0.0.1:50123
2026-06-26 12:24:46,190 INFO werkzeug: 127.0.0.1 - - [26/Jun/2026 12:24:46] "GET /perf_progress?exec_id=2fd2648a-6dcb-46b4-8246-ac46f8518117 HTTP/1.1" 200 -
2026-06-26 12:24:46,191 DEBUG urllib3.connectionpool: http://127.0.0.1:50123 "GET /perf_progress?exec_id=2fd2648a-6dcb-46b4-8246-ac46f8518117 HTTP/1.1" 200 9927
2026-06-26 12:24:51,198 DEBUG urllib3.connectionpool: Starting new HTTP connection (1): 127.0.0.1:50123
2026-06-26 12:24:51,202 INFO werkzeug: 127.0.0.1 - - [26/Jun/2026 12:24:51] "GET /perf_progress?exec_id=2fd2648a-6dcb-46b4-8246-ac46f8518117 HTTP/1.1" 200 -
2026-06-26 12:24:51,202 DEBUG urllib3.connectionpool: http://127.0.0.1:50123 "GET /perf_progress?exec_id=2fd2648a-6dcb-46b4-8246-ac46f8518117 HTTP/1.1" 200 9927
2026-06-26 12:24:56,208 DEBUG urllib3.connectionpool: Starting new HTTP connection (1): 127.0.0.1:50123
2026-06-26 12:24:56,212 INFO werkzeug: 127.0.0.1 - - [26/Jun/2026 12:24:56] "GET /perf_progress?exec_id=2fd2648a-6dcb-46b4-8246-ac46f8518117 HTTP/1.1" 200 -
2026-06-26 12:24:56,212 DEBUG urllib3.connectionpool: http://127.0.0.1:50123 "GET /perf_progress?exec_id=2fd2648a-6dcb-46b4-8246-ac46f8518117 HTTP/1.1" 200 9927
2026-06-26 12:25:01,216 DEBUG urllib3.connectionpool: Starting new HTTP connection (1): 127.0.0.1:50123
2026-06-26 12:25:01,220 INFO werkzeug: 127.0.0.1 - - [26/Jun/2026 12:25:01] "GET /perf_progress?exec_id=2fd2648a-6dcb-46b4-8246-ac46f8518117 HTTP/1.1" 200 -
2026-06-26 12:25:01,221 DEBUG urllib3.connectionpool: http://127.0.0.1:50123 "GET /perf_progress?exec_id=2fd2648a-6dcb-46b4-8246-ac46f8518117 HTTP/1.1" 200 9927
2026-06-26 12:25:06,228 DEBUG urllib3.connectionpool: Starting new HTTP connection (1): 127.0.0.1:50123
2026-06-26 12:25:06,235 INFO werkzeug: 127.0.0.1 - - [26/Jun/2026 12:25:06] "GET /perf_progress?exec_id=2fd2648a-6dcb-46b4-8246-ac46f8518117 HTTP/1.1" 200 -
2026-06-26 12:25:06,235 DEBUG urllib3.connectionpool: http://127.0.0.1:50123 "GET /perf_progress?exec_id=2fd2648a-6dcb-46b4-8246-ac46f8518117 HTTP/1.1" 200 9927
2026-06-26 12:25:07,451 ERROR prpc_client.mctool_client: cannot connect to server:
2026-06-26 12:25:07,451 ERROR phttp.server_backend: build mcpti rpc failed: 
2026-06-26 12:25:07,452 INFO common.api_common: ret_code cmdline_str: rm -f /root/mcRpcPort.ini
2026-06-26 12:25:07,461 INFO common.api_common: ret_code cmdline_str: cp /home/ailab/maca-vendor-workspace/maca_c_opt/workspace/apply_mix_run/profile-artifacts/apply_mix_v0_baseline/mcprofiler_raw_baseline/event_batch_6.json /home/ailab/maca-vendor-workspace/maca_c_opt/workspace/apply_mix_run/profile-artifacts/apply_mix_v0_baseline/mcprofiler_raw_baseline/mcProfiler.json
2026-06-26 12:25:07,469 INFO common.api_common: ret_code cmdline_str: export MCTX_TARGET_INIT=true; export MACA_ETC_PATH=/home/ailab/maca-vendor-workspace/maca_c_opt/workspace/apply_mix_run/profile-artifacts/apply_mix_v0_baseline/mcprofiler_raw_baseline; export MXLOG_LEVEL=info; export MACA_PATH=/opt/maca/; export LD_LIBRARY_PATH=/opt/maca/lib/:${LD_LIBRARY_PATH}; bash run.sh 0 1 2
2026-06-26 12:25:07,469 INFO common.api_common: ret_code cmdline_str: cat /root/mcRpcPort.ini
2026-06-26 12:25:07,476 WARNING phttp.server_backend: get_srvrpc_port get rpc server ports failed: cannot retrieve rpc server port.
2026-06-26 12:25:07,676 INFO common.api_common: ret_code cmdline_str: cat /root/mcRpcPort.ini
2026-06-26 12:25:07,684 WARNING phttp.server_backend: get_srvrpc_port get rpc server ports failed: cannot retrieve rpc server port.
2026-06-26 12:25:08,085 INFO common.api_common: ret_code cmdline_str: cat /root/mcRpcPort.ini
2026-06-26 12:25:08,093 WARNING phttp.server_backend: get_srvrpc_port get rpc server ports failed: cannot retrieve rpc server port.
2026-06-26 12:25:08,894 INFO common.api_common: ret_code cmdline_str: cat /root/mcRpcPort.ini
2026-06-26 12:25:08,902 WARNING phttp.server_backend: get_srvrpc_port get rpc server ports failed: cannot retrieve rpc server port.
2026-06-26 12:25:10,504 INFO common.api_common: ret_code cmdline_str: cat /root/mcRpcPort.ini
2026-06-26 12:25:11,241 DEBUG urllib3.connectionpool: Starting new HTTP connection (1): 127.0.0.1:50123
2026-06-26 12:25:11,247 INFO werkzeug: 127.0.0.1 - - [26/Jun/2026 12:25:11] "GET /perf_progress?exec_id=2fd2648a-6dcb-46b4-8246-ac46f8518117 HTTP/1.1" 200 -
2026-06-26 12:25:11,247 DEBUG urllib3.connectionpool: http://127.0.0.1:50123 "GET /perf_progress?exec_id=2fd2648a-6dcb-46b4-8246-ac46f8518117 HTTP/1.1" 200 9927
2026-06-26 12:25:16,252 DEBUG urllib3.connectionpool: Starting new HTTP connection (1): 127.0.0.1:50123
2026-06-26 12:25:16,256 INFO werkzeug: 127.0.0.1 - - [26/Jun/2026 12:25:16] "GET /perf_progress?exec_id=2fd2648a-6dcb-46b4-8246-ac46f8518117 HTTP/1.1" 200 -
2026-06-26 12:25:16,256 DEBUG urllib3.connectionpool: http://127.0.0.1:50123 "GET /perf_progress?exec_id=2fd2648a-6dcb-46b4-8246-ac46f8518117 HTTP/1.1" 200 9927
2026-06-26 12:25:21,261 DEBUG urllib3.connectionpool: Starting new HTTP connection (1): 127.0.0.1:50123
2026-06-26 12:25:21,265 INFO werkzeug: 127.0.0.1 - - [26/Jun/2026 12:25:21] "GET /perf_progress?exec_id=2fd2648a-6dcb-46b4-8246-ac46f8518117 HTTP/1.1" 200 -
2026-06-26 12:25:21,265 DEBUG urllib3.connectionpool: http://127.0.0.1:50123 "GET /perf_progress?exec_id=2fd2648a-6dcb-46b4-8246-ac46f8518117 HTTP/1.1" 200 9927
2026-06-26 12:25:26,272 DEBUG urllib3.connectionpool: Starting new HTTP connection (1): 127.0.0.1:50123
2026-06-26 12:25:26,276 INFO werkzeug: 127.0.0.1 - - [26/Jun/2026 12:25:26] "GET /perf_progress?exec_id=2fd2648a-6dcb-46b4-8246-ac46f8518117 HTTP/1.1" 200 -
2026-06-26 12:25:26,277 DEBUG urllib3.connectionpool: http://127.0.0.1:50123 "GET /perf_progress?exec_id=2fd2648a-6dcb-46b4-8246-ac46f8518117 HTTP/1.1" 200 9927
2026-06-26 12:25:31,280 DEBUG urllib3.connectionpool: Starting new HTTP connection (1): 127.0.0.1:50123
2026-06-26 12:25:31,284 INFO werkzeug: 127.0.0.1 - - [26/Jun/2026 12:25:31] "GET /perf_progress?exec_id=2fd2648a-6dcb-46b4-8246-ac46f8518117 HTTP/1.1" 200 -
2026-06-26 12:25:31,285 DEBUG urllib3.connectionpool: http://127.0.0.1:50123 "GET /perf_progress?exec_id=2fd2648a-6dcb-46b4-8246-ac46f8518117 HTTP/1.1" 200 9927
2026-06-26 12:25:33,717 ERROR prpc_client.mctool_client: cannot connect to server:
2026-06-26 12:25:33,717 ERROR phttp.server_backend: build mcpti rpc failed: 
2026-06-26 12:25:33,717 INFO common.api_common: ret_code cmdline_str: rm -f /root/mcRpcPort.ini
2026-06-26 12:25:33,725 INFO common.api_common: ret_code cmdline_str: cp /home/ailab/maca-vendor-workspace/maca_c_opt/workspace/apply_mix_run/profile-artifacts/apply_mix_v0_baseline/mcprofiler_raw_baseline/event_batch_7.json /home/ailab/maca-vendor-workspace/maca_c_opt/workspace/apply_mix_run/profile-artifacts/apply_mix_v0_baseline/mcprofiler_raw_baseline/mcProfiler.json
2026-06-26 12:25:33,733 INFO common.api_common: ret_code cmdline_str: export MCTX_TARGET_INIT=true; export MACA_ETC_PATH=/home/ailab/maca-vendor-workspace/maca_c_opt/workspace/apply_mix_run/profile-artifacts/apply_mix_v0_baseline/mcprofiler_raw_baseline; export MXLOG_LEVEL=info; export MACA_PATH=/opt/maca/; export LD_LIBRARY_PATH=/opt/maca/lib/:${LD_LIBRARY_PATH}; bash run.sh 0 1 2
2026-06-26 12:25:33,733 INFO common.api_common: ret_code cmdline_str: cat /root/mcRpcPort.ini
2026-06-26 12:25:33,742 WARNING phttp.server_backend: get_srvrpc_port get rpc server ports failed: cannot retrieve rpc server port.
2026-06-26 12:25:33,943 INFO common.api_common: ret_code cmdline_str: cat /root/mcRpcPort.ini
2026-06-26 12:25:33,951 WARNING phttp.server_backend: get_srvrpc_port get rpc server ports failed: cannot retrieve rpc server port.
2026-06-26 12:25:34,352 INFO common.api_common: ret_code cmdline_str: cat /root/mcRpcPort.ini
2026-06-26 12:25:34,360 WARNING phttp.server_backend: get_srvrpc_port get rpc server ports failed: cannot retrieve rpc server port.
2026-06-26 12:25:35,161 INFO common.api_common: ret_code cmdline_str: cat /root/mcRpcPort.ini
2026-06-26 12:25:35,169 WARNING phttp.server_backend: get_srvrpc_port get rpc server ports failed: cannot retrieve rpc server port.
2026-06-26 12:25:36,290 DEBUG urllib3.connectionpool: Starting new HTTP connection (1): 127.0.0.1:50123
2026-06-26 12:25:36,295 INFO werkzeug: 127.0.0.1 - - [26/Jun/2026 12:25:36] "GET /perf_progress?exec_id=2fd2648a-6dcb-46b4-8246-ac46f8518117 HTTP/1.1" 200 -
2026-06-26 12:25:36,295 DEBUG urllib3.connectionpool: http://127.0.0.1:50123 "GET /perf_progress?exec_id=2fd2648a-6dcb-46b4-8246-ac46f8518117 HTTP/1.1" 200 9927
2026-06-26 12:25:36,771 INFO common.api_common: ret_code cmdline_str: cat /root/mcRpcPort.ini
2026-06-26 12:25:41,303 DEBUG urllib3.connectionpool: Starting new HTTP connection (1): 127.0.0.1:50123
2026-06-26 12:25:41,309 INFO werkzeug: 127.0.0.1 - - [26/Jun/2026 12:25:41] "GET /perf_progress?exec_id=2fd2648a-6dcb-46b4-8246-ac46f8518117 HTTP/1.1" 200 -
2026-06-26 12:25:41,309 DEBUG urllib3.connectionpool: http://127.0.0.1:50123 "GET /perf_progress?exec_id=2fd2648a-6dcb-46b4-8246-ac46f8518117 HTTP/1.1" 200 9927
2026-06-26 12:25:46,316 DEBUG urllib3.connectionpool: Starting new HTTP connection (1): 127.0.0.1:50123
2026-06-26 12:25:46,320 INFO werkzeug: 127.0.0.1 - - [26/Jun/2026 12:25:46] "GET /perf_progress?exec_id=2fd2648a-6dcb-46b4-8246-ac46f8518117 HTTP/1.1" 200 -
2026-06-26 12:25:46,321 DEBUG urllib3.connectionpool: http://127.0.0.1:50123 "GET /perf_progress?exec_id=2fd2648a-6dcb-46b4-8246-ac46f8518117 HTTP/1.1" 200 9927
2026-06-26 12:25:51,328 DEBUG urllib3.connectionpool: Starting new HTTP connection (1): 127.0.0.1:50123
2026-06-26 12:25:51,332 INFO werkzeug: 127.0.0.1 - - [26/Jun/2026 12:25:51] "GET /perf_progress?exec_id=2fd2648a-6dcb-46b4-8246-ac46f8518117 HTTP/1.1" 200 -
2026-06-26 12:25:51,332 DEBUG urllib3.connectionpool: http://127.0.0.1:50123 "GET /perf_progress?exec_id=2fd2648a-6dcb-46b4-8246-ac46f8518117 HTTP/1.1" 200 9927
2026-06-26 12:25:56,339 DEBUG urllib3.connectionpool: Starting new HTTP connection (1): 127.0.0.1:50123
2026-06-26 12:25:56,343 INFO werkzeug: 127.0.0.1 - - [26/Jun/2026 12:25:56] "GET /perf_progress?exec_id=2fd2648a-6dcb-46b4-8246-ac46f8518117 HTTP/1.1" 200 -
2026-06-26 12:25:56,343 DEBUG urllib3.connectionpool: http://127.0.0.1:50123 "GET /perf_progress?exec_id=2fd2648a-6dcb-46b4-8246-ac46f8518117 HTTP/1.1" 200 9927
2026-06-26 12:25:59,985 ERROR prpc_client.mctool_client: cannot connect to server:
2026-06-26 12:25:59,985 ERROR phttp.server_backend: build mcpti rpc failed: 
2026-06-26 12:25:59,985 INFO common.api_common: ret_code cmdline_str: rm -f /root/mcRpcPort.ini
2026-06-26 12:25:59,993 INFO common.api_common: ret_code cmdline_str: cp /home/ailab/maca-vendor-workspace/maca_c_opt/workspace/apply_mix_run/profile-artifacts/apply_mix_v0_baseline/mcprofiler_raw_baseline/event_batch_8.json /home/ailab/maca-vendor-workspace/maca_c_opt/workspace/apply_mix_run/profile-artifacts/apply_mix_v0_baseline/mcprofiler_raw_baseline/mcProfiler.json
2026-06-26 12:26:00,001 INFO common.api_common: ret_code cmdline_str: export MCTX_TARGET_INIT=true; export MACA_ETC_PATH=/home/ailab/maca-vendor-workspace/maca_c_opt/workspace/apply_mix_run/profile-artifacts/apply_mix_v0_baseline/mcprofiler_raw_baseline; export MXLOG_LEVEL=info; export MACA_PATH=/opt/maca/; export LD_LIBRARY_PATH=/opt/maca/lib/:${LD_LIBRARY_PATH}; bash run.sh 0 1 2
2026-06-26 12:26:00,001 INFO common.api_common: ret_code cmdline_str: cat /root/mcRpcPort.ini
2026-06-26 12:26:00,010 WARNING phttp.server_backend: get_srvrpc_port get rpc server ports failed: cannot retrieve rpc server port.
2026-06-26 12:26:00,211 INFO common.api_common: ret_code cmdline_str: cat /root/mcRpcPort.ini
2026-06-26 12:26:00,219 WARNING phttp.server_backend: get_srvrpc_port get rpc server ports failed: cannot retrieve rpc server port.
2026-06-26 12:26:00,620 INFO common.api_common: ret_code cmdline_str: cat /root/mcRpcPort.ini
2026-06-26 12:26:00,628 WARNING phttp.server_backend: get_srvrpc_port get rpc server ports failed: cannot retrieve rpc server port.
2026-06-26 12:26:01,351 DEBUG urllib3.connectionpool: Starting new HTTP connection (1): 127.0.0.1:50123
2026-06-26 12:26:01,356 INFO werkzeug: 127.0.0.1 - - [26/Jun/2026 12:26:01] "GET /perf_progress?exec_id=2fd2648a-6dcb-46b4-8246-ac46f8518117 HTTP/1.1" 200 -
2026-06-26 12:26:01,357 DEBUG urllib3.connectionpool: http://127.0.0.1:50123 "GET /perf_progress?exec_id=2fd2648a-6dcb-46b4-8246-ac46f8518117 HTTP/1.1" 200 9927
2026-06-26 12:26:01,429 INFO common.api_common: ret_code cmdline_str: cat /root/mcRpcPort.ini
2026-06-26 12:26:01,437 WARNING phttp.server_backend: get_srvrpc_port get rpc server ports failed: cannot retrieve rpc server port.
2026-06-26 12:26:03,039 INFO common.api_common: ret_code cmdline_str: cat /root/mcRpcPort.ini
2026-06-26 12:26:06,365 DEBUG urllib3.connectionpool: Starting new HTTP connection (1): 127.0.0.1:50123
2026-06-26 12:26:06,370 INFO werkzeug: 127.0.0.1 - - [26/Jun/2026 12:26:06] "GET /perf_progress?exec_id=2fd2648a-6dcb-46b4-8246-ac46f8518117 HTTP/1.1" 200 -
2026-06-26 12:26:06,371 DEBUG urllib3.connectionpool: http://127.0.0.1:50123 "GET /perf_progress?exec_id=2fd2648a-6dcb-46b4-8246-ac46f8518117 HTTP/1.1" 200 9927
2026-06-26 12:26:11,378 DEBUG urllib3.connectionpool: Starting new HTTP connection (1): 127.0.0.1:50123
2026-06-26 12:26:11,381 INFO werkzeug: 127.0.0.1 - - [26/Jun/2026 12:26:11] "GET /perf_progress?exec_id=2fd2648a-6dcb-46b4-8246-ac46f8518117 HTTP/1.1" 200 -
2026-06-26 12:26:11,382 DEBUG urllib3.connectionpool: http://127.0.0.1:50123 "GET /perf_progress?exec_id=2fd2648a-6dcb-46b4-8246-ac46f8518117 HTTP/1.1" 200 9927
2026-06-26 12:26:16,389 DEBUG urllib3.connectionpool: Starting new HTTP connection (1): 127.0.0.1:50123
2026-06-26 12:26:16,393 INFO werkzeug: 127.0.0.1 - - [26/Jun/2026 12:26:16] "GET /perf_progress?exec_id=2fd2648a-6dcb-46b4-8246-ac46f8518117 HTTP/1.1" 200 -
2026-06-26 12:26:16,394 DEBUG urllib3.connectionpool: http://127.0.0.1:50123 "GET /perf_progress?exec_id=2fd2648a-6dcb-46b4-8246-ac46f8518117 HTTP/1.1" 200 9927
2026-06-26 12:26:21,401 DEBUG urllib3.connectionpool: Starting new HTTP connection (1): 127.0.0.1:50123
2026-06-26 12:26:21,405 INFO werkzeug: 127.0.0.1 - - [26/Jun/2026 12:26:21] "GET /perf_progress?exec_id=2fd2648a-6dcb-46b4-8246-ac46f8518117 HTTP/1.1" 200 -
2026-06-26 12:26:21,405 DEBUG urllib3.connectionpool: http://127.0.0.1:50123 "GET /perf_progress?exec_id=2fd2648a-6dcb-46b4-8246-ac46f8518117 HTTP/1.1" 200 9927
2026-06-26 12:26:26,248 ERROR prpc_client.mctool_client: cannot connect to server:
2026-06-26 12:26:26,249 ERROR phttp.server_backend: build mcpti rpc failed: 
2026-06-26 12:26:26,250 INFO phttp.server_backend: profiling task 2fd2648a-6dcb-46b4-8246-ac46f8518117
2026-06-26 12:26:26,250 ERROR phttp.server_backend: profiler failed:list index out of range
2026-06-26 12:26:26,412 DEBUG urllib3.connectionpool: Starting new HTTP connection (1): 127.0.0.1:50123
2026-06-26 12:26:26,416 INFO werkzeug: 127.0.0.1 - - [26/Jun/2026 12:26:26] "GET /perf_progress?exec_id=2fd2648a-6dcb-46b4-8246-ac46f8518117 HTTP/1.1" 200 -
2026-06-26 12:26:26,416 DEBUG urllib3.connectionpool: http://127.0.0.1:50123 "GET /perf_progress?exec_id=2fd2648a-6dcb-46b4-8246-ac46f8518117 HTTP/1.1" 200 9927
2026-06-26 12:26:31,423 DEBUG urllib3.connectionpool: Starting new HTTP connection (1): 127.0.0.1:50123
2026-06-26 12:26:31,427 INFO werkzeug: 127.0.0.1 - - [26/Jun/2026 12:26:31] "GET /perf_progress?exec_id=2fd2648a-6dcb-46b4-8246-ac46f8518117 HTTP/1.1" 200 -
2026-06-26 12:26:31,428 DEBUG urllib3.connectionpool: http://127.0.0.1:50123 "GET /perf_progress?exec_id=2fd2648a-6dcb-46b4-8246-ac46f8518117 HTTP/1.1" 200 9972
2026-06-26 12:26:39,438 DEBUG urllib3.connectionpool: Starting new HTTP connection (1): 127.0.0.1:50123
2026-06-26 12:26:39,441 ERROR phttp.http_server: remove .pkey failed
2026-06-26 12:26:39,441 INFO werkzeug: 127.0.0.1 - - [26/Jun/2026 12:26:39] "GET /stop HTTP/1.1" 200 -
2026-06-26 12:26:39,442 DEBUG urllib3.connectionpool: http://127.0.0.1:50123 "GET /stop HTTP/1.1" 200 29
2026-06-26 12:27:07,415 DEBUG matplotlib: (private) matplotlib data path: /tmp/_MEIIvbjfv/matplotlib/mpl-data
2026-06-26 12:27:07,416 DEBUG matplotlib: matplotlib data path: /tmp/_MEIIvbjfv/matplotlib/mpl-data
2026-06-26 12:27:07,419 DEBUG matplotlib: CONFIGDIR=/tmp/tmp5k7ai1x9
2026-06-26 12:27:07,421 DEBUG matplotlib: matplotlib version 3.3.4
2026-06-26 12:27:07,421 DEBUG matplotlib: interactive is False
2026-06-26 12:27:07,421 DEBUG matplotlib: platform is linux
2026-06-26 12:27:07,421 DEBUG matplotlib: loaded modules: ['builtins', 'sys', '_frozen_importlib', '_imp', '_warnings', '_thread', '_weakref', '_frozen_importlib_external', '_io', 'marshal', 'posix', 'zipimport', 'encodings', 'codecs', '_codecs', 'encodings.aliases', 'encodings.ascii', '_signal', '__main__', 'encodings.utf_8', 'encodings.latin_1', 'io', 'abc', '_weakrefset', '_bootlocale', '_locale', 'struct', '_struct', 'pyimod01_os_path', 'pyimod02_archive', 'zlib', 'pyimod03_importers', 'pyimod04_ctypes', 'os', 'errno', 'stat', '_stat', 'posixpath', 'genericpath', 'os.path', '_collections_abc', 'ctypes', '_ctypes', 'ctypes._endian', 'pkgutil', 'collections', 'operator', '_operator', 'keyword', 'heapq', '_heapq', 'itertools', 'reprlib', '_collections', 'functools', '_functools', 'types', 'collections.abc', 'weakref', 'importlib', 'importlib._bootstrap', 'importlib._bootstrap_external', 'warnings', 'importlib.util', 'importlib.abc', 'importlib.machinery', 'contextlib', 'inspect', 'ast', '_ast', 'dis', 'opcode', '_opcode', 'enum', 'linecache', 'tokenize', 're', 'sre_compile', '_sre', 'sre_parse', 'sre_constants', 'copyreg', 'token', 'pathlib', 'fnmatch', 'ntpath', 'urllib', 'urllib.parse', 'pkg_resources', 'time', 'zipfile', 'shutil', 'bz2', '_compression', 'threading', 'traceback', '_bz2', 'lzma', '_lzma', 'pwd', 'grp', 'binascii', 'platform', 'subprocess', 'signal', '_posixsubprocess', 'select', 'selectors', 'math', 'plistlib', 'datetime', '_datetime', 'xml', 'xml.parsers', 'xml.parsers.expat', 'pyexpat.errors', 'pyexpat.model', 'pyexpat', 'xml.parsers.expat.model', 'xml.parsers.expat.errors', 'email', 'email.parser', 'email.feedparser', 'email.errors', 'email._policybase', 'email.header', 'email.quoprimime', 'string', '_string', 'email.base64mime', 'base64', 'email.charset', 'email.encoders', 'quopri', 'email.utils', 'random', 'hashlib', '_hashlib', '_blake2', '_sha3', 'bisect', '_bisect', '_random', 'socket', '_socket', 'email._parseaddr', 'calendar', 'locale', 'tempfile', 'textwrap', 'pkg_resources.extern', 'pkg_resources._vendor', 'pkg_resources._vendor.appdirs', 'pkg_resources.extern.appdirs', 'pkg_resources._vendor.packaging', 'pkg_resources._vendor.packaging.__about__', 'pkg_resources.extern.packaging', 'pkg_resources.extern.packaging.version', 'typing', 'typing.io', 'typing.re', 'pkg_resources.extern.packaging._structures', 'pkg_resources.extern.packaging.specifiers', 'pkg_resources.extern.packaging.utils', 'pkg_resources.extern.packaging.tags', 'logging', 'atexit', 'sysconfig', 'pkg_resources._vendor.packaging._manylinux', 'pkg_resources._vendor.packaging._musllinux', 'pkg_resources.extern.packaging.requirements', 'pkg_resources._vendor.pyparsing', 'copy', 'pprint', 'pkg_resources.extern.pyparsing', 'pkg_resources.extern.packaging.markers', 'multiprocessing', 'multiprocessing.context', 'multiprocessing.process', 'multiprocessing.reduction', 'pickle', '_compat_pickle', '_pickle', 'array', '__mp_main__', 'multiprocessing.spawn', 'runpy', 'multiprocessing.util', 'multiprocessing.popen_fork', 'multiprocessing.popen_spawn_posix', 'concurrent', 'concurrent.futures', 'concurrent.futures._base', 'concurrent.futures.process', 'queue', 'multiprocessing.connection', '_multiprocessing', 'concurrent.futures.thread', 'argparse', 'gettext', 'common', 'common.api_common', 'json', 'json.decoder', 'json.scanner', '_json', 'json.encoder', 'paramiko', 'paramiko._version', 'paramiko.transport', 'cryptography', 'cryptography.__about__', 'cryptography.utils', 'cryptography.hazmat', 'cryptography.hazmat.backends', 'cryptography.hazmat.primitives', 'cryptography.hazmat.primitives.ciphers', 'cryptography.hazmat.primitives._cipheralgorithm', 'cryptography.hazmat.primitives.ciphers.base', 'cryptography.exceptions', 'cryptography.hazmat.primitives.ciphers.modes', 'cryptography.hazmat.primitives.ciphers.algorithms', 'paramiko.util', 'paramiko.common', 'paramiko.config', 'getpass', 'termios', 'shlex', 'paramiko.ssh_exception', 'paramiko.auth_handler', 'paramiko.message', 'paramiko.server', 'paramiko.ssh_gss', 'paramiko.channel', 'paramiko.file', 'paramiko.buffered_pipe', 'paramiko.pipe', 'paramiko.compress', 'paramiko.dsskey', 'cryptography.hazmat.primitives.hashes', 'cryptography.hazmat.primitives.serialization', 'cryptography.hazmat.primitives._serialization', 'cryptography.hazmat.primitives.serialization.base', 'cryptography.hazmat.primitives.asymmetric', 'cryptography.hazmat.primitives.asymmetric.dh', 'cryptography.hazmat.primitives.asymmetric.types', 'cryptography.hazmat.primitives.asymmetric.dsa', 'cryptography.hazmat.primitives.asymmetric.utils', 'cryptography.hazmat.bindings', '_cffi_backend', '_openssl.lib', '_openssl', 'cryptography.hazmat.bindings._rust', 'cryptography.hazmat.primitives.asymmetric.ec', 'cryptography.hazmat._oid', 'cryptography.hazmat.primitives.asymmetric.ed448', 'cryptography.hazmat.primitives.asymmetric.ed25519', 'cryptography.hazmat.primitives.asymmetric.rsa', 'cryptography.hazmat.primitives._asymmetric', 'cryptography.hazmat.primitives.asymmetric.x448', 'cryptography.hazmat.primitives.asymmetric.x25519', 'cryptography.hazmat.primitives.serialization.ssh', 'cryptography.hazmat.primitives.asymmetric.padding', 'bcrypt', '__future__', 'hmac', 'bcrypt.__about__', 'bcrypt._bcrypt', 'paramiko.ber', 'paramiko.sftp', 'paramiko.pkey', 'paramiko.ed25519key', 'nacl', 'nacl.signing', 'nacl.bindings', 'nacl.bindings.crypto_aead', 'nacl.exceptions', '_sodium.lib', '_sodium', 'nacl._sodium', 'nacl.bindings.crypto_box', 'nacl.bindings.crypto_core', 'nacl.bindings.crypto_generichash', 'nacl.bindings.crypto_hash', 'nacl.bindings.crypto_kx', 'nacl.bindings.crypto_pwhash', 'nacl.bindings.crypto_scalarmult', 'nacl.bindings.crypto_secretbox', 'nacl.bindings.crypto_secretstream', 'nacl.bindings.crypto_shorthash', 'nacl.bindings.crypto_sign', 'nacl.bindings.randombytes', 'nacl.bindings.sodium_core', 'nacl.bindings.utils', 'nacl.encoding', 'nacl.public', 'nacl.utils', 'paramiko.kex_curve25519', 'cryptography.hazmat.primitives.constant_time', 'paramiko.kex_gex', 'paramiko.kex_group1', 'paramiko.kex_group14', 'paramiko.kex_group16', 'paramiko.kex_ecdh_nist', 'paramiko.kex_gss', 'paramiko.packet', 'paramiko.primes', 'paramiko.rsakey', 'paramiko.ecdsakey', 'paramiko.sftp_client', 'paramiko.sftp_attr', 'paramiko.sftp_file', 'cryptography.hazmat.backends.openssl', 'cryptography.hazmat.backends.openssl.backend', 'cryptography.x509', 'cryptography.x509.certificate_transparency', 'cryptography.x509.base', 'cryptography.x509.extensions', 'ipaddress', 'cryptography.x509.general_name', 'cryptography.x509.name', 'cryptography.x509.oid', 'cryptography.hazmat.backends.openssl.aead', 'cryptography.hazmat.backends.openssl.ciphers', 'cryptography.hazmat.backends.openssl.cmac', 'cryptography.hazmat.backends.openssl.dh', 'cryptography.hazmat.backends.openssl.dsa', 'cryptography.hazmat.backends.openssl.utils', 'cryptography.hazmat.backends.openssl.ec', 'cryptography.hazmat.backends.openssl.ed448', 'cryptography.hazmat.backends.openssl.ed25519', 'cryptography.hazmat.backends.openssl.hashes', 'cryptography.hazmat.backends.openssl.hmac', 'cryptography.hazmat.backends.openssl.poly1305', 'cryptography.hazmat.backends.openssl.rsa', 'cryptography.hazmat.backends.openssl.x448', 'cryptography.hazmat.bindings.openssl', 'cryptography.hazmat.bindings.openssl.binding', 'cryptography.hazmat.bindings.openssl._conditional', 'cryptography.hazmat.primitives.kdf', 'cryptography.hazmat.primitives.kdf.scrypt', 'cryptography.hazmat.primitives.serialization.pkcs12', 'paramiko.client', 'paramiko.agent', 'paramiko.hostkeys', 'paramiko.auth_strategy', 'paramiko.sftp_server', 'paramiko.sftp_si', 'paramiko.sftp_handle', 'paramiko.proxy', 'sshtunnel', 'socketserver', 'utils', 'utils.exceptions', 'utils.logging', 'utils.complier', 'utils.rawdata_elements', 'common.pc_piechart', 'matplotlib', 'distutils', 'distutils.version', 'matplotlib.cbook', 'gzip', 'numpy', 'numpy._globals', 'numpy.__config__', 'numpy.version', 'numpy._distributor_init', 'numpy.core', 'numpy.core.multiarray', 'numpy.core.overrides', 'numpy.core._multiarray_umath', 'numpy.compat', 'numpy.compat._inspect', 'numpy.compat.py3k', 'numpy.core.umath', 'numpy.core.numerictypes', 'numbers', 'numpy.core._string_helpers', 'numpy.core._type_aliases', 'numpy.core._dtype', 'numpy.core.numeric', 'numpy.core.shape_base', 'numpy.core._asarray', 'numpy.core.fromnumeric', 'numpy.core._methods', 'numpy.core._exceptions', 'numpy.core._ufunc_config', 'numpy.core.arrayprint', 'numpy.core.defchararray', 'numpy.core.records', 'numpy.core.memmap', 'numpy.core.function_base', 'numpy.core.machar', 'numpy.core.getlimits', 'numpy.core.einsumfunc', 'numpy.core._add_newdocs', 'numpy.core._multiarray_tests', 'numpy.core._dtype_ctypes', 'numpy.core._internal', 'numpy._pytesttester', 'numpy.lib', 'numpy.lib.mixins', 'numpy.lib.scimath', 'numpy.lib.type_check', 'numpy.lib.ufunclike', 'numpy.lib.index_tricks', 'numpy.matrixlib', 'numpy.matrixlib.defmatrix', 'numpy.linalg', 'numpy.linalg.linalg', 'numpy.lib.twodim_base', 'numpy.linalg.lapack_lite', 'numpy.linalg._umath_linalg', 'numpy.lib.function_base', 'numpy.lib.histograms', 'numpy.lib.stride_tricks', 'numpy.lib.nanfunctions', 'numpy.lib.shape_base', 'numpy.lib.polynomial', 'numpy.lib.utils', 'numpy.lib.arraysetops', 'numpy.lib.npyio', 'numpy.lib.format', 'numpy.lib._datasource', 'numpy.lib._iotools', 'numpy.lib.financial', 'decimal', '_decimal', 'numpy.lib.arrayterator', 'numpy.lib.arraypad', 'numpy.lib._version', 'numpy.fft', 'numpy.fft._pocketfft', 'numpy.fft._pocketfft_internal', 'numpy.fft.helper', 'numpy.polynomial', 'numpy.polynomial.polynomial', 'numpy.polynomial.polyutils', 'numpy.polynomial._polybase', 'numpy.polynomial.chebyshev', 'numpy.polynomial.legendre', 'numpy.polynomial.hermite', 'numpy.polynomial.hermite_e', 'numpy.polynomial.laguerre', 'numpy.random', 'numpy.random._pickle', 'numpy.random.mtrand', 'cython_runtime', 'numpy.random.bit_generator', '_cython_0_29_21', 'numpy.random._common', 'secrets', 'numpy.random._bounded_integers', 'numpy.random._mt19937', 'numpy.random._philox', 'numpy.random._pcg64', 'numpy.random._sfc64', 'numpy.random._generator', 'numpy.ctypeslib', 'numpy.ma', 'numpy.ma.core', 'numpy.ma.extras', 'numpy.testing', 'unittest', 'unittest.result', 'unittest.util', 'unittest.case', 'difflib', 'unittest.suite', 'unittest.loader', 'unittest.main', 'unittest.runner', 'unittest.signals', 'numpy.testing._private', 'numpy.testing._private.utils', 'gc', 'numpy.testing._private.decorators', 'numpy.testing._private.nosetester', 'matplotlib.cbook.deprecation', 'matplotlib.rcsetup', 'matplotlib.animation', 'uuid', 'ctypes.util', 'matplotlib._animation_data', 'matplotlib.fontconfig_pattern', 'pyparsing', 'pyparsing.util', 'pyparsing.exceptions', 'pyparsing.unicode', 'pyparsing.actions', 'pyparsing.core', 'pyparsing.results', 'pyparsing.helpers', 'html', 'html.entities', 'pyparsing.testing', 'pyparsing.common', 'matplotlib.colors', 'matplotlib.docstring', 'matplotlib._color_data', 'cycler', 'matplotlib._version', 'matplotlib.ft2font', 'dateutil', 'dateutil._version', 'kiwisolver']
2026-06-26 12:27:07,455 DEBUG matplotlib: CACHEDIR=/tmp/tmp5k7ai1x9
2026-06-26 12:27:07,455 INFO matplotlib.font_manager: Generating new fontManager, this may take some time...
2026-06-26 12:27:07,455 DEBUG matplotlib.font_manager: font search path [PosixPath('/tmp/_MEIIvbjfv/matplotlib/mpl-data/fonts/ttf'), PosixPath('/tmp/_MEIIvbjfv/matplotlib/mpl-data/fonts/afm'), PosixPath('/tmp/_MEIIvbjfv/matplotlib/mpl-data/fonts/pdfcorefonts')]
2026-06-26 12:27:07,744 DEBUG matplotlib.pyplot: Loaded backend agg version unknown.
2026-06-26 12:27:08,636 DEBUG urllib3.connectionpool: Starting new HTTP connection (1): 127.0.0.1:50123
2026-06-26 12:27:08,636 INFO common.api_common: load json file /opt/mcProfiler-linux/config/workgroup_memory.pcd error, so try to decrypt: Expecting value: line 1 column 1 (char 0)
2026-06-26 12:27:08,638 INFO common.api_common: load json file /opt/mcProfiler-linux/config/summary.pcd error, so try to decrypt: Expecting value: line 1 column 1 (char 0)
2026-06-26 12:27:08,639 INFO common.api_common: load json file /opt/mcProfiler-linux/config/occupancy.pcd error, so try to decrypt: Expecting value: line 1 column 1 (char 0)
2026-06-26 12:27:08,639 INFO common.api_common: load json file /opt/mcProfiler-linux/config/memory_statistics.pcd error, so try to decrypt: Expecting value: line 1 column 1 (char 0)
2026-06-26 12:27:08,640 INFO common.api_common: load json file /opt/mcProfiler-linux/config/isu_statistics.pcd error, so try to decrypt: Expecting value: line 1 column 1 (char 0)
2026-06-26 12:27:08,641 INFO common.api_common: load json file /opt/mcProfiler-linux/config/internal.pcd error, so try to decrypt: Expecting value: line 1 column 1 (char 0)
2026-06-26 12:27:08,641 INFO common.api_common: load json file /opt/mcProfiler-linux/config/instruction_statistics.pcd error, so try to decrypt: Expecting value: line 1 column 1 (char 0)
2026-06-26 12:27:08,641 INFO common.api_common: load json file /opt/mcProfiler-linux/config/gpu_throughput_statistics.pcd error, so try to decrypt: Expecting value: line 1 column 1 (char 0)
2026-06-26 12:27:08,641 INFO common.api_common: load json file /opt/mcProfiler-linux/config/compute_workload.pcd error, so try to decrypt: Expecting value: line 1 column 1 (char 0)
2026-06-26 12:27:08,642 INFO common.api_common: load json file /opt/mcProfiler-linux/config/ce_statistics.pcd error, so try to decrypt: Expecting value: line 1 column 1 (char 0)
2026-06-26 12:27:08,649 INFO werkzeug:  * Running on http://127.0.0.1:50123/ (Press CTRL+C to quit)
2026-06-26 12:27:09,138 DEBUG urllib3.connectionpool: Starting new HTTP connection (1): 127.0.0.1:50123
2026-06-26 12:27:09,142 INFO werkzeug: 127.0.0.1 - - [26/Jun/2026 12:27:09] "GET / HTTP/1.1" 200 -
2026-06-26 12:27:09,142 DEBUG urllib3.connectionpool: http://127.0.0.1:50123 "GET / HTTP/1.1" 200 29
2026-06-26 12:27:09,143 DEBUG urllib3.connectionpool: Starting new HTTP connection (1): 127.0.0.1:50123
2026-06-26 12:27:09,145 INFO werkzeug: 127.0.0.1 - - [26/Jun/2026 12:27:09] "GET /show_metrics HTTP/1.1" 200 -
2026-06-26 12:27:09,145 DEBUG urllib3.connectionpool: http://127.0.0.1:50123 "GET /show_metrics HTTP/1.1" 200 1989
2026-06-26 12:27:09,146 DEBUG urllib3.connectionpool: Starting new HTTP connection (1): 127.0.0.1:50123
2026-06-26 12:27:09,160 INFO phttp.http_server: start a new perf exec thread
2026-06-26 12:27:09,160 INFO phttp.server_backend: start perf_exec
2026-06-26 12:27:09,161 INFO phttp.http_server: new exec b1d82612-d91e-46d8-9184-c22ad28a7e5e:('export MACA_PATH=/opt/maca/; export LD_LIBRARY_PATH=/opt/maca/lib/:${LD_LIBRARY_PATH}; ./test_maca 0 1 2', 'apply_mix_v0_baseline', ['WORKGROUPS', 'WAVES', 'Average Wave life cycles', 'instruction per cycle', 'instruction throughput', 'instruction throughput efficiency', 'AP active cycles', 'AP MTE Duty ratio', 'AP STE Duty ratio', 'AP MMA Duty ratio', 'VLS Duty ratio', 'L2C Duty ratio', 'Compute Instructions Cycles Rate', 'DPC Computing cycles comparison', 'Instructions Comparison', 'ISU stall cycles layout', 'instruction number', 'instructions per AP', 'RoofLine', 'Global Read Instructions', 'Global Write Instructions', 'Global Atomic Instructions', 'Private Read Instructions', 'Private Write Instructions', 'Constant Read Instructions', 'Constant Read SL1 Instructions', 'Constant Read L2 Instructions', 'Constant SL1 Hit Rate', 'VL1 Read Instructions', 'VL1 Write Instructions', 'VL1 Atomic Instructions', 'VL1 Hit Rate', 'L2C Read Instructions', 'L2C Write Instructions', 'L2C Atomic Instructions', 'L2C Hit Rate', 'Total Atomic Instructions', 'Dnoc Read Req', 'Dnoc Write Req', 'Global Memory Read bytes', 'Global Memory Write bytes', 'Memory Data Flow Chart', 'Dnoc Read Average Latency', 'Dnoc Read Latency Histogram', 'VL1 partition stall cycles layout', 'Achieved waves', 'Dispatched waves', 'Total Instructions', 'Compute Instructions', 'Memory Instructions', 'Total Cycles', 'Memory Access per Second', 'Average AP busy cycles', 'AP busy Duty', 'Compute Instructions busy Duty', 'load instructions', 'store instructions', 'atomic instructions', 'total instructions', 'average latency per load instruction', 'average latency per store instruction', 'average latency per atomic instruction', 'average latency of all stages per instruction', 'average cycles per load instruction', 'average cycles per store instruction', 'average cycles per atomic instruction', 'average conflict cycles per instruction', 'average cycles per instruction', 'shared memory access efficiency'])
2026-06-26 12:27:09,162 INFO werkzeug: 127.0.0.1 - - [26/Jun/2026 12:27:09] "POST /perf_exec HTTP/1.1" 200 -
2026-06-26 12:27:09,162 INFO common.api_common: ret_code cmdline_str: env
2026-06-26 12:27:09,162 DEBUG urllib3.connectionpool: http://127.0.0.1:50123 "POST /perf_exec HTTP/1.1" 200 51
2026-06-26 12:27:09,173 INFO common.api_common: ret_code cmdline_str: ls /sys/devices/virtual/mxcd/
2026-06-26 12:27:09,180 INFO common.api_common: ret_code cmdline_str: ls /sys/devices/virtual/mxcd/mxcd/layout/nodes/
2026-06-26 12:27:09,186 INFO phttp.server_backend: get_device_info.layout nodes: ['0', '1', '2', '3', '4', '5', '6', '7', '8', '9']
2026-06-26 12:27:09,186 INFO common.api_common: ret_code cmdline_str: cat /sys/devices/virtual/mxcd/mxcd/layout/nodes//0/gpu_id
2026-06-26 12:27:09,192 INFO phttp.server_backend: get_device_info.node 0 gpu_id 0
2026-06-26 12:27:09,192 INFO common.api_common: ret_code cmdline_str: cat /sys/devices/virtual/mxcd/mxcd/layout/nodes//1/gpu_id
2026-06-26 12:27:09,197 INFO phttp.server_backend: get_device_info.node 1 gpu_id 0
2026-06-26 12:27:09,197 INFO common.api_common: ret_code cmdline_str: cat /sys/devices/virtual/mxcd/mxcd/layout/nodes//2/gpu_id
2026-06-26 12:27:09,202 INFO phttp.server_backend: get_device_info.node 2 gpu_id 64198
2026-06-26 12:27:09,202 INFO phttp.server_backend: get_device_info.using node id 2
2026-06-26 12:27:09,202 INFO common.api_common: ret_code cmdline_str: cat /sys/devices/virtual/mxcd/mxcd/layout/nodes//3/gpu_id
2026-06-26 12:27:09,207 INFO phttp.server_backend: get_device_info.node 3 gpu_id 27143
2026-06-26 12:27:09,208 INFO phttp.server_backend: get_device_info.using node id 3
2026-06-26 12:27:09,208 INFO common.api_common: ret_code cmdline_str: cat /sys/devices/virtual/mxcd/mxcd/layout/nodes//4/gpu_id
2026-06-26 12:27:09,213 INFO phttp.server_backend: get_device_info.node 4 gpu_id 22597
2026-06-26 12:27:09,213 INFO phttp.server_backend: get_device_info.using node id 4
2026-06-26 12:27:09,213 INFO common.api_common: ret_code cmdline_str: cat /sys/devices/virtual/mxcd/mxcd/layout/nodes//5/gpu_id
2026-06-26 12:27:09,218 INFO phttp.server_backend: get_device_info.node 5 gpu_id 24589
2026-06-26 12:27:09,218 INFO phttp.server_backend: get_device_info.using node id 5
2026-06-26 12:27:09,218 INFO common.api_common: ret_code cmdline_str: cat /sys/devices/virtual/mxcd/mxcd/layout/nodes//6/gpu_id
2026-06-26 12:27:09,223 INFO phttp.server_backend: get_device_info.node 6 gpu_id 18772
2026-06-26 12:27:09,223 INFO phttp.server_backend: get_device_info.using node id 6
2026-06-26 12:27:09,223 INFO common.api_common: ret_code cmdline_str: cat /sys/devices/virtual/mxcd/mxcd/layout/nodes//7/gpu_id
2026-06-26 12:27:09,228 INFO phttp.server_backend: get_device_info.node 7 gpu_id 61138
2026-06-26 12:27:09,228 INFO phttp.server_backend: get_device_info.using node id 7
2026-06-26 12:27:09,228 INFO common.api_common: ret_code cmdline_str: cat /sys/devices/virtual/mxcd/mxcd/layout/nodes//8/gpu_id
2026-06-26 12:27:09,233 INFO phttp.server_backend: get_device_info.node 8 gpu_id 8082
2026-06-26 12:27:09,233 INFO phttp.server_backend: get_device_info.using node id 8
2026-06-26 12:27:09,233 INFO common.api_common: ret_code cmdline_str: cat /sys/devices/virtual/mxcd/mxcd/layout/nodes//9/gpu_id
2026-06-26 12:27:09,238 INFO phttp.server_backend: get_device_info.node 9 gpu_id 11728
2026-06-26 12:27:09,239 INFO phttp.server_backend: get_device_info.using node id 9
2026-06-26 12:27:09,239 INFO common.api_common: ret_code cmdline_str: cat /sys/devices/virtual/mxcd/mxcd/layout/nodes//2/properties
2026-06-26 12:27:09,244 ERROR phttp.server_backend: get_device_info.parse 2 device info vbios_version 1.25.1.0 error.
2026-06-26 12:27:09,244 ERROR phttp.server_backend: get_device_info.parse 2 device info  error.
2026-06-26 12:27:09,244 ERROR phttp.server_backend: get_device_info.parse 2 device info  error.
2026-06-26 12:27:09,244 INFO common.api_common: ret_code cmdline_str: cat /sys/devices/virtual/mxcd/mxcd/layout/nodes//3/properties
2026-06-26 12:27:09,249 ERROR phttp.server_backend: get_device_info.parse 3 device info vbios_version 1.25.1.0 error.
2026-06-26 12:27:09,249 ERROR phttp.server_backend: get_device_info.parse 3 device info  error.
2026-06-26 12:27:09,249 INFO common.api_common: ret_code cmdline_str: cat /sys/devices/virtual/mxcd/mxcd/layout/nodes//4/properties
2026-06-26 12:27:09,254 ERROR phttp.server_backend: get_device_info.parse 4 device info vbios_version 1.25.1.0 error.
2026-06-26 12:27:09,254 ERROR phttp.server_backend: get_device_info.parse 4 device info  error.
2026-06-26 12:27:09,254 INFO common.api_common: ret_code cmdline_str: cat /sys/devices/virtual/mxcd/mxcd/layout/nodes//5/properties
2026-06-26 12:27:09,259 ERROR phttp.server_backend: get_device_info.parse 5 device info vbios_version 1.25.1.0 error.
2026-06-26 12:27:09,259 ERROR phttp.server_backend: get_device_info.parse 5 device info  error.
2026-06-26 12:27:09,259 ERROR phttp.server_backend: get_device_info.parse 5 device info  error.
2026-06-26 12:27:09,259 INFO common.api_common: ret_code cmdline_str: cat /sys/devices/virtual/mxcd/mxcd/layout/nodes//6/properties
2026-06-26 12:27:09,264 ERROR phttp.server_backend: get_device_info.parse 6 device info vbios_version 1.25.1.0 error.
2026-06-26 12:27:09,264 ERROR phttp.server_backend: get_device_info.parse 6 device info  error.
2026-06-26 12:27:09,264 INFO common.api_common: ret_code cmdline_str: cat /sys/devices/virtual/mxcd/mxcd/layout/nodes//7/properties
2026-06-26 12:27:09,269 ERROR phttp.server_backend: get_device_info.parse 7 device info vbios_version 1.25.1.0 error.
2026-06-26 12:27:09,269 INFO common.api_common: ret_code cmdline_str: cat /sys/devices/virtual/mxcd/mxcd/layout/nodes//8/properties
2026-06-26 12:27:09,274 ERROR phttp.server_backend: get_device_info.parse 8 device info vbios_version 1.25.1.0 error.
2026-06-26 12:27:09,275 ERROR phttp.server_backend: get_device_info.parse 8 device info  error.
2026-06-26 12:27:09,275 INFO common.api_common: ret_code cmdline_str: cat /sys/devices/virtual/mxcd/mxcd/layout/nodes//9/properties
2026-06-26 12:27:09,280 ERROR phttp.server_backend: get_device_info.parse 9 device info vbios_version 1.25.1.0 error.
2026-06-26 12:27:09,280 ERROR phttp.server_backend: get_device_info.parse 9 device info  error.
2026-06-26 12:27:09,280 ERROR phttp.server_backend: get_device_info.parse 9 device info  error.
2026-06-26 12:27:09,280 INFO phttp.server_backend: get_device_info.device_info: {'2': {'gpu_id': '64198', 'cpu_cores_count': 0, 'mem_banks_count': 1, 'direct_link_count': 4, 'indirect_link_count': 8, 'vendor_id': 39321, 'device_id': 16385, 'drm_render_minor': 128, 'isa_major': 10, 'isa_minor': 0, 'is_vf': 0, 'max_vf_nums': 8, 'domain': 0, 'location_id': 2048, 'num_sdma_engines': 5, 'num_sdma_queues_per_engine': 9, 'num_vpue_cores': 1, 'num_vpud_cores': 8, 'caches_count': 157, 'peu_id_base': 0, 'peu_count': 416, 'max_waves_per_peu': 8, 'wsm_size_in_kb': 64, 'wave_front_size': 64, 'dpc_count': 8, 'dpc0_ap_mask': 8191, 'dpc1_ap_mask': 73727, 'dpc2_ap_mask': 139263, 'dpc3_ap_mask': 204799, 'dpc4_ap_mask': 270335, 'dpc5_ap_mask': 344061, 'dpc6_ap_mask': 401407, 'dpc7_ap_mask': 466943, 'dpc_arrays': 1, 'ap_per_dpc': 13, 'peu_per_ap': 4, 'pri_mem_per_thread': 4, 'max_slots_private_ap': 32, 'num_ce_queues': 16, 'max_engine_clk_gpu': 1600, 'max_engine_clk_cpu': 3600, 'mgpu_id': 0, 'topology_id': 2, 'socket_id': 2, 'hbmecc': 1, 'local_mem_size': 68719476736, 'capability': 4432512, 'maxprocess': 10}, '3': {'gpu_id': '27143', 'cpu_cores_count': 0, 'mem_banks_count': 1, 'direct_link_count': 4, 'indirect_link_count': 8, 'vendor_id': 39321, 'device_id': 16385, 'drm_render_minor': 129, 'isa_major': 10, 'isa_minor': 0, 'is_vf': 0, 'max_vf_nums': 8, 'domain': 0, 'location_id': 2304, 'num_sdma_engines': 5, 'num_sdma_queues_per_engine': 9, 'num_vpue_cores': 1, 'num_vpud_cores': 8, 'caches_count': 157, 'peu_id_base': 0, 'peu_count': 416, 'max_waves_per_peu': 8, 'wsm_size_in_kb': 64, 'wave_front_size': 64, 'dpc_count': 8, 'dpc0_ap_mask': 8191, 'dpc1_ap_mask': 73727, 'dpc2_ap_mask': 139263, 'dpc3_ap_mask': 204799, 'dpc4_ap_mask': 270335, 'dpc5_ap_mask': 344062, 'dpc6_ap_mask': 401407, 'dpc7_ap_mask': 474623, 'dpc_arrays': 1, 'ap_per_dpc': 13, 'peu_per_ap': 4, 'pri_mem_per_thread': 4, 'max_slots_private_ap': 32, 'num_ce_queues': 16, 'max_engine_clk_gpu': 1600, 'max_engine_clk_cpu': 3600, 'mgpu_id': 0, 'topology_id': 2, 'socket_id': 0, 'hbmecc': 1, 'local_mem_size': 68719476736, 'capability': 4432512, 'maxprocess': 10}, '4': {'gpu_id': '22597', 'cpu_cores_count': 0, 'mem_banks_count': 1, 'direct_link_count': 4, 'indirect_link_count': 8, 'vendor_id': 39321, 'device_id': 16385, 'drm_render_minor': 130, 'isa_major': 10, 'isa_minor': 0, 'is_vf': 0, 'max_vf_nums': 8, 'domain': 0, 'location_id': 3584, 'num_sdma_engines': 5, 'num_sdma_queues_per_engine': 9, 'num_vpue_cores': 1, 'num_vpud_cores': 8, 'caches_count': 157, 'peu_id_base': 0, 'peu_count': 416, 'max_waves_per_peu': 8, 'wsm_size_in_kb': 64, 'wave_front_size': 64, 'dpc_count': 8, 'dpc0_ap_mask': 8191, 'dpc1_ap_mask': 73727, 'dpc2_ap_mask': 139263, 'dpc3_ap_mask': 204799, 'dpc4_ap_mask': 270335, 'dpc5_ap_mask': 335871, 'dpc6_ap_mask': 401407, 'dpc7_ap_mask': 466943, 'dpc_arrays': 1, 'ap_per_dpc': 13, 'peu_per_ap': 4, 'pri_mem_per_thread': 4, 'max_slots_private_ap': 32, 'num_ce_queues': 16, 'max_engine_clk_gpu': 1600, 'max_engine_clk_cpu': 3600, 'mgpu_id': 0, 'topology_id': 2, 'socket_id': 3, 'hbmecc': 1, 'local_mem_size': 68719476736, 'capability': 4432512, 'maxprocess': 10}, '5': {'gpu_id': '24589', 'cpu_cores_count': 0, 'mem_banks_count': 1, 'direct_link_count': 4, 'indirect_link_count': 8, 'vendor_id': 39321, 'device_id': 16385, 'drm_render_minor': 131, 'isa_major': 10, 'isa_minor': 0, 'is_vf': 0, 'max_vf_nums': 8, 'domain': 0, 'location_id': 4352, 'num_sdma_engines': 5, 'num_sdma_queues_per_engine': 9, 'num_vpue_cores': 1, 'num_vpud_cores': 8, 'caches_count': 157, 'peu_id_base': 0, 'peu_count': 416, 'max_waves_per_peu': 8, 'wsm_size_in_kb': 64, 'wave_front_size': 64, 'dpc_count': 8, 'dpc0_ap_mask': 8191, 'dpc1_ap_mask': 73727, 'dpc2_ap_mask': 139263, 'dpc3_ap_mask': 204799, 'dpc4_ap_mask': 270335, 'dpc5_ap_mask': 335871, 'dpc6_ap_mask': 401407, 'dpc7_ap_mask': 466943, 'dpc_arrays': 1, 'ap_per_dpc': 13, 'peu_per_ap': 4, 'pri_mem_per_thread': 4, 'max_slots_private_ap': 32, 'num_ce_queues': 16, 'max_engine_clk_gpu': 1600, 'max_engine_clk_cpu': 3600, 'mgpu_id': 0, 'topology_id': 2, 'socket_id': 1, 'hbmecc': 1, 'local_mem_size': 68719476736, 'capability': 4432512, 'maxprocess': 10}, '6': {'gpu_id': '18772', 'cpu_cores_count': 0, 'mem_banks_count': 1, 'direct_link_count': 4, 'indirect_link_count': 8, 'vendor_id': 39321, 'device_id': 16385, 'drm_render_minor': 132, 'isa_major': 10, 'isa_minor': 0, 'is_vf': 0, 'max_vf_nums': 8, 'domain': 0, 'location_id': 12800, 'num_sdma_engines': 5, 'num_sdma_queues_per_engine': 9, 'num_vpue_cores': 1, 'num_vpud_cores': 8, 'caches_count': 157, 'peu_id_base': 0, 'peu_count': 416, 'max_waves_per_peu': 8, 'wsm_size_in_kb': 64, 'wave_front_size': 64, 'dpc_count': 8, 'dpc0_ap_mask': 8191, 'dpc1_ap_mask': 73727, 'dpc2_ap_mask': 139263, 'dpc3_ap_mask': 204799, 'dpc4_ap_mask': 270335, 'dpc5_ap_mask': 335871, 'dpc6_ap_mask': 407551, 'dpc7_ap_mask': 466943, 'dpc_arrays': 1, 'ap_per_dpc': 13, 'peu_per_ap': 4, 'pri_mem_per_thread': 4, 'max_slots_private_ap': 32, 'num_ce_queues': 16, 'max_engine_clk_gpu': 1600, 'max_engine_clk_cpu': 3600, 'mgpu_id': 0, 'topology_id': 2, 'socket_id': 0, 'hbmecc': 1, 'local_mem_size': 68719476736, 'capability': 4432512, 'maxprocess': 10}, '7': {'gpu_id': '61138', 'cpu_cores_count': 0, 'mem_banks_count': 1, 'direct_link_count': 4, 'indirect_link_count': 8, 'vendor_id': 39321, 'device_id': 16385, 'drm_render_minor': 133, 'isa_major': 10, 'isa_minor': 0, 'is_vf': 0, 'max_vf_nums': 8, 'domain': 0, 'location_id': 14336, 'num_sdma_engines': 5, 'num_sdma_queues_per_engine': 9, 'num_vpue_cores': 1, 'num_vpud_cores': 8, 'caches_count': 157, 'peu_id_base': 0, 'peu_count': 416, 'max_waves_per_peu': 8, 'wsm_size_in_kb': 64, 'wave_front_size': 64, 'dpc_count': 8, 'dpc0_ap_mask': 8191, 'dpc1_ap_mask': 73727, 'dpc2_ap_mask': 139263, 'dpc3_ap_mask': 204799, 'dpc4_ap_mask': 270335, 'dpc5_ap_mask': 335871, 'dpc6_ap_mask': 401407, 'dpc7_ap_mask': 466943, 'dpc_arrays': 1, 'ap_per_dpc': 13, 'peu_per_ap': 4, 'pri_mem_per_thread': 4, 'max_slots_private_ap': 32, 'num_ce_queues': 16, 'max_engine_clk_gpu': 1600, 'max_engine_clk_cpu': 3600, 'mgpu_id': 0, 'topology_id': 2, 'socket_id': 2, 'hbmecc': 1, 'local_mem_size': 68719476736, 'capability': 4432512, 'maxprocess': 10}, '8': {'gpu_id': '8082', 'cpu_cores_count': 0, 'mem_banks_count': 1, 'direct_link_count': 4, 'indirect_link_count': 8, 'vendor_id': 39321, 'device_id': 16385, 'drm_render_minor': 134, 'isa_major': 10, 'isa_minor': 0, 'is_vf': 0, 'max_vf_nums': 8, 'domain': 0, 'location_id': 15104, 'num_sdma_engines': 5, 'num_sdma_queues_per_engine': 9, 'num_vpue_cores': 1, 'num_vpud_cores': 8, 'caches_count': 157, 'peu_id_base': 0, 'peu_count': 416, 'max_waves_per_peu': 8, 'wsm_size_in_kb': 64, 'wave_front_size': 64, 'dpc_count': 8, 'dpc0_ap_mask': 8191, 'dpc1_ap_mask': 73727, 'dpc2_ap_mask': 139263, 'dpc3_ap_mask': 204799, 'dpc4_ap_mask': 270335, 'dpc5_ap_mask': 344031, 'dpc6_ap_mask': 401407, 'dpc7_ap_mask': 466943, 'dpc_arrays': 1, 'ap_per_dpc': 13, 'peu_per_ap': 4, 'pri_mem_per_thread': 4, 'max_slots_private_ap': 32, 'num_ce_queues': 16, 'max_engine_clk_gpu': 1600, 'max_engine_clk_cpu': 3600, 'mgpu_id': 0, 'topology_id': 2, 'socket_id': 3, 'hbmecc': 1, 'local_mem_size': 68719476736, 'capability': 4432512, 'maxprocess': 10}, '9': {'gpu_id': '11728', 'cpu_cores_count': 0, 'mem_banks_count': 1, 'direct_link_count': 4, 'indirect_link_count': 8, 'vendor_id': 39321, 'device_id': 16385, 'drm_render_minor': 135, 'isa_major': 10, 'isa_minor': 0, 'is_vf': 0, 'max_vf_nums': 8, 'domain': 0, 'location_id': 15360, 'num_sdma_engines': 5, 'num_sdma_queues_per_engine': 9, 'num_vpue_cores': 1, 'num_vpud_cores': 8, 'caches_count': 157, 'peu_id_base': 0, 'peu_count': 416, 'max_waves_per_peu': 8, 'wsm_size_in_kb': 64, 'wave_front_size': 64, 'dpc_count': 8, 'dpc0_ap_mask': 8191, 'dpc1_ap_mask': 73727, 'dpc2_ap_mask': 139263, 'dpc3_ap_mask': 204799, 'dpc4_ap_mask': 270335, 'dpc5_ap_mask': 335871, 'dpc6_ap_mask': 401407, 'dpc7_ap_mask': 466943, 'dpc_arrays': 1, 'ap_per_dpc': 13, 'peu_per_ap': 4, 'pri_mem_per_thread': 4, 'max_slots_private_ap': 32, 'num_ce_queues': 16, 'max_engine_clk_gpu': 1600, 'max_engine_clk_cpu': 3600, 'mgpu_id': 0, 'topology_id': 2, 'socket_id': 1, 'hbmecc': 1, 'local_mem_size': 68719476736, 'capability': 4432512, 'maxprocess': 10}}
2026-06-26 12:27:09,280 INFO phttp.server_backend: start generate batch files
2026-06-26 12:27:09,281 INFO utils.complier: analyse  formula:[]
2026-06-26 12:27:09,281 INFO utils.complier: analyse  formula:[{'type': 'PRE_VAR', 'value': '@compute_instructions'}, {'type': 'PRE_VAR', 'value': '@memory_instructions'}]
2026-06-26 12:27:09,281 INFO utils.complier: analyse  formula:[]
2026-06-26 12:27:09,281 INFO utils.complier: analyse  formula:[]
2026-06-26 12:27:09,281 INFO utils.complier: analyse  formula:[{'type': 'PRE_VAR', 'value': '@compute_instructions'}]
2026-06-26 12:27:09,281 INFO utils.complier: analyse  formula:[]
2026-06-26 12:27:09,282 INFO utils.complier: analyse  formula:[]
2026-06-26 12:27:09,282 INFO utils.complier: analyse  formula:[{'type': 'PRE_VAR', 'value': '@memory_instructions'}]
2026-06-26 12:27:09,282 INFO utils.complier: analyse  formula:[]
2026-06-26 12:27:09,282 INFO utils.complier: analyse  formula:[{'type': 'VARIABLE', 'value': '{{CE.CE_PERF_BUSY_CYCLES}}'}]
2026-06-26 12:27:09,282 INFO utils.complier: analyse  formula:[]
2026-06-26 12:27:09,282 INFO utils.complier: analyse  formula:[]
2026-06-26 12:27:09,282 INFO utils.complier: analyse  formula:[{'type': 'VARIABLE', 'value': '{{L2C.perf_dnoc_rdreq_32B}}'}, {'type': 'VARIABLE', 'value': '{{L2C.perf_dnoc_rdreq_64B}}'}, {'type': 'VARIABLE', 'value': '{{L2C.perf_dnoc_rdreq_128B}}'}, {'type': 'VARIABLE', 'value': '{{L2C.perf_dnoc_wrreq_32B_low}}'}, {'type': 'VARIABLE', 'value': '{{L2C.perf_dnoc_wrreq_32B_high}}'}, {'type': 'VARIABLE', 'value': '{{L2C.perf_dnoc_wrreq_64B}}'}, {'type': 'VARIABLE', 'value': '{{L2C.perf_dnoc_wrreq_128B}}'}, {'type': 'VARIABLE', 'value': '{{ISU.AP_PERF_ISU_AP_BUSY}}'}]
2026-06-26 12:27:09,283 INFO utils.complier: analyse  formula:[]
2026-06-26 12:27:09,283 INFO utils.complier: analyse  formula:[]
2026-06-26 12:27:09,283 INFO utils.complier: analyse  formula:[{'type': 'VARIABLE', 'value': '{{ISU.AP_PERF_ISU_AP_BUSY}}'}]
2026-06-26 12:27:09,283 INFO utils.complier: analyse  formula:[]
2026-06-26 12:27:09,284 INFO utils.complier: analyse  formula:[]
2026-06-26 12:27:09,284 INFO utils.complier: analyse  formula:[{'type': 'VARIABLE', 'value': '{{ISU.AP_PERF_ISU_AP_BUSY}}'}, {'type': 'VARIABLE', 'value': '{{CE.CE_PERF_BUSY_CYCLES}}'}]
2026-06-26 12:27:09,284 INFO utils.complier: analyse  formula:[]
2026-06-26 12:27:09,284 INFO utils.complier: analyse  formula:[]
2026-06-26 12:27:09,284 INFO utils.complier: analyse  formula:[{'type': 'VARIABLE', 'value': '{{ISU.AP_PERF_INST_CYCLES_VALU}}'}, {'type': 'VARIABLE', 'value': '{{ISU.AP_PERF_INST_CYCLES_MMA}}'}, {'type': 'VARIABLE', 'value': '{{ISU.AP_PERF_ISU_AP_BUSY}}'}]
2026-06-26 12:27:09,284 INFO utils.complier: analyse  formula:[]
2026-06-26 12:27:09,284 INFO utils.complier: analyse  formula:[]
2026-06-26 12:27:09,284 INFO utils.complier: analyse  formula:[{'type': 'VARIABLE', 'value': '{{CE.CE_PERF_SEND_RM_WORKGROUPS}}'}]
2026-06-26 12:27:09,285 INFO utils.complier: analyse  formula:[]
2026-06-26 12:27:09,285 INFO utils.complier: analyse  formula:[]
2026-06-26 12:27:09,285 INFO utils.complier: analyse  formula:[{'type': 'VARIABLE', 'value': '{{CE.CE_PERF_SEND_RM_WAVES}}'}]
2026-06-26 12:27:09,285 INFO utils.complier: analyse  formula:[]
2026-06-26 12:27:09,285 INFO utils.complier: analyse  formula:[]
2026-06-26 12:27:09,285 INFO utils.complier: analyse  formula:[{'type': 'VARIABLE', 'value': '{{RM.RM_PERF_WAVES_InFlight_Level_P0}}'}, {'type': 'VARIABLE', 'value': '{{RM.RM_PERF_WAVES_InFlight_Level_P1}}'}, {'type': 'VARIABLE', 'value': '{{RM.RM_PERF_WAVES_InFlight_Level_P2}}'}, {'type': 'VARIABLE', 'value': '{{RM.RM_PERF_WAVES_InFlight_Level_P3}}'}, {'type': 'VARIABLE', 'value': '{{CE.CE_PERF_SEND_RM_WAVES}}'}]
2026-06-26 12:27:09,285 INFO utils.complier: analyse  formula:[]
2026-06-26 12:27:09,285 INFO utils.complier: analyse  formula:[]
2026-06-26 12:27:09,286 INFO utils.complier: analyse  formula:[{'type': 'VARIABLE', 'value': '{{ISU.AP_PERF_INST_CYCLES_VALU_4CYCLES}}'}, {'type': 'VARIABLE', 'value': '{{ISU.AP_PERF_INST_CYCLES_VALU_16CYCLES}}'}, {'type': 'VARIABLE', 'value': '{{ISU.AP_PERF_INST_CYCLES_MMA_16CYCLES}}'}, {'type': 'VARIABLE', 'value': '{{ISU.AP_PERF_INST_CYCLES_MMA_32CYCLES}}'}]
2026-06-26 12:27:09,287 INFO utils.complier: analyse  formula:[]
2026-06-26 12:27:09,288 INFO utils.complier: analyse  formula:[]
2026-06-26 12:27:09,288 INFO utils.complier: analyse  formula:[{'type': 'VARIABLE_DICT', 'value': '{{{ISU.AP_PERF_INST_CYCLES_MMA}}}'}, {'type': 'VARIABLE_DICT', 'value': '{{{ISU.AP_PERF_INST_CYCLES_MMA}}}'}, {'type': 'VARIABLE_DICT', 'value': '{{{ISU.AP_PERF_INST_CYCLES_VALU}}}'}]
2026-06-26 12:27:09,289 INFO utils.complier: analyse  formula:[]
2026-06-26 12:27:09,289 INFO utils.complier: analyse  formula:[]
2026-06-26 12:27:09,290 INFO utils.complier: analyse  formula:[{'type': 'VARIABLE', 'value': '{{ISU.AP_PERF_INSTS_VALU}}'}, {'type': 'VARIABLE', 'value': '{{ISU.AP_PERF_INSTS_MMA}}'}, {'type': 'VARIABLE', 'value': '{{ISU.AP_PERF_INSTS_SALU}}'}, {'type': 'VARIABLE', 'value': '{{ISU.AP_PERF_INSTS_GVM}}'}, {'type': 'VARIABLE', 'value': '{{ISU.AP_PERF_INSTS_BSM}}'}, {'type': 'VARIABLE', 'value': '{{ISU.AP_PERF_INSTS_LDU}}'}, {'type': 'VARIABLE', 'value': '{{ISU.AP_PERF_INST_MISC}}'}]
2026-06-26 12:27:09,291 INFO utils.complier: analyse  formula:[]
2026-06-26 12:27:09,291 INFO utils.complier: analyse  formula:[]
2026-06-26 12:27:09,292 INFO utils.complier: analyse  formula:[{'type': 'VARIABLE', 'value': '{{ISU.AP_PERF_ISU_ARB_WSM_STALL}}'}, {'type': 'VARIABLE', 'value': '{{ISU.AP_PERF_ISU_ARB_VLS_STALL}}'}, {'type': 'VARIABLE', 'value': '{{ISU.AP_PERF_ISU_ARB_DATA_STALL}}'}, {'type': 'VARIABLE', 'value': '{{ISU.AP_PERF_ISU_ARB_VALU_STALL}}'}]
2026-06-26 12:27:09,293 INFO utils.complier: analyse  formula:[]
2026-06-26 12:27:09,294 INFO utils.complier: analyse  formula:[]
2026-06-26 12:27:09,294 INFO utils.complier: analyse  formula:[]
2026-06-26 12:27:09,294 INFO utils.complier: analyse  formula:[{'type': 'PRE_VAR', 'value': '@global_insts_rd'}]
2026-06-26 12:27:09,294 INFO utils.complier: analyse  formula:[]
2026-06-26 12:27:09,294 INFO utils.complier: analyse  formula:[]
2026-06-26 12:27:09,294 INFO utils.complier: analyse  formula:[{'type': 'PRE_VAR', 'value': '@global_insts_wr'}]
2026-06-26 12:27:09,294 INFO utils.complier: analyse  formula:[]
2026-06-26 12:27:09,294 INFO utils.complier: analyse  formula:[{'type': 'VARIABLE', 'value': '{{ISU.AP_PERF_INST_GLOBAL_ATOMIC}}'}, {'type': 'VARIABLE', 'value': '{{ISU.AP_PERF_INST_GLOBAL_ATOMIC_64}}'}]
2026-06-26 12:27:09,294 INFO utils.complier: analyse  formula:[]
2026-06-26 12:27:09,294 INFO utils.complier: analyse  formula:[]
2026-06-26 12:27:09,294 INFO utils.complier: analyse  formula:[]
2026-06-26 12:27:09,294 INFO utils.complier: analyse  formula:[{'type': 'PRE_VAR', 'value': '@private_insts_rd'}]
2026-06-26 12:27:09,294 INFO utils.complier: analyse  formula:[]
2026-06-26 12:27:09,294 INFO utils.complier: analyse  formula:[]
2026-06-26 12:27:09,294 INFO utils.complier: analyse  formula:[{'type': 'PRE_VAR', 'value': '@private_insts_wr'}]
2026-06-26 12:27:09,294 INFO utils.complier: analyse  formula:[]
2026-06-26 12:27:09,294 INFO utils.complier: analyse  formula:[]
2026-06-26 12:27:09,294 INFO utils.complier: analyse  formula:[{'type': 'PRE_VAR', 'value': '@ldu_insts_rd'}]
2026-06-26 12:27:09,294 INFO utils.complier: analyse  formula:[]
2026-06-26 12:27:09,295 INFO utils.complier: analyse  formula:[]
2026-06-26 12:27:09,295 INFO utils.complier: analyse  formula:[{'type': 'PRE_VAR', 'value': '@sl1_rd'}]
2026-06-26 12:27:09,295 INFO utils.complier: analyse  formula:[]
2026-06-26 12:27:09,295 INFO utils.complier: analyse  formula:[]
2026-06-26 12:27:09,295 INFO utils.complier: analyse  formula:[{'type': 'PRE_VAR', 'value': '@sl1_l2c_rd'}]
2026-06-26 12:27:09,295 INFO utils.complier: analyse  formula:[]
2026-06-26 12:27:09,295 INFO utils.complier: analyse  formula:[]
2026-06-26 12:27:09,295 INFO utils.complier: analyse  formula:[{'type': 'PRE_VAR', 'value': '@sl1_hit_rate'}]
2026-06-26 12:27:09,295 INFO utils.complier: analyse  formula:[]
2026-06-26 12:27:09,295 INFO utils.complier: analyse  formula:[]
2026-06-26 12:27:09,295 INFO utils.complier: analyse  formula:[{'type': 'PRE_VAR', 'value': '@vl1_insts_rd'}]
2026-06-26 12:27:09,295 INFO utils.complier: analyse  formula:[]
2026-06-26 12:27:09,295 INFO utils.complier: analyse  formula:[]
2026-06-26 12:27:09,295 INFO utils.complier: analyse  formula:[{'type': 'PRE_VAR', 'value': '@vl1_insts_wr'}]
2026-06-26 12:27:09,295 INFO utils.complier: analyse  formula:[]
2026-06-26 12:27:09,295 INFO utils.complier: analyse  formula:[{'type': 'VARIABLE', 'value': '{{VL1.p_total_atomic_instruction_event}}'}]
2026-06-26 12:27:09,295 INFO utils.complier: analyse  formula:[]
2026-06-26 12:27:09,295 INFO utils.complier: analyse  formula:[]
2026-06-26 12:27:09,295 INFO utils.complier: analyse  formula:[]
2026-06-26 12:27:09,295 INFO utils.complier: analyse  formula:[{'type': 'PRE_VAR', 'value': '@vl1_hit_rate'}]
2026-06-26 12:27:09,295 INFO utils.complier: analyse  formula:[]
2026-06-26 12:27:09,296 INFO utils.complier: analyse  formula:[]
2026-06-26 12:27:09,296 INFO utils.complier: analyse  formula:[{'type': 'PRE_VAR', 'value': '@l2c_insts_rd'}]
2026-06-26 12:27:09,296 INFO utils.complier: analyse  formula:[]
2026-06-26 12:27:09,296 INFO utils.complier: analyse  formula:[]
2026-06-26 12:27:09,296 INFO utils.complier: analyse  formula:[{'type': 'PRE_VAR', 'value': '@l2c_insts_wr'}]
2026-06-26 12:27:09,296 INFO utils.complier: analyse  formula:[]
2026-06-26 12:27:09,296 INFO utils.complier: analyse  formula:[{'type': 'VARIABLE', 'value': '{{L2C.perf_atomic_req}}'}]
2026-06-26 12:27:09,296 INFO utils.complier: analyse  formula:[]
2026-06-26 12:27:09,296 INFO utils.complier: analyse  formula:[]
2026-06-26 12:27:09,296 INFO utils.complier: analyse  formula:[]
2026-06-26 12:27:09,296 INFO utils.complier: analyse  formula:[{'type': 'PRE_VAR', 'value': '@l2c_hit_rate'}]
2026-06-26 12:27:09,296 INFO utils.complier: analyse  formula:[]
2026-06-26 12:27:09,296 INFO utils.complier: analyse  formula:[{'type': 'VARIABLE', 'value': '{{ISU.AP_PERF_INSTS_GVM_ATOMIC}}'}, {'type': 'VARIABLE', 'value': '{{ISU.AP_PERF_INST_BSM_ATOMIC}}'}]
2026-06-26 12:27:09,296 INFO utils.complier: analyse  formula:[]
2026-06-26 12:27:09,296 INFO utils.complier: analyse  formula:[]
2026-06-26 12:27:09,296 INFO utils.complier: analyse  formula:[{'type': 'VARIABLE', 'value': '{{L2C.perf_dnoc_rdreq}}'}]
2026-06-26 12:27:09,296 INFO utils.complier: analyse  formula:[]
2026-06-26 12:27:09,296 INFO utils.complier: analyse  formula:[]
2026-06-26 12:27:09,296 INFO utils.complier: analyse  formula:[{'type': 'VARIABLE', 'value': '{{L2C.perf_dnoc_wrreq}}'}]
2026-06-26 12:27:09,297 INFO utils.complier: analyse  formula:[]
2026-06-26 12:27:09,297 INFO utils.complier: analyse  formula:[]
2026-06-26 12:27:09,297 INFO utils.complier: analyse  formula:[{'type': 'VARIABLE', 'value': '{{L2C.perf_dnoc_rdreq_32B}}'}, {'type': 'VARIABLE', 'value': '{{L2C.perf_dnoc_rdreq_64B}}'}, {'type': 'VARIABLE', 'value': '{{L2C.perf_dnoc_rdreq_128B}}'}]
2026-06-26 12:27:09,297 INFO utils.complier: analyse  formula:[]
2026-06-26 12:27:09,297 INFO utils.complier: analyse  formula:[]
2026-06-26 12:27:09,297 INFO utils.complier: analyse  formula:[{'type': 'VARIABLE', 'value': '{{L2C.perf_dnoc_wrreq_32B_low}}'}, {'type': 'VARIABLE', 'value': '{{L2C.perf_dnoc_wrreq_32B_high}}'}, {'type': 'VARIABLE', 'value': '{{L2C.perf_dnoc_wrreq_64B}}'}, {'type': 'VARIABLE', 'value': '{{L2C.perf_dnoc_wrreq_128B}}'}]
2026-06-26 12:27:09,297 INFO utils.complier: analyse  formula:[]
2026-06-26 12:27:09,297 INFO utils.complier: analyse  formula:[]
2026-06-26 12:27:09,301 INFO utils.complier: analyse  formula:[]
2026-06-26 12:27:09,304 INFO utils.complier: analyse  formula:[{'type': 'PRE_VAR', 'value': '@vl1_hit_rate'}, {'type': 'PRE_VAR', 'value': '@l2c_hit_rate'}, {'type': 'PRE_VAR', 'value': '@sl1_hit_rate'}, {'type': 'PRE_VAR', 'value': '@global_insts_rd'}, {'type': 'PRE_VAR', 'value': '@global_insts_wr'}, {'type': 'PRE_VAR', 'value': '@private_insts_rd'}, {'type': 'PRE_VAR', 'value': '@private_insts_wr'}, {'type': 'PRE_VAR', 'value': '@generic_insts_rd'}, {'type': 'PRE_VAR', 'value': '@generic_insts_wr'}, {'type': 'PRE_VAR', 'value': '@ldu_insts_rd'}, {'type': 'PRE_VAR', 'value': '@bsm_insts_rd'}, {'type': 'PRE_VAR', 'value': '@bsm_insts_wr'}, {'type': 'PRE_VAR', 'value': '@vl1_insts_rd'}, {'type': 'PRE_VAR', 'value': '@vl1_insts_wr'}, {'type': 'PRE_VAR', 'value': '@sl1_rd'}, {'type': 'PRE_VAR', 'value': '@sl1_l2c_rd'}, {'type': 'PRE_VAR', 'value': '@l2c_insts_rd'}, {'type': 'PRE_VAR', 'value': '@l2c_insts_wr'}]
2026-06-26 12:27:09,307 INFO utils.complier: analyse  formula:[]
2026-06-26 12:27:09,307 INFO utils.complier: analyse  formula:[{'type': 'VARIABLE', 'value': '{{L2C.perf_dnoc_rdreq_inflight_level}}'}, {'type': 'VARIABLE', 'value': '{{L2C.perf_dnoc_rdreq}}'}]
2026-06-26 12:27:09,307 INFO utils.complier: analyse  formula:[]
2026-06-26 12:27:09,308 INFO utils.complier: analyse  formula:[]
2026-06-26 12:27:09,308 INFO utils.complier: analyse  formula:[{'type': 'VARIABLE', 'value': '{{L2C.perf_dnoc_rd_histogram_0_255}}'}, {'type': 'VARIABLE', 'value': '{{L2C.perf_dnoc_rd_histogram_256_511}}'}, {'type': 'VARIABLE', 'value': '{{L2C.perf_dnoc_rd_histogram_512_1K}}'}, {'type': 'VARIABLE', 'value': '{{L2C.perf_dnoc_rd_histogram_1K_2K}}'}, {'type': 'VARIABLE', 'value': '{{L2C.perf_dnoc_rd_histogram_2K_INF}}'}]
2026-06-26 12:27:09,308 INFO utils.complier: analyse  formula:[]
2026-06-26 12:27:09,309 INFO utils.complier: analyse  formula:[]
2026-06-26 12:27:09,309 INFO utils.complier: analyse  formula:[{'type': 'VARIABLE', 'value': '{{VL1.p_stall_due_oldest_pt0}}'}, {'type': 'VARIABLE', 'value': '{{VL1.p_stall_due_oldest_pt1}}'}, {'type': 'VARIABLE', 'value': '{{VL1.p_stall_due_oldest_pt2}}'}, {'type': 'VARIABLE', 'value': '{{VL1.p_stall_due_oldest_pt3}}'}]
2026-06-26 12:27:09,309 INFO utils.complier: analyse  formula:[]
2026-06-26 12:27:09,310 INFO utils.complier: analyse  formula:[]
2026-06-26 12:27:09,310 INFO utils.complier: analyse  formula:[{'type': 'VARIABLE', 'value': '{{ISU.AP_PERF_INST_BSM_RD}}'}]
2026-06-26 12:27:09,310 INFO utils.complier: analyse  formula:[]
2026-06-26 12:27:09,310 INFO utils.complier: analyse  formula:[]
2026-06-26 12:27:09,310 INFO utils.complier: analyse  formula:[{'type': 'VARIABLE', 'value': '{{ISU.AP_PERF_INST_BSM_WR}}'}]
2026-06-26 12:27:09,310 INFO utils.complier: analyse  formula:[]
2026-06-26 12:27:09,310 INFO utils.complier: analyse  formula:[]
2026-06-26 12:27:09,310 INFO utils.complier: analyse  formula:[{'type': 'VARIABLE', 'value': '{{ISU.AP_PERF_INST_BSM_ATOMIC}}'}]
2026-06-26 12:27:09,310 INFO utils.complier: analyse  formula:[]
2026-06-26 12:27:09,310 INFO utils.complier: analyse  formula:[]
2026-06-26 12:27:09,310 INFO utils.complier: analyse  formula:[{'type': 'VARIABLE', 'value': '{{ISU.AP_PERF_INSTS_BSM}}'}]
2026-06-26 12:27:09,310 INFO utils.complier: analyse  formula:[]
2026-06-26 12:27:09,310 INFO utils.complier: analyse  formula:[]
2026-06-26 12:27:09,311 INFO utils.complier: analyse  formula:[{'type': 'VARIABLE', 'value': '{{ISU.AP_PERF_BSM_READ_INFLIGHT_LEVEL}}'}, {'type': 'VARIABLE', 'value': '{{ISU.AP_PERF_INST_BSM_RD}}'}, {'type': 'VARIABLE', 'value': '{{ISU.AP_PERF_INST_BSM_RD}}'}]
2026-06-26 12:27:09,311 INFO utils.complier: analyse  formula:[]
2026-06-26 12:27:09,311 INFO utils.complier: analyse  formula:[]
2026-06-26 12:27:09,311 INFO utils.complier: analyse  formula:[{'type': 'VARIABLE', 'value': '{{ISU.AP_PERF_BSM_WR_INFLIGHT_LEVEL}}'}, {'type': 'VARIABLE', 'value': '{{ISU.AP_PERF_INST_BSM_WR}}'}, {'type': 'VARIABLE', 'value': '{{ISU.AP_PERF_INST_BSM_WR}}'}]
2026-06-26 12:27:09,311 INFO utils.complier: analyse  formula:[]
2026-06-26 12:27:09,311 INFO utils.complier: analyse  formula:[]
2026-06-26 12:27:09,311 INFO utils.complier: analyse  formula:[{'type': 'VARIABLE', 'value': '{{ISU.AP_PERF_BSM_ATOMIC_INFLIGHT_LEVEL}}'}, {'type': 'VARIABLE', 'value': '{{ISU.AP_PERF_INST_BSM_ATOMIC}}'}, {'type': 'VARIABLE', 'value': '{{ISU.AP_PERF_INST_BSM_ATOMIC}}'}]
2026-06-26 12:27:09,312 INFO utils.complier: analyse  formula:[]
2026-06-26 12:27:09,312 INFO utils.complier: analyse  formula:[]
2026-06-26 12:27:09,312 INFO utils.complier: analyse  formula:[{'type': 'VARIABLE', 'value': '{{ISU.AP_PERF_BSM_INFLIGHT_LEVEL_IN_AP}}'}, {'type': 'VARIABLE', 'value': '{{ISU.AP_PERF_BSM_INFLIGHT_LEVEL}}'}, {'type': 'VARIABLE', 'value': '{{ISU.AP_PERF_INSTS_BSM}}'}, {'type': 'VARIABLE', 'value': '{{ISU.AP_PERF_INSTS_BSM}}'}]
2026-06-26 12:27:09,312 INFO utils.complier: analyse  formula:[]
2026-06-26 12:27:09,312 INFO utils.complier: analyse  formula:[]
2026-06-26 12:27:09,312 INFO utils.complier: analyse  formula:[{'type': 'VARIABLE', 'value': '{{ISU.AP_PERF_BSM_RD_CYCLES}}'}, {'type': 'VARIABLE', 'value': '{{ISU.AP_PERF_INST_BSM_RD}}'}, {'type': 'VARIABLE', 'value': '{{ISU.AP_PERF_INST_BSM_RD}}'}]
2026-06-26 12:27:09,312 INFO utils.complier: analyse  formula:[]
2026-06-26 12:27:09,313 INFO utils.complier: analyse  formula:[]
2026-06-26 12:27:09,313 INFO utils.complier: analyse  formula:[{'type': 'VARIABLE', 'value': '{{ISU.AP_PERF_BSM_WR_CYCLES}}'}, {'type': 'VARIABLE', 'value': '{{ISU.AP_PERF_INST_BSM_WR}}'}, {'type': 'VARIABLE', 'value': '{{ISU.AP_PERF_INST_BSM_WR}}'}]
2026-06-26 12:27:09,313 INFO utils.complier: analyse  formula:[]
2026-06-26 12:27:09,313 INFO utils.complier: analyse  formula:[]
2026-06-26 12:27:09,313 INFO utils.complier: analyse  formula:[{'type': 'VARIABLE', 'value': '{{ISU.AP_PERF_BSM_ATOMIC_CYCLES}}'}, {'type': 'VARIABLE', 'value': '{{ISU.AP_PERF_INST_BSM_ATOMIC}}'}, {'type': 'VARIABLE', 'value': '{{ISU.AP_PERF_INST_BSM_ATOMIC}}'}]
2026-06-26 12:27:09,313 INFO utils.complier: analyse  formula:[]
2026-06-26 12:27:09,313 INFO utils.complier: analyse  formula:[]
2026-06-26 12:27:09,314 INFO utils.complier: analyse  formula:[{'type': 'VARIABLE', 'value': '{{ISU.AP_PERF_BSM_CONFLICT_CYCLES}}'}, {'type': 'VARIABLE', 'value': '{{ISU.AP_PERF_INSTS_BSM}}'}, {'type': 'VARIABLE', 'value': '{{ISU.AP_PERF_INSTS_BSM}}'}]
2026-06-26 12:27:09,314 INFO utils.complier: analyse  formula:[]
2026-06-26 12:27:09,314 INFO utils.complier: analyse  formula:[]
2026-06-26 12:27:09,314 INFO utils.complier: analyse  formula:[{'type': 'VARIABLE', 'value': '{{ISU.AP_PERF_BSM_RD_CYCLES}}'}, {'type': 'VARIABLE', 'value': '{{ISU.AP_PERF_BSM_WR_CYCLES}}'}, {'type': 'VARIABLE', 'value': '{{ISU.AP_PERF_BSM_ATOMIC_CYCLES}}'}, {'type': 'VARIABLE', 'value': '{{ISU.AP_PERF_INSTS_BSM}}'}, {'type': 'VARIABLE', 'value': '{{ISU.AP_PERF_INSTS_BSM}}'}]
2026-06-26 12:27:09,314 INFO utils.complier: analyse  formula:[]
2026-06-26 12:27:09,314 INFO utils.complier: analyse  formula:[]
2026-06-26 12:27:09,315 INFO utils.complier: analyse  formula:[{'type': 'VARIABLE', 'value': '{{ISU.AP_PERF_BSM_RD_CYCLES}}'}, {'type': 'VARIABLE', 'value': '{{ISU.AP_PERF_BSM_WR_CYCLES}}'}, {'type': 'VARIABLE', 'value': '{{ISU.AP_PERF_BSM_ATOMIC_CYCLES}}'}, {'type': 'VARIABLE', 'value': '{{ISU.AP_PERF_BSM_CONFLICT_CYCLES}}'}]
2026-06-26 12:27:09,315 INFO utils.complier: analyse  formula:[]
2026-06-26 12:27:09,315 INFO utils.complier: analyse  formula:[]
2026-06-26 12:27:09,315 INFO utils.complier: analyse  formula:[{'type': 'VARIABLE', 'value': '{{ISU.AP_PERF_WAVES}}'}]
2026-06-26 12:27:09,316 INFO utils.complier: analyse  formula:[]
2026-06-26 12:27:09,316 INFO utils.complier: analyse  formula:[]
2026-06-26 12:27:09,316 INFO utils.complier: analyse  formula:[{'type': 'VARIABLE', 'value': '{{RM.RM_PERF_DISPATCHED_WAVES_P0}}'}, {'type': 'VARIABLE', 'value': '{{RM.RM_PERF_DISPATCHED_WAVES_P1}}'}, {'type': 'VARIABLE', 'value': '{{RM.RM_PERF_DISPATCHED_WAVES_P2}}'}, {'type': 'VARIABLE', 'value': '{{RM.RM_PERF_DISPATCHED_WAVES_P3}}'}]
2026-06-26 12:27:09,316 INFO utils.complier: analyse  formula:[]
2026-06-26 12:27:09,316 INFO utils.complier: analyse  formula:[]
2026-06-26 12:27:09,316 INFO utils.complier: analyse  formula:[{'type': 'VARIABLE', 'value': '{{ISU.AP_PERF_ISU_AP_BUSY}}'}]
2026-06-26 12:27:09,316 INFO utils.complier: analyse  formula:[]
2026-06-26 12:27:09,316 INFO utils.complier: analyse  formula:[]
2026-06-26 12:27:09,316 INFO utils.complier: analyse  formula:[{'type': 'VARIABLE', 'value': '{{ISU.AP_PERF_INST_TRANS_FP16}}'}, {'type': 'VARIABLE', 'value': '{{ISU.AP_PERF_INST_TRANS_FP32}}'}, {'type': 'VARIABLE', 'value': '{{ISU.AP_PERF_MTE_PI_SEG_SEL_F64}}'}, {'type': 'VARIABLE', 'value': '{{ISU.AP_PERF_INST_CYCLES_VALU_4CYCLES}}'}, {'type': 'VARIABLE', 'value': '{{ISU.AP_PERF_ISU_AP_BUSY}}'}]
2026-06-26 12:27:09,317 INFO utils.complier: analyse  formula:[]
2026-06-26 12:27:09,317 INFO utils.complier: analyse  formula:[]
2026-06-26 12:27:09,317 INFO utils.complier: analyse  formula:[{'type': 'VARIABLE', 'value': '{{ISU.AP_PERF_INSTS_SALU}}'}, {'type': 'VARIABLE', 'value': '{{ISU.AP_PERF_ISU_AP_BUSY}}'}]
2026-06-26 12:27:09,317 INFO utils.complier: analyse  formula:[]
2026-06-26 12:27:09,317 INFO utils.complier: analyse  formula:[]
2026-06-26 12:27:09,317 INFO utils.complier: analyse  formula:[{'type': 'VARIABLE', 'value': '{{ISU.AP_PERF_INST_CYCLES_MMA}}'}, {'type': 'VARIABLE', 'value': '{{ISU.AP_PERF_ISU_AP_BUSY}}'}]
2026-06-26 12:27:09,317 INFO utils.complier: analyse  formula:[]
2026-06-26 12:27:09,317 INFO utils.complier: analyse  formula:[]
2026-06-26 12:27:09,318 INFO utils.complier: analyse  formula:[{'type': 'VARIABLE', 'value': '{{VLS.PERFEVENT_VLS_ACTIVE}}'}, {'type': 'VARIABLE', 'value': '{{ISU.AP_PERF_ISU_AP_BUSY}}'}]
2026-06-26 12:27:09,318 INFO utils.complier: analyse  formula:[]
2026-06-26 12:27:09,318 INFO utils.complier: analyse  formula:[]
2026-06-26 12:27:09,318 INFO utils.complier: analyse  formula:[{'type': 'VARIABLE', 'value': '{{L2C.perf_req}}'}, {'type': 'VARIABLE', 'value': '{{L2C.1_b1}}'}]
2026-06-26 12:27:09,318 INFO utils.complier: analyse  formula:[]
2026-06-26 12:27:09,318 INFO utils.complier: analyse  formula:[]
2026-06-26 12:27:09,318 INFO utils.complier: analyse  formula:[{'type': 'VARIABLE', 'value': '{{ISU.AP_PERF_ISU_AP_BUSY}}'}]
2026-06-26 12:27:09,318 INFO utils.complier: analyse  formula:[{'type': 'PRE_VAR', 'value': '@total_instruction_num'}]
2026-06-26 12:27:09,318 INFO utils.complier: analyse  formula:[]
2026-06-26 12:27:09,319 INFO utils.complier: analyse  formula:[{'type': 'VARIABLE_DICT', 'value': '{{{ISU.AP_PERF_INSTS_VALU}}}'}, {'type': 'VARIABLE', 'value': '{{ISU.AP_PERF_ISU_AP_BUSY}}'}]
2026-06-26 12:27:09,319 INFO utils.complier: analyse  formula:[{'type': 'PRE_VAR', 'value': '@total_instruction_num'}]
2026-06-26 12:27:09,319 INFO utils.complier: analyse  formula:[]
2026-06-26 12:27:09,319 INFO utils.complier: analyse  formula:[{'type': 'VARIABLE_DICT', 'value': '{{{ISU.AP_PERF_INSTS_VALU}}}'}, {'type': 'VARIABLE', 'value': '{{ISU.AP_PERF_ISU_AP_BUSY}}'}]
2026-06-26 12:27:09,320 INFO utils.complier: analyse  formula:[{'type': 'PRE_VAR', 'value': '@total_instruction_num'}]
2026-06-26 12:27:09,320 INFO utils.complier: analyse  formula:[]
2026-06-26 12:27:09,320 INFO utils.complier: analyse  formula:[{'type': 'VARIABLE', 'value': '{{ISU.AP_PERF_INSTS_VALU}}'}, {'type': 'VARIABLE', 'value': '{{ISU.AP_PERF_INSTS_MMA}}'}, {'type': 'VARIABLE', 'value': '{{ISU.AP_PERF_INSTS_SALU}}'}, {'type': 'VARIABLE', 'value': '{{ISU.AP_PERF_INSTS_GVM}}'}, {'type': 'VARIABLE', 'value': '{{ISU.AP_PERF_INSTS_BSM}}'}, {'type': 'VARIABLE', 'value': '{{ISU.AP_PERF_INSTS_LDU}}'}, {'type': 'VARIABLE', 'value': '{{ISU.AP_PERF_INST_MISC}}'}, {'type': 'VARIABLE', 'value': '{{ISU.AP_PERF_ISU_AP_BUSY}}'}]
2026-06-26 12:27:09,320 INFO utils.complier: analyse  formula:[]
2026-06-26 12:27:09,321 INFO utils.complier: analyse  formula:[]
2026-06-26 12:27:09,321 INFO utils.complier: analyse  formula:[{'type': 'VARIABLE_DICT', 'value': '{{{ISU.AP_PERF_INSTS_VALU}}}'}, {'type': 'VARIABLE', 'value': '{{ISU.AP_PERF_INSTS_VALU}}'}, {'type': 'VARIABLE', 'value': '{{ISU.AP_PERF_INSTS_MMA}}'}, {'type': 'VARIABLE', 'value': '{{ISU.AP_PERF_INSTS_SALU}}'}, {'type': 'VARIABLE', 'value': '{{ISU.AP_PERF_INSTS_GVM}}'}, {'type': 'VARIABLE', 'value': '{{ISU.AP_PERF_INSTS_BSM}}'}, {'type': 'VARIABLE', 'value': '{{ISU.AP_PERF_INSTS_LDU}}'}, {'type': 'VARIABLE', 'value': '{{ISU.AP_PERF_INST_MISC}}'}, {'type': 'VARIABLE', 'value': '{{ISU.AP_PERF_ISU_AP_BUSY}}'}]
2026-06-26 12:27:09,321 INFO utils.complier: analyse  formula:[]
2026-06-26 12:27:09,322 INFO utils.complier: analyse  formula:[]
2026-06-26 12:27:09,324 INFO utils.complier: analyse  formula:[{'type': 'VARIABLE', 'value': '{{ISU.AP_PERF_INSTS_VALU}}'}, {'type': 'VARIABLE', 'value': '{{ISU.AP_PERF_INST_FMA_F32}}'}, {'type': 'VARIABLE', 'value': '{{ISU.AP_PERF_INST_FMA_F64}}'}, {'type': 'VARIABLE', 'value': '{{ISU.AP_PERF_INST_TRANS_FP16}}'}, {'type': 'VARIABLE', 'value': '{{ISU.AP_PERF_INST_TRANS_FP32}}'}, {'type': 'VARIABLE', 'value': '{{ISU.AP_PERF_MTE_PI_SEG_SEL_F64}}'}, {'type': 'VARIABLE', 'value': '{{ISU.AP_PERF_MTE_PI_SEG_SEL_F64}}'}, {'type': 'VARIABLE', 'value': '{{ISU.AP_PERF_INST_FMA_F32}}'}, {'type': 'VARIABLE', 'value': '{{ISU.AP_PERF_INST_FMA_F64}}'}, {'type': 'VARIABLE', 'value': '{{ISU.AP_PERF_INST_TRANS_FP16}}'}, {'type': 'VARIABLE', 'value': '{{ISU.AP_PERF_INST_TRANS_FP32}}'}, {'type': 'VARIABLE', 'value': '{{ISU.AP_PERF_INST_MMA_INT8}}'}, {'type': 'VARIABLE', 'value': '{{ISU.AP_PERF_INST_MMA_FP16}}'}, {'type': 'VARIABLE', 'value': '{{ISU.AP_PERF_INST_MMA_BF16}}'}, {'type': 'VARIABLE', 'value': '{{ISU.AP_PERF_INST_MMA_TF32}}'}, {'type': 'VARIABLE', 'value': '{{ISU.AP_PERF_INST_MMA_F32}}'}, {'type': 'VARIABLE', 'value': '{{ISU.AP_PERF_INST_MMA_F64}}'}, {'type': 'VARIABLE', 'value': '{{ISU.AP_PERF_INST_MMA_TF64}}'}, {'type': 'VARIABLE', 'value': '{{L2C.perf_dnoc_rdreq_32B}}'}, {'type': 'VARIABLE', 'value': '{{L2C.perf_dnoc_rdreq_64B}}'}, {'type': 'VARIABLE', 'value': '{{L2C.perf_dnoc_rdreq_128B}}'}, {'type': 'VARIABLE', 'value': '{{L2C.perf_dnoc_wrreq_32B_low}}'}, {'type': 'VARIABLE', 'value': '{{L2C.perf_dnoc_wrreq_32B_high}}'}, {'type': 'VARIABLE', 'value': '{{L2C.perf_dnoc_wrreq_64B}}'}, {'type': 'VARIABLE', 'value': '{{L2C.perf_dnoc_wrreq_128B}}'}, {'type': 'VARIABLE', 'value': '{{VL1.p_perf_thread_req_cnt}}'}, {'type': 'VARIABLE', 'value': '{{VL1.perf_inflt_rd_req}}'}, {'type': 'VARIABLE', 'value': '{{ISU.AP_PERF_ISU_AP_BUSY}}'}, {'type': 'VARIABLE_DICT', 'value': '{{{ISU.AP_PERF_ISU_AP_BUSY}}}'}]
2026-06-26 12:27:09,327 INFO utils.complier: analyse  formula:[]
2026-06-26 12:27:09,329 INFO utils.complier: analyse  formula:[]
2026-06-26 12:27:09,330 INFO utils.complier: analyse  formula:[{'type': 'VARIABLE', 'value': '{{ISU.AP_PERF_INSTS_VALU}}'}, {'type': 'VARIABLE', 'value': '{{ISU.AP_PERF_INSTS_MMA}}'}, {'type': 'VARIABLE', 'value': '{{ISU.AP_PERF_INSTS_SALU}}'}, {'type': 'VARIABLE', 'value': '{{ISU.AP_PERF_INST_MISC}}'}]
2026-06-26 12:27:09,330 INFO utils.complier: analyse  formula:[]
2026-06-26 12:27:09,330 INFO utils.complier: analyse  formula:[{'type': 'VARIABLE', 'value': '{{ISU.AP_PERF_INSTS_GVM}}'}, {'type': 'VARIABLE', 'value': '{{ISU.AP_PERF_INSTS_BSM}}'}, {'type': 'VARIABLE', 'value': '{{ISU.AP_PERF_INSTS_LDU}}'}]
2026-06-26 12:27:09,330 INFO utils.complier: analyse  formula:[]
2026-06-26 12:27:09,330 INFO utils.complier: analyse  formula:[{'type': 'VARIABLE', 'value': '{{ISU.AP_PERF_INST_GLOBAL_RD}}'}]
2026-06-26 12:27:09,330 INFO utils.complier: analyse  formula:[]
2026-06-26 12:27:09,330 INFO utils.complier: analyse  formula:[{'type': 'VARIABLE', 'value': '{{ISU.AP_PERF_INST_GLOBAL_WR}}'}]
2026-06-26 12:27:09,330 INFO utils.complier: analyse  formula:[]
2026-06-26 12:27:09,330 INFO utils.complier: analyse  formula:[{'type': 'VARIABLE', 'value': '{{ISU.AP_PERF_INST_PRIVATE_RD}}'}]
2026-06-26 12:27:09,330 INFO utils.complier: analyse  formula:[]
2026-06-26 12:27:09,330 INFO utils.complier: analyse  formula:[{'type': 'VARIABLE', 'value': '{{ISU.AP_PERF_INST_PRIVATE_WR}}'}]
2026-06-26 12:27:09,330 INFO utils.complier: analyse  formula:[]
2026-06-26 12:27:09,330 INFO utils.complier: analyse  formula:[{'type': 'VARIABLE', 'value': '{{ISU.AP_PERF_INST_GENERIC_RD}}'}]
2026-06-26 12:27:09,330 INFO utils.complier: analyse  formula:[]
2026-06-26 12:27:09,330 INFO utils.complier: analyse  formula:[{'type': 'VARIABLE', 'value': '{{ISU.AP_PERF_INST_GENERIC_WR}}'}]
2026-06-26 12:27:09,330 INFO utils.complier: analyse  formula:[]
2026-06-26 12:27:09,331 INFO utils.complier: analyse  formula:[{'type': 'VARIABLE', 'value': '{{ISU.AP_PERF_INSTS_LDU}}'}]
2026-06-26 12:27:09,331 INFO utils.complier: analyse  formula:[]
2026-06-26 12:27:09,331 INFO utils.complier: analyse  formula:[{'type': 'VARIABLE', 'value': '{{ISU.AP_PERF_INST_BSM_RD}}'}]
2026-06-26 12:27:09,331 INFO utils.complier: analyse  formula:[]
2026-06-26 12:27:09,331 INFO utils.complier: analyse  formula:[{'type': 'VARIABLE', 'value': '{{ISU.AP_PERF_INST_BSM_WR}}'}]
2026-06-26 12:27:09,331 INFO utils.complier: analyse  formula:[]
2026-06-26 12:27:09,331 INFO utils.complier: analyse  formula:[{'type': 'VARIABLE', 'value': '{{VL1.p_total_read_instruction_event}}'}]
2026-06-26 12:27:09,331 INFO utils.complier: analyse  formula:[]
2026-06-26 12:27:09,331 INFO utils.complier: analyse  formula:[{'type': 'VARIABLE', 'value': '{{VL1.p_total_write_instruction_event}}'}]
2026-06-26 12:27:09,331 INFO utils.complier: analyse  formula:[]
2026-06-26 12:27:09,331 INFO utils.complier: analyse  formula:[{'type': 'VARIABLE', 'value': '{{VL1.p_perf_thread_req_cnt}}'}, {'type': 'VARIABLE', 'value': '{{VL1.p_perf_miss_cnt}}'}, {'type': 'VARIABLE', 'value': '{{VL1.p_perf_thread_req_cnt}}'}]
2026-06-26 12:27:09,331 INFO utils.complier: analyse  formula:[]
2026-06-26 12:27:09,331 INFO utils.complier: analyse  formula:[{'type': 'VARIABLE', 'value': '{{L2C.perf_rd_req}}'}]
2026-06-26 12:27:09,332 INFO utils.complier: analyse  formula:[]
2026-06-26 12:27:09,332 INFO utils.complier: analyse  formula:[{'type': 'VARIABLE', 'value': '{{L2C.perf_wr_req}}'}]
2026-06-26 12:27:09,332 INFO utils.complier: analyse  formula:[]
2026-06-26 12:27:09,332 INFO utils.complier: analyse  formula:[{'type': 'VARIABLE', 'value': '{{L2C.perf_hit}}'}, {'type': 'VARIABLE', 'value': '{{L2C.perf_sector_hit}}'}, {'type': 'VARIABLE', 'value': '{{L2C.perf_miss}}'}]
2026-06-26 12:27:09,332 INFO utils.complier: analyse  formula:[]
2026-06-26 12:27:09,332 INFO utils.complier: analyse  formula:[{'type': 'VARIABLE', 'value': '{{SL1.sl1_kcache_total_hit_event}}'}, {'type': 'VARIABLE', 'value': '{{SL1.sl1_kcache_total_hit_on_miss_event}}'}, {'type': 'VARIABLE', 'value': '{{SL1.sl1_kcache_total_miss_event}}'}]
2026-06-26 12:27:09,332 INFO utils.complier: analyse  formula:[]
2026-06-26 12:27:09,332 INFO utils.complier: analyse  formula:[{'type': 'VARIABLE', 'value': '{{SL1.sl1_kcache_rd}}'}]
2026-06-26 12:27:09,332 INFO utils.complier: analyse  formula:[]
2026-06-26 12:27:09,332 INFO utils.complier: analyse  formula:[{'type': 'VARIABLE', 'value': '{{SL1.sl1_kcache_l2_rd}}'}]
2026-06-26 12:27:09,333 INFO utils.complier: analyse  formula:[]
2026-06-26 12:27:09,333 INFO utils.complier: analyse  formula:[{'type': 'VARIABLE', 'value': '{{ISU.AP_PERF_INSTS_VALU}}'}, {'type': 'VARIABLE', 'value': '{{ISU.AP_PERF_INSTS_MMA}}'}, {'type': 'VARIABLE', 'value': '{{ISU.AP_PERF_INSTS_SALU}}'}, {'type': 'VARIABLE', 'value': '{{ISU.AP_PERF_INSTS_GVM}}'}, {'type': 'VARIABLE', 'value': '{{ISU.AP_PERF_INSTS_BSM}}'}, {'type': 'VARIABLE', 'value': '{{ISU.AP_PERF_INSTS_LDU}}'}, {'type': 'VARIABLE', 'value': '{{ISU.AP_PERF_INST_MISC}}'}]
2026-06-26 12:27:09,333 INFO utils.complier: analyse  formula:[]
2026-06-26 12:27:09,333 INFO common.api_common: f_var:ISU.AP_PERF_BSM_READ_INFLIGHT_LEVEL
2026-06-26 12:27:09,333 INFO common.api_common: f_var:ISU.AP_PERF_INST_CYCLES_MMA_16CYCLES
2026-06-26 12:27:09,333 INFO common.api_common: f_var:L2C.perf_dnoc_rdreq_64B
2026-06-26 12:27:09,333 INFO common.api_common: f_var:VL1.perf_inflt_rd_req
2026-06-26 12:27:09,333 INFO common.api_common: f_var:ISU.AP_PERF_INST_TRANS_FP16
2026-06-26 12:27:09,333 INFO common.api_common: f_var:ISU.AP_PERF_INST_MMA_BF16
2026-06-26 12:27:09,333 INFO common.api_common: f_var:ISU.AP_PERF_BSM_WR_CYCLES
2026-06-26 12:27:09,333 INFO common.api_common: f_var:VL1.p_total_read_instruction_event
2026-06-26 12:27:09,333 INFO common.api_common: f_var:L2C.perf_miss
2026-06-26 12:27:09,333 INFO common.api_common: f_var:ISU.AP_PERF_INST_MMA_TF64
2026-06-26 12:27:09,333 INFO common.api_common: f_var:L2C.perf_dnoc_wrreq_128B
2026-06-26 12:27:09,333 INFO common.api_common: f_var:ISU.AP_PERF_INST_CYCLES_VALU
2026-06-26 12:27:09,333 INFO common.api_common: f_var:ISU.AP_PERF_INST_BSM_ATOMIC
2026-06-26 12:27:09,333 INFO common.api_common: f_var:L2C.perf_dnoc_wrreq
2026-06-26 12:27:09,333 INFO common.api_common: f_var:ISU.AP_PERF_INST_CYCLES_MMA
2026-06-26 12:27:09,333 INFO common.api_common: f_var:ISU.AP_PERF_INST_GLOBAL_ATOMIC_64
2026-06-26 12:27:09,333 INFO common.api_common: f_var:ISU.AP_PERF_INST_BSM_RD
2026-06-26 12:27:09,333 INFO common.api_common: f_var:ISU.AP_PERF_INST_GENERIC_WR
2026-06-26 12:27:09,333 INFO common.api_common: f_var:ISU.AP_PERF_ISU_AP_BUSY
2026-06-26 12:27:09,333 INFO common.api_common: f_var:ISU.AP_PERF_BSM_CONFLICT_CYCLES
2026-06-26 12:27:09,333 INFO common.api_common: f_var:RM.RM_PERF_WAVES_InFlight_Level_P0
2026-06-26 12:27:09,333 INFO common.api_common: f_var:ISU.AP_PERF_INST_CYCLES_MMA_32CYCLES
2026-06-26 12:27:09,333 INFO common.api_common: f_var:ISU.AP_PERF_BSM_INFLIGHT_LEVEL_IN_AP
2026-06-26 12:27:09,333 INFO common.api_common: f_var:VL1.p_perf_thread_req_cnt
2026-06-26 12:27:09,333 INFO common.api_common: f_var:ISU.AP_PERF_INST_FMA_F64
2026-06-26 12:27:09,333 INFO common.api_common: f_var:ISU.AP_PERF_INST_CYCLES_VALU_4CYCLES
2026-06-26 12:27:09,333 INFO common.api_common: f_var:L2C.perf_atomic_req
2026-06-26 12:27:09,333 INFO common.api_common: f_var:ISU.AP_PERF_INST_MISC
2026-06-26 12:27:09,333 INFO common.api_common: f_var:ISU.AP_PERF_INSTS_GVM
2026-06-26 12:27:09,333 INFO common.api_common: f_var:VLS.PERFEVENT_VLS_ACTIVE
2026-06-26 12:27:09,333 INFO common.api_common: f_var:SL1.sl1_kcache_total_hit_event
2026-06-26 12:27:09,333 INFO common.api_common: f_var:ISU.AP_PERF_INSTS_GVM_ATOMIC
2026-06-26 12:27:09,333 INFO common.api_common: f_var:RM.RM_PERF_DISPATCHED_WAVES_P1
2026-06-26 12:27:09,333 INFO common.api_common: f_var:ISU.AP_PERF_INSTS_BSM
2026-06-26 12:27:09,334 INFO common.api_common: f_var:VL1.p_total_write_instruction_event
2026-06-26 12:27:09,334 INFO common.api_common: f_var:SL1.sl1_kcache_rd
2026-06-26 12:27:09,334 INFO common.api_common: f_var:ISU.AP_PERF_INST_MMA_F64
2026-06-26 12:27:09,334 INFO common.api_common: f_var:RM.RM_PERF_DISPATCHED_WAVES_P3
2026-06-26 12:27:09,334 INFO common.api_common: f_var:ISU.AP_PERF_INST_BSM_WR
2026-06-26 12:27:09,334 INFO common.api_common: f_var:SL1.sl1_kcache_total_miss_event
2026-06-26 12:27:09,334 INFO common.api_common: f_var:ISU.AP_PERF_INSTS_MMA
2026-06-26 12:27:09,334 INFO common.api_common: f_var:L2C.perf_wr_req
2026-06-26 12:27:09,334 INFO common.api_common: f_var:L2C.perf_dnoc_rd_histogram_0_255
2026-06-26 12:27:09,334 INFO common.api_common: f_var:L2C.perf_dnoc_rdreq
2026-06-26 12:27:09,334 INFO common.api_common: f_var:ISU.AP_PERF_WAVES
2026-06-26 12:27:09,334 INFO common.api_common: f_var:L2C.perf_dnoc_rdreq_inflight_level
2026-06-26 12:27:09,334 INFO common.api_common: f_var:ISU.AP_PERF_INST_MMA_F32
2026-06-26 12:27:09,334 INFO common.api_common: f_var:RM.RM_PERF_WAVES_InFlight_Level_P3
2026-06-26 12:27:09,334 INFO common.api_common: f_var:ISU.AP_PERF_INST_MMA_TF32
2026-06-26 12:27:09,334 INFO common.api_common: f_var:VL1.p_total_atomic_instruction_event
2026-06-26 12:27:09,334 INFO common.api_common: f_var:ISU.AP_PERF_INSTS_LDU
2026-06-26 12:27:09,334 INFO common.api_common: f_var:CE.CE_PERF_SEND_RM_WAVES
2026-06-26 12:27:09,334 INFO common.api_common: f_var:ISU.AP_PERF_ISU_ARB_DATA_STALL
2026-06-26 12:27:09,334 INFO common.api_common: f_var:ISU.AP_PERF_BSM_INFLIGHT_LEVEL
2026-06-26 12:27:09,334 INFO common.api_common: f_var:ISU.AP_PERF_MTE_PI_SEG_SEL_F64
2026-06-26 12:27:09,334 INFO common.api_common: f_var:ISU.AP_PERF_ISU_ARB_VALU_STALL
2026-06-26 12:27:09,334 INFO common.api_common: f_var:ISU.AP_PERF_INSTS_VALU
2026-06-26 12:27:09,334 INFO common.api_common: f_var:L2C.perf_dnoc_rd_histogram_512_1K
2026-06-26 12:27:09,334 INFO common.api_common: f_var:L2C.perf_dnoc_rdreq_32B
2026-06-26 12:27:09,334 INFO common.api_common: f_var:L2C.perf_sector_hit
2026-06-26 12:27:09,334 INFO common.api_common: f_var:L2C.perf_hit
2026-06-26 12:27:09,334 INFO common.api_common: f_var:ISU.AP_PERF_INST_FMA_F32
2026-06-26 12:27:09,334 INFO common.api_common: f_var:SL1.sl1_kcache_l2_rd
2026-06-26 12:27:09,334 INFO common.api_common: f_var:ISU.AP_PERF_INST_GLOBAL_WR
2026-06-26 12:27:09,334 INFO common.api_common: f_var:RM.RM_PERF_WAVES_InFlight_Level_P2
2026-06-26 12:27:09,334 INFO common.api_common: f_var:L2C.perf_dnoc_rd_histogram_256_511
2026-06-26 12:27:09,334 INFO common.api_common: f_var:CE.CE_PERF_SEND_RM_WORKGROUPS
2026-06-26 12:27:09,334 INFO common.api_common: f_var:L2C.perf_dnoc_wrreq_32B_low
2026-06-26 12:27:09,334 INFO common.api_common: f_var:RM.RM_PERF_DISPATCHED_WAVES_P0
2026-06-26 12:27:09,334 INFO common.api_common: f_var:ISU.AP_PERF_ISU_ARB_VLS_STALL
2026-06-26 12:27:09,334 INFO common.api_common: f_var:RM.RM_PERF_DISPATCHED_WAVES_P2
2026-06-26 12:27:09,334 INFO common.api_common: f_var:ISU.AP_PERF_INST_PRIVATE_RD
2026-06-26 12:27:09,334 INFO common.api_common: f_var:ISU.AP_PERF_INSTS_SALU
2026-06-26 12:27:09,334 INFO common.api_common: f_var:VL1.p_stall_due_oldest_pt3
2026-06-26 12:27:09,334 INFO common.api_common: f_var:ISU.AP_PERF_BSM_RD_CYCLES
2026-06-26 12:27:09,334 INFO common.api_common: f_var:L2C.perf_dnoc_rd_histogram_2K_INF
2026-06-26 12:27:09,334 INFO common.api_common: f_var:ISU.AP_PERF_BSM_WR_INFLIGHT_LEVEL
2026-06-26 12:27:09,334 INFO common.api_common: f_var:ISU.AP_PERF_BSM_ATOMIC_INFLIGHT_LEVEL
2026-06-26 12:27:09,334 INFO common.api_common: f_var:RM.RM_PERF_WAVES_InFlight_Level_P1
2026-06-26 12:27:09,334 INFO common.api_common: f_var:L2C.perf_dnoc_wrreq_64B
2026-06-26 12:27:09,334 INFO common.api_common: f_var:ISU.AP_PERF_INST_MMA_FP16
2026-06-26 12:27:09,334 INFO common.api_common: f_var:ISU.AP_PERF_INST_MMA_INT8
2026-06-26 12:27:09,334 INFO common.api_common: f_var:L2C.1_b1
2026-06-26 12:27:09,334 INFO common.api_common: f_var:L2C.perf_dnoc_rdreq_128B
2026-06-26 12:27:09,334 INFO common.api_common: f_var:ISU.AP_PERF_ISU_ARB_WSM_STALL
2026-06-26 12:27:09,334 INFO common.api_common: f_var:ISU.AP_PERF_INST_CYCLES_VALU_16CYCLES
2026-06-26 12:27:09,334 INFO common.api_common: f_var:ISU.AP_PERF_BSM_ATOMIC_CYCLES
2026-06-26 12:27:09,334 INFO common.api_common: f_var:VL1.p_stall_due_oldest_pt0
2026-06-26 12:27:09,334 INFO common.api_common: f_var:ISU.AP_PERF_INST_GLOBAL_ATOMIC
2026-06-26 12:27:09,334 INFO common.api_common: f_var:ISU.AP_PERF_INST_TRANS_FP32
2026-06-26 12:27:09,335 INFO common.api_common: f_var:L2C.perf_req
2026-06-26 12:27:09,335 INFO common.api_common: f_var:VL1.p_perf_miss_cnt
2026-06-26 12:27:09,335 INFO common.api_common: f_var:ISU.AP_PERF_INST_GLOBAL_RD
2026-06-26 12:27:09,335 INFO common.api_common: f_var:ISU.AP_PERF_INST_PRIVATE_WR
2026-06-26 12:27:09,335 INFO common.api_common: f_var:ISU.AP_PERF_INST_GENERIC_RD
2026-06-26 12:27:09,335 INFO common.api_common: f_var:L2C.perf_dnoc_rd_histogram_1K_2K
2026-06-26 12:27:09,335 INFO common.api_common: f_var:L2C.perf_dnoc_wrreq_32B_high
2026-06-26 12:27:09,335 INFO common.api_common: f_var:SL1.sl1_kcache_total_hit_on_miss_event
2026-06-26 12:27:09,335 INFO common.api_common: f_var:VL1.p_stall_due_oldest_pt2
2026-06-26 12:27:09,335 INFO common.api_common: f_var:VL1.p_stall_due_oldest_pt1
2026-06-26 12:27:09,335 INFO common.api_common: f_var:CE.CE_PERF_BUSY_CYCLES
2026-06-26 12:27:09,335 INFO common.api_common: f_var:L2C.perf_rd_req
2026-06-26 12:27:09,336 INFO tools.events_generator.batches_generator: output path is: /home/ailab/maca-vendor-workspace/maca_c_opt/workspace/apply_mix_run/profile-artifacts/apply_mix_v0_baseline/mcprofiler_raw_baseline
2026-06-26 12:27:09,336 INFO tools.events_generator.batches_generator: generate event_batch_1.json successfully!
2026-06-26 12:27:09,336 INFO tools.events_generator.batches_generator: generate event_batch_2.json successfully!
2026-06-26 12:27:09,337 INFO tools.events_generator.batches_generator: generate event_batch_3.json successfully!
2026-06-26 12:27:09,337 INFO tools.events_generator.batches_generator: generate event_batch_4.json successfully!
2026-06-26 12:27:09,337 INFO tools.events_generator.batches_generator: generate event_batch_5.json successfully!
2026-06-26 12:27:09,337 INFO tools.events_generator.batches_generator: generate event_batch_6.json successfully!
2026-06-26 12:27:09,337 INFO tools.events_generator.batches_generator: generate event_batch_7.json successfully!
2026-06-26 12:27:09,337 INFO tools.events_generator.batches_generator: generate event_batch_8.json successfully!
2026-06-26 12:27:09,338 INFO phttp.server_backend: generate batch files done
2026-06-26 12:27:09,338 INFO common.api_common: ret_code cmdline_str: rm -f /root/mcRpcPort.ini
2026-06-26 12:27:09,345 INFO common.api_common: ret_code cmdline_str: cp /home/ailab/maca-vendor-workspace/maca_c_opt/workspace/apply_mix_run/profile-artifacts/apply_mix_v0_baseline/mcprofiler_raw_baseline/event_batch_1.json /home/ailab/maca-vendor-workspace/maca_c_opt/workspace/apply_mix_run/profile-artifacts/apply_mix_v0_baseline/mcprofiler_raw_baseline/mcProfiler.json
2026-06-26 12:27:09,352 INFO common.api_common: ret_code cmdline_str: export MCTX_TARGET_INIT=true; export MACA_ETC_PATH=/home/ailab/maca-vendor-workspace/maca_c_opt/workspace/apply_mix_run/profile-artifacts/apply_mix_v0_baseline/mcprofiler_raw_baseline; export MXLOG_LEVEL=info; export MACA_PATH=/opt/maca/; export LD_LIBRARY_PATH=/opt/maca/lib/:${LD_LIBRARY_PATH}; ./test_maca 0 1 2
2026-06-26 12:27:09,352 INFO common.api_common: ret_code cmdline_str: cat /root/mcRpcPort.ini
2026-06-26 12:27:09,358 WARNING phttp.server_backend: get_srvrpc_port get rpc server ports failed: cannot retrieve rpc server port.
2026-06-26 12:27:09,558 INFO common.api_common: ret_code cmdline_str: cat /root/mcRpcPort.ini
2026-06-26 12:27:09,976 INFO common.api_common: ret_code cmdline_str: cat /root/mcRpcPort.ini
2026-06-26 12:27:09,979 INFO prpc_client.mctool_client: MctxStreamProfilerCountDataGet Start
2026-06-26 12:27:09,980 INFO prpc_client.mctool_client: MctxStreamProfilerCountDataGet Loop
2026-06-26 12:27:10,784 INFO common.api_common: ret_code cmdline_str: cat /root/mcRpcPort.ini
2026-06-26 12:27:12,393 INFO common.api_common: ret_code cmdline_str: cat /root/mcRpcPort.ini
2026-06-26 12:27:12,528 INFO prpc_client.mctool_client: MctxStreamProfilerCountDataGet Loop
2026-06-26 12:27:14,173 DEBUG urllib3.connectionpool: Starting new HTTP connection (1): 127.0.0.1:50123
2026-06-26 12:27:14,178 INFO werkzeug: 127.0.0.1 - - [26/Jun/2026 12:27:14] "GET /perf_progress?exec_id=b1d82612-d91e-46d8-9184-c22ad28a7e5e HTTP/1.1" 200 -
2026-06-26 12:27:14,179 DEBUG urllib3.connectionpool: http://127.0.0.1:50123 "GET /perf_progress?exec_id=b1d82612-d91e-46d8-9184-c22ad28a7e5e HTTP/1.1" 200 2488
2026-06-26 12:27:15,606 INFO common.api_common: ret_code cmdline_str: rm -f /root/mcRpcPort.ini
2026-06-26 12:27:15,614 INFO common.api_common: ret_code cmdline_str: cp /home/ailab/maca-vendor-workspace/maca_c_opt/workspace/apply_mix_run/profile-artifacts/apply_mix_v0_baseline/mcprofiler_raw_baseline/event_batch_2.json /home/ailab/maca-vendor-workspace/maca_c_opt/workspace/apply_mix_run/profile-artifacts/apply_mix_v0_baseline/mcprofiler_raw_baseline/mcProfiler.json
2026-06-26 12:27:15,621 INFO common.api_common: ret_code cmdline_str: export MCTX_TARGET_INIT=true; export MACA_ETC_PATH=/home/ailab/maca-vendor-workspace/maca_c_opt/workspace/apply_mix_run/profile-artifacts/apply_mix_v0_baseline/mcprofiler_raw_baseline; export MXLOG_LEVEL=info; export MACA_PATH=/opt/maca/; export LD_LIBRARY_PATH=/opt/maca/lib/:${LD_LIBRARY_PATH}; ./test_maca 0 1 2
2026-06-26 12:27:15,621 INFO common.api_common: ret_code cmdline_str: cat /root/mcRpcPort.ini
2026-06-26 12:27:15,628 WARNING phttp.server_backend: get_srvrpc_port get rpc server ports failed: cannot retrieve rpc server port.
2026-06-26 12:27:15,829 INFO common.api_common: ret_code cmdline_str: cat /root/mcRpcPort.ini
2026-06-26 12:27:16,239 INFO common.api_common: ret_code cmdline_str: cat /root/mcRpcPort.ini
2026-06-26 12:27:16,243 INFO prpc_client.mctool_client: MctxStreamProfilerCountDataGet Start
2026-06-26 12:27:16,243 INFO prpc_client.mctool_client: MctxStreamProfilerCountDataGet Loop
2026-06-26 12:27:17,048 INFO common.api_common: ret_code cmdline_str: cat /root/mcRpcPort.ini
2026-06-26 12:27:18,657 INFO common.api_common: ret_code cmdline_str: cat /root/mcRpcPort.ini
2026-06-26 12:27:18,780 INFO prpc_client.mctool_client: MctxStreamProfilerCountDataGet Loop
2026-06-26 12:27:19,186 DEBUG urllib3.connectionpool: Starting new HTTP connection (1): 127.0.0.1:50123
2026-06-26 12:27:19,191 INFO werkzeug: 127.0.0.1 - - [26/Jun/2026 12:27:19] "GET /perf_progress?exec_id=b1d82612-d91e-46d8-9184-c22ad28a7e5e HTTP/1.1" 200 -
2026-06-26 12:27:19,192 DEBUG urllib3.connectionpool: http://127.0.0.1:50123 "GET /perf_progress?exec_id=b1d82612-d91e-46d8-9184-c22ad28a7e5e HTTP/1.1" 200 2488
2026-06-26 12:27:21,870 INFO common.api_common: ret_code cmdline_str: rm -f /root/mcRpcPort.ini
2026-06-26 12:27:21,878 INFO common.api_common: ret_code cmdline_str: cp /home/ailab/maca-vendor-workspace/maca_c_opt/workspace/apply_mix_run/profile-artifacts/apply_mix_v0_baseline/mcprofiler_raw_baseline/event_batch_3.json /home/ailab/maca-vendor-workspace/maca_c_opt/workspace/apply_mix_run/profile-artifacts/apply_mix_v0_baseline/mcprofiler_raw_baseline/mcProfiler.json
2026-06-26 12:27:21,885 INFO common.api_common: ret_code cmdline_str: export MCTX_TARGET_INIT=true; export MACA_ETC_PATH=/home/ailab/maca-vendor-workspace/maca_c_opt/workspace/apply_mix_run/profile-artifacts/apply_mix_v0_baseline/mcprofiler_raw_baseline; export MXLOG_LEVEL=info; export MACA_PATH=/opt/maca/; export LD_LIBRARY_PATH=/opt/maca/lib/:${LD_LIBRARY_PATH}; ./test_maca 0 1 2
2026-06-26 12:27:21,885 INFO common.api_common: ret_code cmdline_str: cat /root/mcRpcPort.ini
2026-06-26 12:27:21,893 WARNING phttp.server_backend: get_srvrpc_port get rpc server ports failed: cannot retrieve rpc server port.
2026-06-26 12:27:22,093 INFO common.api_common: ret_code cmdline_str: cat /root/mcRpcPort.ini
2026-06-26 12:27:22,504 INFO common.api_common: ret_code cmdline_str: cat /root/mcRpcPort.ini
2026-06-26 12:27:22,504 INFO prpc_client.mctool_client: MctxStreamProfilerCountDataGet Start
2026-06-26 12:27:22,508 INFO prpc_client.mctool_client: MctxStreamProfilerCountDataGet Loop
2026-06-26 12:27:23,313 INFO common.api_common: ret_code cmdline_str: cat /root/mcRpcPort.ini
2026-06-26 12:27:24,205 DEBUG urllib3.connectionpool: Starting new HTTP connection (1): 127.0.0.1:50123
2026-06-26 12:27:24,210 INFO werkzeug: 127.0.0.1 - - [26/Jun/2026 12:27:24] "GET /perf_progress?exec_id=b1d82612-d91e-46d8-9184-c22ad28a7e5e HTTP/1.1" 200 -
2026-06-26 12:27:24,210 DEBUG urllib3.connectionpool: http://127.0.0.1:50123 "GET /perf_progress?exec_id=b1d82612-d91e-46d8-9184-c22ad28a7e5e HTTP/1.1" 200 9927
2026-06-26 12:27:24,922 INFO common.api_common: ret_code cmdline_str: cat /root/mcRpcPort.ini
2026-06-26 12:27:25,055 INFO prpc_client.mctool_client: MctxStreamProfilerCountDataGet Loop
2026-06-26 12:27:28,135 INFO common.api_common: ret_code cmdline_str: rm -f /root/mcRpcPort.ini
2026-06-26 12:27:28,143 INFO common.api_common: ret_code cmdline_str: cp /home/ailab/maca-vendor-workspace/maca_c_opt/workspace/apply_mix_run/profile-artifacts/apply_mix_v0_baseline/mcprofiler_raw_baseline/event_batch_4.json /home/ailab/maca-vendor-workspace/maca_c_opt/workspace/apply_mix_run/profile-artifacts/apply_mix_v0_baseline/mcprofiler_raw_baseline/mcProfiler.json
2026-06-26 12:27:28,149 INFO common.api_common: ret_code cmdline_str: export MCTX_TARGET_INIT=true; export MACA_ETC_PATH=/home/ailab/maca-vendor-workspace/maca_c_opt/workspace/apply_mix_run/profile-artifacts/apply_mix_v0_baseline/mcprofiler_raw_baseline; export MXLOG_LEVEL=info; export MACA_PATH=/opt/maca/; export LD_LIBRARY_PATH=/opt/maca/lib/:${LD_LIBRARY_PATH}; ./test_maca 0 1 2
2026-06-26 12:27:28,150 INFO common.api_common: ret_code cmdline_str: cat /root/mcRpcPort.ini
2026-06-26 12:27:28,158 WARNING phttp.server_backend: get_srvrpc_port get rpc server ports failed: cannot retrieve rpc server port.
2026-06-26 12:27:28,358 INFO common.api_common: ret_code cmdline_str: cat /root/mcRpcPort.ini
2026-06-26 12:27:28,769 INFO common.api_common: ret_code cmdline_str: cat /root/mcRpcPort.ini
2026-06-26 12:27:28,769 INFO prpc_client.mctool_client: MctxStreamProfilerCountDataGet Start
2026-06-26 12:27:28,773 INFO prpc_client.mctool_client: MctxStreamProfilerCountDataGet Loop
2026-06-26 12:27:29,218 DEBUG urllib3.connectionpool: Starting new HTTP connection (1): 127.0.0.1:50123
2026-06-26 12:27:29,223 INFO werkzeug: 127.0.0.1 - - [26/Jun/2026 12:27:29] "GET /perf_progress?exec_id=b1d82612-d91e-46d8-9184-c22ad28a7e5e HTTP/1.1" 200 -
2026-06-26 12:27:29,224 DEBUG urllib3.connectionpool: http://127.0.0.1:50123 "GET /perf_progress?exec_id=b1d82612-d91e-46d8-9184-c22ad28a7e5e HTTP/1.1" 200 9927
2026-06-26 12:27:29,578 INFO common.api_common: ret_code cmdline_str: cat /root/mcRpcPort.ini
2026-06-26 12:27:31,188 INFO common.api_common: ret_code cmdline_str: cat /root/mcRpcPort.ini
2026-06-26 12:27:31,320 INFO prpc_client.mctool_client: MctxStreamProfilerCountDataGet Loop
2026-06-26 12:27:34,229 DEBUG urllib3.connectionpool: Starting new HTTP connection (1): 127.0.0.1:50123
2026-06-26 12:27:34,234 INFO werkzeug: 127.0.0.1 - - [26/Jun/2026 12:27:34] "GET /perf_progress?exec_id=b1d82612-d91e-46d8-9184-c22ad28a7e5e HTTP/1.1" 200 -
2026-06-26 12:27:34,234 DEBUG urllib3.connectionpool: http://127.0.0.1:50123 "GET /perf_progress?exec_id=b1d82612-d91e-46d8-9184-c22ad28a7e5e HTTP/1.1" 200 9927
2026-06-26 12:27:34,400 INFO common.api_common: ret_code cmdline_str: rm -f /root/mcRpcPort.ini
2026-06-26 12:27:34,408 INFO common.api_common: ret_code cmdline_str: cp /home/ailab/maca-vendor-workspace/maca_c_opt/workspace/apply_mix_run/profile-artifacts/apply_mix_v0_baseline/mcprofiler_raw_baseline/event_batch_5.json /home/ailab/maca-vendor-workspace/maca_c_opt/workspace/apply_mix_run/profile-artifacts/apply_mix_v0_baseline/mcprofiler_raw_baseline/mcProfiler.json
2026-06-26 12:27:34,415 INFO common.api_common: ret_code cmdline_str: export MCTX_TARGET_INIT=true; export MACA_ETC_PATH=/home/ailab/maca-vendor-workspace/maca_c_opt/workspace/apply_mix_run/profile-artifacts/apply_mix_v0_baseline/mcprofiler_raw_baseline; export MXLOG_LEVEL=info; export MACA_PATH=/opt/maca/; export LD_LIBRARY_PATH=/opt/maca/lib/:${LD_LIBRARY_PATH}; ./test_maca 0 1 2
2026-06-26 12:27:34,416 INFO common.api_common: ret_code cmdline_str: cat /root/mcRpcPort.ini
2026-06-26 12:27:34,423 WARNING phttp.server_backend: get_srvrpc_port get rpc server ports failed: cannot retrieve rpc server port.
2026-06-26 12:27:34,624 INFO common.api_common: ret_code cmdline_str: cat /root/mcRpcPort.ini
2026-06-26 12:27:35,034 INFO common.api_common: ret_code cmdline_str: cat /root/mcRpcPort.ini
2026-06-26 12:27:35,035 INFO prpc_client.mctool_client: MctxStreamProfilerCountDataGet Start
2026-06-26 12:27:35,038 INFO prpc_client.mctool_client: MctxStreamProfilerCountDataGet Loop
2026-06-26 12:27:35,843 INFO common.api_common: ret_code cmdline_str: cat /root/mcRpcPort.ini
2026-06-26 12:27:37,453 INFO common.api_common: ret_code cmdline_str: cat /root/mcRpcPort.ini
2026-06-26 12:27:37,564 INFO prpc_client.mctool_client: MctxStreamProfilerCountDataGet Loop
2026-06-26 12:27:39,239 DEBUG urllib3.connectionpool: Starting new HTTP connection (1): 127.0.0.1:50123
2026-06-26 12:27:39,244 INFO werkzeug: 127.0.0.1 - - [26/Jun/2026 12:27:39] "GET /perf_progress?exec_id=b1d82612-d91e-46d8-9184-c22ad28a7e5e HTTP/1.1" 200 -
2026-06-26 12:27:39,245 DEBUG urllib3.connectionpool: http://127.0.0.1:50123 "GET /perf_progress?exec_id=b1d82612-d91e-46d8-9184-c22ad28a7e5e HTTP/1.1" 200 9927
2026-06-26 12:27:40,666 INFO common.api_common: ret_code cmdline_str: rm -f /root/mcRpcPort.ini
2026-06-26 12:27:40,673 INFO common.api_common: ret_code cmdline_str: cp /home/ailab/maca-vendor-workspace/maca_c_opt/workspace/apply_mix_run/profile-artifacts/apply_mix_v0_baseline/mcprofiler_raw_baseline/event_batch_6.json /home/ailab/maca-vendor-workspace/maca_c_opt/workspace/apply_mix_run/profile-artifacts/apply_mix_v0_baseline/mcprofiler_raw_baseline/mcProfiler.json
2026-06-26 12:27:40,681 INFO common.api_common: ret_code cmdline_str: export MCTX_TARGET_INIT=true; export MACA_ETC_PATH=/home/ailab/maca-vendor-workspace/maca_c_opt/workspace/apply_mix_run/profile-artifacts/apply_mix_v0_baseline/mcprofiler_raw_baseline; export MXLOG_LEVEL=info; export MACA_PATH=/opt/maca/; export LD_LIBRARY_PATH=/opt/maca/lib/:${LD_LIBRARY_PATH}; ./test_maca 0 1 2
2026-06-26 12:27:40,681 INFO common.api_common: ret_code cmdline_str: cat /root/mcRpcPort.ini
2026-06-26 12:27:40,689 WARNING phttp.server_backend: get_srvrpc_port get rpc server ports failed: cannot retrieve rpc server port.
2026-06-26 12:27:40,889 INFO common.api_common: ret_code cmdline_str: cat /root/mcRpcPort.ini
2026-06-26 12:27:41,300 INFO common.api_common: ret_code cmdline_str: cat /root/mcRpcPort.ini
2026-06-26 12:27:41,301 INFO prpc_client.mctool_client: MctxStreamProfilerCountDataGet Start
2026-06-26 12:27:41,304 INFO prpc_client.mctool_client: MctxStreamProfilerCountDataGet Loop
2026-06-26 12:27:42,109 INFO common.api_common: ret_code cmdline_str: cat /root/mcRpcPort.ini
2026-06-26 12:27:43,719 INFO common.api_common: ret_code cmdline_str: cat /root/mcRpcPort.ini
2026-06-26 12:27:43,852 INFO prpc_client.mctool_client: MctxStreamProfilerCountDataGet Loop
2026-06-26 12:27:44,252 DEBUG urllib3.connectionpool: Starting new HTTP connection (1): 127.0.0.1:50123
2026-06-26 12:27:44,257 INFO werkzeug: 127.0.0.1 - - [26/Jun/2026 12:27:44] "GET /perf_progress?exec_id=b1d82612-d91e-46d8-9184-c22ad28a7e5e HTTP/1.1" 200 -
2026-06-26 12:27:44,258 DEBUG urllib3.connectionpool: http://127.0.0.1:50123 "GET /perf_progress?exec_id=b1d82612-d91e-46d8-9184-c22ad28a7e5e HTTP/1.1" 200 9927
2026-06-26 12:27:46,931 INFO common.api_common: ret_code cmdline_str: rm -f /root/mcRpcPort.ini
2026-06-26 12:27:46,939 INFO common.api_common: ret_code cmdline_str: cp /home/ailab/maca-vendor-workspace/maca_c_opt/workspace/apply_mix_run/profile-artifacts/apply_mix_v0_baseline/mcprofiler_raw_baseline/event_batch_7.json /home/ailab/maca-vendor-workspace/maca_c_opt/workspace/apply_mix_run/profile-artifacts/apply_mix_v0_baseline/mcprofiler_raw_baseline/mcProfiler.json
2026-06-26 12:27:46,946 INFO common.api_common: ret_code cmdline_str: export MCTX_TARGET_INIT=true; export MACA_ETC_PATH=/home/ailab/maca-vendor-workspace/maca_c_opt/workspace/apply_mix_run/profile-artifacts/apply_mix_v0_baseline/mcprofiler_raw_baseline; export MXLOG_LEVEL=info; export MACA_PATH=/opt/maca/; export LD_LIBRARY_PATH=/opt/maca/lib/:${LD_LIBRARY_PATH}; ./test_maca 0 1 2
2026-06-26 12:27:46,946 INFO common.api_common: ret_code cmdline_str: cat /root/mcRpcPort.ini
2026-06-26 12:27:46,954 WARNING phttp.server_backend: get_srvrpc_port get rpc server ports failed: cannot retrieve rpc server port.
2026-06-26 12:27:47,154 INFO common.api_common: ret_code cmdline_str: cat /root/mcRpcPort.ini
2026-06-26 12:27:47,565 INFO common.api_common: ret_code cmdline_str: cat /root/mcRpcPort.ini
2026-06-26 12:27:47,566 INFO prpc_client.mctool_client: MctxStreamProfilerCountDataGet Start
2026-06-26 12:27:47,569 INFO prpc_client.mctool_client: MctxStreamProfilerCountDataGet Loop
2026-06-26 12:27:48,374 INFO common.api_common: ret_code cmdline_str: cat /root/mcRpcPort.ini
2026-06-26 12:27:49,265 DEBUG urllib3.connectionpool: Starting new HTTP connection (1): 127.0.0.1:50123
2026-06-26 12:27:49,271 INFO werkzeug: 127.0.0.1 - - [26/Jun/2026 12:27:49] "GET /perf_progress?exec_id=b1d82612-d91e-46d8-9184-c22ad28a7e5e HTTP/1.1" 200 -
2026-06-26 12:27:49,271 DEBUG urllib3.connectionpool: http://127.0.0.1:50123 "GET /perf_progress?exec_id=b1d82612-d91e-46d8-9184-c22ad28a7e5e HTTP/1.1" 200 9927
2026-06-26 12:27:49,983 INFO common.api_common: ret_code cmdline_str: cat /root/mcRpcPort.ini
2026-06-26 12:27:50,116 INFO prpc_client.mctool_client: MctxStreamProfilerCountDataGet Loop
2026-06-26 12:27:53,196 INFO common.api_common: ret_code cmdline_str: rm -f /root/mcRpcPort.ini
2026-06-26 12:27:53,204 INFO common.api_common: ret_code cmdline_str: cp /home/ailab/maca-vendor-workspace/maca_c_opt/workspace/apply_mix_run/profile-artifacts/apply_mix_v0_baseline/mcprofiler_raw_baseline/event_batch_8.json /home/ailab/maca-vendor-workspace/maca_c_opt/workspace/apply_mix_run/profile-artifacts/apply_mix_v0_baseline/mcprofiler_raw_baseline/mcProfiler.json
2026-06-26 12:27:53,211 INFO common.api_common: ret_code cmdline_str: export MCTX_TARGET_INIT=true; export MACA_ETC_PATH=/home/ailab/maca-vendor-workspace/maca_c_opt/workspace/apply_mix_run/profile-artifacts/apply_mix_v0_baseline/mcprofiler_raw_baseline; export MXLOG_LEVEL=info; export MACA_PATH=/opt/maca/; export LD_LIBRARY_PATH=/opt/maca/lib/:${LD_LIBRARY_PATH}; ./test_maca 0 1 2
2026-06-26 12:27:53,211 INFO common.api_common: ret_code cmdline_str: cat /root/mcRpcPort.ini
2026-06-26 12:27:53,218 WARNING phttp.server_backend: get_srvrpc_port get rpc server ports failed: cannot retrieve rpc server port.
2026-06-26 12:27:53,419 INFO common.api_common: ret_code cmdline_str: cat /root/mcRpcPort.ini
2026-06-26 12:27:53,830 INFO common.api_common: ret_code cmdline_str: cat /root/mcRpcPort.ini
2026-06-26 12:27:53,830 INFO prpc_client.mctool_client: MctxStreamProfilerCountDataGet Start
2026-06-26 12:27:53,834 INFO prpc_client.mctool_client: MctxStreamProfilerCountDataGet Loop
2026-06-26 12:27:54,279 DEBUG urllib3.connectionpool: Starting new HTTP connection (1): 127.0.0.1:50123
2026-06-26 12:27:54,284 INFO werkzeug: 127.0.0.1 - - [26/Jun/2026 12:27:54] "GET /perf_progress?exec_id=b1d82612-d91e-46d8-9184-c22ad28a7e5e HTTP/1.1" 200 -
2026-06-26 12:27:54,284 DEBUG urllib3.connectionpool: http://127.0.0.1:50123 "GET /perf_progress?exec_id=b1d82612-d91e-46d8-9184-c22ad28a7e5e HTTP/1.1" 200 9927
2026-06-26 12:27:54,639 INFO common.api_common: ret_code cmdline_str: cat /root/mcRpcPort.ini
2026-06-26 12:27:56,248 INFO common.api_common: ret_code cmdline_str: cat /root/mcRpcPort.ini
2026-06-26 12:27:56,382 INFO prpc_client.mctool_client: MctxStreamProfilerCountDataGet Loop
2026-06-26 12:27:59,292 DEBUG urllib3.connectionpool: Starting new HTTP connection (1): 127.0.0.1:50123
2026-06-26 12:27:59,297 INFO werkzeug: 127.0.0.1 - - [26/Jun/2026 12:27:59] "GET /perf_progress?exec_id=b1d82612-d91e-46d8-9184-c22ad28a7e5e HTTP/1.1" 200 -
2026-06-26 12:27:59,298 DEBUG urllib3.connectionpool: http://127.0.0.1:50123 "GET /perf_progress?exec_id=b1d82612-d91e-46d8-9184-c22ad28a7e5e HTTP/1.1" 200 9927
2026-06-26 12:27:59,491 INFO phttp.server_backend: profiling task b1d82612-d91e-46d8-9184-c22ad28a7e5e
2026-06-26 12:27:59,492 INFO utils.complier: analyse  formula:[{'type': 'VARIABLE', 'value': '{{ISU.AP_PERF_INSTS_VALU}}'}, {'type': 'VARIABLE', 'value': '{{ISU.AP_PERF_INSTS_MMA}}'}, {'type': 'VARIABLE', 'value': '{{ISU.AP_PERF_INSTS_SALU}}'}, {'type': 'VARIABLE', 'value': '{{ISU.AP_PERF_INST_MISC}}'}]
2026-06-26 12:27:59,492 INFO utils.complier: analyse  formula:[]
2026-06-26 12:27:59,492 INFO utils.complier: analyse  formula:[]
2026-06-26 12:27:59,493 INFO utils.complier: analyse  formula:[{'type': 'PROC_VAR', 'value': '$RET'}]
2026-06-26 12:27:59,493 INFO utils.complier: analyse  formula:[]
2026-06-26 12:27:59,493 INFO utils.complier: analyse  formula:[{'type': 'VARIABLE', 'value': '{{ISU.AP_PERF_INSTS_VALU}}'}, {'type': 'VARIABLE', 'value': '{{ISU.AP_PERF_INSTS_MMA}}'}, {'type': 'VARIABLE', 'value': '{{ISU.AP_PERF_INSTS_SALU}}'}, {'type': 'VARIABLE', 'value': '{{ISU.AP_PERF_INST_MISC}}'}]
2026-06-26 12:27:59,494 INFO utils.complier: analyse  formula:[]
2026-06-26 12:27:59,494 INFO utils.complier: analyse  formula:[]
2026-06-26 12:27:59,495 INFO utils.complier: analyse  formula:[{'type': 'VARIABLE', 'value': '{{ISU.AP_PERF_INSTS_GVM}}'}, {'type': 'VARIABLE', 'value': '{{ISU.AP_PERF_INSTS_BSM}}'}, {'type': 'VARIABLE', 'value': '{{ISU.AP_PERF_INSTS_LDU}}'}]
2026-06-26 12:27:59,495 INFO utils.complier: analyse  formula:[]
2026-06-26 12:27:59,495 INFO utils.complier: analyse  formula:[]
2026-06-26 12:27:59,496 INFO utils.complier: analyse  formula:[{'type': 'PROC_VAR', 'value': '$RET'}]
2026-06-26 12:27:59,496 INFO utils.complier: analyse  formula:[]
2026-06-26 12:27:59,496 INFO utils.complier: analyse  formula:[{'type': 'VARIABLE', 'value': '{{ISU.AP_PERF_INSTS_GVM}}'}, {'type': 'VARIABLE', 'value': '{{ISU.AP_PERF_INSTS_BSM}}'}, {'type': 'VARIABLE', 'value': '{{ISU.AP_PERF_INSTS_LDU}}'}]
2026-06-26 12:27:59,496 INFO utils.complier: analyse  formula:[]
2026-06-26 12:27:59,497 INFO utils.complier: analyse  formula:[]
2026-06-26 12:27:59,497 INFO utils.complier: analyse  formula:[]
2026-06-26 12:27:59,497 INFO utils.complier: analyse  formula:[{'type': 'UMD_VARIABLE', 'value': '{TRACER.dur}'}]
2026-06-26 12:27:59,497 INFO utils.complier: analyse  formula:[]
2026-06-26 12:27:59,497 ERROR utils.pc_base: get_varvalues failed: 'TRACER'
2026-06-26 12:27:59,497 ERROR utils.pc_base: cannot calculate: 'TRACER'
2026-06-26 12:27:59,497 INFO utils.complier: analyse  formula:[{'type': 'VARIABLE', 'value': '{{ISU.AP_PERF_ISU_AP_BUSY}}'}]
2026-06-26 12:27:59,497 INFO utils.complier: analyse  formula:[{'type': 'UMD_VARIABLE', 'value': '{TRACER.dur}'}]
2026-06-26 12:27:59,497 INFO utils.complier: analyse  formula:[]
2026-06-26 12:27:59,497 ERROR utils.pc_base: get_varvalues failed: 'TRACER'
2026-06-26 12:27:59,497 ERROR utils.pc_base: cannot calculate: 'TRACER'
2026-06-26 12:27:59,497 INFO utils.complier: analyse  formula:[{'type': 'VARIABLE', 'value': '{{ISU.AP_PERF_INST_GLOBAL_RD}}'}]
2026-06-26 12:27:59,497 INFO utils.complier: analyse  formula:[]
2026-06-26 12:27:59,498 INFO utils.complier: analyse  formula:[]
2026-06-26 12:27:59,498 INFO utils.complier: analyse  formula:[{'type': 'PROC_VAR', 'value': '$RET'}]
2026-06-26 12:27:59,498 INFO utils.complier: analyse  formula:[]
2026-06-26 12:27:59,498 INFO utils.complier: analyse  formula:[{'type': 'VARIABLE', 'value': '{{ISU.AP_PERF_INST_GLOBAL_RD}}'}]
2026-06-26 12:27:59,498 INFO utils.complier: analyse  formula:[]
2026-06-26 12:27:59,499 INFO utils.complier: analyse  formula:[]
2026-06-26 12:27:59,499 INFO utils.complier: analyse  formula:[{'type': 'VARIABLE', 'value': '{{ISU.AP_PERF_INST_GLOBAL_WR}}'}]
2026-06-26 12:27:59,499 INFO utils.complier: analyse  formula:[]
2026-06-26 12:27:59,499 INFO utils.complier: analyse  formula:[]
2026-06-26 12:27:59,500 INFO utils.complier: analyse  formula:[{'type': 'PROC_VAR', 'value': '$RET'}]
2026-06-26 12:27:59,500 INFO utils.complier: analyse  formula:[]
2026-06-26 12:27:59,500 INFO utils.complier: analyse  formula:[{'type': 'VARIABLE', 'value': '{{ISU.AP_PERF_INST_GLOBAL_WR}}'}]
2026-06-26 12:27:59,500 INFO utils.complier: analyse  formula:[]
2026-06-26 12:27:59,500 INFO utils.complier: analyse  formula:[]
2026-06-26 12:27:59,500 INFO utils.complier: analyse  formula:[{'type': 'VARIABLE', 'value': '{{ISU.AP_PERF_INST_PRIVATE_RD}}'}]
2026-06-26 12:27:59,500 INFO utils.complier: analyse  formula:[]
2026-06-26 12:27:59,500 INFO utils.complier: analyse  formula:[]
2026-06-26 12:27:59,501 INFO utils.complier: analyse  formula:[{'type': 'PROC_VAR', 'value': '$RET'}]
2026-06-26 12:27:59,501 INFO utils.complier: analyse  formula:[]
2026-06-26 12:27:59,501 INFO utils.complier: analyse  formula:[{'type': 'VARIABLE', 'value': '{{ISU.AP_PERF_INST_PRIVATE_RD}}'}]
2026-06-26 12:27:59,501 INFO utils.complier: analyse  formula:[]
2026-06-26 12:27:59,501 INFO utils.complier: analyse  formula:[]
2026-06-26 12:27:59,501 INFO utils.complier: analyse  formula:[{'type': 'VARIABLE', 'value': '{{ISU.AP_PERF_INST_PRIVATE_WR}}'}]
2026-06-26 12:27:59,501 INFO utils.complier: analyse  formula:[]
2026-06-26 12:27:59,501 INFO utils.complier: analyse  formula:[]
2026-06-26 12:27:59,502 INFO utils.complier: analyse  formula:[{'type': 'PROC_VAR', 'value': '$RET'}]
2026-06-26 12:27:59,502 INFO utils.complier: analyse  formula:[]
2026-06-26 12:27:59,502 INFO utils.complier: analyse  formula:[{'type': 'VARIABLE', 'value': '{{ISU.AP_PERF_INST_PRIVATE_WR}}'}]
2026-06-26 12:27:59,502 INFO utils.complier: analyse  formula:[]
2026-06-26 12:27:59,502 INFO utils.complier: analyse  formula:[]
2026-06-26 12:27:59,502 INFO utils.complier: analyse  formula:[{'type': 'VARIABLE', 'value': '{{ISU.AP_PERF_INST_GENERIC_RD}}'}]
2026-06-26 12:27:59,502 INFO utils.complier: analyse  formula:[]
2026-06-26 12:27:59,502 INFO utils.complier: analyse  formula:[]
2026-06-26 12:27:59,503 INFO utils.complier: analyse  formula:[{'type': 'PROC_VAR', 'value': '$RET'}]
2026-06-26 12:27:59,503 INFO utils.complier: analyse  formula:[]
2026-06-26 12:27:59,503 INFO utils.complier: analyse  formula:[{'type': 'VARIABLE', 'value': '{{ISU.AP_PERF_INST_GENERIC_RD}}'}]
2026-06-26 12:27:59,503 INFO utils.complier: analyse  formula:[]
2026-06-26 12:27:59,503 INFO utils.complier: analyse  formula:[]
2026-06-26 12:27:59,503 INFO utils.complier: analyse  formula:[{'type': 'VARIABLE', 'value': '{{ISU.AP_PERF_INST_GENERIC_WR}}'}]
2026-06-26 12:27:59,504 INFO utils.complier: analyse  formula:[]
2026-06-26 12:27:59,504 INFO utils.complier: analyse  formula:[]
2026-06-26 12:27:59,504 INFO utils.complier: analyse  formula:[{'type': 'PROC_VAR', 'value': '$RET'}]
2026-06-26 12:27:59,504 INFO utils.complier: analyse  formula:[]
2026-06-26 12:27:59,504 INFO utils.complier: analyse  formula:[{'type': 'VARIABLE', 'value': '{{ISU.AP_PERF_INST_GENERIC_WR}}'}]
2026-06-26 12:27:59,504 INFO utils.complier: analyse  formula:[]
2026-06-26 12:27:59,504 INFO utils.complier: analyse  formula:[]
2026-06-26 12:27:59,505 INFO utils.complier: analyse  formula:[{'type': 'VARIABLE', 'value': '{{ISU.AP_PERF_INSTS_LDU}}'}]
2026-06-26 12:27:59,505 INFO utils.complier: analyse  formula:[]
2026-06-26 12:27:59,505 INFO utils.complier: analyse  formula:[]
2026-06-26 12:27:59,505 INFO utils.complier: analyse  formula:[{'type': 'PROC_VAR', 'value': '$RET'}]
2026-06-26 12:27:59,505 INFO utils.complier: analyse  formula:[]
2026-06-26 12:27:59,505 INFO utils.complier: analyse  formula:[{'type': 'VARIABLE', 'value': '{{ISU.AP_PERF_INSTS_LDU}}'}]
2026-06-26 12:27:59,505 INFO utils.complier: analyse  formula:[]
2026-06-26 12:27:59,506 INFO utils.complier: analyse  formula:[]
2026-06-26 12:27:59,506 INFO utils.complier: analyse  formula:[{'type': 'VARIABLE', 'value': '{{ISU.AP_PERF_INST_BSM_RD}}'}]
2026-06-26 12:27:59,506 INFO utils.complier: analyse  formula:[]
2026-06-26 12:27:59,506 INFO utils.complier: analyse  formula:[]
2026-06-26 12:27:59,506 INFO utils.complier: analyse  formula:[{'type': 'PROC_VAR', 'value': '$RET'}]
2026-06-26 12:27:59,506 INFO utils.complier: analyse  formula:[]
2026-06-26 12:27:59,506 INFO utils.complier: analyse  formula:[{'type': 'VARIABLE', 'value': '{{ISU.AP_PERF_INST_BSM_RD}}'}]
2026-06-26 12:27:59,506 INFO utils.complier: analyse  formula:[]
2026-06-26 12:27:59,507 INFO utils.complier: analyse  formula:[]
2026-06-26 12:27:59,507 INFO utils.complier: analyse  formula:[{'type': 'VARIABLE', 'value': '{{ISU.AP_PERF_INST_BSM_WR}}'}]
2026-06-26 12:27:59,507 INFO utils.complier: analyse  formula:[]
2026-06-26 12:27:59,507 INFO utils.complier: analyse  formula:[]
2026-06-26 12:27:59,507 INFO utils.complier: analyse  formula:[{'type': 'PROC_VAR', 'value': '$RET'}]
2026-06-26 12:27:59,507 INFO utils.complier: analyse  formula:[]
2026-06-26 12:27:59,507 INFO utils.complier: analyse  formula:[{'type': 'VARIABLE', 'value': '{{ISU.AP_PERF_INST_BSM_WR}}'}]
2026-06-26 12:27:59,508 INFO utils.complier: analyse  formula:[]
2026-06-26 12:27:59,508 INFO utils.complier: analyse  formula:[]
2026-06-26 12:27:59,508 INFO utils.complier: analyse  formula:[{'type': 'VARIABLE', 'value': '{{VL1.p_total_read_instruction_event}}'}]
2026-06-26 12:27:59,508 INFO utils.complier: analyse  formula:[]
2026-06-26 12:27:59,508 INFO utils.complier: analyse  formula:[]
2026-06-26 12:27:59,508 INFO utils.complier: analyse  formula:[{'type': 'PROC_VAR', 'value': '$RET'}]
2026-06-26 12:27:59,508 INFO utils.complier: analyse  formula:[]
2026-06-26 12:27:59,508 INFO utils.complier: analyse  formula:[{'type': 'VARIABLE', 'value': '{{VL1.p_total_read_instruction_event}}'}]
2026-06-26 12:27:59,509 INFO utils.complier: analyse  formula:[]
2026-06-26 12:27:59,509 INFO utils.complier: analyse  formula:[]
2026-06-26 12:27:59,509 INFO utils.complier: analyse  formula:[{'type': 'VARIABLE', 'value': '{{VL1.p_total_write_instruction_event}}'}]
2026-06-26 12:27:59,509 INFO utils.complier: analyse  formula:[]
2026-06-26 12:27:59,509 INFO utils.complier: analyse  formula:[]
2026-06-26 12:27:59,509 INFO utils.complier: analyse  formula:[{'type': 'PROC_VAR', 'value': '$RET'}]
2026-06-26 12:27:59,509 INFO utils.complier: analyse  formula:[]
2026-06-26 12:27:59,509 INFO utils.complier: analyse  formula:[{'type': 'VARIABLE', 'value': '{{VL1.p_total_write_instruction_event}}'}]
2026-06-26 12:27:59,510 INFO utils.complier: analyse  formula:[]
2026-06-26 12:27:59,510 INFO utils.complier: analyse  formula:[]
2026-06-26 12:27:59,510 INFO utils.complier: analyse  formula:[{'type': 'VARIABLE', 'value': '{{VL1.p_perf_thread_req_cnt}}'}, {'type': 'VARIABLE', 'value': '{{VL1.p_perf_miss_cnt}}'}, {'type': 'VARIABLE', 'value': '{{VL1.p_perf_thread_req_cnt}}'}]
2026-06-26 12:27:59,510 INFO utils.complier: analyse  formula:[]
2026-06-26 12:27:59,511 INFO utils.complier: analyse  formula:[]
2026-06-26 12:27:59,511 INFO utils.complier: analyse  formula:[{'type': 'PROC_VAR', 'value': '$vl1hit'}, {'type': 'PROC_VAR', 'value': '$RET'}, {'type': 'PROC_VAR', 'value': '$vl1hit'}]
2026-06-26 12:27:59,512 INFO utils.complier: analyse  formula:[]
2026-06-26 12:27:59,512 INFO utils.complier: analyse  formula:[{'type': 'VARIABLE', 'value': '{{VL1.p_perf_thread_req_cnt}}'}, {'type': 'VARIABLE', 'value': '{{VL1.p_perf_miss_cnt}}'}, {'type': 'VARIABLE', 'value': '{{VL1.p_perf_thread_req_cnt}}'}]
2026-06-26 12:27:59,513 INFO utils.complier: analyse  formula:[]
2026-06-26 12:27:59,514 INFO utils.complier: analyse  formula:[]
2026-06-26 12:27:59,514 INFO utils.complier: analyse  formula:[{'type': 'VARIABLE', 'value': '{{L2C.perf_rd_req}}'}]
2026-06-26 12:27:59,514 INFO utils.complier: analyse  formula:[]
2026-06-26 12:27:59,514 INFO utils.complier: analyse  formula:[]
2026-06-26 12:27:59,514 INFO utils.complier: analyse  formula:[{'type': 'PROC_VAR', 'value': '$RET'}]
2026-06-26 12:27:59,514 INFO utils.complier: analyse  formula:[]
2026-06-26 12:27:59,514 INFO utils.complier: analyse  formula:[{'type': 'VARIABLE', 'value': '{{L2C.perf_rd_req}}'}]
2026-06-26 12:27:59,514 INFO utils.complier: analyse  formula:[]
2026-06-26 12:27:59,515 INFO utils.complier: analyse  formula:[]
2026-06-26 12:27:59,515 INFO utils.complier: analyse  formula:[{'type': 'VARIABLE', 'value': '{{L2C.perf_wr_req}}'}]
2026-06-26 12:27:59,515 INFO utils.complier: analyse  formula:[]
2026-06-26 12:27:59,515 INFO utils.complier: analyse  formula:[]
2026-06-26 12:27:59,515 INFO utils.complier: analyse  formula:[{'type': 'PROC_VAR', 'value': '$RET'}]
2026-06-26 12:27:59,515 INFO utils.complier: analyse  formula:[]
2026-06-26 12:27:59,515 INFO utils.complier: analyse  formula:[{'type': 'VARIABLE', 'value': '{{L2C.perf_wr_req}}'}]
2026-06-26 12:27:59,515 INFO utils.complier: analyse  formula:[]
2026-06-26 12:27:59,515 INFO utils.complier: analyse  formula:[]
2026-06-26 12:27:59,516 INFO utils.complier: analyse  formula:[{'type': 'VARIABLE', 'value': '{{L2C.perf_hit}}'}, {'type': 'VARIABLE', 'value': '{{L2C.perf_sector_hit}}'}, {'type': 'VARIABLE', 'value': '{{L2C.perf_miss}}'}]
2026-06-26 12:27:59,516 INFO utils.complier: analyse  formula:[]
2026-06-26 12:27:59,516 INFO utils.complier: analyse  formula:[]
2026-06-26 12:27:59,516 INFO utils.complier: analyse  formula:[{'type': 'PROC_VAR', 'value': '$hit_events'}, {'type': 'PROC_VAR', 'value': '$RET'}, {'type': 'PROC_VAR', 'value': '$hit_events'}, {'type': 'PROC_VAR', 'value': '$hit_events'}]
2026-06-26 12:27:59,517 INFO utils.complier: analyse  formula:[]
2026-06-26 12:27:59,518 INFO utils.complier: analyse  formula:[{'type': 'VARIABLE', 'value': '{{L2C.perf_hit}}'}, {'type': 'VARIABLE', 'value': '{{L2C.perf_sector_hit}}'}, {'type': 'VARIABLE', 'value': '{{L2C.perf_miss}}'}]
2026-06-26 12:27:59,518 INFO utils.complier: analyse  formula:[]
2026-06-26 12:27:59,519 INFO utils.complier: analyse  formula:[]
2026-06-26 12:27:59,519 INFO utils.complier: analyse  formula:[{'type': 'VARIABLE', 'value': '{{SL1.sl1_kcache_total_hit_event}}'}, {'type': 'VARIABLE', 'value': '{{SL1.sl1_kcache_total_hit_on_miss_event}}'}, {'type': 'VARIABLE', 'value': '{{SL1.sl1_kcache_total_miss_event}}'}]
2026-06-26 12:27:59,520 INFO utils.complier: analyse  formula:[]
2026-06-26 12:27:59,520 INFO utils.complier: analyse  formula:[]
2026-06-26 12:27:59,520 INFO utils.complier: analyse  formula:[{'type': 'PROC_VAR', 'value': '$hit'}, {'type': 'PROC_VAR', 'value': '$RET'}, {'type': 'PROC_VAR', 'value': '$hit'}, {'type': 'PROC_VAR', 'value': '$hit'}]
2026-06-26 12:27:59,521 INFO utils.complier: analyse  formula:[]
2026-06-26 12:27:59,521 INFO utils.complier: analyse  formula:[{'type': 'VARIABLE', 'value': '{{SL1.sl1_kcache_total_hit_event}}'}, {'type': 'VARIABLE', 'value': '{{SL1.sl1_kcache_total_hit_on_miss_event}}'}, {'type': 'VARIABLE', 'value': '{{SL1.sl1_kcache_total_miss_event}}'}]
2026-06-26 12:27:59,522 INFO utils.complier: analyse  formula:[]
2026-06-26 12:27:59,522 INFO utils.complier: analyse  formula:[]
2026-06-26 12:27:59,523 INFO utils.complier: analyse  formula:[{'type': 'VARIABLE', 'value': '{{SL1.sl1_kcache_rd}}'}]
2026-06-26 12:27:59,523 INFO utils.complier: analyse  formula:[]
2026-06-26 12:27:59,523 INFO utils.complier: analyse  formula:[]
2026-06-26 12:27:59,523 INFO utils.complier: analyse  formula:[{'type': 'PROC_VAR', 'value': '$RET'}]
2026-06-26 12:27:59,523 INFO utils.complier: analyse  formula:[]
2026-06-26 12:27:59,523 INFO utils.complier: analyse  formula:[{'type': 'VARIABLE', 'value': '{{SL1.sl1_kcache_rd}}'}]
2026-06-26 12:27:59,523 INFO utils.complier: analyse  formula:[]
2026-06-26 12:27:59,523 INFO utils.complier: analyse  formula:[]
2026-06-26 12:27:59,524 INFO utils.complier: analyse  formula:[{'type': 'VARIABLE', 'value': '{{SL1.sl1_kcache_l2_rd}}'}]
2026-06-26 12:27:59,524 INFO utils.complier: analyse  formula:[]
2026-06-26 12:27:59,524 INFO utils.complier: analyse  formula:[]
2026-06-26 12:27:59,524 INFO utils.complier: analyse  formula:[{'type': 'PROC_VAR', 'value': '$RET'}]
2026-06-26 12:27:59,524 INFO utils.complier: analyse  formula:[]
2026-06-26 12:27:59,524 INFO utils.complier: analyse  formula:[{'type': 'VARIABLE', 'value': '{{SL1.sl1_kcache_l2_rd}}'}]
2026-06-26 12:27:59,524 INFO utils.complier: analyse  formula:[]
2026-06-26 12:27:59,524 INFO utils.complier: analyse  formula:[]
2026-06-26 12:27:59,525 INFO utils.complier: analyse  formula:[{'type': 'VARIABLE', 'value': '{{ISU.AP_PERF_INSTS_VALU}}'}, {'type': 'VARIABLE', 'value': '{{ISU.AP_PERF_INSTS_MMA}}'}, {'type': 'VARIABLE', 'value': '{{ISU.AP_PERF_INSTS_SALU}}'}, {'type': 'VARIABLE', 'value': '{{ISU.AP_PERF_INSTS_GVM}}'}, {'type': 'VARIABLE', 'value': '{{ISU.AP_PERF_INSTS_BSM}}'}, {'type': 'VARIABLE', 'value': '{{ISU.AP_PERF_INSTS_LDU}}'}, {'type': 'VARIABLE', 'value': '{{ISU.AP_PERF_INST_MISC}}'}]
2026-06-26 12:27:59,525 INFO utils.complier: analyse  formula:[]
2026-06-26 12:27:59,525 INFO utils.complier: analyse  formula:[]
2026-06-26 12:27:59,527 INFO utils.complier: analyse  formula:[{'type': 'PROC_VAR', 'value': '$RET'}]
2026-06-26 12:27:59,528 INFO utils.complier: analyse  formula:[]
2026-06-26 12:27:59,528 INFO utils.complier: analyse  formula:[{'type': 'VARIABLE', 'value': '{{ISU.AP_PERF_INSTS_VALU}}'}, {'type': 'VARIABLE', 'value': '{{ISU.AP_PERF_INSTS_MMA}}'}, {'type': 'VARIABLE', 'value': '{{ISU.AP_PERF_INSTS_SALU}}'}, {'type': 'VARIABLE', 'value': '{{ISU.AP_PERF_INSTS_GVM}}'}, {'type': 'VARIABLE', 'value': '{{ISU.AP_PERF_INSTS_BSM}}'}, {'type': 'VARIABLE', 'value': '{{ISU.AP_PERF_INSTS_LDU}}'}, {'type': 'VARIABLE', 'value': '{{ISU.AP_PERF_INST_MISC}}'}]
2026-06-26 12:27:59,529 INFO utils.complier: analyse  formula:[]
2026-06-26 12:27:59,529 INFO utils.complier: analyse  formula:[]
2026-06-26 12:27:59,530 INFO utils.complier: analyse  formula:[]
2026-06-26 12:27:59,530 INFO utils.complier: analyse  formula:[]
2026-06-26 12:27:59,530 INFO utils.complier: analyse  formula:[{'type': 'PRE_VAR', 'value': '@compute_instructions'}, {'type': 'PRE_VAR', 'value': '@memory_instructions'}]
2026-06-26 12:27:59,530 INFO utils.complier: analyse  formula:[{'type': 'PROC_VAR', 'value': '$RET'}]
2026-06-26 12:27:59,530 INFO utils.complier: analyse  formula:[]
2026-06-26 12:27:59,530 INFO utils.complier: analyse  formula:[]
2026-06-26 12:27:59,530 INFO utils.complier: analyse  formula:[{'type': 'PRE_VAR', 'value': '@compute_instructions'}, {'type': 'PRE_VAR', 'value': '@memory_instructions'}]
2026-06-26 12:27:59,530 INFO utils.complier: analyse  formula:[]
2026-06-26 12:27:59,531 INFO utils.complier: analyse  formula:[]
2026-06-26 12:27:59,531 INFO utils.complier: analyse  formula:[]
2026-06-26 12:27:59,531 INFO utils.complier: analyse  formula:[{'type': 'PRE_VAR', 'value': '@compute_instructions'}]
2026-06-26 12:27:59,531 INFO utils.complier: analyse  formula:[{'type': 'PROC_VAR', 'value': '$RET'}]
2026-06-26 12:27:59,531 INFO utils.complier: analyse  formula:[]
2026-06-26 12:27:59,531 INFO utils.complier: analyse  formula:[]
2026-06-26 12:27:59,531 INFO utils.complier: analyse  formula:[{'type': 'PRE_VAR', 'value': '@compute_instructions'}]
2026-06-26 12:27:59,531 INFO utils.complier: analyse  formula:[]
2026-06-26 12:27:59,531 INFO utils.complier: analyse  formula:[]
2026-06-26 12:27:59,531 INFO utils.complier: analyse  formula:[]
2026-06-26 12:27:59,531 INFO utils.complier: analyse  formula:[{'type': 'PRE_VAR', 'value': '@memory_instructions'}]
2026-06-26 12:27:59,531 INFO utils.complier: analyse  formula:[{'type': 'PROC_VAR', 'value': '$RET'}]
2026-06-26 12:27:59,532 INFO utils.complier: analyse  formula:[]
2026-06-26 12:27:59,532 INFO utils.complier: analyse  formula:[]
2026-06-26 12:27:59,532 INFO utils.complier: analyse  formula:[{'type': 'PRE_VAR', 'value': '@memory_instructions'}]
2026-06-26 12:27:59,532 INFO utils.complier: analyse  formula:[]
2026-06-26 12:27:59,532 INFO utils.complier: analyse  formula:[{'type': 'VARIABLE', 'value': '{{CE.CE_PERF_BUSY_CYCLES}}'}]
2026-06-26 12:27:59,532 INFO utils.complier: analyse  formula:[]
2026-06-26 12:27:59,533 INFO utils.complier: analyse  formula:[]
2026-06-26 12:27:59,533 INFO utils.complier: analyse  formula:[{'type': 'PROC_VAR', 'value': '$RET'}]
2026-06-26 12:27:59,533 INFO utils.complier: analyse  formula:[]
2026-06-26 12:27:59,533 INFO utils.complier: analyse  formula:[{'type': 'VARIABLE', 'value': '{{CE.CE_PERF_BUSY_CYCLES}}'}]
2026-06-26 12:27:59,533 INFO utils.complier: analyse  formula:[]
2026-06-26 12:27:59,534 INFO utils.complier: analyse  formula:[]
2026-06-26 12:27:59,534 INFO utils.complier: analyse  formula:[{'type': 'VARIABLE', 'value': '{{L2C.perf_dnoc_rdreq_32B}}'}, {'type': 'VARIABLE', 'value': '{{L2C.perf_dnoc_rdreq_64B}}'}, {'type': 'VARIABLE', 'value': '{{L2C.perf_dnoc_rdreq_128B}}'}, {'type': 'VARIABLE', 'value': '{{L2C.perf_dnoc_wrreq_32B_low}}'}, {'type': 'VARIABLE', 'value': '{{L2C.perf_dnoc_wrreq_32B_high}}'}, {'type': 'VARIABLE', 'value': '{{L2C.perf_dnoc_wrreq_64B}}'}, {'type': 'VARIABLE', 'value': '{{L2C.perf_dnoc_wrreq_128B}}'}, {'type': 'VARIABLE', 'value': '{{ISU.AP_PERF_ISU_AP_BUSY}}'}]
2026-06-26 12:27:59,534 INFO utils.complier: analyse  formula:[]
2026-06-26 12:27:59,535 INFO utils.complier: analyse  formula:[]
2026-06-26 12:27:59,536 INFO utils.complier: analyse  formula:[{'type': 'PROC_VAR', 'value': '$ma'}, {'type': 'PROC_VAR', 'value': '$RET'}, {'type': 'PROC_VAR', 'value': '$ma'}]
2026-06-26 12:27:59,536 INFO utils.complier: analyse  formula:[]
2026-06-26 12:27:59,537 INFO utils.complier: analyse  formula:[{'type': 'VARIABLE', 'value': '{{L2C.perf_dnoc_rdreq_32B}}'}, {'type': 'VARIABLE', 'value': '{{L2C.perf_dnoc_rdreq_64B}}'}, {'type': 'VARIABLE', 'value': '{{L2C.perf_dnoc_rdreq_128B}}'}, {'type': 'VARIABLE', 'value': '{{L2C.perf_dnoc_wrreq_32B_low}}'}, {'type': 'VARIABLE', 'value': '{{L2C.perf_dnoc_wrreq_32B_high}}'}, {'type': 'VARIABLE', 'value': '{{L2C.perf_dnoc_wrreq_64B}}'}, {'type': 'VARIABLE', 'value': '{{L2C.perf_dnoc_wrreq_128B}}'}, {'type': 'VARIABLE', 'value': '{{ISU.AP_PERF_ISU_AP_BUSY}}'}]
2026-06-26 12:27:59,538 INFO utils.complier: analyse  formula:[]
2026-06-26 12:27:59,539 INFO utils.complier: analyse  formula:[]
2026-06-26 12:27:59,539 INFO utils.complier: analyse  formula:[{'type': 'VARIABLE', 'value': '{{ISU.AP_PERF_ISU_AP_BUSY}}'}]
2026-06-26 12:27:59,540 INFO utils.complier: analyse  formula:[]
2026-06-26 12:27:59,540 INFO utils.complier: analyse  formula:[]
2026-06-26 12:27:59,540 INFO utils.complier: analyse  formula:[{'type': 'PROC_VAR', 'value': '$valid_ap_busy'}, {'type': 'PROC_VAR', 'value': '$RET'}, {'type': 'PROC_VAR', 'value': '$valid_ap_busy'}, {'type': 'PROC_VAR', 'value': '$valid_ap_busy'}]
2026-06-26 12:27:59,541 INFO utils.complier: analyse  formula:[]
2026-06-26 12:27:59,542 INFO utils.complier: analyse  formula:[{'type': 'VARIABLE', 'value': '{{ISU.AP_PERF_ISU_AP_BUSY}}'}]
2026-06-26 12:27:59,543 INFO utils.complier: analyse  formula:[]
2026-06-26 12:27:59,544 INFO utils.complier: analyse  formula:[]
2026-06-26 12:27:59,544 INFO utils.complier: analyse  formula:[{'type': 'VARIABLE', 'value': '{{ISU.AP_PERF_ISU_AP_BUSY}}'}, {'type': 'VARIABLE', 'value': '{{CE.CE_PERF_BUSY_CYCLES}}'}]
2026-06-26 12:27:59,544 INFO utils.complier: analyse  formula:[]
2026-06-26 12:27:59,544 INFO utils.complier: analyse  formula:[]
2026-06-26 12:27:59,544 INFO utils.complier: analyse  formula:[{'type': 'PROC_VAR', 'value': '$RET'}]
2026-06-26 12:27:59,545 INFO utils.complier: analyse  formula:[]
2026-06-26 12:27:59,545 INFO utils.complier: analyse  formula:[{'type': 'VARIABLE', 'value': '{{ISU.AP_PERF_ISU_AP_BUSY}}'}, {'type': 'VARIABLE', 'value': '{{CE.CE_PERF_BUSY_CYCLES}}'}]
2026-06-26 12:27:59,545 INFO utils.complier: analyse  formula:[]
2026-06-26 12:27:59,545 INFO utils.complier: analyse  formula:[]
2026-06-26 12:27:59,545 INFO utils.complier: analyse  formula:[{'type': 'VARIABLE', 'value': '{{ISU.AP_PERF_INST_CYCLES_VALU}}'}, {'type': 'VARIABLE', 'value': '{{ISU.AP_PERF_INST_CYCLES_MMA}}'}, {'type': 'VARIABLE', 'value': '{{ISU.AP_PERF_ISU_AP_BUSY}}'}]
2026-06-26 12:27:59,546 INFO utils.complier: analyse  formula:[]
2026-06-26 12:27:59,546 INFO utils.complier: analyse  formula:[]
2026-06-26 12:27:59,547 INFO utils.complier: analyse  formula:[{'type': 'PROC_VAR', 'value': '$RET'}]
2026-06-26 12:27:59,547 INFO utils.complier: analyse  formula:[]
2026-06-26 12:27:59,547 INFO utils.complier: analyse  formula:[{'type': 'VARIABLE', 'value': '{{ISU.AP_PERF_INST_CYCLES_VALU}}'}, {'type': 'VARIABLE', 'value': '{{ISU.AP_PERF_INST_CYCLES_MMA}}'}, {'type': 'VARIABLE', 'value': '{{ISU.AP_PERF_ISU_AP_BUSY}}'}]
2026-06-26 12:27:59,547 INFO utils.complier: analyse  formula:[]
2026-06-26 12:27:59,548 INFO utils.complier: analyse  formula:[]
2026-06-26 12:27:59,548 INFO utils.complier: analyse  formula:[{'type': 'VARIABLE', 'value': '{{CE.CE_PERF_SEND_RM_WORKGROUPS}}'}]
2026-06-26 12:27:59,548 INFO utils.complier: analyse  formula:[]
2026-06-26 12:27:59,548 INFO utils.complier: analyse  formula:[]
2026-06-26 12:27:59,548 INFO utils.complier: analyse  formula:[{'type': 'PROC_VAR', 'value': '$RET'}]
2026-06-26 12:27:59,548 INFO utils.complier: analyse  formula:[]
2026-06-26 12:27:59,548 INFO utils.complier: analyse  formula:[{'type': 'VARIABLE', 'value': '{{CE.CE_PERF_SEND_RM_WORKGROUPS}}'}]
2026-06-26 12:27:59,549 INFO utils.complier: analyse  formula:[]
2026-06-26 12:27:59,549 INFO utils.complier: analyse  formula:[]
2026-06-26 12:27:59,549 INFO utils.complier: analyse  formula:[{'type': 'VARIABLE', 'value': '{{CE.CE_PERF_SEND_RM_WAVES}}'}]
2026-06-26 12:27:59,549 INFO utils.complier: analyse  formula:[]
2026-06-26 12:27:59,549 INFO utils.complier: analyse  formula:[]
2026-06-26 12:27:59,549 INFO utils.complier: analyse  formula:[{'type': 'PROC_VAR', 'value': '$RET'}]
2026-06-26 12:27:59,549 INFO utils.complier: analyse  formula:[]
2026-06-26 12:27:59,549 INFO utils.complier: analyse  formula:[{'type': 'VARIABLE', 'value': '{{CE.CE_PERF_SEND_RM_WAVES}}'}]
2026-06-26 12:27:59,549 INFO utils.complier: analyse  formula:[]
2026-06-26 12:27:59,550 INFO utils.complier: analyse  formula:[]
2026-06-26 12:27:59,550 INFO utils.complier: analyse  formula:[{'type': 'VARIABLE', 'value': '{{RM.RM_PERF_WAVES_InFlight_Level_P0}}'}, {'type': 'VARIABLE', 'value': '{{RM.RM_PERF_WAVES_InFlight_Level_P1}}'}, {'type': 'VARIABLE', 'value': '{{RM.RM_PERF_WAVES_InFlight_Level_P2}}'}, {'type': 'VARIABLE', 'value': '{{RM.RM_PERF_WAVES_InFlight_Level_P3}}'}, {'type': 'VARIABLE', 'value': '{{CE.CE_PERF_SEND_RM_WAVES}}'}]
2026-06-26 12:27:59,550 INFO utils.complier: analyse  formula:[]
2026-06-26 12:27:59,550 INFO utils.complier: analyse  formula:[]
2026-06-26 12:27:59,550 INFO utils.complier: analyse  formula:[{'type': 'PROC_VAR', 'value': '$RET'}]
2026-06-26 12:27:59,551 INFO utils.complier: analyse  formula:[]
2026-06-26 12:27:59,551 INFO utils.complier: analyse  formula:[{'type': 'VARIABLE', 'value': '{{RM.RM_PERF_WAVES_InFlight_Level_P0}}'}, {'type': 'VARIABLE', 'value': '{{RM.RM_PERF_WAVES_InFlight_Level_P1}}'}, {'type': 'VARIABLE', 'value': '{{RM.RM_PERF_WAVES_InFlight_Level_P2}}'}, {'type': 'VARIABLE', 'value': '{{RM.RM_PERF_WAVES_InFlight_Level_P3}}'}, {'type': 'VARIABLE', 'value': '{{CE.CE_PERF_SEND_RM_WAVES}}'}]
2026-06-26 12:27:59,551 INFO utils.complier: analyse  formula:[]
2026-06-26 12:27:59,552 INFO utils.complier: analyse  formula:[]
2026-06-26 12:27:59,553 INFO utils.complier: analyse  formula:[{'type': 'VARIABLE', 'value': '{{ISU.AP_PERF_INST_CYCLES_VALU_4CYCLES}}'}, {'type': 'VARIABLE', 'value': '{{ISU.AP_PERF_INST_CYCLES_VALU_16CYCLES}}'}, {'type': 'VARIABLE', 'value': '{{ISU.AP_PERF_INST_CYCLES_MMA_16CYCLES}}'}, {'type': 'VARIABLE', 'value': '{{ISU.AP_PERF_INST_CYCLES_MMA_32CYCLES}}'}]
2026-06-26 12:27:59,554 INFO utils.complier: analyse  formula:[]
2026-06-26 12:27:59,555 INFO utils.complier: analyse  formula:[]
2026-06-26 12:27:59,556 INFO utils.complier: analyse  formula:[{'type': 'PROC_VAR', 'value': '$valu_4'}, {'type': 'PROC_VAR', 'value': '$valu_16'}, {'type': 'PROC_VAR', 'value': '$mma_16'}, {'type': 'PROC_VAR', 'value': '$mma_32'}, {'type': 'PROC_VAR', 'value': '$RET'}, {'type': 'PROC_VAR', 'value': '$valu_4'}, {'type': 'PROC_VAR', 'value': '$valu_16'}, {'type': 'PROC_VAR', 'value': '$mma_16'}, {'type': 'PROC_VAR', 'value': '$mma_32'}]
2026-06-26 12:27:59,558 INFO utils.complier: analyse  formula:[]
2026-06-26 12:27:59,560 INFO utils.complier: analyse  formula:[{'type': 'VARIABLE', 'value': '{{ISU.AP_PERF_INST_CYCLES_VALU_4CYCLES}}'}, {'type': 'VARIABLE', 'value': '{{ISU.AP_PERF_INST_CYCLES_VALU_16CYCLES}}'}, {'type': 'VARIABLE', 'value': '{{ISU.AP_PERF_INST_CYCLES_MMA_16CYCLES}}'}, {'type': 'VARIABLE', 'value': '{{ISU.AP_PERF_INST_CYCLES_MMA_32CYCLES}}'}]
2026-06-26 12:27:59,562 INFO utils.complier: analyse  formula:[]
2026-06-26 12:27:59,564 INFO utils.complier: analyse  formula:[]
2026-06-26 12:27:59,588 DEBUG matplotlib.font_manager: findfont: Matching sans\-serif:style=normal:variant=normal:weight=normal:stretch=normal:size=12.0.
2026-06-26 12:27:59,589 DEBUG matplotlib.font_manager: findfont: score(<Font 'STIXSizeThreeSym' (STIXSizThreeSymReg.ttf) normal normal 400 normal>) = 10.05
2026-06-26 12:27:59,589 DEBUG matplotlib.font_manager: findfont: score(<Font 'DejaVu Sans' (DejaVuSans-BoldOblique.ttf) oblique normal 700 normal>) = 1.335
2026-06-26 12:27:59,589 DEBUG matplotlib.font_manager: findfont: score(<Font 'DejaVu Sans Mono' (DejaVuSansMono-Oblique.ttf) oblique normal 400 normal>) = 11.05
2026-06-26 12:27:59,589 DEBUG matplotlib.font_manager: findfont: score(<Font 'DejaVu Serif' (DejaVuSerif-Bold.ttf) normal normal 700 normal>) = 10.335
2026-06-26 12:27:59,589 DEBUG matplotlib.font_manager: findfont: score(<Font 'STIXSizeFiveSym' (STIXSizFiveSymReg.ttf) normal normal 400 normal>) = 10.05
2026-06-26 12:27:59,589 DEBUG matplotlib.font_manager: findfont: score(<Font 'cmmi10' (cmmi10.ttf) normal normal 400 normal>) = 10.05
2026-06-26 12:27:59,589 DEBUG matplotlib.font_manager: findfont: score(<Font 'STIXNonUnicode' (STIXNonUni.ttf) normal normal 400 normal>) = 10.05
2026-06-26 12:27:59,589 DEBUG matplotlib.font_manager: findfont: score(<Font 'DejaVu Sans Mono' (DejaVuSansMono-BoldOblique.ttf) oblique normal 700 normal>) = 11.335
2026-06-26 12:27:59,589 DEBUG matplotlib.font_manager: findfont: score(<Font 'STIXNonUnicode' (STIXNonUniBol.ttf) normal normal 700 normal>) = 10.335
2026-06-26 12:27:59,590 DEBUG matplotlib.font_manager: findfont: score(<Font 'DejaVu Sans Display' (DejaVuSansDisplay.ttf) normal normal 400 normal>) = 10.05
2026-06-26 12:27:59,590 DEBUG matplotlib.font_manager: findfont: score(<Font 'STIXSizeTwoSym' (STIXSizTwoSymBol.ttf) normal normal 700 normal>) = 10.335
2026-06-26 12:27:59,590 DEBUG matplotlib.font_manager: findfont: score(<Font 'DejaVu Serif' (DejaVuSerif-Italic.ttf) italic normal 400 normal>) = 11.05
2026-06-26 12:27:59,590 DEBUG matplotlib.font_manager: findfont: score(<Font 'DejaVu Sans' (DejaVuSans-Bold.ttf) normal normal 700 normal>) = 0.33499999999999996
2026-06-26 12:27:59,590 DEBUG matplotlib.font_manager: findfont: score(<Font 'DejaVu Sans' (DejaVuSans-Oblique.ttf) oblique normal 400 normal>) = 1.05
2026-06-26 12:27:59,590 DEBUG matplotlib.font_manager: findfont: score(<Font 'DejaVu Serif' (DejaVuSerif-BoldItalic.ttf) italic normal 700 normal>) = 11.335
2026-06-26 12:27:59,590 DEBUG matplotlib.font_manager: findfont: score(<Font 'STIXNonUnicode' (STIXNonUniIta.ttf) italic normal 400 normal>) = 11.05
2026-06-26 12:27:59,590 DEBUG matplotlib.font_manager: findfont: score(<Font 'STIXSizeFourSym' (STIXSizFourSymBol.ttf) normal normal 700 normal>) = 10.335
2026-06-26 12:27:59,590 DEBUG matplotlib.font_manager: findfont: score(<Font 'cmex10' (cmex10.ttf) normal normal 400 normal>) = 10.05
2026-06-26 12:27:59,590 DEBUG matplotlib.font_manager: findfont: score(<Font 'STIXSizeOneSym' (STIXSizOneSymBol.ttf) normal normal 700 normal>) = 10.335
2026-06-26 12:27:59,590 DEBUG matplotlib.font_manager: findfont: score(<Font 'DejaVu Sans' (DejaVuSans.ttf) normal normal 400 normal>) = 0.05
2026-06-26 12:27:59,590 DEBUG matplotlib.font_manager: findfont: score(<Font 'cmsy10' (cmsy10.ttf) normal normal 400 normal>) = 10.05
2026-06-26 12:27:59,590 DEBUG matplotlib.font_manager: findfont: score(<Font 'DejaVu Sans Mono' (DejaVuSansMono.ttf) normal normal 400 normal>) = 10.05
2026-06-26 12:27:59,590 DEBUG matplotlib.font_manager: findfont: score(<Font 'STIXSizeTwoSym' (STIXSizTwoSymReg.ttf) normal normal 400 normal>) = 10.05
2026-06-26 12:27:59,590 DEBUG matplotlib.font_manager: findfont: score(<Font 'cmtt10' (cmtt10.ttf) normal normal 400 normal>) = 10.05
2026-06-26 12:27:59,590 DEBUG matplotlib.font_manager: findfont: score(<Font 'STIXSizeThreeSym' (STIXSizThreeSymBol.ttf) normal normal 700 normal>) = 10.335
2026-06-26 12:27:59,590 DEBUG matplotlib.font_manager: findfont: score(<Font 'DejaVu Sans Mono' (DejaVuSansMono-Bold.ttf) normal normal 700 normal>) = 10.335
2026-06-26 12:27:59,590 DEBUG matplotlib.font_manager: findfont: score(<Font 'STIXSizeOneSym' (STIXSizOneSymReg.ttf) normal normal 400 normal>) = 10.05
2026-06-26 12:27:59,590 DEBUG matplotlib.font_manager: findfont: score(<Font 'cmb10' (cmb10.ttf) normal normal 400 normal>) = 10.05
2026-06-26 12:27:59,590 DEBUG matplotlib.font_manager: findfont: score(<Font 'STIXGeneral' (STIXGeneralItalic.ttf) italic normal 400 normal>) = 11.05
2026-06-26 12:27:59,590 DEBUG matplotlib.font_manager: findfont: score(<Font 'DejaVu Serif Display' (DejaVuSerifDisplay.ttf) normal normal 400 normal>) = 10.05
2026-06-26 12:27:59,590 DEBUG matplotlib.font_manager: findfont: score(<Font 'STIXSizeFourSym' (STIXSizFourSymReg.ttf) normal normal 400 normal>) = 10.05
2026-06-26 12:27:59,590 DEBUG matplotlib.font_manager: findfont: score(<Font 'STIXGeneral' (STIXGeneralBolIta.ttf) italic normal 700 normal>) = 11.335
2026-06-26 12:27:59,590 DEBUG matplotlib.font_manager: findfont: score(<Font 'STIXGeneral' (STIXGeneral.ttf) normal normal 400 normal>) = 10.05
2026-06-26 12:27:59,590 DEBUG matplotlib.font_manager: findfont: score(<Font 'cmss10' (cmss10.ttf) normal normal 400 normal>) = 10.05
2026-06-26 12:27:59,590 DEBUG matplotlib.font_manager: findfont: score(<Font 'DejaVu Serif' (DejaVuSerif.ttf) normal normal 400 normal>) = 10.05
2026-06-26 12:27:59,590 DEBUG matplotlib.font_manager: findfont: score(<Font 'STIXNonUnicode' (STIXNonUniBolIta.ttf) italic normal 700 normal>) = 11.335
2026-06-26 12:27:59,590 DEBUG matplotlib.font_manager: findfont: score(<Font 'STIXGeneral' (STIXGeneralBol.ttf) normal normal 700 normal>) = 10.335
2026-06-26 12:27:59,590 DEBUG matplotlib.font_manager: findfont: score(<Font 'cmr10' (cmr10.ttf) normal normal 400 normal>) = 10.05
2026-06-26 12:27:59,591 DEBUG matplotlib.font_manager: findfont: score(<Font 'DejaVu Sans' (DejaVuSans.ttf) normal normal 400 normal>) = 0.05
2026-06-26 12:27:59,591 DEBUG matplotlib.font_manager: findfont: score(<Font 'DejaVu Serif' (DejaVuSerif.ttf) normal normal 400 normal>) = 10.05
2026-06-26 12:27:59,591 DEBUG matplotlib.font_manager: findfont: score(<Font 'DejaVu Sans' (DejaVuSans-Bold.ttf) normal normal 700 normal>) = 0.33499999999999996
2026-06-26 12:27:59,591 DEBUG matplotlib.font_manager: findfont: score(<Font 'DejaVu Sans Mono' (DejaVuSansMono.ttf) normal normal 400 normal>) = 10.05
2026-06-26 12:27:59,591 DEBUG matplotlib.font_manager: findfont: score(<Font 'DejaVu Sans Mono' (DejaVuSansMono-Bold.ttf) normal normal 700 normal>) = 10.335
2026-06-26 12:27:59,591 DEBUG matplotlib.font_manager: findfont: score(<Font 'DejaVu Serif' (DejaVuSerif-Bold.ttf) normal normal 700 normal>) = 10.335
2026-06-26 12:27:59,591 DEBUG matplotlib.font_manager: findfont: Matching sans\-serif:style=normal:variant=normal:weight=normal:stretch=normal:size=12.0 to DejaVu Sans ('/tmp/_MEIIvbjfv/matplotlib/mpl-data/fonts/ttf/DejaVuSans.ttf') with score of 0.050000.
2026-06-26 12:27:59,596 DEBUG matplotlib.font_manager: findfont: Matching sans\-serif:style=normal:variant=normal:weight=normal:stretch=normal:size=10.0.
2026-06-26 12:27:59,596 DEBUG matplotlib.font_manager: findfont: score(<Font 'STIXSizeThreeSym' (STIXSizThreeSymReg.ttf) normal normal 400 normal>) = 10.05
2026-06-26 12:27:59,596 DEBUG matplotlib.font_manager: findfont: score(<Font 'DejaVu Sans' (DejaVuSans-BoldOblique.ttf) oblique normal 700 normal>) = 1.335
2026-06-26 12:27:59,596 DEBUG matplotlib.font_manager: findfont: score(<Font 'DejaVu Sans Mono' (DejaVuSansMono-Oblique.ttf) oblique normal 400 normal>) = 11.05
2026-06-26 12:27:59,596 DEBUG matplotlib.font_manager: findfont: score(<Font 'DejaVu Serif' (DejaVuSerif-Bold.ttf) normal normal 700 normal>) = 10.335
2026-06-26 12:27:59,596 DEBUG matplotlib.font_manager: findfont: score(<Font 'STIXSizeFiveSym' (STIXSizFiveSymReg.ttf) normal normal 400 normal>) = 10.05
2026-06-26 12:27:59,596 DEBUG matplotlib.font_manager: findfont: score(<Font 'cmmi10' (cmmi10.ttf) normal normal 400 normal>) = 10.05
2026-06-26 12:27:59,596 DEBUG matplotlib.font_manager: findfont: score(<Font 'STIXNonUnicode' (STIXNonUni.ttf) normal normal 400 normal>) = 10.05
2026-06-26 12:27:59,596 DEBUG matplotlib.font_manager: findfont: score(<Font 'DejaVu Sans Mono' (DejaVuSansMono-BoldOblique.ttf) oblique normal 700 normal>) = 11.335
2026-06-26 12:27:59,597 DEBUG matplotlib.font_manager: findfont: score(<Font 'STIXNonUnicode' (STIXNonUniBol.ttf) normal normal 700 normal>) = 10.335
2026-06-26 12:27:59,597 DEBUG matplotlib.font_manager: findfont: score(<Font 'DejaVu Sans Display' (DejaVuSansDisplay.ttf) normal normal 400 normal>) = 10.05
2026-06-26 12:27:59,597 DEBUG matplotlib.font_manager: findfont: score(<Font 'STIXSizeTwoSym' (STIXSizTwoSymBol.ttf) normal normal 700 normal>) = 10.335
2026-06-26 12:27:59,597 DEBUG matplotlib.font_manager: findfont: score(<Font 'DejaVu Serif' (DejaVuSerif-Italic.ttf) italic normal 400 normal>) = 11.05
2026-06-26 12:27:59,597 DEBUG matplotlib.font_manager: findfont: score(<Font 'DejaVu Sans' (DejaVuSans-Bold.ttf) normal normal 700 normal>) = 0.33499999999999996
2026-06-26 12:27:59,597 DEBUG matplotlib.font_manager: findfont: score(<Font 'DejaVu Sans' (DejaVuSans-Oblique.ttf) oblique normal 400 normal>) = 1.05
2026-06-26 12:27:59,597 DEBUG matplotlib.font_manager: findfont: score(<Font 'DejaVu Serif' (DejaVuSerif-BoldItalic.ttf) italic normal 700 normal>) = 11.335
2026-06-26 12:27:59,597 DEBUG matplotlib.font_manager: findfont: score(<Font 'STIXNonUnicode' (STIXNonUniIta.ttf) italic normal 400 normal>) = 11.05
2026-06-26 12:27:59,597 DEBUG matplotlib.font_manager: findfont: score(<Font 'STIXSizeFourSym' (STIXSizFourSymBol.ttf) normal normal 700 normal>) = 10.335
2026-06-26 12:27:59,597 DEBUG matplotlib.font_manager: findfont: score(<Font 'cmex10' (cmex10.ttf) normal normal 400 normal>) = 10.05
2026-06-26 12:27:59,597 DEBUG matplotlib.font_manager: findfont: score(<Font 'STIXSizeOneSym' (STIXSizOneSymBol.ttf) normal normal 700 normal>) = 10.335
2026-06-26 12:27:59,597 DEBUG matplotlib.font_manager: findfont: score(<Font 'DejaVu Sans' (DejaVuSans.ttf) normal normal 400 normal>) = 0.05
2026-06-26 12:27:59,597 DEBUG matplotlib.font_manager: findfont: score(<Font 'cmsy10' (cmsy10.ttf) normal normal 400 normal>) = 10.05
2026-06-26 12:27:59,597 DEBUG matplotlib.font_manager: findfont: score(<Font 'DejaVu Sans Mono' (DejaVuSansMono.ttf) normal normal 400 normal>) = 10.05
2026-06-26 12:27:59,597 DEBUG matplotlib.font_manager: findfont: score(<Font 'STIXSizeTwoSym' (STIXSizTwoSymReg.ttf) normal normal 400 normal>) = 10.05
2026-06-26 12:27:59,597 DEBUG matplotlib.font_manager: findfont: score(<Font 'cmtt10' (cmtt10.ttf) normal normal 400 normal>) = 10.05
2026-06-26 12:27:59,597 DEBUG matplotlib.font_manager: findfont: score(<Font 'STIXSizeThreeSym' (STIXSizThreeSymBol.ttf) normal normal 700 normal>) = 10.335
2026-06-26 12:27:59,597 DEBUG matplotlib.font_manager: findfont: score(<Font 'DejaVu Sans Mono' (DejaVuSansMono-Bold.ttf) normal normal 700 normal>) = 10.335
2026-06-26 12:27:59,597 DEBUG matplotlib.font_manager: findfont: score(<Font 'STIXSizeOneSym' (STIXSizOneSymReg.ttf) normal normal 400 normal>) = 10.05
2026-06-26 12:27:59,597 DEBUG matplotlib.font_manager: findfont: score(<Font 'cmb10' (cmb10.ttf) normal normal 400 normal>) = 10.05
2026-06-26 12:27:59,597 DEBUG matplotlib.font_manager: findfont: score(<Font 'STIXGeneral' (STIXGeneralItalic.ttf) italic normal 400 normal>) = 11.05
2026-06-26 12:27:59,597 DEBUG matplotlib.font_manager: findfont: score(<Font 'DejaVu Serif Display' (DejaVuSerifDisplay.ttf) normal normal 400 normal>) = 10.05
2026-06-26 12:27:59,597 DEBUG matplotlib.font_manager: findfont: score(<Font 'STIXSizeFourSym' (STIXSizFourSymReg.ttf) normal normal 400 normal>) = 10.05
2026-06-26 12:27:59,597 DEBUG matplotlib.font_manager: findfont: score(<Font 'STIXGeneral' (STIXGeneralBolIta.ttf) italic normal 700 normal>) = 11.335
2026-06-26 12:27:59,597 DEBUG matplotlib.font_manager: findfont: score(<Font 'STIXGeneral' (STIXGeneral.ttf) normal normal 400 normal>) = 10.05
2026-06-26 12:27:59,597 DEBUG matplotlib.font_manager: findfont: score(<Font 'cmss10' (cmss10.ttf) normal normal 400 normal>) = 10.05
2026-06-26 12:27:59,597 DEBUG matplotlib.font_manager: findfont: score(<Font 'DejaVu Serif' (DejaVuSerif.ttf) normal normal 400 normal>) = 10.05
2026-06-26 12:27:59,597 DEBUG matplotlib.font_manager: findfont: score(<Font 'STIXNonUnicode' (STIXNonUniBolIta.ttf) italic normal 700 normal>) = 11.335
2026-06-26 12:27:59,597 DEBUG matplotlib.font_manager: findfont: score(<Font 'STIXGeneral' (STIXGeneralBol.ttf) normal normal 700 normal>) = 10.335
2026-06-26 12:27:59,597 DEBUG matplotlib.font_manager: findfont: score(<Font 'cmr10' (cmr10.ttf) normal normal 400 normal>) = 10.05
2026-06-26 12:27:59,598 DEBUG matplotlib.font_manager: findfont: score(<Font 'DejaVu Sans' (DejaVuSans.ttf) normal normal 400 normal>) = 0.05
2026-06-26 12:27:59,598 DEBUG matplotlib.font_manager: findfont: score(<Font 'DejaVu Serif' (DejaVuSerif.ttf) normal normal 400 normal>) = 10.05
2026-06-26 12:27:59,598 DEBUG matplotlib.font_manager: findfont: score(<Font 'DejaVu Sans' (DejaVuSans-Bold.ttf) normal normal 700 normal>) = 0.33499999999999996
2026-06-26 12:27:59,598 DEBUG matplotlib.font_manager: findfont: score(<Font 'DejaVu Sans Mono' (DejaVuSansMono.ttf) normal normal 400 normal>) = 10.05
2026-06-26 12:27:59,598 DEBUG matplotlib.font_manager: findfont: score(<Font 'DejaVu Sans Mono' (DejaVuSansMono-Bold.ttf) normal normal 700 normal>) = 10.335
2026-06-26 12:27:59,598 DEBUG matplotlib.font_manager: findfont: score(<Font 'DejaVu Serif' (DejaVuSerif-Bold.ttf) normal normal 700 normal>) = 10.335
2026-06-26 12:27:59,598 DEBUG matplotlib.font_manager: findfont: Matching sans\-serif:style=normal:variant=normal:weight=normal:stretch=normal:size=10.0 to DejaVu Sans ('/tmp/_MEIIvbjfv/matplotlib/mpl-data/fonts/ttf/DejaVuSans.ttf') with score of 0.050000.
2026-06-26 12:27:59,671 INFO utils.complier: analyse  formula:[{'type': 'VARIABLE_DICT', 'value': '{{{ISU.AP_PERF_INST_CYCLES_MMA}}}'}, {'type': 'VARIABLE_DICT', 'value': '{{{ISU.AP_PERF_INST_CYCLES_MMA}}}'}, {'type': 'VARIABLE_DICT', 'value': '{{{ISU.AP_PERF_INST_CYCLES_VALU}}}'}]
2026-06-26 12:27:59,671 INFO utils.complier: analyse  formula:[]
2026-06-26 12:27:59,672 INFO utils.complier: analyse  formula:[]
2026-06-26 12:27:59,673 INFO utils.complier: analyse  formula:[{'type': 'PROC_VAR', 'value': '$dpcs'}, {'type': 'PROC_VAR', 'value': '$RET'}, {'type': 'PROC_VAR', 'value': '$dpcs'}]
2026-06-26 12:27:59,673 INFO utils.complier: analyse  formula:[{'type': 'VARIABLE_DICT', 'value': '{{{ISU.AP_PERF_INST_CYCLES_MMA}}}'}, {'type': 'VARIABLE_DICT', 'value': '{{{ISU.AP_PERF_INST_CYCLES_MMA}}}'}, {'type': 'VARIABLE_DICT', 'value': '{{{ISU.AP_PERF_INST_CYCLES_VALU}}}'}]
2026-06-26 12:27:59,674 INFO utils.complier: analyse  formula:[]
2026-06-26 12:27:59,675 INFO utils.complier: analyse  formula:[]
2026-06-26 12:27:59,677 INFO utils.complier: analyse  formula:[]
2026-06-26 12:27:59,768 INFO utils.complier: analyse  formula:[{'type': 'VARIABLE', 'value': '{{ISU.AP_PERF_INSTS_VALU}}'}, {'type': 'VARIABLE', 'value': '{{ISU.AP_PERF_INSTS_MMA}}'}, {'type': 'VARIABLE', 'value': '{{ISU.AP_PERF_INSTS_SALU}}'}, {'type': 'VARIABLE', 'value': '{{ISU.AP_PERF_INSTS_GVM}}'}, {'type': 'VARIABLE', 'value': '{{ISU.AP_PERF_INSTS_BSM}}'}, {'type': 'VARIABLE', 'value': '{{ISU.AP_PERF_INSTS_LDU}}'}, {'type': 'VARIABLE', 'value': '{{ISU.AP_PERF_INST_MISC}}'}]
2026-06-26 12:27:59,769 INFO utils.complier: analyse  formula:[]
2026-06-26 12:27:59,770 INFO utils.complier: analyse  formula:[]
2026-06-26 12:27:59,772 INFO utils.complier: analyse  formula:[{'type': 'PROC_VAR', 'value': '$valu'}, {'type': 'PROC_VAR', 'value': '$mma'}, {'type': 'PROC_VAR', 'value': '$salu'}, {'type': 'PROC_VAR', 'value': '$gvm'}, {'type': 'PROC_VAR', 'value': '$bsm'}, {'type': 'PROC_VAR', 'value': '$ldu'}, {'type': 'PROC_VAR', 'value': '$misc'}, {'type': 'PROC_VAR', 'value': '$RET'}, {'type': 'PROC_VAR', 'value': '$valu'}, {'type': 'PROC_VAR', 'value': '$mma'}, {'type': 'PROC_VAR', 'value': '$salu'}, {'type': 'PROC_VAR', 'value': '$gvm'}, {'type': 'PROC_VAR', 'value': '$bsm'}, {'type': 'PROC_VAR', 'value': '$ldu'}, {'type': 'PROC_VAR', 'value': '$misc'}]
2026-06-26 12:27:59,774 INFO utils.complier: analyse  formula:[]
2026-06-26 12:27:59,776 INFO utils.complier: analyse  formula:[{'type': 'VARIABLE', 'value': '{{ISU.AP_PERF_INSTS_VALU}}'}, {'type': 'VARIABLE', 'value': '{{ISU.AP_PERF_INSTS_MMA}}'}, {'type': 'VARIABLE', 'value': '{{ISU.AP_PERF_INSTS_SALU}}'}, {'type': 'VARIABLE', 'value': '{{ISU.AP_PERF_INSTS_GVM}}'}, {'type': 'VARIABLE', 'value': '{{ISU.AP_PERF_INSTS_BSM}}'}, {'type': 'VARIABLE', 'value': '{{ISU.AP_PERF_INSTS_LDU}}'}, {'type': 'VARIABLE', 'value': '{{ISU.AP_PERF_INST_MISC}}'}]
2026-06-26 12:27:59,778 INFO utils.complier: analyse  formula:[]
2026-06-26 12:27:59,781 INFO utils.complier: analyse  formula:[]
2026-06-26 12:27:59,873 INFO utils.complier: analyse  formula:[{'type': 'VARIABLE', 'value': '{{ISU.AP_PERF_ISU_ARB_WSM_STALL}}'}, {'type': 'VARIABLE', 'value': '{{ISU.AP_PERF_ISU_ARB_VLS_STALL}}'}, {'type': 'VARIABLE', 'value': '{{ISU.AP_PERF_ISU_ARB_DATA_STALL}}'}, {'type': 'VARIABLE', 'value': '{{ISU.AP_PERF_ISU_ARB_VALU_STALL}}'}]
2026-06-26 12:27:59,874 INFO utils.complier: analyse  formula:[]
2026-06-26 12:27:59,875 INFO utils.complier: analyse  formula:[]
2026-06-26 12:27:59,876 INFO utils.complier: analyse  formula:[{'type': 'PROC_VAR', 'value': '$RET'}]
2026-06-26 12:27:59,877 INFO utils.complier: analyse  formula:[]
2026-06-26 12:27:59,878 INFO utils.complier: analyse  formula:[{'type': 'VARIABLE', 'value': '{{ISU.AP_PERF_ISU_ARB_WSM_STALL}}'}, {'type': 'VARIABLE', 'value': '{{ISU.AP_PERF_ISU_ARB_VLS_STALL}}'}, {'type': 'VARIABLE', 'value': '{{ISU.AP_PERF_ISU_ARB_DATA_STALL}}'}, {'type': 'VARIABLE', 'value': '{{ISU.AP_PERF_ISU_ARB_VALU_STALL}}'}]
2026-06-26 12:27:59,879 INFO utils.complier: analyse  formula:[]
2026-06-26 12:27:59,880 INFO utils.complier: analyse  formula:[]
2026-06-26 12:27:59,948 INFO utils.complier: analyse  formula:[]
2026-06-26 12:27:59,948 INFO utils.complier: analyse  formula:[]
2026-06-26 12:27:59,948 INFO utils.complier: analyse  formula:[{'type': 'PRE_VAR', 'value': '@global_insts_rd'}]
2026-06-26 12:27:59,948 INFO utils.complier: analyse  formula:[{'type': 'PROC_VAR', 'value': '$RET'}]
2026-06-26 12:27:59,948 INFO utils.complier: analyse  formula:[]
2026-06-26 12:27:59,948 INFO utils.complier: analyse  formula:[]
2026-06-26 12:27:59,948 INFO utils.complier: analyse  formula:[{'type': 'PRE_VAR', 'value': '@global_insts_rd'}]
2026-06-26 12:27:59,948 INFO utils.complier: analyse  formula:[]
2026-06-26 12:27:59,949 INFO utils.complier: analyse  formula:[]
2026-06-26 12:27:59,949 INFO utils.complier: analyse  formula:[]
2026-06-26 12:27:59,949 INFO utils.complier: analyse  formula:[{'type': 'PRE_VAR', 'value': '@global_insts_wr'}]
2026-06-26 12:27:59,949 INFO utils.complier: analyse  formula:[{'type': 'PROC_VAR', 'value': '$RET'}]
2026-06-26 12:27:59,949 INFO utils.complier: analyse  formula:[]
2026-06-26 12:27:59,949 INFO utils.complier: analyse  formula:[]
2026-06-26 12:27:59,949 INFO utils.complier: analyse  formula:[{'type': 'PRE_VAR', 'value': '@global_insts_wr'}]
2026-06-26 12:27:59,949 INFO utils.complier: analyse  formula:[]
2026-06-26 12:27:59,949 INFO utils.complier: analyse  formula:[{'type': 'VARIABLE', 'value': '{{ISU.AP_PERF_INST_GLOBAL_ATOMIC}}'}, {'type': 'VARIABLE', 'value': '{{ISU.AP_PERF_INST_GLOBAL_ATOMIC_64}}'}]
2026-06-26 12:27:59,949 INFO utils.complier: analyse  formula:[]
2026-06-26 12:27:59,949 INFO utils.complier: analyse  formula:[]
2026-06-26 12:27:59,950 INFO utils.complier: analyse  formula:[{'type': 'PROC_VAR', 'value': '$RET'}]
2026-06-26 12:27:59,950 INFO utils.complier: analyse  formula:[]
2026-06-26 12:27:59,950 INFO utils.complier: analyse  formula:[{'type': 'VARIABLE', 'value': '{{ISU.AP_PERF_INST_GLOBAL_ATOMIC}}'}, {'type': 'VARIABLE', 'value': '{{ISU.AP_PERF_INST_GLOBAL_ATOMIC_64}}'}]
2026-06-26 12:27:59,951 INFO utils.complier: analyse  formula:[]
2026-06-26 12:27:59,951 INFO utils.complier: analyse  formula:[]
2026-06-26 12:27:59,951 INFO utils.complier: analyse  formula:[]
2026-06-26 12:27:59,951 INFO utils.complier: analyse  formula:[]
2026-06-26 12:27:59,951 INFO utils.complier: analyse  formula:[{'type': 'PRE_VAR', 'value': '@private_insts_rd'}]
2026-06-26 12:27:59,951 INFO utils.complier: analyse  formula:[{'type': 'PROC_VAR', 'value': '$RET'}]
2026-06-26 12:27:59,951 INFO utils.complier: analyse  formula:[]
2026-06-26 12:27:59,951 INFO utils.complier: analyse  formula:[]
2026-06-26 12:27:59,951 INFO utils.complier: analyse  formula:[{'type': 'PRE_VAR', 'value': '@private_insts_rd'}]
2026-06-26 12:27:59,952 INFO utils.complier: analyse  formula:[]
2026-06-26 12:27:59,952 INFO utils.complier: analyse  formula:[]
2026-06-26 12:27:59,952 INFO utils.complier: analyse  formula:[]
2026-06-26 12:27:59,952 INFO utils.complier: analyse  formula:[{'type': 'PRE_VAR', 'value': '@private_insts_wr'}]
2026-06-26 12:27:59,952 INFO utils.complier: analyse  formula:[{'type': 'PROC_VAR', 'value': '$RET'}]
2026-06-26 12:27:59,952 INFO utils.complier: analyse  formula:[]
2026-06-26 12:27:59,952 INFO utils.complier: analyse  formula:[]
2026-06-26 12:27:59,952 INFO utils.complier: analyse  formula:[{'type': 'PRE_VAR', 'value': '@private_insts_wr'}]
2026-06-26 12:27:59,952 INFO utils.complier: analyse  formula:[]
2026-06-26 12:27:59,952 INFO utils.complier: analyse  formula:[]
2026-06-26 12:27:59,952 INFO utils.complier: analyse  formula:[]
2026-06-26 12:27:59,952 INFO utils.complier: analyse  formula:[{'type': 'PRE_VAR', 'value': '@ldu_insts_rd'}]
2026-06-26 12:27:59,953 INFO utils.complier: analyse  formula:[{'type': 'PROC_VAR', 'value': '$RET'}]
2026-06-26 12:27:59,953 INFO utils.complier: analyse  formula:[]
2026-06-26 12:27:59,953 INFO utils.complier: analyse  formula:[]
2026-06-26 12:27:59,953 INFO utils.complier: analyse  formula:[{'type': 'PRE_VAR', 'value': '@ldu_insts_rd'}]
2026-06-26 12:27:59,953 INFO utils.complier: analyse  formula:[]
2026-06-26 12:27:59,953 INFO utils.complier: analyse  formula:[]
2026-06-26 12:27:59,953 INFO utils.complier: analyse  formula:[]
2026-06-26 12:27:59,953 INFO utils.complier: analyse  formula:[{'type': 'PRE_VAR', 'value': '@sl1_rd'}]
2026-06-26 12:27:59,953 INFO utils.complier: analyse  formula:[{'type': 'PROC_VAR', 'value': '$RET'}]
2026-06-26 12:27:59,953 INFO utils.complier: analyse  formula:[]
2026-06-26 12:27:59,953 INFO utils.complier: analyse  formula:[]
2026-06-26 12:27:59,954 INFO utils.complier: analyse  formula:[{'type': 'PRE_VAR', 'value': '@sl1_rd'}]
2026-06-26 12:27:59,954 INFO utils.complier: analyse  formula:[]
2026-06-26 12:27:59,954 INFO utils.complier: analyse  formula:[]
2026-06-26 12:27:59,954 INFO utils.complier: analyse  formula:[]
2026-06-26 12:27:59,954 INFO utils.complier: analyse  formula:[{'type': 'PRE_VAR', 'value': '@sl1_l2c_rd'}]
2026-06-26 12:27:59,954 INFO utils.complier: analyse  formula:[{'type': 'PROC_VAR', 'value': '$RET'}]
2026-06-26 12:27:59,954 INFO utils.complier: analyse  formula:[]
2026-06-26 12:27:59,954 INFO utils.complier: analyse  formula:[]
2026-06-26 12:27:59,954 INFO utils.complier: analyse  formula:[{'type': 'PRE_VAR', 'value': '@sl1_l2c_rd'}]
2026-06-26 12:27:59,954 INFO utils.complier: analyse  formula:[]
2026-06-26 12:27:59,954 INFO utils.complier: analyse  formula:[]
2026-06-26 12:27:59,954 INFO utils.complier: analyse  formula:[]
2026-06-26 12:27:59,954 INFO utils.complier: analyse  formula:[{'type': 'PRE_VAR', 'value': '@sl1_hit_rate'}]
2026-06-26 12:27:59,955 INFO utils.complier: analyse  formula:[{'type': 'PROC_VAR', 'value': '$RET'}]
2026-06-26 12:27:59,955 INFO utils.complier: analyse  formula:[]
2026-06-26 12:27:59,955 INFO utils.complier: analyse  formula:[]
2026-06-26 12:27:59,955 INFO utils.complier: analyse  formula:[{'type': 'PRE_VAR', 'value': '@sl1_hit_rate'}]
2026-06-26 12:27:59,955 INFO utils.complier: analyse  formula:[]
2026-06-26 12:27:59,955 INFO utils.complier: analyse  formula:[]
2026-06-26 12:27:59,955 INFO utils.complier: analyse  formula:[]
2026-06-26 12:27:59,955 INFO utils.complier: analyse  formula:[{'type': 'PRE_VAR', 'value': '@vl1_insts_rd'}]
2026-06-26 12:27:59,955 INFO utils.complier: analyse  formula:[{'type': 'PROC_VAR', 'value': '$RET'}]
2026-06-26 12:27:59,955 INFO utils.complier: analyse  formula:[]
2026-06-26 12:27:59,955 INFO utils.complier: analyse  formula:[]
2026-06-26 12:27:59,956 INFO utils.complier: analyse  formula:[{'type': 'PRE_VAR', 'value': '@vl1_insts_rd'}]
2026-06-26 12:27:59,956 INFO utils.complier: analyse  formula:[]
2026-06-26 12:27:59,956 INFO utils.complier: analyse  formula:[]
2026-06-26 12:27:59,956 INFO utils.complier: analyse  formula:[]
2026-06-26 12:27:59,956 INFO utils.complier: analyse  formula:[{'type': 'PRE_VAR', 'value': '@vl1_insts_wr'}]
2026-06-26 12:27:59,956 INFO utils.complier: analyse  formula:[{'type': 'PROC_VAR', 'value': '$RET'}]
2026-06-26 12:27:59,956 INFO utils.complier: analyse  formula:[]
2026-06-26 12:27:59,956 INFO utils.complier: analyse  formula:[]
2026-06-26 12:27:59,956 INFO utils.complier: analyse  formula:[{'type': 'PRE_VAR', 'value': '@vl1_insts_wr'}]
2026-06-26 12:27:59,956 INFO utils.complier: analyse  formula:[]
2026-06-26 12:27:59,956 INFO utils.complier: analyse  formula:[{'type': 'VARIABLE', 'value': '{{VL1.p_total_atomic_instruction_event}}'}]
2026-06-26 12:27:59,957 INFO utils.complier: analyse  formula:[]
2026-06-26 12:27:59,957 INFO utils.complier: analyse  formula:[]
2026-06-26 12:27:59,957 INFO utils.complier: analyse  formula:[{'type': 'PROC_VAR', 'value': '$RET'}]
2026-06-26 12:27:59,957 INFO utils.complier: analyse  formula:[]
2026-06-26 12:27:59,957 INFO utils.complier: analyse  formula:[{'type': 'VARIABLE', 'value': '{{VL1.p_total_atomic_instruction_event}}'}]
2026-06-26 12:27:59,957 INFO utils.complier: analyse  formula:[]
2026-06-26 12:27:59,957 INFO utils.complier: analyse  formula:[]
2026-06-26 12:27:59,958 INFO utils.complier: analyse  formula:[]
2026-06-26 12:27:59,958 INFO utils.complier: analyse  formula:[]
2026-06-26 12:27:59,958 INFO utils.complier: analyse  formula:[{'type': 'PRE_VAR', 'value': '@vl1_hit_rate'}]
2026-06-26 12:27:59,958 INFO utils.complier: analyse  formula:[{'type': 'PROC_VAR', 'value': '$RET'}]
2026-06-26 12:27:59,958 INFO utils.complier: analyse  formula:[]
2026-06-26 12:27:59,958 INFO utils.complier: analyse  formula:[]
2026-06-26 12:27:59,958 INFO utils.complier: analyse  formula:[{'type': 'PRE_VAR', 'value': '@vl1_hit_rate'}]
2026-06-26 12:27:59,958 INFO utils.complier: analyse  formula:[]
2026-06-26 12:27:59,958 INFO utils.complier: analyse  formula:[]
2026-06-26 12:27:59,958 INFO utils.complier: analyse  formula:[]
2026-06-26 12:27:59,958 INFO utils.complier: analyse  formula:[{'type': 'PRE_VAR', 'value': '@l2c_insts_rd'}]
2026-06-26 12:27:59,958 INFO utils.complier: analyse  formula:[{'type': 'PROC_VAR', 'value': '$RET'}]
2026-06-26 12:27:59,958 INFO utils.complier: analyse  formula:[]
2026-06-26 12:27:59,959 INFO utils.complier: analyse  formula:[]
2026-06-26 12:27:59,959 INFO utils.complier: analyse  formula:[{'type': 'PRE_VAR', 'value': '@l2c_insts_rd'}]
2026-06-26 12:27:59,959 INFO utils.complier: analyse  formula:[]
2026-06-26 12:27:59,959 INFO utils.complier: analyse  formula:[]
2026-06-26 12:27:59,959 INFO utils.complier: analyse  formula:[]
2026-06-26 12:27:59,959 INFO utils.complier: analyse  formula:[{'type': 'PRE_VAR', 'value': '@l2c_insts_wr'}]
2026-06-26 12:27:59,959 INFO utils.complier: analyse  formula:[{'type': 'PROC_VAR', 'value': '$RET'}]
2026-06-26 12:27:59,959 INFO utils.complier: analyse  formula:[]
2026-06-26 12:27:59,959 INFO utils.complier: analyse  formula:[]
2026-06-26 12:27:59,959 INFO utils.complier: analyse  formula:[{'type': 'PRE_VAR', 'value': '@l2c_insts_wr'}]
2026-06-26 12:27:59,960 INFO utils.complier: analyse  formula:[]
2026-06-26 12:27:59,960 INFO utils.complier: analyse  formula:[{'type': 'VARIABLE', 'value': '{{L2C.perf_atomic_req}}'}]
2026-06-26 12:27:59,960 INFO utils.complier: analyse  formula:[]
2026-06-26 12:27:59,960 INFO utils.complier: analyse  formula:[]
2026-06-26 12:27:59,960 INFO utils.complier: analyse  formula:[{'type': 'PROC_VAR', 'value': '$RET'}]
2026-06-26 12:27:59,960 INFO utils.complier: analyse  formula:[]
2026-06-26 12:27:59,960 INFO utils.complier: analyse  formula:[{'type': 'VARIABLE', 'value': '{{L2C.perf_atomic_req}}'}]
2026-06-26 12:27:59,960 INFO utils.complier: analyse  formula:[]
2026-06-26 12:27:59,961 INFO utils.complier: analyse  formula:[]
2026-06-26 12:27:59,961 INFO utils.complier: analyse  formula:[]
2026-06-26 12:27:59,961 INFO utils.complier: analyse  formula:[]
2026-06-26 12:27:59,961 INFO utils.complier: analyse  formula:[{'type': 'PRE_VAR', 'value': '@l2c_hit_rate'}]
2026-06-26 12:27:59,961 INFO utils.complier: analyse  formula:[{'type': 'PROC_VAR', 'value': '$RET'}]
2026-06-26 12:27:59,961 INFO utils.complier: analyse  formula:[]
2026-06-26 12:27:59,961 INFO utils.complier: analyse  formula:[]
2026-06-26 12:27:59,961 INFO utils.complier: analyse  formula:[{'type': 'PRE_VAR', 'value': '@l2c_hit_rate'}]
2026-06-26 12:27:59,961 INFO utils.complier: analyse  formula:[]
2026-06-26 12:27:59,961 INFO utils.complier: analyse  formula:[{'type': 'VARIABLE', 'value': '{{ISU.AP_PERF_INSTS_GVM_ATOMIC}}'}, {'type': 'VARIABLE', 'value': '{{ISU.AP_PERF_INST_BSM_ATOMIC}}'}]
2026-06-26 12:27:59,961 INFO utils.complier: analyse  formula:[]
2026-06-26 12:27:59,961 INFO utils.complier: analyse  formula:[]
2026-06-26 12:27:59,962 INFO utils.complier: analyse  formula:[{'type': 'PROC_VAR', 'value': '$RET'}]
2026-06-26 12:27:59,962 INFO utils.complier: analyse  formula:[]
2026-06-26 12:27:59,962 INFO utils.complier: analyse  formula:[{'type': 'VARIABLE', 'value': '{{ISU.AP_PERF_INSTS_GVM_ATOMIC}}'}, {'type': 'VARIABLE', 'value': '{{ISU.AP_PERF_INST_BSM_ATOMIC}}'}]
2026-06-26 12:27:59,963 INFO utils.complier: analyse  formula:[]
2026-06-26 12:27:59,963 INFO utils.complier: analyse  formula:[]
2026-06-26 12:27:59,963 INFO utils.complier: analyse  formula:[{'type': 'VARIABLE', 'value': '{{L2C.perf_dnoc_rdreq}}'}]
2026-06-26 12:27:59,963 INFO utils.complier: analyse  formula:[]
2026-06-26 12:27:59,963 INFO utils.complier: analyse  formula:[]
2026-06-26 12:27:59,963 INFO utils.complier: analyse  formula:[{'type': 'PROC_VAR', 'value': '$RET'}]
2026-06-26 12:27:59,963 INFO utils.complier: analyse  formula:[]
2026-06-26 12:27:59,963 INFO utils.complier: analyse  formula:[{'type': 'VARIABLE', 'value': '{{L2C.perf_dnoc_rdreq}}'}]
2026-06-26 12:27:59,964 INFO utils.complier: analyse  formula:[]
2026-06-26 12:27:59,964 INFO utils.complier: analyse  formula:[]
2026-06-26 12:27:59,964 INFO utils.complier: analyse  formula:[{'type': 'VARIABLE', 'value': '{{L2C.perf_dnoc_wrreq}}'}]
2026-06-26 12:27:59,964 INFO utils.complier: analyse  formula:[]
2026-06-26 12:27:59,964 INFO utils.complier: analyse  formula:[]
2026-06-26 12:27:59,964 INFO utils.complier: analyse  formula:[{'type': 'PROC_VAR', 'value': '$RET'}]
2026-06-26 12:27:59,964 INFO utils.complier: analyse  formula:[]
2026-06-26 12:27:59,964 INFO utils.complier: analyse  formula:[{'type': 'VARIABLE', 'value': '{{L2C.perf_dnoc_wrreq}}'}]
2026-06-26 12:27:59,964 INFO utils.complier: analyse  formula:[]
2026-06-26 12:27:59,965 INFO utils.complier: analyse  formula:[]
2026-06-26 12:27:59,965 INFO utils.complier: analyse  formula:[{'type': 'VARIABLE', 'value': '{{L2C.perf_dnoc_rdreq_32B}}'}, {'type': 'VARIABLE', 'value': '{{L2C.perf_dnoc_rdreq_64B}}'}, {'type': 'VARIABLE', 'value': '{{L2C.perf_dnoc_rdreq_128B}}'}]
2026-06-26 12:27:59,965 INFO utils.complier: analyse  formula:[]
2026-06-26 12:27:59,965 INFO utils.complier: analyse  formula:[]
2026-06-26 12:27:59,965 INFO utils.complier: analyse  formula:[{'type': 'PROC_VAR', 'value': '$RET'}]
2026-06-26 12:27:59,966 INFO utils.complier: analyse  formula:[]
2026-06-26 12:27:59,966 INFO utils.complier: analyse  formula:[{'type': 'VARIABLE', 'value': '{{L2C.perf_dnoc_rdreq_32B}}'}, {'type': 'VARIABLE', 'value': '{{L2C.perf_dnoc_rdreq_64B}}'}, {'type': 'VARIABLE', 'value': '{{L2C.perf_dnoc_rdreq_128B}}'}]
2026-06-26 12:27:59,966 INFO utils.complier: analyse  formula:[]
2026-06-26 12:27:59,967 INFO utils.complier: analyse  formula:[]
2026-06-26 12:27:59,967 INFO utils.complier: analyse  formula:[{'type': 'VARIABLE', 'value': '{{L2C.perf_dnoc_wrreq_32B_low}}'}, {'type': 'VARIABLE', 'value': '{{L2C.perf_dnoc_wrreq_32B_high}}'}, {'type': 'VARIABLE', 'value': '{{L2C.perf_dnoc_wrreq_64B}}'}, {'type': 'VARIABLE', 'value': '{{L2C.perf_dnoc_wrreq_128B}}'}]
2026-06-26 12:27:59,967 INFO utils.complier: analyse  formula:[]
2026-06-26 12:27:59,967 INFO utils.complier: analyse  formula:[]
2026-06-26 12:27:59,968 INFO utils.complier: analyse  formula:[{'type': 'PROC_VAR', 'value': '$RET'}]
2026-06-26 12:27:59,968 INFO utils.complier: analyse  formula:[]
2026-06-26 12:27:59,968 INFO utils.complier: analyse  formula:[{'type': 'VARIABLE', 'value': '{{L2C.perf_dnoc_wrreq_32B_low}}'}, {'type': 'VARIABLE', 'value': '{{L2C.perf_dnoc_wrreq_32B_high}}'}, {'type': 'VARIABLE', 'value': '{{L2C.perf_dnoc_wrreq_64B}}'}, {'type': 'VARIABLE', 'value': '{{L2C.perf_dnoc_wrreq_128B}}'}]
2026-06-26 12:27:59,969 INFO utils.complier: analyse  formula:[]
2026-06-26 12:27:59,969 INFO utils.complier: analyse  formula:[]
2026-06-26 12:27:59,972 INFO utils.complier: analyse  formula:[]
2026-06-26 12:27:59,976 INFO utils.complier: analyse  formula:[]
2026-06-26 12:27:59,979 INFO utils.complier: analyse  formula:[{'type': 'PRE_VAR', 'value': '@vl1_hit_rate'}, {'type': 'PRE_VAR', 'value': '@l2c_hit_rate'}, {'type': 'PRE_VAR', 'value': '@sl1_hit_rate'}, {'type': 'PRE_VAR', 'value': '@global_insts_rd'}, {'type': 'PRE_VAR', 'value': '@global_insts_wr'}, {'type': 'PRE_VAR', 'value': '@private_insts_rd'}, {'type': 'PRE_VAR', 'value': '@private_insts_wr'}, {'type': 'PRE_VAR', 'value': '@generic_insts_rd'}, {'type': 'PRE_VAR', 'value': '@generic_insts_wr'}, {'type': 'PRE_VAR', 'value': '@ldu_insts_rd'}, {'type': 'PRE_VAR', 'value': '@bsm_insts_rd'}, {'type': 'PRE_VAR', 'value': '@bsm_insts_wr'}, {'type': 'PRE_VAR', 'value': '@vl1_insts_rd'}, {'type': 'PRE_VAR', 'value': '@vl1_insts_wr'}, {'type': 'PRE_VAR', 'value': '@sl1_rd'}, {'type': 'PRE_VAR', 'value': '@sl1_l2c_rd'}, {'type': 'PRE_VAR', 'value': '@l2c_insts_rd'}, {'type': 'PRE_VAR', 'value': '@l2c_insts_wr'}]
2026-06-26 12:27:59,994 INFO utils.complier: analyse  formula:[{'type': 'PROC_VAR', 'value': '$RET'}]
2026-06-26 12:27:59,997 INFO utils.complier: analyse  formula:[]
2026-06-26 12:28:00,001 INFO utils.complier: analyse  formula:[]
2026-06-26 12:28:00,004 INFO utils.complier: analyse  formula:[{'type': 'PRE_VAR', 'value': '@vl1_hit_rate'}, {'type': 'PRE_VAR', 'value': '@l2c_hit_rate'}, {'type': 'PRE_VAR', 'value': '@sl1_hit_rate'}, {'type': 'PRE_VAR', 'value': '@global_insts_rd'}, {'type': 'PRE_VAR', 'value': '@global_insts_wr'}, {'type': 'PRE_VAR', 'value': '@private_insts_rd'}, {'type': 'PRE_VAR', 'value': '@private_insts_wr'}, {'type': 'PRE_VAR', 'value': '@generic_insts_rd'}, {'type': 'PRE_VAR', 'value': '@generic_insts_wr'}, {'type': 'PRE_VAR', 'value': '@ldu_insts_rd'}, {'type': 'PRE_VAR', 'value': '@bsm_insts_rd'}, {'type': 'PRE_VAR', 'value': '@bsm_insts_wr'}, {'type': 'PRE_VAR', 'value': '@vl1_insts_rd'}, {'type': 'PRE_VAR', 'value': '@vl1_insts_wr'}, {'type': 'PRE_VAR', 'value': '@sl1_rd'}, {'type': 'PRE_VAR', 'value': '@sl1_l2c_rd'}, {'type': 'PRE_VAR', 'value': '@l2c_insts_rd'}, {'type': 'PRE_VAR', 'value': '@l2c_insts_wr'}]
2026-06-26 12:28:00,008 INFO utils.complier: analyse  formula:[]
2026-06-26 12:28:00,084 DEBUG matplotlib.font_manager: findfont: Matching sans\-serif:style=normal:variant=normal:weight=normal:stretch=normal:size=5.789999999999999.
2026-06-26 12:28:00,084 DEBUG matplotlib.font_manager: findfont: score(<Font 'STIXSizeThreeSym' (STIXSizThreeSymReg.ttf) normal normal 400 normal>) = 10.05
2026-06-26 12:28:00,084 DEBUG matplotlib.font_manager: findfont: score(<Font 'DejaVu Sans' (DejaVuSans-BoldOblique.ttf) oblique normal 700 normal>) = 1.335
2026-06-26 12:28:00,085 DEBUG matplotlib.font_manager: findfont: score(<Font 'DejaVu Sans Mono' (DejaVuSansMono-Oblique.ttf) oblique normal 400 normal>) = 11.05
2026-06-26 12:28:00,085 DEBUG matplotlib.font_manager: findfont: score(<Font 'DejaVu Serif' (DejaVuSerif-Bold.ttf) normal normal 700 normal>) = 10.335
2026-06-26 12:28:00,085 DEBUG matplotlib.font_manager: findfont: score(<Font 'STIXSizeFiveSym' (STIXSizFiveSymReg.ttf) normal normal 400 normal>) = 10.05
2026-06-26 12:28:00,085 DEBUG matplotlib.font_manager: findfont: score(<Font 'cmmi10' (cmmi10.ttf) normal normal 400 normal>) = 10.05
2026-06-26 12:28:00,085 DEBUG matplotlib.font_manager: findfont: score(<Font 'STIXNonUnicode' (STIXNonUni.ttf) normal normal 400 normal>) = 10.05
2026-06-26 12:28:00,085 DEBUG matplotlib.font_manager: findfont: score(<Font 'DejaVu Sans Mono' (DejaVuSansMono-BoldOblique.ttf) oblique normal 700 normal>) = 11.335
2026-06-26 12:28:00,085 DEBUG matplotlib.font_manager: findfont: score(<Font 'STIXNonUnicode' (STIXNonUniBol.ttf) normal normal 700 normal>) = 10.335
2026-06-26 12:28:00,085 DEBUG matplotlib.font_manager: findfont: score(<Font 'DejaVu Sans Display' (DejaVuSansDisplay.ttf) normal normal 400 normal>) = 10.05
2026-06-26 12:28:00,085 DEBUG matplotlib.font_manager: findfont: score(<Font 'STIXSizeTwoSym' (STIXSizTwoSymBol.ttf) normal normal 700 normal>) = 10.335
2026-06-26 12:28:00,085 DEBUG matplotlib.font_manager: findfont: score(<Font 'DejaVu Serif' (DejaVuSerif-Italic.ttf) italic normal 400 normal>) = 11.05
2026-06-26 12:28:00,085 DEBUG matplotlib.font_manager: findfont: score(<Font 'DejaVu Sans' (DejaVuSans-Bold.ttf) normal normal 700 normal>) = 0.33499999999999996
2026-06-26 12:28:00,085 DEBUG matplotlib.font_manager: findfont: score(<Font 'DejaVu Sans' (DejaVuSans-Oblique.ttf) oblique normal 400 normal>) = 1.05
2026-06-26 12:28:00,085 DEBUG matplotlib.font_manager: findfont: score(<Font 'DejaVu Serif' (DejaVuSerif-BoldItalic.ttf) italic normal 700 normal>) = 11.335
2026-06-26 12:28:00,085 DEBUG matplotlib.font_manager: findfont: score(<Font 'STIXNonUnicode' (STIXNonUniIta.ttf) italic normal 400 normal>) = 11.05
2026-06-26 12:28:00,085 DEBUG matplotlib.font_manager: findfont: score(<Font 'STIXSizeFourSym' (STIXSizFourSymBol.ttf) normal normal 700 normal>) = 10.335
2026-06-26 12:28:00,085 DEBUG matplotlib.font_manager: findfont: score(<Font 'cmex10' (cmex10.ttf) normal normal 400 normal>) = 10.05
2026-06-26 12:28:00,085 DEBUG matplotlib.font_manager: findfont: score(<Font 'STIXSizeOneSym' (STIXSizOneSymBol.ttf) normal normal 700 normal>) = 10.335
2026-06-26 12:28:00,085 DEBUG matplotlib.font_manager: findfont: score(<Font 'DejaVu Sans' (DejaVuSans.ttf) normal normal 400 normal>) = 0.05
2026-06-26 12:28:00,085 DEBUG matplotlib.font_manager: findfont: score(<Font 'cmsy10' (cmsy10.ttf) normal normal 400 normal>) = 10.05
2026-06-26 12:28:00,085 DEBUG matplotlib.font_manager: findfont: score(<Font 'DejaVu Sans Mono' (DejaVuSansMono.ttf) normal normal 400 normal>) = 10.05
2026-06-26 12:28:00,085 DEBUG matplotlib.font_manager: findfont: score(<Font 'STIXSizeTwoSym' (STIXSizTwoSymReg.ttf) normal normal 400 normal>) = 10.05
2026-06-26 12:28:00,085 DEBUG matplotlib.font_manager: findfont: score(<Font 'cmtt10' (cmtt10.ttf) normal normal 400 normal>) = 10.05
2026-06-26 12:28:00,085 DEBUG matplotlib.font_manager: findfont: score(<Font 'STIXSizeThreeSym' (STIXSizThreeSymBol.ttf) normal normal 700 normal>) = 10.335
2026-06-26 12:28:00,085 DEBUG matplotlib.font_manager: findfont: score(<Font 'DejaVu Sans Mono' (DejaVuSansMono-Bold.ttf) normal normal 700 normal>) = 10.335
2026-06-26 12:28:00,085 DEBUG matplotlib.font_manager: findfont: score(<Font 'STIXSizeOneSym' (STIXSizOneSymReg.ttf) normal normal 400 normal>) = 10.05
2026-06-26 12:28:00,085 DEBUG matplotlib.font_manager: findfont: score(<Font 'cmb10' (cmb10.ttf) normal normal 400 normal>) = 10.05
2026-06-26 12:28:00,085 DEBUG matplotlib.font_manager: findfont: score(<Font 'STIXGeneral' (STIXGeneralItalic.ttf) italic normal 400 normal>) = 11.05
2026-06-26 12:28:00,085 DEBUG matplotlib.font_manager: findfont: score(<Font 'DejaVu Serif Display' (DejaVuSerifDisplay.ttf) normal normal 400 normal>) = 10.05
2026-06-26 12:28:00,085 DEBUG matplotlib.font_manager: findfont: score(<Font 'STIXSizeFourSym' (STIXSizFourSymReg.ttf) normal normal 400 normal>) = 10.05
2026-06-26 12:28:00,085 DEBUG matplotlib.font_manager: findfont: score(<Font 'STIXGeneral' (STIXGeneralBolIta.ttf) italic normal 700 normal>) = 11.335
2026-06-26 12:28:00,086 DEBUG matplotlib.font_manager: findfont: score(<Font 'STIXGeneral' (STIXGeneral.ttf) normal normal 400 normal>) = 10.05
2026-06-26 12:28:00,086 DEBUG matplotlib.font_manager: findfont: score(<Font 'cmss10' (cmss10.ttf) normal normal 400 normal>) = 10.05
2026-06-26 12:28:00,086 DEBUG matplotlib.font_manager: findfont: score(<Font 'DejaVu Serif' (DejaVuSerif.ttf) normal normal 400 normal>) = 10.05
2026-06-26 12:28:00,086 DEBUG matplotlib.font_manager: findfont: score(<Font 'STIXNonUnicode' (STIXNonUniBolIta.ttf) italic normal 700 normal>) = 11.335
2026-06-26 12:28:00,086 DEBUG matplotlib.font_manager: findfont: score(<Font 'STIXGeneral' (STIXGeneralBol.ttf) normal normal 700 normal>) = 10.335
2026-06-26 12:28:00,086 DEBUG matplotlib.font_manager: findfont: score(<Font 'cmr10' (cmr10.ttf) normal normal 400 normal>) = 10.05
2026-06-26 12:28:00,086 DEBUG matplotlib.font_manager: findfont: score(<Font 'DejaVu Sans' (DejaVuSans.ttf) normal normal 400 normal>) = 0.05
2026-06-26 12:28:00,086 DEBUG matplotlib.font_manager: findfont: score(<Font 'DejaVu Serif' (DejaVuSerif.ttf) normal normal 400 normal>) = 10.05
2026-06-26 12:28:00,086 DEBUG matplotlib.font_manager: findfont: score(<Font 'DejaVu Sans' (DejaVuSans-Bold.ttf) normal normal 700 normal>) = 0.33499999999999996
2026-06-26 12:28:00,086 DEBUG matplotlib.font_manager: findfont: score(<Font 'DejaVu Sans Mono' (DejaVuSansMono.ttf) normal normal 400 normal>) = 10.05
2026-06-26 12:28:00,086 DEBUG matplotlib.font_manager: findfont: score(<Font 'DejaVu Sans Mono' (DejaVuSansMono-Bold.ttf) normal normal 700 normal>) = 10.335
2026-06-26 12:28:00,086 DEBUG matplotlib.font_manager: findfont: score(<Font 'DejaVu Serif' (DejaVuSerif-Bold.ttf) normal normal 700 normal>) = 10.335
2026-06-26 12:28:00,086 DEBUG matplotlib.font_manager: findfont: Matching sans\-serif:style=normal:variant=normal:weight=normal:stretch=normal:size=5.789999999999999 to DejaVu Sans ('/tmp/_MEIIvbjfv/matplotlib/mpl-data/fonts/ttf/DejaVuSans.ttf') with score of 0.050000.
2026-06-26 12:28:00,170 INFO utils.complier: analyse  formula:[{'type': 'VARIABLE', 'value': '{{L2C.perf_dnoc_rdreq_inflight_level}}'}, {'type': 'VARIABLE', 'value': '{{L2C.perf_dnoc_rdreq}}'}]
2026-06-26 12:28:00,171 INFO utils.complier: analyse  formula:[]
2026-06-26 12:28:00,171 INFO utils.complier: analyse  formula:[]
2026-06-26 12:28:00,171 INFO utils.complier: analyse  formula:[{'type': 'PROC_VAR', 'value': '$RET'}]
2026-06-26 12:28:00,171 INFO utils.complier: analyse  formula:[]
2026-06-26 12:28:00,171 INFO utils.complier: analyse  formula:[{'type': 'VARIABLE', 'value': '{{L2C.perf_dnoc_rdreq_inflight_level}}'}, {'type': 'VARIABLE', 'value': '{{L2C.perf_dnoc_rdreq}}'}]
2026-06-26 12:28:00,172 INFO utils.complier: analyse  formula:[]
2026-06-26 12:28:00,172 INFO utils.complier: analyse  formula:[]
2026-06-26 12:28:00,172 INFO utils.complier: analyse  formula:[{'type': 'VARIABLE', 'value': '{{L2C.perf_dnoc_rd_histogram_0_255}}'}, {'type': 'VARIABLE', 'value': '{{L2C.perf_dnoc_rd_histogram_256_511}}'}, {'type': 'VARIABLE', 'value': '{{L2C.perf_dnoc_rd_histogram_512_1K}}'}, {'type': 'VARIABLE', 'value': '{{L2C.perf_dnoc_rd_histogram_1K_2K}}'}, {'type': 'VARIABLE', 'value': '{{L2C.perf_dnoc_rd_histogram_2K_INF}}'}]
2026-06-26 12:28:00,173 INFO utils.complier: analyse  formula:[]
2026-06-26 12:28:00,173 INFO utils.complier: analyse  formula:[]
2026-06-26 12:28:00,174 INFO utils.complier: analyse  formula:[{'type': 'PROC_VAR', 'value': '$RET'}]
2026-06-26 12:28:00,175 INFO utils.complier: analyse  formula:[]
2026-06-26 12:28:00,175 INFO utils.complier: analyse  formula:[{'type': 'VARIABLE', 'value': '{{L2C.perf_dnoc_rd_histogram_0_255}}'}, {'type': 'VARIABLE', 'value': '{{L2C.perf_dnoc_rd_histogram_256_511}}'}, {'type': 'VARIABLE', 'value': '{{L2C.perf_dnoc_rd_histogram_512_1K}}'}, {'type': 'VARIABLE', 'value': '{{L2C.perf_dnoc_rd_histogram_1K_2K}}'}, {'type': 'VARIABLE', 'value': '{{L2C.perf_dnoc_rd_histogram_2K_INF}}'}]
2026-06-26 12:28:00,176 INFO utils.complier: analyse  formula:[]
2026-06-26 12:28:00,177 INFO utils.complier: analyse  formula:[]
2026-06-26 12:28:00,270 INFO utils.complier: analyse  formula:[{'type': 'VARIABLE', 'value': '{{VL1.p_stall_due_oldest_pt0}}'}, {'type': 'VARIABLE', 'value': '{{VL1.p_stall_due_oldest_pt1}}'}, {'type': 'VARIABLE', 'value': '{{VL1.p_stall_due_oldest_pt2}}'}, {'type': 'VARIABLE', 'value': '{{VL1.p_stall_due_oldest_pt3}}'}]
2026-06-26 12:28:00,270 INFO utils.complier: analyse  formula:[]
2026-06-26 12:28:00,271 INFO utils.complier: analyse  formula:[]
2026-06-26 12:28:00,272 INFO utils.complier: analyse  formula:[{'type': 'PROC_VAR', 'value': '$RET'}]
2026-06-26 12:28:00,272 INFO utils.complier: analyse  formula:[]
2026-06-26 12:28:00,273 INFO utils.complier: analyse  formula:[{'type': 'VARIABLE', 'value': '{{VL1.p_stall_due_oldest_pt0}}'}, {'type': 'VARIABLE', 'value': '{{VL1.p_stall_due_oldest_pt1}}'}, {'type': 'VARIABLE', 'value': '{{VL1.p_stall_due_oldest_pt2}}'}, {'type': 'VARIABLE', 'value': '{{VL1.p_stall_due_oldest_pt3}}'}]
2026-06-26 12:28:00,273 INFO utils.complier: analyse  formula:[]
2026-06-26 12:28:00,274 INFO utils.complier: analyse  formula:[]
2026-06-26 12:28:00,347 INFO utils.complier: analyse  formula:[{'type': 'VARIABLE', 'value': '{{ISU.AP_PERF_INST_BSM_RD}}'}]
2026-06-26 12:28:00,348 INFO utils.complier: analyse  formula:[]
2026-06-26 12:28:00,348 INFO utils.complier: analyse  formula:[]
2026-06-26 12:28:00,348 INFO utils.complier: analyse  formula:[{'type': 'PROC_VAR', 'value': '$RET'}]
2026-06-26 12:28:00,348 INFO utils.complier: analyse  formula:[]
2026-06-26 12:28:00,348 INFO utils.complier: analyse  formula:[{'type': 'VARIABLE', 'value': '{{ISU.AP_PERF_INST_BSM_RD}}'}]
2026-06-26 12:28:00,349 INFO utils.complier: analyse  formula:[]
2026-06-26 12:28:00,349 INFO utils.complier: analyse  formula:[]
2026-06-26 12:28:00,349 INFO utils.complier: analyse  formula:[{'type': 'VARIABLE', 'value': '{{ISU.AP_PERF_INST_BSM_WR}}'}]
2026-06-26 12:28:00,349 INFO utils.complier: analyse  formula:[]
2026-06-26 12:28:00,349 INFO utils.complier: analyse  formula:[]
2026-06-26 12:28:00,349 INFO utils.complier: analyse  formula:[{'type': 'PROC_VAR', 'value': '$RET'}]
2026-06-26 12:28:00,349 INFO utils.complier: analyse  formula:[]
2026-06-26 12:28:00,349 INFO utils.complier: analyse  formula:[{'type': 'VARIABLE', 'value': '{{ISU.AP_PERF_INST_BSM_WR}}'}]
2026-06-26 12:28:00,350 INFO utils.complier: analyse  formula:[]
2026-06-26 12:28:00,350 INFO utils.complier: analyse  formula:[]
2026-06-26 12:28:00,350 INFO utils.complier: analyse  formula:[{'type': 'VARIABLE', 'value': '{{ISU.AP_PERF_INST_BSM_ATOMIC}}'}]
2026-06-26 12:28:00,350 INFO utils.complier: analyse  formula:[]
2026-06-26 12:28:00,350 INFO utils.complier: analyse  formula:[]
2026-06-26 12:28:00,350 INFO utils.complier: analyse  formula:[{'type': 'PROC_VAR', 'value': '$RET'}]
2026-06-26 12:28:00,350 INFO utils.complier: analyse  formula:[]
2026-06-26 12:28:00,351 INFO utils.complier: analyse  formula:[{'type': 'VARIABLE', 'value': '{{ISU.AP_PERF_INST_BSM_ATOMIC}}'}]
2026-06-26 12:28:00,351 INFO utils.complier: analyse  formula:[]
2026-06-26 12:28:00,351 INFO utils.complier: analyse  formula:[]
2026-06-26 12:28:00,351 INFO utils.complier: analyse  formula:[{'type': 'VARIABLE', 'value': '{{ISU.AP_PERF_INSTS_BSM}}'}]
2026-06-26 12:28:00,351 INFO utils.complier: analyse  formula:[]
2026-06-26 12:28:00,351 INFO utils.complier: analyse  formula:[]
2026-06-26 12:28:00,351 INFO utils.complier: analyse  formula:[{'type': 'PROC_VAR', 'value': '$RET'}]
2026-06-26 12:28:00,352 INFO utils.complier: analyse  formula:[]
2026-06-26 12:28:00,352 INFO utils.complier: analyse  formula:[{'type': 'VARIABLE', 'value': '{{ISU.AP_PERF_INSTS_BSM}}'}]
2026-06-26 12:28:00,352 INFO utils.complier: analyse  formula:[]
2026-06-26 12:28:00,352 INFO utils.complier: analyse  formula:[]
2026-06-26 12:28:00,352 INFO utils.complier: analyse  formula:[{'type': 'VARIABLE', 'value': '{{ISU.AP_PERF_BSM_READ_INFLIGHT_LEVEL}}'}, {'type': 'VARIABLE', 'value': '{{ISU.AP_PERF_INST_BSM_RD}}'}, {'type': 'VARIABLE', 'value': '{{ISU.AP_PERF_INST_BSM_RD}}'}]
2026-06-26 12:28:00,352 INFO utils.complier: analyse  formula:[]
2026-06-26 12:28:00,352 INFO utils.complier: analyse  formula:[]
2026-06-26 12:28:00,353 INFO utils.complier: analyse  formula:[{'type': 'PROC_VAR', 'value': '$RET'}]
2026-06-26 12:28:00,353 INFO utils.complier: analyse  formula:[]
2026-06-26 12:28:00,353 INFO utils.complier: analyse  formula:[{'type': 'VARIABLE', 'value': '{{ISU.AP_PERF_BSM_READ_INFLIGHT_LEVEL}}'}, {'type': 'VARIABLE', 'value': '{{ISU.AP_PERF_INST_BSM_RD}}'}, {'type': 'VARIABLE', 'value': '{{ISU.AP_PERF_INST_BSM_RD}}'}]
2026-06-26 12:28:00,354 INFO utils.complier: analyse  formula:[]
2026-06-26 12:28:00,354 INFO utils.complier: analyse  formula:[]
2026-06-26 12:28:00,354 INFO utils.complier: analyse  formula:[{'type': 'VARIABLE', 'value': '{{ISU.AP_PERF_BSM_WR_INFLIGHT_LEVEL}}'}, {'type': 'VARIABLE', 'value': '{{ISU.AP_PERF_INST_BSM_WR}}'}, {'type': 'VARIABLE', 'value': '{{ISU.AP_PERF_INST_BSM_WR}}'}]
2026-06-26 12:28:00,355 INFO utils.complier: analyse  formula:[]
2026-06-26 12:28:00,355 INFO utils.complier: analyse  formula:[]
2026-06-26 12:28:00,356 INFO utils.complier: analyse  formula:[{'type': 'PROC_VAR', 'value': '$RET'}]
2026-06-26 12:28:00,356 INFO utils.complier: analyse  formula:[]
2026-06-26 12:28:00,357 INFO utils.complier: analyse  formula:[{'type': 'VARIABLE', 'value': '{{ISU.AP_PERF_BSM_WR_INFLIGHT_LEVEL}}'}, {'type': 'VARIABLE', 'value': '{{ISU.AP_PERF_INST_BSM_WR}}'}, {'type': 'VARIABLE', 'value': '{{ISU.AP_PERF_INST_BSM_WR}}'}]
2026-06-26 12:28:00,357 INFO utils.complier: analyse  formula:[]
2026-06-26 12:28:00,357 INFO utils.complier: analyse  formula:[]
2026-06-26 12:28:00,358 INFO utils.complier: analyse  formula:[{'type': 'VARIABLE', 'value': '{{ISU.AP_PERF_BSM_ATOMIC_INFLIGHT_LEVEL}}'}, {'type': 'VARIABLE', 'value': '{{ISU.AP_PERF_INST_BSM_ATOMIC}}'}, {'type': 'VARIABLE', 'value': '{{ISU.AP_PERF_INST_BSM_ATOMIC}}'}]
2026-06-26 12:28:00,358 INFO utils.complier: analyse  formula:[]
2026-06-26 12:28:00,358 INFO utils.complier: analyse  formula:[]
2026-06-26 12:28:00,358 INFO utils.complier: analyse  formula:[{'type': 'PROC_VAR', 'value': '$RET'}]
2026-06-26 12:28:00,359 INFO utils.complier: analyse  formula:[]
2026-06-26 12:28:00,359 INFO utils.complier: analyse  formula:[{'type': 'VARIABLE', 'value': '{{ISU.AP_PERF_BSM_ATOMIC_INFLIGHT_LEVEL}}'}, {'type': 'VARIABLE', 'value': '{{ISU.AP_PERF_INST_BSM_ATOMIC}}'}, {'type': 'VARIABLE', 'value': '{{ISU.AP_PERF_INST_BSM_ATOMIC}}'}]
2026-06-26 12:28:00,359 INFO utils.complier: analyse  formula:[]
2026-06-26 12:28:00,360 INFO utils.complier: analyse  formula:[]
2026-06-26 12:28:00,360 INFO utils.complier: analyse  formula:[{'type': 'VARIABLE', 'value': '{{ISU.AP_PERF_BSM_INFLIGHT_LEVEL_IN_AP}}'}, {'type': 'VARIABLE', 'value': '{{ISU.AP_PERF_BSM_INFLIGHT_LEVEL}}'}, {'type': 'VARIABLE', 'value': '{{ISU.AP_PERF_INSTS_BSM}}'}, {'type': 'VARIABLE', 'value': '{{ISU.AP_PERF_INSTS_BSM}}'}]
2026-06-26 12:28:00,360 INFO utils.complier: analyse  formula:[]
2026-06-26 12:28:00,360 INFO utils.complier: analyse  formula:[]
2026-06-26 12:28:00,433 INFO utils.complier: analyse  formula:[{'type': 'PROC_VAR', 'value': '$RET'}]
2026-06-26 12:28:00,434 INFO utils.complier: analyse  formula:[]
2026-06-26 12:28:00,434 INFO utils.complier: analyse  formula:[{'type': 'VARIABLE', 'value': '{{ISU.AP_PERF_BSM_INFLIGHT_LEVEL_IN_AP}}'}, {'type': 'VARIABLE', 'value': '{{ISU.AP_PERF_BSM_INFLIGHT_LEVEL}}'}, {'type': 'VARIABLE', 'value': '{{ISU.AP_PERF_INSTS_BSM}}'}, {'type': 'VARIABLE', 'value': '{{ISU.AP_PERF_INSTS_BSM}}'}]
2026-06-26 12:28:00,434 INFO utils.complier: analyse  formula:[]
2026-06-26 12:28:00,435 INFO utils.complier: analyse  formula:[]
2026-06-26 12:28:00,435 INFO utils.complier: analyse  formula:[{'type': 'VARIABLE', 'value': '{{ISU.AP_PERF_BSM_RD_CYCLES}}'}, {'type': 'VARIABLE', 'value': '{{ISU.AP_PERF_INST_BSM_RD}}'}, {'type': 'VARIABLE', 'value': '{{ISU.AP_PERF_INST_BSM_RD}}'}]
2026-06-26 12:28:00,435 INFO utils.complier: analyse  formula:[]
2026-06-26 12:28:00,435 INFO utils.complier: analyse  formula:[]
2026-06-26 12:28:00,436 INFO utils.complier: analyse  formula:[{'type': 'PROC_VAR', 'value': '$RET'}]
2026-06-26 12:28:00,436 INFO utils.complier: analyse  formula:[]
2026-06-26 12:28:00,436 INFO utils.complier: analyse  formula:[{'type': 'VARIABLE', 'value': '{{ISU.AP_PERF_BSM_RD_CYCLES}}'}, {'type': 'VARIABLE', 'value': '{{ISU.AP_PERF_INST_BSM_RD}}'}, {'type': 'VARIABLE', 'value': '{{ISU.AP_PERF_INST_BSM_RD}}'}]
2026-06-26 12:28:00,437 INFO utils.complier: analyse  formula:[]
2026-06-26 12:28:00,437 INFO utils.complier: analyse  formula:[]
2026-06-26 12:28:00,438 INFO utils.complier: analyse  formula:[{'type': 'VARIABLE', 'value': '{{ISU.AP_PERF_BSM_WR_CYCLES}}'}, {'type': 'VARIABLE', 'value': '{{ISU.AP_PERF_INST_BSM_WR}}'}, {'type': 'VARIABLE', 'value': '{{ISU.AP_PERF_INST_BSM_WR}}'}]
2026-06-26 12:28:00,438 INFO utils.complier: analyse  formula:[]
2026-06-26 12:28:00,438 INFO utils.complier: analyse  formula:[]
2026-06-26 12:28:00,438 INFO utils.complier: analyse  formula:[{'type': 'PROC_VAR', 'value': '$RET'}]
2026-06-26 12:28:00,439 INFO utils.complier: analyse  formula:[]
2026-06-26 12:28:00,439 INFO utils.complier: analyse  formula:[{'type': 'VARIABLE', 'value': '{{ISU.AP_PERF_BSM_WR_CYCLES}}'}, {'type': 'VARIABLE', 'value': '{{ISU.AP_PERF_INST_BSM_WR}}'}, {'type': 'VARIABLE', 'value': '{{ISU.AP_PERF_INST_BSM_WR}}'}]
2026-06-26 12:28:00,439 INFO utils.complier: analyse  formula:[]
2026-06-26 12:28:00,440 INFO utils.complier: analyse  formula:[]
2026-06-26 12:28:00,440 INFO utils.complier: analyse  formula:[{'type': 'VARIABLE', 'value': '{{ISU.AP_PERF_BSM_ATOMIC_CYCLES}}'}, {'type': 'VARIABLE', 'value': '{{ISU.AP_PERF_INST_BSM_ATOMIC}}'}, {'type': 'VARIABLE', 'value': '{{ISU.AP_PERF_INST_BSM_ATOMIC}}'}]
2026-06-26 12:28:00,440 INFO utils.complier: analyse  formula:[]
2026-06-26 12:28:00,440 INFO utils.complier: analyse  formula:[]
2026-06-26 12:28:00,441 INFO utils.complier: analyse  formula:[{'type': 'PROC_VAR', 'value': '$RET'}]
2026-06-26 12:28:00,441 INFO utils.complier: analyse  formula:[]
2026-06-26 12:28:00,441 INFO utils.complier: analyse  formula:[{'type': 'VARIABLE', 'value': '{{ISU.AP_PERF_BSM_ATOMIC_CYCLES}}'}, {'type': 'VARIABLE', 'value': '{{ISU.AP_PERF_INST_BSM_ATOMIC}}'}, {'type': 'VARIABLE', 'value': '{{ISU.AP_PERF_INST_BSM_ATOMIC}}'}]
2026-06-26 12:28:00,442 INFO utils.complier: analyse  formula:[]
2026-06-26 12:28:00,442 INFO utils.complier: analyse  formula:[]
2026-06-26 12:28:00,442 INFO utils.complier: analyse  formula:[{'type': 'VARIABLE', 'value': '{{ISU.AP_PERF_BSM_CONFLICT_CYCLES}}'}, {'type': 'VARIABLE', 'value': '{{ISU.AP_PERF_INSTS_BSM}}'}, {'type': 'VARIABLE', 'value': '{{ISU.AP_PERF_INSTS_BSM}}'}]
2026-06-26 12:28:00,442 INFO utils.complier: analyse  formula:[]
2026-06-26 12:28:00,443 INFO utils.complier: analyse  formula:[]
2026-06-26 12:28:00,443 INFO utils.complier: analyse  formula:[{'type': 'PROC_VAR', 'value': '$RET'}]
2026-06-26 12:28:00,443 INFO utils.complier: analyse  formula:[]
2026-06-26 12:28:00,443 INFO utils.complier: analyse  formula:[{'type': 'VARIABLE', 'value': '{{ISU.AP_PERF_BSM_CONFLICT_CYCLES}}'}, {'type': 'VARIABLE', 'value': '{{ISU.AP_PERF_INSTS_BSM}}'}, {'type': 'VARIABLE', 'value': '{{ISU.AP_PERF_INSTS_BSM}}'}]
2026-06-26 12:28:00,444 INFO utils.complier: analyse  formula:[]
2026-06-26 12:28:00,444 INFO utils.complier: analyse  formula:[]
2026-06-26 12:28:00,445 INFO utils.complier: analyse  formula:[{'type': 'VARIABLE', 'value': '{{ISU.AP_PERF_BSM_RD_CYCLES}}'}, {'type': 'VARIABLE', 'value': '{{ISU.AP_PERF_BSM_WR_CYCLES}}'}, {'type': 'VARIABLE', 'value': '{{ISU.AP_PERF_BSM_ATOMIC_CYCLES}}'}, {'type': 'VARIABLE', 'value': '{{ISU.AP_PERF_INSTS_BSM}}'}, {'type': 'VARIABLE', 'value': '{{ISU.AP_PERF_INSTS_BSM}}'}]
2026-06-26 12:28:00,445 INFO utils.complier: analyse  formula:[]
2026-06-26 12:28:00,445 INFO utils.complier: analyse  formula:[]
2026-06-26 12:28:00,446 INFO utils.complier: analyse  formula:[{'type': 'PROC_VAR', 'value': '$RET'}]
2026-06-26 12:28:00,446 INFO utils.complier: analyse  formula:[]
2026-06-26 12:28:00,446 INFO utils.complier: analyse  formula:[{'type': 'VARIABLE', 'value': '{{ISU.AP_PERF_BSM_RD_CYCLES}}'}, {'type': 'VARIABLE', 'value': '{{ISU.AP_PERF_BSM_WR_CYCLES}}'}, {'type': 'VARIABLE', 'value': '{{ISU.AP_PERF_BSM_ATOMIC_CYCLES}}'}, {'type': 'VARIABLE', 'value': '{{ISU.AP_PERF_INSTS_BSM}}'}, {'type': 'VARIABLE', 'value': '{{ISU.AP_PERF_INSTS_BSM}}'}]
2026-06-26 12:28:00,447 INFO utils.complier: analyse  formula:[]
2026-06-26 12:28:00,448 INFO utils.complier: analyse  formula:[]
2026-06-26 12:28:00,448 INFO utils.complier: analyse  formula:[{'type': 'VARIABLE', 'value': '{{ISU.AP_PERF_BSM_RD_CYCLES}}'}, {'type': 'VARIABLE', 'value': '{{ISU.AP_PERF_BSM_WR_CYCLES}}'}, {'type': 'VARIABLE', 'value': '{{ISU.AP_PERF_BSM_ATOMIC_CYCLES}}'}, {'type': 'VARIABLE', 'value': '{{ISU.AP_PERF_BSM_CONFLICT_CYCLES}}'}]
2026-06-26 12:28:00,448 INFO utils.complier: analyse  formula:[]
2026-06-26 12:28:00,449 INFO utils.complier: analyse  formula:[]
2026-06-26 12:28:00,450 INFO utils.complier: analyse  formula:[{'type': 'PROC_VAR', 'value': '$all_cycle'}, {'type': 'PROC_VAR', 'value': '$conflict_cycle'}, {'type': 'PROC_VAR', 'value': '$rate'}, {'type': 'PROC_VAR', 'value': '$all_cycle'}, {'type': 'PROC_VAR', 'value': '$conflict_cycle'}, {'type': 'PROC_VAR', 'value': '$all_cycle'}, {'type': 'PROC_VAR', 'value': '$all_cycle'}, {'type': 'PROC_VAR', 'value': '$RET'}, {'type': 'PROC_VAR', 'value': '$rate'}]
2026-06-26 12:28:00,451 INFO utils.complier: analyse  formula:[]
2026-06-26 12:28:00,452 INFO utils.complier: analyse  formula:[{'type': 'VARIABLE', 'value': '{{ISU.AP_PERF_BSM_RD_CYCLES}}'}, {'type': 'VARIABLE', 'value': '{{ISU.AP_PERF_BSM_WR_CYCLES}}'}, {'type': 'VARIABLE', 'value': '{{ISU.AP_PERF_BSM_ATOMIC_CYCLES}}'}, {'type': 'VARIABLE', 'value': '{{ISU.AP_PERF_BSM_CONFLICT_CYCLES}}'}]
2026-06-26 12:28:00,454 INFO utils.complier: analyse  formula:[]
2026-06-26 12:28:00,456 INFO utils.complier: analyse  formula:[]
2026-06-26 12:28:00,456 INFO utils.complier: analyse  formula:[{'type': 'VARIABLE', 'value': '{{ISU.AP_PERF_WAVES}}'}]
2026-06-26 12:28:00,456 INFO utils.complier: analyse  formula:[]
2026-06-26 12:28:00,456 INFO utils.complier: analyse  formula:[]
2026-06-26 12:28:00,456 INFO utils.complier: analyse  formula:[{'type': 'PROC_VAR', 'value': '$RET'}]
2026-06-26 12:28:00,456 INFO utils.complier: analyse  formula:[]
2026-06-26 12:28:00,456 INFO utils.complier: analyse  formula:[{'type': 'VARIABLE', 'value': '{{ISU.AP_PERF_WAVES}}'}]
2026-06-26 12:28:00,457 INFO utils.complier: analyse  formula:[]
2026-06-26 12:28:00,457 INFO utils.complier: analyse  formula:[]
2026-06-26 12:28:00,457 INFO utils.complier: analyse  formula:[{'type': 'VARIABLE', 'value': '{{RM.RM_PERF_DISPATCHED_WAVES_P0}}'}, {'type': 'VARIABLE', 'value': '{{RM.RM_PERF_DISPATCHED_WAVES_P1}}'}, {'type': 'VARIABLE', 'value': '{{RM.RM_PERF_DISPATCHED_WAVES_P2}}'}, {'type': 'VARIABLE', 'value': '{{RM.RM_PERF_DISPATCHED_WAVES_P3}}'}]
2026-06-26 12:28:00,457 INFO utils.complier: analyse  formula:[]
2026-06-26 12:28:00,457 INFO utils.complier: analyse  formula:[]
2026-06-26 12:28:00,457 INFO utils.complier: analyse  formula:[{'type': 'PROC_VAR', 'value': '$RET'}]
2026-06-26 12:28:00,458 INFO utils.complier: analyse  formula:[]
2026-06-26 12:28:00,458 INFO utils.complier: analyse  formula:[{'type': 'VARIABLE', 'value': '{{RM.RM_PERF_DISPATCHED_WAVES_P0}}'}, {'type': 'VARIABLE', 'value': '{{RM.RM_PERF_DISPATCHED_WAVES_P1}}'}, {'type': 'VARIABLE', 'value': '{{RM.RM_PERF_DISPATCHED_WAVES_P2}}'}, {'type': 'VARIABLE', 'value': '{{RM.RM_PERF_DISPATCHED_WAVES_P3}}'}]
2026-06-26 12:28:00,458 INFO utils.complier: analyse  formula:[]
2026-06-26 12:28:00,459 INFO utils.complier: analyse  formula:[]
2026-06-26 12:28:00,459 INFO utils.complier: analyse  formula:[{'type': 'VARIABLE', 'value': '{{ISU.AP_PERF_ISU_AP_BUSY}}'}]
2026-06-26 12:28:00,459 INFO utils.complier: analyse  formula:[]
2026-06-26 12:28:00,459 INFO utils.complier: analyse  formula:[]
2026-06-26 12:28:00,459 INFO utils.complier: analyse  formula:[{'type': 'PROC_VAR', 'value': '$RET'}]
2026-06-26 12:28:00,459 INFO utils.complier: analyse  formula:[]
2026-06-26 12:28:00,459 INFO utils.complier: analyse  formula:[{'type': 'VARIABLE', 'value': '{{ISU.AP_PERF_ISU_AP_BUSY}}'}]
2026-06-26 12:28:00,460 INFO utils.complier: analyse  formula:[]
2026-06-26 12:28:00,460 INFO utils.complier: analyse  formula:[]
2026-06-26 12:28:00,460 INFO utils.complier: analyse  formula:[{'type': 'VARIABLE', 'value': '{{ISU.AP_PERF_INST_TRANS_FP16}}'}, {'type': 'VARIABLE', 'value': '{{ISU.AP_PERF_INST_TRANS_FP32}}'}, {'type': 'VARIABLE', 'value': '{{ISU.AP_PERF_MTE_PI_SEG_SEL_F64}}'}, {'type': 'VARIABLE', 'value': '{{ISU.AP_PERF_INST_CYCLES_VALU_4CYCLES}}'}, {'type': 'VARIABLE', 'value': '{{ISU.AP_PERF_ISU_AP_BUSY}}'}]
2026-06-26 12:28:00,460 INFO utils.complier: analyse  formula:[]
2026-06-26 12:28:00,461 INFO utils.complier: analyse  formula:[]
2026-06-26 12:28:00,462 INFO utils.complier: analyse  formula:[{'type': 'PROC_VAR', 'value': '$ap_trans_real'}, {'type': 'PROC_VAR', 'value': '$ap_perf_inst_cycles_valu_real_16'}, {'type': 'PROC_VAR', 'value': '$ap_trans_real'}, {'type': 'PROC_VAR', 'value': '$ap_perf_inst_cycles_valu_real'}, {'type': 'PROC_VAR', 'value': '$ap_perf_inst_cycles_valu_real_16'}, {'type': 'PROC_VAR', 'value': '$RET'}, {'type': 'PROC_VAR', 'value': '$ap_perf_inst_cycles_valu_real'}]
2026-06-26 12:28:00,464 INFO utils.complier: analyse  formula:[]
2026-06-26 12:28:00,466 INFO utils.complier: analyse  formula:[{'type': 'VARIABLE', 'value': '{{ISU.AP_PERF_INST_TRANS_FP16}}'}, {'type': 'VARIABLE', 'value': '{{ISU.AP_PERF_INST_TRANS_FP32}}'}, {'type': 'VARIABLE', 'value': '{{ISU.AP_PERF_MTE_PI_SEG_SEL_F64}}'}, {'type': 'VARIABLE', 'value': '{{ISU.AP_PERF_INST_CYCLES_VALU_4CYCLES}}'}, {'type': 'VARIABLE', 'value': '{{ISU.AP_PERF_ISU_AP_BUSY}}'}]
2026-06-26 12:28:00,468 INFO utils.complier: analyse  formula:[]
2026-06-26 12:28:00,470 INFO utils.complier: analyse  formula:[]
2026-06-26 12:28:00,470 INFO utils.complier: analyse  formula:[{'type': 'VARIABLE', 'value': '{{ISU.AP_PERF_INSTS_SALU}}'}, {'type': 'VARIABLE', 'value': '{{ISU.AP_PERF_ISU_AP_BUSY}}'}]
2026-06-26 12:28:00,470 INFO utils.complier: analyse  formula:[]
2026-06-26 12:28:00,471 INFO utils.complier: analyse  formula:[]
2026-06-26 12:28:00,471 INFO utils.complier: analyse  formula:[{'type': 'PROC_VAR', 'value': '$RET'}]
2026-06-26 12:28:00,471 INFO utils.complier: analyse  formula:[]
2026-06-26 12:28:00,471 INFO utils.complier: analyse  formula:[{'type': 'VARIABLE', 'value': '{{ISU.AP_PERF_INSTS_SALU}}'}, {'type': 'VARIABLE', 'value': '{{ISU.AP_PERF_ISU_AP_BUSY}}'}]
2026-06-26 12:28:00,472 INFO utils.complier: analyse  formula:[]
2026-06-26 12:28:00,472 INFO utils.complier: analyse  formula:[]
2026-06-26 12:28:00,472 INFO utils.complier: analyse  formula:[{'type': 'VARIABLE', 'value': '{{ISU.AP_PERF_INST_CYCLES_MMA}}'}, {'type': 'VARIABLE', 'value': '{{ISU.AP_PERF_ISU_AP_BUSY}}'}]
2026-06-26 12:28:00,472 INFO utils.complier: analyse  formula:[]
2026-06-26 12:28:00,472 INFO utils.complier: analyse  formula:[]
2026-06-26 12:28:00,473 INFO utils.complier: analyse  formula:[{'type': 'PROC_VAR', 'value': '$RET'}]
2026-06-26 12:28:00,473 INFO utils.complier: analyse  formula:[]
2026-06-26 12:28:00,473 INFO utils.complier: analyse  formula:[{'type': 'VARIABLE', 'value': '{{ISU.AP_PERF_INST_CYCLES_MMA}}'}, {'type': 'VARIABLE', 'value': '{{ISU.AP_PERF_ISU_AP_BUSY}}'}]
2026-06-26 12:28:00,473 INFO utils.complier: analyse  formula:[]
2026-06-26 12:28:00,474 INFO utils.complier: analyse  formula:[]
2026-06-26 12:28:00,474 INFO utils.complier: analyse  formula:[{'type': 'VARIABLE', 'value': '{{VLS.PERFEVENT_VLS_ACTIVE}}'}, {'type': 'VARIABLE', 'value': '{{ISU.AP_PERF_ISU_AP_BUSY}}'}]
2026-06-26 12:28:00,474 INFO utils.complier: analyse  formula:[]
2026-06-26 12:28:00,474 INFO utils.complier: analyse  formula:[]
2026-06-26 12:28:00,474 INFO utils.complier: analyse  formula:[{'type': 'PROC_VAR', 'value': '$RET'}]
2026-06-26 12:28:00,475 INFO utils.complier: analyse  formula:[]
2026-06-26 12:28:00,475 INFO utils.complier: analyse  formula:[{'type': 'VARIABLE', 'value': '{{VLS.PERFEVENT_VLS_ACTIVE}}'}, {'type': 'VARIABLE', 'value': '{{ISU.AP_PERF_ISU_AP_BUSY}}'}]
2026-06-26 12:28:00,475 INFO utils.complier: analyse  formula:[]
2026-06-26 12:28:00,475 INFO utils.complier: analyse  formula:[]
2026-06-26 12:28:00,475 INFO utils.complier: analyse  formula:[{'type': 'VARIABLE', 'value': '{{L2C.perf_req}}'}, {'type': 'VARIABLE', 'value': '{{L2C.1_b1}}'}]
2026-06-26 12:28:00,476 INFO utils.complier: analyse  formula:[]
2026-06-26 12:28:00,476 INFO utils.complier: analyse  formula:[]
2026-06-26 12:28:00,476 INFO utils.complier: analyse  formula:[{'type': 'PROC_VAR', 'value': '$RET'}]
2026-06-26 12:28:00,476 INFO utils.complier: analyse  formula:[]
2026-06-26 12:28:00,476 INFO utils.complier: analyse  formula:[{'type': 'VARIABLE', 'value': '{{L2C.perf_req}}'}, {'type': 'VARIABLE', 'value': '{{L2C.1_b1}}'}]
2026-06-26 12:28:00,476 INFO utils.complier: analyse  formula:[]
2026-06-26 12:28:00,477 INFO utils.complier: analyse  formula:[]
2026-06-26 12:28:00,477 INFO utils.complier: analyse  formula:[{'type': 'VARIABLE', 'value': '{{ISU.AP_PERF_ISU_AP_BUSY}}'}]
2026-06-26 12:28:00,477 INFO utils.complier: analyse  formula:[]
2026-06-26 12:28:00,477 INFO utils.complier: analyse  formula:[{'type': 'PRE_VAR', 'value': '@total_instruction_num'}]
2026-06-26 12:28:00,477 INFO utils.complier: analyse  formula:[{'type': 'PROC_VAR', 'value': '$max_ap_cycle'}, {'type': 'PROC_VAR', 'value': '$RET'}, {'type': 'PROC_VAR', 'value': '$max_ap_cycle'}]
2026-06-26 12:28:00,478 INFO utils.complier: analyse  formula:[]
2026-06-26 12:28:00,478 INFO utils.complier: analyse  formula:[{'type': 'VARIABLE', 'value': '{{ISU.AP_PERF_ISU_AP_BUSY}}'}]
2026-06-26 12:28:00,479 INFO utils.complier: analyse  formula:[{'type': 'PRE_VAR', 'value': '@total_instruction_num'}]
2026-06-26 12:28:00,480 INFO utils.complier: analyse  formula:[]
2026-06-26 12:28:00,480 INFO utils.complier: analyse  formula:[{'type': 'VARIABLE_DICT', 'value': '{{{ISU.AP_PERF_INSTS_VALU}}}'}, {'type': 'VARIABLE', 'value': '{{ISU.AP_PERF_ISU_AP_BUSY}}'}]
2026-06-26 12:28:00,480 INFO utils.complier: analyse  formula:[]
2026-06-26 12:28:00,480 INFO utils.complier: analyse  formula:[{'type': 'PRE_VAR', 'value': '@total_instruction_num'}]
2026-06-26 12:28:00,481 INFO utils.complier: analyse  formula:[{'type': 'PROC_VAR', 'value': '$ap_num'}, {'type': 'PROC_VAR', 'value': '$max_ap_cycle'}, {'type': 'PROC_VAR', 'value': '$RET'}, {'type': 'PROC_VAR', 'value': '$max_ap_cycle'}, {'type': 'PROC_VAR', 'value': '$ap_num'}]
2026-06-26 12:28:00,482 INFO utils.complier: analyse  formula:[{'type': 'VARIABLE_DICT', 'value': '{{{ISU.AP_PERF_INSTS_VALU}}}'}]
2026-06-26 12:28:00,483 INFO utils.complier: analyse  formula:[{'type': 'VARIABLE', 'value': '{{ISU.AP_PERF_ISU_AP_BUSY}}'}]
2026-06-26 12:28:00,484 INFO utils.complier: analyse  formula:[{'type': 'PRE_VAR', 'value': '@total_instruction_num'}]
2026-06-26 12:28:00,485 INFO utils.complier: analyse  formula:[]
2026-06-26 12:28:00,485 INFO utils.complier: analyse  formula:[{'type': 'VARIABLE_DICT', 'value': '{{{ISU.AP_PERF_INSTS_VALU}}}'}, {'type': 'VARIABLE', 'value': '{{ISU.AP_PERF_ISU_AP_BUSY}}'}]
2026-06-26 12:28:00,485 INFO utils.complier: analyse  formula:[]
2026-06-26 12:28:00,486 INFO utils.complier: analyse  formula:[{'type': 'PRE_VAR', 'value': '@total_instruction_num'}]
2026-06-26 12:28:00,486 INFO utils.complier: analyse  formula:[{'type': 'PROC_VAR', 'value': '$ap_num'}, {'type': 'PROC_VAR', 'value': '$max_ap_cycle'}, {'type': 'PROC_VAR', 'value': '$RET'}, {'type': 'PROC_VAR', 'value': '$max_ap_cycle'}, {'type': 'PROC_VAR', 'value': '$ap_num'}]
2026-06-26 12:28:00,487 INFO utils.complier: analyse  formula:[{'type': 'VARIABLE_DICT', 'value': '{{{ISU.AP_PERF_INSTS_VALU}}}'}]
2026-06-26 12:28:00,488 INFO utils.complier: analyse  formula:[{'type': 'VARIABLE', 'value': '{{ISU.AP_PERF_ISU_AP_BUSY}}'}]
2026-06-26 12:28:00,489 INFO utils.complier: analyse  formula:[{'type': 'PRE_VAR', 'value': '@total_instruction_num'}]
2026-06-26 12:28:00,490 INFO utils.complier: analyse  formula:[]
2026-06-26 12:28:00,490 INFO utils.complier: analyse  formula:[{'type': 'VARIABLE', 'value': '{{ISU.AP_PERF_INSTS_VALU}}'}, {'type': 'VARIABLE', 'value': '{{ISU.AP_PERF_INSTS_MMA}}'}, {'type': 'VARIABLE', 'value': '{{ISU.AP_PERF_INSTS_SALU}}'}, {'type': 'VARIABLE', 'value': '{{ISU.AP_PERF_INSTS_GVM}}'}, {'type': 'VARIABLE', 'value': '{{ISU.AP_PERF_INSTS_BSM}}'}, {'type': 'VARIABLE', 'value': '{{ISU.AP_PERF_INSTS_LDU}}'}, {'type': 'VARIABLE', 'value': '{{ISU.AP_PERF_INST_MISC}}'}, {'type': 'VARIABLE', 'value': '{{ISU.AP_PERF_ISU_AP_BUSY}}'}]
2026-06-26 12:28:00,490 INFO utils.complier: analyse  formula:[]
2026-06-26 12:28:00,491 INFO utils.complier: analyse  formula:[]
2026-06-26 12:28:00,492 INFO utils.complier: analyse  formula:[{'type': 'PROC_VAR', 'value': '$RET'}, {'type': 'PROC_VAR', 'value': '$max_ap_cycle'}]
2026-06-26 12:28:00,493 INFO utils.complier: analyse  formula:[]
2026-06-26 12:28:00,493 INFO utils.complier: analyse  formula:[{'type': 'VARIABLE', 'value': '{{ISU.AP_PERF_INSTS_VALU}}'}, {'type': 'VARIABLE', 'value': '{{ISU.AP_PERF_INSTS_MMA}}'}, {'type': 'VARIABLE', 'value': '{{ISU.AP_PERF_INSTS_SALU}}'}, {'type': 'VARIABLE', 'value': '{{ISU.AP_PERF_INSTS_GVM}}'}, {'type': 'VARIABLE', 'value': '{{ISU.AP_PERF_INSTS_BSM}}'}, {'type': 'VARIABLE', 'value': '{{ISU.AP_PERF_INSTS_LDU}}'}, {'type': 'VARIABLE', 'value': '{{ISU.AP_PERF_INST_MISC}}'}, {'type': 'VARIABLE', 'value': '{{ISU.AP_PERF_ISU_AP_BUSY}}'}]
2026-06-26 12:28:00,494 INFO utils.complier: analyse  formula:[]
2026-06-26 12:28:00,495 INFO utils.complier: analyse  formula:[]
2026-06-26 12:28:00,496 INFO utils.complier: analyse  formula:[{'type': 'VARIABLE_DICT', 'value': '{{{ISU.AP_PERF_INSTS_VALU}}}'}, {'type': 'VARIABLE', 'value': '{{ISU.AP_PERF_INSTS_VALU}}'}, {'type': 'VARIABLE', 'value': '{{ISU.AP_PERF_INSTS_MMA}}'}, {'type': 'VARIABLE', 'value': '{{ISU.AP_PERF_INSTS_SALU}}'}, {'type': 'VARIABLE', 'value': '{{ISU.AP_PERF_INSTS_GVM}}'}, {'type': 'VARIABLE', 'value': '{{ISU.AP_PERF_INSTS_BSM}}'}, {'type': 'VARIABLE', 'value': '{{ISU.AP_PERF_INSTS_LDU}}'}, {'type': 'VARIABLE', 'value': '{{ISU.AP_PERF_INST_MISC}}'}, {'type': 'VARIABLE', 'value': '{{ISU.AP_PERF_ISU_AP_BUSY}}'}]
2026-06-26 12:28:00,496 INFO utils.complier: analyse  formula:[]
2026-06-26 12:28:00,497 INFO utils.complier: analyse  formula:[]
2026-06-26 12:28:00,498 INFO utils.complier: analyse  formula:[{'type': 'PROC_VAR', 'value': '$ap_num'}, {'type': 'PROC_VAR', 'value': '$Total_Num'}, {'type': 'PROC_VAR', 'value': '$max_ap_cycle'}, {'type': 'PROC_VAR', 'value': '$RET'}, {'type': 'PROC_VAR', 'value': '$Total_Num'}, {'type': 'PROC_VAR', 'value': '$ap_num'}]
2026-06-26 12:28:00,499 INFO utils.complier: analyse  formula:[{'type': 'VARIABLE_DICT', 'value': '{{{ISU.AP_PERF_INSTS_VALU}}}'}]
2026-06-26 12:28:00,501 INFO utils.complier: analyse  formula:[{'type': 'VARIABLE', 'value': '{{ISU.AP_PERF_INSTS_VALU}}'}, {'type': 'VARIABLE', 'value': '{{ISU.AP_PERF_INSTS_MMA}}'}, {'type': 'VARIABLE', 'value': '{{ISU.AP_PERF_INSTS_SALU}}'}, {'type': 'VARIABLE', 'value': '{{ISU.AP_PERF_INSTS_GVM}}'}, {'type': 'VARIABLE', 'value': '{{ISU.AP_PERF_INSTS_BSM}}'}, {'type': 'VARIABLE', 'value': '{{ISU.AP_PERF_INSTS_LDU}}'}, {'type': 'VARIABLE', 'value': '{{ISU.AP_PERF_INST_MISC}}'}, {'type': 'VARIABLE', 'value': '{{ISU.AP_PERF_ISU_AP_BUSY}}'}]
2026-06-26 12:28:00,502 INFO utils.complier: analyse  formula:[]
2026-06-26 12:28:00,504 INFO utils.complier: analyse  formula:[]
2026-06-26 12:28:00,507 INFO utils.complier: analyse  formula:[{'type': 'VARIABLE', 'value': '{{ISU.AP_PERF_INSTS_VALU}}'}, {'type': 'VARIABLE', 'value': '{{ISU.AP_PERF_INST_FMA_F32}}'}, {'type': 'VARIABLE', 'value': '{{ISU.AP_PERF_INST_FMA_F64}}'}, {'type': 'VARIABLE', 'value': '{{ISU.AP_PERF_INST_TRANS_FP16}}'}, {'type': 'VARIABLE', 'value': '{{ISU.AP_PERF_INST_TRANS_FP32}}'}, {'type': 'VARIABLE', 'value': '{{ISU.AP_PERF_MTE_PI_SEG_SEL_F64}}'}, {'type': 'VARIABLE', 'value': '{{ISU.AP_PERF_MTE_PI_SEG_SEL_F64}}'}, {'type': 'VARIABLE', 'value': '{{ISU.AP_PERF_INST_FMA_F32}}'}, {'type': 'VARIABLE', 'value': '{{ISU.AP_PERF_INST_FMA_F64}}'}, {'type': 'VARIABLE', 'value': '{{ISU.AP_PERF_INST_TRANS_FP16}}'}, {'type': 'VARIABLE', 'value': '{{ISU.AP_PERF_INST_TRANS_FP32}}'}, {'type': 'VARIABLE', 'value': '{{ISU.AP_PERF_INST_MMA_INT8}}'}, {'type': 'VARIABLE', 'value': '{{ISU.AP_PERF_INST_MMA_FP16}}'}, {'type': 'VARIABLE', 'value': '{{ISU.AP_PERF_INST_MMA_BF16}}'}, {'type': 'VARIABLE', 'value': '{{ISU.AP_PERF_INST_MMA_TF32}}'}, {'type': 'VARIABLE', 'value': '{{ISU.AP_PERF_INST_MMA_F32}}'}, {'type': 'VARIABLE', 'value': '{{ISU.AP_PERF_INST_MMA_F64}}'}, {'type': 'VARIABLE', 'value': '{{ISU.AP_PERF_INST_MMA_TF64}}'}, {'type': 'VARIABLE', 'value': '{{L2C.perf_dnoc_rdreq_32B}}'}, {'type': 'VARIABLE', 'value': '{{L2C.perf_dnoc_rdreq_64B}}'}, {'type': 'VARIABLE', 'value': '{{L2C.perf_dnoc_rdreq_128B}}'}, {'type': 'VARIABLE', 'value': '{{L2C.perf_dnoc_wrreq_32B_low}}'}, {'type': 'VARIABLE', 'value': '{{L2C.perf_dnoc_wrreq_32B_high}}'}, {'type': 'VARIABLE', 'value': '{{L2C.perf_dnoc_wrreq_64B}}'}, {'type': 'VARIABLE', 'value': '{{L2C.perf_dnoc_wrreq_128B}}'}, {'type': 'VARIABLE', 'value': '{{VL1.p_perf_thread_req_cnt}}'}, {'type': 'VARIABLE', 'value': '{{VL1.perf_inflt_rd_req}}'}, {'type': 'VARIABLE', 'value': '{{ISU.AP_PERF_ISU_AP_BUSY}}'}, {'type': 'VARIABLE_DICT', 'value': '{{{ISU.AP_PERF_ISU_AP_BUSY}}}'}]
2026-06-26 12:28:00,509 INFO utils.complier: analyse  formula:[]
2026-06-26 12:28:00,512 INFO utils.complier: analyse  formula:[]
2026-06-26 12:28:00,518 INFO utils.complier: analyse  formula:[{'type': 'PROC_VAR', 'value': '$valu_inst_all'}, {'type': 'PROC_VAR', 'value': '$valu_64'}, {'type': 'PROC_VAR', 'value': '$valu_inst_all'}, {'type': 'PROC_VAR', 'value': '$fma_128'}, {'type': 'PROC_VAR', 'value': '$trans_16'}, {'type': 'PROC_VAR', 'value': '$mma_4k'}, {'type': 'PROC_VAR', 'value': '$mma_2k'}, {'type': 'PROC_VAR', 'value': '$mma_1k'}, {'type': 'PROC_VAR', 'value': '$mma_256'}, {'type': 'PROC_VAR', 'value': '$all_ops'}, {'type': 'PROC_VAR', 'value': '$fma_128'}, {'type': 'PROC_VAR', 'value': '$trans_16'}, {'type': 'PROC_VAR', 'value': '$mma_4k'}, {'type': 'PROC_VAR', 'value': '$mma_2k'}, {'type': 'PROC_VAR', 'value': '$mma_1k'}, {'type': 'PROC_VAR', 'value': '$mma_256'}, {'type': 'PROC_VAR', 'value': '$valu_64'}, {'type': 'PROC_VAR', 'value': '$all_memacs'}, {'type': 'PROC_VAR', 'value': '$vl1_memacs'}, {'type': 'PROC_VAR', 'value': '$l2c_memacs'}, {'type': 'PROC_VAR', 'value': '$during'}, {'type': 'PROC_VAR', 'value': '$ap_num'}, {'type': 'PROC_VAR', 'value': '$RET'}, {'type': 'PROC_VAR', 'value': '$all_ops'}, {'type': 'PROC_VAR', 'value': '$all_memacs'}, {'type': 'PROC_VAR', 'value': '$during'}, {'type': 'PROC_VAR', 'value': '$ap_num'}, {'type': 'PROC_VAR', 'value': '$vl1_memacs'}, {'type': 'PROC_VAR', 'value': '$l2c_memacs'}]
2026-06-26 12:28:00,523 INFO utils.complier: analyse  formula:[{'type': 'VARIABLE_DICT', 'value': '{{{ISU.AP_PERF_ISU_AP_BUSY}}}'}]
2026-06-26 12:28:00,529 INFO utils.complier: analyse  formula:[{'type': 'VARIABLE', 'value': '{{ISU.AP_PERF_INSTS_VALU}}'}, {'type': 'VARIABLE', 'value': '{{ISU.AP_PERF_INST_FMA_F32}}'}, {'type': 'VARIABLE', 'value': '{{ISU.AP_PERF_INST_FMA_F64}}'}, {'type': 'VARIABLE', 'value': '{{ISU.AP_PERF_INST_TRANS_FP16}}'}, {'type': 'VARIABLE', 'value': '{{ISU.AP_PERF_INST_TRANS_FP32}}'}, {'type': 'VARIABLE', 'value': '{{ISU.AP_PERF_MTE_PI_SEG_SEL_F64}}'}, {'type': 'VARIABLE', 'value': '{{ISU.AP_PERF_MTE_PI_SEG_SEL_F64}}'}, {'type': 'VARIABLE', 'value': '{{ISU.AP_PERF_INST_FMA_F32}}'}, {'type': 'VARIABLE', 'value': '{{ISU.AP_PERF_INST_FMA_F64}}'}, {'type': 'VARIABLE', 'value': '{{ISU.AP_PERF_INST_TRANS_FP16}}'}, {'type': 'VARIABLE', 'value': '{{ISU.AP_PERF_INST_TRANS_FP32}}'}, {'type': 'VARIABLE', 'value': '{{ISU.AP_PERF_INST_MMA_INT8}}'}, {'type': 'VARIABLE', 'value': '{{ISU.AP_PERF_INST_MMA_FP16}}'}, {'type': 'VARIABLE', 'value': '{{ISU.AP_PERF_INST_MMA_BF16}}'}, {'type': 'VARIABLE', 'value': '{{ISU.AP_PERF_INST_MMA_TF32}}'}, {'type': 'VARIABLE', 'value': '{{ISU.AP_PERF_INST_MMA_F32}}'}, {'type': 'VARIABLE', 'value': '{{ISU.AP_PERF_INST_MMA_F64}}'}, {'type': 'VARIABLE', 'value': '{{ISU.AP_PERF_INST_MMA_TF64}}'}, {'type': 'VARIABLE', 'value': '{{L2C.perf_dnoc_rdreq_32B}}'}, {'type': 'VARIABLE', 'value': '{{L2C.perf_dnoc_rdreq_64B}}'}, {'type': 'VARIABLE', 'value': '{{L2C.perf_dnoc_rdreq_128B}}'}, {'type': 'VARIABLE', 'value': '{{L2C.perf_dnoc_wrreq_32B_low}}'}, {'type': 'VARIABLE', 'value': '{{L2C.perf_dnoc_wrreq_32B_high}}'}, {'type': 'VARIABLE', 'value': '{{L2C.perf_dnoc_wrreq_64B}}'}, {'type': 'VARIABLE', 'value': '{{L2C.perf_dnoc_wrreq_128B}}'}, {'type': 'VARIABLE', 'value': '{{VL1.p_perf_thread_req_cnt}}'}, {'type': 'VARIABLE', 'value': '{{VL1.perf_inflt_rd_req}}'}, {'type': 'VARIABLE', 'value': '{{ISU.AP_PERF_ISU_AP_BUSY}}'}]
2026-06-26 12:28:00,536 INFO utils.complier: analyse  formula:[]
2026-06-26 12:28:00,544 INFO utils.complier: analyse  formula:[]
2026-06-26 12:28:00,584 DEBUG matplotlib.ticker: vmin 1e-05 vmax 13487.104010777435
2026-06-26 12:28:00,584 DEBUG matplotlib.ticker: ticklocs array([], dtype=float64)
2026-06-26 12:28:00,586 DEBUG matplotlib.font_manager: findfont: Matching STIXGeneral:style=normal:variant=normal:weight=normal:stretch=normal:size=10.0.
2026-06-26 12:28:00,586 DEBUG matplotlib.font_manager: findfont: score(<Font 'STIXSizeThreeSym' (STIXSizThreeSymReg.ttf) normal normal 400 normal>) = 10.05
2026-06-26 12:28:00,586 DEBUG matplotlib.font_manager: findfont: score(<Font 'DejaVu Sans' (DejaVuSans-BoldOblique.ttf) oblique normal 700 normal>) = 11.335
2026-06-26 12:28:00,586 DEBUG matplotlib.font_manager: findfont: score(<Font 'DejaVu Sans Mono' (DejaVuSansMono-Oblique.ttf) oblique normal 400 normal>) = 11.05
2026-06-26 12:28:00,586 DEBUG matplotlib.font_manager: findfont: score(<Font 'DejaVu Serif' (DejaVuSerif-Bold.ttf) normal normal 700 normal>) = 10.335
2026-06-26 12:28:00,586 DEBUG matplotlib.font_manager: findfont: score(<Font 'STIXSizeFiveSym' (STIXSizFiveSymReg.ttf) normal normal 400 normal>) = 10.05
2026-06-26 12:28:00,586 DEBUG matplotlib.font_manager: findfont: score(<Font 'cmmi10' (cmmi10.ttf) normal normal 400 normal>) = 10.05
2026-06-26 12:28:00,586 DEBUG matplotlib.font_manager: findfont: score(<Font 'STIXNonUnicode' (STIXNonUni.ttf) normal normal 400 normal>) = 10.05
2026-06-26 12:28:00,586 DEBUG matplotlib.font_manager: findfont: score(<Font 'DejaVu Sans Mono' (DejaVuSansMono-BoldOblique.ttf) oblique normal 700 normal>) = 11.335
2026-06-26 12:28:00,586 DEBUG matplotlib.font_manager: findfont: score(<Font 'STIXNonUnicode' (STIXNonUniBol.ttf) normal normal 700 normal>) = 10.335
2026-06-26 12:28:00,586 DEBUG matplotlib.font_manager: findfont: score(<Font 'DejaVu Sans Display' (DejaVuSansDisplay.ttf) normal normal 400 normal>) = 10.05
2026-06-26 12:28:00,586 DEBUG matplotlib.font_manager: findfont: score(<Font 'STIXSizeTwoSym' (STIXSizTwoSymBol.ttf) normal normal 700 normal>) = 10.335
2026-06-26 12:28:00,586 DEBUG matplotlib.font_manager: findfont: score(<Font 'DejaVu Serif' (DejaVuSerif-Italic.ttf) italic normal 400 normal>) = 11.05
2026-06-26 12:28:00,586 DEBUG matplotlib.font_manager: findfont: score(<Font 'DejaVu Sans' (DejaVuSans-Bold.ttf) normal normal 700 normal>) = 10.335
2026-06-26 12:28:00,586 DEBUG matplotlib.font_manager: findfont: score(<Font 'DejaVu Sans' (DejaVuSans-Oblique.ttf) oblique normal 400 normal>) = 11.05
2026-06-26 12:28:00,586 DEBUG matplotlib.font_manager: findfont: score(<Font 'DejaVu Serif' (DejaVuSerif-BoldItalic.ttf) italic normal 700 normal>) = 11.335
2026-06-26 12:28:00,586 DEBUG matplotlib.font_manager: findfont: score(<Font 'STIXNonUnicode' (STIXNonUniIta.ttf) italic normal 400 normal>) = 11.05
2026-06-26 12:28:00,586 DEBUG matplotlib.font_manager: findfont: score(<Font 'STIXSizeFourSym' (STIXSizFourSymBol.ttf) normal normal 700 normal>) = 10.335
2026-06-26 12:28:00,586 DEBUG matplotlib.font_manager: findfont: score(<Font 'cmex10' (cmex10.ttf) normal normal 400 normal>) = 10.05
2026-06-26 12:28:00,586 DEBUG matplotlib.font_manager: findfont: score(<Font 'STIXSizeOneSym' (STIXSizOneSymBol.ttf) normal normal 700 normal>) = 10.335
2026-06-26 12:28:00,586 DEBUG matplotlib.font_manager: findfont: score(<Font 'DejaVu Sans' (DejaVuSans.ttf) normal normal 400 normal>) = 10.05
2026-06-26 12:28:00,587 DEBUG matplotlib.font_manager: findfont: score(<Font 'cmsy10' (cmsy10.ttf) normal normal 400 normal>) = 10.05
2026-06-26 12:28:00,587 DEBUG matplotlib.font_manager: findfont: score(<Font 'DejaVu Sans Mono' (DejaVuSansMono.ttf) normal normal 400 normal>) = 10.05
2026-06-26 12:28:00,587 DEBUG matplotlib.font_manager: findfont: score(<Font 'STIXSizeTwoSym' (STIXSizTwoSymReg.ttf) normal normal 400 normal>) = 10.05
2026-06-26 12:28:00,587 DEBUG matplotlib.font_manager: findfont: score(<Font 'cmtt10' (cmtt10.ttf) normal normal 400 normal>) = 10.05
2026-06-26 12:28:00,587 DEBUG matplotlib.font_manager: findfont: score(<Font 'STIXSizeThreeSym' (STIXSizThreeSymBol.ttf) normal normal 700 normal>) = 10.335
2026-06-26 12:28:00,587 DEBUG matplotlib.font_manager: findfont: score(<Font 'DejaVu Sans Mono' (DejaVuSansMono-Bold.ttf) normal normal 700 normal>) = 10.335
2026-06-26 12:28:00,587 DEBUG matplotlib.font_manager: findfont: score(<Font 'STIXSizeOneSym' (STIXSizOneSymReg.ttf) normal normal 400 normal>) = 10.05
2026-06-26 12:28:00,587 DEBUG matplotlib.font_manager: findfont: score(<Font 'cmb10' (cmb10.ttf) normal normal 400 normal>) = 10.05
2026-06-26 12:28:00,587 DEBUG matplotlib.font_manager: findfont: score(<Font 'STIXGeneral' (STIXGeneralItalic.ttf) italic normal 400 normal>) = 1.05
2026-06-26 12:28:00,587 DEBUG matplotlib.font_manager: findfont: score(<Font 'DejaVu Serif Display' (DejaVuSerifDisplay.ttf) normal normal 400 normal>) = 10.05
2026-06-26 12:28:00,587 DEBUG matplotlib.font_manager: findfont: score(<Font 'STIXSizeFourSym' (STIXSizFourSymReg.ttf) normal normal 400 normal>) = 10.05
2026-06-26 12:28:00,587 DEBUG matplotlib.font_manager: findfont: score(<Font 'STIXGeneral' (STIXGeneralBolIta.ttf) italic normal 700 normal>) = 1.335
2026-06-26 12:28:00,587 DEBUG matplotlib.font_manager: findfont: score(<Font 'STIXGeneral' (STIXGeneral.ttf) normal normal 400 normal>) = 0.05
2026-06-26 12:28:00,587 DEBUG matplotlib.font_manager: findfont: score(<Font 'cmss10' (cmss10.ttf) normal normal 400 normal>) = 10.05
2026-06-26 12:28:00,587 DEBUG matplotlib.font_manager: findfont: score(<Font 'DejaVu Serif' (DejaVuSerif.ttf) normal normal 400 normal>) = 10.05
2026-06-26 12:28:00,587 DEBUG matplotlib.font_manager: findfont: score(<Font 'STIXNonUnicode' (STIXNonUniBolIta.ttf) italic normal 700 normal>) = 11.335
2026-06-26 12:28:00,587 DEBUG matplotlib.font_manager: findfont: score(<Font 'STIXGeneral' (STIXGeneralBol.ttf) normal normal 700 normal>) = 0.33499999999999996
2026-06-26 12:28:00,587 DEBUG matplotlib.font_manager: findfont: score(<Font 'cmr10' (cmr10.ttf) normal normal 400 normal>) = 10.05
2026-06-26 12:28:00,587 DEBUG matplotlib.font_manager: findfont: score(<Font 'DejaVu Sans' (DejaVuSans.ttf) normal normal 400 normal>) = 10.05
2026-06-26 12:28:00,587 DEBUG matplotlib.font_manager: findfont: score(<Font 'DejaVu Serif' (DejaVuSerif.ttf) normal normal 400 normal>) = 10.05
2026-06-26 12:28:00,587 DEBUG matplotlib.font_manager: findfont: score(<Font 'DejaVu Sans' (DejaVuSans-Bold.ttf) normal normal 700 normal>) = 10.335
2026-06-26 12:28:00,587 DEBUG matplotlib.font_manager: findfont: score(<Font 'DejaVu Sans Mono' (DejaVuSansMono.ttf) normal normal 400 normal>) = 10.05
2026-06-26 12:28:00,587 DEBUG matplotlib.font_manager: findfont: score(<Font 'DejaVu Sans Mono' (DejaVuSansMono-Bold.ttf) normal normal 700 normal>) = 10.335
2026-06-26 12:28:00,587 DEBUG matplotlib.font_manager: findfont: score(<Font 'DejaVu Serif' (DejaVuSerif-Bold.ttf) normal normal 700 normal>) = 10.335
2026-06-26 12:28:00,587 DEBUG matplotlib.font_manager: findfont: Matching STIXGeneral:style=normal:variant=normal:weight=normal:stretch=normal:size=10.0 to STIXGeneral ('/tmp/_MEIIvbjfv/matplotlib/mpl-data/fonts/ttf/STIXGeneral.ttf') with score of 0.050000.
2026-06-26 12:28:00,588 DEBUG matplotlib.font_manager: findfont: Matching STIXGeneral:style=italic:variant=normal:weight=normal:stretch=normal:size=10.0.
2026-06-26 12:28:00,588 DEBUG matplotlib.font_manager: findfont: score(<Font 'STIXSizeThreeSym' (STIXSizThreeSymReg.ttf) normal normal 400 normal>) = 11.05
2026-06-26 12:28:00,588 DEBUG matplotlib.font_manager: findfont: score(<Font 'DejaVu Sans' (DejaVuSans-BoldOblique.ttf) oblique normal 700 normal>) = 10.434999999999999
2026-06-26 12:28:00,588 DEBUG matplotlib.font_manager: findfont: score(<Font 'DejaVu Sans Mono' (DejaVuSansMono-Oblique.ttf) oblique normal 400 normal>) = 10.15
2026-06-26 12:28:00,588 DEBUG matplotlib.font_manager: findfont: score(<Font 'DejaVu Serif' (DejaVuSerif-Bold.ttf) normal normal 700 normal>) = 11.335
2026-06-26 12:28:00,588 DEBUG matplotlib.font_manager: findfont: score(<Font 'STIXSizeFiveSym' (STIXSizFiveSymReg.ttf) normal normal 400 normal>) = 11.05
2026-06-26 12:28:00,588 DEBUG matplotlib.font_manager: findfont: score(<Font 'cmmi10' (cmmi10.ttf) normal normal 400 normal>) = 11.05
2026-06-26 12:28:00,588 DEBUG matplotlib.font_manager: findfont: score(<Font 'STIXNonUnicode' (STIXNonUni.ttf) normal normal 400 normal>) = 11.05
2026-06-26 12:28:00,588 DEBUG matplotlib.font_manager: findfont: score(<Font 'DejaVu Sans Mono' (DejaVuSansMono-BoldOblique.ttf) oblique normal 700 normal>) = 10.434999999999999
2026-06-26 12:28:00,588 DEBUG matplotlib.font_manager: findfont: score(<Font 'STIXNonUnicode' (STIXNonUniBol.ttf) normal normal 700 normal>) = 11.335
2026-06-26 12:28:00,588 DEBUG matplotlib.font_manager: findfont: score(<Font 'DejaVu Sans Display' (DejaVuSansDisplay.ttf) normal normal 400 normal>) = 11.05
2026-06-26 12:28:00,588 DEBUG matplotlib.font_manager: findfont: score(<Font 'STIXSizeTwoSym' (STIXSizTwoSymBol.ttf) normal normal 700 normal>) = 11.335
2026-06-26 12:28:00,588 DEBUG matplotlib.font_manager: findfont: score(<Font 'DejaVu Serif' (DejaVuSerif-Italic.ttf) italic normal 400 normal>) = 10.05
2026-06-26 12:28:00,588 DEBUG matplotlib.font_manager: findfont: score(<Font 'DejaVu Sans' (DejaVuSans-Bold.ttf) normal normal 700 normal>) = 11.335
2026-06-26 12:28:00,588 DEBUG matplotlib.font_manager: findfont: score(<Font 'DejaVu Sans' (DejaVuSans-Oblique.ttf) oblique normal 400 normal>) = 10.15
2026-06-26 12:28:00,588 DEBUG matplotlib.font_manager: findfont: score(<Font 'DejaVu Serif' (DejaVuSerif-BoldItalic.ttf) italic normal 700 normal>) = 10.335
2026-06-26 12:28:00,588 DEBUG matplotlib.font_manager: findfont: score(<Font 'STIXNonUnicode' (STIXNonUniIta.ttf) italic normal 400 normal>) = 10.05
2026-06-26 12:28:00,588 DEBUG matplotlib.font_manager: findfont: score(<Font 'STIXSizeFourSym' (STIXSizFourSymBol.ttf) normal normal 700 normal>) = 11.335
2026-06-26 12:28:00,588 DEBUG matplotlib.font_manager: findfont: score(<Font 'cmex10' (cmex10.ttf) normal normal 400 normal>) = 11.05
2026-06-26 12:28:00,588 DEBUG matplotlib.font_manager: findfont: score(<Font 'STIXSizeOneSym' (STIXSizOneSymBol.ttf) normal normal 700 normal>) = 11.335
2026-06-26 12:28:00,588 DEBUG matplotlib.font_manager: findfont: score(<Font 'DejaVu Sans' (DejaVuSans.ttf) normal normal 400 normal>) = 11.05
2026-06-26 12:28:00,588 DEBUG matplotlib.font_manager: findfont: score(<Font 'cmsy10' (cmsy10.ttf) normal normal 400 normal>) = 11.05
2026-06-26 12:28:00,588 DEBUG matplotlib.font_manager: findfont: score(<Font 'DejaVu Sans Mono' (DejaVuSansMono.ttf) normal normal 400 normal>) = 11.05
2026-06-26 12:28:00,588 DEBUG matplotlib.font_manager: findfont: score(<Font 'STIXSizeTwoSym' (STIXSizTwoSymReg.ttf) normal normal 400 normal>) = 11.05
2026-06-26 12:28:00,588 DEBUG matplotlib.font_manager: findfont: score(<Font 'cmtt10' (cmtt10.ttf) normal normal 400 normal>) = 11.05
2026-06-26 12:28:00,588 DEBUG matplotlib.font_manager: findfont: score(<Font 'STIXSizeThreeSym' (STIXSizThreeSymBol.ttf) normal normal 700 normal>) = 11.335
2026-06-26 12:28:00,588 DEBUG matplotlib.font_manager: findfont: score(<Font 'DejaVu Sans Mono' (DejaVuSansMono-Bold.ttf) normal normal 700 normal>) = 11.335
2026-06-26 12:28:00,588 DEBUG matplotlib.font_manager: findfont: score(<Font 'STIXSizeOneSym' (STIXSizOneSymReg.ttf) normal normal 400 normal>) = 11.05
2026-06-26 12:28:00,588 DEBUG matplotlib.font_manager: findfont: score(<Font 'cmb10' (cmb10.ttf) normal normal 400 normal>) = 11.05
2026-06-26 12:28:00,589 DEBUG matplotlib.font_manager: findfont: score(<Font 'STIXGeneral' (STIXGeneralItalic.ttf) italic normal 400 normal>) = 0.05
2026-06-26 12:28:00,589 DEBUG matplotlib.font_manager: findfont: score(<Font 'DejaVu Serif Display' (DejaVuSerifDisplay.ttf) normal normal 400 normal>) = 11.05
2026-06-26 12:28:00,589 DEBUG matplotlib.font_manager: findfont: score(<Font 'STIXSizeFourSym' (STIXSizFourSymReg.ttf) normal normal 400 normal>) = 11.05
2026-06-26 12:28:00,589 DEBUG matplotlib.font_manager: findfont: score(<Font 'STIXGeneral' (STIXGeneralBolIta.ttf) italic normal 700 normal>) = 0.33499999999999996
2026-06-26 12:28:00,589 DEBUG matplotlib.font_manager: findfont: score(<Font 'STIXGeneral' (STIXGeneral.ttf) normal normal 400 normal>) = 1.05
2026-06-26 12:28:00,589 DEBUG matplotlib.font_manager: findfont: score(<Font 'cmss10' (cmss10.ttf) normal normal 400 normal>) = 11.05
2026-06-26 12:28:00,589 DEBUG matplotlib.font_manager: findfont: score(<Font 'DejaVu Serif' (DejaVuSerif.ttf) normal normal 400 normal>) = 11.05
2026-06-26 12:28:00,589 DEBUG matplotlib.font_manager: findfont: score(<Font 'STIXNonUnicode' (STIXNonUniBolIta.ttf) italic normal 700 normal>) = 10.335
2026-06-26 12:28:00,589 DEBUG matplotlib.font_manager: findfont: score(<Font 'STIXGeneral' (STIXGeneralBol.ttf) normal normal 700 normal>) = 1.335
2026-06-26 12:28:00,589 DEBUG matplotlib.font_manager: findfont: score(<Font 'cmr10' (cmr10.ttf) normal normal 400 normal>) = 11.05
2026-06-26 12:28:00,589 DEBUG matplotlib.font_manager: findfont: score(<Font 'DejaVu Sans' (DejaVuSans.ttf) normal normal 400 normal>) = 11.05
2026-06-26 12:28:00,589 DEBUG matplotlib.font_manager: findfont: score(<Font 'DejaVu Serif' (DejaVuSerif.ttf) normal normal 400 normal>) = 11.05
2026-06-26 12:28:00,589 DEBUG matplotlib.font_manager: findfont: score(<Font 'DejaVu Sans' (DejaVuSans-Bold.ttf) normal normal 700 normal>) = 11.335
2026-06-26 12:28:00,589 DEBUG matplotlib.font_manager: findfont: score(<Font 'DejaVu Sans Mono' (DejaVuSansMono.ttf) normal normal 400 normal>) = 11.05
2026-06-26 12:28:00,589 DEBUG matplotlib.font_manager: findfont: score(<Font 'DejaVu Sans Mono' (DejaVuSansMono-Bold.ttf) normal normal 700 normal>) = 11.335
2026-06-26 12:28:00,589 DEBUG matplotlib.font_manager: findfont: score(<Font 'DejaVu Serif' (DejaVuSerif-Bold.ttf) normal normal 700 normal>) = 11.335
2026-06-26 12:28:00,589 DEBUG matplotlib.font_manager: findfont: Matching STIXGeneral:style=italic:variant=normal:weight=normal:stretch=normal:size=10.0 to STIXGeneral ('/tmp/_MEIIvbjfv/matplotlib/mpl-data/fonts/ttf/STIXGeneralItalic.ttf') with score of 0.050000.
2026-06-26 12:28:00,590 DEBUG matplotlib.font_manager: findfont: Matching STIXGeneral:style=normal:variant=normal:weight=bold:stretch=normal:size=10.0.
2026-06-26 12:28:00,590 DEBUG matplotlib.font_manager: findfont: score(<Font 'STIXSizeThreeSym' (STIXSizThreeSymReg.ttf) normal normal 400 normal>) = 10.335
2026-06-26 12:28:00,590 DEBUG matplotlib.font_manager: findfont: score(<Font 'DejaVu Sans' (DejaVuSans-BoldOblique.ttf) oblique normal 700 normal>) = 11.05
2026-06-26 12:28:00,590 DEBUG matplotlib.font_manager: findfont: score(<Font 'DejaVu Sans Mono' (DejaVuSansMono-Oblique.ttf) oblique normal 400 normal>) = 11.335
2026-06-26 12:28:00,590 DEBUG matplotlib.font_manager: findfont: score(<Font 'DejaVu Serif' (DejaVuSerif-Bold.ttf) normal normal 700 normal>) = 10.05
2026-06-26 12:28:00,590 DEBUG matplotlib.font_manager: findfont: score(<Font 'STIXSizeFiveSym' (STIXSizFiveSymReg.ttf) normal normal 400 normal>) = 10.335
2026-06-26 12:28:00,590 DEBUG matplotlib.font_manager: findfont: score(<Font 'cmmi10' (cmmi10.ttf) normal normal 400 normal>) = 10.335
2026-06-26 12:28:00,590 DEBUG matplotlib.font_manager: findfont: score(<Font 'STIXNonUnicode' (STIXNonUni.ttf) normal normal 400 normal>) = 10.335
2026-06-26 12:28:00,590 DEBUG matplotlib.font_manager: findfont: score(<Font 'DejaVu Sans Mono' (DejaVuSansMono-BoldOblique.ttf) oblique normal 700 normal>) = 11.05
2026-06-26 12:28:00,590 DEBUG matplotlib.font_manager: findfont: score(<Font 'STIXNonUnicode' (STIXNonUniBol.ttf) normal normal 700 normal>) = 10.05
2026-06-26 12:28:00,590 DEBUG matplotlib.font_manager: findfont: score(<Font 'DejaVu Sans Display' (DejaVuSansDisplay.ttf) normal normal 400 normal>) = 10.335
2026-06-26 12:28:00,590 DEBUG matplotlib.font_manager: findfont: score(<Font 'STIXSizeTwoSym' (STIXSizTwoSymBol.ttf) normal normal 700 normal>) = 10.05
2026-06-26 12:28:00,590 DEBUG matplotlib.font_manager: findfont: score(<Font 'DejaVu Serif' (DejaVuSerif-Italic.ttf) italic normal 400 normal>) = 11.335
2026-06-26 12:28:00,590 DEBUG matplotlib.font_manager: findfont: score(<Font 'DejaVu Sans' (DejaVuSans-Bold.ttf) normal normal 700 normal>) = 10.05
2026-06-26 12:28:00,590 DEBUG matplotlib.font_manager: findfont: score(<Font 'DejaVu Sans' (DejaVuSans-Oblique.ttf) oblique normal 400 normal>) = 11.335
2026-06-26 12:28:00,590 DEBUG matplotlib.font_manager: findfont: score(<Font 'DejaVu Serif' (DejaVuSerif-BoldItalic.ttf) italic normal 700 normal>) = 11.05
2026-06-26 12:28:00,590 DEBUG matplotlib.font_manager: findfont: score(<Font 'STIXNonUnicode' (STIXNonUniIta.ttf) italic normal 400 normal>) = 11.335
2026-06-26 12:28:00,590 DEBUG matplotlib.font_manager: findfont: score(<Font 'STIXSizeFourSym' (STIXSizFourSymBol.ttf) normal normal 700 normal>) = 10.05
2026-06-26 12:28:00,590 DEBUG matplotlib.font_manager: findfont: score(<Font 'cmex10' (cmex10.ttf) normal normal 400 normal>) = 10.335
2026-06-26 12:28:00,590 DEBUG matplotlib.font_manager: findfont: score(<Font 'STIXSizeOneSym' (STIXSizOneSymBol.ttf) normal normal 700 normal>) = 10.05
2026-06-26 12:28:00,590 DEBUG matplotlib.font_manager: findfont: score(<Font 'DejaVu Sans' (DejaVuSans.ttf) normal normal 400 normal>) = 10.335
2026-06-26 12:28:00,590 DEBUG matplotlib.font_manager: findfont: score(<Font 'cmsy10' (cmsy10.ttf) normal normal 400 normal>) = 10.335
2026-06-26 12:28:00,590 DEBUG matplotlib.font_manager: findfont: score(<Font 'DejaVu Sans Mono' (DejaVuSansMono.ttf) normal normal 400 normal>) = 10.335
2026-06-26 12:28:00,590 DEBUG matplotlib.font_manager: findfont: score(<Font 'STIXSizeTwoSym' (STIXSizTwoSymReg.ttf) normal normal 400 normal>) = 10.335
2026-06-26 12:28:00,590 DEBUG matplotlib.font_manager: findfont: score(<Font 'cmtt10' (cmtt10.ttf) normal normal 400 normal>) = 10.335
2026-06-26 12:28:00,590 DEBUG matplotlib.font_manager: findfont: score(<Font 'STIXSizeThreeSym' (STIXSizThreeSymBol.ttf) normal normal 700 normal>) = 10.05
2026-06-26 12:28:00,590 DEBUG matplotlib.font_manager: findfont: score(<Font 'DejaVu Sans Mono' (DejaVuSansMono-Bold.ttf) normal normal 700 normal>) = 10.05
2026-06-26 12:28:00,590 DEBUG matplotlib.font_manager: findfont: score(<Font 'STIXSizeOneSym' (STIXSizOneSymReg.ttf) normal normal 400 normal>) = 10.335
2026-06-26 12:28:00,590 DEBUG matplotlib.font_manager: findfont: score(<Font 'cmb10' (cmb10.ttf) normal normal 400 normal>) = 10.335
2026-06-26 12:28:00,590 DEBUG matplotlib.font_manager: findfont: score(<Font 'STIXGeneral' (STIXGeneralItalic.ttf) italic normal 400 normal>) = 1.335
2026-06-26 12:28:00,590 DEBUG matplotlib.font_manager: findfont: score(<Font 'DejaVu Serif Display' (DejaVuSerifDisplay.ttf) normal normal 400 normal>) = 10.335
2026-06-26 12:28:00,590 DEBUG matplotlib.font_manager: findfont: score(<Font 'STIXSizeFourSym' (STIXSizFourSymReg.ttf) normal normal 400 normal>) = 10.335
2026-06-26 12:28:00,591 DEBUG matplotlib.font_manager: findfont: score(<Font 'STIXGeneral' (STIXGeneralBolIta.ttf) italic normal 700 normal>) = 1.05
2026-06-26 12:28:00,591 DEBUG matplotlib.font_manager: findfont: score(<Font 'STIXGeneral' (STIXGeneral.ttf) normal normal 400 normal>) = 0.33499999999999996
2026-06-26 12:28:00,591 DEBUG matplotlib.font_manager: findfont: score(<Font 'cmss10' (cmss10.ttf) normal normal 400 normal>) = 10.335
2026-06-26 12:28:00,591 DEBUG matplotlib.font_manager: findfont: score(<Font 'DejaVu Serif' (DejaVuSerif.ttf) normal normal 400 normal>) = 10.335
2026-06-26 12:28:00,591 DEBUG matplotlib.font_manager: findfont: score(<Font 'STIXNonUnicode' (STIXNonUniBolIta.ttf) italic normal 700 normal>) = 11.05
2026-06-26 12:28:00,591 DEBUG matplotlib.font_manager: findfont: score(<Font 'STIXGeneral' (STIXGeneralBol.ttf) normal normal 700 normal>) = 0.05
2026-06-26 12:28:00,591 DEBUG matplotlib.font_manager: findfont: score(<Font 'cmr10' (cmr10.ttf) normal normal 400 normal>) = 10.335
2026-06-26 12:28:00,591 DEBUG matplotlib.font_manager: findfont: score(<Font 'DejaVu Sans' (DejaVuSans.ttf) normal normal 400 normal>) = 10.335
2026-06-26 12:28:00,591 DEBUG matplotlib.font_manager: findfont: score(<Font 'DejaVu Serif' (DejaVuSerif.ttf) normal normal 400 normal>) = 10.335
2026-06-26 12:28:00,591 DEBUG matplotlib.font_manager: findfont: score(<Font 'DejaVu Sans' (DejaVuSans-Bold.ttf) normal normal 700 normal>) = 10.05
2026-06-26 12:28:00,591 DEBUG matplotlib.font_manager: findfont: score(<Font 'DejaVu Sans Mono' (DejaVuSansMono.ttf) normal normal 400 normal>) = 10.335
2026-06-26 12:28:00,591 DEBUG matplotlib.font_manager: findfont: score(<Font 'DejaVu Sans Mono' (DejaVuSansMono-Bold.ttf) normal normal 700 normal>) = 10.05
2026-06-26 12:28:00,591 DEBUG matplotlib.font_manager: findfont: score(<Font 'DejaVu Serif' (DejaVuSerif-Bold.ttf) normal normal 700 normal>) = 10.05
2026-06-26 12:28:00,591 DEBUG matplotlib.font_manager: findfont: Matching STIXGeneral:style=normal:variant=normal:weight=bold:stretch=normal:size=10.0 to STIXGeneral ('/tmp/_MEIIvbjfv/matplotlib/mpl-data/fonts/ttf/STIXGeneralBol.ttf') with score of 0.050000.
2026-06-26 12:28:00,591 DEBUG matplotlib.font_manager: findfont: Matching STIXNonUnicode:style=normal:variant=normal:weight=normal:stretch=normal:size=10.0.
2026-06-26 12:28:00,591 DEBUG matplotlib.font_manager: findfont: score(<Font 'STIXSizeThreeSym' (STIXSizThreeSymReg.ttf) normal normal 400 normal>) = 10.05
2026-06-26 12:28:00,591 DEBUG matplotlib.font_manager: findfont: score(<Font 'DejaVu Sans' (DejaVuSans-BoldOblique.ttf) oblique normal 700 normal>) = 11.335
2026-06-26 12:28:00,591 DEBUG matplotlib.font_manager: findfont: score(<Font 'DejaVu Sans Mono' (DejaVuSansMono-Oblique.ttf) oblique normal 400 normal>) = 11.05
2026-06-26 12:28:00,591 DEBUG matplotlib.font_manager: findfont: score(<Font 'DejaVu Serif' (DejaVuSerif-Bold.ttf) normal normal 700 normal>) = 10.335
2026-06-26 12:28:00,591 DEBUG matplotlib.font_manager: findfont: score(<Font 'STIXSizeFiveSym' (STIXSizFiveSymReg.ttf) normal normal 400 normal>) = 10.05
2026-06-26 12:28:00,591 DEBUG matplotlib.font_manager: findfont: score(<Font 'cmmi10' (cmmi10.ttf) normal normal 400 normal>) = 10.05
2026-06-26 12:28:00,591 DEBUG matplotlib.font_manager: findfont: score(<Font 'STIXNonUnicode' (STIXNonUni.ttf) normal normal 400 normal>) = 0.05
2026-06-26 12:28:00,591 DEBUG matplotlib.font_manager: findfont: score(<Font 'DejaVu Sans Mono' (DejaVuSansMono-BoldOblique.ttf) oblique normal 700 normal>) = 11.335
2026-06-26 12:28:00,591 DEBUG matplotlib.font_manager: findfont: score(<Font 'STIXNonUnicode' (STIXNonUniBol.ttf) normal normal 700 normal>) = 0.33499999999999996
2026-06-26 12:28:00,591 DEBUG matplotlib.font_manager: findfont: score(<Font 'DejaVu Sans Display' (DejaVuSansDisplay.ttf) normal normal 400 normal>) = 10.05
2026-06-26 12:28:00,592 DEBUG matplotlib.font_manager: findfont: score(<Font 'STIXSizeTwoSym' (STIXSizTwoSymBol.ttf) normal normal 700 normal>) = 10.335
2026-06-26 12:28:00,592 DEBUG matplotlib.font_manager: findfont: score(<Font 'DejaVu Serif' (DejaVuSerif-Italic.ttf) italic normal 400 normal>) = 11.05
2026-06-26 12:28:00,592 DEBUG matplotlib.font_manager: findfont: score(<Font 'DejaVu Sans' (DejaVuSans-Bold.ttf) normal normal 700 normal>) = 10.335
2026-06-26 12:28:00,592 DEBUG matplotlib.font_manager: findfont: score(<Font 'DejaVu Sans' (DejaVuSans-Oblique.ttf) oblique normal 400 normal>) = 11.05
2026-06-26 12:28:00,592 DEBUG matplotlib.font_manager: findfont: score(<Font 'DejaVu Serif' (DejaVuSerif-BoldItalic.ttf) italic normal 700 normal>) = 11.335
2026-06-26 12:28:00,592 DEBUG matplotlib.font_manager: findfont: score(<Font 'STIXNonUnicode' (STIXNonUniIta.ttf) italic normal 400 normal>) = 1.05
2026-06-26 12:28:00,592 DEBUG matplotlib.font_manager: findfont: score(<Font 'STIXSizeFourSym' (STIXSizFourSymBol.ttf) normal normal 700 normal>) = 10.335
2026-06-26 12:28:00,592 DEBUG matplotlib.font_manager: findfont: score(<Font 'cmex10' (cmex10.ttf) normal normal 400 normal>) = 10.05
2026-06-26 12:28:00,592 DEBUG matplotlib.font_manager: findfont: score(<Font 'STIXSizeOneSym' (STIXSizOneSymBol.ttf) normal normal 700 normal>) = 10.335
2026-06-26 12:28:00,592 DEBUG matplotlib.font_manager: findfont: score(<Font 'DejaVu Sans' (DejaVuSans.ttf) normal normal 400 normal>) = 10.05
2026-06-26 12:28:00,592 DEBUG matplotlib.font_manager: findfont: score(<Font 'cmsy10' (cmsy10.ttf) normal normal 400 normal>) = 10.05
2026-06-26 12:28:00,592 DEBUG matplotlib.font_manager: findfont: score(<Font 'DejaVu Sans Mono' (DejaVuSansMono.ttf) normal normal 400 normal>) = 10.05
2026-06-26 12:28:00,592 DEBUG matplotlib.font_manager: findfont: score(<Font 'STIXSizeTwoSym' (STIXSizTwoSymReg.ttf) normal normal 400 normal>) = 10.05
2026-06-26 12:28:00,592 DEBUG matplotlib.font_manager: findfont: score(<Font 'cmtt10' (cmtt10.ttf) normal normal 400 normal>) = 10.05
2026-06-26 12:28:00,592 DEBUG matplotlib.font_manager: findfont: score(<Font 'STIXSizeThreeSym' (STIXSizThreeSymBol.ttf) normal normal 700 normal>) = 10.335
2026-06-26 12:28:00,592 DEBUG matplotlib.font_manager: findfont: score(<Font 'DejaVu Sans Mono' (DejaVuSansMono-Bold.ttf) normal normal 700 normal>) = 10.335
2026-06-26 12:28:00,592 DEBUG matplotlib.font_manager: findfont: score(<Font 'STIXSizeOneSym' (STIXSizOneSymReg.ttf) normal normal 400 normal>) = 10.05
2026-06-26 12:28:00,592 DEBUG matplotlib.font_manager: findfont: score(<Font 'cmb10' (cmb10.ttf) normal normal 400 normal>) = 10.05
2026-06-26 12:28:00,592 DEBUG matplotlib.font_manager: findfont: score(<Font 'STIXGeneral' (STIXGeneralItalic.ttf) italic normal 400 normal>) = 11.05
2026-06-26 12:28:00,592 DEBUG matplotlib.font_manager: findfont: score(<Font 'DejaVu Serif Display' (DejaVuSerifDisplay.ttf) normal normal 400 normal>) = 10.05
2026-06-26 12:28:00,592 DEBUG matplotlib.font_manager: findfont: score(<Font 'STIXSizeFourSym' (STIXSizFourSymReg.ttf) normal normal 400 normal>) = 10.05
2026-06-26 12:28:00,592 DEBUG matplotlib.font_manager: findfont: score(<Font 'STIXGeneral' (STIXGeneralBolIta.ttf) italic normal 700 normal>) = 11.335
2026-06-26 12:28:00,592 DEBUG matplotlib.font_manager: findfont: score(<Font 'STIXGeneral' (STIXGeneral.ttf) normal normal 400 normal>) = 10.05
2026-06-26 12:28:00,592 DEBUG matplotlib.font_manager: findfont: score(<Font 'cmss10' (cmss10.ttf) normal normal 400 normal>) = 10.05
2026-06-26 12:28:00,592 DEBUG matplotlib.font_manager: findfont: score(<Font 'DejaVu Serif' (DejaVuSerif.ttf) normal normal 400 normal>) = 10.05
2026-06-26 12:28:00,592 DEBUG matplotlib.font_manager: findfont: score(<Font 'STIXNonUnicode' (STIXNonUniBolIta.ttf) italic normal 700 normal>) = 1.335
2026-06-26 12:28:00,592 DEBUG matplotlib.font_manager: findfont: score(<Font 'STIXGeneral' (STIXGeneralBol.ttf) normal normal 700 normal>) = 10.335
2026-06-26 12:28:00,592 DEBUG matplotlib.font_manager: findfont: score(<Font 'cmr10' (cmr10.ttf) normal normal 400 normal>) = 10.05
2026-06-26 12:28:00,592 DEBUG matplotlib.font_manager: findfont: score(<Font 'DejaVu Sans' (DejaVuSans.ttf) normal normal 400 normal>) = 10.05
2026-06-26 12:28:00,592 DEBUG matplotlib.font_manager: findfont: score(<Font 'DejaVu Serif' (DejaVuSerif.ttf) normal normal 400 normal>) = 10.05
2026-06-26 12:28:00,592 DEBUG matplotlib.font_manager: findfont: score(<Font 'DejaVu Sans' (DejaVuSans-Bold.ttf) normal normal 700 normal>) = 10.335
2026-06-26 12:28:00,592 DEBUG matplotlib.font_manager: findfont: score(<Font 'DejaVu Sans Mono' (DejaVuSansMono.ttf) normal normal 400 normal>) = 10.05
2026-06-26 12:28:00,592 DEBUG matplotlib.font_manager: findfont: score(<Font 'DejaVu Sans Mono' (DejaVuSansMono-Bold.ttf) normal normal 700 normal>) = 10.335
2026-06-26 12:28:00,592 DEBUG matplotlib.font_manager: findfont: score(<Font 'DejaVu Serif' (DejaVuSerif-Bold.ttf) normal normal 700 normal>) = 10.335
2026-06-26 12:28:00,592 DEBUG matplotlib.font_manager: findfont: Matching STIXNonUnicode:style=normal:variant=normal:weight=normal:stretch=normal:size=10.0 to STIXNonUnicode ('/tmp/_MEIIvbjfv/matplotlib/mpl-data/fonts/ttf/STIXNonUni.ttf') with score of 0.050000.
2026-06-26 12:28:00,593 DEBUG matplotlib.font_manager: findfont: Matching STIXNonUnicode:style=italic:variant=normal:weight=normal:stretch=normal:size=10.0.
2026-06-26 12:28:00,593 DEBUG matplotlib.font_manager: findfont: score(<Font 'STIXSizeThreeSym' (STIXSizThreeSymReg.ttf) normal normal 400 normal>) = 11.05
2026-06-26 12:28:00,593 DEBUG matplotlib.font_manager: findfont: score(<Font 'DejaVu Sans' (DejaVuSans-BoldOblique.ttf) oblique normal 700 normal>) = 10.434999999999999
2026-06-26 12:28:00,593 DEBUG matplotlib.font_manager: findfont: score(<Font 'DejaVu Sans Mono' (DejaVuSansMono-Oblique.ttf) oblique normal 400 normal>) = 10.15
2026-06-26 12:28:00,593 DEBUG matplotlib.font_manager: findfont: score(<Font 'DejaVu Serif' (DejaVuSerif-Bold.ttf) normal normal 700 normal>) = 11.335
2026-06-26 12:28:00,593 DEBUG matplotlib.font_manager: findfont: score(<Font 'STIXSizeFiveSym' (STIXSizFiveSymReg.ttf) normal normal 400 normal>) = 11.05
2026-06-26 12:28:00,593 DEBUG matplotlib.font_manager: findfont: score(<Font 'cmmi10' (cmmi10.ttf) normal normal 400 normal>) = 11.05
2026-06-26 12:28:00,593 DEBUG matplotlib.font_manager: findfont: score(<Font 'STIXNonUnicode' (STIXNonUni.ttf) normal normal 400 normal>) = 1.05
2026-06-26 12:28:00,593 DEBUG matplotlib.font_manager: findfont: score(<Font 'DejaVu Sans Mono' (DejaVuSansMono-BoldOblique.ttf) oblique normal 700 normal>) = 10.434999999999999
2026-06-26 12:28:00,593 DEBUG matplotlib.font_manager: findfont: score(<Font 'STIXNonUnicode' (STIXNonUniBol.ttf) normal normal 700 normal>) = 1.335
2026-06-26 12:28:00,593 DEBUG matplotlib.font_manager: findfont: score(<Font 'DejaVu Sans Display' (DejaVuSansDisplay.ttf) normal normal 400 normal>) = 11.05
2026-06-26 12:28:00,593 DEBUG matplotlib.font_manager: findfont: score(<Font 'STIXSizeTwoSym' (STIXSizTwoSymBol.ttf) normal normal 700 normal>) = 11.335
2026-06-26 12:28:00,593 DEBUG matplotlib.font_manager: findfont: score(<Font 'DejaVu Serif' (DejaVuSerif-Italic.ttf) italic normal 400 normal>) = 10.05
2026-06-26 12:28:00,593 DEBUG matplotlib.font_manager: findfont: score(<Font 'DejaVu Sans' (DejaVuSans-Bold.ttf) normal normal 700 normal>) = 11.335
2026-06-26 12:28:00,593 DEBUG matplotlib.font_manager: findfont: score(<Font 'DejaVu Sans' (DejaVuSans-Oblique.ttf) oblique normal 400 normal>) = 10.15
2026-06-26 12:28:00,593 DEBUG matplotlib.font_manager: findfont: score(<Font 'DejaVu Serif' (DejaVuSerif-BoldItalic.ttf) italic normal 700 normal>) = 10.335
2026-06-26 12:28:00,593 DEBUG matplotlib.font_manager: findfont: score(<Font 'STIXNonUnicode' (STIXNonUniIta.ttf) italic normal 400 normal>) = 0.05
2026-06-26 12:28:00,593 DEBUG matplotlib.font_manager: findfont: score(<Font 'STIXSizeFourSym' (STIXSizFourSymBol.ttf) normal normal 700 normal>) = 11.335
2026-06-26 12:28:00,593 DEBUG matplotlib.font_manager: findfont: score(<Font 'cmex10' (cmex10.ttf) normal normal 400 normal>) = 11.05
2026-06-26 12:28:00,593 DEBUG matplotlib.font_manager: findfont: score(<Font 'STIXSizeOneSym' (STIXSizOneSymBol.ttf) normal normal 700 normal>) = 11.335
2026-06-26 12:28:00,593 DEBUG matplotlib.font_manager: findfont: score(<Font 'DejaVu Sans' (DejaVuSans.ttf) normal normal 400 normal>) = 11.05
2026-06-26 12:28:00,593 DEBUG matplotlib.font_manager: findfont: score(<Font 'cmsy10' (cmsy10.ttf) normal normal 400 normal>) = 11.05
2026-06-26 12:28:00,593 DEBUG matplotlib.font_manager: findfont: score(<Font 'DejaVu Sans Mono' (DejaVuSansMono.ttf) normal normal 400 normal>) = 11.05
2026-06-26 12:28:00,594 DEBUG matplotlib.font_manager: findfont: score(<Font 'STIXSizeTwoSym' (STIXSizTwoSymReg.ttf) normal normal 400 normal>) = 11.05
2026-06-26 12:28:00,594 DEBUG matplotlib.font_manager: findfont: score(<Font 'cmtt10' (cmtt10.ttf) normal normal 400 normal>) = 11.05
2026-06-26 12:28:00,594 DEBUG matplotlib.font_manager: findfont: score(<Font 'STIXSizeThreeSym' (STIXSizThreeSymBol.ttf) normal normal 700 normal>) = 11.335
2026-06-26 12:28:00,594 DEBUG matplotlib.font_manager: findfont: score(<Font 'DejaVu Sans Mono' (DejaVuSansMono-Bold.ttf) normal normal 700 normal>) = 11.335
2026-06-26 12:28:00,594 DEBUG matplotlib.font_manager: findfont: score(<Font 'STIXSizeOneSym' (STIXSizOneSymReg.ttf) normal normal 400 normal>) = 11.05
2026-06-26 12:28:00,594 DEBUG matplotlib.font_manager: findfont: score(<Font 'cmb10' (cmb10.ttf) normal normal 400 normal>) = 11.05
2026-06-26 12:28:00,594 DEBUG matplotlib.font_manager: findfont: score(<Font 'STIXGeneral' (STIXGeneralItalic.ttf) italic normal 400 normal>) = 10.05
2026-06-26 12:28:00,594 DEBUG matplotlib.font_manager: findfont: score(<Font 'DejaVu Serif Display' (DejaVuSerifDisplay.ttf) normal normal 400 normal>) = 11.05
2026-06-26 12:28:00,594 DEBUG matplotlib.font_manager: findfont: score(<Font 'STIXSizeFourSym' (STIXSizFourSymReg.ttf) normal normal 400 normal>) = 11.05
2026-06-26 12:28:00,594 DEBUG matplotlib.font_manager: findfont: score(<Font 'STIXGeneral' (STIXGeneralBolIta.ttf) italic normal 700 normal>) = 10.335
2026-06-26 12:28:00,594 DEBUG matplotlib.font_manager: findfont: score(<Font 'STIXGeneral' (STIXGeneral.ttf) normal normal 400 normal>) = 11.05
2026-06-26 12:28:00,594 DEBUG matplotlib.font_manager: findfont: score(<Font 'cmss10' (cmss10.ttf) normal normal 400 normal>) = 11.05
2026-06-26 12:28:00,594 DEBUG matplotlib.font_manager: findfont: score(<Font 'DejaVu Serif' (DejaVuSerif.ttf) normal normal 400 normal>) = 11.05
2026-06-26 12:28:00,594 DEBUG matplotlib.font_manager: findfont: score(<Font 'STIXNonUnicode' (STIXNonUniBolIta.ttf) italic normal 700 normal>) = 0.33499999999999996
2026-06-26 12:28:00,594 DEBUG matplotlib.font_manager: findfont: score(<Font 'STIXGeneral' (STIXGeneralBol.ttf) normal normal 700 normal>) = 11.335
2026-06-26 12:28:00,594 DEBUG matplotlib.font_manager: findfont: score(<Font 'cmr10' (cmr10.ttf) normal normal 400 normal>) = 11.05
2026-06-26 12:28:00,594 DEBUG matplotlib.font_manager: findfont: score(<Font 'DejaVu Sans' (DejaVuSans.ttf) normal normal 400 normal>) = 11.05
2026-06-26 12:28:00,594 DEBUG matplotlib.font_manager: findfont: score(<Font 'DejaVu Serif' (DejaVuSerif.ttf) normal normal 400 normal>) = 11.05
2026-06-26 12:28:00,594 DEBUG matplotlib.font_manager: findfont: score(<Font 'DejaVu Sans' (DejaVuSans-Bold.ttf) normal normal 700 normal>) = 11.335
2026-06-26 12:28:00,594 DEBUG matplotlib.font_manager: findfont: score(<Font 'DejaVu Sans Mono' (DejaVuSansMono.ttf) normal normal 400 normal>) = 11.05
2026-06-26 12:28:00,594 DEBUG matplotlib.font_manager: findfont: score(<Font 'DejaVu Sans Mono' (DejaVuSansMono-Bold.ttf) normal normal 700 normal>) = 11.335
2026-06-26 12:28:00,594 DEBUG matplotlib.font_manager: findfont: score(<Font 'DejaVu Serif' (DejaVuSerif-Bold.ttf) normal normal 700 normal>) = 11.335
2026-06-26 12:28:00,594 DEBUG matplotlib.font_manager: findfont: Matching STIXNonUnicode:style=italic:variant=normal:weight=normal:stretch=normal:size=10.0 to STIXNonUnicode ('/tmp/_MEIIvbjfv/matplotlib/mpl-data/fonts/ttf/STIXNonUniIta.ttf') with score of 0.050000.
2026-06-26 12:28:00,595 DEBUG matplotlib.font_manager: findfont: Matching STIXNonUnicode:style=normal:variant=normal:weight=bold:stretch=normal:size=10.0.
2026-06-26 12:28:00,595 DEBUG matplotlib.font_manager: findfont: score(<Font 'STIXSizeThreeSym' (STIXSizThreeSymReg.ttf) normal normal 400 normal>) = 10.335
2026-06-26 12:28:00,595 DEBUG matplotlib.font_manager: findfont: score(<Font 'DejaVu Sans' (DejaVuSans-BoldOblique.ttf) oblique normal 700 normal>) = 11.05
2026-06-26 12:28:00,595 DEBUG matplotlib.font_manager: findfont: score(<Font 'DejaVu Sans Mono' (DejaVuSansMono-Oblique.ttf) oblique normal 400 normal>) = 11.335
2026-06-26 12:28:00,595 DEBUG matplotlib.font_manager: findfont: score(<Font 'DejaVu Serif' (DejaVuSerif-Bold.ttf) normal normal 700 normal>) = 10.05
2026-06-26 12:28:00,595 DEBUG matplotlib.font_manager: findfont: score(<Font 'STIXSizeFiveSym' (STIXSizFiveSymReg.ttf) normal normal 400 normal>) = 10.335
2026-06-26 12:28:00,595 DEBUG matplotlib.font_manager: findfont: score(<Font 'cmmi10' (cmmi10.ttf) normal normal 400 normal>) = 10.335
2026-06-26 12:28:00,595 DEBUG matplotlib.font_manager: findfont: score(<Font 'STIXNonUnicode' (STIXNonUni.ttf) normal normal 400 normal>) = 0.33499999999999996
2026-06-26 12:28:00,595 DEBUG matplotlib.font_manager: findfont: score(<Font 'DejaVu Sans Mono' (DejaVuSansMono-BoldOblique.ttf) oblique normal 700 normal>) = 11.05
2026-06-26 12:28:00,595 DEBUG matplotlib.font_manager: findfont: score(<Font 'STIXNonUnicode' (STIXNonUniBol.ttf) normal normal 700 normal>) = 0.05
2026-06-26 12:28:00,595 DEBUG matplotlib.font_manager: findfont: score(<Font 'DejaVu Sans Display' (DejaVuSansDisplay.ttf) normal normal 400 normal>) = 10.335
2026-06-26 12:28:00,595 DEBUG matplotlib.font_manager: findfont: score(<Font 'STIXSizeTwoSym' (STIXSizTwoSymBol.ttf) normal normal 700 normal>) = 10.05
2026-06-26 12:28:00,595 DEBUG matplotlib.font_manager: findfont: score(<Font 'DejaVu Serif' (DejaVuSerif-Italic.ttf) italic normal 400 normal>) = 11.335
2026-06-26 12:28:00,595 DEBUG matplotlib.font_manager: findfont: score(<Font 'DejaVu Sans' (DejaVuSans-Bold.ttf) normal normal 700 normal>) = 10.05
2026-06-26 12:28:00,595 DEBUG matplotlib.font_manager: findfont: score(<Font 'DejaVu Sans' (DejaVuSans-Oblique.ttf) oblique normal 400 normal>) = 11.335
2026-06-26 12:28:00,595 DEBUG matplotlib.font_manager: findfont: score(<Font 'DejaVu Serif' (DejaVuSerif-BoldItalic.ttf) italic normal 700 normal>) = 11.05
2026-06-26 12:28:00,595 DEBUG matplotlib.font_manager: findfont: score(<Font 'STIXNonUnicode' (STIXNonUniIta.ttf) italic normal 400 normal>) = 1.335
2026-06-26 12:28:00,595 DEBUG matplotlib.font_manager: findfont: score(<Font 'STIXSizeFourSym' (STIXSizFourSymBol.ttf) normal normal 700 normal>) = 10.05
2026-06-26 12:28:00,595 DEBUG matplotlib.font_manager: findfont: score(<Font 'cmex10' (cmex10.ttf) normal normal 400 normal>) = 10.335
2026-06-26 12:28:00,595 DEBUG matplotlib.font_manager: findfont: score(<Font 'STIXSizeOneSym' (STIXSizOneSymBol.ttf) normal normal 700 normal>) = 10.05
2026-06-26 12:28:00,595 DEBUG matplotlib.font_manager: findfont: score(<Font 'DejaVu Sans' (DejaVuSans.ttf) normal normal 400 normal>) = 10.335
2026-06-26 12:28:00,595 DEBUG matplotlib.font_manager: findfont: score(<Font 'cmsy10' (cmsy10.ttf) normal normal 400 normal>) = 10.335
2026-06-26 12:28:00,595 DEBUG matplotlib.font_manager: findfont: score(<Font 'DejaVu Sans Mono' (DejaVuSansMono.ttf) normal normal 400 normal>) = 10.335
2026-06-26 12:28:00,595 DEBUG matplotlib.font_manager: findfont: score(<Font 'STIXSizeTwoSym' (STIXSizTwoSymReg.ttf) normal normal 400 normal>) = 10.335
2026-06-26 12:28:00,595 DEBUG matplotlib.font_manager: findfont: score(<Font 'cmtt10' (cmtt10.ttf) normal normal 400 normal>) = 10.335
2026-06-26 12:28:00,595 DEBUG matplotlib.font_manager: findfont: score(<Font 'STIXSizeThreeSym' (STIXSizThreeSymBol.ttf) normal normal 700 normal>) = 10.05
2026-06-26 12:28:00,595 DEBUG matplotlib.font_manager: findfont: score(<Font 'DejaVu Sans Mono' (DejaVuSansMono-Bold.ttf) normal normal 700 normal>) = 10.05
2026-06-26 12:28:00,595 DEBUG matplotlib.font_manager: findfont: score(<Font 'STIXSizeOneSym' (STIXSizOneSymReg.ttf) normal normal 400 normal>) = 10.335
2026-06-26 12:28:00,595 DEBUG matplotlib.font_manager: findfont: score(<Font 'cmb10' (cmb10.ttf) normal normal 400 normal>) = 10.335
2026-06-26 12:28:00,595 DEBUG matplotlib.font_manager: findfont: score(<Font 'STIXGeneral' (STIXGeneralItalic.ttf) italic normal 400 normal>) = 11.335
2026-06-26 12:28:00,595 DEBUG matplotlib.font_manager: findfont: score(<Font 'DejaVu Serif Display' (DejaVuSerifDisplay.ttf) normal normal 400 normal>) = 10.335
2026-06-26 12:28:00,596 DEBUG matplotlib.font_manager: findfont: score(<Font 'STIXSizeFourSym' (STIXSizFourSymReg.ttf) normal normal 400 normal>) = 10.335
2026-06-26 12:28:00,596 DEBUG matplotlib.font_manager: findfont: score(<Font 'STIXGeneral' (STIXGeneralBolIta.ttf) italic normal 700 normal>) = 11.05
2026-06-26 12:28:00,596 DEBUG matplotlib.font_manager: findfont: score(<Font 'STIXGeneral' (STIXGeneral.ttf) normal normal 400 normal>) = 10.335
2026-06-26 12:28:00,596 DEBUG matplotlib.font_manager: findfont: score(<Font 'cmss10' (cmss10.ttf) normal normal 400 normal>) = 10.335
2026-06-26 12:28:00,596 DEBUG matplotlib.font_manager: findfont: score(<Font 'DejaVu Serif' (DejaVuSerif.ttf) normal normal 400 normal>) = 10.335
2026-06-26 12:28:00,596 DEBUG matplotlib.font_manager: findfont: score(<Font 'STIXNonUnicode' (STIXNonUniBolIta.ttf) italic normal 700 normal>) = 1.05
2026-06-26 12:28:00,596 DEBUG matplotlib.font_manager: findfont: score(<Font 'STIXGeneral' (STIXGeneralBol.ttf) normal normal 700 normal>) = 10.05
2026-06-26 12:28:00,596 DEBUG matplotlib.font_manager: findfont: score(<Font 'cmr10' (cmr10.ttf) normal normal 400 normal>) = 10.335
2026-06-26 12:28:00,596 DEBUG matplotlib.font_manager: findfont: score(<Font 'DejaVu Sans' (DejaVuSans.ttf) normal normal 400 normal>) = 10.335
2026-06-26 12:28:00,596 DEBUG matplotlib.font_manager: findfont: score(<Font 'DejaVu Serif' (DejaVuSerif.ttf) normal normal 400 normal>) = 10.335
2026-06-26 12:28:00,596 DEBUG matplotlib.font_manager: findfont: score(<Font 'DejaVu Sans' (DejaVuSans-Bold.ttf) normal normal 700 normal>) = 10.05
2026-06-26 12:28:00,596 DEBUG matplotlib.font_manager: findfont: score(<Font 'DejaVu Sans Mono' (DejaVuSansMono.ttf) normal normal 400 normal>) = 10.335
2026-06-26 12:28:00,596 DEBUG matplotlib.font_manager: findfont: score(<Font 'DejaVu Sans Mono' (DejaVuSansMono-Bold.ttf) normal normal 700 normal>) = 10.05
2026-06-26 12:28:00,596 DEBUG matplotlib.font_manager: findfont: score(<Font 'DejaVu Serif' (DejaVuSerif-Bold.ttf) normal normal 700 normal>) = 10.05
2026-06-26 12:28:00,596 DEBUG matplotlib.font_manager: findfont: Matching STIXNonUnicode:style=normal:variant=normal:weight=bold:stretch=normal:size=10.0 to STIXNonUnicode ('/tmp/_MEIIvbjfv/matplotlib/mpl-data/fonts/ttf/STIXNonUniBol.ttf') with score of 0.050000.
2026-06-26 12:28:00,596 DEBUG matplotlib.font_manager: findfont: Matching STIXSizeOneSym:style=normal:variant=normal:weight=normal:stretch=normal:size=10.0.
2026-06-26 12:28:00,596 DEBUG matplotlib.font_manager: findfont: score(<Font 'STIXSizeThreeSym' (STIXSizThreeSymReg.ttf) normal normal 400 normal>) = 10.05
2026-06-26 12:28:00,596 DEBUG matplotlib.font_manager: findfont: score(<Font 'DejaVu Sans' (DejaVuSans-BoldOblique.ttf) oblique normal 700 normal>) = 11.335
2026-06-26 12:28:00,596 DEBUG matplotlib.font_manager: findfont: score(<Font 'DejaVu Sans Mono' (DejaVuSansMono-Oblique.ttf) oblique normal 400 normal>) = 11.05
2026-06-26 12:28:00,596 DEBUG matplotlib.font_manager: findfont: score(<Font 'DejaVu Serif' (DejaVuSerif-Bold.ttf) normal normal 700 normal>) = 10.335
2026-06-26 12:28:00,596 DEBUG matplotlib.font_manager: findfont: score(<Font 'STIXSizeFiveSym' (STIXSizFiveSymReg.ttf) normal normal 400 normal>) = 10.05
2026-06-26 12:28:00,596 DEBUG matplotlib.font_manager: findfont: score(<Font 'cmmi10' (cmmi10.ttf) normal normal 400 normal>) = 10.05
2026-06-26 12:28:00,596 DEBUG matplotlib.font_manager: findfont: score(<Font 'STIXNonUnicode' (STIXNonUni.ttf) normal normal 400 normal>) = 10.05
2026-06-26 12:28:00,596 DEBUG matplotlib.font_manager: findfont: score(<Font 'DejaVu Sans Mono' (DejaVuSansMono-BoldOblique.ttf) oblique normal 700 normal>) = 11.335
2026-06-26 12:28:00,596 DEBUG matplotlib.font_manager: findfont: score(<Font 'STIXNonUnicode' (STIXNonUniBol.ttf) normal normal 700 normal>) = 10.335
2026-06-26 12:28:00,597 DEBUG matplotlib.font_manager: findfont: score(<Font 'DejaVu Sans Display' (DejaVuSansDisplay.ttf) normal normal 400 normal>) = 10.05
2026-06-26 12:28:00,597 DEBUG matplotlib.font_manager: findfont: score(<Font 'STIXSizeTwoSym' (STIXSizTwoSymBol.ttf) normal normal 700 normal>) = 10.335
2026-06-26 12:28:00,597 DEBUG matplotlib.font_manager: findfont: score(<Font 'DejaVu Serif' (DejaVuSerif-Italic.ttf) italic normal 400 normal>) = 11.05
2026-06-26 12:28:00,597 DEBUG matplotlib.font_manager: findfont: score(<Font 'DejaVu Sans' (DejaVuSans-Bold.ttf) normal normal 700 normal>) = 10.335
2026-06-26 12:28:00,597 DEBUG matplotlib.font_manager: findfont: score(<Font 'DejaVu Sans' (DejaVuSans-Oblique.ttf) oblique normal 400 normal>) = 11.05
2026-06-26 12:28:00,597 DEBUG matplotlib.font_manager: findfont: score(<Font 'DejaVu Serif' (DejaVuSerif-BoldItalic.ttf) italic normal 700 normal>) = 11.335
2026-06-26 12:28:00,597 DEBUG matplotlib.font_manager: findfont: score(<Font 'STIXNonUnicode' (STIXNonUniIta.ttf) italic normal 400 normal>) = 11.05
2026-06-26 12:28:00,597 DEBUG matplotlib.font_manager: findfont: score(<Font 'STIXSizeFourSym' (STIXSizFourSymBol.ttf) normal normal 700 normal>) = 10.335
2026-06-26 12:28:00,597 DEBUG matplotlib.font_manager: findfont: score(<Font 'cmex10' (cmex10.ttf) normal normal 400 normal>) = 10.05
2026-06-26 12:28:00,597 DEBUG matplotlib.font_manager: findfont: score(<Font 'STIXSizeOneSym' (STIXSizOneSymBol.ttf) normal normal 700 normal>) = 0.33499999999999996
2026-06-26 12:28:00,597 DEBUG matplotlib.font_manager: findfont: score(<Font 'DejaVu Sans' (DejaVuSans.ttf) normal normal 400 normal>) = 10.05
2026-06-26 12:28:00,597 DEBUG matplotlib.font_manager: findfont: score(<Font 'cmsy10' (cmsy10.ttf) normal normal 400 normal>) = 10.05
2026-06-26 12:28:00,597 DEBUG matplotlib.font_manager: findfont: score(<Font 'DejaVu Sans Mono' (DejaVuSansMono.ttf) normal normal 400 normal>) = 10.05
2026-06-26 12:28:00,597 DEBUG matplotlib.font_manager: findfont: score(<Font 'STIXSizeTwoSym' (STIXSizTwoSymReg.ttf) normal normal 400 normal>) = 10.05
2026-06-26 12:28:00,597 DEBUG matplotlib.font_manager: findfont: score(<Font 'cmtt10' (cmtt10.ttf) normal normal 400 normal>) = 10.05
2026-06-26 12:28:00,597 DEBUG matplotlib.font_manager: findfont: score(<Font 'STIXSizeThreeSym' (STIXSizThreeSymBol.ttf) normal normal 700 normal>) = 10.335
2026-06-26 12:28:00,597 DEBUG matplotlib.font_manager: findfont: score(<Font 'DejaVu Sans Mono' (DejaVuSansMono-Bold.ttf) normal normal 700 normal>) = 10.335
2026-06-26 12:28:00,597 DEBUG matplotlib.font_manager: findfont: score(<Font 'STIXSizeOneSym' (STIXSizOneSymReg.ttf) normal normal 400 normal>) = 0.05
2026-06-26 12:28:00,597 DEBUG matplotlib.font_manager: findfont: score(<Font 'cmb10' (cmb10.ttf) normal normal 400 normal>) = 10.05
2026-06-26 12:28:00,597 DEBUG matplotlib.font_manager: findfont: score(<Font 'STIXGeneral' (STIXGeneralItalic.ttf) italic normal 400 normal>) = 11.05
2026-06-26 12:28:00,597 DEBUG matplotlib.font_manager: findfont: score(<Font 'DejaVu Serif Display' (DejaVuSerifDisplay.ttf) normal normal 400 normal>) = 10.05
2026-06-26 12:28:00,597 DEBUG matplotlib.font_manager: findfont: score(<Font 'STIXSizeFourSym' (STIXSizFourSymReg.ttf) normal normal 400 normal>) = 10.05
2026-06-26 12:28:00,597 DEBUG matplotlib.font_manager: findfont: score(<Font 'STIXGeneral' (STIXGeneralBolIta.ttf) italic normal 700 normal>) = 11.335
2026-06-26 12:28:00,597 DEBUG matplotlib.font_manager: findfont: score(<Font 'STIXGeneral' (STIXGeneral.ttf) normal normal 400 normal>) = 10.05
2026-06-26 12:28:00,597 DEBUG matplotlib.font_manager: findfont: score(<Font 'cmss10' (cmss10.ttf) normal normal 400 normal>) = 10.05
2026-06-26 12:28:00,597 DEBUG matplotlib.font_manager: findfont: score(<Font 'DejaVu Serif' (DejaVuSerif.ttf) normal normal 400 normal>) = 10.05
2026-06-26 12:28:00,597 DEBUG matplotlib.font_manager: findfont: score(<Font 'STIXNonUnicode' (STIXNonUniBolIta.ttf) italic normal 700 normal>) = 11.335
2026-06-26 12:28:00,597 DEBUG matplotlib.font_manager: findfont: score(<Font 'STIXGeneral' (STIXGeneralBol.ttf) normal normal 700 normal>) = 10.335
2026-06-26 12:28:00,597 DEBUG matplotlib.font_manager: findfont: score(<Font 'cmr10' (cmr10.ttf) normal normal 400 normal>) = 10.05
2026-06-26 12:28:00,597 DEBUG matplotlib.font_manager: findfont: score(<Font 'DejaVu Sans' (DejaVuSans.ttf) normal normal 400 normal>) = 10.05
2026-06-26 12:28:00,597 DEBUG matplotlib.font_manager: findfont: score(<Font 'DejaVu Serif' (DejaVuSerif.ttf) normal normal 400 normal>) = 10.05
2026-06-26 12:28:00,597 DEBUG matplotlib.font_manager: findfont: score(<Font 'DejaVu Sans' (DejaVuSans-Bold.ttf) normal normal 700 normal>) = 10.335
2026-06-26 12:28:00,597 DEBUG matplotlib.font_manager: findfont: score(<Font 'DejaVu Sans Mono' (DejaVuSansMono.ttf) normal normal 400 normal>) = 10.05
2026-06-26 12:28:00,597 DEBUG matplotlib.font_manager: findfont: score(<Font 'DejaVu Sans Mono' (DejaVuSansMono-Bold.ttf) normal normal 700 normal>) = 10.335
2026-06-26 12:28:00,598 DEBUG matplotlib.font_manager: findfont: score(<Font 'DejaVu Serif' (DejaVuSerif-Bold.ttf) normal normal 700 normal>) = 10.335
2026-06-26 12:28:00,598 DEBUG matplotlib.font_manager: findfont: Matching STIXSizeOneSym:style=normal:variant=normal:weight=normal:stretch=normal:size=10.0 to STIXSizeOneSym ('/tmp/_MEIIvbjfv/matplotlib/mpl-data/fonts/ttf/STIXSizOneSymReg.ttf') with score of 0.050000.
2026-06-26 12:28:00,598 DEBUG matplotlib.font_manager: findfont: Matching STIXSizeTwoSym:style=normal:variant=normal:weight=normal:stretch=normal:size=10.0.
2026-06-26 12:28:00,598 DEBUG matplotlib.font_manager: findfont: score(<Font 'STIXSizeThreeSym' (STIXSizThreeSymReg.ttf) normal normal 400 normal>) = 10.05
2026-06-26 12:28:00,598 DEBUG matplotlib.font_manager: findfont: score(<Font 'DejaVu Sans' (DejaVuSans-BoldOblique.ttf) oblique normal 700 normal>) = 11.335
2026-06-26 12:28:00,598 DEBUG matplotlib.font_manager: findfont: score(<Font 'DejaVu Sans Mono' (DejaVuSansMono-Oblique.ttf) oblique normal 400 normal>) = 11.05
2026-06-26 12:28:00,598 DEBUG matplotlib.font_manager: findfont: score(<Font 'DejaVu Serif' (DejaVuSerif-Bold.ttf) normal normal 700 normal>) = 10.335
2026-06-26 12:28:00,598 DEBUG matplotlib.font_manager: findfont: score(<Font 'STIXSizeFiveSym' (STIXSizFiveSymReg.ttf) normal normal 400 normal>) = 10.05
2026-06-26 12:28:00,598 DEBUG matplotlib.font_manager: findfont: score(<Font 'cmmi10' (cmmi10.ttf) normal normal 400 normal>) = 10.05
2026-06-26 12:28:00,598 DEBUG matplotlib.font_manager: findfont: score(<Font 'STIXNonUnicode' (STIXNonUni.ttf) normal normal 400 normal>) = 10.05
2026-06-26 12:28:00,598 DEBUG matplotlib.font_manager: findfont: score(<Font 'DejaVu Sans Mono' (DejaVuSansMono-BoldOblique.ttf) oblique normal 700 normal>) = 11.335
2026-06-26 12:28:00,598 DEBUG matplotlib.font_manager: findfont: score(<Font 'STIXNonUnicode' (STIXNonUniBol.ttf) normal normal 700 normal>) = 10.335
2026-06-26 12:28:00,598 DEBUG matplotlib.font_manager: findfont: score(<Font 'DejaVu Sans Display' (DejaVuSansDisplay.ttf) normal normal 400 normal>) = 10.05
2026-06-26 12:28:00,598 DEBUG matplotlib.font_manager: findfont: score(<Font 'STIXSizeTwoSym' (STIXSizTwoSymBol.ttf) normal normal 700 normal>) = 0.33499999999999996
2026-06-26 12:28:00,598 DEBUG matplotlib.font_manager: findfont: score(<Font 'DejaVu Serif' (DejaVuSerif-Italic.ttf) italic normal 400 normal>) = 11.05
2026-06-26 12:28:00,598 DEBUG matplotlib.font_manager: findfont: score(<Font 'DejaVu Sans' (DejaVuSans-Bold.ttf) normal normal 700 normal>) = 10.335
2026-06-26 12:28:00,598 DEBUG matplotlib.font_manager: findfont: score(<Font 'DejaVu Sans' (DejaVuSans-Oblique.ttf) oblique normal 400 normal>) = 11.05
2026-06-26 12:28:00,598 DEBUG matplotlib.font_manager: findfont: score(<Font 'DejaVu Serif' (DejaVuSerif-BoldItalic.ttf) italic normal 700 normal>) = 11.335
2026-06-26 12:28:00,598 DEBUG matplotlib.font_manager: findfont: score(<Font 'STIXNonUnicode' (STIXNonUniIta.ttf) italic normal 400 normal>) = 11.05
2026-06-26 12:28:00,598 DEBUG matplotlib.font_manager: findfont: score(<Font 'STIXSizeFourSym' (STIXSizFourSymBol.ttf) normal normal 700 normal>) = 10.335
2026-06-26 12:28:00,598 DEBUG matplotlib.font_manager: findfont: score(<Font 'cmex10' (cmex10.ttf) normal normal 400 normal>) = 10.05
2026-06-26 12:28:00,598 DEBUG matplotlib.font_manager: findfont: score(<Font 'STIXSizeOneSym' (STIXSizOneSymBol.ttf) normal normal 700 normal>) = 10.335
2026-06-26 12:28:00,598 DEBUG matplotlib.font_manager: findfont: score(<Font 'DejaVu Sans' (DejaVuSans.ttf) normal normal 400 normal>) = 10.05
2026-06-26 12:28:00,598 DEBUG matplotlib.font_manager: findfont: score(<Font 'cmsy10' (cmsy10.ttf) normal normal 400 normal>) = 10.05
2026-06-26 12:28:00,598 DEBUG matplotlib.font_manager: findfont: score(<Font 'DejaVu Sans Mono' (DejaVuSansMono.ttf) normal normal 400 normal>) = 10.05
2026-06-26 12:28:00,598 DEBUG matplotlib.font_manager: findfont: score(<Font 'STIXSizeTwoSym' (STIXSizTwoSymReg.ttf) normal normal 400 normal>) = 0.05
2026-06-26 12:28:00,599 DEBUG matplotlib.font_manager: findfont: score(<Font 'cmtt10' (cmtt10.ttf) normal normal 400 normal>) = 10.05
2026-06-26 12:28:00,599 DEBUG matplotlib.font_manager: findfont: score(<Font 'STIXSizeThreeSym' (STIXSizThreeSymBol.ttf) normal normal 700 normal>) = 10.335
2026-06-26 12:28:00,599 DEBUG matplotlib.font_manager: findfont: score(<Font 'DejaVu Sans Mono' (DejaVuSansMono-Bold.ttf) normal normal 700 normal>) = 10.335
2026-06-26 12:28:00,599 DEBUG matplotlib.font_manager: findfont: score(<Font 'STIXSizeOneSym' (STIXSizOneSymReg.ttf) normal normal 400 normal>) = 10.05
2026-06-26 12:28:00,599 DEBUG matplotlib.font_manager: findfont: score(<Font 'cmb10' (cmb10.ttf) normal normal 400 normal>) = 10.05
2026-06-26 12:28:00,599 DEBUG matplotlib.font_manager: findfont: score(<Font 'STIXGeneral' (STIXGeneralItalic.ttf) italic normal 400 normal>) = 11.05
2026-06-26 12:28:00,599 DEBUG matplotlib.font_manager: findfont: score(<Font 'DejaVu Serif Display' (DejaVuSerifDisplay.ttf) normal normal 400 normal>) = 10.05
2026-06-26 12:28:00,599 DEBUG matplotlib.font_manager: findfont: score(<Font 'STIXSizeFourSym' (STIXSizFourSymReg.ttf) normal normal 400 normal>) = 10.05
2026-06-26 12:28:00,599 DEBUG matplotlib.font_manager: findfont: score(<Font 'STIXGeneral' (STIXGeneralBolIta.ttf) italic normal 700 normal>) = 11.335
2026-06-26 12:28:00,599 DEBUG matplotlib.font_manager: findfont: score(<Font 'STIXGeneral' (STIXGeneral.ttf) normal normal 400 normal>) = 10.05
2026-06-26 12:28:00,599 DEBUG matplotlib.font_manager: findfont: score(<Font 'cmss10' (cmss10.ttf) normal normal 400 normal>) = 10.05
2026-06-26 12:28:00,599 DEBUG matplotlib.font_manager: findfont: score(<Font 'DejaVu Serif' (DejaVuSerif.ttf) normal normal 400 normal>) = 10.05
2026-06-26 12:28:00,599 DEBUG matplotlib.font_manager: findfont: score(<Font 'STIXNonUnicode' (STIXNonUniBolIta.ttf) italic normal 700 normal>) = 11.335
2026-06-26 12:28:00,599 DEBUG matplotlib.font_manager: findfont: score(<Font 'STIXGeneral' (STIXGeneralBol.ttf) normal normal 700 normal>) = 10.335
2026-06-26 12:28:00,599 DEBUG matplotlib.font_manager: findfont: score(<Font 'cmr10' (cmr10.ttf) normal normal 400 normal>) = 10.05
2026-06-26 12:28:00,599 DEBUG matplotlib.font_manager: findfont: score(<Font 'DejaVu Sans' (DejaVuSans.ttf) normal normal 400 normal>) = 10.05
2026-06-26 12:28:00,599 DEBUG matplotlib.font_manager: findfont: score(<Font 'DejaVu Serif' (DejaVuSerif.ttf) normal normal 400 normal>) = 10.05
2026-06-26 12:28:00,599 DEBUG matplotlib.font_manager: findfont: score(<Font 'DejaVu Sans' (DejaVuSans-Bold.ttf) normal normal 700 normal>) = 10.335
2026-06-26 12:28:00,599 DEBUG matplotlib.font_manager: findfont: score(<Font 'DejaVu Sans Mono' (DejaVuSansMono.ttf) normal normal 400 normal>) = 10.05
2026-06-26 12:28:00,599 DEBUG matplotlib.font_manager: findfont: score(<Font 'DejaVu Sans Mono' (DejaVuSansMono-Bold.ttf) normal normal 700 normal>) = 10.335
2026-06-26 12:28:00,599 DEBUG matplotlib.font_manager: findfont: score(<Font 'DejaVu Serif' (DejaVuSerif-Bold.ttf) normal normal 700 normal>) = 10.335
2026-06-26 12:28:00,599 DEBUG matplotlib.font_manager: findfont: Matching STIXSizeTwoSym:style=normal:variant=normal:weight=normal:stretch=normal:size=10.0 to STIXSizeTwoSym ('/tmp/_MEIIvbjfv/matplotlib/mpl-data/fonts/ttf/STIXSizTwoSymReg.ttf') with score of 0.050000.
2026-06-26 12:28:00,599 DEBUG matplotlib.font_manager: findfont: Matching STIXSizeThreeSym:style=normal:variant=normal:weight=normal:stretch=normal:size=10.0.
2026-06-26 12:28:00,599 DEBUG matplotlib.font_manager: findfont: score(<Font 'STIXSizeThreeSym' (STIXSizThreeSymReg.ttf) normal normal 400 normal>) = 0.05
2026-06-26 12:28:00,599 DEBUG matplotlib.font_manager: findfont: score(<Font 'DejaVu Sans' (DejaVuSans-BoldOblique.ttf) oblique normal 700 normal>) = 11.335
2026-06-26 12:28:00,599 DEBUG matplotlib.font_manager: findfont: score(<Font 'DejaVu Sans Mono' (DejaVuSansMono-Oblique.ttf) oblique normal 400 normal>) = 11.05
2026-06-26 12:28:00,599 DEBUG matplotlib.font_manager: findfont: score(<Font 'DejaVu Serif' (DejaVuSerif-Bold.ttf) normal normal 700 normal>) = 10.335
2026-06-26 12:28:00,600 DEBUG matplotlib.font_manager: findfont: score(<Font 'STIXSizeFiveSym' (STIXSizFiveSymReg.ttf) normal normal 400 normal>) = 10.05
2026-06-26 12:28:00,600 DEBUG matplotlib.font_manager: findfont: score(<Font 'cmmi10' (cmmi10.ttf) normal normal 400 normal>) = 10.05
2026-06-26 12:28:00,600 DEBUG matplotlib.font_manager: findfont: score(<Font 'STIXNonUnicode' (STIXNonUni.ttf) normal normal 400 normal>) = 10.05
2026-06-26 12:28:00,600 DEBUG matplotlib.font_manager: findfont: score(<Font 'DejaVu Sans Mono' (DejaVuSansMono-BoldOblique.ttf) oblique normal 700 normal>) = 11.335
2026-06-26 12:28:00,600 DEBUG matplotlib.font_manager: findfont: score(<Font 'STIXNonUnicode' (STIXNonUniBol.ttf) normal normal 700 normal>) = 10.335
2026-06-26 12:28:00,600 DEBUG matplotlib.font_manager: findfont: score(<Font 'DejaVu Sans Display' (DejaVuSansDisplay.ttf) normal normal 400 normal>) = 10.05
2026-06-26 12:28:00,600 DEBUG matplotlib.font_manager: findfont: score(<Font 'STIXSizeTwoSym' (STIXSizTwoSymBol.ttf) normal normal 700 normal>) = 10.335
2026-06-26 12:28:00,600 DEBUG matplotlib.font_manager: findfont: score(<Font 'DejaVu Serif' (DejaVuSerif-Italic.ttf) italic normal 400 normal>) = 11.05
2026-06-26 12:28:00,600 DEBUG matplotlib.font_manager: findfont: score(<Font 'DejaVu Sans' (DejaVuSans-Bold.ttf) normal normal 700 normal>) = 10.335
2026-06-26 12:28:00,600 DEBUG matplotlib.font_manager: findfont: score(<Font 'DejaVu Sans' (DejaVuSans-Oblique.ttf) oblique normal 400 normal>) = 11.05
2026-06-26 12:28:00,600 DEBUG matplotlib.font_manager: findfont: score(<Font 'DejaVu Serif' (DejaVuSerif-BoldItalic.ttf) italic normal 700 normal>) = 11.335
2026-06-26 12:28:00,600 DEBUG matplotlib.font_manager: findfont: score(<Font 'STIXNonUnicode' (STIXNonUniIta.ttf) italic normal 400 normal>) = 11.05
2026-06-26 12:28:00,600 DEBUG matplotlib.font_manager: findfont: score(<Font 'STIXSizeFourSym' (STIXSizFourSymBol.ttf) normal normal 700 normal>) = 10.335
2026-06-26 12:28:00,600 DEBUG matplotlib.font_manager: findfont: score(<Font 'cmex10' (cmex10.ttf) normal normal 400 normal>) = 10.05
2026-06-26 12:28:00,600 DEBUG matplotlib.font_manager: findfont: score(<Font 'STIXSizeOneSym' (STIXSizOneSymBol.ttf) normal normal 700 normal>) = 10.335
2026-06-26 12:28:00,600 DEBUG matplotlib.font_manager: findfont: score(<Font 'DejaVu Sans' (DejaVuSans.ttf) normal normal 400 normal>) = 10.05
2026-06-26 12:28:00,600 DEBUG matplotlib.font_manager: findfont: score(<Font 'cmsy10' (cmsy10.ttf) normal normal 400 normal>) = 10.05
2026-06-26 12:28:00,600 DEBUG matplotlib.font_manager: findfont: score(<Font 'DejaVu Sans Mono' (DejaVuSansMono.ttf) normal normal 400 normal>) = 10.05
2026-06-26 12:28:00,600 DEBUG matplotlib.font_manager: findfont: score(<Font 'STIXSizeTwoSym' (STIXSizTwoSymReg.ttf) normal normal 400 normal>) = 10.05
2026-06-26 12:28:00,600 DEBUG matplotlib.font_manager: findfont: score(<Font 'cmtt10' (cmtt10.ttf) normal normal 400 normal>) = 10.05
2026-06-26 12:28:00,600 DEBUG matplotlib.font_manager: findfont: score(<Font 'STIXSizeThreeSym' (STIXSizThreeSymBol.ttf) normal normal 700 normal>) = 0.33499999999999996
2026-06-26 12:28:00,600 DEBUG matplotlib.font_manager: findfont: score(<Font 'DejaVu Sans Mono' (DejaVuSansMono-Bold.ttf) normal normal 700 normal>) = 10.335
2026-06-26 12:28:00,600 DEBUG matplotlib.font_manager: findfont: score(<Font 'STIXSizeOneSym' (STIXSizOneSymReg.ttf) normal normal 400 normal>) = 10.05
2026-06-26 12:28:00,600 DEBUG matplotlib.font_manager: findfont: score(<Font 'cmb10' (cmb10.ttf) normal normal 400 normal>) = 10.05
2026-06-26 12:28:00,600 DEBUG matplotlib.font_manager: findfont: score(<Font 'STIXGeneral' (STIXGeneralItalic.ttf) italic normal 400 normal>) = 11.05
2026-06-26 12:28:00,600 DEBUG matplotlib.font_manager: findfont: score(<Font 'DejaVu Serif Display' (DejaVuSerifDisplay.ttf) normal normal 400 normal>) = 10.05
2026-06-26 12:28:00,600 DEBUG matplotlib.font_manager: findfont: score(<Font 'STIXSizeFourSym' (STIXSizFourSymReg.ttf) normal normal 400 normal>) = 10.05
2026-06-26 12:28:00,600 DEBUG matplotlib.font_manager: findfont: score(<Font 'STIXGeneral' (STIXGeneralBolIta.ttf) italic normal 700 normal>) = 11.335
2026-06-26 12:28:00,600 DEBUG matplotlib.font_manager: findfont: score(<Font 'STIXGeneral' (STIXGeneral.ttf) normal normal 400 normal>) = 10.05
2026-06-26 12:28:00,600 DEBUG matplotlib.font_manager: findfont: score(<Font 'cmss10' (cmss10.ttf) normal normal 400 normal>) = 10.05
2026-06-26 12:28:00,600 DEBUG matplotlib.font_manager: findfont: score(<Font 'DejaVu Serif' (DejaVuSerif.ttf) normal normal 400 normal>) = 10.05
2026-06-26 12:28:00,600 DEBUG matplotlib.font_manager: findfont: score(<Font 'STIXNonUnicode' (STIXNonUniBolIta.ttf) italic normal 700 normal>) = 11.335
2026-06-26 12:28:00,600 DEBUG matplotlib.font_manager: findfont: score(<Font 'STIXGeneral' (STIXGeneralBol.ttf) normal normal 700 normal>) = 10.335
2026-06-26 12:28:00,600 DEBUG matplotlib.font_manager: findfont: score(<Font 'cmr10' (cmr10.ttf) normal normal 400 normal>) = 10.05
2026-06-26 12:28:00,601 DEBUG matplotlib.font_manager: findfont: score(<Font 'DejaVu Sans' (DejaVuSans.ttf) normal normal 400 normal>) = 10.05
2026-06-26 12:28:00,601 DEBUG matplotlib.font_manager: findfont: score(<Font 'DejaVu Serif' (DejaVuSerif.ttf) normal normal 400 normal>) = 10.05
2026-06-26 12:28:00,601 DEBUG matplotlib.font_manager: findfont: score(<Font 'DejaVu Sans' (DejaVuSans-Bold.ttf) normal normal 700 normal>) = 10.335
2026-06-26 12:28:00,601 DEBUG matplotlib.font_manager: findfont: score(<Font 'DejaVu Sans Mono' (DejaVuSansMono.ttf) normal normal 400 normal>) = 10.05
2026-06-26 12:28:00,601 DEBUG matplotlib.font_manager: findfont: score(<Font 'DejaVu Sans Mono' (DejaVuSansMono-Bold.ttf) normal normal 700 normal>) = 10.335
2026-06-26 12:28:00,601 DEBUG matplotlib.font_manager: findfont: score(<Font 'DejaVu Serif' (DejaVuSerif-Bold.ttf) normal normal 700 normal>) = 10.335
2026-06-26 12:28:00,601 DEBUG matplotlib.font_manager: findfont: Matching STIXSizeThreeSym:style=normal:variant=normal:weight=normal:stretch=normal:size=10.0 to STIXSizeThreeSym ('/tmp/_MEIIvbjfv/matplotlib/mpl-data/fonts/ttf/STIXSizThreeSymReg.ttf') with score of 0.050000.
2026-06-26 12:28:00,601 DEBUG matplotlib.font_manager: findfont: Matching STIXSizeFourSym:style=normal:variant=normal:weight=normal:stretch=normal:size=10.0.
2026-06-26 12:28:00,601 DEBUG matplotlib.font_manager: findfont: score(<Font 'STIXSizeThreeSym' (STIXSizThreeSymReg.ttf) normal normal 400 normal>) = 10.05
2026-06-26 12:28:00,601 DEBUG matplotlib.font_manager: findfont: score(<Font 'DejaVu Sans' (DejaVuSans-BoldOblique.ttf) oblique normal 700 normal>) = 11.335
2026-06-26 12:28:00,601 DEBUG matplotlib.font_manager: findfont: score(<Font 'DejaVu Sans Mono' (DejaVuSansMono-Oblique.ttf) oblique normal 400 normal>) = 11.05
2026-06-26 12:28:00,601 DEBUG matplotlib.font_manager: findfont: score(<Font 'DejaVu Serif' (DejaVuSerif-Bold.ttf) normal normal 700 normal>) = 10.335
2026-06-26 12:28:00,601 DEBUG matplotlib.font_manager: findfont: score(<Font 'STIXSizeFiveSym' (STIXSizFiveSymReg.ttf) normal normal 400 normal>) = 10.05
2026-06-26 12:28:00,601 DEBUG matplotlib.font_manager: findfont: score(<Font 'cmmi10' (cmmi10.ttf) normal normal 400 normal>) = 10.05
2026-06-26 12:28:00,601 DEBUG matplotlib.font_manager: findfont: score(<Font 'STIXNonUnicode' (STIXNonUni.ttf) normal normal 400 normal>) = 10.05
2026-06-26 12:28:00,601 DEBUG matplotlib.font_manager: findfont: score(<Font 'DejaVu Sans Mono' (DejaVuSansMono-BoldOblique.ttf) oblique normal 700 normal>) = 11.335
2026-06-26 12:28:00,601 DEBUG matplotlib.font_manager: findfont: score(<Font 'STIXNonUnicode' (STIXNonUniBol.ttf) normal normal 700 normal>) = 10.335
2026-06-26 12:28:00,601 DEBUG matplotlib.font_manager: findfont: score(<Font 'DejaVu Sans Display' (DejaVuSansDisplay.ttf) normal normal 400 normal>) = 10.05
2026-06-26 12:28:00,601 DEBUG matplotlib.font_manager: findfont: score(<Font 'STIXSizeTwoSym' (STIXSizTwoSymBol.ttf) normal normal 700 normal>) = 10.335
2026-06-26 12:28:00,601 DEBUG matplotlib.font_manager: findfont: score(<Font 'DejaVu Serif' (DejaVuSerif-Italic.ttf) italic normal 400 normal>) = 11.05
2026-06-26 12:28:00,601 DEBUG matplotlib.font_manager: findfont: score(<Font 'DejaVu Sans' (DejaVuSans-Bold.ttf) normal normal 700 normal>) = 10.335
2026-06-26 12:28:00,601 DEBUG matplotlib.font_manager: findfont: score(<Font 'DejaVu Sans' (DejaVuSans-Oblique.ttf) oblique normal 400 normal>) = 11.05
2026-06-26 12:28:00,602 DEBUG matplotlib.font_manager: findfont: score(<Font 'DejaVu Serif' (DejaVuSerif-BoldItalic.ttf) italic normal 700 normal>) = 11.335
2026-06-26 12:28:00,602 DEBUG matplotlib.font_manager: findfont: score(<Font 'STIXNonUnicode' (STIXNonUniIta.ttf) italic normal 400 normal>) = 11.05
2026-06-26 12:28:00,602 DEBUG matplotlib.font_manager: findfont: score(<Font 'STIXSizeFourSym' (STIXSizFourSymBol.ttf) normal normal 700 normal>) = 0.33499999999999996
2026-06-26 12:28:00,602 DEBUG matplotlib.font_manager: findfont: score(<Font 'cmex10' (cmex10.ttf) normal normal 400 normal>) = 10.05
2026-06-26 12:28:00,602 DEBUG matplotlib.font_manager: findfont: score(<Font 'STIXSizeOneSym' (STIXSizOneSymBol.ttf) normal normal 700 normal>) = 10.335
2026-06-26 12:28:00,602 DEBUG matplotlib.font_manager: findfont: score(<Font 'DejaVu Sans' (DejaVuSans.ttf) normal normal 400 normal>) = 10.05
2026-06-26 12:28:00,602 DEBUG matplotlib.font_manager: findfont: score(<Font 'cmsy10' (cmsy10.ttf) normal normal 400 normal>) = 10.05
2026-06-26 12:28:00,602 DEBUG matplotlib.font_manager: findfont: score(<Font 'DejaVu Sans Mono' (DejaVuSansMono.ttf) normal normal 400 normal>) = 10.05
2026-06-26 12:28:00,602 DEBUG matplotlib.font_manager: findfont: score(<Font 'STIXSizeTwoSym' (STIXSizTwoSymReg.ttf) normal normal 400 normal>) = 10.05
2026-06-26 12:28:00,602 DEBUG matplotlib.font_manager: findfont: score(<Font 'cmtt10' (cmtt10.ttf) normal normal 400 normal>) = 10.05
2026-06-26 12:28:00,602 DEBUG matplotlib.font_manager: findfont: score(<Font 'STIXSizeThreeSym' (STIXSizThreeSymBol.ttf) normal normal 700 normal>) = 10.335
2026-06-26 12:28:00,602 DEBUG matplotlib.font_manager: findfont: score(<Font 'DejaVu Sans Mono' (DejaVuSansMono-Bold.ttf) normal normal 700 normal>) = 10.335
2026-06-26 12:28:00,602 DEBUG matplotlib.font_manager: findfont: score(<Font 'STIXSizeOneSym' (STIXSizOneSymReg.ttf) normal normal 400 normal>) = 10.05
2026-06-26 12:28:00,602 DEBUG matplotlib.font_manager: findfont: score(<Font 'cmb10' (cmb10.ttf) normal normal 400 normal>) = 10.05
2026-06-26 12:28:00,602 DEBUG matplotlib.font_manager: findfont: score(<Font 'STIXGeneral' (STIXGeneralItalic.ttf) italic normal 400 normal>) = 11.05
2026-06-26 12:28:00,602 DEBUG matplotlib.font_manager: findfont: score(<Font 'DejaVu Serif Display' (DejaVuSerifDisplay.ttf) normal normal 400 normal>) = 10.05
2026-06-26 12:28:00,602 DEBUG matplotlib.font_manager: findfont: score(<Font 'STIXSizeFourSym' (STIXSizFourSymReg.ttf) normal normal 400 normal>) = 0.05
2026-06-26 12:28:00,602 DEBUG matplotlib.font_manager: findfont: score(<Font 'STIXGeneral' (STIXGeneralBolIta.ttf) italic normal 700 normal>) = 11.335
2026-06-26 12:28:00,602 DEBUG matplotlib.font_manager: findfont: score(<Font 'STIXGeneral' (STIXGeneral.ttf) normal normal 400 normal>) = 10.05
2026-06-26 12:28:00,602 DEBUG matplotlib.font_manager: findfont: score(<Font 'cmss10' (cmss10.ttf) normal normal 400 normal>) = 10.05
2026-06-26 12:28:00,602 DEBUG matplotlib.font_manager: findfont: score(<Font 'DejaVu Serif' (DejaVuSerif.ttf) normal normal 400 normal>) = 10.05
2026-06-26 12:28:00,602 DEBUG matplotlib.font_manager: findfont: score(<Font 'STIXNonUnicode' (STIXNonUniBolIta.ttf) italic normal 700 normal>) = 11.335
2026-06-26 12:28:00,602 DEBUG matplotlib.font_manager: findfont: score(<Font 'STIXGeneral' (STIXGeneralBol.ttf) normal normal 700 normal>) = 10.335
2026-06-26 12:28:00,602 DEBUG matplotlib.font_manager: findfont: score(<Font 'cmr10' (cmr10.ttf) normal normal 400 normal>) = 10.05
2026-06-26 12:28:00,602 DEBUG matplotlib.font_manager: findfont: score(<Font 'DejaVu Sans' (DejaVuSans.ttf) normal normal 400 normal>) = 10.05
2026-06-26 12:28:00,602 DEBUG matplotlib.font_manager: findfont: score(<Font 'DejaVu Serif' (DejaVuSerif.ttf) normal normal 400 normal>) = 10.05
2026-06-26 12:28:00,602 DEBUG matplotlib.font_manager: findfont: score(<Font 'DejaVu Sans' (DejaVuSans-Bold.ttf) normal normal 700 normal>) = 10.335
2026-06-26 12:28:00,602 DEBUG matplotlib.font_manager: findfont: score(<Font 'DejaVu Sans Mono' (DejaVuSansMono.ttf) normal normal 400 normal>) = 10.05
2026-06-26 12:28:00,602 DEBUG matplotlib.font_manager: findfont: score(<Font 'DejaVu Sans Mono' (DejaVuSansMono-Bold.ttf) normal normal 700 normal>) = 10.335
2026-06-26 12:28:00,602 DEBUG matplotlib.font_manager: findfont: score(<Font 'DejaVu Serif' (DejaVuSerif-Bold.ttf) normal normal 700 normal>) = 10.335
2026-06-26 12:28:00,602 DEBUG matplotlib.font_manager: findfont: Matching STIXSizeFourSym:style=normal:variant=normal:weight=normal:stretch=normal:size=10.0 to STIXSizeFourSym ('/tmp/_MEIIvbjfv/matplotlib/mpl-data/fonts/ttf/STIXSizFourSymReg.ttf') with score of 0.050000.
2026-06-26 12:28:00,603 DEBUG matplotlib.font_manager: findfont: Matching STIXSizeFiveSym:style=normal:variant=normal:weight=normal:stretch=normal:size=10.0.
2026-06-26 12:28:00,603 DEBUG matplotlib.font_manager: findfont: score(<Font 'STIXSizeThreeSym' (STIXSizThreeSymReg.ttf) normal normal 400 normal>) = 10.05
2026-06-26 12:28:00,603 DEBUG matplotlib.font_manager: findfont: score(<Font 'DejaVu Sans' (DejaVuSans-BoldOblique.ttf) oblique normal 700 normal>) = 11.335
2026-06-26 12:28:00,603 DEBUG matplotlib.font_manager: findfont: score(<Font 'DejaVu Sans Mono' (DejaVuSansMono-Oblique.ttf) oblique normal 400 normal>) = 11.05
2026-06-26 12:28:00,603 DEBUG matplotlib.font_manager: findfont: score(<Font 'DejaVu Serif' (DejaVuSerif-Bold.ttf) normal normal 700 normal>) = 10.335
2026-06-26 12:28:00,603 DEBUG matplotlib.font_manager: findfont: score(<Font 'STIXSizeFiveSym' (STIXSizFiveSymReg.ttf) normal normal 400 normal>) = 0.05
2026-06-26 12:28:00,603 DEBUG matplotlib.font_manager: findfont: score(<Font 'cmmi10' (cmmi10.ttf) normal normal 400 normal>) = 10.05
2026-06-26 12:28:00,603 DEBUG matplotlib.font_manager: findfont: score(<Font 'STIXNonUnicode' (STIXNonUni.ttf) normal normal 400 normal>) = 10.05
2026-06-26 12:28:00,603 DEBUG matplotlib.font_manager: findfont: score(<Font 'DejaVu Sans Mono' (DejaVuSansMono-BoldOblique.ttf) oblique normal 700 normal>) = 11.335
2026-06-26 12:28:00,603 DEBUG matplotlib.font_manager: findfont: score(<Font 'STIXNonUnicode' (STIXNonUniBol.ttf) normal normal 700 normal>) = 10.335
2026-06-26 12:28:00,603 DEBUG matplotlib.font_manager: findfont: score(<Font 'DejaVu Sans Display' (DejaVuSansDisplay.ttf) normal normal 400 normal>) = 10.05
2026-06-26 12:28:00,603 DEBUG matplotlib.font_manager: findfont: score(<Font 'STIXSizeTwoSym' (STIXSizTwoSymBol.ttf) normal normal 700 normal>) = 10.335
2026-06-26 12:28:00,603 DEBUG matplotlib.font_manager: findfont: score(<Font 'DejaVu Serif' (DejaVuSerif-Italic.ttf) italic normal 400 normal>) = 11.05
2026-06-26 12:28:00,603 DEBUG matplotlib.font_manager: findfont: score(<Font 'DejaVu Sans' (DejaVuSans-Bold.ttf) normal normal 700 normal>) = 10.335
2026-06-26 12:28:00,603 DEBUG matplotlib.font_manager: findfont: score(<Font 'DejaVu Sans' (DejaVuSans-Oblique.ttf) oblique normal 400 normal>) = 11.05
2026-06-26 12:28:00,603 DEBUG matplotlib.font_manager: findfont: score(<Font 'DejaVu Serif' (DejaVuSerif-BoldItalic.ttf) italic normal 700 normal>) = 11.335
2026-06-26 12:28:00,603 DEBUG matplotlib.font_manager: findfont: score(<Font 'STIXNonUnicode' (STIXNonUniIta.ttf) italic normal 400 normal>) = 11.05
2026-06-26 12:28:00,603 DEBUG matplotlib.font_manager: findfont: score(<Font 'STIXSizeFourSym' (STIXSizFourSymBol.ttf) normal normal 700 normal>) = 10.335
2026-06-26 12:28:00,603 DEBUG matplotlib.font_manager: findfont: score(<Font 'cmex10' (cmex10.ttf) normal normal 400 normal>) = 10.05
2026-06-26 12:28:00,603 DEBUG matplotlib.font_manager: findfont: score(<Font 'STIXSizeOneSym' (STIXSizOneSymBol.ttf) normal normal 700 normal>) = 10.335
2026-06-26 12:28:00,603 DEBUG matplotlib.font_manager: findfont: score(<Font 'DejaVu Sans' (DejaVuSans.ttf) normal normal 400 normal>) = 10.05
2026-06-26 12:28:00,603 DEBUG matplotlib.font_manager: findfont: score(<Font 'cmsy10' (cmsy10.ttf) normal normal 400 normal>) = 10.05
2026-06-26 12:28:00,603 DEBUG matplotlib.font_manager: findfont: score(<Font 'DejaVu Sans Mono' (DejaVuSansMono.ttf) normal normal 400 normal>) = 10.05
2026-06-26 12:28:00,603 DEBUG matplotlib.font_manager: findfont: score(<Font 'STIXSizeTwoSym' (STIXSizTwoSymReg.ttf) normal normal 400 normal>) = 10.05
2026-06-26 12:28:00,603 DEBUG matplotlib.font_manager: findfont: score(<Font 'cmtt10' (cmtt10.ttf) normal normal 400 normal>) = 10.05
2026-06-26 12:28:00,603 DEBUG matplotlib.font_manager: findfont: score(<Font 'STIXSizeThreeSym' (STIXSizThreeSymBol.ttf) normal normal 700 normal>) = 10.335
2026-06-26 12:28:00,603 DEBUG matplotlib.font_manager: findfont: score(<Font 'DejaVu Sans Mono' (DejaVuSansMono-Bold.ttf) normal normal 700 normal>) = 10.335
2026-06-26 12:28:00,603 DEBUG matplotlib.font_manager: findfont: score(<Font 'STIXSizeOneSym' (STIXSizOneSymReg.ttf) normal normal 400 normal>) = 10.05
2026-06-26 12:28:00,603 DEBUG matplotlib.font_manager: findfont: score(<Font 'cmb10' (cmb10.ttf) normal normal 400 normal>) = 10.05
2026-06-26 12:28:00,603 DEBUG matplotlib.font_manager: findfont: score(<Font 'STIXGeneral' (STIXGeneralItalic.ttf) italic normal 400 normal>) = 11.05
2026-06-26 12:28:00,604 DEBUG matplotlib.font_manager: findfont: score(<Font 'DejaVu Serif Display' (DejaVuSerifDisplay.ttf) normal normal 400 normal>) = 10.05
2026-06-26 12:28:00,604 DEBUG matplotlib.font_manager: findfont: score(<Font 'STIXSizeFourSym' (STIXSizFourSymReg.ttf) normal normal 400 normal>) = 10.05
2026-06-26 12:28:00,604 DEBUG matplotlib.font_manager: findfont: score(<Font 'STIXGeneral' (STIXGeneralBolIta.ttf) italic normal 700 normal>) = 11.335
2026-06-26 12:28:00,604 DEBUG matplotlib.font_manager: findfont: score(<Font 'STIXGeneral' (STIXGeneral.ttf) normal normal 400 normal>) = 10.05
2026-06-26 12:28:00,604 DEBUG matplotlib.font_manager: findfont: score(<Font 'cmss10' (cmss10.ttf) normal normal 400 normal>) = 10.05
2026-06-26 12:28:00,604 DEBUG matplotlib.font_manager: findfont: score(<Font 'DejaVu Serif' (DejaVuSerif.ttf) normal normal 400 normal>) = 10.05
2026-06-26 12:28:00,604 DEBUG matplotlib.font_manager: findfont: score(<Font 'STIXNonUnicode' (STIXNonUniBolIta.ttf) italic normal 700 normal>) = 11.335
2026-06-26 12:28:00,604 DEBUG matplotlib.font_manager: findfont: score(<Font 'STIXGeneral' (STIXGeneralBol.ttf) normal normal 700 normal>) = 10.335
2026-06-26 12:28:00,604 DEBUG matplotlib.font_manager: findfont: score(<Font 'cmr10' (cmr10.ttf) normal normal 400 normal>) = 10.05
2026-06-26 12:28:00,604 DEBUG matplotlib.font_manager: findfont: score(<Font 'DejaVu Sans' (DejaVuSans.ttf) normal normal 400 normal>) = 10.05
2026-06-26 12:28:00,604 DEBUG matplotlib.font_manager: findfont: score(<Font 'DejaVu Serif' (DejaVuSerif.ttf) normal normal 400 normal>) = 10.05
2026-06-26 12:28:00,604 DEBUG matplotlib.font_manager: findfont: score(<Font 'DejaVu Sans' (DejaVuSans-Bold.ttf) normal normal 700 normal>) = 10.335
2026-06-26 12:28:00,604 DEBUG matplotlib.font_manager: findfont: score(<Font 'DejaVu Sans Mono' (DejaVuSansMono.ttf) normal normal 400 normal>) = 10.05
2026-06-26 12:28:00,604 DEBUG matplotlib.font_manager: findfont: score(<Font 'DejaVu Sans Mono' (DejaVuSansMono-Bold.ttf) normal normal 700 normal>) = 10.335
2026-06-26 12:28:00,604 DEBUG matplotlib.font_manager: findfont: score(<Font 'DejaVu Serif' (DejaVuSerif-Bold.ttf) normal normal 700 normal>) = 10.335
2026-06-26 12:28:00,604 DEBUG matplotlib.font_manager: findfont: Matching STIXSizeFiveSym:style=normal:variant=normal:weight=normal:stretch=normal:size=10.0 to STIXSizeFiveSym ('/tmp/_MEIIvbjfv/matplotlib/mpl-data/fonts/ttf/STIXSizFiveSymReg.ttf') with score of 0.050000.
2026-06-26 12:28:00,605 DEBUG matplotlib.font_manager: findfont: Matching cmsy10:style=normal:variant=normal:weight=normal:stretch=normal:size=10.0.
2026-06-26 12:28:00,605 DEBUG matplotlib.font_manager: findfont: score(<Font 'STIXSizeThreeSym' (STIXSizThreeSymReg.ttf) normal normal 400 normal>) = 10.05
2026-06-26 12:28:00,605 DEBUG matplotlib.font_manager: findfont: score(<Font 'DejaVu Sans' (DejaVuSans-BoldOblique.ttf) oblique normal 700 normal>) = 11.335
2026-06-26 12:28:00,605 DEBUG matplotlib.font_manager: findfont: score(<Font 'DejaVu Sans Mono' (DejaVuSansMono-Oblique.ttf) oblique normal 400 normal>) = 11.05
2026-06-26 12:28:00,605 DEBUG matplotlib.font_manager: findfont: score(<Font 'DejaVu Serif' (DejaVuSerif-Bold.ttf) normal normal 700 normal>) = 10.335
2026-06-26 12:28:00,605 DEBUG matplotlib.font_manager: findfont: score(<Font 'STIXSizeFiveSym' (STIXSizFiveSymReg.ttf) normal normal 400 normal>) = 10.05
2026-06-26 12:28:00,605 DEBUG matplotlib.font_manager: findfont: score(<Font 'cmmi10' (cmmi10.ttf) normal normal 400 normal>) = 10.05
2026-06-26 12:28:00,605 DEBUG matplotlib.font_manager: findfont: score(<Font 'STIXNonUnicode' (STIXNonUni.ttf) normal normal 400 normal>) = 10.05
2026-06-26 12:28:00,605 DEBUG matplotlib.font_manager: findfont: score(<Font 'DejaVu Sans Mono' (DejaVuSansMono-BoldOblique.ttf) oblique normal 700 normal>) = 11.335
2026-06-26 12:28:00,605 DEBUG matplotlib.font_manager: findfont: score(<Font 'STIXNonUnicode' (STIXNonUniBol.ttf) normal normal 700 normal>) = 10.335
2026-06-26 12:28:00,605 DEBUG matplotlib.font_manager: findfont: score(<Font 'DejaVu Sans Display' (DejaVuSansDisplay.ttf) normal normal 400 normal>) = 10.05
2026-06-26 12:28:00,605 DEBUG matplotlib.font_manager: findfont: score(<Font 'STIXSizeTwoSym' (STIXSizTwoSymBol.ttf) normal normal 700 normal>) = 10.335
2026-06-26 12:28:00,605 DEBUG matplotlib.font_manager: findfont: score(<Font 'DejaVu Serif' (DejaVuSerif-Italic.ttf) italic normal 400 normal>) = 11.05
2026-06-26 12:28:00,605 DEBUG matplotlib.font_manager: findfont: score(<Font 'DejaVu Sans' (DejaVuSans-Bold.ttf) normal normal 700 normal>) = 10.335
2026-06-26 12:28:00,605 DEBUG matplotlib.font_manager: findfont: score(<Font 'DejaVu Sans' (DejaVuSans-Oblique.ttf) oblique normal 400 normal>) = 11.05
2026-06-26 12:28:00,605 DEBUG matplotlib.font_manager: findfont: score(<Font 'DejaVu Serif' (DejaVuSerif-BoldItalic.ttf) italic normal 700 normal>) = 11.335
2026-06-26 12:28:00,605 DEBUG matplotlib.font_manager: findfont: score(<Font 'STIXNonUnicode' (STIXNonUniIta.ttf) italic normal 400 normal>) = 11.05
2026-06-26 12:28:00,605 DEBUG matplotlib.font_manager: findfont: score(<Font 'STIXSizeFourSym' (STIXSizFourSymBol.ttf) normal normal 700 normal>) = 10.335
2026-06-26 12:28:00,605 DEBUG matplotlib.font_manager: findfont: score(<Font 'cmex10' (cmex10.ttf) normal normal 400 normal>) = 10.05
2026-06-26 12:28:00,605 DEBUG matplotlib.font_manager: findfont: score(<Font 'STIXSizeOneSym' (STIXSizOneSymBol.ttf) normal normal 700 normal>) = 10.335
2026-06-26 12:28:00,605 DEBUG matplotlib.font_manager: findfont: score(<Font 'DejaVu Sans' (DejaVuSans.ttf) normal normal 400 normal>) = 10.05
2026-06-26 12:28:00,605 DEBUG matplotlib.font_manager: findfont: score(<Font 'cmsy10' (cmsy10.ttf) normal normal 400 normal>) = 0.05
2026-06-26 12:28:00,605 DEBUG matplotlib.font_manager: findfont: score(<Font 'DejaVu Sans Mono' (DejaVuSansMono.ttf) normal normal 400 normal>) = 10.05
2026-06-26 12:28:00,605 DEBUG matplotlib.font_manager: findfont: score(<Font 'STIXSizeTwoSym' (STIXSizTwoSymReg.ttf) normal normal 400 normal>) = 10.05
2026-06-26 12:28:00,605 DEBUG matplotlib.font_manager: findfont: score(<Font 'cmtt10' (cmtt10.ttf) normal normal 400 normal>) = 10.05
2026-06-26 12:28:00,606 DEBUG matplotlib.font_manager: findfont: score(<Font 'STIXSizeThreeSym' (STIXSizThreeSymBol.ttf) normal normal 700 normal>) = 10.335
2026-06-26 12:28:00,606 DEBUG matplotlib.font_manager: findfont: score(<Font 'DejaVu Sans Mono' (DejaVuSansMono-Bold.ttf) normal normal 700 normal>) = 10.335
2026-06-26 12:28:00,606 DEBUG matplotlib.font_manager: findfont: score(<Font 'STIXSizeOneSym' (STIXSizOneSymReg.ttf) normal normal 400 normal>) = 10.05
2026-06-26 12:28:00,606 DEBUG matplotlib.font_manager: findfont: score(<Font 'cmb10' (cmb10.ttf) normal normal 400 normal>) = 10.05
2026-06-26 12:28:00,606 DEBUG matplotlib.font_manager: findfont: score(<Font 'STIXGeneral' (STIXGeneralItalic.ttf) italic normal 400 normal>) = 11.05
2026-06-26 12:28:00,606 DEBUG matplotlib.font_manager: findfont: score(<Font 'DejaVu Serif Display' (DejaVuSerifDisplay.ttf) normal normal 400 normal>) = 10.05
2026-06-26 12:28:00,606 DEBUG matplotlib.font_manager: findfont: score(<Font 'STIXSizeFourSym' (STIXSizFourSymReg.ttf) normal normal 400 normal>) = 10.05
2026-06-26 12:28:00,606 DEBUG matplotlib.font_manager: findfont: score(<Font 'STIXGeneral' (STIXGeneralBolIta.ttf) italic normal 700 normal>) = 11.335
2026-06-26 12:28:00,606 DEBUG matplotlib.font_manager: findfont: score(<Font 'STIXGeneral' (STIXGeneral.ttf) normal normal 400 normal>) = 10.05
2026-06-26 12:28:00,606 DEBUG matplotlib.font_manager: findfont: score(<Font 'cmss10' (cmss10.ttf) normal normal 400 normal>) = 10.05
2026-06-26 12:28:00,606 DEBUG matplotlib.font_manager: findfont: score(<Font 'DejaVu Serif' (DejaVuSerif.ttf) normal normal 400 normal>) = 10.05
2026-06-26 12:28:00,606 DEBUG matplotlib.font_manager: findfont: score(<Font 'STIXNonUnicode' (STIXNonUniBolIta.ttf) italic normal 700 normal>) = 11.335
2026-06-26 12:28:00,606 DEBUG matplotlib.font_manager: findfont: score(<Font 'STIXGeneral' (STIXGeneralBol.ttf) normal normal 700 normal>) = 10.335
2026-06-26 12:28:00,606 DEBUG matplotlib.font_manager: findfont: score(<Font 'cmr10' (cmr10.ttf) normal normal 400 normal>) = 10.05
2026-06-26 12:28:00,606 DEBUG matplotlib.font_manager: findfont: score(<Font 'DejaVu Sans' (DejaVuSans.ttf) normal normal 400 normal>) = 10.05
2026-06-26 12:28:00,606 DEBUG matplotlib.font_manager: findfont: score(<Font 'DejaVu Serif' (DejaVuSerif.ttf) normal normal 400 normal>) = 10.05
2026-06-26 12:28:00,606 DEBUG matplotlib.font_manager: findfont: score(<Font 'DejaVu Sans' (DejaVuSans-Bold.ttf) normal normal 700 normal>) = 10.335
2026-06-26 12:28:00,606 DEBUG matplotlib.font_manager: findfont: score(<Font 'DejaVu Sans Mono' (DejaVuSansMono.ttf) normal normal 400 normal>) = 10.05
2026-06-26 12:28:00,606 DEBUG matplotlib.font_manager: findfont: score(<Font 'DejaVu Sans Mono' (DejaVuSansMono-Bold.ttf) normal normal 700 normal>) = 10.335
2026-06-26 12:28:00,606 DEBUG matplotlib.font_manager: findfont: score(<Font 'DejaVu Serif' (DejaVuSerif-Bold.ttf) normal normal 700 normal>) = 10.335
2026-06-26 12:28:00,606 DEBUG matplotlib.font_manager: findfont: Matching cmsy10:style=normal:variant=normal:weight=normal:stretch=normal:size=10.0 to cmsy10 ('/tmp/_MEIIvbjfv/matplotlib/mpl-data/fonts/ttf/cmsy10.ttf') with score of 0.050000.
2026-06-26 12:28:00,606 DEBUG matplotlib.font_manager: findfont: Matching cmr10:style=normal:variant=normal:weight=normal:stretch=normal:size=10.0.
2026-06-26 12:28:00,606 DEBUG matplotlib.font_manager: findfont: score(<Font 'STIXSizeThreeSym' (STIXSizThreeSymReg.ttf) normal normal 400 normal>) = 10.05
2026-06-26 12:28:00,606 DEBUG matplotlib.font_manager: findfont: score(<Font 'DejaVu Sans' (DejaVuSans-BoldOblique.ttf) oblique normal 700 normal>) = 11.335
2026-06-26 12:28:00,606 DEBUG matplotlib.font_manager: findfont: score(<Font 'DejaVu Sans Mono' (DejaVuSansMono-Oblique.ttf) oblique normal 400 normal>) = 11.05
2026-06-26 12:28:00,606 DEBUG matplotlib.font_manager: findfont: score(<Font 'DejaVu Serif' (DejaVuSerif-Bold.ttf) normal normal 700 normal>) = 10.335
2026-06-26 12:28:00,606 DEBUG matplotlib.font_manager: findfont: score(<Font 'STIXSizeFiveSym' (STIXSizFiveSymReg.ttf) normal normal 400 normal>) = 10.05
2026-06-26 12:28:00,607 DEBUG matplotlib.font_manager: findfont: score(<Font 'cmmi10' (cmmi10.ttf) normal normal 400 normal>) = 10.05
2026-06-26 12:28:00,607 DEBUG matplotlib.font_manager: findfont: score(<Font 'STIXNonUnicode' (STIXNonUni.ttf) normal normal 400 normal>) = 10.05
2026-06-26 12:28:00,607 DEBUG matplotlib.font_manager: findfont: score(<Font 'DejaVu Sans Mono' (DejaVuSansMono-BoldOblique.ttf) oblique normal 700 normal>) = 11.335
2026-06-26 12:28:00,607 DEBUG matplotlib.font_manager: findfont: score(<Font 'STIXNonUnicode' (STIXNonUniBol.ttf) normal normal 700 normal>) = 10.335
2026-06-26 12:28:00,607 DEBUG matplotlib.font_manager: findfont: score(<Font 'DejaVu Sans Display' (DejaVuSansDisplay.ttf) normal normal 400 normal>) = 10.05
2026-06-26 12:28:00,607 DEBUG matplotlib.font_manager: findfont: score(<Font 'STIXSizeTwoSym' (STIXSizTwoSymBol.ttf) normal normal 700 normal>) = 10.335
2026-06-26 12:28:00,607 DEBUG matplotlib.font_manager: findfont: score(<Font 'DejaVu Serif' (DejaVuSerif-Italic.ttf) italic normal 400 normal>) = 11.05
2026-06-26 12:28:00,607 DEBUG matplotlib.font_manager: findfont: score(<Font 'DejaVu Sans' (DejaVuSans-Bold.ttf) normal normal 700 normal>) = 10.335
2026-06-26 12:28:00,607 DEBUG matplotlib.font_manager: findfont: score(<Font 'DejaVu Sans' (DejaVuSans-Oblique.ttf) oblique normal 400 normal>) = 11.05
2026-06-26 12:28:00,607 DEBUG matplotlib.font_manager: findfont: score(<Font 'DejaVu Serif' (DejaVuSerif-BoldItalic.ttf) italic normal 700 normal>) = 11.335
2026-06-26 12:28:00,607 DEBUG matplotlib.font_manager: findfont: score(<Font 'STIXNonUnicode' (STIXNonUniIta.ttf) italic normal 400 normal>) = 11.05
2026-06-26 12:28:00,607 DEBUG matplotlib.font_manager: findfont: score(<Font 'STIXSizeFourSym' (STIXSizFourSymBol.ttf) normal normal 700 normal>) = 10.335
2026-06-26 12:28:00,607 DEBUG matplotlib.font_manager: findfont: score(<Font 'cmex10' (cmex10.ttf) normal normal 400 normal>) = 10.05
2026-06-26 12:28:00,607 DEBUG matplotlib.font_manager: findfont: score(<Font 'STIXSizeOneSym' (STIXSizOneSymBol.ttf) normal normal 700 normal>) = 10.335
2026-06-26 12:28:00,607 DEBUG matplotlib.font_manager: findfont: score(<Font 'DejaVu Sans' (DejaVuSans.ttf) normal normal 400 normal>) = 10.05
2026-06-26 12:28:00,607 DEBUG matplotlib.font_manager: findfont: score(<Font 'cmsy10' (cmsy10.ttf) normal normal 400 normal>) = 10.05
2026-06-26 12:28:00,607 DEBUG matplotlib.font_manager: findfont: score(<Font 'DejaVu Sans Mono' (DejaVuSansMono.ttf) normal normal 400 normal>) = 10.05
2026-06-26 12:28:00,607 DEBUG matplotlib.font_manager: findfont: score(<Font 'STIXSizeTwoSym' (STIXSizTwoSymReg.ttf) normal normal 400 normal>) = 10.05
2026-06-26 12:28:00,607 DEBUG matplotlib.font_manager: findfont: score(<Font 'cmtt10' (cmtt10.ttf) normal normal 400 normal>) = 10.05
2026-06-26 12:28:00,607 DEBUG matplotlib.font_manager: findfont: score(<Font 'STIXSizeThreeSym' (STIXSizThreeSymBol.ttf) normal normal 700 normal>) = 10.335
2026-06-26 12:28:00,607 DEBUG matplotlib.font_manager: findfont: score(<Font 'DejaVu Sans Mono' (DejaVuSansMono-Bold.ttf) normal normal 700 normal>) = 10.335
2026-06-26 12:28:00,607 DEBUG matplotlib.font_manager: findfont: score(<Font 'STIXSizeOneSym' (STIXSizOneSymReg.ttf) normal normal 400 normal>) = 10.05
2026-06-26 12:28:00,607 DEBUG matplotlib.font_manager: findfont: score(<Font 'cmb10' (cmb10.ttf) normal normal 400 normal>) = 10.05
2026-06-26 12:28:00,607 DEBUG matplotlib.font_manager: findfont: score(<Font 'STIXGeneral' (STIXGeneralItalic.ttf) italic normal 400 normal>) = 11.05
2026-06-26 12:28:00,607 DEBUG matplotlib.font_manager: findfont: score(<Font 'DejaVu Serif Display' (DejaVuSerifDisplay.ttf) normal normal 400 normal>) = 10.05
2026-06-26 12:28:00,607 DEBUG matplotlib.font_manager: findfont: score(<Font 'STIXSizeFourSym' (STIXSizFourSymReg.ttf) normal normal 400 normal>) = 10.05
2026-06-26 12:28:00,607 DEBUG matplotlib.font_manager: findfont: score(<Font 'STIXGeneral' (STIXGeneralBolIta.ttf) italic normal 700 normal>) = 11.335
2026-06-26 12:28:00,607 DEBUG matplotlib.font_manager: findfont: score(<Font 'STIXGeneral' (STIXGeneral.ttf) normal normal 400 normal>) = 10.05
2026-06-26 12:28:00,607 DEBUG matplotlib.font_manager: findfont: score(<Font 'cmss10' (cmss10.ttf) normal normal 400 normal>) = 10.05
2026-06-26 12:28:00,607 DEBUG matplotlib.font_manager: findfont: score(<Font 'DejaVu Serif' (DejaVuSerif.ttf) normal normal 400 normal>) = 10.05
2026-06-26 12:28:00,607 DEBUG matplotlib.font_manager: findfont: score(<Font 'STIXNonUnicode' (STIXNonUniBolIta.ttf) italic normal 700 normal>) = 11.335
2026-06-26 12:28:00,607 DEBUG matplotlib.font_manager: findfont: score(<Font 'STIXGeneral' (STIXGeneralBol.ttf) normal normal 700 normal>) = 10.335
2026-06-26 12:28:00,607 DEBUG matplotlib.font_manager: findfont: score(<Font 'cmr10' (cmr10.ttf) normal normal 400 normal>) = 0.05
2026-06-26 12:28:00,607 DEBUG matplotlib.font_manager: findfont: score(<Font 'DejaVu Sans' (DejaVuSans.ttf) normal normal 400 normal>) = 10.05
2026-06-26 12:28:00,607 DEBUG matplotlib.font_manager: findfont: score(<Font 'DejaVu Serif' (DejaVuSerif.ttf) normal normal 400 normal>) = 10.05
2026-06-26 12:28:00,608 DEBUG matplotlib.font_manager: findfont: score(<Font 'DejaVu Sans' (DejaVuSans-Bold.ttf) normal normal 700 normal>) = 10.335
2026-06-26 12:28:00,608 DEBUG matplotlib.font_manager: findfont: score(<Font 'DejaVu Sans Mono' (DejaVuSansMono.ttf) normal normal 400 normal>) = 10.05
2026-06-26 12:28:00,608 DEBUG matplotlib.font_manager: findfont: score(<Font 'DejaVu Sans Mono' (DejaVuSansMono-Bold.ttf) normal normal 700 normal>) = 10.335
2026-06-26 12:28:00,608 DEBUG matplotlib.font_manager: findfont: score(<Font 'DejaVu Serif' (DejaVuSerif-Bold.ttf) normal normal 700 normal>) = 10.335
2026-06-26 12:28:00,608 DEBUG matplotlib.font_manager: findfont: Matching cmr10:style=normal:variant=normal:weight=normal:stretch=normal:size=10.0 to cmr10 ('/tmp/_MEIIvbjfv/matplotlib/mpl-data/fonts/ttf/cmr10.ttf') with score of 0.050000.
2026-06-26 12:28:00,608 DEBUG matplotlib.font_manager: findfont: Matching cmtt10:style=normal:variant=normal:weight=normal:stretch=normal:size=10.0.
2026-06-26 12:28:00,608 DEBUG matplotlib.font_manager: findfont: score(<Font 'STIXSizeThreeSym' (STIXSizThreeSymReg.ttf) normal normal 400 normal>) = 10.05
2026-06-26 12:28:00,608 DEBUG matplotlib.font_manager: findfont: score(<Font 'DejaVu Sans' (DejaVuSans-BoldOblique.ttf) oblique normal 700 normal>) = 11.335
2026-06-26 12:28:00,608 DEBUG matplotlib.font_manager: findfont: score(<Font 'DejaVu Sans Mono' (DejaVuSansMono-Oblique.ttf) oblique normal 400 normal>) = 11.05
2026-06-26 12:28:00,608 DEBUG matplotlib.font_manager: findfont: score(<Font 'DejaVu Serif' (DejaVuSerif-Bold.ttf) normal normal 700 normal>) = 10.335
2026-06-26 12:28:00,608 DEBUG matplotlib.font_manager: findfont: score(<Font 'STIXSizeFiveSym' (STIXSizFiveSymReg.ttf) normal normal 400 normal>) = 10.05
2026-06-26 12:28:00,608 DEBUG matplotlib.font_manager: findfont: score(<Font 'cmmi10' (cmmi10.ttf) normal normal 400 normal>) = 10.05
2026-06-26 12:28:00,608 DEBUG matplotlib.font_manager: findfont: score(<Font 'STIXNonUnicode' (STIXNonUni.ttf) normal normal 400 normal>) = 10.05
2026-06-26 12:28:00,608 DEBUG matplotlib.font_manager: findfont: score(<Font 'DejaVu Sans Mono' (DejaVuSansMono-BoldOblique.ttf) oblique normal 700 normal>) = 11.335
2026-06-26 12:28:00,608 DEBUG matplotlib.font_manager: findfont: score(<Font 'STIXNonUnicode' (STIXNonUniBol.ttf) normal normal 700 normal>) = 10.335
2026-06-26 12:28:00,608 DEBUG matplotlib.font_manager: findfont: score(<Font 'DejaVu Sans Display' (DejaVuSansDisplay.ttf) normal normal 400 normal>) = 10.05
2026-06-26 12:28:00,608 DEBUG matplotlib.font_manager: findfont: score(<Font 'STIXSizeTwoSym' (STIXSizTwoSymBol.ttf) normal normal 700 normal>) = 10.335
2026-06-26 12:28:00,608 DEBUG matplotlib.font_manager: findfont: score(<Font 'DejaVu Serif' (DejaVuSerif-Italic.ttf) italic normal 400 normal>) = 11.05
2026-06-26 12:28:00,608 DEBUG matplotlib.font_manager: findfont: score(<Font 'DejaVu Sans' (DejaVuSans-Bold.ttf) normal normal 700 normal>) = 10.335
2026-06-26 12:28:00,608 DEBUG matplotlib.font_manager: findfont: score(<Font 'DejaVu Sans' (DejaVuSans-Oblique.ttf) oblique normal 400 normal>) = 11.05
2026-06-26 12:28:00,608 DEBUG matplotlib.font_manager: findfont: score(<Font 'DejaVu Serif' (DejaVuSerif-BoldItalic.ttf) italic normal 700 normal>) = 11.335
2026-06-26 12:28:00,608 DEBUG matplotlib.font_manager: findfont: score(<Font 'STIXNonUnicode' (STIXNonUniIta.ttf) italic normal 400 normal>) = 11.05
2026-06-26 12:28:00,608 DEBUG matplotlib.font_manager: findfont: score(<Font 'STIXSizeFourSym' (STIXSizFourSymBol.ttf) normal normal 700 normal>) = 10.335
2026-06-26 12:28:00,608 DEBUG matplotlib.font_manager: findfont: score(<Font 'cmex10' (cmex10.ttf) normal normal 400 normal>) = 10.05
2026-06-26 12:28:00,608 DEBUG matplotlib.font_manager: findfont: score(<Font 'STIXSizeOneSym' (STIXSizOneSymBol.ttf) normal normal 700 normal>) = 10.335
2026-06-26 12:28:00,608 DEBUG matplotlib.font_manager: findfont: score(<Font 'DejaVu Sans' (DejaVuSans.ttf) normal normal 400 normal>) = 10.05
2026-06-26 12:28:00,609 DEBUG matplotlib.font_manager: findfont: score(<Font 'cmsy10' (cmsy10.ttf) normal normal 400 normal>) = 10.05
2026-06-26 12:28:00,609 DEBUG matplotlib.font_manager: findfont: score(<Font 'DejaVu Sans Mono' (DejaVuSansMono.ttf) normal normal 400 normal>) = 10.05
2026-06-26 12:28:00,609 DEBUG matplotlib.font_manager: findfont: score(<Font 'STIXSizeTwoSym' (STIXSizTwoSymReg.ttf) normal normal 400 normal>) = 10.05
2026-06-26 12:28:00,609 DEBUG matplotlib.font_manager: findfont: score(<Font 'cmtt10' (cmtt10.ttf) normal normal 400 normal>) = 0.05
2026-06-26 12:28:00,609 DEBUG matplotlib.font_manager: findfont: score(<Font 'STIXSizeThreeSym' (STIXSizThreeSymBol.ttf) normal normal 700 normal>) = 10.335
2026-06-26 12:28:00,609 DEBUG matplotlib.font_manager: findfont: score(<Font 'DejaVu Sans Mono' (DejaVuSansMono-Bold.ttf) normal normal 700 normal>) = 10.335
2026-06-26 12:28:00,609 DEBUG matplotlib.font_manager: findfont: score(<Font 'STIXSizeOneSym' (STIXSizOneSymReg.ttf) normal normal 400 normal>) = 10.05
2026-06-26 12:28:00,609 DEBUG matplotlib.font_manager: findfont: score(<Font 'cmb10' (cmb10.ttf) normal normal 400 normal>) = 10.05
2026-06-26 12:28:00,609 DEBUG matplotlib.font_manager: findfont: score(<Font 'STIXGeneral' (STIXGeneralItalic.ttf) italic normal 400 normal>) = 11.05
2026-06-26 12:28:00,609 DEBUG matplotlib.font_manager: findfont: score(<Font 'DejaVu Serif Display' (DejaVuSerifDisplay.ttf) normal normal 400 normal>) = 10.05
2026-06-26 12:28:00,609 DEBUG matplotlib.font_manager: findfont: score(<Font 'STIXSizeFourSym' (STIXSizFourSymReg.ttf) normal normal 400 normal>) = 10.05
2026-06-26 12:28:00,609 DEBUG matplotlib.font_manager: findfont: score(<Font 'STIXGeneral' (STIXGeneralBolIta.ttf) italic normal 700 normal>) = 11.335
2026-06-26 12:28:00,609 DEBUG matplotlib.font_manager: findfont: score(<Font 'STIXGeneral' (STIXGeneral.ttf) normal normal 400 normal>) = 10.05
2026-06-26 12:28:00,609 DEBUG matplotlib.font_manager: findfont: score(<Font 'cmss10' (cmss10.ttf) normal normal 400 normal>) = 10.05
2026-06-26 12:28:00,609 DEBUG matplotlib.font_manager: findfont: score(<Font 'DejaVu Serif' (DejaVuSerif.ttf) normal normal 400 normal>) = 10.05
2026-06-26 12:28:00,609 DEBUG matplotlib.font_manager: findfont: score(<Font 'STIXNonUnicode' (STIXNonUniBolIta.ttf) italic normal 700 normal>) = 11.335
2026-06-26 12:28:00,609 DEBUG matplotlib.font_manager: findfont: score(<Font 'STIXGeneral' (STIXGeneralBol.ttf) normal normal 700 normal>) = 10.335
2026-06-26 12:28:00,609 DEBUG matplotlib.font_manager: findfont: score(<Font 'cmr10' (cmr10.ttf) normal normal 400 normal>) = 10.05
2026-06-26 12:28:00,609 DEBUG matplotlib.font_manager: findfont: score(<Font 'DejaVu Sans' (DejaVuSans.ttf) normal normal 400 normal>) = 10.05
2026-06-26 12:28:00,609 DEBUG matplotlib.font_manager: findfont: score(<Font 'DejaVu Serif' (DejaVuSerif.ttf) normal normal 400 normal>) = 10.05
2026-06-26 12:28:00,609 DEBUG matplotlib.font_manager: findfont: score(<Font 'DejaVu Sans' (DejaVuSans-Bold.ttf) normal normal 700 normal>) = 10.335
2026-06-26 12:28:00,609 DEBUG matplotlib.font_manager: findfont: score(<Font 'DejaVu Sans Mono' (DejaVuSansMono.ttf) normal normal 400 normal>) = 10.05
2026-06-26 12:28:00,609 DEBUG matplotlib.font_manager: findfont: score(<Font 'DejaVu Sans Mono' (DejaVuSansMono-Bold.ttf) normal normal 700 normal>) = 10.335
2026-06-26 12:28:00,609 DEBUG matplotlib.font_manager: findfont: score(<Font 'DejaVu Serif' (DejaVuSerif-Bold.ttf) normal normal 700 normal>) = 10.335
2026-06-26 12:28:00,609 DEBUG matplotlib.font_manager: findfont: Matching cmtt10:style=normal:variant=normal:weight=normal:stretch=normal:size=10.0 to cmtt10 ('/tmp/_MEIIvbjfv/matplotlib/mpl-data/fonts/ttf/cmtt10.ttf') with score of 0.050000.
2026-06-26 12:28:00,609 DEBUG matplotlib.font_manager: findfont: Matching cmmi10:style=normal:variant=normal:weight=normal:stretch=normal:size=10.0.
2026-06-26 12:28:00,609 DEBUG matplotlib.font_manager: findfont: score(<Font 'STIXSizeThreeSym' (STIXSizThreeSymReg.ttf) normal normal 400 normal>) = 10.05
2026-06-26 12:28:00,610 DEBUG matplotlib.font_manager: findfont: score(<Font 'DejaVu Sans' (DejaVuSans-BoldOblique.ttf) oblique normal 700 normal>) = 11.335
2026-06-26 12:28:00,610 DEBUG matplotlib.font_manager: findfont: score(<Font 'DejaVu Sans Mono' (DejaVuSansMono-Oblique.ttf) oblique normal 400 normal>) = 11.05
2026-06-26 12:28:00,610 DEBUG matplotlib.font_manager: findfont: score(<Font 'DejaVu Serif' (DejaVuSerif-Bold.ttf) normal normal 700 normal>) = 10.335
2026-06-26 12:28:00,610 DEBUG matplotlib.font_manager: findfont: score(<Font 'STIXSizeFiveSym' (STIXSizFiveSymReg.ttf) normal normal 400 normal>) = 10.05
2026-06-26 12:28:00,610 DEBUG matplotlib.font_manager: findfont: score(<Font 'cmmi10' (cmmi10.ttf) normal normal 400 normal>) = 0.05
2026-06-26 12:28:00,610 DEBUG matplotlib.font_manager: findfont: score(<Font 'STIXNonUnicode' (STIXNonUni.ttf) normal normal 400 normal>) = 10.05
2026-06-26 12:28:00,610 DEBUG matplotlib.font_manager: findfont: score(<Font 'DejaVu Sans Mono' (DejaVuSansMono-BoldOblique.ttf) oblique normal 700 normal>) = 11.335
2026-06-26 12:28:00,610 DEBUG matplotlib.font_manager: findfont: score(<Font 'STIXNonUnicode' (STIXNonUniBol.ttf) normal normal 700 normal>) = 10.335
2026-06-26 12:28:00,610 DEBUG matplotlib.font_manager: findfont: score(<Font 'DejaVu Sans Display' (DejaVuSansDisplay.ttf) normal normal 400 normal>) = 10.05
2026-06-26 12:28:00,610 DEBUG matplotlib.font_manager: findfont: score(<Font 'STIXSizeTwoSym' (STIXSizTwoSymBol.ttf) normal normal 700 normal>) = 10.335
2026-06-26 12:28:00,610 DEBUG matplotlib.font_manager: findfont: score(<Font 'DejaVu Serif' (DejaVuSerif-Italic.ttf) italic normal 400 normal>) = 11.05
2026-06-26 12:28:00,610 DEBUG matplotlib.font_manager: findfont: score(<Font 'DejaVu Sans' (DejaVuSans-Bold.ttf) normal normal 700 normal>) = 10.335
2026-06-26 12:28:00,610 DEBUG matplotlib.font_manager: findfont: score(<Font 'DejaVu Sans' (DejaVuSans-Oblique.ttf) oblique normal 400 normal>) = 11.05
2026-06-26 12:28:00,610 DEBUG matplotlib.font_manager: findfont: score(<Font 'DejaVu Serif' (DejaVuSerif-BoldItalic.ttf) italic normal 700 normal>) = 11.335
2026-06-26 12:28:00,610 DEBUG matplotlib.font_manager: findfont: score(<Font 'STIXNonUnicode' (STIXNonUniIta.ttf) italic normal 400 normal>) = 11.05
2026-06-26 12:28:00,610 DEBUG matplotlib.font_manager: findfont: score(<Font 'STIXSizeFourSym' (STIXSizFourSymBol.ttf) normal normal 700 normal>) = 10.335
2026-06-26 12:28:00,610 DEBUG matplotlib.font_manager: findfont: score(<Font 'cmex10' (cmex10.ttf) normal normal 400 normal>) = 10.05
2026-06-26 12:28:00,610 DEBUG matplotlib.font_manager: findfont: score(<Font 'STIXSizeOneSym' (STIXSizOneSymBol.ttf) normal normal 700 normal>) = 10.335
2026-06-26 12:28:00,610 DEBUG matplotlib.font_manager: findfont: score(<Font 'DejaVu Sans' (DejaVuSans.ttf) normal normal 400 normal>) = 10.05
2026-06-26 12:28:00,610 DEBUG matplotlib.font_manager: findfont: score(<Font 'cmsy10' (cmsy10.ttf) normal normal 400 normal>) = 10.05
2026-06-26 12:28:00,610 DEBUG matplotlib.font_manager: findfont: score(<Font 'DejaVu Sans Mono' (DejaVuSansMono.ttf) normal normal 400 normal>) = 10.05
2026-06-26 12:28:00,610 DEBUG matplotlib.font_manager: findfont: score(<Font 'STIXSizeTwoSym' (STIXSizTwoSymReg.ttf) normal normal 400 normal>) = 10.05
2026-06-26 12:28:00,610 DEBUG matplotlib.font_manager: findfont: score(<Font 'cmtt10' (cmtt10.ttf) normal normal 400 normal>) = 10.05
2026-06-26 12:28:00,610 DEBUG matplotlib.font_manager: findfont: score(<Font 'STIXSizeThreeSym' (STIXSizThreeSymBol.ttf) normal normal 700 normal>) = 10.335
2026-06-26 12:28:00,610 DEBUG matplotlib.font_manager: findfont: score(<Font 'DejaVu Sans Mono' (DejaVuSansMono-Bold.ttf) normal normal 700 normal>) = 10.335
2026-06-26 12:28:00,610 DEBUG matplotlib.font_manager: findfont: score(<Font 'STIXSizeOneSym' (STIXSizOneSymReg.ttf) normal normal 400 normal>) = 10.05
2026-06-26 12:28:00,610 DEBUG matplotlib.font_manager: findfont: score(<Font 'cmb10' (cmb10.ttf) normal normal 400 normal>) = 10.05
2026-06-26 12:28:00,610 DEBUG matplotlib.font_manager: findfont: score(<Font 'STIXGeneral' (STIXGeneralItalic.ttf) italic normal 400 normal>) = 11.05
2026-06-26 12:28:00,610 DEBUG matplotlib.font_manager: findfont: score(<Font 'DejaVu Serif Display' (DejaVuSerifDisplay.ttf) normal normal 400 normal>) = 10.05
2026-06-26 12:28:00,610 DEBUG matplotlib.font_manager: findfont: score(<Font 'STIXSizeFourSym' (STIXSizFourSymReg.ttf) normal normal 400 normal>) = 10.05
2026-06-26 12:28:00,610 DEBUG matplotlib.font_manager: findfont: score(<Font 'STIXGeneral' (STIXGeneralBolIta.ttf) italic normal 700 normal>) = 11.335
2026-06-26 12:28:00,610 DEBUG matplotlib.font_manager: findfont: score(<Font 'STIXGeneral' (STIXGeneral.ttf) normal normal 400 normal>) = 10.05
2026-06-26 12:28:00,610 DEBUG matplotlib.font_manager: findfont: score(<Font 'cmss10' (cmss10.ttf) normal normal 400 normal>) = 10.05
2026-06-26 12:28:00,610 DEBUG matplotlib.font_manager: findfont: score(<Font 'DejaVu Serif' (DejaVuSerif.ttf) normal normal 400 normal>) = 10.05
2026-06-26 12:28:00,611 DEBUG matplotlib.font_manager: findfont: score(<Font 'STIXNonUnicode' (STIXNonUniBolIta.ttf) italic normal 700 normal>) = 11.335
2026-06-26 12:28:00,611 DEBUG matplotlib.font_manager: findfont: score(<Font 'STIXGeneral' (STIXGeneralBol.ttf) normal normal 700 normal>) = 10.335
2026-06-26 12:28:00,611 DEBUG matplotlib.font_manager: findfont: score(<Font 'cmr10' (cmr10.ttf) normal normal 400 normal>) = 10.05
2026-06-26 12:28:00,611 DEBUG matplotlib.font_manager: findfont: score(<Font 'DejaVu Sans' (DejaVuSans.ttf) normal normal 400 normal>) = 10.05
2026-06-26 12:28:00,611 DEBUG matplotlib.font_manager: findfont: score(<Font 'DejaVu Serif' (DejaVuSerif.ttf) normal normal 400 normal>) = 10.05
2026-06-26 12:28:00,611 DEBUG matplotlib.font_manager: findfont: score(<Font 'DejaVu Sans' (DejaVuSans-Bold.ttf) normal normal 700 normal>) = 10.335
2026-06-26 12:28:00,611 DEBUG matplotlib.font_manager: findfont: score(<Font 'DejaVu Sans Mono' (DejaVuSansMono.ttf) normal normal 400 normal>) = 10.05
2026-06-26 12:28:00,611 DEBUG matplotlib.font_manager: findfont: score(<Font 'DejaVu Sans Mono' (DejaVuSansMono-Bold.ttf) normal normal 700 normal>) = 10.335
2026-06-26 12:28:00,611 DEBUG matplotlib.font_manager: findfont: score(<Font 'DejaVu Serif' (DejaVuSerif-Bold.ttf) normal normal 700 normal>) = 10.335
2026-06-26 12:28:00,611 DEBUG matplotlib.font_manager: findfont: Matching cmmi10:style=normal:variant=normal:weight=normal:stretch=normal:size=10.0 to cmmi10 ('/tmp/_MEIIvbjfv/matplotlib/mpl-data/fonts/ttf/cmmi10.ttf') with score of 0.050000.
2026-06-26 12:28:00,611 DEBUG matplotlib.font_manager: findfont: Matching cmb10:style=normal:variant=normal:weight=normal:stretch=normal:size=10.0.
2026-06-26 12:28:00,611 DEBUG matplotlib.font_manager: findfont: score(<Font 'STIXSizeThreeSym' (STIXSizThreeSymReg.ttf) normal normal 400 normal>) = 10.05
2026-06-26 12:28:00,611 DEBUG matplotlib.font_manager: findfont: score(<Font 'DejaVu Sans' (DejaVuSans-BoldOblique.ttf) oblique normal 700 normal>) = 11.335
2026-06-26 12:28:00,611 DEBUG matplotlib.font_manager: findfont: score(<Font 'DejaVu Sans Mono' (DejaVuSansMono-Oblique.ttf) oblique normal 400 normal>) = 11.05
2026-06-26 12:28:00,611 DEBUG matplotlib.font_manager: findfont: score(<Font 'DejaVu Serif' (DejaVuSerif-Bold.ttf) normal normal 700 normal>) = 10.335
2026-06-26 12:28:00,611 DEBUG matplotlib.font_manager: findfont: score(<Font 'STIXSizeFiveSym' (STIXSizFiveSymReg.ttf) normal normal 400 normal>) = 10.05
2026-06-26 12:28:00,611 DEBUG matplotlib.font_manager: findfont: score(<Font 'cmmi10' (cmmi10.ttf) normal normal 400 normal>) = 10.05
2026-06-26 12:28:00,611 DEBUG matplotlib.font_manager: findfont: score(<Font 'STIXNonUnicode' (STIXNonUni.ttf) normal normal 400 normal>) = 10.05
2026-06-26 12:28:00,611 DEBUG matplotlib.font_manager: findfont: score(<Font 'DejaVu Sans Mono' (DejaVuSansMono-BoldOblique.ttf) oblique normal 700 normal>) = 11.335
2026-06-26 12:28:00,611 DEBUG matplotlib.font_manager: findfont: score(<Font 'STIXNonUnicode' (STIXNonUniBol.ttf) normal normal 700 normal>) = 10.335
2026-06-26 12:28:00,611 DEBUG matplotlib.font_manager: findfont: score(<Font 'DejaVu Sans Display' (DejaVuSansDisplay.ttf) normal normal 400 normal>) = 10.05
2026-06-26 12:28:00,611 DEBUG matplotlib.font_manager: findfont: score(<Font 'STIXSizeTwoSym' (STIXSizTwoSymBol.ttf) normal normal 700 normal>) = 10.335
2026-06-26 12:28:00,611 DEBUG matplotlib.font_manager: findfont: score(<Font 'DejaVu Serif' (DejaVuSerif-Italic.ttf) italic normal 400 normal>) = 11.05
2026-06-26 12:28:00,611 DEBUG matplotlib.font_manager: findfont: score(<Font 'DejaVu Sans' (DejaVuSans-Bold.ttf) normal normal 700 normal>) = 10.335
2026-06-26 12:28:00,611 DEBUG matplotlib.font_manager: findfont: score(<Font 'DejaVu Sans' (DejaVuSans-Oblique.ttf) oblique normal 400 normal>) = 11.05
2026-06-26 12:28:00,611 DEBUG matplotlib.font_manager: findfont: score(<Font 'DejaVu Serif' (DejaVuSerif-BoldItalic.ttf) italic normal 700 normal>) = 11.335
2026-06-26 12:28:00,611 DEBUG matplotlib.font_manager: findfont: score(<Font 'STIXNonUnicode' (STIXNonUniIta.ttf) italic normal 400 normal>) = 11.05
2026-06-26 12:28:00,612 DEBUG matplotlib.font_manager: findfont: score(<Font 'STIXSizeFourSym' (STIXSizFourSymBol.ttf) normal normal 700 normal>) = 10.335
2026-06-26 12:28:00,612 DEBUG matplotlib.font_manager: findfont: score(<Font 'cmex10' (cmex10.ttf) normal normal 400 normal>) = 10.05
2026-06-26 12:28:00,612 DEBUG matplotlib.font_manager: findfont: score(<Font 'STIXSizeOneSym' (STIXSizOneSymBol.ttf) normal normal 700 normal>) = 10.335
2026-06-26 12:28:00,612 DEBUG matplotlib.font_manager: findfont: score(<Font 'DejaVu Sans' (DejaVuSans.ttf) normal normal 400 normal>) = 10.05
2026-06-26 12:28:00,612 DEBUG matplotlib.font_manager: findfont: score(<Font 'cmsy10' (cmsy10.ttf) normal normal 400 normal>) = 10.05
2026-06-26 12:28:00,612 DEBUG matplotlib.font_manager: findfont: score(<Font 'DejaVu Sans Mono' (DejaVuSansMono.ttf) normal normal 400 normal>) = 10.05
2026-06-26 12:28:00,612 DEBUG matplotlib.font_manager: findfont: score(<Font 'STIXSizeTwoSym' (STIXSizTwoSymReg.ttf) normal normal 400 normal>) = 10.05
2026-06-26 12:28:00,612 DEBUG matplotlib.font_manager: findfont: score(<Font 'cmtt10' (cmtt10.ttf) normal normal 400 normal>) = 10.05
2026-06-26 12:28:00,612 DEBUG matplotlib.font_manager: findfont: score(<Font 'STIXSizeThreeSym' (STIXSizThreeSymBol.ttf) normal normal 700 normal>) = 10.335
2026-06-26 12:28:00,612 DEBUG matplotlib.font_manager: findfont: score(<Font 'DejaVu Sans Mono' (DejaVuSansMono-Bold.ttf) normal normal 700 normal>) = 10.335
2026-06-26 12:28:00,612 DEBUG matplotlib.font_manager: findfont: score(<Font 'STIXSizeOneSym' (STIXSizOneSymReg.ttf) normal normal 400 normal>) = 10.05
2026-06-26 12:28:00,612 DEBUG matplotlib.font_manager: findfont: score(<Font 'cmb10' (cmb10.ttf) normal normal 400 normal>) = 0.05
2026-06-26 12:28:00,612 DEBUG matplotlib.font_manager: findfont: score(<Font 'STIXGeneral' (STIXGeneralItalic.ttf) italic normal 400 normal>) = 11.05
2026-06-26 12:28:00,612 DEBUG matplotlib.font_manager: findfont: score(<Font 'DejaVu Serif Display' (DejaVuSerifDisplay.ttf) normal normal 400 normal>) = 10.05
2026-06-26 12:28:00,612 DEBUG matplotlib.font_manager: findfont: score(<Font 'STIXSizeFourSym' (STIXSizFourSymReg.ttf) normal normal 400 normal>) = 10.05
2026-06-26 12:28:00,612 DEBUG matplotlib.font_manager: findfont: score(<Font 'STIXGeneral' (STIXGeneralBolIta.ttf) italic normal 700 normal>) = 11.335
2026-06-26 12:28:00,612 DEBUG matplotlib.font_manager: findfont: score(<Font 'STIXGeneral' (STIXGeneral.ttf) normal normal 400 normal>) = 10.05
2026-06-26 12:28:00,612 DEBUG matplotlib.font_manager: findfont: score(<Font 'cmss10' (cmss10.ttf) normal normal 400 normal>) = 10.05
2026-06-26 12:28:00,612 DEBUG matplotlib.font_manager: findfont: score(<Font 'DejaVu Serif' (DejaVuSerif.ttf) normal normal 400 normal>) = 10.05
2026-06-26 12:28:00,612 DEBUG matplotlib.font_manager: findfont: score(<Font 'STIXNonUnicode' (STIXNonUniBolIta.ttf) italic normal 700 normal>) = 11.335
2026-06-26 12:28:00,612 DEBUG matplotlib.font_manager: findfont: score(<Font 'STIXGeneral' (STIXGeneralBol.ttf) normal normal 700 normal>) = 10.335
2026-06-26 12:28:00,612 DEBUG matplotlib.font_manager: findfont: score(<Font 'cmr10' (cmr10.ttf) normal normal 400 normal>) = 10.05
2026-06-26 12:28:00,612 DEBUG matplotlib.font_manager: findfont: score(<Font 'DejaVu Sans' (DejaVuSans.ttf) normal normal 400 normal>) = 10.05
2026-06-26 12:28:00,612 DEBUG matplotlib.font_manager: findfont: score(<Font 'DejaVu Serif' (DejaVuSerif.ttf) normal normal 400 normal>) = 10.05
2026-06-26 12:28:00,612 DEBUG matplotlib.font_manager: findfont: score(<Font 'DejaVu Sans' (DejaVuSans-Bold.ttf) normal normal 700 normal>) = 10.335
2026-06-26 12:28:00,612 DEBUG matplotlib.font_manager: findfont: score(<Font 'DejaVu Sans Mono' (DejaVuSansMono.ttf) normal normal 400 normal>) = 10.05
2026-06-26 12:28:00,612 DEBUG matplotlib.font_manager: findfont: score(<Font 'DejaVu Sans Mono' (DejaVuSansMono-Bold.ttf) normal normal 700 normal>) = 10.335
2026-06-26 12:28:00,612 DEBUG matplotlib.font_manager: findfont: score(<Font 'DejaVu Serif' (DejaVuSerif-Bold.ttf) normal normal 700 normal>) = 10.335
2026-06-26 12:28:00,612 DEBUG matplotlib.font_manager: findfont: Matching cmb10:style=normal:variant=normal:weight=normal:stretch=normal:size=10.0 to cmb10 ('/tmp/_MEIIvbjfv/matplotlib/mpl-data/fonts/ttf/cmb10.ttf') with score of 0.050000.
2026-06-26 12:28:00,613 DEBUG matplotlib.font_manager: findfont: Matching cmss10:style=normal:variant=normal:weight=normal:stretch=normal:size=10.0.
2026-06-26 12:28:00,613 DEBUG matplotlib.font_manager: findfont: score(<Font 'STIXSizeThreeSym' (STIXSizThreeSymReg.ttf) normal normal 400 normal>) = 10.05
2026-06-26 12:28:00,613 DEBUG matplotlib.font_manager: findfont: score(<Font 'DejaVu Sans' (DejaVuSans-BoldOblique.ttf) oblique normal 700 normal>) = 11.335
2026-06-26 12:28:00,613 DEBUG matplotlib.font_manager: findfont: score(<Font 'DejaVu Sans Mono' (DejaVuSansMono-Oblique.ttf) oblique normal 400 normal>) = 11.05
2026-06-26 12:28:00,613 DEBUG matplotlib.font_manager: findfont: score(<Font 'DejaVu Serif' (DejaVuSerif-Bold.ttf) normal normal 700 normal>) = 10.335
2026-06-26 12:28:00,613 DEBUG matplotlib.font_manager: findfont: score(<Font 'STIXSizeFiveSym' (STIXSizFiveSymReg.ttf) normal normal 400 normal>) = 10.05
2026-06-26 12:28:00,613 DEBUG matplotlib.font_manager: findfont: score(<Font 'cmmi10' (cmmi10.ttf) normal normal 400 normal>) = 10.05
2026-06-26 12:28:00,613 DEBUG matplotlib.font_manager: findfont: score(<Font 'STIXNonUnicode' (STIXNonUni.ttf) normal normal 400 normal>) = 10.05
2026-06-26 12:28:00,613 DEBUG matplotlib.font_manager: findfont: score(<Font 'DejaVu Sans Mono' (DejaVuSansMono-BoldOblique.ttf) oblique normal 700 normal>) = 11.335
2026-06-26 12:28:00,613 DEBUG matplotlib.font_manager: findfont: score(<Font 'STIXNonUnicode' (STIXNonUniBol.ttf) normal normal 700 normal>) = 10.335
2026-06-26 12:28:00,613 DEBUG matplotlib.font_manager: findfont: score(<Font 'DejaVu Sans Display' (DejaVuSansDisplay.ttf) normal normal 400 normal>) = 10.05
2026-06-26 12:28:00,613 DEBUG matplotlib.font_manager: findfont: score(<Font 'STIXSizeTwoSym' (STIXSizTwoSymBol.ttf) normal normal 700 normal>) = 10.335
2026-06-26 12:28:00,613 DEBUG matplotlib.font_manager: findfont: score(<Font 'DejaVu Serif' (DejaVuSerif-Italic.ttf) italic normal 400 normal>) = 11.05
2026-06-26 12:28:00,613 DEBUG matplotlib.font_manager: findfont: score(<Font 'DejaVu Sans' (DejaVuSans-Bold.ttf) normal normal 700 normal>) = 10.335
2026-06-26 12:28:00,613 DEBUG matplotlib.font_manager: findfont: score(<Font 'DejaVu Sans' (DejaVuSans-Oblique.ttf) oblique normal 400 normal>) = 11.05
2026-06-26 12:28:00,613 DEBUG matplotlib.font_manager: findfont: score(<Font 'DejaVu Serif' (DejaVuSerif-BoldItalic.ttf) italic normal 700 normal>) = 11.335
2026-06-26 12:28:00,613 DEBUG matplotlib.font_manager: findfont: score(<Font 'STIXNonUnicode' (STIXNonUniIta.ttf) italic normal 400 normal>) = 11.05
2026-06-26 12:28:00,613 DEBUG matplotlib.font_manager: findfont: score(<Font 'STIXSizeFourSym' (STIXSizFourSymBol.ttf) normal normal 700 normal>) = 10.335
2026-06-26 12:28:00,613 DEBUG matplotlib.font_manager: findfont: score(<Font 'cmex10' (cmex10.ttf) normal normal 400 normal>) = 10.05
2026-06-26 12:28:00,613 DEBUG matplotlib.font_manager: findfont: score(<Font 'STIXSizeOneSym' (STIXSizOneSymBol.ttf) normal normal 700 normal>) = 10.335
2026-06-26 12:28:00,613 DEBUG matplotlib.font_manager: findfont: score(<Font 'DejaVu Sans' (DejaVuSans.ttf) normal normal 400 normal>) = 10.05
2026-06-26 12:28:00,613 DEBUG matplotlib.font_manager: findfont: score(<Font 'cmsy10' (cmsy10.ttf) normal normal 400 normal>) = 10.05
2026-06-26 12:28:00,613 DEBUG matplotlib.font_manager: findfont: score(<Font 'DejaVu Sans Mono' (DejaVuSansMono.ttf) normal normal 400 normal>) = 10.05
2026-06-26 12:28:00,613 DEBUG matplotlib.font_manager: findfont: score(<Font 'STIXSizeTwoSym' (STIXSizTwoSymReg.ttf) normal normal 400 normal>) = 10.05
2026-06-26 12:28:00,613 DEBUG matplotlib.font_manager: findfont: score(<Font 'cmtt10' (cmtt10.ttf) normal normal 400 normal>) = 10.05
2026-06-26 12:28:00,613 DEBUG matplotlib.font_manager: findfont: score(<Font 'STIXSizeThreeSym' (STIXSizThreeSymBol.ttf) normal normal 700 normal>) = 10.335
2026-06-26 12:28:00,613 DEBUG matplotlib.font_manager: findfont: score(<Font 'DejaVu Sans Mono' (DejaVuSansMono-Bold.ttf) normal normal 700 normal>) = 10.335
2026-06-26 12:28:00,613 DEBUG matplotlib.font_manager: findfont: score(<Font 'STIXSizeOneSym' (STIXSizOneSymReg.ttf) normal normal 400 normal>) = 10.05
2026-06-26 12:28:00,613 DEBUG matplotlib.font_manager: findfont: score(<Font 'cmb10' (cmb10.ttf) normal normal 400 normal>) = 10.05
2026-06-26 12:28:00,613 DEBUG matplotlib.font_manager: findfont: score(<Font 'STIXGeneral' (STIXGeneralItalic.ttf) italic normal 400 normal>) = 11.05
2026-06-26 12:28:00,613 DEBUG matplotlib.font_manager: findfont: score(<Font 'DejaVu Serif Display' (DejaVuSerifDisplay.ttf) normal normal 400 normal>) = 10.05
2026-06-26 12:28:00,613 DEBUG matplotlib.font_manager: findfont: score(<Font 'STIXSizeFourSym' (STIXSizFourSymReg.ttf) normal normal 400 normal>) = 10.05
2026-06-26 12:28:00,614 DEBUG matplotlib.font_manager: findfont: score(<Font 'STIXGeneral' (STIXGeneralBolIta.ttf) italic normal 700 normal>) = 11.335
2026-06-26 12:28:00,614 DEBUG matplotlib.font_manager: findfont: score(<Font 'STIXGeneral' (STIXGeneral.ttf) normal normal 400 normal>) = 10.05
2026-06-26 12:28:00,614 DEBUG matplotlib.font_manager: findfont: score(<Font 'cmss10' (cmss10.ttf) normal normal 400 normal>) = 0.05
2026-06-26 12:28:00,614 DEBUG matplotlib.font_manager: findfont: score(<Font 'DejaVu Serif' (DejaVuSerif.ttf) normal normal 400 normal>) = 10.05
2026-06-26 12:28:00,614 DEBUG matplotlib.font_manager: findfont: score(<Font 'STIXNonUnicode' (STIXNonUniBolIta.ttf) italic normal 700 normal>) = 11.335
2026-06-26 12:28:00,614 DEBUG matplotlib.font_manager: findfont: score(<Font 'STIXGeneral' (STIXGeneralBol.ttf) normal normal 700 normal>) = 10.335
2026-06-26 12:28:00,614 DEBUG matplotlib.font_manager: findfont: score(<Font 'cmr10' (cmr10.ttf) normal normal 400 normal>) = 10.05
2026-06-26 12:28:00,614 DEBUG matplotlib.font_manager: findfont: score(<Font 'DejaVu Sans' (DejaVuSans.ttf) normal normal 400 normal>) = 10.05
2026-06-26 12:28:00,614 DEBUG matplotlib.font_manager: findfont: score(<Font 'DejaVu Serif' (DejaVuSerif.ttf) normal normal 400 normal>) = 10.05
2026-06-26 12:28:00,614 DEBUG matplotlib.font_manager: findfont: score(<Font 'DejaVu Sans' (DejaVuSans-Bold.ttf) normal normal 700 normal>) = 10.335
2026-06-26 12:28:00,614 DEBUG matplotlib.font_manager: findfont: score(<Font 'DejaVu Sans Mono' (DejaVuSansMono.ttf) normal normal 400 normal>) = 10.05
2026-06-26 12:28:00,614 DEBUG matplotlib.font_manager: findfont: score(<Font 'DejaVu Sans Mono' (DejaVuSansMono-Bold.ttf) normal normal 700 normal>) = 10.335
2026-06-26 12:28:00,614 DEBUG matplotlib.font_manager: findfont: score(<Font 'DejaVu Serif' (DejaVuSerif-Bold.ttf) normal normal 700 normal>) = 10.335
2026-06-26 12:28:00,614 DEBUG matplotlib.font_manager: findfont: Matching cmss10:style=normal:variant=normal:weight=normal:stretch=normal:size=10.0 to cmss10 ('/tmp/_MEIIvbjfv/matplotlib/mpl-data/fonts/ttf/cmss10.ttf') with score of 0.050000.
2026-06-26 12:28:00,614 DEBUG matplotlib.font_manager: findfont: Matching cmex10:style=normal:variant=normal:weight=normal:stretch=normal:size=10.0.
2026-06-26 12:28:00,614 DEBUG matplotlib.font_manager: findfont: score(<Font 'STIXSizeThreeSym' (STIXSizThreeSymReg.ttf) normal normal 400 normal>) = 10.05
2026-06-26 12:28:00,614 DEBUG matplotlib.font_manager: findfont: score(<Font 'DejaVu Sans' (DejaVuSans-BoldOblique.ttf) oblique normal 700 normal>) = 11.335
2026-06-26 12:28:00,614 DEBUG matplotlib.font_manager: findfont: score(<Font 'DejaVu Sans Mono' (DejaVuSansMono-Oblique.ttf) oblique normal 400 normal>) = 11.05
2026-06-26 12:28:00,614 DEBUG matplotlib.font_manager: findfont: score(<Font 'DejaVu Serif' (DejaVuSerif-Bold.ttf) normal normal 700 normal>) = 10.335
2026-06-26 12:28:00,614 DEBUG matplotlib.font_manager: findfont: score(<Font 'STIXSizeFiveSym' (STIXSizFiveSymReg.ttf) normal normal 400 normal>) = 10.05
2026-06-26 12:28:00,614 DEBUG matplotlib.font_manager: findfont: score(<Font 'cmmi10' (cmmi10.ttf) normal normal 400 normal>) = 10.05
2026-06-26 12:28:00,614 DEBUG matplotlib.font_manager: findfont: score(<Font 'STIXNonUnicode' (STIXNonUni.ttf) normal normal 400 normal>) = 10.05
2026-06-26 12:28:00,614 DEBUG matplotlib.font_manager: findfont: score(<Font 'DejaVu Sans Mono' (DejaVuSansMono-BoldOblique.ttf) oblique normal 700 normal>) = 11.335
2026-06-26 12:28:00,614 DEBUG matplotlib.font_manager: findfont: score(<Font 'STIXNonUnicode' (STIXNonUniBol.ttf) normal normal 700 normal>) = 10.335
2026-06-26 12:28:00,614 DEBUG matplotlib.font_manager: findfont: score(<Font 'DejaVu Sans Display' (DejaVuSansDisplay.ttf) normal normal 400 normal>) = 10.05
2026-06-26 12:28:00,614 DEBUG matplotlib.font_manager: findfont: score(<Font 'STIXSizeTwoSym' (STIXSizTwoSymBol.ttf) normal normal 700 normal>) = 10.335
2026-06-26 12:28:00,615 DEBUG matplotlib.font_manager: findfont: score(<Font 'DejaVu Serif' (DejaVuSerif-Italic.ttf) italic normal 400 normal>) = 11.05
2026-06-26 12:28:00,615 DEBUG matplotlib.font_manager: findfont: score(<Font 'DejaVu Sans' (DejaVuSans-Bold.ttf) normal normal 700 normal>) = 10.335
2026-06-26 12:28:00,615 DEBUG matplotlib.font_manager: findfont: score(<Font 'DejaVu Sans' (DejaVuSans-Oblique.ttf) oblique normal 400 normal>) = 11.05
2026-06-26 12:28:00,615 DEBUG matplotlib.font_manager: findfont: score(<Font 'DejaVu Serif' (DejaVuSerif-BoldItalic.ttf) italic normal 700 normal>) = 11.335
2026-06-26 12:28:00,615 DEBUG matplotlib.font_manager: findfont: score(<Font 'STIXNonUnicode' (STIXNonUniIta.ttf) italic normal 400 normal>) = 11.05
2026-06-26 12:28:00,615 DEBUG matplotlib.font_manager: findfont: score(<Font 'STIXSizeFourSym' (STIXSizFourSymBol.ttf) normal normal 700 normal>) = 10.335
2026-06-26 12:28:00,615 DEBUG matplotlib.font_manager: findfont: score(<Font 'cmex10' (cmex10.ttf) normal normal 400 normal>) = 0.05
2026-06-26 12:28:00,615 DEBUG matplotlib.font_manager: findfont: score(<Font 'STIXSizeOneSym' (STIXSizOneSymBol.ttf) normal normal 700 normal>) = 10.335
2026-06-26 12:28:00,615 DEBUG matplotlib.font_manager: findfont: score(<Font 'DejaVu Sans' (DejaVuSans.ttf) normal normal 400 normal>) = 10.05
2026-06-26 12:28:00,615 DEBUG matplotlib.font_manager: findfont: score(<Font 'cmsy10' (cmsy10.ttf) normal normal 400 normal>) = 10.05
2026-06-26 12:28:00,615 DEBUG matplotlib.font_manager: findfont: score(<Font 'DejaVu Sans Mono' (DejaVuSansMono.ttf) normal normal 400 normal>) = 10.05
2026-06-26 12:28:00,615 DEBUG matplotlib.font_manager: findfont: score(<Font 'STIXSizeTwoSym' (STIXSizTwoSymReg.ttf) normal normal 400 normal>) = 10.05
2026-06-26 12:28:00,615 DEBUG matplotlib.font_manager: findfont: score(<Font 'cmtt10' (cmtt10.ttf) normal normal 400 normal>) = 10.05
2026-06-26 12:28:00,615 DEBUG matplotlib.font_manager: findfont: score(<Font 'STIXSizeThreeSym' (STIXSizThreeSymBol.ttf) normal normal 700 normal>) = 10.335
2026-06-26 12:28:00,615 DEBUG matplotlib.font_manager: findfont: score(<Font 'DejaVu Sans Mono' (DejaVuSansMono-Bold.ttf) normal normal 700 normal>) = 10.335
2026-06-26 12:28:00,615 DEBUG matplotlib.font_manager: findfont: score(<Font 'STIXSizeOneSym' (STIXSizOneSymReg.ttf) normal normal 400 normal>) = 10.05
2026-06-26 12:28:00,615 DEBUG matplotlib.font_manager: findfont: score(<Font 'cmb10' (cmb10.ttf) normal normal 400 normal>) = 10.05
2026-06-26 12:28:00,615 DEBUG matplotlib.font_manager: findfont: score(<Font 'STIXGeneral' (STIXGeneralItalic.ttf) italic normal 400 normal>) = 11.05
2026-06-26 12:28:00,615 DEBUG matplotlib.font_manager: findfont: score(<Font 'DejaVu Serif Display' (DejaVuSerifDisplay.ttf) normal normal 400 normal>) = 10.05
2026-06-26 12:28:00,615 DEBUG matplotlib.font_manager: findfont: score(<Font 'STIXSizeFourSym' (STIXSizFourSymReg.ttf) normal normal 400 normal>) = 10.05
2026-06-26 12:28:00,615 DEBUG matplotlib.font_manager: findfont: score(<Font 'STIXGeneral' (STIXGeneralBolIta.ttf) italic normal 700 normal>) = 11.335
2026-06-26 12:28:00,615 DEBUG matplotlib.font_manager: findfont: score(<Font 'STIXGeneral' (STIXGeneral.ttf) normal normal 400 normal>) = 10.05
2026-06-26 12:28:00,615 DEBUG matplotlib.font_manager: findfont: score(<Font 'cmss10' (cmss10.ttf) normal normal 400 normal>) = 10.05
2026-06-26 12:28:00,615 DEBUG matplotlib.font_manager: findfont: score(<Font 'DejaVu Serif' (DejaVuSerif.ttf) normal normal 400 normal>) = 10.05
2026-06-26 12:28:00,615 DEBUG matplotlib.font_manager: findfont: score(<Font 'STIXNonUnicode' (STIXNonUniBolIta.ttf) italic normal 700 normal>) = 11.335
2026-06-26 12:28:00,615 DEBUG matplotlib.font_manager: findfont: score(<Font 'STIXGeneral' (STIXGeneralBol.ttf) normal normal 700 normal>) = 10.335
2026-06-26 12:28:00,615 DEBUG matplotlib.font_manager: findfont: score(<Font 'cmr10' (cmr10.ttf) normal normal 400 normal>) = 10.05
2026-06-26 12:28:00,615 DEBUG matplotlib.font_manager: findfont: score(<Font 'DejaVu Sans' (DejaVuSans.ttf) normal normal 400 normal>) = 10.05
2026-06-26 12:28:00,615 DEBUG matplotlib.font_manager: findfont: score(<Font 'DejaVu Serif' (DejaVuSerif.ttf) normal normal 400 normal>) = 10.05
2026-06-26 12:28:00,615 DEBUG matplotlib.font_manager: findfont: score(<Font 'DejaVu Sans' (DejaVuSans-Bold.ttf) normal normal 700 normal>) = 10.335
2026-06-26 12:28:00,615 DEBUG matplotlib.font_manager: findfont: score(<Font 'DejaVu Sans Mono' (DejaVuSansMono.ttf) normal normal 400 normal>) = 10.05
2026-06-26 12:28:00,615 DEBUG matplotlib.font_manager: findfont: score(<Font 'DejaVu Sans Mono' (DejaVuSansMono-Bold.ttf) normal normal 700 normal>) = 10.335
2026-06-26 12:28:00,615 DEBUG matplotlib.font_manager: findfont: score(<Font 'DejaVu Serif' (DejaVuSerif-Bold.ttf) normal normal 700 normal>) = 10.335
2026-06-26 12:28:00,615 DEBUG matplotlib.font_manager: findfont: Matching cmex10:style=normal:variant=normal:weight=normal:stretch=normal:size=10.0 to cmex10 ('/tmp/_MEIIvbjfv/matplotlib/mpl-data/fonts/ttf/cmex10.ttf') with score of 0.050000.
2026-06-26 12:28:00,616 DEBUG matplotlib.font_manager: findfont: Matching DejaVu Sans:style=normal:variant=normal:weight=normal:stretch=normal:size=10.0.
2026-06-26 12:28:00,616 DEBUG matplotlib.font_manager: findfont: score(<Font 'STIXSizeThreeSym' (STIXSizThreeSymReg.ttf) normal normal 400 normal>) = 10.05
2026-06-26 12:28:00,616 DEBUG matplotlib.font_manager: findfont: score(<Font 'DejaVu Sans' (DejaVuSans-BoldOblique.ttf) oblique normal 700 normal>) = 1.335
2026-06-26 12:28:00,616 DEBUG matplotlib.font_manager: findfont: score(<Font 'DejaVu Sans Mono' (DejaVuSansMono-Oblique.ttf) oblique normal 400 normal>) = 11.05
2026-06-26 12:28:00,616 DEBUG matplotlib.font_manager: findfont: score(<Font 'DejaVu Serif' (DejaVuSerif-Bold.ttf) normal normal 700 normal>) = 10.335
2026-06-26 12:28:00,616 DEBUG matplotlib.font_manager: findfont: score(<Font 'STIXSizeFiveSym' (STIXSizFiveSymReg.ttf) normal normal 400 normal>) = 10.05
2026-06-26 12:28:00,616 DEBUG matplotlib.font_manager: findfont: score(<Font 'cmmi10' (cmmi10.ttf) normal normal 400 normal>) = 10.05
2026-06-26 12:28:00,616 DEBUG matplotlib.font_manager: findfont: score(<Font 'STIXNonUnicode' (STIXNonUni.ttf) normal normal 400 normal>) = 10.05
2026-06-26 12:28:00,616 DEBUG matplotlib.font_manager: findfont: score(<Font 'DejaVu Sans Mono' (DejaVuSansMono-BoldOblique.ttf) oblique normal 700 normal>) = 11.335
2026-06-26 12:28:00,616 DEBUG matplotlib.font_manager: findfont: score(<Font 'STIXNonUnicode' (STIXNonUniBol.ttf) normal normal 700 normal>) = 10.335
2026-06-26 12:28:00,616 DEBUG matplotlib.font_manager: findfont: score(<Font 'DejaVu Sans Display' (DejaVuSansDisplay.ttf) normal normal 400 normal>) = 10.05
2026-06-26 12:28:00,616 DEBUG matplotlib.font_manager: findfont: score(<Font 'STIXSizeTwoSym' (STIXSizTwoSymBol.ttf) normal normal 700 normal>) = 10.335
2026-06-26 12:28:00,616 DEBUG matplotlib.font_manager: findfont: score(<Font 'DejaVu Serif' (DejaVuSerif-Italic.ttf) italic normal 400 normal>) = 11.05
2026-06-26 12:28:00,616 DEBUG matplotlib.font_manager: findfont: score(<Font 'DejaVu Sans' (DejaVuSans-Bold.ttf) normal normal 700 normal>) = 0.33499999999999996
2026-06-26 12:28:00,616 DEBUG matplotlib.font_manager: findfont: score(<Font 'DejaVu Sans' (DejaVuSans-Oblique.ttf) oblique normal 400 normal>) = 1.05
2026-06-26 12:28:00,616 DEBUG matplotlib.font_manager: findfont: score(<Font 'DejaVu Serif' (DejaVuSerif-BoldItalic.ttf) italic normal 700 normal>) = 11.335
2026-06-26 12:28:00,616 DEBUG matplotlib.font_manager: findfont: score(<Font 'STIXNonUnicode' (STIXNonUniIta.ttf) italic normal 400 normal>) = 11.05
2026-06-26 12:28:00,616 DEBUG matplotlib.font_manager: findfont: score(<Font 'STIXSizeFourSym' (STIXSizFourSymBol.ttf) normal normal 700 normal>) = 10.335
2026-06-26 12:28:00,616 DEBUG matplotlib.font_manager: findfont: score(<Font 'cmex10' (cmex10.ttf) normal normal 400 normal>) = 10.05
2026-06-26 12:28:00,616 DEBUG matplotlib.font_manager: findfont: score(<Font 'STIXSizeOneSym' (STIXSizOneSymBol.ttf) normal normal 700 normal>) = 10.335
2026-06-26 12:28:00,616 DEBUG matplotlib.font_manager: findfont: score(<Font 'DejaVu Sans' (DejaVuSans.ttf) normal normal 400 normal>) = 0.05
2026-06-26 12:28:00,616 DEBUG matplotlib.font_manager: findfont: score(<Font 'cmsy10' (cmsy10.ttf) normal normal 400 normal>) = 10.05
2026-06-26 12:28:00,616 DEBUG matplotlib.font_manager: findfont: score(<Font 'DejaVu Sans Mono' (DejaVuSansMono.ttf) normal normal 400 normal>) = 10.05
2026-06-26 12:28:00,616 DEBUG matplotlib.font_manager: findfont: score(<Font 'STIXSizeTwoSym' (STIXSizTwoSymReg.ttf) normal normal 400 normal>) = 10.05
2026-06-26 12:28:00,617 DEBUG matplotlib.font_manager: findfont: score(<Font 'cmtt10' (cmtt10.ttf) normal normal 400 normal>) = 10.05
2026-06-26 12:28:00,617 DEBUG matplotlib.font_manager: findfont: score(<Font 'STIXSizeThreeSym' (STIXSizThreeSymBol.ttf) normal normal 700 normal>) = 10.335
2026-06-26 12:28:00,617 DEBUG matplotlib.font_manager: findfont: score(<Font 'DejaVu Sans Mono' (DejaVuSansMono-Bold.ttf) normal normal 700 normal>) = 10.335
2026-06-26 12:28:00,617 DEBUG matplotlib.font_manager: findfont: score(<Font 'STIXSizeOneSym' (STIXSizOneSymReg.ttf) normal normal 400 normal>) = 10.05
2026-06-26 12:28:00,617 DEBUG matplotlib.font_manager: findfont: score(<Font 'cmb10' (cmb10.ttf) normal normal 400 normal>) = 10.05
2026-06-26 12:28:00,617 DEBUG matplotlib.font_manager: findfont: score(<Font 'STIXGeneral' (STIXGeneralItalic.ttf) italic normal 400 normal>) = 11.05
2026-06-26 12:28:00,617 DEBUG matplotlib.font_manager: findfont: score(<Font 'DejaVu Serif Display' (DejaVuSerifDisplay.ttf) normal normal 400 normal>) = 10.05
2026-06-26 12:28:00,617 DEBUG matplotlib.font_manager: findfont: score(<Font 'STIXSizeFourSym' (STIXSizFourSymReg.ttf) normal normal 400 normal>) = 10.05
2026-06-26 12:28:00,617 DEBUG matplotlib.font_manager: findfont: score(<Font 'STIXGeneral' (STIXGeneralBolIta.ttf) italic normal 700 normal>) = 11.335
2026-06-26 12:28:00,617 DEBUG matplotlib.font_manager: findfont: score(<Font 'STIXGeneral' (STIXGeneral.ttf) normal normal 400 normal>) = 10.05
2026-06-26 12:28:00,617 DEBUG matplotlib.font_manager: findfont: score(<Font 'cmss10' (cmss10.ttf) normal normal 400 normal>) = 10.05
2026-06-26 12:28:00,617 DEBUG matplotlib.font_manager: findfont: score(<Font 'DejaVu Serif' (DejaVuSerif.ttf) normal normal 400 normal>) = 10.05
2026-06-26 12:28:00,617 DEBUG matplotlib.font_manager: findfont: score(<Font 'STIXNonUnicode' (STIXNonUniBolIta.ttf) italic normal 700 normal>) = 11.335
2026-06-26 12:28:00,617 DEBUG matplotlib.font_manager: findfont: score(<Font 'STIXGeneral' (STIXGeneralBol.ttf) normal normal 700 normal>) = 10.335
2026-06-26 12:28:00,617 DEBUG matplotlib.font_manager: findfont: score(<Font 'cmr10' (cmr10.ttf) normal normal 400 normal>) = 10.05
2026-06-26 12:28:00,617 DEBUG matplotlib.font_manager: findfont: score(<Font 'DejaVu Sans' (DejaVuSans.ttf) normal normal 400 normal>) = 0.05
2026-06-26 12:28:00,617 DEBUG matplotlib.font_manager: findfont: score(<Font 'DejaVu Serif' (DejaVuSerif.ttf) normal normal 400 normal>) = 10.05
2026-06-26 12:28:00,617 DEBUG matplotlib.font_manager: findfont: score(<Font 'DejaVu Sans' (DejaVuSans-Bold.ttf) normal normal 700 normal>) = 0.33499999999999996
2026-06-26 12:28:00,617 DEBUG matplotlib.font_manager: findfont: score(<Font 'DejaVu Sans Mono' (DejaVuSansMono.ttf) normal normal 400 normal>) = 10.05
2026-06-26 12:28:00,617 DEBUG matplotlib.font_manager: findfont: score(<Font 'DejaVu Sans Mono' (DejaVuSansMono-Bold.ttf) normal normal 700 normal>) = 10.335
2026-06-26 12:28:00,617 DEBUG matplotlib.font_manager: findfont: score(<Font 'DejaVu Serif' (DejaVuSerif-Bold.ttf) normal normal 700 normal>) = 10.335
2026-06-26 12:28:00,617 DEBUG matplotlib.font_manager: findfont: Matching DejaVu Sans:style=normal:variant=normal:weight=normal:stretch=normal:size=10.0 to DejaVu Sans ('/tmp/_MEIIvbjfv/matplotlib/mpl-data/fonts/ttf/DejaVuSans.ttf') with score of 0.050000.
2026-06-26 12:28:00,617 DEBUG matplotlib.font_manager: findfont: Matching DejaVu Sans:style=italic:variant=normal:weight=normal:stretch=normal:size=10.0.
2026-06-26 12:28:00,617 DEBUG matplotlib.font_manager: findfont: score(<Font 'STIXSizeThreeSym' (STIXSizThreeSymReg.ttf) normal normal 400 normal>) = 11.05
2026-06-26 12:28:00,618 DEBUG matplotlib.font_manager: findfont: score(<Font 'DejaVu Sans' (DejaVuSans-BoldOblique.ttf) oblique normal 700 normal>) = 0.43499999999999994
2026-06-26 12:28:00,618 DEBUG matplotlib.font_manager: findfont: score(<Font 'DejaVu Sans Mono' (DejaVuSansMono-Oblique.ttf) oblique normal 400 normal>) = 10.15
2026-06-26 12:28:00,618 DEBUG matplotlib.font_manager: findfont: score(<Font 'DejaVu Serif' (DejaVuSerif-Bold.ttf) normal normal 700 normal>) = 11.335
2026-06-26 12:28:00,618 DEBUG matplotlib.font_manager: findfont: score(<Font 'STIXSizeFiveSym' (STIXSizFiveSymReg.ttf) normal normal 400 normal>) = 11.05
2026-06-26 12:28:00,618 DEBUG matplotlib.font_manager: findfont: score(<Font 'cmmi10' (cmmi10.ttf) normal normal 400 normal>) = 11.05
2026-06-26 12:28:00,618 DEBUG matplotlib.font_manager: findfont: score(<Font 'STIXNonUnicode' (STIXNonUni.ttf) normal normal 400 normal>) = 11.05
2026-06-26 12:28:00,618 DEBUG matplotlib.font_manager: findfont: score(<Font 'DejaVu Sans Mono' (DejaVuSansMono-BoldOblique.ttf) oblique normal 700 normal>) = 10.434999999999999
2026-06-26 12:28:00,618 DEBUG matplotlib.font_manager: findfont: score(<Font 'STIXNonUnicode' (STIXNonUniBol.ttf) normal normal 700 normal>) = 11.335
2026-06-26 12:28:00,618 DEBUG matplotlib.font_manager: findfont: score(<Font 'DejaVu Sans Display' (DejaVuSansDisplay.ttf) normal normal 400 normal>) = 11.05
2026-06-26 12:28:00,618 DEBUG matplotlib.font_manager: findfont: score(<Font 'STIXSizeTwoSym' (STIXSizTwoSymBol.ttf) normal normal 700 normal>) = 11.335
2026-06-26 12:28:00,618 DEBUG matplotlib.font_manager: findfont: score(<Font 'DejaVu Serif' (DejaVuSerif-Italic.ttf) italic normal 400 normal>) = 10.05
2026-06-26 12:28:00,618 DEBUG matplotlib.font_manager: findfont: score(<Font 'DejaVu Sans' (DejaVuSans-Bold.ttf) normal normal 700 normal>) = 1.335
2026-06-26 12:28:00,618 DEBUG matplotlib.font_manager: findfont: score(<Font 'DejaVu Sans' (DejaVuSans-Oblique.ttf) oblique normal 400 normal>) = 0.15000000000000002
2026-06-26 12:28:00,618 DEBUG matplotlib.font_manager: findfont: score(<Font 'DejaVu Serif' (DejaVuSerif-BoldItalic.ttf) italic normal 700 normal>) = 10.335
2026-06-26 12:28:00,618 DEBUG matplotlib.font_manager: findfont: score(<Font 'STIXNonUnicode' (STIXNonUniIta.ttf) italic normal 400 normal>) = 10.05
2026-06-26 12:28:00,618 DEBUG matplotlib.font_manager: findfont: score(<Font 'STIXSizeFourSym' (STIXSizFourSymBol.ttf) normal normal 700 normal>) = 11.335
2026-06-26 12:28:00,618 DEBUG matplotlib.font_manager: findfont: score(<Font 'cmex10' (cmex10.ttf) normal normal 400 normal>) = 11.05
2026-06-26 12:28:00,618 DEBUG matplotlib.font_manager: findfont: score(<Font 'STIXSizeOneSym' (STIXSizOneSymBol.ttf) normal normal 700 normal>) = 11.335
2026-06-26 12:28:00,618 DEBUG matplotlib.font_manager: findfont: score(<Font 'DejaVu Sans' (DejaVuSans.ttf) normal normal 400 normal>) = 1.05
2026-06-26 12:28:00,618 DEBUG matplotlib.font_manager: findfont: score(<Font 'cmsy10' (cmsy10.ttf) normal normal 400 normal>) = 11.05
2026-06-26 12:28:00,618 DEBUG matplotlib.font_manager: findfont: score(<Font 'DejaVu Sans Mono' (DejaVuSansMono.ttf) normal normal 400 normal>) = 11.05
2026-06-26 12:28:00,618 DEBUG matplotlib.font_manager: findfont: score(<Font 'STIXSizeTwoSym' (STIXSizTwoSymReg.ttf) normal normal 400 normal>) = 11.05
2026-06-26 12:28:00,618 DEBUG matplotlib.font_manager: findfont: score(<Font 'cmtt10' (cmtt10.ttf) normal normal 400 normal>) = 11.05
2026-06-26 12:28:00,618 DEBUG matplotlib.font_manager: findfont: score(<Font 'STIXSizeThreeSym' (STIXSizThreeSymBol.ttf) normal normal 700 normal>) = 11.335
2026-06-26 12:28:00,618 DEBUG matplotlib.font_manager: findfont: score(<Font 'DejaVu Sans Mono' (DejaVuSansMono-Bold.ttf) normal normal 700 normal>) = 11.335
2026-06-26 12:28:00,618 DEBUG matplotlib.font_manager: findfont: score(<Font 'STIXSizeOneSym' (STIXSizOneSymReg.ttf) normal normal 400 normal>) = 11.05
2026-06-26 12:28:00,618 DEBUG matplotlib.font_manager: findfont: score(<Font 'cmb10' (cmb10.ttf) normal normal 400 normal>) = 11.05
2026-06-26 12:28:00,618 DEBUG matplotlib.font_manager: findfont: score(<Font 'STIXGeneral' (STIXGeneralItalic.ttf) italic normal 400 normal>) = 10.05
2026-06-26 12:28:00,618 DEBUG matplotlib.font_manager: findfont: score(<Font 'DejaVu Serif Display' (DejaVuSerifDisplay.ttf) normal normal 400 normal>) = 11.05
2026-06-26 12:28:00,618 DEBUG matplotlib.font_manager: findfont: score(<Font 'STIXSizeFourSym' (STIXSizFourSymReg.ttf) normal normal 400 normal>) = 11.05
2026-06-26 12:28:00,618 DEBUG matplotlib.font_manager: findfont: score(<Font 'STIXGeneral' (STIXGeneralBolIta.ttf) italic normal 700 normal>) = 10.335
2026-06-26 12:28:00,618 DEBUG matplotlib.font_manager: findfont: score(<Font 'STIXGeneral' (STIXGeneral.ttf) normal normal 400 normal>) = 11.05
2026-06-26 12:28:00,618 DEBUG matplotlib.font_manager: findfont: score(<Font 'cmss10' (cmss10.ttf) normal normal 400 normal>) = 11.05
2026-06-26 12:28:00,618 DEBUG matplotlib.font_manager: findfont: score(<Font 'DejaVu Serif' (DejaVuSerif.ttf) normal normal 400 normal>) = 11.05
2026-06-26 12:28:00,618 DEBUG matplotlib.font_manager: findfont: score(<Font 'STIXNonUnicode' (STIXNonUniBolIta.ttf) italic normal 700 normal>) = 10.335
2026-06-26 12:28:00,619 DEBUG matplotlib.font_manager: findfont: score(<Font 'STIXGeneral' (STIXGeneralBol.ttf) normal normal 700 normal>) = 11.335
2026-06-26 12:28:00,619 DEBUG matplotlib.font_manager: findfont: score(<Font 'cmr10' (cmr10.ttf) normal normal 400 normal>) = 11.05
2026-06-26 12:28:00,619 DEBUG matplotlib.font_manager: findfont: score(<Font 'DejaVu Sans' (DejaVuSans.ttf) normal normal 400 normal>) = 1.05
2026-06-26 12:28:00,619 DEBUG matplotlib.font_manager: findfont: score(<Font 'DejaVu Serif' (DejaVuSerif.ttf) normal normal 400 normal>) = 11.05
2026-06-26 12:28:00,619 DEBUG matplotlib.font_manager: findfont: score(<Font 'DejaVu Sans' (DejaVuSans-Bold.ttf) normal normal 700 normal>) = 1.335
2026-06-26 12:28:00,619 DEBUG matplotlib.font_manager: findfont: score(<Font 'DejaVu Sans Mono' (DejaVuSansMono.ttf) normal normal 400 normal>) = 11.05
2026-06-26 12:28:00,619 DEBUG matplotlib.font_manager: findfont: score(<Font 'DejaVu Sans Mono' (DejaVuSansMono-Bold.ttf) normal normal 700 normal>) = 11.335
2026-06-26 12:28:00,619 DEBUG matplotlib.font_manager: findfont: score(<Font 'DejaVu Serif' (DejaVuSerif-Bold.ttf) normal normal 700 normal>) = 11.335
2026-06-26 12:28:00,619 DEBUG matplotlib.font_manager: findfont: Matching DejaVu Sans:style=italic:variant=normal:weight=normal:stretch=normal:size=10.0 to DejaVu Sans ('/tmp/_MEIIvbjfv/matplotlib/mpl-data/fonts/ttf/DejaVuSans-Oblique.ttf') with score of 0.150000.
2026-06-26 12:28:00,619 DEBUG matplotlib.font_manager: findfont: Matching DejaVu Sans:style=normal:variant=normal:weight=bold:stretch=normal:size=10.0.
2026-06-26 12:28:00,619 DEBUG matplotlib.font_manager: findfont: score(<Font 'STIXSizeThreeSym' (STIXSizThreeSymReg.ttf) normal normal 400 normal>) = 10.335
2026-06-26 12:28:00,619 DEBUG matplotlib.font_manager: findfont: score(<Font 'DejaVu Sans' (DejaVuSans-BoldOblique.ttf) oblique normal 700 normal>) = 1.05
2026-06-26 12:28:00,619 DEBUG matplotlib.font_manager: findfont: score(<Font 'DejaVu Sans Mono' (DejaVuSansMono-Oblique.ttf) oblique normal 400 normal>) = 11.335
2026-06-26 12:28:00,619 DEBUG matplotlib.font_manager: findfont: score(<Font 'DejaVu Serif' (DejaVuSerif-Bold.ttf) normal normal 700 normal>) = 10.05
2026-06-26 12:28:00,619 DEBUG matplotlib.font_manager: findfont: score(<Font 'STIXSizeFiveSym' (STIXSizFiveSymReg.ttf) normal normal 400 normal>) = 10.335
2026-06-26 12:28:00,619 DEBUG matplotlib.font_manager: findfont: score(<Font 'cmmi10' (cmmi10.ttf) normal normal 400 normal>) = 10.335
2026-06-26 12:28:00,619 DEBUG matplotlib.font_manager: findfont: score(<Font 'STIXNonUnicode' (STIXNonUni.ttf) normal normal 400 normal>) = 10.335
2026-06-26 12:28:00,619 DEBUG matplotlib.font_manager: findfont: score(<Font 'DejaVu Sans Mono' (DejaVuSansMono-BoldOblique.ttf) oblique normal 700 normal>) = 11.05
2026-06-26 12:28:00,619 DEBUG matplotlib.font_manager: findfont: score(<Font 'STIXNonUnicode' (STIXNonUniBol.ttf) normal normal 700 normal>) = 10.05
2026-06-26 12:28:00,619 DEBUG matplotlib.font_manager: findfont: score(<Font 'DejaVu Sans Display' (DejaVuSansDisplay.ttf) normal normal 400 normal>) = 10.335
2026-06-26 12:28:00,619 DEBUG matplotlib.font_manager: findfont: score(<Font 'STIXSizeTwoSym' (STIXSizTwoSymBol.ttf) normal normal 700 normal>) = 10.05
2026-06-26 12:28:00,620 DEBUG matplotlib.font_manager: findfont: score(<Font 'DejaVu Serif' (DejaVuSerif-Italic.ttf) italic normal 400 normal>) = 11.335
2026-06-26 12:28:00,620 DEBUG matplotlib.font_manager: findfont: score(<Font 'DejaVu Sans' (DejaVuSans-Bold.ttf) normal normal 700 normal>) = 0.05
2026-06-26 12:28:00,620 DEBUG matplotlib.font_manager: findfont: score(<Font 'DejaVu Sans' (DejaVuSans-Oblique.ttf) oblique normal 400 normal>) = 1.335
2026-06-26 12:28:00,620 DEBUG matplotlib.font_manager: findfont: score(<Font 'DejaVu Serif' (DejaVuSerif-BoldItalic.ttf) italic normal 700 normal>) = 11.05
2026-06-26 12:28:00,620 DEBUG matplotlib.font_manager: findfont: score(<Font 'STIXNonUnicode' (STIXNonUniIta.ttf) italic normal 400 normal>) = 11.335
2026-06-26 12:28:00,620 DEBUG matplotlib.font_manager: findfont: score(<Font 'STIXSizeFourSym' (STIXSizFourSymBol.ttf) normal normal 700 normal>) = 10.05
2026-06-26 12:28:00,620 DEBUG matplotlib.font_manager: findfont: score(<Font 'cmex10' (cmex10.ttf) normal normal 400 normal>) = 10.335
2026-06-26 12:28:00,620 DEBUG matplotlib.font_manager: findfont: score(<Font 'STIXSizeOneSym' (STIXSizOneSymBol.ttf) normal normal 700 normal>) = 10.05
2026-06-26 12:28:00,620 DEBUG matplotlib.font_manager: findfont: score(<Font 'DejaVu Sans' (DejaVuSans.ttf) normal normal 400 normal>) = 0.33499999999999996
2026-06-26 12:28:00,620 DEBUG matplotlib.font_manager: findfont: score(<Font 'cmsy10' (cmsy10.ttf) normal normal 400 normal>) = 10.335
2026-06-26 12:28:00,620 DEBUG matplotlib.font_manager: findfont: score(<Font 'DejaVu Sans Mono' (DejaVuSansMono.ttf) normal normal 400 normal>) = 10.335
2026-06-26 12:28:00,620 DEBUG matplotlib.font_manager: findfont: score(<Font 'STIXSizeTwoSym' (STIXSizTwoSymReg.ttf) normal normal 400 normal>) = 10.335
2026-06-26 12:28:00,620 DEBUG matplotlib.font_manager: findfont: score(<Font 'cmtt10' (cmtt10.ttf) normal normal 400 normal>) = 10.335
2026-06-26 12:28:00,620 DEBUG matplotlib.font_manager: findfont: score(<Font 'STIXSizeThreeSym' (STIXSizThreeSymBol.ttf) normal normal 700 normal>) = 10.05
2026-06-26 12:28:00,620 DEBUG matplotlib.font_manager: findfont: score(<Font 'DejaVu Sans Mono' (DejaVuSansMono-Bold.ttf) normal normal 700 normal>) = 10.05
2026-06-26 12:28:00,620 DEBUG matplotlib.font_manager: findfont: score(<Font 'STIXSizeOneSym' (STIXSizOneSymReg.ttf) normal normal 400 normal>) = 10.335
2026-06-26 12:28:00,620 DEBUG matplotlib.font_manager: findfont: score(<Font 'cmb10' (cmb10.ttf) normal normal 400 normal>) = 10.335
2026-06-26 12:28:00,620 DEBUG matplotlib.font_manager: findfont: score(<Font 'STIXGeneral' (STIXGeneralItalic.ttf) italic normal 400 normal>) = 11.335
2026-06-26 12:28:00,620 DEBUG matplotlib.font_manager: findfont: score(<Font 'DejaVu Serif Display' (DejaVuSerifDisplay.ttf) normal normal 400 normal>) = 10.335
2026-06-26 12:28:00,620 DEBUG matplotlib.font_manager: findfont: score(<Font 'STIXSizeFourSym' (STIXSizFourSymReg.ttf) normal normal 400 normal>) = 10.335
2026-06-26 12:28:00,620 DEBUG matplotlib.font_manager: findfont: score(<Font 'STIXGeneral' (STIXGeneralBolIta.ttf) italic normal 700 normal>) = 11.05
2026-06-26 12:28:00,620 DEBUG matplotlib.font_manager: findfont: score(<Font 'STIXGeneral' (STIXGeneral.ttf) normal normal 400 normal>) = 10.335
2026-06-26 12:28:00,620 DEBUG matplotlib.font_manager: findfont: score(<Font 'cmss10' (cmss10.ttf) normal normal 400 normal>) = 10.335
2026-06-26 12:28:00,620 DEBUG matplotlib.font_manager: findfont: score(<Font 'DejaVu Serif' (DejaVuSerif.ttf) normal normal 400 normal>) = 10.335
2026-06-26 12:28:00,620 DEBUG matplotlib.font_manager: findfont: score(<Font 'STIXNonUnicode' (STIXNonUniBolIta.ttf) italic normal 700 normal>) = 11.05
2026-06-26 12:28:00,620 DEBUG matplotlib.font_manager: findfont: score(<Font 'STIXGeneral' (STIXGeneralBol.ttf) normal normal 700 normal>) = 10.05
2026-06-26 12:28:00,620 DEBUG matplotlib.font_manager: findfont: score(<Font 'cmr10' (cmr10.ttf) normal normal 400 normal>) = 10.335
2026-06-26 12:28:00,620 DEBUG matplotlib.font_manager: findfont: score(<Font 'DejaVu Sans' (DejaVuSans.ttf) normal normal 400 normal>) = 0.33499999999999996
2026-06-26 12:28:00,620 DEBUG matplotlib.font_manager: findfont: score(<Font 'DejaVu Serif' (DejaVuSerif.ttf) normal normal 400 normal>) = 10.335
2026-06-26 12:28:00,620 DEBUG matplotlib.font_manager: findfont: score(<Font 'DejaVu Sans' (DejaVuSans-Bold.ttf) normal normal 700 normal>) = 0.05
2026-06-26 12:28:00,620 DEBUG matplotlib.font_manager: findfont: score(<Font 'DejaVu Sans Mono' (DejaVuSansMono.ttf) normal normal 400 normal>) = 10.335
2026-06-26 12:28:00,620 DEBUG matplotlib.font_manager: findfont: score(<Font 'DejaVu Sans Mono' (DejaVuSansMono-Bold.ttf) normal normal 700 normal>) = 10.05
2026-06-26 12:28:00,620 DEBUG matplotlib.font_manager: findfont: score(<Font 'DejaVu Serif' (DejaVuSerif-Bold.ttf) normal normal 700 normal>) = 10.05
2026-06-26 12:28:00,620 DEBUG matplotlib.font_manager: findfont: Matching DejaVu Sans:style=normal:variant=normal:weight=bold:stretch=normal:size=10.0 to DejaVu Sans ('/tmp/_MEIIvbjfv/matplotlib/mpl-data/fonts/ttf/DejaVuSans-Bold.ttf') with score of 0.050000.
2026-06-26 12:28:00,621 DEBUG matplotlib.font_manager: findfont: Matching DejaVu Sans Mono:style=normal:variant=normal:weight=normal:stretch=normal:size=10.0.
2026-06-26 12:28:00,621 DEBUG matplotlib.font_manager: findfont: score(<Font 'STIXSizeThreeSym' (STIXSizThreeSymReg.ttf) normal normal 400 normal>) = 10.05
2026-06-26 12:28:00,621 DEBUG matplotlib.font_manager: findfont: score(<Font 'DejaVu Sans' (DejaVuSans-BoldOblique.ttf) oblique normal 700 normal>) = 11.335
2026-06-26 12:28:00,621 DEBUG matplotlib.font_manager: findfont: score(<Font 'DejaVu Sans Mono' (DejaVuSansMono-Oblique.ttf) oblique normal 400 normal>) = 1.05
2026-06-26 12:28:00,621 DEBUG matplotlib.font_manager: findfont: score(<Font 'DejaVu Serif' (DejaVuSerif-Bold.ttf) normal normal 700 normal>) = 10.335
2026-06-26 12:28:00,621 DEBUG matplotlib.font_manager: findfont: score(<Font 'STIXSizeFiveSym' (STIXSizFiveSymReg.ttf) normal normal 400 normal>) = 10.05
2026-06-26 12:28:00,621 DEBUG matplotlib.font_manager: findfont: score(<Font 'cmmi10' (cmmi10.ttf) normal normal 400 normal>) = 10.05
2026-06-26 12:28:00,621 DEBUG matplotlib.font_manager: findfont: score(<Font 'STIXNonUnicode' (STIXNonUni.ttf) normal normal 400 normal>) = 10.05
2026-06-26 12:28:00,621 DEBUG matplotlib.font_manager: findfont: score(<Font 'DejaVu Sans Mono' (DejaVuSansMono-BoldOblique.ttf) oblique normal 700 normal>) = 1.335
2026-06-26 12:28:00,621 DEBUG matplotlib.font_manager: findfont: score(<Font 'STIXNonUnicode' (STIXNonUniBol.ttf) normal normal 700 normal>) = 10.335
2026-06-26 12:28:00,621 DEBUG matplotlib.font_manager: findfont: score(<Font 'DejaVu Sans Display' (DejaVuSansDisplay.ttf) normal normal 400 normal>) = 10.05
2026-06-26 12:28:00,621 DEBUG matplotlib.font_manager: findfont: score(<Font 'STIXSizeTwoSym' (STIXSizTwoSymBol.ttf) normal normal 700 normal>) = 10.335
2026-06-26 12:28:00,621 DEBUG matplotlib.font_manager: findfont: score(<Font 'DejaVu Serif' (DejaVuSerif-Italic.ttf) italic normal 400 normal>) = 11.05
2026-06-26 12:28:00,621 DEBUG matplotlib.font_manager: findfont: score(<Font 'DejaVu Sans' (DejaVuSans-Bold.ttf) normal normal 700 normal>) = 10.335
2026-06-26 12:28:00,621 DEBUG matplotlib.font_manager: findfont: score(<Font 'DejaVu Sans' (DejaVuSans-Oblique.ttf) oblique normal 400 normal>) = 11.05
2026-06-26 12:28:00,621 DEBUG matplotlib.font_manager: findfont: score(<Font 'DejaVu Serif' (DejaVuSerif-BoldItalic.ttf) italic normal 700 normal>) = 11.335
2026-06-26 12:28:00,621 DEBUG matplotlib.font_manager: findfont: score(<Font 'STIXNonUnicode' (STIXNonUniIta.ttf) italic normal 400 normal>) = 11.05
2026-06-26 12:28:00,621 DEBUG matplotlib.font_manager: findfont: score(<Font 'STIXSizeFourSym' (STIXSizFourSymBol.ttf) normal normal 700 normal>) = 10.335
2026-06-26 12:28:00,621 DEBUG matplotlib.font_manager: findfont: score(<Font 'cmex10' (cmex10.ttf) normal normal 400 normal>) = 10.05
2026-06-26 12:28:00,621 DEBUG matplotlib.font_manager: findfont: score(<Font 'STIXSizeOneSym' (STIXSizOneSymBol.ttf) normal normal 700 normal>) = 10.335
2026-06-26 12:28:00,621 DEBUG matplotlib.font_manager: findfont: score(<Font 'DejaVu Sans' (DejaVuSans.ttf) normal normal 400 normal>) = 10.05
2026-06-26 12:28:00,621 DEBUG matplotlib.font_manager: findfont: score(<Font 'cmsy10' (cmsy10.ttf) normal normal 400 normal>) = 10.05
2026-06-26 12:28:00,621 DEBUG matplotlib.font_manager: findfont: score(<Font 'DejaVu Sans Mono' (DejaVuSansMono.ttf) normal normal 400 normal>) = 0.05
2026-06-26 12:28:00,621 DEBUG matplotlib.font_manager: findfont: score(<Font 'STIXSizeTwoSym' (STIXSizTwoSymReg.ttf) normal normal 400 normal>) = 10.05
2026-06-26 12:28:00,621 DEBUG matplotlib.font_manager: findfont: score(<Font 'cmtt10' (cmtt10.ttf) normal normal 400 normal>) = 10.05
2026-06-26 12:28:00,622 DEBUG matplotlib.font_manager: findfont: score(<Font 'STIXSizeThreeSym' (STIXSizThreeSymBol.ttf) normal normal 700 normal>) = 10.335
2026-06-26 12:28:00,622 DEBUG matplotlib.font_manager: findfont: score(<Font 'DejaVu Sans Mono' (DejaVuSansMono-Bold.ttf) normal normal 700 normal>) = 0.33499999999999996
2026-06-26 12:28:00,622 DEBUG matplotlib.font_manager: findfont: score(<Font 'STIXSizeOneSym' (STIXSizOneSymReg.ttf) normal normal 400 normal>) = 10.05
2026-06-26 12:28:00,622 DEBUG matplotlib.font_manager: findfont: score(<Font 'cmb10' (cmb10.ttf) normal normal 400 normal>) = 10.05
2026-06-26 12:28:00,622 DEBUG matplotlib.font_manager: findfont: score(<Font 'STIXGeneral' (STIXGeneralItalic.ttf) italic normal 400 normal>) = 11.05
2026-06-26 12:28:00,622 DEBUG matplotlib.font_manager: findfont: score(<Font 'DejaVu Serif Display' (DejaVuSerifDisplay.ttf) normal normal 400 normal>) = 10.05
2026-06-26 12:28:00,622 DEBUG matplotlib.font_manager: findfont: score(<Font 'STIXSizeFourSym' (STIXSizFourSymReg.ttf) normal normal 400 normal>) = 10.05
2026-06-26 12:28:00,622 DEBUG matplotlib.font_manager: findfont: score(<Font 'STIXGeneral' (STIXGeneralBolIta.ttf) italic normal 700 normal>) = 11.335
2026-06-26 12:28:00,622 DEBUG matplotlib.font_manager: findfont: score(<Font 'STIXGeneral' (STIXGeneral.ttf) normal normal 400 normal>) = 10.05
2026-06-26 12:28:00,622 DEBUG matplotlib.font_manager: findfont: score(<Font 'cmss10' (cmss10.ttf) normal normal 400 normal>) = 10.05
2026-06-26 12:28:00,622 DEBUG matplotlib.font_manager: findfont: score(<Font 'DejaVu Serif' (DejaVuSerif.ttf) normal normal 400 normal>) = 10.05
2026-06-26 12:28:00,622 DEBUG matplotlib.font_manager: findfont: score(<Font 'STIXNonUnicode' (STIXNonUniBolIta.ttf) italic normal 700 normal>) = 11.335
2026-06-26 12:28:00,622 DEBUG matplotlib.font_manager: findfont: score(<Font 'STIXGeneral' (STIXGeneralBol.ttf) normal normal 700 normal>) = 10.335
2026-06-26 12:28:00,622 DEBUG matplotlib.font_manager: findfont: score(<Font 'cmr10' (cmr10.ttf) normal normal 400 normal>) = 10.05
2026-06-26 12:28:00,622 DEBUG matplotlib.font_manager: findfont: score(<Font 'DejaVu Sans' (DejaVuSans.ttf) normal normal 400 normal>) = 10.05
2026-06-26 12:28:00,622 DEBUG matplotlib.font_manager: findfont: score(<Font 'DejaVu Serif' (DejaVuSerif.ttf) normal normal 400 normal>) = 10.05
2026-06-26 12:28:00,622 DEBUG matplotlib.font_manager: findfont: score(<Font 'DejaVu Sans' (DejaVuSans-Bold.ttf) normal normal 700 normal>) = 10.335
2026-06-26 12:28:00,622 DEBUG matplotlib.font_manager: findfont: score(<Font 'DejaVu Sans Mono' (DejaVuSansMono.ttf) normal normal 400 normal>) = 0.05
2026-06-26 12:28:00,622 DEBUG matplotlib.font_manager: findfont: score(<Font 'DejaVu Sans Mono' (DejaVuSansMono-Bold.ttf) normal normal 700 normal>) = 0.33499999999999996
2026-06-26 12:28:00,622 DEBUG matplotlib.font_manager: findfont: score(<Font 'DejaVu Serif' (DejaVuSerif-Bold.ttf) normal normal 700 normal>) = 10.335
2026-06-26 12:28:00,622 DEBUG matplotlib.font_manager: findfont: Matching DejaVu Sans Mono:style=normal:variant=normal:weight=normal:stretch=normal:size=10.0 to DejaVu Sans Mono ('/tmp/_MEIIvbjfv/matplotlib/mpl-data/fonts/ttf/DejaVuSansMono.ttf') with score of 0.050000.
2026-06-26 12:28:00,622 DEBUG matplotlib.font_manager: findfont: Matching DejaVu Sans Display:style=normal:variant=normal:weight=normal:stretch=normal:size=10.0.
2026-06-26 12:28:00,622 DEBUG matplotlib.font_manager: findfont: score(<Font 'STIXSizeThreeSym' (STIXSizThreeSymReg.ttf) normal normal 400 normal>) = 10.05
2026-06-26 12:28:00,622 DEBUG matplotlib.font_manager: findfont: score(<Font 'DejaVu Sans' (DejaVuSans-BoldOblique.ttf) oblique normal 700 normal>) = 11.335
2026-06-26 12:28:00,622 DEBUG matplotlib.font_manager: findfont: score(<Font 'DejaVu Sans Mono' (DejaVuSansMono-Oblique.ttf) oblique normal 400 normal>) = 11.05
2026-06-26 12:28:00,622 DEBUG matplotlib.font_manager: findfont: score(<Font 'DejaVu Serif' (DejaVuSerif-Bold.ttf) normal normal 700 normal>) = 10.335
2026-06-26 12:28:00,622 DEBUG matplotlib.font_manager: findfont: score(<Font 'STIXSizeFiveSym' (STIXSizFiveSymReg.ttf) normal normal 400 normal>) = 10.05
2026-06-26 12:28:00,623 DEBUG matplotlib.font_manager: findfont: score(<Font 'cmmi10' (cmmi10.ttf) normal normal 400 normal>) = 10.05
2026-06-26 12:28:00,623 DEBUG matplotlib.font_manager: findfont: score(<Font 'STIXNonUnicode' (STIXNonUni.ttf) normal normal 400 normal>) = 10.05
2026-06-26 12:28:00,623 DEBUG matplotlib.font_manager: findfont: score(<Font 'DejaVu Sans Mono' (DejaVuSansMono-BoldOblique.ttf) oblique normal 700 normal>) = 11.335
2026-06-26 12:28:00,623 DEBUG matplotlib.font_manager: findfont: score(<Font 'STIXNonUnicode' (STIXNonUniBol.ttf) normal normal 700 normal>) = 10.335
2026-06-26 12:28:00,623 DEBUG matplotlib.font_manager: findfont: score(<Font 'DejaVu Sans Display' (DejaVuSansDisplay.ttf) normal normal 400 normal>) = 0.05
2026-06-26 12:28:00,623 DEBUG matplotlib.font_manager: findfont: score(<Font 'STIXSizeTwoSym' (STIXSizTwoSymBol.ttf) normal normal 700 normal>) = 10.335
2026-06-26 12:28:00,623 DEBUG matplotlib.font_manager: findfont: score(<Font 'DejaVu Serif' (DejaVuSerif-Italic.ttf) italic normal 400 normal>) = 11.05
2026-06-26 12:28:00,623 DEBUG matplotlib.font_manager: findfont: score(<Font 'DejaVu Sans' (DejaVuSans-Bold.ttf) normal normal 700 normal>) = 10.335
2026-06-26 12:28:00,623 DEBUG matplotlib.font_manager: findfont: score(<Font 'DejaVu Sans' (DejaVuSans-Oblique.ttf) oblique normal 400 normal>) = 11.05
2026-06-26 12:28:00,623 DEBUG matplotlib.font_manager: findfont: score(<Font 'DejaVu Serif' (DejaVuSerif-BoldItalic.ttf) italic normal 700 normal>) = 11.335
2026-06-26 12:28:00,623 DEBUG matplotlib.font_manager: findfont: score(<Font 'STIXNonUnicode' (STIXNonUniIta.ttf) italic normal 400 normal>) = 11.05
2026-06-26 12:28:00,623 DEBUG matplotlib.font_manager: findfont: score(<Font 'STIXSizeFourSym' (STIXSizFourSymBol.ttf) normal normal 700 normal>) = 10.335
2026-06-26 12:28:00,623 DEBUG matplotlib.font_manager: findfont: score(<Font 'cmex10' (cmex10.ttf) normal normal 400 normal>) = 10.05
2026-06-26 12:28:00,623 DEBUG matplotlib.font_manager: findfont: score(<Font 'STIXSizeOneSym' (STIXSizOneSymBol.ttf) normal normal 700 normal>) = 10.335
2026-06-26 12:28:00,623 DEBUG matplotlib.font_manager: findfont: score(<Font 'DejaVu Sans' (DejaVuSans.ttf) normal normal 400 normal>) = 10.05
2026-06-26 12:28:00,623 DEBUG matplotlib.font_manager: findfont: score(<Font 'cmsy10' (cmsy10.ttf) normal normal 400 normal>) = 10.05
2026-06-26 12:28:00,623 DEBUG matplotlib.font_manager: findfont: score(<Font 'DejaVu Sans Mono' (DejaVuSansMono.ttf) normal normal 400 normal>) = 10.05
2026-06-26 12:28:00,623 DEBUG matplotlib.font_manager: findfont: score(<Font 'STIXSizeTwoSym' (STIXSizTwoSymReg.ttf) normal normal 400 normal>) = 10.05
2026-06-26 12:28:00,623 DEBUG matplotlib.font_manager: findfont: score(<Font 'cmtt10' (cmtt10.ttf) normal normal 400 normal>) = 10.05
2026-06-26 12:28:00,623 DEBUG matplotlib.font_manager: findfont: score(<Font 'STIXSizeThreeSym' (STIXSizThreeSymBol.ttf) normal normal 700 normal>) = 10.335
2026-06-26 12:28:00,623 DEBUG matplotlib.font_manager: findfont: score(<Font 'DejaVu Sans Mono' (DejaVuSansMono-Bold.ttf) normal normal 700 normal>) = 10.335
2026-06-26 12:28:00,623 DEBUG matplotlib.font_manager: findfont: score(<Font 'STIXSizeOneSym' (STIXSizOneSymReg.ttf) normal normal 400 normal>) = 10.05
2026-06-26 12:28:00,623 DEBUG matplotlib.font_manager: findfont: score(<Font 'cmb10' (cmb10.ttf) normal normal 400 normal>) = 10.05
2026-06-26 12:28:00,623 DEBUG matplotlib.font_manager: findfont: score(<Font 'STIXGeneral' (STIXGeneralItalic.ttf) italic normal 400 normal>) = 11.05
2026-06-26 12:28:00,623 DEBUG matplotlib.font_manager: findfont: score(<Font 'DejaVu Serif Display' (DejaVuSerifDisplay.ttf) normal normal 400 normal>) = 10.05
2026-06-26 12:28:00,623 DEBUG matplotlib.font_manager: findfont: score(<Font 'STIXSizeFourSym' (STIXSizFourSymReg.ttf) normal normal 400 normal>) = 10.05
2026-06-26 12:28:00,623 DEBUG matplotlib.font_manager: findfont: score(<Font 'STIXGeneral' (STIXGeneralBolIta.ttf) italic normal 700 normal>) = 11.335
2026-06-26 12:28:00,623 DEBUG matplotlib.font_manager: findfont: score(<Font 'STIXGeneral' (STIXGeneral.ttf) normal normal 400 normal>) = 10.05
2026-06-26 12:28:00,623 DEBUG matplotlib.font_manager: findfont: score(<Font 'cmss10' (cmss10.ttf) normal normal 400 normal>) = 10.05
2026-06-26 12:28:00,623 DEBUG matplotlib.font_manager: findfont: score(<Font 'DejaVu Serif' (DejaVuSerif.ttf) normal normal 400 normal>) = 10.05
2026-06-26 12:28:00,623 DEBUG matplotlib.font_manager: findfont: score(<Font 'STIXNonUnicode' (STIXNonUniBolIta.ttf) italic normal 700 normal>) = 11.335
2026-06-26 12:28:00,623 DEBUG matplotlib.font_manager: findfont: score(<Font 'STIXGeneral' (STIXGeneralBol.ttf) normal normal 700 normal>) = 10.335
2026-06-26 12:28:00,623 DEBUG matplotlib.font_manager: findfont: score(<Font 'cmr10' (cmr10.ttf) normal normal 400 normal>) = 10.05
2026-06-26 12:28:00,623 DEBUG matplotlib.font_manager: findfont: score(<Font 'DejaVu Sans' (DejaVuSans.ttf) normal normal 400 normal>) = 10.05
2026-06-26 12:28:00,624 DEBUG matplotlib.font_manager: findfont: score(<Font 'DejaVu Serif' (DejaVuSerif.ttf) normal normal 400 normal>) = 10.05
2026-06-26 12:28:00,624 DEBUG matplotlib.font_manager: findfont: score(<Font 'DejaVu Sans' (DejaVuSans-Bold.ttf) normal normal 700 normal>) = 10.335
2026-06-26 12:28:00,624 DEBUG matplotlib.font_manager: findfont: score(<Font 'DejaVu Sans Mono' (DejaVuSansMono.ttf) normal normal 400 normal>) = 10.05
2026-06-26 12:28:00,624 DEBUG matplotlib.font_manager: findfont: score(<Font 'DejaVu Sans Mono' (DejaVuSansMono-Bold.ttf) normal normal 700 normal>) = 10.335
2026-06-26 12:28:00,624 DEBUG matplotlib.font_manager: findfont: score(<Font 'DejaVu Serif' (DejaVuSerif-Bold.ttf) normal normal 700 normal>) = 10.335
2026-06-26 12:28:00,624 DEBUG matplotlib.font_manager: findfont: Matching DejaVu Sans Display:style=normal:variant=normal:weight=normal:stretch=normal:size=10.0 to DejaVu Sans Display ('/tmp/_MEIIvbjfv/matplotlib/mpl-data/fonts/ttf/DejaVuSansDisplay.ttf') with score of 0.050000.
2026-06-26 12:28:00,766 DEBUG matplotlib.ticker: vmin 1e-05 vmax 13487.104010777435
2026-06-26 12:28:00,766 DEBUG matplotlib.ticker: ticklocs array([], dtype=float64)
2026-06-26 12:28:00,769 DEBUG matplotlib.ticker: vmin 0.00044668359215096305 vmax 22387.21138568338
2026-06-26 12:28:00,769 DEBUG matplotlib.ticker: ticklocs array([2.e-05, 3.e-05, 4.e-05, 5.e-05, 6.e-05, 7.e-05, 8.e-05, 9.e-05,
       2.e-04, 3.e-04, 4.e-04, 5.e-04, 6.e-04, 7.e-04, 8.e-04, 9.e-04,
       2.e-03, 3.e-03, 4.e-03, 5.e-03, 6.e-03, 7.e-03, 8.e-03, 9.e-03,
       2.e-02, 3.e-02, 4.e-02, 5.e-02, 6.e-02, 7.e-02, 8.e-02, 9.e-02,
       2.e-01, 3.e-01, 4.e-01, 5.e-01, 6.e-01, 7.e-01, 8.e-01, 9.e-01,
       2.e+00, 3.e+00, 4.e+00, 5.e+00, 6.e+00, 7.e+00, 8.e+00, 9.e+00,
       2.e+01, 3.e+01, 4.e+01, 5.e+01, 6.e+01, 7.e+01, 8.e+01, 9.e+01,
       2.e+02, 3.e+02, 4.e+02, 5.e+02, 6.e+02, 7.e+02, 8.e+02, 9.e+02,
       2.e+03, 3.e+03, 4.e+03, 5.e+03, 6.e+03, 7.e+03, 8.e+03, 9.e+03,
       2.e+04, 3.e+04, 4.e+04, 5.e+04, 6.e+04, 7.e+04, 8.e+04, 9.e+04,
       2.e+05, 3.e+05, 4.e+05, 5.e+05, 6.e+05, 7.e+05, 8.e+05, 9.e+05,
       2.e+06, 3.e+06, 4.e+06, 5.e+06, 6.e+06, 7.e+06, 8.e+06, 9.e+06])
2026-06-26 12:28:00,872 DEBUG matplotlib.ticker: vmin 0.00044668359215096305 vmax 22387.21138568338
2026-06-26 12:28:00,872 DEBUG matplotlib.ticker: ticklocs array([2.e-05, 3.e-05, 4.e-05, 5.e-05, 6.e-05, 7.e-05, 8.e-05, 9.e-05,
       2.e-04, 3.e-04, 4.e-04, 5.e-04, 6.e-04, 7.e-04, 8.e-04, 9.e-04,
       2.e-03, 3.e-03, 4.e-03, 5.e-03, 6.e-03, 7.e-03, 8.e-03, 9.e-03,
       2.e-02, 3.e-02, 4.e-02, 5.e-02, 6.e-02, 7.e-02, 8.e-02, 9.e-02,
       2.e-01, 3.e-01, 4.e-01, 5.e-01, 6.e-01, 7.e-01, 8.e-01, 9.e-01,
       2.e+00, 3.e+00, 4.e+00, 5.e+00, 6.e+00, 7.e+00, 8.e+00, 9.e+00,
       2.e+01, 3.e+01, 4.e+01, 5.e+01, 6.e+01, 7.e+01, 8.e+01, 9.e+01,
       2.e+02, 3.e+02, 4.e+02, 5.e+02, 6.e+02, 7.e+02, 8.e+02, 9.e+02,
       2.e+03, 3.e+03, 4.e+03, 5.e+03, 6.e+03, 7.e+03, 8.e+03, 9.e+03,
       2.e+04, 3.e+04, 4.e+04, 5.e+04, 6.e+04, 7.e+04, 8.e+04, 9.e+04,
       2.e+05, 3.e+05, 4.e+05, 5.e+05, 6.e+05, 7.e+05, 8.e+05, 9.e+05,
       2.e+06, 3.e+06, 4.e+06, 5.e+06, 6.e+06, 7.e+06, 8.e+06, 9.e+06])
2026-06-26 12:28:00,968 DEBUG matplotlib.ticker: vmin 1e-05 vmax 13487.104010777435
2026-06-26 12:28:00,968 DEBUG matplotlib.ticker: ticklocs array([], dtype=float64)
2026-06-26 12:28:00,972 DEBUG matplotlib.ticker: vmin 1e-05 vmax 13487.104010777435
2026-06-26 12:28:00,972 DEBUG matplotlib.ticker: ticklocs array([], dtype=float64)
2026-06-26 12:28:00,975 DEBUG matplotlib.ticker: vmin 0.00044668359215096305 vmax 22387.21138568338
2026-06-26 12:28:00,975 DEBUG matplotlib.ticker: ticklocs array([2.e-05, 3.e-05, 4.e-05, 5.e-05, 6.e-05, 7.e-05, 8.e-05, 9.e-05,
       2.e-04, 3.e-04, 4.e-04, 5.e-04, 6.e-04, 7.e-04, 8.e-04, 9.e-04,
       2.e-03, 3.e-03, 4.e-03, 5.e-03, 6.e-03, 7.e-03, 8.e-03, 9.e-03,
       2.e-02, 3.e-02, 4.e-02, 5.e-02, 6.e-02, 7.e-02, 8.e-02, 9.e-02,
       2.e-01, 3.e-01, 4.e-01, 5.e-01, 6.e-01, 7.e-01, 8.e-01, 9.e-01,
       2.e+00, 3.e+00, 4.e+00, 5.e+00, 6.e+00, 7.e+00, 8.e+00, 9.e+00,
       2.e+01, 3.e+01, 4.e+01, 5.e+01, 6.e+01, 7.e+01, 8.e+01, 9.e+01,
       2.e+02, 3.e+02, 4.e+02, 5.e+02, 6.e+02, 7.e+02, 8.e+02, 9.e+02,
       2.e+03, 3.e+03, 4.e+03, 5.e+03, 6.e+03, 7.e+03, 8.e+03, 9.e+03,
       2.e+04, 3.e+04, 4.e+04, 5.e+04, 6.e+04, 7.e+04, 8.e+04, 9.e+04,
       2.e+05, 3.e+05, 4.e+05, 5.e+05, 6.e+05, 7.e+05, 8.e+05, 9.e+05,
       2.e+06, 3.e+06, 4.e+06, 5.e+06, 6.e+06, 7.e+06, 8.e+06, 9.e+06])
2026-06-26 12:28:00,999 DEBUG matplotlib.ticker: vmin 0.00044668359215096305 vmax 22387.21138568338
2026-06-26 12:28:00,999 DEBUG matplotlib.ticker: ticklocs array([2.e-05, 3.e-05, 4.e-05, 5.e-05, 6.e-05, 7.e-05, 8.e-05, 9.e-05,
       2.e-04, 3.e-04, 4.e-04, 5.e-04, 6.e-04, 7.e-04, 8.e-04, 9.e-04,
       2.e-03, 3.e-03, 4.e-03, 5.e-03, 6.e-03, 7.e-03, 8.e-03, 9.e-03,
       2.e-02, 3.e-02, 4.e-02, 5.e-02, 6.e-02, 7.e-02, 8.e-02, 9.e-02,
       2.e-01, 3.e-01, 4.e-01, 5.e-01, 6.e-01, 7.e-01, 8.e-01, 9.e-01,
       2.e+00, 3.e+00, 4.e+00, 5.e+00, 6.e+00, 7.e+00, 8.e+00, 9.e+00,
       2.e+01, 3.e+01, 4.e+01, 5.e+01, 6.e+01, 7.e+01, 8.e+01, 9.e+01,
       2.e+02, 3.e+02, 4.e+02, 5.e+02, 6.e+02, 7.e+02, 8.e+02, 9.e+02,
       2.e+03, 3.e+03, 4.e+03, 5.e+03, 6.e+03, 7.e+03, 8.e+03, 9.e+03,
       2.e+04, 3.e+04, 4.e+04, 5.e+04, 6.e+04, 7.e+04, 8.e+04, 9.e+04,
       2.e+05, 3.e+05, 4.e+05, 5.e+05, 6.e+05, 7.e+05, 8.e+05, 9.e+05,
       2.e+06, 3.e+06, 4.e+06, 5.e+06, 6.e+06, 7.e+06, 8.e+06, 9.e+06])
2026-06-26 12:28:01,040 INFO common.report_asm: report infomation: ##############################
Sub-module: Summary
------------------------------
Name: Total Instructions
Description: number of all instructions
Value: 2,136,604
------------------------------
Name: Compute Instructions
Description: number of compute instructions
Value: 1,905,040
------------------------------
Name: Memory Instructions
Description: number of memory instructions
Value: 231,564
------------------------------
Name: Total Cycles
Description: cycles use by kernel
Value: 3,463,808.95(Kcycles)
------------------------------
Name: Memory Access per Second
Description: memory access per second
Value: 555,351.86(MB/s)
------------------------------
Name: Average AP busy cycles
Description: Average busy cycles per AP
Value: 26,940.37
------------------------------
Name: AP busy Duty
Description: average AP busy duty of total cycles
Value: 0.00%
------------------------------
Name: Compute Instructions busy Duty
Description: Compute Instructions busy duty of total AP cycles
Value: 41.78%
##############################
Sub-module: CE Statistics
------------------------------
Name: WORKGROUPS
Description: ce send workgroup
Value: 2,056.0
------------------------------
Name: WAVES
Description: ce send waves
Value: 8,224.0
------------------------------
Name: Average Wave life cycles
Description: average life cycles per wave from start to end
Value: 2,033.19
##############################
Sub-module: ISU Statistics
------------------------------
Name: Compute Instructions Cycles Rate
Description: rate between compute instructions cycles
Value: {
    "data": {
        "MTE_4CYCLES": 4632768.0,
        "MTE_16CYCLES": 16384.0,
        "MMA_16CYCLES": 0.0,
        "MMA_32CYCLES": 0.0
    },
    "filename": "/home/ailab/maca-vendor-workspace/maca_c_opt/workspace/apply_mix_run/profile-artifacts/apply_mix_v0_baseline/mcprofiler_raw_baseline/Compute_Instructions_Cycles_Rate20260626122759555.png"
}
------------------------------
Name: DPC Computing cycles comparison
Description: Comparison on AP computing cycles
Value: {
    "data": {
        "0": 584720.0,
        "1": 584720.0,
        "2": 584720.0,
        "3": 584720.0,
        "4": 584720.0,
        "5": 543824.0,
        "6": 584720.0,
        "7": 584720.0
    },
    "filename": "/home/ailab/maca-vendor-workspace/maca_c_opt/workspace/apply_mix_run/profile-artifacts/apply_mix_v0_baseline/mcprofiler_raw_baseline/DPC_Computing_cycles_comparison20260626122759673.png"
}
------------------------------
Name: ISU stall cycles layout
Description: ISU stall cycles layout
Value: {
    "data": {
        "wsm_stall": 0.0,
        "vls_pipeline_stall": 1114581.0,
        "vls_wdata_stall": 81632.0,
        "valu_stall": 0.0
    },
    "filename": "/home/ailab/maca-vendor-workspace/maca_c_opt/workspace/apply_mix_run/profile-artifacts/apply_mix_v0_baseline/mcprofiler_raw_baseline/ISU_stall_cycles_layout20260626122759875.png"
}
------------------------------
Name: Instructions Comparison
Description: Comparison between all instructions
Value: {
    "data": {
        "MTE": 1157120.0,
        "MMA": 0.0,
        "STE": 487664.0,
        "GVM": 182732.0,
        "BSM": 0.0,
        "LDU": 48832.0,
        "MISC": 260256.0
    },
    "filename": "/home/ailab/maca-vendor-workspace/maca_c_opt/workspace/apply_mix_run/profile-artifacts/apply_mix_v0_baseline/mcprofiler_raw_baseline/Instructions_Comparison20260626122759771.png"
}
##############################
Sub-module: Memory Statistics
------------------------------
Name: Global Read Instructions
Description: Number of global read instructions in all APs
Value: 162,480
------------------------------
Name: Global Write Instructions
Description: Number of global write instructions in all APs
Value: 20,302
------------------------------
Name: Global Atomic Instructions
Description: Number of global atomic instructions in all APs
Value: 0.0
------------------------------
Name: Private Read Instructions
Description: Number of private read instructions in all APs
Value: 0
------------------------------
Name: Private Write Instructions
Description: Number of private write instructions in all APs
Value: 0
------------------------------
Name: Constant Read Instructions
Description: Number of smem instructions in all APs
Value: 48,832
------------------------------
Name: Constant Read SL1 Instructions
Description: Num of LDU instructions in all SL1s
Value: 29,876
------------------------------
Name: Constant Read L2 Instructions
Description: Num of SL1 data miss requests
Value: 1,285
------------------------------
Name: Constant SL1 Hit Rate
Description: Total LDU instructions hit rate in all SL1s
Value: 95.69%
------------------------------
Name: VL1 Read Instructions
Description: total read instructions in all VL1s
Value: 162,400
------------------------------
Name: VL1 Write Instructions
Description: total write instructions in all VL1s
Value: 20,332
------------------------------
Name: VL1 Atomic Instructions
Description: total atomic instructions in all VL1s
Value: 0.0
------------------------------
Name: VL1 Hit Rate
Description: hit rate of all instructions in all VL1s
Value: 96.53%
------------------------------
Name: L2C Read Instructions
Description: total read instructions in all L2Cs
Value: 332,823
------------------------------
Name: L2C Write Instructions
Description: total write instructions in all L2Cs
Value: 82,463
------------------------------
Name: L2C Atomic Instructions
Description: total atomic instructions in all L2Cs
Value: 0.0
------------------------------
Name: L2C Hit Rate
Description: hit rate of all instructions in all L2Cs
Value: 44.82%
------------------------------
Name: Total Atomic Instructions
Description: total atomic instructions in memory access, include global atomic and shared memory atomic
Value: 0.0
------------------------------
Name: Dnoc Read Req
Description: number of dnoc read requests
Value: 165,301.0
------------------------------
Name: Dnoc Write Req
Description: number of dnoc write requests
Value: 41,247.0
------------------------------
Name: Global Memory Read bytes
Description: bytes read from global memory
Value: 21,064,960.0byte
------------------------------
Name: Global Memory Write bytes
Description: bytes write from global memory
Value: 5,276,352.0byte
------------------------------
Name: Dnoc Read Average Latency
Description: average latency of dnoc read request
Value: 374.02
------------------------------
Name: Memory Data Flow Chart
Description: 
Value: {
    "data": {
        "vl1c": 96.52913830089967,
        "l2c": 44.8168945508439,
        "sl1": 95.6896551724138,
        "global_kernel_rd": 162480,
        "global_kernel_wr": 20302,
        "private_kernel_rd": 0,
        "private_kernel_wr": 0,
        "generic_kernel_rd": 0,
        "generic_kernel_wr": 0,
        "const_kernel_rd": 48832,
        "shared_kernel_rd": 0,
        "shared_kernel_wr": 0,
        "Ggeneric_vl1c_rd": 162400,
        "Ggeneric_vl1c_wr": 20332,
        "const_sl1c_rd": 29876,
        "sl1_l2c_rd": 1285,
        "vl1c_l2c_rd": 332823,
        "vl1c_l2c_wr": 82463,
        "l2c_Gmemory_rd": null,
        "l2c_Gmemory_wr": null
    },
    "filename": "/home/ailab/maca-vendor-workspace/maca_c_opt/workspace/apply_mix_run/profile-artifacts/apply_mix_v0_baseline/mcprofiler_raw_baseline/Memory_Data_Flow_Chart20260626122759979.png"
}
------------------------------
Name: Dnoc Read Latency Histogram
Description: histogram of dnoc read latency
Value: {
    "data": {
        "0-255": 48202.0,
        "256-511": 71086.0,
        "512-1k": 33163.0,
        "1k-2k": 511.0,
        "2k-": 0.0
    },
    "filename": "/home/ailab/maca-vendor-workspace/maca_c_opt/workspace/apply_mix_run/profile-artifacts/apply_mix_v0_baseline/mcprofiler_raw_baseline/Dnoc_Read_Latency_Histogram20260626122800174.png"
}
------------------------------
Name: VL1 partition stall cycles layout
Description: VL1 partition access stall cycles layout
Value: {
    "data": {
        "pt0": 144032.0,
        "pt1": 35440.0,
        "pt2": 156023.0,
        "pt3": 32518.0
    },
    "filename": "/home/ailab/maca-vendor-workspace/maca_c_opt/workspace/apply_mix_run/profile-artifacts/apply_mix_v0_baseline/mcprofiler_raw_baseline/VL1_partition_stall_cycles_layout20260626122800271.png"
}
##############################
Sub-module: Workgroup Memory
------------------------------
Name: load instructions
Description: number of total workgroup memory load instructions
Value: 0.0
------------------------------
Name: store instructions
Description: number of total workgroup memory write instructions
Value: 0.0
------------------------------
Name: atomic instructions
Description: number of total workgroup memory atomic instructions
Value: 0.0
------------------------------
Name: total instructions
Description: number of total workgroup memory instructions
Value: 0.0
------------------------------
Name: average latency per load instruction
Description: average latency per WG-load from issue to mem-ops done
Value: 0
------------------------------
Name: average latency per store instruction
Description: average latency per WG-store from issue to memops done
Value: 0
------------------------------
Name: average latency per atomic instruction
Description: average latency per WG-atom from issue to memops done
Value: 0
------------------------------
Name: average latency of all stages per instruction
Description: average latency of all WG-inst from issue to memops done
Value: 0
------------------------------
Name: average cycles per load instruction
Description: average cycles per WG-load when issuing (with bank conflict)
Value: 0
------------------------------
Name: average cycles per store instruction
Description: average cycles per WG-store when issuing (with bank conflict)
Value: 0
------------------------------
Name: average cycles per atomic instruction
Description: average cycles per WG-atom when issuing (with bank conflict)
Value: 0
------------------------------
Name: average conflict cycles per instruction
Description: average conflict cycles per WG-inst when bank conflict happens
Value: 0
------------------------------
Name: average cycles per instruction
Description: average cycles per WG-inst when issuing (with bank conflict)
Value: 0
------------------------------
Name: shared memory access efficiency
Description: Proportion of NON-CONFLICT access
Value: 0%
##############################
Sub-module: Occupancy
------------------------------
Name: Achieved waves
Description: number of achieved waves
Value: 8,144.0
------------------------------
Name: Dispatched waves
Description: number of dispatched waves
Value: 8,224.0
##############################
Sub-module: GPU Throughput Statistics
------------------------------
Name: AP active cycles
Description: number of wave instruction cycles executed on the AP
Value: 2,774,858.0
------------------------------
Name: AP MTE Duty ratio
Description: MTE Duty ratio relative to AP active
Value: 41.75%
------------------------------
Name: AP STE Duty ratio
Description: STE Duty ratio relative to AP active
Value: 17.57%
------------------------------
Name: AP MMA Duty ratio
Description: MMA Duty ratio relative to AP active
Value: 0.0%
------------------------------
Name: VLS Duty ratio
Description: VLS Duty ratio relative to AP active
Value: 0.0%
------------------------------
Name: L2C Duty ratio
Description: L2C Duty ratio relative to L2C active
Value: 0.03%
##############################
Sub-module: Compute workload
------------------------------
Name: instruction per cycle
Description: The number of instructions per busy cycle across all sub-unit instances
Value: 52.48
------------------------------
Name: instruction throughput
Description: The percent of achieved instructions and theoretical instructions during all busy cycles 
Value: 0.50
------------------------------
Name: instruction throughput efficiency
Description: The percentage of the maximum instruction throughput achieved during all busy cycles 
Value: 12.62%
##############################
Sub-module: Instruction Statistics
------------------------------
Name: instruction number
Description: The total number of instructions
Value: 2,136,604.0
------------------------------
Name: instructions per AP
Description: The number of instructions per PEU
Value: 20,544.27
##############################
Sub-module: Internal
------------------------------
Name: RoofLine
Description: 
Value: {
    "processed_data": {
        "all_ops": 81830912.0,
        "all_memacs": 26341312.0,
        "during": 40711.0,
        "block_num": 104,
        "vl1_memacs": 46779392.0,
        "l2c_memacs": 41574400.0
    },
    "data": {
        "all_ops": 81830912.0,
        "all_memacs": 26341312.0,
        "block_num": 104,
        "during": 40711.0,
        "core_clk": 1.125,
        "MAX_Flops_base": 0.117,
        "case_flops": 2.2612997961238976,
        "MAX_Bandwith": 1843.2,
        "MAX_I": 260.0,
        "case_I": 3.1065617384585855,
        "case_bandwith": 727.9107857827123,
        "case_VL1_I": 1.749294048114178,
        "case_L2C_I": 1.9683004926108374,
        "mc_clk": 0.9
    },
    "filename": "/home/ailab/maca-vendor-workspace/maca_c_opt/workspace/apply_mix_run/profile-artifacts/apply_mix_v0_baseline/mcprofiler_raw_baseline/RoofLine20260626122800513.png"
}
2026-06-26 12:28:01,052 DEBUG PIL.PngImagePlugin: STREAM b'IHDR' 16 13
2026-06-26 12:28:01,052 DEBUG PIL.PngImagePlugin: STREAM b'tEXt' 41 57
2026-06-26 12:28:01,052 DEBUG PIL.PngImagePlugin: STREAM b'pHYs' 110 9
2026-06-26 12:28:01,052 DEBUG PIL.PngImagePlugin: STREAM b'IDAT' 131 33916
2026-06-26 12:28:01,102 DEBUG PIL.PngImagePlugin: STREAM b'IHDR' 16 13
2026-06-26 12:28:01,102 DEBUG PIL.PngImagePlugin: STREAM b'tEXt' 41 57
2026-06-26 12:28:01,102 DEBUG PIL.PngImagePlugin: STREAM b'pHYs' 110 9
2026-06-26 12:28:01,102 DEBUG PIL.PngImagePlugin: STREAM b'IDAT' 131 53282
2026-06-26 12:28:01,159 DEBUG PIL.PngImagePlugin: STREAM b'IHDR' 16 13
2026-06-26 12:28:01,159 DEBUG PIL.PngImagePlugin: STREAM b'tEXt' 41 57
2026-06-26 12:28:01,159 DEBUG PIL.PngImagePlugin: STREAM b'pHYs' 110 9
2026-06-26 12:28:01,159 DEBUG PIL.PngImagePlugin: STREAM b'IDAT' 131 32660
2026-06-26 12:28:01,207 DEBUG PIL.PngImagePlugin: STREAM b'IHDR' 16 13
2026-06-26 12:28:01,207 DEBUG PIL.PngImagePlugin: STREAM b'tEXt' 41 57
2026-06-26 12:28:01,207 DEBUG PIL.PngImagePlugin: STREAM b'pHYs' 110 9
2026-06-26 12:28:01,207 DEBUG PIL.PngImagePlugin: STREAM b'IDAT' 131 24474
2026-06-26 12:28:01,259 DEBUG PIL.PngImagePlugin: STREAM b'IHDR' 16 13
2026-06-26 12:28:01,259 DEBUG PIL.PngImagePlugin: STREAM b'tEXt' 41 57
2026-06-26 12:28:01,259 DEBUG PIL.PngImagePlugin: STREAM b'pHYs' 110 9
2026-06-26 12:28:01,259 DEBUG PIL.PngImagePlugin: STREAM b'IDAT' 131 58296
2026-06-26 12:28:01,317 DEBUG PIL.PngImagePlugin: STREAM b'IHDR' 16 13
2026-06-26 12:28:01,317 DEBUG PIL.PngImagePlugin: STREAM b'tEXt' 41 57
2026-06-26 12:28:01,317 DEBUG PIL.PngImagePlugin: STREAM b'pHYs' 110 9
2026-06-26 12:28:01,317 DEBUG PIL.PngImagePlugin: STREAM b'IDAT' 131 27559
2026-06-26 12:28:01,368 DEBUG PIL.PngImagePlugin: STREAM b'IHDR' 16 13
2026-06-26 12:28:01,368 DEBUG PIL.PngImagePlugin: STREAM b'tEXt' 41 57
2026-06-26 12:28:01,368 DEBUG PIL.PngImagePlugin: STREAM b'pHYs' 110 9
2026-06-26 12:28:01,368 DEBUG PIL.PngImagePlugin: STREAM b'IDAT' 131 41274
2026-06-26 12:28:01,425 DEBUG PIL.PngImagePlugin: STREAM b'IHDR' 16 13
2026-06-26 12:28:01,425 DEBUG PIL.PngImagePlugin: STREAM b'tEXt' 41 57
2026-06-26 12:28:01,425 DEBUG PIL.PngImagePlugin: STREAM b'pHYs' 110 9
2026-06-26 12:28:01,425 DEBUG PIL.PngImagePlugin: STREAM b'IDAT' 131 65536
2026-06-26 12:28:01,613 INFO phttp.server_backend: complete task b1d82612-d91e-46d8-9184-c22ad28a7e5e
2026-06-26 12:28:04,305 DEBUG urllib3.connectionpool: Starting new HTTP connection (1): 127.0.0.1:50123
2026-06-26 12:28:04,308 INFO werkzeug: 127.0.0.1 - - [26/Jun/2026 12:28:04] "GET /perf_progress?exec_id=b1d82612-d91e-46d8-9184-c22ad28a7e5e HTTP/1.1" 200 -
2026-06-26 12:28:04,309 DEBUG urllib3.connectionpool: http://127.0.0.1:50123 "GET /perf_progress?exec_id=b1d82612-d91e-46d8-9184-c22ad28a7e5e HTTP/1.1" 200 9927
2026-06-26 12:28:09,316 DEBUG urllib3.connectionpool: Starting new HTTP connection (1): 127.0.0.1:50123
2026-06-26 12:28:09,319 INFO werkzeug: 127.0.0.1 - - [26/Jun/2026 12:28:09] "GET /perf_progress?exec_id=b1d82612-d91e-46d8-9184-c22ad28a7e5e HTTP/1.1" 200 -
2026-06-26 12:28:09,320 DEBUG urllib3.connectionpool: http://127.0.0.1:50123 "GET /perf_progress?exec_id=b1d82612-d91e-46d8-9184-c22ad28a7e5e HTTP/1.1" 200 9927
2026-06-26 12:28:14,327 DEBUG urllib3.connectionpool: Starting new HTTP connection (1): 127.0.0.1:50123
2026-06-26 12:28:14,330 INFO werkzeug: 127.0.0.1 - - [26/Jun/2026 12:28:14] "GET /perf_progress?exec_id=b1d82612-d91e-46d8-9184-c22ad28a7e5e HTTP/1.1" 200 -
2026-06-26 12:28:14,331 DEBUG urllib3.connectionpool: http://127.0.0.1:50123 "GET /perf_progress?exec_id=b1d82612-d91e-46d8-9184-c22ad28a7e5e HTTP/1.1" 200 9922
2026-06-26 12:28:22,341 DEBUG urllib3.connectionpool: Starting new HTTP connection (1): 127.0.0.1:50123
2026-06-26 12:28:22,342 ERROR phttp.http_server: remove .pkey failed
2026-06-26 12:28:22,343 INFO werkzeug: 127.0.0.1 - - [26/Jun/2026 12:28:22] "GET /stop HTTP/1.1" 200 -
2026-06-26 12:28:22,343 DEBUG urllib3.connectionpool: http://127.0.0.1:50123 "GET /stop HTTP/1.1" 200 29
