2026-06-26 14:39:25,686 DEBUG matplotlib: (private) matplotlib data path: /tmp/_MEItUlqXx/matplotlib/mpl-data
2026-06-26 14:39:25,686 DEBUG matplotlib: matplotlib data path: /tmp/_MEItUlqXx/matplotlib/mpl-data
2026-06-26 14:39:25,690 DEBUG matplotlib: CONFIGDIR=/tmp/tmpnnc6p34z
2026-06-26 14:39:25,692 DEBUG matplotlib: matplotlib version 3.3.4
2026-06-26 14:39:25,692 DEBUG matplotlib: interactive is False
2026-06-26 14:39:25,692 DEBUG matplotlib: platform is linux
2026-06-26 14:39:25,692 DEBUG matplotlib: loaded modules: ['builtins', 'sys', '_frozen_importlib', '_imp', '_warnings', '_thread', '_weakref', '_frozen_importlib_external', '_io', 'marshal', 'posix', 'zipimport', 'encodings', 'codecs', '_codecs', 'encodings.aliases', 'encodings.ascii', '_signal', '__main__', 'encodings.utf_8', 'encodings.latin_1', 'io', 'abc', '_weakrefset', '_bootlocale', '_locale', 'struct', '_struct', 'pyimod01_os_path', 'pyimod02_archive', 'zlib', 'pyimod03_importers', 'pyimod04_ctypes', 'os', 'errno', 'stat', '_stat', 'posixpath', 'genericpath', 'os.path', '_collections_abc', 'ctypes', '_ctypes', 'ctypes._endian', 'pkgutil', 'collections', 'operator', '_operator', 'keyword', 'heapq', '_heapq', 'itertools', 'reprlib', '_collections', 'functools', '_functools', 'types', 'collections.abc', 'weakref', 'importlib', 'importlib._bootstrap', 'importlib._bootstrap_external', 'warnings', 'importlib.util', 'importlib.abc', 'importlib.machinery', 'contextlib', 'inspect', 'ast', '_ast', 'dis', 'opcode', '_opcode', 'enum', 'linecache', 'tokenize', 're', 'sre_compile', '_sre', 'sre_parse', 'sre_constants', 'copyreg', 'token', 'pathlib', 'fnmatch', 'ntpath', 'urllib', 'urllib.parse', 'pkg_resources', 'time', 'zipfile', 'shutil', 'bz2', '_compression', 'threading', 'traceback', '_bz2', 'lzma', '_lzma', 'pwd', 'grp', 'binascii', 'platform', 'subprocess', 'signal', '_posixsubprocess', 'select', 'selectors', 'math', 'plistlib', 'datetime', '_datetime', 'xml', 'xml.parsers', 'xml.parsers.expat', 'pyexpat.errors', 'pyexpat.model', 'pyexpat', 'xml.parsers.expat.model', 'xml.parsers.expat.errors', 'email', 'email.parser', 'email.feedparser', 'email.errors', 'email._policybase', 'email.header', 'email.quoprimime', 'string', '_string', 'email.base64mime', 'base64', 'email.charset', 'email.encoders', 'quopri', 'email.utils', 'random', 'hashlib', '_hashlib', '_blake2', '_sha3', 'bisect', '_bisect', '_random', 'socket', '_socket', 'email._parseaddr', 'calendar', 'locale', 'tempfile', 'textwrap', 'pkg_resources.extern', 'pkg_resources._vendor', 'pkg_resources._vendor.appdirs', 'pkg_resources.extern.appdirs', 'pkg_resources._vendor.packaging', 'pkg_resources._vendor.packaging.__about__', 'pkg_resources.extern.packaging', 'pkg_resources.extern.packaging.version', 'typing', 'typing.io', 'typing.re', 'pkg_resources.extern.packaging._structures', 'pkg_resources.extern.packaging.specifiers', 'pkg_resources.extern.packaging.utils', 'pkg_resources.extern.packaging.tags', 'logging', 'atexit', 'sysconfig', 'pkg_resources._vendor.packaging._manylinux', 'pkg_resources._vendor.packaging._musllinux', 'pkg_resources.extern.packaging.requirements', 'pkg_resources._vendor.pyparsing', 'copy', 'pprint', 'pkg_resources.extern.pyparsing', 'pkg_resources.extern.packaging.markers', 'multiprocessing', 'multiprocessing.context', 'multiprocessing.process', 'multiprocessing.reduction', 'pickle', '_compat_pickle', '_pickle', 'array', '__mp_main__', 'multiprocessing.spawn', 'runpy', 'multiprocessing.util', 'multiprocessing.popen_fork', 'multiprocessing.popen_spawn_posix', 'concurrent', 'concurrent.futures', 'concurrent.futures._base', 'concurrent.futures.process', 'queue', 'multiprocessing.connection', '_multiprocessing', 'concurrent.futures.thread', 'argparse', 'gettext', 'common', 'common.api_common', 'json', 'json.decoder', 'json.scanner', '_json', 'json.encoder', 'paramiko', 'paramiko._version', 'paramiko.transport', 'cryptography', 'cryptography.__about__', 'cryptography.utils', 'cryptography.hazmat', 'cryptography.hazmat.backends', 'cryptography.hazmat.primitives', 'cryptography.hazmat.primitives.ciphers', 'cryptography.hazmat.primitives._cipheralgorithm', 'cryptography.hazmat.primitives.ciphers.base', 'cryptography.exceptions', 'cryptography.hazmat.primitives.ciphers.modes', 'cryptography.hazmat.primitives.ciphers.algorithms', 'paramiko.util', 'paramiko.common', 'paramiko.config', 'getpass', 'termios', 'shlex', 'paramiko.ssh_exception', 'paramiko.auth_handler', 'paramiko.message', 'paramiko.server', 'paramiko.ssh_gss', 'paramiko.channel', 'paramiko.file', 'paramiko.buffered_pipe', 'paramiko.pipe', 'paramiko.compress', 'paramiko.dsskey', 'cryptography.hazmat.primitives.hashes', 'cryptography.hazmat.primitives.serialization', 'cryptography.hazmat.primitives._serialization', 'cryptography.hazmat.primitives.serialization.base', 'cryptography.hazmat.primitives.asymmetric', 'cryptography.hazmat.primitives.asymmetric.dh', 'cryptography.hazmat.primitives.asymmetric.types', 'cryptography.hazmat.primitives.asymmetric.dsa', 'cryptography.hazmat.primitives.asymmetric.utils', 'cryptography.hazmat.bindings', '_cffi_backend', '_openssl.lib', '_openssl', 'cryptography.hazmat.bindings._rust', 'cryptography.hazmat.primitives.asymmetric.ec', 'cryptography.hazmat._oid', 'cryptography.hazmat.primitives.asymmetric.ed448', 'cryptography.hazmat.primitives.asymmetric.ed25519', 'cryptography.hazmat.primitives.asymmetric.rsa', 'cryptography.hazmat.primitives._asymmetric', 'cryptography.hazmat.primitives.asymmetric.x448', 'cryptography.hazmat.primitives.asymmetric.x25519', 'cryptography.hazmat.primitives.serialization.ssh', 'cryptography.hazmat.primitives.asymmetric.padding', 'bcrypt', '__future__', 'hmac', 'bcrypt.__about__', 'bcrypt._bcrypt', 'paramiko.ber', 'paramiko.sftp', 'paramiko.pkey', 'paramiko.ed25519key', 'nacl', 'nacl.signing', 'nacl.bindings', 'nacl.bindings.crypto_aead', 'nacl.exceptions', '_sodium.lib', '_sodium', 'nacl._sodium', 'nacl.bindings.crypto_box', 'nacl.bindings.crypto_core', 'nacl.bindings.crypto_generichash', 'nacl.bindings.crypto_hash', 'nacl.bindings.crypto_kx', 'nacl.bindings.crypto_pwhash', 'nacl.bindings.crypto_scalarmult', 'nacl.bindings.crypto_secretbox', 'nacl.bindings.crypto_secretstream', 'nacl.bindings.crypto_shorthash', 'nacl.bindings.crypto_sign', 'nacl.bindings.randombytes', 'nacl.bindings.sodium_core', 'nacl.bindings.utils', 'nacl.encoding', 'nacl.public', 'nacl.utils', 'paramiko.kex_curve25519', 'cryptography.hazmat.primitives.constant_time', 'paramiko.kex_gex', 'paramiko.kex_group1', 'paramiko.kex_group14', 'paramiko.kex_group16', 'paramiko.kex_ecdh_nist', 'paramiko.kex_gss', 'paramiko.packet', 'paramiko.primes', 'paramiko.rsakey', 'paramiko.ecdsakey', 'paramiko.sftp_client', 'paramiko.sftp_attr', 'paramiko.sftp_file', 'cryptography.hazmat.backends.openssl', 'cryptography.hazmat.backends.openssl.backend', 'cryptography.x509', 'cryptography.x509.certificate_transparency', 'cryptography.x509.base', 'cryptography.x509.extensions', 'ipaddress', 'cryptography.x509.general_name', 'cryptography.x509.name', 'cryptography.x509.oid', 'cryptography.hazmat.backends.openssl.aead', 'cryptography.hazmat.backends.openssl.ciphers', 'cryptography.hazmat.backends.openssl.cmac', 'cryptography.hazmat.backends.openssl.dh', 'cryptography.hazmat.backends.openssl.dsa', 'cryptography.hazmat.backends.openssl.utils', 'cryptography.hazmat.backends.openssl.ec', 'cryptography.hazmat.backends.openssl.ed448', 'cryptography.hazmat.backends.openssl.ed25519', 'cryptography.hazmat.backends.openssl.hashes', 'cryptography.hazmat.backends.openssl.hmac', 'cryptography.hazmat.backends.openssl.poly1305', 'cryptography.hazmat.backends.openssl.rsa', 'cryptography.hazmat.backends.openssl.x448', 'cryptography.hazmat.bindings.openssl', 'cryptography.hazmat.bindings.openssl.binding', 'cryptography.hazmat.bindings.openssl._conditional', 'cryptography.hazmat.primitives.kdf', 'cryptography.hazmat.primitives.kdf.scrypt', 'cryptography.hazmat.primitives.serialization.pkcs12', 'paramiko.client', 'paramiko.agent', 'paramiko.hostkeys', 'paramiko.auth_strategy', 'paramiko.sftp_server', 'paramiko.sftp_si', 'paramiko.sftp_handle', 'paramiko.proxy', 'sshtunnel', 'socketserver', 'utils', 'utils.exceptions', 'utils.logging', 'utils.complier', 'utils.rawdata_elements', 'common.pc_piechart', 'matplotlib', 'distutils', 'distutils.version', 'matplotlib.cbook', 'gzip', 'numpy', 'numpy._globals', 'numpy.__config__', 'numpy.version', 'numpy._distributor_init', 'numpy.core', 'numpy.core.multiarray', 'numpy.core.overrides', 'numpy.core._multiarray_umath', 'numpy.compat', 'numpy.compat._inspect', 'numpy.compat.py3k', 'numpy.core.umath', 'numpy.core.numerictypes', 'numbers', 'numpy.core._string_helpers', 'numpy.core._type_aliases', 'numpy.core._dtype', 'numpy.core.numeric', 'numpy.core.shape_base', 'numpy.core._asarray', 'numpy.core.fromnumeric', 'numpy.core._methods', 'numpy.core._exceptions', 'numpy.core._ufunc_config', 'numpy.core.arrayprint', 'numpy.core.defchararray', 'numpy.core.records', 'numpy.core.memmap', 'numpy.core.function_base', 'numpy.core.machar', 'numpy.core.getlimits', 'numpy.core.einsumfunc', 'numpy.core._add_newdocs', 'numpy.core._multiarray_tests', 'numpy.core._dtype_ctypes', 'numpy.core._internal', 'numpy._pytesttester', 'numpy.lib', 'numpy.lib.mixins', 'numpy.lib.scimath', 'numpy.lib.type_check', 'numpy.lib.ufunclike', 'numpy.lib.index_tricks', 'numpy.matrixlib', 'numpy.matrixlib.defmatrix', 'numpy.linalg', 'numpy.linalg.linalg', 'numpy.lib.twodim_base', 'numpy.linalg.lapack_lite', 'numpy.linalg._umath_linalg', 'numpy.lib.function_base', 'numpy.lib.histograms', 'numpy.lib.stride_tricks', 'numpy.lib.nanfunctions', 'numpy.lib.shape_base', 'numpy.lib.polynomial', 'numpy.lib.utils', 'numpy.lib.arraysetops', 'numpy.lib.npyio', 'numpy.lib.format', 'numpy.lib._datasource', 'numpy.lib._iotools', 'numpy.lib.financial', 'decimal', '_decimal', 'numpy.lib.arrayterator', 'numpy.lib.arraypad', 'numpy.lib._version', 'numpy.fft', 'numpy.fft._pocketfft', 'numpy.fft._pocketfft_internal', 'numpy.fft.helper', 'numpy.polynomial', 'numpy.polynomial.polynomial', 'numpy.polynomial.polyutils', 'numpy.polynomial._polybase', 'numpy.polynomial.chebyshev', 'numpy.polynomial.legendre', 'numpy.polynomial.hermite', 'numpy.polynomial.hermite_e', 'numpy.polynomial.laguerre', 'numpy.random', 'numpy.random._pickle', 'numpy.random.mtrand', 'cython_runtime', 'numpy.random.bit_generator', '_cython_0_29_21', 'numpy.random._common', 'secrets', 'numpy.random._bounded_integers', 'numpy.random._mt19937', 'numpy.random._philox', 'numpy.random._pcg64', 'numpy.random._sfc64', 'numpy.random._generator', 'numpy.ctypeslib', 'numpy.ma', 'numpy.ma.core', 'numpy.ma.extras', 'numpy.testing', 'unittest', 'unittest.result', 'unittest.util', 'unittest.case', 'difflib', 'unittest.suite', 'unittest.loader', 'unittest.main', 'unittest.runner', 'unittest.signals', 'numpy.testing._private', 'numpy.testing._private.utils', 'gc', 'numpy.testing._private.decorators', 'numpy.testing._private.nosetester', 'matplotlib.cbook.deprecation', 'matplotlib.rcsetup', 'matplotlib.animation', 'uuid', 'ctypes.util', 'matplotlib._animation_data', 'matplotlib.fontconfig_pattern', 'pyparsing', 'pyparsing.util', 'pyparsing.exceptions', 'pyparsing.unicode', 'pyparsing.actions', 'pyparsing.core', 'pyparsing.results', 'pyparsing.helpers', 'html', 'html.entities', 'pyparsing.testing', 'pyparsing.common', 'matplotlib.colors', 'matplotlib.docstring', 'matplotlib._color_data', 'cycler', 'matplotlib._version', 'matplotlib.ft2font', 'dateutil', 'dateutil._version', 'kiwisolver']
2026-06-26 14:39:25,726 DEBUG matplotlib: CACHEDIR=/tmp/tmpnnc6p34z
2026-06-26 14:39:25,726 INFO matplotlib.font_manager: Generating new fontManager, this may take some time...
2026-06-26 14:39:25,726 DEBUG matplotlib.font_manager: font search path [PosixPath('/tmp/_MEItUlqXx/matplotlib/mpl-data/fonts/ttf'), PosixPath('/tmp/_MEItUlqXx/matplotlib/mpl-data/fonts/afm'), PosixPath('/tmp/_MEItUlqXx/matplotlib/mpl-data/fonts/pdfcorefonts')]
2026-06-26 14:39:26,013 DEBUG matplotlib.pyplot: Loaded backend agg version unknown.
2026-06-26 14:39:26,915 DEBUG urllib3.connectionpool: Starting new HTTP connection (1): 127.0.0.1:50123
2026-06-26 14:39:26,916 INFO common.api_common: load json file /opt/mcProfiler-linux/config/workgroup_memory.pcd error, so try to decrypt: Expecting value: line 1 column 1 (char 0)
2026-06-26 14:39:26,917 INFO common.api_common: load json file /opt/mcProfiler-linux/config/summary.pcd error, so try to decrypt: Expecting value: line 1 column 1 (char 0)
2026-06-26 14:39:26,917 INFO common.api_common: load json file /opt/mcProfiler-linux/config/occupancy.pcd error, so try to decrypt: Expecting value: line 1 column 1 (char 0)
2026-06-26 14:39:26,917 INFO common.api_common: load json file /opt/mcProfiler-linux/config/memory_statistics.pcd error, so try to decrypt: Expecting value: line 1 column 1 (char 0)
2026-06-26 14:39:26,918 INFO common.api_common: load json file /opt/mcProfiler-linux/config/isu_statistics.pcd error, so try to decrypt: Expecting value: line 1 column 1 (char 0)
2026-06-26 14:39:26,919 INFO common.api_common: load json file /opt/mcProfiler-linux/config/internal.pcd error, so try to decrypt: Expecting value: line 1 column 1 (char 0)
2026-06-26 14:39:26,919 INFO common.api_common: load json file /opt/mcProfiler-linux/config/instruction_statistics.pcd error, so try to decrypt: Expecting value: line 1 column 1 (char 0)
2026-06-26 14:39:26,919 INFO common.api_common: load json file /opt/mcProfiler-linux/config/gpu_throughput_statistics.pcd error, so try to decrypt: Expecting value: line 1 column 1 (char 0)
2026-06-26 14:39:26,919 INFO common.api_common: load json file /opt/mcProfiler-linux/config/compute_workload.pcd error, so try to decrypt: Expecting value: line 1 column 1 (char 0)
2026-06-26 14:39:26,920 INFO common.api_common: load json file /opt/mcProfiler-linux/config/ce_statistics.pcd error, so try to decrypt: Expecting value: line 1 column 1 (char 0)
2026-06-26 14:39:26,928 INFO werkzeug:  * Running on http://127.0.0.1:50123/ (Press CTRL+C to quit)
2026-06-26 14:39:27,418 DEBUG urllib3.connectionpool: Starting new HTTP connection (1): 127.0.0.1:50123
2026-06-26 14:39:27,421 INFO werkzeug: 127.0.0.1 - - [26/Jun/2026 14:39:27] "GET / HTTP/1.1" 200 -
2026-06-26 14:39:27,422 DEBUG urllib3.connectionpool: http://127.0.0.1:50123 "GET / HTTP/1.1" 200 29
2026-06-26 14:39:27,423 DEBUG urllib3.connectionpool: Starting new HTTP connection (1): 127.0.0.1:50123
2026-06-26 14:39:27,425 INFO werkzeug: 127.0.0.1 - - [26/Jun/2026 14:39:27] "GET /show_metrics HTTP/1.1" 200 -
2026-06-26 14:39:27,425 DEBUG urllib3.connectionpool: http://127.0.0.1:50123 "GET /show_metrics HTTP/1.1" 200 1989
2026-06-26 14:39:27,426 DEBUG urllib3.connectionpool: Starting new HTTP connection (1): 127.0.0.1:50123
2026-06-26 14:39:27,440 INFO phttp.http_server: start a new perf exec thread
2026-06-26 14:39:27,440 INFO phttp.server_backend: start perf_exec
2026-06-26 14:39:27,441 INFO phttp.http_server: new exec 261a229e-41fd-4a6f-a3ec-d5053daa9104:('export MACA_PATH=/opt/maca/; export LD_LIBRARY_PATH=/opt/maca/lib/:${LD_LIBRARY_PATH}; ./test_maca', 'engram_hash_v0_baseline', ['WORKGROUPS', 'WAVES', 'Average Wave life cycles', 'instruction per cycle', 'instruction throughput', 'instruction throughput efficiency', 'AP active cycles', 'AP MTE Duty ratio', 'AP STE Duty ratio', 'AP MMA Duty ratio', 'VLS Duty ratio', 'L2C Duty ratio', 'Compute Instructions Cycles Rate', 'DPC Computing cycles comparison', 'Instructions Comparison', 'ISU stall cycles layout', 'instruction number', 'instructions per AP', 'RoofLine', 'Global Read Instructions', 'Global Write Instructions', 'Global Atomic Instructions', 'Private Read Instructions', 'Private Write Instructions', 'Constant Read Instructions', 'Constant Read SL1 Instructions', 'Constant Read L2 Instructions', 'Constant SL1 Hit Rate', 'VL1 Read Instructions', 'VL1 Write Instructions', 'VL1 Atomic Instructions', 'VL1 Hit Rate', 'L2C Read Instructions', 'L2C Write Instructions', 'L2C Atomic Instructions', 'L2C Hit Rate', 'Total Atomic Instructions', 'Dnoc Read Req', 'Dnoc Write Req', 'Global Memory Read bytes', 'Global Memory Write bytes', 'Memory Data Flow Chart', 'Dnoc Read Average Latency', 'Dnoc Read Latency Histogram', 'VL1 partition stall cycles layout', 'Achieved waves', 'Dispatched waves', 'Total Instructions', 'Compute Instructions', 'Memory Instructions', 'Total Cycles', 'Memory Access per Second', 'Average AP busy cycles', 'AP busy Duty', 'Compute Instructions busy Duty', 'load instructions', 'store instructions', 'atomic instructions', 'total instructions', 'average latency per load instruction', 'average latency per store instruction', 'average latency per atomic instruction', 'average latency of all stages per instruction', 'average cycles per load instruction', 'average cycles per store instruction', 'average cycles per atomic instruction', 'average conflict cycles per instruction', 'average cycles per instruction', 'shared memory access efficiency'])
2026-06-26 14:39:27,442 INFO werkzeug: 127.0.0.1 - - [26/Jun/2026 14:39:27] "POST /perf_exec HTTP/1.1" 200 -
2026-06-26 14:39:27,442 INFO common.api_common: ret_code cmdline_str: env
2026-06-26 14:39:27,442 DEBUG urllib3.connectionpool: http://127.0.0.1:50123 "POST /perf_exec HTTP/1.1" 200 51
2026-06-26 14:39:27,453 INFO common.api_common: ret_code cmdline_str: ls /sys/devices/virtual/mxcd/
2026-06-26 14:39:27,460 INFO common.api_common: ret_code cmdline_str: ls /sys/devices/virtual/mxcd/mxcd/layout/nodes/
2026-06-26 14:39:27,465 INFO phttp.server_backend: get_device_info.layout nodes: ['0', '1', '2', '3', '4', '5', '6', '7', '8', '9']
2026-06-26 14:39:27,465 INFO common.api_common: ret_code cmdline_str: cat /sys/devices/virtual/mxcd/mxcd/layout/nodes//0/gpu_id
2026-06-26 14:39:27,470 INFO phttp.server_backend: get_device_info.node 0 gpu_id 0
2026-06-26 14:39:27,471 INFO common.api_common: ret_code cmdline_str: cat /sys/devices/virtual/mxcd/mxcd/layout/nodes//1/gpu_id
2026-06-26 14:39:27,476 INFO phttp.server_backend: get_device_info.node 1 gpu_id 0
2026-06-26 14:39:27,476 INFO common.api_common: ret_code cmdline_str: cat /sys/devices/virtual/mxcd/mxcd/layout/nodes//2/gpu_id
2026-06-26 14:39:27,481 INFO phttp.server_backend: get_device_info.node 2 gpu_id 64198
2026-06-26 14:39:27,481 INFO phttp.server_backend: get_device_info.using node id 2
2026-06-26 14:39:27,481 INFO common.api_common: ret_code cmdline_str: cat /sys/devices/virtual/mxcd/mxcd/layout/nodes//3/gpu_id
2026-06-26 14:39:27,486 INFO phttp.server_backend: get_device_info.node 3 gpu_id 27143
2026-06-26 14:39:27,486 INFO phttp.server_backend: get_device_info.using node id 3
2026-06-26 14:39:27,486 INFO common.api_common: ret_code cmdline_str: cat /sys/devices/virtual/mxcd/mxcd/layout/nodes//4/gpu_id
2026-06-26 14:39:27,491 INFO phttp.server_backend: get_device_info.node 4 gpu_id 22597
2026-06-26 14:39:27,491 INFO phttp.server_backend: get_device_info.using node id 4
2026-06-26 14:39:27,491 INFO common.api_common: ret_code cmdline_str: cat /sys/devices/virtual/mxcd/mxcd/layout/nodes//5/gpu_id
2026-06-26 14:39:27,496 INFO phttp.server_backend: get_device_info.node 5 gpu_id 24589
2026-06-26 14:39:27,496 INFO phttp.server_backend: get_device_info.using node id 5
2026-06-26 14:39:27,497 INFO common.api_common: ret_code cmdline_str: cat /sys/devices/virtual/mxcd/mxcd/layout/nodes//6/gpu_id
2026-06-26 14:39:27,501 INFO phttp.server_backend: get_device_info.node 6 gpu_id 18772
2026-06-26 14:39:27,502 INFO phttp.server_backend: get_device_info.using node id 6
2026-06-26 14:39:27,502 INFO common.api_common: ret_code cmdline_str: cat /sys/devices/virtual/mxcd/mxcd/layout/nodes//7/gpu_id
2026-06-26 14:39:27,506 INFO phttp.server_backend: get_device_info.node 7 gpu_id 61138
2026-06-26 14:39:27,507 INFO phttp.server_backend: get_device_info.using node id 7
2026-06-26 14:39:27,507 INFO common.api_common: ret_code cmdline_str: cat /sys/devices/virtual/mxcd/mxcd/layout/nodes//8/gpu_id
2026-06-26 14:39:27,512 INFO phttp.server_backend: get_device_info.node 8 gpu_id 8082
2026-06-26 14:39:27,512 INFO phttp.server_backend: get_device_info.using node id 8
2026-06-26 14:39:27,512 INFO common.api_common: ret_code cmdline_str: cat /sys/devices/virtual/mxcd/mxcd/layout/nodes//9/gpu_id
2026-06-26 14:39:27,517 INFO phttp.server_backend: get_device_info.node 9 gpu_id 11728
2026-06-26 14:39:27,517 INFO phttp.server_backend: get_device_info.using node id 9
2026-06-26 14:39:27,517 INFO common.api_common: ret_code cmdline_str: cat /sys/devices/virtual/mxcd/mxcd/layout/nodes//2/properties
2026-06-26 14:39:27,522 ERROR phttp.server_backend: get_device_info.parse 2 device info vbios_version 1.25.1.0 error.
2026-06-26 14:39:27,522 ERROR phttp.server_backend: get_device_info.parse 2 device info  error.
2026-06-26 14:39:27,522 ERROR phttp.server_backend: get_device_info.parse 2 device info  error.
2026-06-26 14:39:27,522 INFO common.api_common: ret_code cmdline_str: cat /sys/devices/virtual/mxcd/mxcd/layout/nodes//3/properties
2026-06-26 14:39:27,527 ERROR phttp.server_backend: get_device_info.parse 3 device info vbios_version 1.25.1.0 error.
2026-06-26 14:39:27,527 ERROR phttp.server_backend: get_device_info.parse 3 device info  error.
2026-06-26 14:39:27,527 INFO common.api_common: ret_code cmdline_str: cat /sys/devices/virtual/mxcd/mxcd/layout/nodes//4/properties
2026-06-26 14:39:27,532 ERROR phttp.server_backend: get_device_info.parse 4 device info vbios_version 1.25.1.0 error.
2026-06-26 14:39:27,532 ERROR phttp.server_backend: get_device_info.parse 4 device info  error.
2026-06-26 14:39:27,532 INFO common.api_common: ret_code cmdline_str: cat /sys/devices/virtual/mxcd/mxcd/layout/nodes//5/properties
2026-06-26 14:39:27,537 ERROR phttp.server_backend: get_device_info.parse 5 device info vbios_version 1.25.1.0 error.
2026-06-26 14:39:27,537 ERROR phttp.server_backend: get_device_info.parse 5 device info  error.
2026-06-26 14:39:27,538 INFO common.api_common: ret_code cmdline_str: cat /sys/devices/virtual/mxcd/mxcd/layout/nodes//6/properties
2026-06-26 14:39:27,542 ERROR phttp.server_backend: get_device_info.parse 6 device info vbios_version 1.25.1.0 error.
2026-06-26 14:39:27,543 ERROR phttp.server_backend: get_device_info.parse 6 device info  error.
2026-06-26 14:39:27,543 INFO common.api_common: ret_code cmdline_str: cat /sys/devices/virtual/mxcd/mxcd/layout/nodes//7/properties
2026-06-26 14:39:27,547 ERROR phttp.server_backend: get_device_info.parse 7 device info vbios_version 1.25.1.0 error.
2026-06-26 14:39:27,548 ERROR phttp.server_backend: get_device_info.parse 7 device info  error.
2026-06-26 14:39:27,548 ERROR phttp.server_backend: get_device_info.parse 7 device info  error.
2026-06-26 14:39:27,548 INFO common.api_common: ret_code cmdline_str: cat /sys/devices/virtual/mxcd/mxcd/layout/nodes//8/properties
2026-06-26 14:39:27,553 ERROR phttp.server_backend: get_device_info.parse 8 device info vbios_version 1.25.1.0 error.
2026-06-26 14:39:27,553 ERROR phttp.server_backend: get_device_info.parse 8 device info  error.
2026-06-26 14:39:27,553 INFO common.api_common: ret_code cmdline_str: cat /sys/devices/virtual/mxcd/mxcd/layout/nodes//9/properties
2026-06-26 14:39:27,558 ERROR phttp.server_backend: get_device_info.parse 9 device info vbios_version 1.25.1.0 error.
2026-06-26 14:39:27,558 ERROR phttp.server_backend: get_device_info.parse 9 device info  error.
2026-06-26 14:39:27,558 INFO phttp.server_backend: get_device_info.device_info: {'2': {'gpu_id': '64198', 'cpu_cores_count': 0, 'mem_banks_count': 1, 'direct_link_count': 4, 'indirect_link_count': 8, 'vendor_id': 39321, 'device_id': 16385, 'drm_render_minor': 128, 'isa_major': 10, 'isa_minor': 0, 'is_vf': 0, 'max_vf_nums': 8, 'domain': 0, 'location_id': 2048, 'num_sdma_engines': 5, 'num_sdma_queues_per_engine': 9, 'num_vpue_cores': 1, 'num_vpud_cores': 8, 'caches_count': 157, 'peu_id_base': 0, 'peu_count': 416, 'max_waves_per_peu': 8, 'wsm_size_in_kb': 64, 'wave_front_size': 64, 'dpc_count': 8, 'dpc0_ap_mask': 8191, 'dpc1_ap_mask': 73727, 'dpc2_ap_mask': 139263, 'dpc3_ap_mask': 204799, 'dpc4_ap_mask': 270335, 'dpc5_ap_mask': 344061, 'dpc6_ap_mask': 401407, 'dpc7_ap_mask': 466943, 'dpc_arrays': 1, 'ap_per_dpc': 13, 'peu_per_ap': 4, 'pri_mem_per_thread': 4, 'max_slots_private_ap': 32, 'num_ce_queues': 16, 'max_engine_clk_gpu': 1600, 'max_engine_clk_cpu': 3600, 'mgpu_id': 0, 'topology_id': 2, 'socket_id': 2, 'hbmecc': 1, 'local_mem_size': 68719476736, 'capability': 4432512, 'maxprocess': 10}, '3': {'gpu_id': '27143', 'cpu_cores_count': 0, 'mem_banks_count': 1, 'direct_link_count': 4, 'indirect_link_count': 8, 'vendor_id': 39321, 'device_id': 16385, 'drm_render_minor': 129, 'isa_major': 10, 'isa_minor': 0, 'is_vf': 0, 'max_vf_nums': 8, 'domain': 0, 'location_id': 2304, 'num_sdma_engines': 5, 'num_sdma_queues_per_engine': 9, 'num_vpue_cores': 1, 'num_vpud_cores': 8, 'caches_count': 157, 'peu_id_base': 0, 'peu_count': 416, 'max_waves_per_peu': 8, 'wsm_size_in_kb': 64, 'wave_front_size': 64, 'dpc_count': 8, 'dpc0_ap_mask': 8191, 'dpc1_ap_mask': 73727, 'dpc2_ap_mask': 139263, 'dpc3_ap_mask': 204799, 'dpc4_ap_mask': 270335, 'dpc5_ap_mask': 344062, 'dpc6_ap_mask': 401407, 'dpc7_ap_mask': 474623, 'dpc_arrays': 1, 'ap_per_dpc': 13, 'peu_per_ap': 4, 'pri_mem_per_thread': 4, 'max_slots_private_ap': 32, 'num_ce_queues': 16, 'max_engine_clk_gpu': 1600, 'max_engine_clk_cpu': 3600, 'mgpu_id': 0, 'topology_id': 2, 'socket_id': 0, 'hbmecc': 1, 'local_mem_size': 68719476736, 'capability': 4432512, 'maxprocess': 10}, '4': {'gpu_id': '22597', 'cpu_cores_count': 0, 'mem_banks_count': 1, 'direct_link_count': 4, 'indirect_link_count': 8, 'vendor_id': 39321, 'device_id': 16385, 'drm_render_minor': 130, 'isa_major': 10, 'isa_minor': 0, 'is_vf': 0, 'max_vf_nums': 8, 'domain': 0, 'location_id': 3584, 'num_sdma_engines': 5, 'num_sdma_queues_per_engine': 9, 'num_vpue_cores': 1, 'num_vpud_cores': 8, 'caches_count': 157, 'peu_id_base': 0, 'peu_count': 416, 'max_waves_per_peu': 8, 'wsm_size_in_kb': 64, 'wave_front_size': 64, 'dpc_count': 8, 'dpc0_ap_mask': 8191, 'dpc1_ap_mask': 73727, 'dpc2_ap_mask': 139263, 'dpc3_ap_mask': 204799, 'dpc4_ap_mask': 270335, 'dpc5_ap_mask': 335871, 'dpc6_ap_mask': 401407, 'dpc7_ap_mask': 466943, 'dpc_arrays': 1, 'ap_per_dpc': 13, 'peu_per_ap': 4, 'pri_mem_per_thread': 4, 'max_slots_private_ap': 32, 'num_ce_queues': 16, 'max_engine_clk_gpu': 1600, 'max_engine_clk_cpu': 3600, 'mgpu_id': 0, 'topology_id': 2, 'socket_id': 3, 'hbmecc': 1, 'local_mem_size': 68719476736, 'capability': 4432512, 'maxprocess': 10}, '5': {'gpu_id': '24589', 'cpu_cores_count': 0, 'mem_banks_count': 1, 'direct_link_count': 4, 'indirect_link_count': 8, 'vendor_id': 39321, 'device_id': 16385, 'drm_render_minor': 131, 'isa_major': 10, 'isa_minor': 0, 'is_vf': 0, 'max_vf_nums': 8, 'domain': 0, 'location_id': 4352, 'num_sdma_engines': 5, 'num_sdma_queues_per_engine': 9, 'num_vpue_cores': 1, 'num_vpud_cores': 8, 'caches_count': 157, 'peu_id_base': 0, 'peu_count': 416, 'max_waves_per_peu': 8, 'wsm_size_in_kb': 64, 'wave_front_size': 64, 'dpc_count': 8, 'dpc0_ap_mask': 8191, 'dpc1_ap_mask': 73727, 'dpc2_ap_mask': 139263, 'dpc3_ap_mask': 204799, 'dpc4_ap_mask': 270335, 'dpc5_ap_mask': 335871, 'dpc6_ap_mask': 401407, 'dpc7_ap_mask': 466943, 'dpc_arrays': 1, 'ap_per_dpc': 13, 'peu_per_ap': 4, 'pri_mem_per_thread': 4, 'max_slots_private_ap': 32, 'num_ce_queues': 16, 'max_engine_clk_gpu': 1600, 'max_engine_clk_cpu': 3600, 'mgpu_id': 0, 'topology_id': 2, 'socket_id': 1, 'hbmecc': 1, 'local_mem_size': 68719476736, 'capability': 4432512, 'maxprocess': 10}, '6': {'gpu_id': '18772', 'cpu_cores_count': 0, 'mem_banks_count': 1, 'direct_link_count': 4, 'indirect_link_count': 8, 'vendor_id': 39321, 'device_id': 16385, 'drm_render_minor': 132, 'isa_major': 10, 'isa_minor': 0, 'is_vf': 0, 'max_vf_nums': 8, 'domain': 0, 'location_id': 12800, 'num_sdma_engines': 5, 'num_sdma_queues_per_engine': 9, 'num_vpue_cores': 1, 'num_vpud_cores': 8, 'caches_count': 157, 'peu_id_base': 0, 'peu_count': 416, 'max_waves_per_peu': 8, 'wsm_size_in_kb': 64, 'wave_front_size': 64, 'dpc_count': 8, 'dpc0_ap_mask': 8191, 'dpc1_ap_mask': 73727, 'dpc2_ap_mask': 139263, 'dpc3_ap_mask': 204799, 'dpc4_ap_mask': 270335, 'dpc5_ap_mask': 335871, 'dpc6_ap_mask': 407551, 'dpc7_ap_mask': 466943, 'dpc_arrays': 1, 'ap_per_dpc': 13, 'peu_per_ap': 4, 'pri_mem_per_thread': 4, 'max_slots_private_ap': 32, 'num_ce_queues': 16, 'max_engine_clk_gpu': 1600, 'max_engine_clk_cpu': 3600, 'mgpu_id': 0, 'topology_id': 2, 'socket_id': 0, 'hbmecc': 1, 'local_mem_size': 68719476736, 'capability': 4432512, 'maxprocess': 10}, '7': {'gpu_id': '61138', 'cpu_cores_count': 0, 'mem_banks_count': 1, 'direct_link_count': 4, 'indirect_link_count': 8, 'vendor_id': 39321, 'device_id': 16385, 'drm_render_minor': 133, 'isa_major': 10, 'isa_minor': 0, 'is_vf': 0, 'max_vf_nums': 8, 'domain': 0, 'location_id': 14336, 'num_sdma_engines': 5, 'num_sdma_queues_per_engine': 9, 'num_vpue_cores': 1, 'num_vpud_cores': 8, 'caches_count': 157, 'peu_id_base': 0, 'peu_count': 416, 'max_waves_per_peu': 8, 'wsm_size_in_kb': 64, 'wave_front_size': 64, 'dpc_count': 8, 'dpc0_ap_mask': 8191, 'dpc1_ap_mask': 73727, 'dpc2_ap_mask': 139263, 'dpc3_ap_mask': 204799, 'dpc4_ap_mask': 270335, 'dpc5_ap_mask': 335871, 'dpc6_ap_mask': 401407, 'dpc7_ap_mask': 466943, 'dpc_arrays': 1, 'ap_per_dpc': 13, 'peu_per_ap': 4, 'pri_mem_per_thread': 4, 'max_slots_private_ap': 32, 'num_ce_queues': 16, 'max_engine_clk_gpu': 1600, 'max_engine_clk_cpu': 3600, 'mgpu_id': 0, 'topology_id': 2, 'socket_id': 2, 'hbmecc': 1, 'local_mem_size': 68719476736, 'capability': 4432512, 'maxprocess': 10}, '8': {'gpu_id': '8082', 'cpu_cores_count': 0, 'mem_banks_count': 1, 'direct_link_count': 4, 'indirect_link_count': 8, 'vendor_id': 39321, 'device_id': 16385, 'drm_render_minor': 134, 'isa_major': 10, 'isa_minor': 0, 'is_vf': 0, 'max_vf_nums': 8, 'domain': 0, 'location_id': 15104, 'num_sdma_engines': 5, 'num_sdma_queues_per_engine': 9, 'num_vpue_cores': 1, 'num_vpud_cores': 8, 'caches_count': 157, 'peu_id_base': 0, 'peu_count': 416, 'max_waves_per_peu': 8, 'wsm_size_in_kb': 64, 'wave_front_size': 64, 'dpc_count': 8, 'dpc0_ap_mask': 8191, 'dpc1_ap_mask': 73727, 'dpc2_ap_mask': 139263, 'dpc3_ap_mask': 204799, 'dpc4_ap_mask': 270335, 'dpc5_ap_mask': 344031, 'dpc6_ap_mask': 401407, 'dpc7_ap_mask': 466943, 'dpc_arrays': 1, 'ap_per_dpc': 13, 'peu_per_ap': 4, 'pri_mem_per_thread': 4, 'max_slots_private_ap': 32, 'num_ce_queues': 16, 'max_engine_clk_gpu': 1600, 'max_engine_clk_cpu': 3600, 'mgpu_id': 0, 'topology_id': 2, 'socket_id': 3, 'hbmecc': 1, 'local_mem_size': 68719476736, 'capability': 4432512, 'maxprocess': 10}, '9': {'gpu_id': '11728', 'cpu_cores_count': 0, 'mem_banks_count': 1, 'direct_link_count': 4, 'indirect_link_count': 8, 'vendor_id': 39321, 'device_id': 16385, 'drm_render_minor': 135, 'isa_major': 10, 'isa_minor': 0, 'is_vf': 0, 'max_vf_nums': 8, 'domain': 0, 'location_id': 15360, 'num_sdma_engines': 5, 'num_sdma_queues_per_engine': 9, 'num_vpue_cores': 1, 'num_vpud_cores': 8, 'caches_count': 157, 'peu_id_base': 0, 'peu_count': 416, 'max_waves_per_peu': 8, 'wsm_size_in_kb': 64, 'wave_front_size': 64, 'dpc_count': 8, 'dpc0_ap_mask': 8191, 'dpc1_ap_mask': 73727, 'dpc2_ap_mask': 139263, 'dpc3_ap_mask': 204799, 'dpc4_ap_mask': 270335, 'dpc5_ap_mask': 335871, 'dpc6_ap_mask': 401407, 'dpc7_ap_mask': 466943, 'dpc_arrays': 1, 'ap_per_dpc': 13, 'peu_per_ap': 4, 'pri_mem_per_thread': 4, 'max_slots_private_ap': 32, 'num_ce_queues': 16, 'max_engine_clk_gpu': 1600, 'max_engine_clk_cpu': 3600, 'mgpu_id': 0, 'topology_id': 2, 'socket_id': 1, 'hbmecc': 1, 'local_mem_size': 68719476736, 'capability': 4432512, 'maxprocess': 10}}
2026-06-26 14:39:27,558 INFO phttp.server_backend: start generate batch files
2026-06-26 14:39:27,559 INFO utils.complier: analyse  formula:[]
2026-06-26 14:39:27,559 INFO utils.complier: analyse  formula:[{'type': 'PRE_VAR', 'value': '@compute_instructions'}, {'type': 'PRE_VAR', 'value': '@memory_instructions'}]
2026-06-26 14:39:27,560 INFO utils.complier: analyse  formula:[]
2026-06-26 14:39:27,560 INFO utils.complier: analyse  formula:[]
2026-06-26 14:39:27,560 INFO utils.complier: analyse  formula:[{'type': 'PRE_VAR', 'value': '@compute_instructions'}]
2026-06-26 14:39:27,560 INFO utils.complier: analyse  formula:[]
2026-06-26 14:39:27,560 INFO utils.complier: analyse  formula:[]
2026-06-26 14:39:27,560 INFO utils.complier: analyse  formula:[{'type': 'PRE_VAR', 'value': '@memory_instructions'}]
2026-06-26 14:39:27,560 INFO utils.complier: analyse  formula:[]
2026-06-26 14:39:27,560 INFO utils.complier: analyse  formula:[{'type': 'VARIABLE', 'value': '{{CE.CE_PERF_BUSY_CYCLES}}'}]
2026-06-26 14:39:27,560 INFO utils.complier: analyse  formula:[]
2026-06-26 14:39:27,560 INFO utils.complier: analyse  formula:[]
2026-06-26 14:39:27,560 INFO utils.complier: analyse  formula:[{'type': 'VARIABLE', 'value': '{{L2C.perf_dnoc_rdreq_32B}}'}, {'type': 'VARIABLE', 'value': '{{L2C.perf_dnoc_rdreq_64B}}'}, {'type': 'VARIABLE', 'value': '{{L2C.perf_dnoc_rdreq_128B}}'}, {'type': 'VARIABLE', 'value': '{{L2C.perf_dnoc_wrreq_32B_low}}'}, {'type': 'VARIABLE', 'value': '{{L2C.perf_dnoc_wrreq_32B_high}}'}, {'type': 'VARIABLE', 'value': '{{L2C.perf_dnoc_wrreq_64B}}'}, {'type': 'VARIABLE', 'value': '{{L2C.perf_dnoc_wrreq_128B}}'}, {'type': 'VARIABLE', 'value': '{{ISU.AP_PERF_ISU_AP_BUSY}}'}]
2026-06-26 14:39:27,561 INFO utils.complier: analyse  formula:[]
2026-06-26 14:39:27,561 INFO utils.complier: analyse  formula:[]
2026-06-26 14:39:27,561 INFO utils.complier: analyse  formula:[{'type': 'VARIABLE', 'value': '{{ISU.AP_PERF_ISU_AP_BUSY}}'}]
2026-06-26 14:39:27,562 INFO utils.complier: analyse  formula:[]
2026-06-26 14:39:27,562 INFO utils.complier: analyse  formula:[]
2026-06-26 14:39:27,562 INFO utils.complier: analyse  formula:[{'type': 'VARIABLE', 'value': '{{ISU.AP_PERF_ISU_AP_BUSY}}'}, {'type': 'VARIABLE', 'value': '{{CE.CE_PERF_BUSY_CYCLES}}'}]
2026-06-26 14:39:27,562 INFO utils.complier: analyse  formula:[]
2026-06-26 14:39:27,562 INFO utils.complier: analyse  formula:[]
2026-06-26 14:39:27,562 INFO utils.complier: analyse  formula:[{'type': 'VARIABLE', 'value': '{{ISU.AP_PERF_INST_CYCLES_VALU}}'}, {'type': 'VARIABLE', 'value': '{{ISU.AP_PERF_INST_CYCLES_MMA}}'}, {'type': 'VARIABLE', 'value': '{{ISU.AP_PERF_ISU_AP_BUSY}}'}]
2026-06-26 14:39:27,562 INFO utils.complier: analyse  formula:[]
2026-06-26 14:39:27,563 INFO utils.complier: analyse  formula:[]
2026-06-26 14:39:27,563 INFO utils.complier: analyse  formula:[{'type': 'VARIABLE', 'value': '{{CE.CE_PERF_SEND_RM_WORKGROUPS}}'}]
2026-06-26 14:39:27,563 INFO utils.complier: analyse  formula:[]
2026-06-26 14:39:27,563 INFO utils.complier: analyse  formula:[]
2026-06-26 14:39:27,563 INFO utils.complier: analyse  formula:[{'type': 'VARIABLE', 'value': '{{CE.CE_PERF_SEND_RM_WAVES}}'}]
2026-06-26 14:39:27,563 INFO utils.complier: analyse  formula:[]
2026-06-26 14:39:27,563 INFO utils.complier: analyse  formula:[]
2026-06-26 14:39:27,563 INFO utils.complier: analyse  formula:[{'type': 'VARIABLE', 'value': '{{RM.RM_PERF_WAVES_InFlight_Level_P0}}'}, {'type': 'VARIABLE', 'value': '{{RM.RM_PERF_WAVES_InFlight_Level_P1}}'}, {'type': 'VARIABLE', 'value': '{{RM.RM_PERF_WAVES_InFlight_Level_P2}}'}, {'type': 'VARIABLE', 'value': '{{RM.RM_PERF_WAVES_InFlight_Level_P3}}'}, {'type': 'VARIABLE', 'value': '{{CE.CE_PERF_SEND_RM_WAVES}}'}]
2026-06-26 14:39:27,563 INFO utils.complier: analyse  formula:[]
2026-06-26 14:39:27,563 INFO utils.complier: analyse  formula:[]
2026-06-26 14:39:27,564 INFO utils.complier: analyse  formula:[{'type': 'VARIABLE', 'value': '{{ISU.AP_PERF_INST_CYCLES_VALU_4CYCLES}}'}, {'type': 'VARIABLE', 'value': '{{ISU.AP_PERF_INST_CYCLES_VALU_16CYCLES}}'}, {'type': 'VARIABLE', 'value': '{{ISU.AP_PERF_INST_CYCLES_MMA_16CYCLES}}'}, {'type': 'VARIABLE', 'value': '{{ISU.AP_PERF_INST_CYCLES_MMA_32CYCLES}}'}]
2026-06-26 14:39:27,565 INFO utils.complier: analyse  formula:[]
2026-06-26 14:39:27,566 INFO utils.complier: analyse  formula:[]
2026-06-26 14:39:27,566 INFO utils.complier: analyse  formula:[{'type': 'VARIABLE_DICT', 'value': '{{{ISU.AP_PERF_INST_CYCLES_MMA}}}'}, {'type': 'VARIABLE_DICT', 'value': '{{{ISU.AP_PERF_INST_CYCLES_MMA}}}'}, {'type': 'VARIABLE_DICT', 'value': '{{{ISU.AP_PERF_INST_CYCLES_VALU}}}'}]
2026-06-26 14:39:27,567 INFO utils.complier: analyse  formula:[]
2026-06-26 14:39:27,567 INFO utils.complier: analyse  formula:[]
2026-06-26 14:39:27,568 INFO utils.complier: analyse  formula:[{'type': 'VARIABLE', 'value': '{{ISU.AP_PERF_INSTS_VALU}}'}, {'type': 'VARIABLE', 'value': '{{ISU.AP_PERF_INSTS_MMA}}'}, {'type': 'VARIABLE', 'value': '{{ISU.AP_PERF_INSTS_SALU}}'}, {'type': 'VARIABLE', 'value': '{{ISU.AP_PERF_INSTS_GVM}}'}, {'type': 'VARIABLE', 'value': '{{ISU.AP_PERF_INSTS_BSM}}'}, {'type': 'VARIABLE', 'value': '{{ISU.AP_PERF_INSTS_LDU}}'}, {'type': 'VARIABLE', 'value': '{{ISU.AP_PERF_INST_MISC}}'}]
2026-06-26 14:39:27,569 INFO utils.complier: analyse  formula:[]
2026-06-26 14:39:27,570 INFO utils.complier: analyse  formula:[]
2026-06-26 14:39:27,570 INFO utils.complier: analyse  formula:[{'type': 'VARIABLE', 'value': '{{ISU.AP_PERF_ISU_ARB_WSM_STALL}}'}, {'type': 'VARIABLE', 'value': '{{ISU.AP_PERF_ISU_ARB_VLS_STALL}}'}, {'type': 'VARIABLE', 'value': '{{ISU.AP_PERF_ISU_ARB_DATA_STALL}}'}, {'type': 'VARIABLE', 'value': '{{ISU.AP_PERF_ISU_ARB_VALU_STALL}}'}]
2026-06-26 14:39:27,571 INFO utils.complier: analyse  formula:[]
2026-06-26 14:39:27,572 INFO utils.complier: analyse  formula:[]
2026-06-26 14:39:27,572 INFO utils.complier: analyse  formula:[]
2026-06-26 14:39:27,572 INFO utils.complier: analyse  formula:[{'type': 'PRE_VAR', 'value': '@global_insts_rd'}]
2026-06-26 14:39:27,572 INFO utils.complier: analyse  formula:[]
2026-06-26 14:39:27,572 INFO utils.complier: analyse  formula:[]
2026-06-26 14:39:27,572 INFO utils.complier: analyse  formula:[{'type': 'PRE_VAR', 'value': '@global_insts_wr'}]
2026-06-26 14:39:27,572 INFO utils.complier: analyse  formula:[]
2026-06-26 14:39:27,572 INFO utils.complier: analyse  formula:[{'type': 'VARIABLE', 'value': '{{ISU.AP_PERF_INST_GLOBAL_ATOMIC}}'}, {'type': 'VARIABLE', 'value': '{{ISU.AP_PERF_INST_GLOBAL_ATOMIC_64}}'}]
2026-06-26 14:39:27,572 INFO utils.complier: analyse  formula:[]
2026-06-26 14:39:27,572 INFO utils.complier: analyse  formula:[]
2026-06-26 14:39:27,572 INFO utils.complier: analyse  formula:[]
2026-06-26 14:39:27,572 INFO utils.complier: analyse  formula:[{'type': 'PRE_VAR', 'value': '@private_insts_rd'}]
2026-06-26 14:39:27,572 INFO utils.complier: analyse  formula:[]
2026-06-26 14:39:27,572 INFO utils.complier: analyse  formula:[]
2026-06-26 14:39:27,572 INFO utils.complier: analyse  formula:[{'type': 'PRE_VAR', 'value': '@private_insts_wr'}]
2026-06-26 14:39:27,573 INFO utils.complier: analyse  formula:[]
2026-06-26 14:39:27,573 INFO utils.complier: analyse  formula:[]
2026-06-26 14:39:27,573 INFO utils.complier: analyse  formula:[{'type': 'PRE_VAR', 'value': '@ldu_insts_rd'}]
2026-06-26 14:39:27,573 INFO utils.complier: analyse  formula:[]
2026-06-26 14:39:27,573 INFO utils.complier: analyse  formula:[]
2026-06-26 14:39:27,573 INFO utils.complier: analyse  formula:[{'type': 'PRE_VAR', 'value': '@sl1_rd'}]
2026-06-26 14:39:27,573 INFO utils.complier: analyse  formula:[]
2026-06-26 14:39:27,573 INFO utils.complier: analyse  formula:[]
2026-06-26 14:39:27,573 INFO utils.complier: analyse  formula:[{'type': 'PRE_VAR', 'value': '@sl1_l2c_rd'}]
2026-06-26 14:39:27,573 INFO utils.complier: analyse  formula:[]
2026-06-26 14:39:27,573 INFO utils.complier: analyse  formula:[]
2026-06-26 14:39:27,573 INFO utils.complier: analyse  formula:[{'type': 'PRE_VAR', 'value': '@sl1_hit_rate'}]
2026-06-26 14:39:27,573 INFO utils.complier: analyse  formula:[]
2026-06-26 14:39:27,573 INFO utils.complier: analyse  formula:[]
2026-06-26 14:39:27,573 INFO utils.complier: analyse  formula:[{'type': 'PRE_VAR', 'value': '@vl1_insts_rd'}]
2026-06-26 14:39:27,573 INFO utils.complier: analyse  formula:[]
2026-06-26 14:39:27,573 INFO utils.complier: analyse  formula:[]
2026-06-26 14:39:27,573 INFO utils.complier: analyse  formula:[{'type': 'PRE_VAR', 'value': '@vl1_insts_wr'}]
2026-06-26 14:39:27,573 INFO utils.complier: analyse  formula:[]
2026-06-26 14:39:27,573 INFO utils.complier: analyse  formula:[{'type': 'VARIABLE', 'value': '{{VL1.p_total_atomic_instruction_event}}'}]
2026-06-26 14:39:27,573 INFO utils.complier: analyse  formula:[]
2026-06-26 14:39:27,574 INFO utils.complier: analyse  formula:[]
2026-06-26 14:39:27,574 INFO utils.complier: analyse  formula:[]
2026-06-26 14:39:27,574 INFO utils.complier: analyse  formula:[{'type': 'PRE_VAR', 'value': '@vl1_hit_rate'}]
2026-06-26 14:39:27,574 INFO utils.complier: analyse  formula:[]
2026-06-26 14:39:27,574 INFO utils.complier: analyse  formula:[]
2026-06-26 14:39:27,574 INFO utils.complier: analyse  formula:[{'type': 'PRE_VAR', 'value': '@l2c_insts_rd'}]
2026-06-26 14:39:27,574 INFO utils.complier: analyse  formula:[]
2026-06-26 14:39:27,574 INFO utils.complier: analyse  formula:[]
2026-06-26 14:39:27,574 INFO utils.complier: analyse  formula:[{'type': 'PRE_VAR', 'value': '@l2c_insts_wr'}]
2026-06-26 14:39:27,574 INFO utils.complier: analyse  formula:[]
2026-06-26 14:39:27,574 INFO utils.complier: analyse  formula:[{'type': 'VARIABLE', 'value': '{{L2C.perf_atomic_req}}'}]
2026-06-26 14:39:27,574 INFO utils.complier: analyse  formula:[]
2026-06-26 14:39:27,574 INFO utils.complier: analyse  formula:[]
2026-06-26 14:39:27,574 INFO utils.complier: analyse  formula:[]
2026-06-26 14:39:27,574 INFO utils.complier: analyse  formula:[{'type': 'PRE_VAR', 'value': '@l2c_hit_rate'}]
2026-06-26 14:39:27,574 INFO utils.complier: analyse  formula:[]
2026-06-26 14:39:27,574 INFO utils.complier: analyse  formula:[{'type': 'VARIABLE', 'value': '{{ISU.AP_PERF_INSTS_GVM_ATOMIC}}'}, {'type': 'VARIABLE', 'value': '{{ISU.AP_PERF_INST_BSM_ATOMIC}}'}]
2026-06-26 14:39:27,574 INFO utils.complier: analyse  formula:[]
2026-06-26 14:39:27,574 INFO utils.complier: analyse  formula:[]
2026-06-26 14:39:27,575 INFO utils.complier: analyse  formula:[{'type': 'VARIABLE', 'value': '{{L2C.perf_dnoc_rdreq}}'}]
2026-06-26 14:39:27,575 INFO utils.complier: analyse  formula:[]
2026-06-26 14:39:27,575 INFO utils.complier: analyse  formula:[]
2026-06-26 14:39:27,575 INFO utils.complier: analyse  formula:[{'type': 'VARIABLE', 'value': '{{L2C.perf_dnoc_wrreq}}'}]
2026-06-26 14:39:27,575 INFO utils.complier: analyse  formula:[]
2026-06-26 14:39:27,575 INFO utils.complier: analyse  formula:[]
2026-06-26 14:39:27,575 INFO utils.complier: analyse  formula:[{'type': 'VARIABLE', 'value': '{{L2C.perf_dnoc_rdreq_32B}}'}, {'type': 'VARIABLE', 'value': '{{L2C.perf_dnoc_rdreq_64B}}'}, {'type': 'VARIABLE', 'value': '{{L2C.perf_dnoc_rdreq_128B}}'}]
2026-06-26 14:39:27,575 INFO utils.complier: analyse  formula:[]
2026-06-26 14:39:27,575 INFO utils.complier: analyse  formula:[]
2026-06-26 14:39:27,575 INFO utils.complier: analyse  formula:[{'type': 'VARIABLE', 'value': '{{L2C.perf_dnoc_wrreq_32B_low}}'}, {'type': 'VARIABLE', 'value': '{{L2C.perf_dnoc_wrreq_32B_high}}'}, {'type': 'VARIABLE', 'value': '{{L2C.perf_dnoc_wrreq_64B}}'}, {'type': 'VARIABLE', 'value': '{{L2C.perf_dnoc_wrreq_128B}}'}]
2026-06-26 14:39:27,576 INFO utils.complier: analyse  formula:[]
2026-06-26 14:39:27,576 INFO utils.complier: analyse  formula:[]
2026-06-26 14:39:27,579 INFO utils.complier: analyse  formula:[]
2026-06-26 14:39:27,582 INFO utils.complier: analyse  formula:[{'type': 'PRE_VAR', 'value': '@vl1_hit_rate'}, {'type': 'PRE_VAR', 'value': '@l2c_hit_rate'}, {'type': 'PRE_VAR', 'value': '@sl1_hit_rate'}, {'type': 'PRE_VAR', 'value': '@global_insts_rd'}, {'type': 'PRE_VAR', 'value': '@global_insts_wr'}, {'type': 'PRE_VAR', 'value': '@private_insts_rd'}, {'type': 'PRE_VAR', 'value': '@private_insts_wr'}, {'type': 'PRE_VAR', 'value': '@generic_insts_rd'}, {'type': 'PRE_VAR', 'value': '@generic_insts_wr'}, {'type': 'PRE_VAR', 'value': '@ldu_insts_rd'}, {'type': 'PRE_VAR', 'value': '@bsm_insts_rd'}, {'type': 'PRE_VAR', 'value': '@bsm_insts_wr'}, {'type': 'PRE_VAR', 'value': '@vl1_insts_rd'}, {'type': 'PRE_VAR', 'value': '@vl1_insts_wr'}, {'type': 'PRE_VAR', 'value': '@sl1_rd'}, {'type': 'PRE_VAR', 'value': '@sl1_l2c_rd'}, {'type': 'PRE_VAR', 'value': '@l2c_insts_rd'}, {'type': 'PRE_VAR', 'value': '@l2c_insts_wr'}]
2026-06-26 14:39:27,585 INFO utils.complier: analyse  formula:[]
2026-06-26 14:39:27,586 INFO utils.complier: analyse  formula:[{'type': 'VARIABLE', 'value': '{{L2C.perf_dnoc_rdreq_inflight_level}}'}, {'type': 'VARIABLE', 'value': '{{L2C.perf_dnoc_rdreq}}'}]
2026-06-26 14:39:27,586 INFO utils.complier: analyse  formula:[]
2026-06-26 14:39:27,586 INFO utils.complier: analyse  formula:[]
2026-06-26 14:39:27,586 INFO utils.complier: analyse  formula:[{'type': 'VARIABLE', 'value': '{{L2C.perf_dnoc_rd_histogram_0_255}}'}, {'type': 'VARIABLE', 'value': '{{L2C.perf_dnoc_rd_histogram_256_511}}'}, {'type': 'VARIABLE', 'value': '{{L2C.perf_dnoc_rd_histogram_512_1K}}'}, {'type': 'VARIABLE', 'value': '{{L2C.perf_dnoc_rd_histogram_1K_2K}}'}, {'type': 'VARIABLE', 'value': '{{L2C.perf_dnoc_rd_histogram_2K_INF}}'}]
2026-06-26 14:39:27,587 INFO utils.complier: analyse  formula:[]
2026-06-26 14:39:27,587 INFO utils.complier: analyse  formula:[]
2026-06-26 14:39:27,587 INFO utils.complier: analyse  formula:[{'type': 'VARIABLE', 'value': '{{VL1.p_stall_due_oldest_pt0}}'}, {'type': 'VARIABLE', 'value': '{{VL1.p_stall_due_oldest_pt1}}'}, {'type': 'VARIABLE', 'value': '{{VL1.p_stall_due_oldest_pt2}}'}, {'type': 'VARIABLE', 'value': '{{VL1.p_stall_due_oldest_pt3}}'}]
2026-06-26 14:39:27,588 INFO utils.complier: analyse  formula:[]
2026-06-26 14:39:27,588 INFO utils.complier: analyse  formula:[]
2026-06-26 14:39:27,588 INFO utils.complier: analyse  formula:[{'type': 'VARIABLE', 'value': '{{ISU.AP_PERF_INST_BSM_RD}}'}]
2026-06-26 14:39:27,588 INFO utils.complier: analyse  formula:[]
2026-06-26 14:39:27,588 INFO utils.complier: analyse  formula:[]
2026-06-26 14:39:27,588 INFO utils.complier: analyse  formula:[{'type': 'VARIABLE', 'value': '{{ISU.AP_PERF_INST_BSM_WR}}'}]
2026-06-26 14:39:27,588 INFO utils.complier: analyse  formula:[]
2026-06-26 14:39:27,588 INFO utils.complier: analyse  formula:[]
2026-06-26 14:39:27,588 INFO utils.complier: analyse  formula:[{'type': 'VARIABLE', 'value': '{{ISU.AP_PERF_INST_BSM_ATOMIC}}'}]
2026-06-26 14:39:27,588 INFO utils.complier: analyse  formula:[]
2026-06-26 14:39:27,588 INFO utils.complier: analyse  formula:[]
2026-06-26 14:39:27,588 INFO utils.complier: analyse  formula:[{'type': 'VARIABLE', 'value': '{{ISU.AP_PERF_INSTS_BSM}}'}]
2026-06-26 14:39:27,589 INFO utils.complier: analyse  formula:[]
2026-06-26 14:39:27,589 INFO utils.complier: analyse  formula:[]
2026-06-26 14:39:27,589 INFO utils.complier: analyse  formula:[{'type': 'VARIABLE', 'value': '{{ISU.AP_PERF_BSM_READ_INFLIGHT_LEVEL}}'}, {'type': 'VARIABLE', 'value': '{{ISU.AP_PERF_INST_BSM_RD}}'}, {'type': 'VARIABLE', 'value': '{{ISU.AP_PERF_INST_BSM_RD}}'}]
2026-06-26 14:39:27,589 INFO utils.complier: analyse  formula:[]
2026-06-26 14:39:27,589 INFO utils.complier: analyse  formula:[]
2026-06-26 14:39:27,589 INFO utils.complier: analyse  formula:[{'type': 'VARIABLE', 'value': '{{ISU.AP_PERF_BSM_WR_INFLIGHT_LEVEL}}'}, {'type': 'VARIABLE', 'value': '{{ISU.AP_PERF_INST_BSM_WR}}'}, {'type': 'VARIABLE', 'value': '{{ISU.AP_PERF_INST_BSM_WR}}'}]
2026-06-26 14:39:27,589 INFO utils.complier: analyse  formula:[]
2026-06-26 14:39:27,589 INFO utils.complier: analyse  formula:[]
2026-06-26 14:39:27,590 INFO utils.complier: analyse  formula:[{'type': 'VARIABLE', 'value': '{{ISU.AP_PERF_BSM_ATOMIC_INFLIGHT_LEVEL}}'}, {'type': 'VARIABLE', 'value': '{{ISU.AP_PERF_INST_BSM_ATOMIC}}'}, {'type': 'VARIABLE', 'value': '{{ISU.AP_PERF_INST_BSM_ATOMIC}}'}]
2026-06-26 14:39:27,590 INFO utils.complier: analyse  formula:[]
2026-06-26 14:39:27,590 INFO utils.complier: analyse  formula:[]
2026-06-26 14:39:27,590 INFO utils.complier: analyse  formula:[{'type': 'VARIABLE', 'value': '{{ISU.AP_PERF_BSM_INFLIGHT_LEVEL_IN_AP}}'}, {'type': 'VARIABLE', 'value': '{{ISU.AP_PERF_BSM_INFLIGHT_LEVEL}}'}, {'type': 'VARIABLE', 'value': '{{ISU.AP_PERF_INSTS_BSM}}'}, {'type': 'VARIABLE', 'value': '{{ISU.AP_PERF_INSTS_BSM}}'}]
2026-06-26 14:39:27,590 INFO utils.complier: analyse  formula:[]
2026-06-26 14:39:27,590 INFO utils.complier: analyse  formula:[]
2026-06-26 14:39:27,591 INFO utils.complier: analyse  formula:[{'type': 'VARIABLE', 'value': '{{ISU.AP_PERF_BSM_RD_CYCLES}}'}, {'type': 'VARIABLE', 'value': '{{ISU.AP_PERF_INST_BSM_RD}}'}, {'type': 'VARIABLE', 'value': '{{ISU.AP_PERF_INST_BSM_RD}}'}]
2026-06-26 14:39:27,591 INFO utils.complier: analyse  formula:[]
2026-06-26 14:39:27,591 INFO utils.complier: analyse  formula:[]
2026-06-26 14:39:27,591 INFO utils.complier: analyse  formula:[{'type': 'VARIABLE', 'value': '{{ISU.AP_PERF_BSM_WR_CYCLES}}'}, {'type': 'VARIABLE', 'value': '{{ISU.AP_PERF_INST_BSM_WR}}'}, {'type': 'VARIABLE', 'value': '{{ISU.AP_PERF_INST_BSM_WR}}'}]
2026-06-26 14:39:27,591 INFO utils.complier: analyse  formula:[]
2026-06-26 14:39:27,591 INFO utils.complier: analyse  formula:[]
2026-06-26 14:39:27,591 INFO utils.complier: analyse  formula:[{'type': 'VARIABLE', 'value': '{{ISU.AP_PERF_BSM_ATOMIC_CYCLES}}'}, {'type': 'VARIABLE', 'value': '{{ISU.AP_PERF_INST_BSM_ATOMIC}}'}, {'type': 'VARIABLE', 'value': '{{ISU.AP_PERF_INST_BSM_ATOMIC}}'}]
2026-06-26 14:39:27,592 INFO utils.complier: analyse  formula:[]
2026-06-26 14:39:27,592 INFO utils.complier: analyse  formula:[]
2026-06-26 14:39:27,592 INFO utils.complier: analyse  formula:[{'type': 'VARIABLE', 'value': '{{ISU.AP_PERF_BSM_CONFLICT_CYCLES}}'}, {'type': 'VARIABLE', 'value': '{{ISU.AP_PERF_INSTS_BSM}}'}, {'type': 'VARIABLE', 'value': '{{ISU.AP_PERF_INSTS_BSM}}'}]
2026-06-26 14:39:27,592 INFO utils.complier: analyse  formula:[]
2026-06-26 14:39:27,592 INFO utils.complier: analyse  formula:[]
2026-06-26 14:39:27,592 INFO utils.complier: analyse  formula:[{'type': 'VARIABLE', 'value': '{{ISU.AP_PERF_BSM_RD_CYCLES}}'}, {'type': 'VARIABLE', 'value': '{{ISU.AP_PERF_BSM_WR_CYCLES}}'}, {'type': 'VARIABLE', 'value': '{{ISU.AP_PERF_BSM_ATOMIC_CYCLES}}'}, {'type': 'VARIABLE', 'value': '{{ISU.AP_PERF_INSTS_BSM}}'}, {'type': 'VARIABLE', 'value': '{{ISU.AP_PERF_INSTS_BSM}}'}]
2026-06-26 14:39:27,592 INFO utils.complier: analyse  formula:[]
2026-06-26 14:39:27,593 INFO utils.complier: analyse  formula:[]
2026-06-26 14:39:27,593 INFO utils.complier: analyse  formula:[{'type': 'VARIABLE', 'value': '{{ISU.AP_PERF_BSM_RD_CYCLES}}'}, {'type': 'VARIABLE', 'value': '{{ISU.AP_PERF_BSM_WR_CYCLES}}'}, {'type': 'VARIABLE', 'value': '{{ISU.AP_PERF_BSM_ATOMIC_CYCLES}}'}, {'type': 'VARIABLE', 'value': '{{ISU.AP_PERF_BSM_CONFLICT_CYCLES}}'}]
2026-06-26 14:39:27,593 INFO utils.complier: analyse  formula:[]
2026-06-26 14:39:27,594 INFO utils.complier: analyse  formula:[]
2026-06-26 14:39:27,594 INFO utils.complier: analyse  formula:[{'type': 'VARIABLE', 'value': '{{ISU.AP_PERF_WAVES}}'}]
2026-06-26 14:39:27,594 INFO utils.complier: analyse  formula:[]
2026-06-26 14:39:27,594 INFO utils.complier: analyse  formula:[]
2026-06-26 14:39:27,594 INFO utils.complier: analyse  formula:[{'type': 'VARIABLE', 'value': '{{RM.RM_PERF_DISPATCHED_WAVES_P0}}'}, {'type': 'VARIABLE', 'value': '{{RM.RM_PERF_DISPATCHED_WAVES_P1}}'}, {'type': 'VARIABLE', 'value': '{{RM.RM_PERF_DISPATCHED_WAVES_P2}}'}, {'type': 'VARIABLE', 'value': '{{RM.RM_PERF_DISPATCHED_WAVES_P3}}'}]
2026-06-26 14:39:27,594 INFO utils.complier: analyse  formula:[]
2026-06-26 14:39:27,594 INFO utils.complier: analyse  formula:[]
2026-06-26 14:39:27,594 INFO utils.complier: analyse  formula:[{'type': 'VARIABLE', 'value': '{{ISU.AP_PERF_ISU_AP_BUSY}}'}]
2026-06-26 14:39:27,594 INFO utils.complier: analyse  formula:[]
2026-06-26 14:39:27,594 INFO utils.complier: analyse  formula:[]
2026-06-26 14:39:27,595 INFO utils.complier: analyse  formula:[{'type': 'VARIABLE', 'value': '{{ISU.AP_PERF_INST_TRANS_FP16}}'}, {'type': 'VARIABLE', 'value': '{{ISU.AP_PERF_INST_TRANS_FP32}}'}, {'type': 'VARIABLE', 'value': '{{ISU.AP_PERF_MTE_PI_SEG_SEL_F64}}'}, {'type': 'VARIABLE', 'value': '{{ISU.AP_PERF_INST_CYCLES_VALU_4CYCLES}}'}, {'type': 'VARIABLE', 'value': '{{ISU.AP_PERF_ISU_AP_BUSY}}'}]
2026-06-26 14:39:27,595 INFO utils.complier: analyse  formula:[]
2026-06-26 14:39:27,595 INFO utils.complier: analyse  formula:[]
2026-06-26 14:39:27,595 INFO utils.complier: analyse  formula:[{'type': 'VARIABLE', 'value': '{{ISU.AP_PERF_INSTS_SALU}}'}, {'type': 'VARIABLE', 'value': '{{ISU.AP_PERF_ISU_AP_BUSY}}'}]
2026-06-26 14:39:27,595 INFO utils.complier: analyse  formula:[]
2026-06-26 14:39:27,595 INFO utils.complier: analyse  formula:[]
2026-06-26 14:39:27,595 INFO utils.complier: analyse  formula:[{'type': 'VARIABLE', 'value': '{{ISU.AP_PERF_INST_CYCLES_MMA}}'}, {'type': 'VARIABLE', 'value': '{{ISU.AP_PERF_ISU_AP_BUSY}}'}]
2026-06-26 14:39:27,596 INFO utils.complier: analyse  formula:[]
2026-06-26 14:39:27,596 INFO utils.complier: analyse  formula:[]
2026-06-26 14:39:27,596 INFO utils.complier: analyse  formula:[{'type': 'VARIABLE', 'value': '{{VLS.PERFEVENT_VLS_ACTIVE}}'}, {'type': 'VARIABLE', 'value': '{{ISU.AP_PERF_ISU_AP_BUSY}}'}]
2026-06-26 14:39:27,596 INFO utils.complier: analyse  formula:[]
2026-06-26 14:39:27,596 INFO utils.complier: analyse  formula:[]
2026-06-26 14:39:27,596 INFO utils.complier: analyse  formula:[{'type': 'VARIABLE', 'value': '{{L2C.perf_req}}'}, {'type': 'VARIABLE', 'value': '{{L2C.1_b1}}'}]
2026-06-26 14:39:27,596 INFO utils.complier: analyse  formula:[]
2026-06-26 14:39:27,596 INFO utils.complier: analyse  formula:[]
2026-06-26 14:39:27,596 INFO utils.complier: analyse  formula:[{'type': 'VARIABLE', 'value': '{{ISU.AP_PERF_ISU_AP_BUSY}}'}]
2026-06-26 14:39:27,596 INFO utils.complier: analyse  formula:[{'type': 'PRE_VAR', 'value': '@total_instruction_num'}]
2026-06-26 14:39:27,597 INFO utils.complier: analyse  formula:[]
2026-06-26 14:39:27,597 INFO utils.complier: analyse  formula:[{'type': 'VARIABLE_DICT', 'value': '{{{ISU.AP_PERF_INSTS_VALU}}}'}, {'type': 'VARIABLE', 'value': '{{ISU.AP_PERF_ISU_AP_BUSY}}'}]
2026-06-26 14:39:27,597 INFO utils.complier: analyse  formula:[{'type': 'PRE_VAR', 'value': '@total_instruction_num'}]
2026-06-26 14:39:27,597 INFO utils.complier: analyse  formula:[]
2026-06-26 14:39:27,598 INFO utils.complier: analyse  formula:[{'type': 'VARIABLE_DICT', 'value': '{{{ISU.AP_PERF_INSTS_VALU}}}'}, {'type': 'VARIABLE', 'value': '{{ISU.AP_PERF_ISU_AP_BUSY}}'}]
2026-06-26 14:39:27,598 INFO utils.complier: analyse  formula:[{'type': 'PRE_VAR', 'value': '@total_instruction_num'}]
2026-06-26 14:39:27,598 INFO utils.complier: analyse  formula:[]
2026-06-26 14:39:27,598 INFO utils.complier: analyse  formula:[{'type': 'VARIABLE', 'value': '{{ISU.AP_PERF_INSTS_VALU}}'}, {'type': 'VARIABLE', 'value': '{{ISU.AP_PERF_INSTS_MMA}}'}, {'type': 'VARIABLE', 'value': '{{ISU.AP_PERF_INSTS_SALU}}'}, {'type': 'VARIABLE', 'value': '{{ISU.AP_PERF_INSTS_GVM}}'}, {'type': 'VARIABLE', 'value': '{{ISU.AP_PERF_INSTS_BSM}}'}, {'type': 'VARIABLE', 'value': '{{ISU.AP_PERF_INSTS_LDU}}'}, {'type': 'VARIABLE', 'value': '{{ISU.AP_PERF_INST_MISC}}'}, {'type': 'VARIABLE', 'value': '{{ISU.AP_PERF_ISU_AP_BUSY}}'}]
2026-06-26 14:39:27,599 INFO utils.complier: analyse  formula:[]
2026-06-26 14:39:27,599 INFO utils.complier: analyse  formula:[]
2026-06-26 14:39:27,599 INFO utils.complier: analyse  formula:[{'type': 'VARIABLE_DICT', 'value': '{{{ISU.AP_PERF_INSTS_VALU}}}'}, {'type': 'VARIABLE', 'value': '{{ISU.AP_PERF_INSTS_VALU}}'}, {'type': 'VARIABLE', 'value': '{{ISU.AP_PERF_INSTS_MMA}}'}, {'type': 'VARIABLE', 'value': '{{ISU.AP_PERF_INSTS_SALU}}'}, {'type': 'VARIABLE', 'value': '{{ISU.AP_PERF_INSTS_GVM}}'}, {'type': 'VARIABLE', 'value': '{{ISU.AP_PERF_INSTS_BSM}}'}, {'type': 'VARIABLE', 'value': '{{ISU.AP_PERF_INSTS_LDU}}'}, {'type': 'VARIABLE', 'value': '{{ISU.AP_PERF_INST_MISC}}'}, {'type': 'VARIABLE', 'value': '{{ISU.AP_PERF_ISU_AP_BUSY}}'}]
2026-06-26 14:39:27,600 INFO utils.complier: analyse  formula:[]
2026-06-26 14:39:27,600 INFO utils.complier: analyse  formula:[]
2026-06-26 14:39:27,603 INFO utils.complier: analyse  formula:[{'type': 'VARIABLE', 'value': '{{ISU.AP_PERF_INSTS_VALU}}'}, {'type': 'VARIABLE', 'value': '{{ISU.AP_PERF_INST_FMA_F32}}'}, {'type': 'VARIABLE', 'value': '{{ISU.AP_PERF_INST_FMA_F64}}'}, {'type': 'VARIABLE', 'value': '{{ISU.AP_PERF_INST_TRANS_FP16}}'}, {'type': 'VARIABLE', 'value': '{{ISU.AP_PERF_INST_TRANS_FP32}}'}, {'type': 'VARIABLE', 'value': '{{ISU.AP_PERF_MTE_PI_SEG_SEL_F64}}'}, {'type': 'VARIABLE', 'value': '{{ISU.AP_PERF_MTE_PI_SEG_SEL_F64}}'}, {'type': 'VARIABLE', 'value': '{{ISU.AP_PERF_INST_FMA_F32}}'}, {'type': 'VARIABLE', 'value': '{{ISU.AP_PERF_INST_FMA_F64}}'}, {'type': 'VARIABLE', 'value': '{{ISU.AP_PERF_INST_TRANS_FP16}}'}, {'type': 'VARIABLE', 'value': '{{ISU.AP_PERF_INST_TRANS_FP32}}'}, {'type': 'VARIABLE', 'value': '{{ISU.AP_PERF_INST_MMA_INT8}}'}, {'type': 'VARIABLE', 'value': '{{ISU.AP_PERF_INST_MMA_FP16}}'}, {'type': 'VARIABLE', 'value': '{{ISU.AP_PERF_INST_MMA_BF16}}'}, {'type': 'VARIABLE', 'value': '{{ISU.AP_PERF_INST_MMA_TF32}}'}, {'type': 'VARIABLE', 'value': '{{ISU.AP_PERF_INST_MMA_F32}}'}, {'type': 'VARIABLE', 'value': '{{ISU.AP_PERF_INST_MMA_F64}}'}, {'type': 'VARIABLE', 'value': '{{ISU.AP_PERF_INST_MMA_TF64}}'}, {'type': 'VARIABLE', 'value': '{{L2C.perf_dnoc_rdreq_32B}}'}, {'type': 'VARIABLE', 'value': '{{L2C.perf_dnoc_rdreq_64B}}'}, {'type': 'VARIABLE', 'value': '{{L2C.perf_dnoc_rdreq_128B}}'}, {'type': 'VARIABLE', 'value': '{{L2C.perf_dnoc_wrreq_32B_low}}'}, {'type': 'VARIABLE', 'value': '{{L2C.perf_dnoc_wrreq_32B_high}}'}, {'type': 'VARIABLE', 'value': '{{L2C.perf_dnoc_wrreq_64B}}'}, {'type': 'VARIABLE', 'value': '{{L2C.perf_dnoc_wrreq_128B}}'}, {'type': 'VARIABLE', 'value': '{{VL1.p_perf_thread_req_cnt}}'}, {'type': 'VARIABLE', 'value': '{{VL1.perf_inflt_rd_req}}'}, {'type': 'VARIABLE', 'value': '{{ISU.AP_PERF_ISU_AP_BUSY}}'}, {'type': 'VARIABLE_DICT', 'value': '{{{ISU.AP_PERF_ISU_AP_BUSY}}}'}]
2026-06-26 14:39:27,605 INFO utils.complier: analyse  formula:[]
2026-06-26 14:39:27,608 INFO utils.complier: analyse  formula:[]
2026-06-26 14:39:27,608 INFO utils.complier: analyse  formula:[{'type': 'VARIABLE', 'value': '{{ISU.AP_PERF_INSTS_VALU}}'}, {'type': 'VARIABLE', 'value': '{{ISU.AP_PERF_INSTS_MMA}}'}, {'type': 'VARIABLE', 'value': '{{ISU.AP_PERF_INSTS_SALU}}'}, {'type': 'VARIABLE', 'value': '{{ISU.AP_PERF_INST_MISC}}'}]
2026-06-26 14:39:27,608 INFO utils.complier: analyse  formula:[]
2026-06-26 14:39:27,608 INFO utils.complier: analyse  formula:[{'type': 'VARIABLE', 'value': '{{ISU.AP_PERF_INSTS_GVM}}'}, {'type': 'VARIABLE', 'value': '{{ISU.AP_PERF_INSTS_BSM}}'}, {'type': 'VARIABLE', 'value': '{{ISU.AP_PERF_INSTS_LDU}}'}]
2026-06-26 14:39:27,608 INFO utils.complier: analyse  formula:[]
2026-06-26 14:39:27,608 INFO utils.complier: analyse  formula:[{'type': 'VARIABLE', 'value': '{{ISU.AP_PERF_INST_GLOBAL_RD}}'}]
2026-06-26 14:39:27,608 INFO utils.complier: analyse  formula:[]
2026-06-26 14:39:27,608 INFO utils.complier: analyse  formula:[{'type': 'VARIABLE', 'value': '{{ISU.AP_PERF_INST_GLOBAL_WR}}'}]
2026-06-26 14:39:27,608 INFO utils.complier: analyse  formula:[]
2026-06-26 14:39:27,608 INFO utils.complier: analyse  formula:[{'type': 'VARIABLE', 'value': '{{ISU.AP_PERF_INST_PRIVATE_RD}}'}]
2026-06-26 14:39:27,608 INFO utils.complier: analyse  formula:[]
2026-06-26 14:39:27,608 INFO utils.complier: analyse  formula:[{'type': 'VARIABLE', 'value': '{{ISU.AP_PERF_INST_PRIVATE_WR}}'}]
2026-06-26 14:39:27,609 INFO utils.complier: analyse  formula:[]
2026-06-26 14:39:27,609 INFO utils.complier: analyse  formula:[{'type': 'VARIABLE', 'value': '{{ISU.AP_PERF_INST_GENERIC_RD}}'}]
2026-06-26 14:39:27,609 INFO utils.complier: analyse  formula:[]
2026-06-26 14:39:27,609 INFO utils.complier: analyse  formula:[{'type': 'VARIABLE', 'value': '{{ISU.AP_PERF_INST_GENERIC_WR}}'}]
2026-06-26 14:39:27,609 INFO utils.complier: analyse  formula:[]
2026-06-26 14:39:27,609 INFO utils.complier: analyse  formula:[{'type': 'VARIABLE', 'value': '{{ISU.AP_PERF_INSTS_LDU}}'}]
2026-06-26 14:39:27,609 INFO utils.complier: analyse  formula:[]
2026-06-26 14:39:27,609 INFO utils.complier: analyse  formula:[{'type': 'VARIABLE', 'value': '{{ISU.AP_PERF_INST_BSM_RD}}'}]
2026-06-26 14:39:27,609 INFO utils.complier: analyse  formula:[]
2026-06-26 14:39:27,609 INFO utils.complier: analyse  formula:[{'type': 'VARIABLE', 'value': '{{ISU.AP_PERF_INST_BSM_WR}}'}]
2026-06-26 14:39:27,609 INFO utils.complier: analyse  formula:[]
2026-06-26 14:39:27,609 INFO utils.complier: analyse  formula:[{'type': 'VARIABLE', 'value': '{{VL1.p_total_read_instruction_event}}'}]
2026-06-26 14:39:27,609 INFO utils.complier: analyse  formula:[]
2026-06-26 14:39:27,609 INFO utils.complier: analyse  formula:[{'type': 'VARIABLE', 'value': '{{VL1.p_total_write_instruction_event}}'}]
2026-06-26 14:39:27,609 INFO utils.complier: analyse  formula:[]
2026-06-26 14:39:27,609 INFO utils.complier: analyse  formula:[{'type': 'VARIABLE', 'value': '{{VL1.p_perf_thread_req_cnt}}'}, {'type': 'VARIABLE', 'value': '{{VL1.p_perf_miss_cnt}}'}, {'type': 'VARIABLE', 'value': '{{VL1.p_perf_thread_req_cnt}}'}]
2026-06-26 14:39:27,610 INFO utils.complier: analyse  formula:[]
2026-06-26 14:39:27,610 INFO utils.complier: analyse  formula:[{'type': 'VARIABLE', 'value': '{{L2C.perf_rd_req}}'}]
2026-06-26 14:39:27,610 INFO utils.complier: analyse  formula:[]
2026-06-26 14:39:27,610 INFO utils.complier: analyse  formula:[{'type': 'VARIABLE', 'value': '{{L2C.perf_wr_req}}'}]
2026-06-26 14:39:27,610 INFO utils.complier: analyse  formula:[]
2026-06-26 14:39:27,610 INFO utils.complier: analyse  formula:[{'type': 'VARIABLE', 'value': '{{L2C.perf_hit}}'}, {'type': 'VARIABLE', 'value': '{{L2C.perf_sector_hit}}'}, {'type': 'VARIABLE', 'value': '{{L2C.perf_miss}}'}]
2026-06-26 14:39:27,610 INFO utils.complier: analyse  formula:[]
2026-06-26 14:39:27,610 INFO utils.complier: analyse  formula:[{'type': 'VARIABLE', 'value': '{{SL1.sl1_kcache_total_hit_event}}'}, {'type': 'VARIABLE', 'value': '{{SL1.sl1_kcache_total_hit_on_miss_event}}'}, {'type': 'VARIABLE', 'value': '{{SL1.sl1_kcache_total_miss_event}}'}]
2026-06-26 14:39:27,611 INFO utils.complier: analyse  formula:[]
2026-06-26 14:39:27,611 INFO utils.complier: analyse  formula:[{'type': 'VARIABLE', 'value': '{{SL1.sl1_kcache_rd}}'}]
2026-06-26 14:39:27,611 INFO utils.complier: analyse  formula:[]
2026-06-26 14:39:27,611 INFO utils.complier: analyse  formula:[{'type': 'VARIABLE', 'value': '{{SL1.sl1_kcache_l2_rd}}'}]
2026-06-26 14:39:27,611 INFO utils.complier: analyse  formula:[]
2026-06-26 14:39:27,611 INFO utils.complier: analyse  formula:[{'type': 'VARIABLE', 'value': '{{ISU.AP_PERF_INSTS_VALU}}'}, {'type': 'VARIABLE', 'value': '{{ISU.AP_PERF_INSTS_MMA}}'}, {'type': 'VARIABLE', 'value': '{{ISU.AP_PERF_INSTS_SALU}}'}, {'type': 'VARIABLE', 'value': '{{ISU.AP_PERF_INSTS_GVM}}'}, {'type': 'VARIABLE', 'value': '{{ISU.AP_PERF_INSTS_BSM}}'}, {'type': 'VARIABLE', 'value': '{{ISU.AP_PERF_INSTS_LDU}}'}, {'type': 'VARIABLE', 'value': '{{ISU.AP_PERF_INST_MISC}}'}]
2026-06-26 14:39:27,611 INFO utils.complier: analyse  formula:[]
2026-06-26 14:39:27,611 INFO common.api_common: f_var:VL1.p_stall_due_oldest_pt3
2026-06-26 14:39:27,611 INFO common.api_common: f_var:ISU.AP_PERF_BSM_RD_CYCLES
2026-06-26 14:39:27,611 INFO common.api_common: f_var:ISU.AP_PERF_INSTS_LDU
2026-06-26 14:39:27,611 INFO common.api_common: f_var:VL1.perf_inflt_rd_req
2026-06-26 14:39:27,611 INFO common.api_common: f_var:L2C.perf_req
2026-06-26 14:39:27,611 INFO common.api_common: f_var:ISU.AP_PERF_BSM_CONFLICT_CYCLES
2026-06-26 14:39:27,611 INFO common.api_common: f_var:SL1.sl1_kcache_rd
2026-06-26 14:39:27,611 INFO common.api_common: f_var:L2C.perf_dnoc_wrreq_32B_low
2026-06-26 14:39:27,611 INFO common.api_common: f_var:L2C.perf_dnoc_rdreq
2026-06-26 14:39:27,611 INFO common.api_common: f_var:VLS.PERFEVENT_VLS_ACTIVE
2026-06-26 14:39:27,611 INFO common.api_common: f_var:ISU.AP_PERF_INST_GLOBAL_ATOMIC_64
2026-06-26 14:39:27,611 INFO common.api_common: f_var:ISU.AP_PERF_INST_FMA_F64
2026-06-26 14:39:27,611 INFO common.api_common: f_var:ISU.AP_PERF_WAVES
2026-06-26 14:39:27,611 INFO common.api_common: f_var:L2C.perf_atomic_req
2026-06-26 14:39:27,611 INFO common.api_common: f_var:VL1.p_stall_due_oldest_pt2
2026-06-26 14:39:27,611 INFO common.api_common: f_var:RM.RM_PERF_WAVES_InFlight_Level_P1
2026-06-26 14:39:27,611 INFO common.api_common: f_var:ISU.AP_PERF_INSTS_MMA
2026-06-26 14:39:27,611 INFO common.api_common: f_var:ISU.AP_PERF_INSTS_GVM
2026-06-26 14:39:27,611 INFO common.api_common: f_var:ISU.AP_PERF_ISU_AP_BUSY
2026-06-26 14:39:27,612 INFO common.api_common: f_var:ISU.AP_PERF_INST_CYCLES_VALU_4CYCLES
2026-06-26 14:39:27,612 INFO common.api_common: f_var:L2C.perf_dnoc_wrreq
2026-06-26 14:39:27,612 INFO common.api_common: f_var:SL1.sl1_kcache_total_hit_on_miss_event
2026-06-26 14:39:27,612 INFO common.api_common: f_var:ISU.AP_PERF_INST_CYCLES_VALU
2026-06-26 14:39:27,612 INFO common.api_common: f_var:L2C.perf_dnoc_wrreq_128B
2026-06-26 14:39:27,612 INFO common.api_common: f_var:L2C.perf_wr_req
2026-06-26 14:39:27,612 INFO common.api_common: f_var:RM.RM_PERF_WAVES_InFlight_Level_P0
2026-06-26 14:39:27,612 INFO common.api_common: f_var:L2C.perf_sector_hit
2026-06-26 14:39:27,612 INFO common.api_common: f_var:RM.RM_PERF_DISPATCHED_WAVES_P0
2026-06-26 14:39:27,612 INFO common.api_common: f_var:L2C.perf_dnoc_rdreq_128B
2026-06-26 14:39:27,612 INFO common.api_common: f_var:ISU.AP_PERF_INST_PRIVATE_WR
2026-06-26 14:39:27,612 INFO common.api_common: f_var:L2C.1_b1
2026-06-26 14:39:27,612 INFO common.api_common: f_var:ISU.AP_PERF_INST_CYCLES_VALU_16CYCLES
2026-06-26 14:39:27,612 INFO common.api_common: f_var:VL1.p_perf_thread_req_cnt
2026-06-26 14:39:27,612 INFO common.api_common: f_var:SL1.sl1_kcache_total_miss_event
2026-06-26 14:39:27,612 INFO common.api_common: f_var:ISU.AP_PERF_BSM_ATOMIC_CYCLES
2026-06-26 14:39:27,612 INFO common.api_common: f_var:RM.RM_PERF_WAVES_InFlight_Level_P3
2026-06-26 14:39:27,612 INFO common.api_common: f_var:VL1.p_total_read_instruction_event
2026-06-26 14:39:27,612 INFO common.api_common: f_var:ISU.AP_PERF_INSTS_VALU
2026-06-26 14:39:27,612 INFO common.api_common: f_var:L2C.perf_hit
2026-06-26 14:39:27,612 INFO common.api_common: f_var:ISU.AP_PERF_BSM_WR_INFLIGHT_LEVEL
2026-06-26 14:39:27,612 INFO common.api_common: f_var:ISU.AP_PERF_INST_BSM_ATOMIC
2026-06-26 14:39:27,612 INFO common.api_common: f_var:ISU.AP_PERF_ISU_ARB_DATA_STALL
2026-06-26 14:39:27,612 INFO common.api_common: f_var:ISU.AP_PERF_BSM_READ_INFLIGHT_LEVEL
2026-06-26 14:39:27,612 INFO common.api_common: f_var:ISU.AP_PERF_INST_CYCLES_MMA
2026-06-26 14:39:27,612 INFO common.api_common: f_var:ISU.AP_PERF_ISU_ARB_VALU_STALL
2026-06-26 14:39:27,612 INFO common.api_common: f_var:ISU.AP_PERF_INST_GLOBAL_WR
2026-06-26 14:39:27,612 INFO common.api_common: f_var:L2C.perf_dnoc_wrreq_64B
2026-06-26 14:39:27,612 INFO common.api_common: f_var:ISU.AP_PERF_INST_BSM_RD
2026-06-26 14:39:27,612 INFO common.api_common: f_var:L2C.perf_dnoc_rd_histogram_1K_2K
2026-06-26 14:39:27,612 INFO common.api_common: f_var:ISU.AP_PERF_BSM_ATOMIC_INFLIGHT_LEVEL
2026-06-26 14:39:27,612 INFO common.api_common: f_var:RM.RM_PERF_DISPATCHED_WAVES_P1
2026-06-26 14:39:27,612 INFO common.api_common: f_var:L2C.perf_miss
2026-06-26 14:39:27,612 INFO common.api_common: f_var:ISU.AP_PERF_INSTS_BSM
2026-06-26 14:39:27,612 INFO common.api_common: f_var:RM.RM_PERF_DISPATCHED_WAVES_P3
2026-06-26 14:39:27,612 INFO common.api_common: f_var:ISU.AP_PERF_INST_MMA_FP16
2026-06-26 14:39:27,612 INFO common.api_common: f_var:ISU.AP_PERF_ISU_ARB_WSM_STALL
2026-06-26 14:39:27,612 INFO common.api_common: f_var:VL1.p_perf_miss_cnt
2026-06-26 14:39:27,612 INFO common.api_common: f_var:ISU.AP_PERF_INST_MMA_INT8
2026-06-26 14:39:27,612 INFO common.api_common: f_var:ISU.AP_PERF_INST_GENERIC_RD
2026-06-26 14:39:27,612 INFO common.api_common: f_var:RM.RM_PERF_WAVES_InFlight_Level_P2
2026-06-26 14:39:27,612 INFO common.api_common: f_var:ISU.AP_PERF_INSTS_SALU
2026-06-26 14:39:27,612 INFO common.api_common: f_var:VL1.p_stall_due_oldest_pt0
2026-06-26 14:39:27,612 INFO common.api_common: f_var:ISU.AP_PERF_MTE_PI_SEG_SEL_F64
2026-06-26 14:39:27,612 INFO common.api_common: f_var:VL1.p_total_write_instruction_event
2026-06-26 14:39:27,612 INFO common.api_common: f_var:ISU.AP_PERF_INST_GLOBAL_ATOMIC
2026-06-26 14:39:27,612 INFO common.api_common: f_var:CE.CE_PERF_BUSY_CYCLES
2026-06-26 14:39:27,612 INFO common.api_common: f_var:ISU.AP_PERF_INST_CYCLES_MMA_32CYCLES
2026-06-26 14:39:27,612 INFO common.api_common: f_var:ISU.AP_PERF_BSM_INFLIGHT_LEVEL
2026-06-26 14:39:27,612 INFO common.api_common: f_var:L2C.perf_dnoc_rd_histogram_256_511
2026-06-26 14:39:27,612 INFO common.api_common: f_var:SL1.sl1_kcache_total_hit_event
2026-06-26 14:39:27,612 INFO common.api_common: f_var:ISU.AP_PERF_INST_MISC
2026-06-26 14:39:27,612 INFO common.api_common: f_var:ISU.AP_PERF_BSM_WR_CYCLES
2026-06-26 14:39:27,612 INFO common.api_common: f_var:ISU.AP_PERF_INST_TRANS_FP32
2026-06-26 14:39:27,612 INFO common.api_common: f_var:VL1.p_stall_due_oldest_pt1
2026-06-26 14:39:27,613 INFO common.api_common: f_var:ISU.AP_PERF_INST_MMA_TF32
2026-06-26 14:39:27,613 INFO common.api_common: f_var:ISU.AP_PERF_INST_GLOBAL_RD
2026-06-26 14:39:27,613 INFO common.api_common: f_var:ISU.AP_PERF_INSTS_GVM_ATOMIC
2026-06-26 14:39:27,613 INFO common.api_common: f_var:L2C.perf_dnoc_rdreq_64B
2026-06-26 14:39:27,613 INFO common.api_common: f_var:ISU.AP_PERF_BSM_INFLIGHT_LEVEL_IN_AP
2026-06-26 14:39:27,613 INFO common.api_common: f_var:RM.RM_PERF_DISPATCHED_WAVES_P2
2026-06-26 14:39:27,613 INFO common.api_common: f_var:VL1.p_total_atomic_instruction_event
2026-06-26 14:39:27,613 INFO common.api_common: f_var:CE.CE_PERF_SEND_RM_WAVES
2026-06-26 14:39:27,613 INFO common.api_common: f_var:ISU.AP_PERF_INST_TRANS_FP16
2026-06-26 14:39:27,613 INFO common.api_common: f_var:L2C.perf_rd_req
2026-06-26 14:39:27,613 INFO common.api_common: f_var:L2C.perf_dnoc_rdreq_32B
2026-06-26 14:39:27,613 INFO common.api_common: f_var:ISU.AP_PERF_INST_GENERIC_WR
2026-06-26 14:39:27,613 INFO common.api_common: f_var:L2C.perf_dnoc_rdreq_inflight_level
2026-06-26 14:39:27,613 INFO common.api_common: f_var:ISU.AP_PERF_INST_CYCLES_MMA_16CYCLES
2026-06-26 14:39:27,613 INFO common.api_common: f_var:ISU.AP_PERF_INST_MMA_F32
2026-06-26 14:39:27,613 INFO common.api_common: f_var:ISU.AP_PERF_INST_FMA_F32
2026-06-26 14:39:27,613 INFO common.api_common: f_var:L2C.perf_dnoc_wrreq_32B_high
2026-06-26 14:39:27,613 INFO common.api_common: f_var:CE.CE_PERF_SEND_RM_WORKGROUPS
2026-06-26 14:39:27,613 INFO common.api_common: f_var:ISU.AP_PERF_INST_MMA_BF16
2026-06-26 14:39:27,613 INFO common.api_common: f_var:ISU.AP_PERF_ISU_ARB_VLS_STALL
2026-06-26 14:39:27,613 INFO common.api_common: f_var:L2C.perf_dnoc_rd_histogram_2K_INF
2026-06-26 14:39:27,613 INFO common.api_common: f_var:ISU.AP_PERF_INST_BSM_WR
2026-06-26 14:39:27,613 INFO common.api_common: f_var:ISU.AP_PERF_INST_PRIVATE_RD
2026-06-26 14:39:27,613 INFO common.api_common: f_var:L2C.perf_dnoc_rd_histogram_512_1K
2026-06-26 14:39:27,613 INFO common.api_common: f_var:ISU.AP_PERF_INST_MMA_TF64
2026-06-26 14:39:27,613 INFO common.api_common: f_var:ISU.AP_PERF_INST_MMA_F64
2026-06-26 14:39:27,613 INFO common.api_common: f_var:SL1.sl1_kcache_l2_rd
2026-06-26 14:39:27,613 INFO common.api_common: f_var:L2C.perf_dnoc_rd_histogram_0_255
2026-06-26 14:39:27,614 INFO tools.events_generator.batches_generator: output path is: /mnt/opt_test/engram_hash_run/profile-artifacts/engram_hash_v0_baseline/mcprofiler_raw_baseline
2026-06-26 14:39:27,615 INFO tools.events_generator.batches_generator: generate event_batch_1.json successfully!
2026-06-26 14:39:27,615 INFO tools.events_generator.batches_generator: generate event_batch_2.json successfully!
2026-06-26 14:39:27,615 INFO tools.events_generator.batches_generator: generate event_batch_3.json successfully!
2026-06-26 14:39:27,615 INFO tools.events_generator.batches_generator: generate event_batch_4.json successfully!
2026-06-26 14:39:27,615 INFO tools.events_generator.batches_generator: generate event_batch_5.json successfully!
2026-06-26 14:39:27,615 INFO tools.events_generator.batches_generator: generate event_batch_6.json successfully!
2026-06-26 14:39:27,617 INFO tools.events_generator.batches_generator: generate event_batch_7.json successfully!
2026-06-26 14:39:27,617 INFO tools.events_generator.batches_generator: generate event_batch_8.json successfully!
2026-06-26 14:39:27,617 INFO phttp.server_backend: generate batch files done
2026-06-26 14:39:27,617 INFO common.api_common: ret_code cmdline_str: rm -f /root/mcRpcPort.ini
2026-06-26 14:39:27,624 INFO common.api_common: ret_code cmdline_str: cp /mnt/opt_test/engram_hash_run/profile-artifacts/engram_hash_v0_baseline/mcprofiler_raw_baseline/event_batch_1.json /mnt/opt_test/engram_hash_run/profile-artifacts/engram_hash_v0_baseline/mcprofiler_raw_baseline/mcProfiler.json
2026-06-26 14:39:27,630 INFO common.api_common: ret_code cmdline_str: export MCTX_TARGET_INIT=true; export MACA_ETC_PATH=/mnt/opt_test/engram_hash_run/profile-artifacts/engram_hash_v0_baseline/mcprofiler_raw_baseline; export MXLOG_LEVEL=info; export MACA_PATH=/opt/maca/; export LD_LIBRARY_PATH=/opt/maca/lib/:${LD_LIBRARY_PATH}; ./test_maca
2026-06-26 14:39:27,631 INFO common.api_common: ret_code cmdline_str: cat /root/mcRpcPort.ini
2026-06-26 14:39:27,638 WARNING phttp.server_backend: get_srvrpc_port get rpc server ports failed: cannot retrieve rpc server port.
2026-06-26 14:39:27,839 INFO common.api_common: ret_code cmdline_str: cat /root/mcRpcPort.ini
2026-06-26 14:39:28,256 INFO common.api_common: ret_code cmdline_str: cat /root/mcRpcPort.ini
2026-06-26 14:39:28,257 INFO prpc_client.mctool_client: MctxStreamProfilerCountDataGet Start
2026-06-26 14:39:28,260 INFO prpc_client.mctool_client: MctxStreamProfilerCountDataGet Loop
2026-06-26 14:39:29,065 INFO common.api_common: ret_code cmdline_str: cat /root/mcRpcPort.ini
2026-06-26 14:39:30,674 INFO common.api_common: ret_code cmdline_str: cat /root/mcRpcPort.ini
2026-06-26 14:39:30,875 INFO prpc_client.mctool_client: MctxStreamProfilerCountDataGet Loop
2026-06-26 14:39:32,453 DEBUG urllib3.connectionpool: Starting new HTTP connection (1): 127.0.0.1:50123
2026-06-26 14:39:32,458 INFO werkzeug: 127.0.0.1 - - [26/Jun/2026 14:39:32] "GET /perf_progress?exec_id=261a229e-41fd-4a6f-a3ec-d5053daa9104 HTTP/1.1" 200 -
2026-06-26 14:39:32,458 DEBUG urllib3.connectionpool: http://127.0.0.1:50123 "GET /perf_progress?exec_id=261a229e-41fd-4a6f-a3ec-d5053daa9104 HTTP/1.1" 200 2447
2026-06-26 14:39:33,887 INFO common.api_common: ret_code cmdline_str: rm -f /root/mcRpcPort.ini
2026-06-26 14:39:33,895 INFO common.api_common: ret_code cmdline_str: cp /mnt/opt_test/engram_hash_run/profile-artifacts/engram_hash_v0_baseline/mcprofiler_raw_baseline/event_batch_2.json /mnt/opt_test/engram_hash_run/profile-artifacts/engram_hash_v0_baseline/mcprofiler_raw_baseline/mcProfiler.json
2026-06-26 14:39:33,902 INFO common.api_common: ret_code cmdline_str: export MCTX_TARGET_INIT=true; export MACA_ETC_PATH=/mnt/opt_test/engram_hash_run/profile-artifacts/engram_hash_v0_baseline/mcprofiler_raw_baseline; export MXLOG_LEVEL=info; export MACA_PATH=/opt/maca/; export LD_LIBRARY_PATH=/opt/maca/lib/:${LD_LIBRARY_PATH}; ./test_maca
2026-06-26 14:39:33,902 INFO common.api_common: ret_code cmdline_str: cat /root/mcRpcPort.ini
2026-06-26 14:39:33,910 WARNING phttp.server_backend: get_srvrpc_port get rpc server ports failed: cannot retrieve rpc server port.
2026-06-26 14:39:34,110 INFO common.api_common: ret_code cmdline_str: cat /root/mcRpcPort.ini
2026-06-26 14:39:34,521 INFO common.api_common: ret_code cmdline_str: cat /root/mcRpcPort.ini
2026-06-26 14:39:34,521 INFO prpc_client.mctool_client: MctxStreamProfilerCountDataGet Start
2026-06-26 14:39:34,525 INFO prpc_client.mctool_client: MctxStreamProfilerCountDataGet Loop
2026-06-26 14:39:35,329 INFO common.api_common: ret_code cmdline_str: cat /root/mcRpcPort.ini
2026-06-26 14:39:36,938 INFO common.api_common: ret_code cmdline_str: cat /root/mcRpcPort.ini
2026-06-26 14:39:37,150 INFO prpc_client.mctool_client: MctxStreamProfilerCountDataGet Loop
2026-06-26 14:39:37,466 DEBUG urllib3.connectionpool: Starting new HTTP connection (1): 127.0.0.1:50123
2026-06-26 14:39:37,470 INFO werkzeug: 127.0.0.1 - - [26/Jun/2026 14:39:37] "GET /perf_progress?exec_id=261a229e-41fd-4a6f-a3ec-d5053daa9104 HTTP/1.1" 200 -
2026-06-26 14:39:37,471 DEBUG urllib3.connectionpool: http://127.0.0.1:50123 "GET /perf_progress?exec_id=261a229e-41fd-4a6f-a3ec-d5053daa9104 HTTP/1.1" 200 2447
2026-06-26 14:39:40,151 INFO common.api_common: ret_code cmdline_str: rm -f /root/mcRpcPort.ini
2026-06-26 14:39:40,159 INFO common.api_common: ret_code cmdline_str: cp /mnt/opt_test/engram_hash_run/profile-artifacts/engram_hash_v0_baseline/mcprofiler_raw_baseline/event_batch_3.json /mnt/opt_test/engram_hash_run/profile-artifacts/engram_hash_v0_baseline/mcprofiler_raw_baseline/mcProfiler.json
2026-06-26 14:39:40,166 INFO common.api_common: ret_code cmdline_str: export MCTX_TARGET_INIT=true; export MACA_ETC_PATH=/mnt/opt_test/engram_hash_run/profile-artifacts/engram_hash_v0_baseline/mcprofiler_raw_baseline; export MXLOG_LEVEL=info; export MACA_PATH=/opt/maca/; export LD_LIBRARY_PATH=/opt/maca/lib/:${LD_LIBRARY_PATH}; ./test_maca
2026-06-26 14:39:40,166 INFO common.api_common: ret_code cmdline_str: cat /root/mcRpcPort.ini
2026-06-26 14:39:40,174 WARNING phttp.server_backend: get_srvrpc_port get rpc server ports failed: cannot retrieve rpc server port.
2026-06-26 14:39:40,375 INFO common.api_common: ret_code cmdline_str: cat /root/mcRpcPort.ini
2026-06-26 14:39:40,786 INFO common.api_common: ret_code cmdline_str: cat /root/mcRpcPort.ini
2026-06-26 14:39:40,786 INFO prpc_client.mctool_client: MctxStreamProfilerCountDataGet Start
2026-06-26 14:39:40,790 INFO prpc_client.mctool_client: MctxStreamProfilerCountDataGet Loop
2026-06-26 14:39:41,594 INFO common.api_common: ret_code cmdline_str: cat /root/mcRpcPort.ini
2026-06-26 14:39:42,478 DEBUG urllib3.connectionpool: Starting new HTTP connection (1): 127.0.0.1:50123
2026-06-26 14:39:42,484 INFO werkzeug: 127.0.0.1 - - [26/Jun/2026 14:39:42] "GET /perf_progress?exec_id=261a229e-41fd-4a6f-a3ec-d5053daa9104 HTTP/1.1" 200 -
2026-06-26 14:39:42,484 DEBUG urllib3.connectionpool: http://127.0.0.1:50123 "GET /perf_progress?exec_id=261a229e-41fd-4a6f-a3ec-d5053daa9104 HTTP/1.1" 200 9886
2026-06-26 14:39:43,203 INFO common.api_common: ret_code cmdline_str: cat /root/mcRpcPort.ini
2026-06-26 14:39:43,415 INFO prpc_client.mctool_client: MctxStreamProfilerCountDataGet Loop
2026-06-26 14:39:46,417 INFO common.api_common: ret_code cmdline_str: rm -f /root/mcRpcPort.ini
2026-06-26 14:39:46,424 INFO common.api_common: ret_code cmdline_str: cp /mnt/opt_test/engram_hash_run/profile-artifacts/engram_hash_v0_baseline/mcprofiler_raw_baseline/event_batch_4.json /mnt/opt_test/engram_hash_run/profile-artifacts/engram_hash_v0_baseline/mcprofiler_raw_baseline/mcProfiler.json
2026-06-26 14:39:46,432 INFO common.api_common: ret_code cmdline_str: export MCTX_TARGET_INIT=true; export MACA_ETC_PATH=/mnt/opt_test/engram_hash_run/profile-artifacts/engram_hash_v0_baseline/mcprofiler_raw_baseline; export MXLOG_LEVEL=info; export MACA_PATH=/opt/maca/; export LD_LIBRARY_PATH=/opt/maca/lib/:${LD_LIBRARY_PATH}; ./test_maca
2026-06-26 14:39:46,432 INFO common.api_common: ret_code cmdline_str: cat /root/mcRpcPort.ini
2026-06-26 14:39:46,439 WARNING phttp.server_backend: get_srvrpc_port get rpc server ports failed: cannot retrieve rpc server port.
2026-06-26 14:39:46,639 INFO common.api_common: ret_code cmdline_str: cat /root/mcRpcPort.ini
2026-06-26 14:39:47,050 INFO common.api_common: ret_code cmdline_str: cat /root/mcRpcPort.ini
2026-06-26 14:39:47,050 INFO prpc_client.mctool_client: MctxStreamProfilerCountDataGet Start
2026-06-26 14:39:47,054 INFO prpc_client.mctool_client: MctxStreamProfilerCountDataGet Loop
2026-06-26 14:39:47,489 DEBUG urllib3.connectionpool: Starting new HTTP connection (1): 127.0.0.1:50123
2026-06-26 14:39:47,494 INFO werkzeug: 127.0.0.1 - - [26/Jun/2026 14:39:47] "GET /perf_progress?exec_id=261a229e-41fd-4a6f-a3ec-d5053daa9104 HTTP/1.1" 200 -
2026-06-26 14:39:47,494 DEBUG urllib3.connectionpool: http://127.0.0.1:50123 "GET /perf_progress?exec_id=261a229e-41fd-4a6f-a3ec-d5053daa9104 HTTP/1.1" 200 9886
2026-06-26 14:39:47,859 INFO common.api_common: ret_code cmdline_str: cat /root/mcRpcPort.ini
2026-06-26 14:39:49,469 INFO common.api_common: ret_code cmdline_str: cat /root/mcRpcPort.ini
2026-06-26 14:39:49,679 INFO prpc_client.mctool_client: MctxStreamProfilerCountDataGet Loop
2026-06-26 14:39:52,502 DEBUG urllib3.connectionpool: Starting new HTTP connection (1): 127.0.0.1:50123
2026-06-26 14:39:52,506 INFO werkzeug: 127.0.0.1 - - [26/Jun/2026 14:39:52] "GET /perf_progress?exec_id=261a229e-41fd-4a6f-a3ec-d5053daa9104 HTTP/1.1" 200 -
2026-06-26 14:39:52,506 DEBUG urllib3.connectionpool: http://127.0.0.1:50123 "GET /perf_progress?exec_id=261a229e-41fd-4a6f-a3ec-d5053daa9104 HTTP/1.1" 200 9886
2026-06-26 14:39:52,681 INFO common.api_common: ret_code cmdline_str: rm -f /root/mcRpcPort.ini
2026-06-26 14:39:52,689 INFO common.api_common: ret_code cmdline_str: cp /mnt/opt_test/engram_hash_run/profile-artifacts/engram_hash_v0_baseline/mcprofiler_raw_baseline/event_batch_5.json /mnt/opt_test/engram_hash_run/profile-artifacts/engram_hash_v0_baseline/mcprofiler_raw_baseline/mcProfiler.json
2026-06-26 14:39:52,698 INFO common.api_common: ret_code cmdline_str: export MCTX_TARGET_INIT=true; export MACA_ETC_PATH=/mnt/opt_test/engram_hash_run/profile-artifacts/engram_hash_v0_baseline/mcprofiler_raw_baseline; export MXLOG_LEVEL=info; export MACA_PATH=/opt/maca/; export LD_LIBRARY_PATH=/opt/maca/lib/:${LD_LIBRARY_PATH}; ./test_maca
2026-06-26 14:39:52,698 INFO common.api_common: ret_code cmdline_str: cat /root/mcRpcPort.ini
2026-06-26 14:39:52,706 WARNING phttp.server_backend: get_srvrpc_port get rpc server ports failed: cannot retrieve rpc server port.
2026-06-26 14:39:52,906 INFO common.api_common: ret_code cmdline_str: cat /root/mcRpcPort.ini
2026-06-26 14:39:53,318 INFO common.api_common: ret_code cmdline_str: cat /root/mcRpcPort.ini
2026-06-26 14:39:53,318 INFO prpc_client.mctool_client: MctxStreamProfilerCountDataGet Start
2026-06-26 14:39:53,323 INFO prpc_client.mctool_client: MctxStreamProfilerCountDataGet Loop
2026-06-26 14:39:54,128 INFO common.api_common: ret_code cmdline_str: cat /root/mcRpcPort.ini
2026-06-26 14:39:55,738 INFO common.api_common: ret_code cmdline_str: cat /root/mcRpcPort.ini
2026-06-26 14:39:55,936 INFO prpc_client.mctool_client: MctxStreamProfilerCountDataGet Loop
2026-06-26 14:39:57,514 DEBUG urllib3.connectionpool: Starting new HTTP connection (1): 127.0.0.1:50123
2026-06-26 14:39:57,519 INFO werkzeug: 127.0.0.1 - - [26/Jun/2026 14:39:57] "GET /perf_progress?exec_id=261a229e-41fd-4a6f-a3ec-d5053daa9104 HTTP/1.1" 200 -
2026-06-26 14:39:57,519 DEBUG urllib3.connectionpool: http://127.0.0.1:50123 "GET /perf_progress?exec_id=261a229e-41fd-4a6f-a3ec-d5053daa9104 HTTP/1.1" 200 9886
2026-06-26 14:39:58,950 INFO common.api_common: ret_code cmdline_str: rm -f /root/mcRpcPort.ini
2026-06-26 14:39:58,958 INFO common.api_common: ret_code cmdline_str: cp /mnt/opt_test/engram_hash_run/profile-artifacts/engram_hash_v0_baseline/mcprofiler_raw_baseline/event_batch_6.json /mnt/opt_test/engram_hash_run/profile-artifacts/engram_hash_v0_baseline/mcprofiler_raw_baseline/mcProfiler.json
2026-06-26 14:39:58,967 INFO common.api_common: ret_code cmdline_str: export MCTX_TARGET_INIT=true; export MACA_ETC_PATH=/mnt/opt_test/engram_hash_run/profile-artifacts/engram_hash_v0_baseline/mcprofiler_raw_baseline; export MXLOG_LEVEL=info; export MACA_PATH=/opt/maca/; export LD_LIBRARY_PATH=/opt/maca/lib/:${LD_LIBRARY_PATH}; ./test_maca
2026-06-26 14:39:58,967 INFO common.api_common: ret_code cmdline_str: cat /root/mcRpcPort.ini
2026-06-26 14:39:58,975 WARNING phttp.server_backend: get_srvrpc_port get rpc server ports failed: cannot retrieve rpc server port.
2026-06-26 14:39:59,176 INFO common.api_common: ret_code cmdline_str: cat /root/mcRpcPort.ini
2026-06-26 14:39:59,587 INFO common.api_common: ret_code cmdline_str: cat /root/mcRpcPort.ini
2026-06-26 14:39:59,587 INFO prpc_client.mctool_client: MctxStreamProfilerCountDataGet Start
2026-06-26 14:39:59,591 INFO prpc_client.mctool_client: MctxStreamProfilerCountDataGet Loop
2026-06-26 14:40:00,396 INFO common.api_common: ret_code cmdline_str: cat /root/mcRpcPort.ini
2026-06-26 14:40:02,006 INFO common.api_common: ret_code cmdline_str: cat /root/mcRpcPort.ini
2026-06-26 14:40:02,205 INFO prpc_client.mctool_client: MctxStreamProfilerCountDataGet Loop
2026-06-26 14:40:02,527 DEBUG urllib3.connectionpool: Starting new HTTP connection (1): 127.0.0.1:50123
2026-06-26 14:40:02,532 INFO werkzeug: 127.0.0.1 - - [26/Jun/2026 14:40:02] "GET /perf_progress?exec_id=261a229e-41fd-4a6f-a3ec-d5053daa9104 HTTP/1.1" 200 -
2026-06-26 14:40:02,532 DEBUG urllib3.connectionpool: http://127.0.0.1:50123 "GET /perf_progress?exec_id=261a229e-41fd-4a6f-a3ec-d5053daa9104 HTTP/1.1" 200 9886
2026-06-26 14:40:05,219 INFO common.api_common: ret_code cmdline_str: rm -f /root/mcRpcPort.ini
2026-06-26 14:40:05,227 INFO common.api_common: ret_code cmdline_str: cp /mnt/opt_test/engram_hash_run/profile-artifacts/engram_hash_v0_baseline/mcprofiler_raw_baseline/event_batch_7.json /mnt/opt_test/engram_hash_run/profile-artifacts/engram_hash_v0_baseline/mcprofiler_raw_baseline/mcProfiler.json
2026-06-26 14:40:05,234 INFO common.api_common: ret_code cmdline_str: export MCTX_TARGET_INIT=true; export MACA_ETC_PATH=/mnt/opt_test/engram_hash_run/profile-artifacts/engram_hash_v0_baseline/mcprofiler_raw_baseline; export MXLOG_LEVEL=info; export MACA_PATH=/opt/maca/; export LD_LIBRARY_PATH=/opt/maca/lib/:${LD_LIBRARY_PATH}; ./test_maca
2026-06-26 14:40:05,235 INFO common.api_common: ret_code cmdline_str: cat /root/mcRpcPort.ini
2026-06-26 14:40:05,243 WARNING phttp.server_backend: get_srvrpc_port get rpc server ports failed: cannot retrieve rpc server port.
2026-06-26 14:40:05,443 INFO common.api_common: ret_code cmdline_str: cat /root/mcRpcPort.ini
2026-06-26 14:40:05,855 INFO common.api_common: ret_code cmdline_str: cat /root/mcRpcPort.ini
2026-06-26 14:40:05,855 INFO prpc_client.mctool_client: MctxStreamProfilerCountDataGet Start
2026-06-26 14:40:05,858 INFO prpc_client.mctool_client: MctxStreamProfilerCountDataGet Loop
2026-06-26 14:40:06,664 INFO common.api_common: ret_code cmdline_str: cat /root/mcRpcPort.ini
2026-06-26 14:40:07,537 DEBUG urllib3.connectionpool: Starting new HTTP connection (1): 127.0.0.1:50123
2026-06-26 14:40:07,542 INFO werkzeug: 127.0.0.1 - - [26/Jun/2026 14:40:07] "GET /perf_progress?exec_id=261a229e-41fd-4a6f-a3ec-d5053daa9104 HTTP/1.1" 200 -
2026-06-26 14:40:07,543 DEBUG urllib3.connectionpool: http://127.0.0.1:50123 "GET /perf_progress?exec_id=261a229e-41fd-4a6f-a3ec-d5053daa9104 HTTP/1.1" 200 9886
2026-06-26 14:40:08,273 INFO common.api_common: ret_code cmdline_str: cat /root/mcRpcPort.ini
2026-06-26 14:40:08,472 INFO prpc_client.mctool_client: MctxStreamProfilerCountDataGet Loop
2026-06-26 14:40:11,487 INFO common.api_common: ret_code cmdline_str: rm -f /root/mcRpcPort.ini
2026-06-26 14:40:11,495 INFO common.api_common: ret_code cmdline_str: cp /mnt/opt_test/engram_hash_run/profile-artifacts/engram_hash_v0_baseline/mcprofiler_raw_baseline/event_batch_8.json /mnt/opt_test/engram_hash_run/profile-artifacts/engram_hash_v0_baseline/mcprofiler_raw_baseline/mcProfiler.json
2026-06-26 14:40:11,503 INFO common.api_common: ret_code cmdline_str: export MCTX_TARGET_INIT=true; export MACA_ETC_PATH=/mnt/opt_test/engram_hash_run/profile-artifacts/engram_hash_v0_baseline/mcprofiler_raw_baseline; export MXLOG_LEVEL=info; export MACA_PATH=/opt/maca/; export LD_LIBRARY_PATH=/opt/maca/lib/:${LD_LIBRARY_PATH}; ./test_maca
2026-06-26 14:40:11,503 INFO common.api_common: ret_code cmdline_str: cat /root/mcRpcPort.ini
2026-06-26 14:40:11,511 WARNING phttp.server_backend: get_srvrpc_port get rpc server ports failed: cannot retrieve rpc server port.
2026-06-26 14:40:11,711 INFO common.api_common: ret_code cmdline_str: cat /root/mcRpcPort.ini
2026-06-26 14:40:12,122 INFO common.api_common: ret_code cmdline_str: cat /root/mcRpcPort.ini
2026-06-26 14:40:12,126 INFO prpc_client.mctool_client: MctxStreamProfilerCountDataGet Start
2026-06-26 14:40:12,127 INFO prpc_client.mctool_client: MctxStreamProfilerCountDataGet Loop
2026-06-26 14:40:12,549 DEBUG urllib3.connectionpool: Starting new HTTP connection (1): 127.0.0.1:50123
2026-06-26 14:40:12,554 INFO werkzeug: 127.0.0.1 - - [26/Jun/2026 14:40:12] "GET /perf_progress?exec_id=261a229e-41fd-4a6f-a3ec-d5053daa9104 HTTP/1.1" 200 -
2026-06-26 14:40:12,555 DEBUG urllib3.connectionpool: http://127.0.0.1:50123 "GET /perf_progress?exec_id=261a229e-41fd-4a6f-a3ec-d5053daa9104 HTTP/1.1" 200 9886
2026-06-26 14:40:12,931 INFO common.api_common: ret_code cmdline_str: cat /root/mcRpcPort.ini
2026-06-26 14:40:14,541 INFO common.api_common: ret_code cmdline_str: cat /root/mcRpcPort.ini
2026-06-26 14:40:14,717 INFO prpc_client.mctool_client: MctxStreamProfilerCountDataGet Loop
2026-06-26 14:40:17,562 DEBUG urllib3.connectionpool: Starting new HTTP connection (1): 127.0.0.1:50123
2026-06-26 14:40:17,567 INFO werkzeug: 127.0.0.1 - - [26/Jun/2026 14:40:17] "GET /perf_progress?exec_id=261a229e-41fd-4a6f-a3ec-d5053daa9104 HTTP/1.1" 200 -
2026-06-26 14:40:17,569 DEBUG urllib3.connectionpool: http://127.0.0.1:50123 "GET /perf_progress?exec_id=261a229e-41fd-4a6f-a3ec-d5053daa9104 HTTP/1.1" 200 9886
2026-06-26 14:40:17,771 INFO phttp.server_backend: profiling task 261a229e-41fd-4a6f-a3ec-d5053daa9104
2026-06-26 14:40:17,771 INFO utils.complier: analyse  formula:[{'type': 'VARIABLE', 'value': '{{ISU.AP_PERF_INSTS_VALU}}'}, {'type': 'VARIABLE', 'value': '{{ISU.AP_PERF_INSTS_MMA}}'}, {'type': 'VARIABLE', 'value': '{{ISU.AP_PERF_INSTS_SALU}}'}, {'type': 'VARIABLE', 'value': '{{ISU.AP_PERF_INST_MISC}}'}]
2026-06-26 14:40:17,771 INFO utils.complier: analyse  formula:[]
2026-06-26 14:40:17,772 INFO utils.complier: analyse  formula:[]
2026-06-26 14:40:17,772 INFO utils.complier: analyse  formula:[{'type': 'PROC_VAR', 'value': '$RET'}]
2026-06-26 14:40:17,773 INFO utils.complier: analyse  formula:[]
2026-06-26 14:40:17,773 INFO utils.complier: analyse  formula:[{'type': 'VARIABLE', 'value': '{{ISU.AP_PERF_INSTS_VALU}}'}, {'type': 'VARIABLE', 'value': '{{ISU.AP_PERF_INSTS_MMA}}'}, {'type': 'VARIABLE', 'value': '{{ISU.AP_PERF_INSTS_SALU}}'}, {'type': 'VARIABLE', 'value': '{{ISU.AP_PERF_INST_MISC}}'}]
2026-06-26 14:40:17,773 INFO utils.complier: analyse  formula:[]
2026-06-26 14:40:17,774 INFO utils.complier: analyse  formula:[]
2026-06-26 14:40:17,774 INFO utils.complier: analyse  formula:[{'type': 'VARIABLE', 'value': '{{ISU.AP_PERF_INSTS_GVM}}'}, {'type': 'VARIABLE', 'value': '{{ISU.AP_PERF_INSTS_BSM}}'}, {'type': 'VARIABLE', 'value': '{{ISU.AP_PERF_INSTS_LDU}}'}]
2026-06-26 14:40:17,774 INFO utils.complier: analyse  formula:[]
2026-06-26 14:40:17,774 INFO utils.complier: analyse  formula:[]
2026-06-26 14:40:17,775 INFO utils.complier: analyse  formula:[{'type': 'PROC_VAR', 'value': '$RET'}]
2026-06-26 14:40:17,775 INFO utils.complier: analyse  formula:[]
2026-06-26 14:40:17,776 INFO utils.complier: analyse  formula:[{'type': 'VARIABLE', 'value': '{{ISU.AP_PERF_INSTS_GVM}}'}, {'type': 'VARIABLE', 'value': '{{ISU.AP_PERF_INSTS_BSM}}'}, {'type': 'VARIABLE', 'value': '{{ISU.AP_PERF_INSTS_LDU}}'}]
2026-06-26 14:40:17,776 INFO utils.complier: analyse  formula:[]
2026-06-26 14:40:17,776 INFO utils.complier: analyse  formula:[]
2026-06-26 14:40:17,776 INFO utils.complier: analyse  formula:[]
2026-06-26 14:40:17,777 INFO utils.complier: analyse  formula:[{'type': 'UMD_VARIABLE', 'value': '{TRACER.dur}'}]
2026-06-26 14:40:17,777 INFO utils.complier: analyse  formula:[]
2026-06-26 14:40:17,777 ERROR utils.pc_base: get_varvalues failed: 'TRACER'
2026-06-26 14:40:17,777 ERROR utils.pc_base: cannot calculate: 'TRACER'
2026-06-26 14:40:17,777 INFO utils.complier: analyse  formula:[{'type': 'VARIABLE', 'value': '{{ISU.AP_PERF_ISU_AP_BUSY}}'}]
2026-06-26 14:40:17,777 INFO utils.complier: analyse  formula:[{'type': 'UMD_VARIABLE', 'value': '{TRACER.dur}'}]
2026-06-26 14:40:17,777 INFO utils.complier: analyse  formula:[]
2026-06-26 14:40:17,777 ERROR utils.pc_base: get_varvalues failed: 'TRACER'
2026-06-26 14:40:17,777 ERROR utils.pc_base: cannot calculate: 'TRACER'
2026-06-26 14:40:17,777 INFO utils.complier: analyse  formula:[{'type': 'VARIABLE', 'value': '{{ISU.AP_PERF_INST_GLOBAL_RD}}'}]
2026-06-26 14:40:17,777 INFO utils.complier: analyse  formula:[]
2026-06-26 14:40:17,777 INFO utils.complier: analyse  formula:[]
2026-06-26 14:40:17,777 INFO utils.complier: analyse  formula:[{'type': 'PROC_VAR', 'value': '$RET'}]
2026-06-26 14:40:17,778 INFO utils.complier: analyse  formula:[]
2026-06-26 14:40:17,778 INFO utils.complier: analyse  formula:[{'type': 'VARIABLE', 'value': '{{ISU.AP_PERF_INST_GLOBAL_RD}}'}]
2026-06-26 14:40:17,778 INFO utils.complier: analyse  formula:[]
2026-06-26 14:40:17,778 INFO utils.complier: analyse  formula:[]
2026-06-26 14:40:17,778 INFO utils.complier: analyse  formula:[{'type': 'VARIABLE', 'value': '{{ISU.AP_PERF_INST_GLOBAL_WR}}'}]
2026-06-26 14:40:17,778 INFO utils.complier: analyse  formula:[]
2026-06-26 14:40:17,778 INFO utils.complier: analyse  formula:[]
2026-06-26 14:40:17,779 INFO utils.complier: analyse  formula:[{'type': 'PROC_VAR', 'value': '$RET'}]
2026-06-26 14:40:17,779 INFO utils.complier: analyse  formula:[]
2026-06-26 14:40:17,779 INFO utils.complier: analyse  formula:[{'type': 'VARIABLE', 'value': '{{ISU.AP_PERF_INST_GLOBAL_WR}}'}]
2026-06-26 14:40:17,779 INFO utils.complier: analyse  formula:[]
2026-06-26 14:40:17,779 INFO utils.complier: analyse  formula:[]
2026-06-26 14:40:17,779 INFO utils.complier: analyse  formula:[{'type': 'VARIABLE', 'value': '{{ISU.AP_PERF_INST_PRIVATE_RD}}'}]
2026-06-26 14:40:17,779 INFO utils.complier: analyse  formula:[]
2026-06-26 14:40:17,779 INFO utils.complier: analyse  formula:[]
2026-06-26 14:40:17,780 INFO utils.complier: analyse  formula:[{'type': 'PROC_VAR', 'value': '$RET'}]
2026-06-26 14:40:17,780 INFO utils.complier: analyse  formula:[]
2026-06-26 14:40:17,780 INFO utils.complier: analyse  formula:[{'type': 'VARIABLE', 'value': '{{ISU.AP_PERF_INST_PRIVATE_RD}}'}]
2026-06-26 14:40:17,780 INFO utils.complier: analyse  formula:[]
2026-06-26 14:40:17,780 INFO utils.complier: analyse  formula:[]
2026-06-26 14:40:17,780 INFO utils.complier: analyse  formula:[{'type': 'VARIABLE', 'value': '{{ISU.AP_PERF_INST_PRIVATE_WR}}'}]
2026-06-26 14:40:17,780 INFO utils.complier: analyse  formula:[]
2026-06-26 14:40:17,780 INFO utils.complier: analyse  formula:[]
2026-06-26 14:40:17,781 INFO utils.complier: analyse  formula:[{'type': 'PROC_VAR', 'value': '$RET'}]
2026-06-26 14:40:17,781 INFO utils.complier: analyse  formula:[]
2026-06-26 14:40:17,781 INFO utils.complier: analyse  formula:[{'type': 'VARIABLE', 'value': '{{ISU.AP_PERF_INST_PRIVATE_WR}}'}]
2026-06-26 14:40:17,781 INFO utils.complier: analyse  formula:[]
2026-06-26 14:40:17,781 INFO utils.complier: analyse  formula:[]
2026-06-26 14:40:17,781 INFO utils.complier: analyse  formula:[{'type': 'VARIABLE', 'value': '{{ISU.AP_PERF_INST_GENERIC_RD}}'}]
2026-06-26 14:40:17,781 INFO utils.complier: analyse  formula:[]
2026-06-26 14:40:17,782 INFO utils.complier: analyse  formula:[]
2026-06-26 14:40:17,782 INFO utils.complier: analyse  formula:[{'type': 'PROC_VAR', 'value': '$RET'}]
2026-06-26 14:40:17,782 INFO utils.complier: analyse  formula:[]
2026-06-26 14:40:17,782 INFO utils.complier: analyse  formula:[{'type': 'VARIABLE', 'value': '{{ISU.AP_PERF_INST_GENERIC_RD}}'}]
2026-06-26 14:40:17,782 INFO utils.complier: analyse  formula:[]
2026-06-26 14:40:17,782 INFO utils.complier: analyse  formula:[]
2026-06-26 14:40:17,782 INFO utils.complier: analyse  formula:[{'type': 'VARIABLE', 'value': '{{ISU.AP_PERF_INST_GENERIC_WR}}'}]
2026-06-26 14:40:17,783 INFO utils.complier: analyse  formula:[]
2026-06-26 14:40:17,783 INFO utils.complier: analyse  formula:[]
2026-06-26 14:40:17,783 INFO utils.complier: analyse  formula:[{'type': 'PROC_VAR', 'value': '$RET'}]
2026-06-26 14:40:17,783 INFO utils.complier: analyse  formula:[]
2026-06-26 14:40:17,783 INFO utils.complier: analyse  formula:[{'type': 'VARIABLE', 'value': '{{ISU.AP_PERF_INST_GENERIC_WR}}'}]
2026-06-26 14:40:17,783 INFO utils.complier: analyse  formula:[]
2026-06-26 14:40:17,783 INFO utils.complier: analyse  formula:[]
2026-06-26 14:40:17,784 INFO utils.complier: analyse  formula:[{'type': 'VARIABLE', 'value': '{{ISU.AP_PERF_INSTS_LDU}}'}]
2026-06-26 14:40:17,784 INFO utils.complier: analyse  formula:[]
2026-06-26 14:40:17,784 INFO utils.complier: analyse  formula:[]
2026-06-26 14:40:17,784 INFO utils.complier: analyse  formula:[{'type': 'PROC_VAR', 'value': '$RET'}]
2026-06-26 14:40:17,784 INFO utils.complier: analyse  formula:[]
2026-06-26 14:40:17,784 INFO utils.complier: analyse  formula:[{'type': 'VARIABLE', 'value': '{{ISU.AP_PERF_INSTS_LDU}}'}]
2026-06-26 14:40:17,784 INFO utils.complier: analyse  formula:[]
2026-06-26 14:40:17,784 INFO utils.complier: analyse  formula:[]
2026-06-26 14:40:17,785 INFO utils.complier: analyse  formula:[{'type': 'VARIABLE', 'value': '{{ISU.AP_PERF_INST_BSM_RD}}'}]
2026-06-26 14:40:17,785 INFO utils.complier: analyse  formula:[]
2026-06-26 14:40:17,785 INFO utils.complier: analyse  formula:[]
2026-06-26 14:40:17,785 INFO utils.complier: analyse  formula:[{'type': 'PROC_VAR', 'value': '$RET'}]
2026-06-26 14:40:17,785 INFO utils.complier: analyse  formula:[]
2026-06-26 14:40:17,785 INFO utils.complier: analyse  formula:[{'type': 'VARIABLE', 'value': '{{ISU.AP_PERF_INST_BSM_RD}}'}]
2026-06-26 14:40:17,785 INFO utils.complier: analyse  formula:[]
2026-06-26 14:40:17,786 INFO utils.complier: analyse  formula:[]
2026-06-26 14:40:17,786 INFO utils.complier: analyse  formula:[{'type': 'VARIABLE', 'value': '{{ISU.AP_PERF_INST_BSM_WR}}'}]
2026-06-26 14:40:17,786 INFO utils.complier: analyse  formula:[]
2026-06-26 14:40:17,786 INFO utils.complier: analyse  formula:[]
2026-06-26 14:40:17,786 INFO utils.complier: analyse  formula:[{'type': 'PROC_VAR', 'value': '$RET'}]
2026-06-26 14:40:17,786 INFO utils.complier: analyse  formula:[]
2026-06-26 14:40:17,786 INFO utils.complier: analyse  formula:[{'type': 'VARIABLE', 'value': '{{ISU.AP_PERF_INST_BSM_WR}}'}]
2026-06-26 14:40:17,786 INFO utils.complier: analyse  formula:[]
2026-06-26 14:40:17,787 INFO utils.complier: analyse  formula:[]
2026-06-26 14:40:17,787 INFO utils.complier: analyse  formula:[{'type': 'VARIABLE', 'value': '{{VL1.p_total_read_instruction_event}}'}]
2026-06-26 14:40:17,787 INFO utils.complier: analyse  formula:[]
2026-06-26 14:40:17,787 INFO utils.complier: analyse  formula:[]
2026-06-26 14:40:17,787 INFO utils.complier: analyse  formula:[{'type': 'PROC_VAR', 'value': '$RET'}]
2026-06-26 14:40:17,787 INFO utils.complier: analyse  formula:[]
2026-06-26 14:40:17,787 INFO utils.complier: analyse  formula:[{'type': 'VARIABLE', 'value': '{{VL1.p_total_read_instruction_event}}'}]
2026-06-26 14:40:17,787 INFO utils.complier: analyse  formula:[]
2026-06-26 14:40:17,788 INFO utils.complier: analyse  formula:[]
2026-06-26 14:40:17,788 INFO utils.complier: analyse  formula:[{'type': 'VARIABLE', 'value': '{{VL1.p_total_write_instruction_event}}'}]
2026-06-26 14:40:17,788 INFO utils.complier: analyse  formula:[]
2026-06-26 14:40:17,788 INFO utils.complier: analyse  formula:[]
2026-06-26 14:40:17,788 INFO utils.complier: analyse  formula:[{'type': 'PROC_VAR', 'value': '$RET'}]
2026-06-26 14:40:17,788 INFO utils.complier: analyse  formula:[]
2026-06-26 14:40:17,788 INFO utils.complier: analyse  formula:[{'type': 'VARIABLE', 'value': '{{VL1.p_total_write_instruction_event}}'}]
2026-06-26 14:40:17,788 INFO utils.complier: analyse  formula:[]
2026-06-26 14:40:17,789 INFO utils.complier: analyse  formula:[]
2026-06-26 14:40:17,789 INFO utils.complier: analyse  formula:[{'type': 'VARIABLE', 'value': '{{VL1.p_perf_thread_req_cnt}}'}, {'type': 'VARIABLE', 'value': '{{VL1.p_perf_miss_cnt}}'}, {'type': 'VARIABLE', 'value': '{{VL1.p_perf_thread_req_cnt}}'}]
2026-06-26 14:40:17,789 INFO utils.complier: analyse  formula:[]
2026-06-26 14:40:17,789 INFO utils.complier: analyse  formula:[]
2026-06-26 14:40:17,790 INFO utils.complier: analyse  formula:[{'type': 'PROC_VAR', 'value': '$vl1hit'}, {'type': 'PROC_VAR', 'value': '$RET'}, {'type': 'PROC_VAR', 'value': '$vl1hit'}]
2026-06-26 14:40:17,790 INFO utils.complier: analyse  formula:[]
2026-06-26 14:40:17,791 INFO utils.complier: analyse  formula:[{'type': 'VARIABLE', 'value': '{{VL1.p_perf_thread_req_cnt}}'}, {'type': 'VARIABLE', 'value': '{{VL1.p_perf_miss_cnt}}'}, {'type': 'VARIABLE', 'value': '{{VL1.p_perf_thread_req_cnt}}'}]
2026-06-26 14:40:17,792 INFO utils.complier: analyse  formula:[]
2026-06-26 14:40:17,792 INFO utils.complier: analyse  formula:[]
2026-06-26 14:40:17,792 INFO utils.complier: analyse  formula:[{'type': 'VARIABLE', 'value': '{{L2C.perf_rd_req}}'}]
2026-06-26 14:40:17,792 INFO utils.complier: analyse  formula:[]
2026-06-26 14:40:17,792 INFO utils.complier: analyse  formula:[]
2026-06-26 14:40:17,793 INFO utils.complier: analyse  formula:[{'type': 'PROC_VAR', 'value': '$RET'}]
2026-06-26 14:40:17,793 INFO utils.complier: analyse  formula:[]
2026-06-26 14:40:17,793 INFO utils.complier: analyse  formula:[{'type': 'VARIABLE', 'value': '{{L2C.perf_rd_req}}'}]
2026-06-26 14:40:17,793 INFO utils.complier: analyse  formula:[]
2026-06-26 14:40:17,793 INFO utils.complier: analyse  formula:[]
2026-06-26 14:40:17,793 INFO utils.complier: analyse  formula:[{'type': 'VARIABLE', 'value': '{{L2C.perf_wr_req}}'}]
2026-06-26 14:40:17,793 INFO utils.complier: analyse  formula:[]
2026-06-26 14:40:17,793 INFO utils.complier: analyse  formula:[]
2026-06-26 14:40:17,793 INFO utils.complier: analyse  formula:[{'type': 'PROC_VAR', 'value': '$RET'}]
2026-06-26 14:40:17,794 INFO utils.complier: analyse  formula:[]
2026-06-26 14:40:17,794 INFO utils.complier: analyse  formula:[{'type': 'VARIABLE', 'value': '{{L2C.perf_wr_req}}'}]
2026-06-26 14:40:17,794 INFO utils.complier: analyse  formula:[]
2026-06-26 14:40:17,794 INFO utils.complier: analyse  formula:[]
2026-06-26 14:40:17,794 INFO utils.complier: analyse  formula:[{'type': 'VARIABLE', 'value': '{{L2C.perf_hit}}'}, {'type': 'VARIABLE', 'value': '{{L2C.perf_sector_hit}}'}, {'type': 'VARIABLE', 'value': '{{L2C.perf_miss}}'}]
2026-06-26 14:40:17,794 INFO utils.complier: analyse  formula:[]
2026-06-26 14:40:17,795 INFO utils.complier: analyse  formula:[]
2026-06-26 14:40:17,795 INFO utils.complier: analyse  formula:[{'type': 'PROC_VAR', 'value': '$hit_events'}, {'type': 'PROC_VAR', 'value': '$RET'}, {'type': 'PROC_VAR', 'value': '$hit_events'}, {'type': 'PROC_VAR', 'value': '$hit_events'}]
2026-06-26 14:40:17,796 INFO utils.complier: analyse  formula:[]
2026-06-26 14:40:17,796 INFO utils.complier: analyse  formula:[{'type': 'VARIABLE', 'value': '{{L2C.perf_hit}}'}, {'type': 'VARIABLE', 'value': '{{L2C.perf_sector_hit}}'}, {'type': 'VARIABLE', 'value': '{{L2C.perf_miss}}'}]
2026-06-26 14:40:17,797 INFO utils.complier: analyse  formula:[]
2026-06-26 14:40:17,798 INFO utils.complier: analyse  formula:[]
2026-06-26 14:40:17,798 INFO utils.complier: analyse  formula:[{'type': 'VARIABLE', 'value': '{{SL1.sl1_kcache_total_hit_event}}'}, {'type': 'VARIABLE', 'value': '{{SL1.sl1_kcache_total_hit_on_miss_event}}'}, {'type': 'VARIABLE', 'value': '{{SL1.sl1_kcache_total_miss_event}}'}]
2026-06-26 14:40:17,798 INFO utils.complier: analyse  formula:[]
2026-06-26 14:40:17,798 INFO utils.complier: analyse  formula:[]
2026-06-26 14:40:17,799 INFO utils.complier: analyse  formula:[{'type': 'PROC_VAR', 'value': '$hit'}, {'type': 'PROC_VAR', 'value': '$RET'}, {'type': 'PROC_VAR', 'value': '$hit'}, {'type': 'PROC_VAR', 'value': '$hit'}]
2026-06-26 14:40:17,799 INFO utils.complier: analyse  formula:[]
2026-06-26 14:40:17,800 INFO utils.complier: analyse  formula:[{'type': 'VARIABLE', 'value': '{{SL1.sl1_kcache_total_hit_event}}'}, {'type': 'VARIABLE', 'value': '{{SL1.sl1_kcache_total_hit_on_miss_event}}'}, {'type': 'VARIABLE', 'value': '{{SL1.sl1_kcache_total_miss_event}}'}]
2026-06-26 14:40:17,800 INFO utils.complier: analyse  formula:[]
2026-06-26 14:40:17,801 INFO utils.complier: analyse  formula:[]
2026-06-26 14:40:17,801 INFO utils.complier: analyse  formula:[{'type': 'VARIABLE', 'value': '{{SL1.sl1_kcache_rd}}'}]
2026-06-26 14:40:17,801 INFO utils.complier: analyse  formula:[]
2026-06-26 14:40:17,801 INFO utils.complier: analyse  formula:[]
2026-06-26 14:40:17,801 INFO utils.complier: analyse  formula:[{'type': 'PROC_VAR', 'value': '$RET'}]
2026-06-26 14:40:17,801 INFO utils.complier: analyse  formula:[]
2026-06-26 14:40:17,802 INFO utils.complier: analyse  formula:[{'type': 'VARIABLE', 'value': '{{SL1.sl1_kcache_rd}}'}]
2026-06-26 14:40:17,802 INFO utils.complier: analyse  formula:[]
2026-06-26 14:40:17,802 INFO utils.complier: analyse  formula:[]
2026-06-26 14:40:17,802 INFO utils.complier: analyse  formula:[{'type': 'VARIABLE', 'value': '{{SL1.sl1_kcache_l2_rd}}'}]
2026-06-26 14:40:17,802 INFO utils.complier: analyse  formula:[]
2026-06-26 14:40:17,802 INFO utils.complier: analyse  formula:[]
2026-06-26 14:40:17,802 INFO utils.complier: analyse  formula:[{'type': 'PROC_VAR', 'value': '$RET'}]
2026-06-26 14:40:17,802 INFO utils.complier: analyse  formula:[]
2026-06-26 14:40:17,803 INFO utils.complier: analyse  formula:[{'type': 'VARIABLE', 'value': '{{SL1.sl1_kcache_l2_rd}}'}]
2026-06-26 14:40:17,803 INFO utils.complier: analyse  formula:[]
2026-06-26 14:40:17,803 INFO utils.complier: analyse  formula:[]
2026-06-26 14:40:17,803 INFO utils.complier: analyse  formula:[{'type': 'VARIABLE', 'value': '{{ISU.AP_PERF_INSTS_VALU}}'}, {'type': 'VARIABLE', 'value': '{{ISU.AP_PERF_INSTS_MMA}}'}, {'type': 'VARIABLE', 'value': '{{ISU.AP_PERF_INSTS_SALU}}'}, {'type': 'VARIABLE', 'value': '{{ISU.AP_PERF_INSTS_GVM}}'}, {'type': 'VARIABLE', 'value': '{{ISU.AP_PERF_INSTS_BSM}}'}, {'type': 'VARIABLE', 'value': '{{ISU.AP_PERF_INSTS_LDU}}'}, {'type': 'VARIABLE', 'value': '{{ISU.AP_PERF_INST_MISC}}'}]
2026-06-26 14:40:17,803 INFO utils.complier: analyse  formula:[]
2026-06-26 14:40:17,803 INFO utils.complier: analyse  formula:[]
2026-06-26 14:40:17,805 INFO utils.complier: analyse  formula:[{'type': 'PROC_VAR', 'value': '$RET'}]
2026-06-26 14:40:17,805 INFO utils.complier: analyse  formula:[]
2026-06-26 14:40:17,805 INFO utils.complier: analyse  formula:[{'type': 'VARIABLE', 'value': '{{ISU.AP_PERF_INSTS_VALU}}'}, {'type': 'VARIABLE', 'value': '{{ISU.AP_PERF_INSTS_MMA}}'}, {'type': 'VARIABLE', 'value': '{{ISU.AP_PERF_INSTS_SALU}}'}, {'type': 'VARIABLE', 'value': '{{ISU.AP_PERF_INSTS_GVM}}'}, {'type': 'VARIABLE', 'value': '{{ISU.AP_PERF_INSTS_BSM}}'}, {'type': 'VARIABLE', 'value': '{{ISU.AP_PERF_INSTS_LDU}}'}, {'type': 'VARIABLE', 'value': '{{ISU.AP_PERF_INST_MISC}}'}]
2026-06-26 14:40:17,806 INFO utils.complier: analyse  formula:[]
2026-06-26 14:40:17,807 INFO utils.complier: analyse  formula:[]
2026-06-26 14:40:17,807 INFO utils.complier: analyse  formula:[]
2026-06-26 14:40:17,807 INFO utils.complier: analyse  formula:[]
2026-06-26 14:40:17,807 INFO utils.complier: analyse  formula:[{'type': 'PRE_VAR', 'value': '@compute_instructions'}, {'type': 'PRE_VAR', 'value': '@memory_instructions'}]
2026-06-26 14:40:17,807 INFO utils.complier: analyse  formula:[{'type': 'PROC_VAR', 'value': '$RET'}]
2026-06-26 14:40:17,808 INFO utils.complier: analyse  formula:[]
2026-06-26 14:40:17,808 INFO utils.complier: analyse  formula:[]
2026-06-26 14:40:17,808 INFO utils.complier: analyse  formula:[{'type': 'PRE_VAR', 'value': '@compute_instructions'}, {'type': 'PRE_VAR', 'value': '@memory_instructions'}]
2026-06-26 14:40:17,808 INFO utils.complier: analyse  formula:[]
2026-06-26 14:40:17,808 INFO utils.complier: analyse  formula:[]
2026-06-26 14:40:17,808 INFO utils.complier: analyse  formula:[]
2026-06-26 14:40:17,808 INFO utils.complier: analyse  formula:[{'type': 'PRE_VAR', 'value': '@compute_instructions'}]
2026-06-26 14:40:17,808 INFO utils.complier: analyse  formula:[{'type': 'PROC_VAR', 'value': '$RET'}]
2026-06-26 14:40:17,808 INFO utils.complier: analyse  formula:[]
2026-06-26 14:40:17,808 INFO utils.complier: analyse  formula:[]
2026-06-26 14:40:17,809 INFO utils.complier: analyse  formula:[{'type': 'PRE_VAR', 'value': '@compute_instructions'}]
2026-06-26 14:40:17,809 INFO utils.complier: analyse  formula:[]
2026-06-26 14:40:17,809 INFO utils.complier: analyse  formula:[]
2026-06-26 14:40:17,809 INFO utils.complier: analyse  formula:[]
2026-06-26 14:40:17,809 INFO utils.complier: analyse  formula:[{'type': 'PRE_VAR', 'value': '@memory_instructions'}]
2026-06-26 14:40:17,809 INFO utils.complier: analyse  formula:[{'type': 'PROC_VAR', 'value': '$RET'}]
2026-06-26 14:40:17,809 INFO utils.complier: analyse  formula:[]
2026-06-26 14:40:17,809 INFO utils.complier: analyse  formula:[]
2026-06-26 14:40:17,809 INFO utils.complier: analyse  formula:[{'type': 'PRE_VAR', 'value': '@memory_instructions'}]
2026-06-26 14:40:17,809 INFO utils.complier: analyse  formula:[]
2026-06-26 14:40:17,810 INFO utils.complier: analyse  formula:[{'type': 'VARIABLE', 'value': '{{CE.CE_PERF_BUSY_CYCLES}}'}]
2026-06-26 14:40:17,810 INFO utils.complier: analyse  formula:[]
2026-06-26 14:40:17,810 INFO utils.complier: analyse  formula:[]
2026-06-26 14:40:17,810 INFO utils.complier: analyse  formula:[{'type': 'PROC_VAR', 'value': '$RET'}]
2026-06-26 14:40:17,810 INFO utils.complier: analyse  formula:[]
2026-06-26 14:40:17,810 INFO utils.complier: analyse  formula:[{'type': 'VARIABLE', 'value': '{{CE.CE_PERF_BUSY_CYCLES}}'}]
2026-06-26 14:40:17,810 INFO utils.complier: analyse  formula:[]
2026-06-26 14:40:17,810 INFO utils.complier: analyse  formula:[]
2026-06-26 14:40:17,811 INFO utils.complier: analyse  formula:[{'type': 'VARIABLE', 'value': '{{L2C.perf_dnoc_rdreq_32B}}'}, {'type': 'VARIABLE', 'value': '{{L2C.perf_dnoc_rdreq_64B}}'}, {'type': 'VARIABLE', 'value': '{{L2C.perf_dnoc_rdreq_128B}}'}, {'type': 'VARIABLE', 'value': '{{L2C.perf_dnoc_wrreq_32B_low}}'}, {'type': 'VARIABLE', 'value': '{{L2C.perf_dnoc_wrreq_32B_high}}'}, {'type': 'VARIABLE', 'value': '{{L2C.perf_dnoc_wrreq_64B}}'}, {'type': 'VARIABLE', 'value': '{{L2C.perf_dnoc_wrreq_128B}}'}, {'type': 'VARIABLE', 'value': '{{ISU.AP_PERF_ISU_AP_BUSY}}'}]
2026-06-26 14:40:17,811 INFO utils.complier: analyse  formula:[]
2026-06-26 14:40:17,812 INFO utils.complier: analyse  formula:[]
2026-06-26 14:40:17,813 INFO utils.complier: analyse  formula:[{'type': 'PROC_VAR', 'value': '$ma'}, {'type': 'PROC_VAR', 'value': '$RET'}, {'type': 'PROC_VAR', 'value': '$ma'}]
2026-06-26 14:40:17,813 INFO utils.complier: analyse  formula:[]
2026-06-26 14:40:17,814 INFO utils.complier: analyse  formula:[{'type': 'VARIABLE', 'value': '{{L2C.perf_dnoc_rdreq_32B}}'}, {'type': 'VARIABLE', 'value': '{{L2C.perf_dnoc_rdreq_64B}}'}, {'type': 'VARIABLE', 'value': '{{L2C.perf_dnoc_rdreq_128B}}'}, {'type': 'VARIABLE', 'value': '{{L2C.perf_dnoc_wrreq_32B_low}}'}, {'type': 'VARIABLE', 'value': '{{L2C.perf_dnoc_wrreq_32B_high}}'}, {'type': 'VARIABLE', 'value': '{{L2C.perf_dnoc_wrreq_64B}}'}, {'type': 'VARIABLE', 'value': '{{L2C.perf_dnoc_wrreq_128B}}'}, {'type': 'VARIABLE', 'value': '{{ISU.AP_PERF_ISU_AP_BUSY}}'}]
2026-06-26 14:40:17,815 INFO utils.complier: analyse  formula:[]
2026-06-26 14:40:17,816 INFO utils.complier: analyse  formula:[]
2026-06-26 14:40:17,816 INFO utils.complier: analyse  formula:[{'type': 'VARIABLE', 'value': '{{ISU.AP_PERF_ISU_AP_BUSY}}'}]
2026-06-26 14:40:17,817 INFO utils.complier: analyse  formula:[]
2026-06-26 14:40:17,817 INFO utils.complier: analyse  formula:[]
2026-06-26 14:40:17,817 INFO utils.complier: analyse  formula:[{'type': 'PROC_VAR', 'value': '$valid_ap_busy'}, {'type': 'PROC_VAR', 'value': '$RET'}, {'type': 'PROC_VAR', 'value': '$valid_ap_busy'}, {'type': 'PROC_VAR', 'value': '$valid_ap_busy'}]
2026-06-26 14:40:17,818 INFO utils.complier: analyse  formula:[]
2026-06-26 14:40:17,819 INFO utils.complier: analyse  formula:[{'type': 'VARIABLE', 'value': '{{ISU.AP_PERF_ISU_AP_BUSY}}'}]
2026-06-26 14:40:17,820 INFO utils.complier: analyse  formula:[]
2026-06-26 14:40:17,821 INFO utils.complier: analyse  formula:[]
2026-06-26 14:40:17,821 INFO utils.complier: analyse  formula:[{'type': 'VARIABLE', 'value': '{{ISU.AP_PERF_ISU_AP_BUSY}}'}, {'type': 'VARIABLE', 'value': '{{CE.CE_PERF_BUSY_CYCLES}}'}]
2026-06-26 14:40:17,821 INFO utils.complier: analyse  formula:[]
2026-06-26 14:40:17,821 INFO utils.complier: analyse  formula:[]
2026-06-26 14:40:17,821 INFO utils.complier: analyse  formula:[{'type': 'PROC_VAR', 'value': '$RET'}]
2026-06-26 14:40:17,821 INFO utils.complier: analyse  formula:[]
2026-06-26 14:40:17,822 INFO utils.complier: analyse  formula:[{'type': 'VARIABLE', 'value': '{{ISU.AP_PERF_ISU_AP_BUSY}}'}, {'type': 'VARIABLE', 'value': '{{CE.CE_PERF_BUSY_CYCLES}}'}]
2026-06-26 14:40:17,822 INFO utils.complier: analyse  formula:[]
2026-06-26 14:40:17,822 INFO utils.complier: analyse  formula:[]
2026-06-26 14:40:17,822 INFO utils.complier: analyse  formula:[{'type': 'VARIABLE', 'value': '{{ISU.AP_PERF_INST_CYCLES_VALU}}'}, {'type': 'VARIABLE', 'value': '{{ISU.AP_PERF_INST_CYCLES_MMA}}'}, {'type': 'VARIABLE', 'value': '{{ISU.AP_PERF_ISU_AP_BUSY}}'}]
2026-06-26 14:40:17,823 INFO utils.complier: analyse  formula:[]
2026-06-26 14:40:17,823 INFO utils.complier: analyse  formula:[]
2026-06-26 14:40:17,825 INFO utils.complier: analyse  formula:[{'type': 'PROC_VAR', 'value': '$RET'}]
2026-06-26 14:40:17,825 INFO utils.complier: analyse  formula:[]
2026-06-26 14:40:17,826 INFO utils.complier: analyse  formula:[{'type': 'VARIABLE', 'value': '{{ISU.AP_PERF_INST_CYCLES_VALU}}'}, {'type': 'VARIABLE', 'value': '{{ISU.AP_PERF_INST_CYCLES_MMA}}'}, {'type': 'VARIABLE', 'value': '{{ISU.AP_PERF_ISU_AP_BUSY}}'}]
2026-06-26 14:40:17,826 INFO utils.complier: analyse  formula:[]
2026-06-26 14:40:17,827 INFO utils.complier: analyse  formula:[]
2026-06-26 14:40:17,827 INFO utils.complier: analyse  formula:[{'type': 'VARIABLE', 'value': '{{CE.CE_PERF_SEND_RM_WORKGROUPS}}'}]
2026-06-26 14:40:17,827 INFO utils.complier: analyse  formula:[]
2026-06-26 14:40:17,827 INFO utils.complier: analyse  formula:[]
2026-06-26 14:40:17,827 INFO utils.complier: analyse  formula:[{'type': 'PROC_VAR', 'value': '$RET'}]
2026-06-26 14:40:17,827 INFO utils.complier: analyse  formula:[]
2026-06-26 14:40:17,827 INFO utils.complier: analyse  formula:[{'type': 'VARIABLE', 'value': '{{CE.CE_PERF_SEND_RM_WORKGROUPS}}'}]
2026-06-26 14:40:17,827 INFO utils.complier: analyse  formula:[]
2026-06-26 14:40:17,827 INFO utils.complier: analyse  formula:[]
2026-06-26 14:40:17,828 INFO utils.complier: analyse  formula:[{'type': 'VARIABLE', 'value': '{{CE.CE_PERF_SEND_RM_WAVES}}'}]
2026-06-26 14:40:17,828 INFO utils.complier: analyse  formula:[]
2026-06-26 14:40:17,828 INFO utils.complier: analyse  formula:[]
2026-06-26 14:40:17,828 INFO utils.complier: analyse  formula:[{'type': 'PROC_VAR', 'value': '$RET'}]
2026-06-26 14:40:17,828 INFO utils.complier: analyse  formula:[]
2026-06-26 14:40:17,828 INFO utils.complier: analyse  formula:[{'type': 'VARIABLE', 'value': '{{CE.CE_PERF_SEND_RM_WAVES}}'}]
2026-06-26 14:40:17,828 INFO utils.complier: analyse  formula:[]
2026-06-26 14:40:17,828 INFO utils.complier: analyse  formula:[]
2026-06-26 14:40:17,829 INFO utils.complier: analyse  formula:[{'type': 'VARIABLE', 'value': '{{RM.RM_PERF_WAVES_InFlight_Level_P0}}'}, {'type': 'VARIABLE', 'value': '{{RM.RM_PERF_WAVES_InFlight_Level_P1}}'}, {'type': 'VARIABLE', 'value': '{{RM.RM_PERF_WAVES_InFlight_Level_P2}}'}, {'type': 'VARIABLE', 'value': '{{RM.RM_PERF_WAVES_InFlight_Level_P3}}'}, {'type': 'VARIABLE', 'value': '{{CE.CE_PERF_SEND_RM_WAVES}}'}]
2026-06-26 14:40:17,829 INFO utils.complier: analyse  formula:[]
2026-06-26 14:40:17,829 INFO utils.complier: analyse  formula:[]
2026-06-26 14:40:17,829 INFO utils.complier: analyse  formula:[{'type': 'PROC_VAR', 'value': '$RET'}]
2026-06-26 14:40:17,829 INFO utils.complier: analyse  formula:[]
2026-06-26 14:40:17,830 INFO utils.complier: analyse  formula:[{'type': 'VARIABLE', 'value': '{{RM.RM_PERF_WAVES_InFlight_Level_P0}}'}, {'type': 'VARIABLE', 'value': '{{RM.RM_PERF_WAVES_InFlight_Level_P1}}'}, {'type': 'VARIABLE', 'value': '{{RM.RM_PERF_WAVES_InFlight_Level_P2}}'}, {'type': 'VARIABLE', 'value': '{{RM.RM_PERF_WAVES_InFlight_Level_P3}}'}, {'type': 'VARIABLE', 'value': '{{CE.CE_PERF_SEND_RM_WAVES}}'}]
2026-06-26 14:40:17,830 INFO utils.complier: analyse  formula:[]
2026-06-26 14:40:17,831 INFO utils.complier: analyse  formula:[]
2026-06-26 14:40:17,832 INFO utils.complier: analyse  formula:[{'type': 'VARIABLE', 'value': '{{ISU.AP_PERF_INST_CYCLES_VALU_4CYCLES}}'}, {'type': 'VARIABLE', 'value': '{{ISU.AP_PERF_INST_CYCLES_VALU_16CYCLES}}'}, {'type': 'VARIABLE', 'value': '{{ISU.AP_PERF_INST_CYCLES_MMA_16CYCLES}}'}, {'type': 'VARIABLE', 'value': '{{ISU.AP_PERF_INST_CYCLES_MMA_32CYCLES}}'}]
2026-06-26 14:40:17,832 INFO utils.complier: analyse  formula:[]
2026-06-26 14:40:17,833 INFO utils.complier: analyse  formula:[]
2026-06-26 14:40:17,835 INFO utils.complier: analyse  formula:[{'type': 'PROC_VAR', 'value': '$valu_4'}, {'type': 'PROC_VAR', 'value': '$valu_16'}, {'type': 'PROC_VAR', 'value': '$mma_16'}, {'type': 'PROC_VAR', 'value': '$mma_32'}, {'type': 'PROC_VAR', 'value': '$RET'}, {'type': 'PROC_VAR', 'value': '$valu_4'}, {'type': 'PROC_VAR', 'value': '$valu_16'}, {'type': 'PROC_VAR', 'value': '$mma_16'}, {'type': 'PROC_VAR', 'value': '$mma_32'}]
2026-06-26 14:40:17,837 INFO utils.complier: analyse  formula:[]
2026-06-26 14:40:17,838 INFO utils.complier: analyse  formula:[{'type': 'VARIABLE', 'value': '{{ISU.AP_PERF_INST_CYCLES_VALU_4CYCLES}}'}, {'type': 'VARIABLE', 'value': '{{ISU.AP_PERF_INST_CYCLES_VALU_16CYCLES}}'}, {'type': 'VARIABLE', 'value': '{{ISU.AP_PERF_INST_CYCLES_MMA_16CYCLES}}'}, {'type': 'VARIABLE', 'value': '{{ISU.AP_PERF_INST_CYCLES_MMA_32CYCLES}}'}]
2026-06-26 14:40:17,840 INFO utils.complier: analyse  formula:[]
2026-06-26 14:40:17,842 INFO utils.complier: analyse  formula:[]
2026-06-26 14:40:17,864 DEBUG matplotlib.font_manager: findfont: Matching sans\-serif:style=normal:variant=normal:weight=normal:stretch=normal:size=12.0.
2026-06-26 14:40:17,865 DEBUG matplotlib.font_manager: findfont: score(<Font 'STIXNonUnicode' (STIXNonUniIta.ttf) italic normal 400 normal>) = 11.05
2026-06-26 14:40:17,865 DEBUG matplotlib.font_manager: findfont: score(<Font 'DejaVu Sans Display' (DejaVuSansDisplay.ttf) normal normal 400 normal>) = 10.05
2026-06-26 14:40:17,865 DEBUG matplotlib.font_manager: findfont: score(<Font 'cmr10' (cmr10.ttf) normal normal 400 normal>) = 10.05
2026-06-26 14:40:17,865 DEBUG matplotlib.font_manager: findfont: score(<Font 'cmtt10' (cmtt10.ttf) normal normal 400 normal>) = 10.05
2026-06-26 14:40:17,865 DEBUG matplotlib.font_manager: findfont: score(<Font 'STIXNonUnicode' (STIXNonUni.ttf) normal normal 400 normal>) = 10.05
2026-06-26 14:40:17,865 DEBUG matplotlib.font_manager: findfont: score(<Font 'DejaVu Sans Mono' (DejaVuSansMono-BoldOblique.ttf) oblique normal 700 normal>) = 11.335
2026-06-26 14:40:17,865 DEBUG matplotlib.font_manager: findfont: score(<Font 'cmsy10' (cmsy10.ttf) normal normal 400 normal>) = 10.05
2026-06-26 14:40:17,865 DEBUG matplotlib.font_manager: findfont: score(<Font 'DejaVu Serif' (DejaVuSerif-Bold.ttf) normal normal 700 normal>) = 10.335
2026-06-26 14:40:17,865 DEBUG matplotlib.font_manager: findfont: score(<Font 'DejaVu Serif' (DejaVuSerif.ttf) normal normal 400 normal>) = 10.05
2026-06-26 14:40:17,865 DEBUG matplotlib.font_manager: findfont: score(<Font 'DejaVu Sans' (DejaVuSans-BoldOblique.ttf) oblique normal 700 normal>) = 1.335
2026-06-26 14:40:17,865 DEBUG matplotlib.font_manager: findfont: score(<Font 'STIXNonUnicode' (STIXNonUniBol.ttf) normal normal 700 normal>) = 10.335
2026-06-26 14:40:17,865 DEBUG matplotlib.font_manager: findfont: score(<Font 'STIXSizeFiveSym' (STIXSizFiveSymReg.ttf) normal normal 400 normal>) = 10.05
2026-06-26 14:40:17,865 DEBUG matplotlib.font_manager: findfont: score(<Font 'DejaVu Sans' (DejaVuSans-Bold.ttf) normal normal 700 normal>) = 0.33499999999999996
2026-06-26 14:40:17,865 DEBUG matplotlib.font_manager: findfont: score(<Font 'cmss10' (cmss10.ttf) normal normal 400 normal>) = 10.05
2026-06-26 14:40:17,866 DEBUG matplotlib.font_manager: findfont: score(<Font 'DejaVu Serif' (DejaVuSerif-BoldItalic.ttf) italic normal 700 normal>) = 11.335
2026-06-26 14:40:17,866 DEBUG matplotlib.font_manager: findfont: score(<Font 'DejaVu Sans Mono' (DejaVuSansMono-Oblique.ttf) oblique normal 400 normal>) = 11.05
2026-06-26 14:40:17,866 DEBUG matplotlib.font_manager: findfont: score(<Font 'cmb10' (cmb10.ttf) normal normal 400 normal>) = 10.05
2026-06-26 14:40:17,866 DEBUG matplotlib.font_manager: findfont: score(<Font 'STIXSizeTwoSym' (STIXSizTwoSymReg.ttf) normal normal 400 normal>) = 10.05
2026-06-26 14:40:17,866 DEBUG matplotlib.font_manager: findfont: score(<Font 'DejaVu Sans' (DejaVuSans.ttf) normal normal 400 normal>) = 0.05
2026-06-26 14:40:17,866 DEBUG matplotlib.font_manager: findfont: score(<Font 'DejaVu Sans Mono' (DejaVuSansMono.ttf) normal normal 400 normal>) = 10.05
2026-06-26 14:40:17,866 DEBUG matplotlib.font_manager: findfont: score(<Font 'STIXGeneral' (STIXGeneralItalic.ttf) italic normal 400 normal>) = 11.05
2026-06-26 14:40:17,866 DEBUG matplotlib.font_manager: findfont: score(<Font 'STIXNonUnicode' (STIXNonUniBolIta.ttf) italic normal 700 normal>) = 11.335
2026-06-26 14:40:17,866 DEBUG matplotlib.font_manager: findfont: score(<Font 'STIXSizeThreeSym' (STIXSizThreeSymReg.ttf) normal normal 400 normal>) = 10.05
2026-06-26 14:40:17,866 DEBUG matplotlib.font_manager: findfont: score(<Font 'STIXGeneral' (STIXGeneralBol.ttf) normal normal 700 normal>) = 10.335
2026-06-26 14:40:17,866 DEBUG matplotlib.font_manager: findfont: score(<Font 'STIXGeneral' (STIXGeneralBolIta.ttf) italic normal 700 normal>) = 11.335
2026-06-26 14:40:17,866 DEBUG matplotlib.font_manager: findfont: score(<Font 'DejaVu Serif Display' (DejaVuSerifDisplay.ttf) normal normal 400 normal>) = 10.05
2026-06-26 14:40:17,866 DEBUG matplotlib.font_manager: findfont: score(<Font 'STIXSizeFourSym' (STIXSizFourSymBol.ttf) normal normal 700 normal>) = 10.335
2026-06-26 14:40:17,866 DEBUG matplotlib.font_manager: findfont: score(<Font 'STIXGeneral' (STIXGeneral.ttf) normal normal 400 normal>) = 10.05
2026-06-26 14:40:17,866 DEBUG matplotlib.font_manager: findfont: score(<Font 'STIXSizeThreeSym' (STIXSizThreeSymBol.ttf) normal normal 700 normal>) = 10.335
2026-06-26 14:40:17,866 DEBUG matplotlib.font_manager: findfont: score(<Font 'DejaVu Sans' (DejaVuSans-Oblique.ttf) oblique normal 400 normal>) = 1.05
2026-06-26 14:40:17,866 DEBUG matplotlib.font_manager: findfont: score(<Font 'cmmi10' (cmmi10.ttf) normal normal 400 normal>) = 10.05
2026-06-26 14:40:17,866 DEBUG matplotlib.font_manager: findfont: score(<Font 'STIXSizeTwoSym' (STIXSizTwoSymBol.ttf) normal normal 700 normal>) = 10.335
2026-06-26 14:40:17,866 DEBUG matplotlib.font_manager: findfont: score(<Font 'cmex10' (cmex10.ttf) normal normal 400 normal>) = 10.05
2026-06-26 14:40:17,866 DEBUG matplotlib.font_manager: findfont: score(<Font 'DejaVu Sans Mono' (DejaVuSansMono-Bold.ttf) normal normal 700 normal>) = 10.335
2026-06-26 14:40:17,866 DEBUG matplotlib.font_manager: findfont: score(<Font 'DejaVu Serif' (DejaVuSerif-Italic.ttf) italic normal 400 normal>) = 11.05
2026-06-26 14:40:17,866 DEBUG matplotlib.font_manager: findfont: score(<Font 'STIXSizeFourSym' (STIXSizFourSymReg.ttf) normal normal 400 normal>) = 10.05
2026-06-26 14:40:17,866 DEBUG matplotlib.font_manager: findfont: score(<Font 'STIXSizeOneSym' (STIXSizOneSymReg.ttf) normal normal 400 normal>) = 10.05
2026-06-26 14:40:17,866 DEBUG matplotlib.font_manager: findfont: score(<Font 'STIXSizeOneSym' (STIXSizOneSymBol.ttf) normal normal 700 normal>) = 10.335
2026-06-26 14:40:17,866 DEBUG matplotlib.font_manager: findfont: score(<Font 'DejaVu Serif' (DejaVuSerif-Bold.ttf) normal normal 700 normal>) = 10.335
2026-06-26 14:40:17,866 DEBUG matplotlib.font_manager: findfont: score(<Font 'DejaVu Sans' (DejaVuSans-Bold.ttf) normal normal 700 normal>) = 0.33499999999999996
2026-06-26 14:40:17,866 DEBUG matplotlib.font_manager: findfont: score(<Font 'DejaVu Sans Mono' (DejaVuSansMono.ttf) normal normal 400 normal>) = 10.05
2026-06-26 14:40:17,866 DEBUG matplotlib.font_manager: findfont: score(<Font 'DejaVu Sans' (DejaVuSans.ttf) normal normal 400 normal>) = 0.05
2026-06-26 14:40:17,866 DEBUG matplotlib.font_manager: findfont: score(<Font 'DejaVu Sans Mono' (DejaVuSansMono-Bold.ttf) normal normal 700 normal>) = 10.335
2026-06-26 14:40:17,866 DEBUG matplotlib.font_manager: findfont: score(<Font 'DejaVu Serif' (DejaVuSerif.ttf) normal normal 400 normal>) = 10.05
2026-06-26 14:40:17,866 DEBUG matplotlib.font_manager: findfont: Matching sans\-serif:style=normal:variant=normal:weight=normal:stretch=normal:size=12.0 to DejaVu Sans ('/tmp/_MEItUlqXx/matplotlib/mpl-data/fonts/ttf/DejaVuSans.ttf') with score of 0.050000.
2026-06-26 14:40:17,870 DEBUG matplotlib.font_manager: findfont: Matching sans\-serif:style=normal:variant=normal:weight=normal:stretch=normal:size=10.0.
2026-06-26 14:40:17,870 DEBUG matplotlib.font_manager: findfont: score(<Font 'STIXNonUnicode' (STIXNonUniIta.ttf) italic normal 400 normal>) = 11.05
2026-06-26 14:40:17,870 DEBUG matplotlib.font_manager: findfont: score(<Font 'DejaVu Sans Display' (DejaVuSansDisplay.ttf) normal normal 400 normal>) = 10.05
2026-06-26 14:40:17,871 DEBUG matplotlib.font_manager: findfont: score(<Font 'cmr10' (cmr10.ttf) normal normal 400 normal>) = 10.05
2026-06-26 14:40:17,871 DEBUG matplotlib.font_manager: findfont: score(<Font 'cmtt10' (cmtt10.ttf) normal normal 400 normal>) = 10.05
2026-06-26 14:40:17,871 DEBUG matplotlib.font_manager: findfont: score(<Font 'STIXNonUnicode' (STIXNonUni.ttf) normal normal 400 normal>) = 10.05
2026-06-26 14:40:17,871 DEBUG matplotlib.font_manager: findfont: score(<Font 'DejaVu Sans Mono' (DejaVuSansMono-BoldOblique.ttf) oblique normal 700 normal>) = 11.335
2026-06-26 14:40:17,871 DEBUG matplotlib.font_manager: findfont: score(<Font 'cmsy10' (cmsy10.ttf) normal normal 400 normal>) = 10.05
2026-06-26 14:40:17,871 DEBUG matplotlib.font_manager: findfont: score(<Font 'DejaVu Serif' (DejaVuSerif-Bold.ttf) normal normal 700 normal>) = 10.335
2026-06-26 14:40:17,871 DEBUG matplotlib.font_manager: findfont: score(<Font 'DejaVu Serif' (DejaVuSerif.ttf) normal normal 400 normal>) = 10.05
2026-06-26 14:40:17,871 DEBUG matplotlib.font_manager: findfont: score(<Font 'DejaVu Sans' (DejaVuSans-BoldOblique.ttf) oblique normal 700 normal>) = 1.335
2026-06-26 14:40:17,871 DEBUG matplotlib.font_manager: findfont: score(<Font 'STIXNonUnicode' (STIXNonUniBol.ttf) normal normal 700 normal>) = 10.335
2026-06-26 14:40:17,871 DEBUG matplotlib.font_manager: findfont: score(<Font 'STIXSizeFiveSym' (STIXSizFiveSymReg.ttf) normal normal 400 normal>) = 10.05
2026-06-26 14:40:17,871 DEBUG matplotlib.font_manager: findfont: score(<Font 'DejaVu Sans' (DejaVuSans-Bold.ttf) normal normal 700 normal>) = 0.33499999999999996
2026-06-26 14:40:17,871 DEBUG matplotlib.font_manager: findfont: score(<Font 'cmss10' (cmss10.ttf) normal normal 400 normal>) = 10.05
2026-06-26 14:40:17,871 DEBUG matplotlib.font_manager: findfont: score(<Font 'DejaVu Serif' (DejaVuSerif-BoldItalic.ttf) italic normal 700 normal>) = 11.335
2026-06-26 14:40:17,871 DEBUG matplotlib.font_manager: findfont: score(<Font 'DejaVu Sans Mono' (DejaVuSansMono-Oblique.ttf) oblique normal 400 normal>) = 11.05
2026-06-26 14:40:17,871 DEBUG matplotlib.font_manager: findfont: score(<Font 'cmb10' (cmb10.ttf) normal normal 400 normal>) = 10.05
2026-06-26 14:40:17,871 DEBUG matplotlib.font_manager: findfont: score(<Font 'STIXSizeTwoSym' (STIXSizTwoSymReg.ttf) normal normal 400 normal>) = 10.05
2026-06-26 14:40:17,871 DEBUG matplotlib.font_manager: findfont: score(<Font 'DejaVu Sans' (DejaVuSans.ttf) normal normal 400 normal>) = 0.05
2026-06-26 14:40:17,871 DEBUG matplotlib.font_manager: findfont: score(<Font 'DejaVu Sans Mono' (DejaVuSansMono.ttf) normal normal 400 normal>) = 10.05
2026-06-26 14:40:17,871 DEBUG matplotlib.font_manager: findfont: score(<Font 'STIXGeneral' (STIXGeneralItalic.ttf) italic normal 400 normal>) = 11.05
2026-06-26 14:40:17,871 DEBUG matplotlib.font_manager: findfont: score(<Font 'STIXNonUnicode' (STIXNonUniBolIta.ttf) italic normal 700 normal>) = 11.335
2026-06-26 14:40:17,871 DEBUG matplotlib.font_manager: findfont: score(<Font 'STIXSizeThreeSym' (STIXSizThreeSymReg.ttf) normal normal 400 normal>) = 10.05
2026-06-26 14:40:17,871 DEBUG matplotlib.font_manager: findfont: score(<Font 'STIXGeneral' (STIXGeneralBol.ttf) normal normal 700 normal>) = 10.335
2026-06-26 14:40:17,871 DEBUG matplotlib.font_manager: findfont: score(<Font 'STIXGeneral' (STIXGeneralBolIta.ttf) italic normal 700 normal>) = 11.335
2026-06-26 14:40:17,871 DEBUG matplotlib.font_manager: findfont: score(<Font 'DejaVu Serif Display' (DejaVuSerifDisplay.ttf) normal normal 400 normal>) = 10.05
2026-06-26 14:40:17,871 DEBUG matplotlib.font_manager: findfont: score(<Font 'STIXSizeFourSym' (STIXSizFourSymBol.ttf) normal normal 700 normal>) = 10.335
2026-06-26 14:40:17,871 DEBUG matplotlib.font_manager: findfont: score(<Font 'STIXGeneral' (STIXGeneral.ttf) normal normal 400 normal>) = 10.05
2026-06-26 14:40:17,871 DEBUG matplotlib.font_manager: findfont: score(<Font 'STIXSizeThreeSym' (STIXSizThreeSymBol.ttf) normal normal 700 normal>) = 10.335
2026-06-26 14:40:17,871 DEBUG matplotlib.font_manager: findfont: score(<Font 'DejaVu Sans' (DejaVuSans-Oblique.ttf) oblique normal 400 normal>) = 1.05
2026-06-26 14:40:17,871 DEBUG matplotlib.font_manager: findfont: score(<Font 'cmmi10' (cmmi10.ttf) normal normal 400 normal>) = 10.05
2026-06-26 14:40:17,871 DEBUG matplotlib.font_manager: findfont: score(<Font 'STIXSizeTwoSym' (STIXSizTwoSymBol.ttf) normal normal 700 normal>) = 10.335
2026-06-26 14:40:17,872 DEBUG matplotlib.font_manager: findfont: score(<Font 'cmex10' (cmex10.ttf) normal normal 400 normal>) = 10.05
2026-06-26 14:40:17,872 DEBUG matplotlib.font_manager: findfont: score(<Font 'DejaVu Sans Mono' (DejaVuSansMono-Bold.ttf) normal normal 700 normal>) = 10.335
2026-06-26 14:40:17,872 DEBUG matplotlib.font_manager: findfont: score(<Font 'DejaVu Serif' (DejaVuSerif-Italic.ttf) italic normal 400 normal>) = 11.05
2026-06-26 14:40:17,872 DEBUG matplotlib.font_manager: findfont: score(<Font 'STIXSizeFourSym' (STIXSizFourSymReg.ttf) normal normal 400 normal>) = 10.05
2026-06-26 14:40:17,872 DEBUG matplotlib.font_manager: findfont: score(<Font 'STIXSizeOneSym' (STIXSizOneSymReg.ttf) normal normal 400 normal>) = 10.05
2026-06-26 14:40:17,872 DEBUG matplotlib.font_manager: findfont: score(<Font 'STIXSizeOneSym' (STIXSizOneSymBol.ttf) normal normal 700 normal>) = 10.335
2026-06-26 14:40:17,872 DEBUG matplotlib.font_manager: findfont: score(<Font 'DejaVu Serif' (DejaVuSerif-Bold.ttf) normal normal 700 normal>) = 10.335
2026-06-26 14:40:17,872 DEBUG matplotlib.font_manager: findfont: score(<Font 'DejaVu Sans' (DejaVuSans-Bold.ttf) normal normal 700 normal>) = 0.33499999999999996
2026-06-26 14:40:17,872 DEBUG matplotlib.font_manager: findfont: score(<Font 'DejaVu Sans Mono' (DejaVuSansMono.ttf) normal normal 400 normal>) = 10.05
2026-06-26 14:40:17,872 DEBUG matplotlib.font_manager: findfont: score(<Font 'DejaVu Sans' (DejaVuSans.ttf) normal normal 400 normal>) = 0.05
2026-06-26 14:40:17,872 DEBUG matplotlib.font_manager: findfont: score(<Font 'DejaVu Sans Mono' (DejaVuSansMono-Bold.ttf) normal normal 700 normal>) = 10.335
2026-06-26 14:40:17,872 DEBUG matplotlib.font_manager: findfont: score(<Font 'DejaVu Serif' (DejaVuSerif.ttf) normal normal 400 normal>) = 10.05
2026-06-26 14:40:17,872 DEBUG matplotlib.font_manager: findfont: Matching sans\-serif:style=normal:variant=normal:weight=normal:stretch=normal:size=10.0 to DejaVu Sans ('/tmp/_MEItUlqXx/matplotlib/mpl-data/fonts/ttf/DejaVuSans.ttf') with score of 0.050000.
2026-06-26 14:40:17,927 INFO utils.complier: analyse  formula:[{'type': 'VARIABLE_DICT', 'value': '{{{ISU.AP_PERF_INST_CYCLES_MMA}}}'}, {'type': 'VARIABLE_DICT', 'value': '{{{ISU.AP_PERF_INST_CYCLES_MMA}}}'}, {'type': 'VARIABLE_DICT', 'value': '{{{ISU.AP_PERF_INST_CYCLES_VALU}}}'}]
2026-06-26 14:40:17,928 INFO utils.complier: analyse  formula:[]
2026-06-26 14:40:17,928 INFO utils.complier: analyse  formula:[]
2026-06-26 14:40:17,929 INFO utils.complier: analyse  formula:[{'type': 'PROC_VAR', 'value': '$dpcs'}, {'type': 'PROC_VAR', 'value': '$RET'}, {'type': 'PROC_VAR', 'value': '$dpcs'}]
2026-06-26 14:40:17,930 INFO utils.complier: analyse  formula:[{'type': 'VARIABLE_DICT', 'value': '{{{ISU.AP_PERF_INST_CYCLES_MMA}}}'}, {'type': 'VARIABLE_DICT', 'value': '{{{ISU.AP_PERF_INST_CYCLES_MMA}}}'}, {'type': 'VARIABLE_DICT', 'value': '{{{ISU.AP_PERF_INST_CYCLES_VALU}}}'}]
2026-06-26 14:40:17,931 INFO utils.complier: analyse  formula:[]
2026-06-26 14:40:17,931 INFO utils.complier: analyse  formula:[]
2026-06-26 14:40:17,932 INFO utils.complier: analyse  formula:[]
2026-06-26 14:40:18,026 INFO utils.complier: analyse  formula:[{'type': 'VARIABLE', 'value': '{{ISU.AP_PERF_INSTS_VALU}}'}, {'type': 'VARIABLE', 'value': '{{ISU.AP_PERF_INSTS_MMA}}'}, {'type': 'VARIABLE', 'value': '{{ISU.AP_PERF_INSTS_SALU}}'}, {'type': 'VARIABLE', 'value': '{{ISU.AP_PERF_INSTS_GVM}}'}, {'type': 'VARIABLE', 'value': '{{ISU.AP_PERF_INSTS_BSM}}'}, {'type': 'VARIABLE', 'value': '{{ISU.AP_PERF_INSTS_LDU}}'}, {'type': 'VARIABLE', 'value': '{{ISU.AP_PERF_INST_MISC}}'}]
2026-06-26 14:40:18,027 INFO utils.complier: analyse  formula:[]
2026-06-26 14:40:18,027 INFO utils.complier: analyse  formula:[]
2026-06-26 14:40:18,030 INFO utils.complier: analyse  formula:[{'type': 'PROC_VAR', 'value': '$valu'}, {'type': 'PROC_VAR', 'value': '$mma'}, {'type': 'PROC_VAR', 'value': '$salu'}, {'type': 'PROC_VAR', 'value': '$gvm'}, {'type': 'PROC_VAR', 'value': '$bsm'}, {'type': 'PROC_VAR', 'value': '$ldu'}, {'type': 'PROC_VAR', 'value': '$misc'}, {'type': 'PROC_VAR', 'value': '$RET'}, {'type': 'PROC_VAR', 'value': '$valu'}, {'type': 'PROC_VAR', 'value': '$mma'}, {'type': 'PROC_VAR', 'value': '$salu'}, {'type': 'PROC_VAR', 'value': '$gvm'}, {'type': 'PROC_VAR', 'value': '$bsm'}, {'type': 'PROC_VAR', 'value': '$ldu'}, {'type': 'PROC_VAR', 'value': '$misc'}]
2026-06-26 14:40:18,032 INFO utils.complier: analyse  formula:[]
2026-06-26 14:40:18,033 INFO utils.complier: analyse  formula:[{'type': 'VARIABLE', 'value': '{{ISU.AP_PERF_INSTS_VALU}}'}, {'type': 'VARIABLE', 'value': '{{ISU.AP_PERF_INSTS_MMA}}'}, {'type': 'VARIABLE', 'value': '{{ISU.AP_PERF_INSTS_SALU}}'}, {'type': 'VARIABLE', 'value': '{{ISU.AP_PERF_INSTS_GVM}}'}, {'type': 'VARIABLE', 'value': '{{ISU.AP_PERF_INSTS_BSM}}'}, {'type': 'VARIABLE', 'value': '{{ISU.AP_PERF_INSTS_LDU}}'}, {'type': 'VARIABLE', 'value': '{{ISU.AP_PERF_INST_MISC}}'}]
2026-06-26 14:40:18,036 INFO utils.complier: analyse  formula:[]
2026-06-26 14:40:18,038 INFO utils.complier: analyse  formula:[]
2026-06-26 14:40:18,133 INFO utils.complier: analyse  formula:[{'type': 'VARIABLE', 'value': '{{ISU.AP_PERF_ISU_ARB_WSM_STALL}}'}, {'type': 'VARIABLE', 'value': '{{ISU.AP_PERF_ISU_ARB_VLS_STALL}}'}, {'type': 'VARIABLE', 'value': '{{ISU.AP_PERF_ISU_ARB_DATA_STALL}}'}, {'type': 'VARIABLE', 'value': '{{ISU.AP_PERF_ISU_ARB_VALU_STALL}}'}]
2026-06-26 14:40:18,134 INFO utils.complier: analyse  formula:[]
2026-06-26 14:40:18,135 INFO utils.complier: analyse  formula:[]
2026-06-26 14:40:18,136 INFO utils.complier: analyse  formula:[{'type': 'PROC_VAR', 'value': '$RET'}]
2026-06-26 14:40:18,137 INFO utils.complier: analyse  formula:[]
2026-06-26 14:40:18,138 INFO utils.complier: analyse  formula:[{'type': 'VARIABLE', 'value': '{{ISU.AP_PERF_ISU_ARB_WSM_STALL}}'}, {'type': 'VARIABLE', 'value': '{{ISU.AP_PERF_ISU_ARB_VLS_STALL}}'}, {'type': 'VARIABLE', 'value': '{{ISU.AP_PERF_ISU_ARB_DATA_STALL}}'}, {'type': 'VARIABLE', 'value': '{{ISU.AP_PERF_ISU_ARB_VALU_STALL}}'}]
2026-06-26 14:40:18,139 INFO utils.complier: analyse  formula:[]
2026-06-26 14:40:18,140 INFO utils.complier: analyse  formula:[]
2026-06-26 14:40:18,206 INFO utils.complier: analyse  formula:[]
2026-06-26 14:40:18,206 INFO utils.complier: analyse  formula:[]
2026-06-26 14:40:18,206 INFO utils.complier: analyse  formula:[{'type': 'PRE_VAR', 'value': '@global_insts_rd'}]
2026-06-26 14:40:18,206 INFO utils.complier: analyse  formula:[{'type': 'PROC_VAR', 'value': '$RET'}]
2026-06-26 14:40:18,206 INFO utils.complier: analyse  formula:[]
2026-06-26 14:40:18,207 INFO utils.complier: analyse  formula:[]
2026-06-26 14:40:18,207 INFO utils.complier: analyse  formula:[{'type': 'PRE_VAR', 'value': '@global_insts_rd'}]
2026-06-26 14:40:18,207 INFO utils.complier: analyse  formula:[]
2026-06-26 14:40:18,207 INFO utils.complier: analyse  formula:[]
2026-06-26 14:40:18,207 INFO utils.complier: analyse  formula:[]
2026-06-26 14:40:18,207 INFO utils.complier: analyse  formula:[{'type': 'PRE_VAR', 'value': '@global_insts_wr'}]
2026-06-26 14:40:18,207 INFO utils.complier: analyse  formula:[{'type': 'PROC_VAR', 'value': '$RET'}]
2026-06-26 14:40:18,207 INFO utils.complier: analyse  formula:[]
2026-06-26 14:40:18,207 INFO utils.complier: analyse  formula:[]
2026-06-26 14:40:18,207 INFO utils.complier: analyse  formula:[{'type': 'PRE_VAR', 'value': '@global_insts_wr'}]
2026-06-26 14:40:18,208 INFO utils.complier: analyse  formula:[]
2026-06-26 14:40:18,208 INFO utils.complier: analyse  formula:[{'type': 'VARIABLE', 'value': '{{ISU.AP_PERF_INST_GLOBAL_ATOMIC}}'}, {'type': 'VARIABLE', 'value': '{{ISU.AP_PERF_INST_GLOBAL_ATOMIC_64}}'}]
2026-06-26 14:40:18,208 INFO utils.complier: analyse  formula:[]
2026-06-26 14:40:18,208 INFO utils.complier: analyse  formula:[]
2026-06-26 14:40:18,208 INFO utils.complier: analyse  formula:[{'type': 'PROC_VAR', 'value': '$RET'}]
2026-06-26 14:40:18,208 INFO utils.complier: analyse  formula:[]
2026-06-26 14:40:18,209 INFO utils.complier: analyse  formula:[{'type': 'VARIABLE', 'value': '{{ISU.AP_PERF_INST_GLOBAL_ATOMIC}}'}, {'type': 'VARIABLE', 'value': '{{ISU.AP_PERF_INST_GLOBAL_ATOMIC_64}}'}]
2026-06-26 14:40:18,209 INFO utils.complier: analyse  formula:[]
2026-06-26 14:40:18,209 INFO utils.complier: analyse  formula:[]
2026-06-26 14:40:18,209 INFO utils.complier: analyse  formula:[]
2026-06-26 14:40:18,209 INFO utils.complier: analyse  formula:[]
2026-06-26 14:40:18,209 INFO utils.complier: analyse  formula:[{'type': 'PRE_VAR', 'value': '@private_insts_rd'}]
2026-06-26 14:40:18,209 INFO utils.complier: analyse  formula:[{'type': 'PROC_VAR', 'value': '$RET'}]
2026-06-26 14:40:18,209 INFO utils.complier: analyse  formula:[]
2026-06-26 14:40:18,210 INFO utils.complier: analyse  formula:[]
2026-06-26 14:40:18,210 INFO utils.complier: analyse  formula:[{'type': 'PRE_VAR', 'value': '@private_insts_rd'}]
2026-06-26 14:40:18,210 INFO utils.complier: analyse  formula:[]
2026-06-26 14:40:18,210 INFO utils.complier: analyse  formula:[]
2026-06-26 14:40:18,210 INFO utils.complier: analyse  formula:[]
2026-06-26 14:40:18,210 INFO utils.complier: analyse  formula:[{'type': 'PRE_VAR', 'value': '@private_insts_wr'}]
2026-06-26 14:40:18,210 INFO utils.complier: analyse  formula:[{'type': 'PROC_VAR', 'value': '$RET'}]
2026-06-26 14:40:18,210 INFO utils.complier: analyse  formula:[]
2026-06-26 14:40:18,210 INFO utils.complier: analyse  formula:[]
2026-06-26 14:40:18,210 INFO utils.complier: analyse  formula:[{'type': 'PRE_VAR', 'value': '@private_insts_wr'}]
2026-06-26 14:40:18,211 INFO utils.complier: analyse  formula:[]
2026-06-26 14:40:18,211 INFO utils.complier: analyse  formula:[]
2026-06-26 14:40:18,211 INFO utils.complier: analyse  formula:[]
2026-06-26 14:40:18,211 INFO utils.complier: analyse  formula:[{'type': 'PRE_VAR', 'value': '@ldu_insts_rd'}]
2026-06-26 14:40:18,211 INFO utils.complier: analyse  formula:[{'type': 'PROC_VAR', 'value': '$RET'}]
2026-06-26 14:40:18,211 INFO utils.complier: analyse  formula:[]
2026-06-26 14:40:18,211 INFO utils.complier: analyse  formula:[]
2026-06-26 14:40:18,211 INFO utils.complier: analyse  formula:[{'type': 'PRE_VAR', 'value': '@ldu_insts_rd'}]
2026-06-26 14:40:18,211 INFO utils.complier: analyse  formula:[]
2026-06-26 14:40:18,211 INFO utils.complier: analyse  formula:[]
2026-06-26 14:40:18,211 INFO utils.complier: analyse  formula:[]
2026-06-26 14:40:18,211 INFO utils.complier: analyse  formula:[{'type': 'PRE_VAR', 'value': '@sl1_rd'}]
2026-06-26 14:40:18,211 INFO utils.complier: analyse  formula:[{'type': 'PROC_VAR', 'value': '$RET'}]
2026-06-26 14:40:18,212 INFO utils.complier: analyse  formula:[]
2026-06-26 14:40:18,212 INFO utils.complier: analyse  formula:[]
2026-06-26 14:40:18,212 INFO utils.complier: analyse  formula:[{'type': 'PRE_VAR', 'value': '@sl1_rd'}]
2026-06-26 14:40:18,212 INFO utils.complier: analyse  formula:[]
2026-06-26 14:40:18,212 INFO utils.complier: analyse  formula:[]
2026-06-26 14:40:18,212 INFO utils.complier: analyse  formula:[]
2026-06-26 14:40:18,212 INFO utils.complier: analyse  formula:[{'type': 'PRE_VAR', 'value': '@sl1_l2c_rd'}]
2026-06-26 14:40:18,212 INFO utils.complier: analyse  formula:[{'type': 'PROC_VAR', 'value': '$RET'}]
2026-06-26 14:40:18,212 INFO utils.complier: analyse  formula:[]
2026-06-26 14:40:18,212 INFO utils.complier: analyse  formula:[]
2026-06-26 14:40:18,212 INFO utils.complier: analyse  formula:[{'type': 'PRE_VAR', 'value': '@sl1_l2c_rd'}]
2026-06-26 14:40:18,213 INFO utils.complier: analyse  formula:[]
2026-06-26 14:40:18,213 INFO utils.complier: analyse  formula:[]
2026-06-26 14:40:18,213 INFO utils.complier: analyse  formula:[]
2026-06-26 14:40:18,213 INFO utils.complier: analyse  formula:[{'type': 'PRE_VAR', 'value': '@sl1_hit_rate'}]
2026-06-26 14:40:18,213 INFO utils.complier: analyse  formula:[{'type': 'PROC_VAR', 'value': '$RET'}]
2026-06-26 14:40:18,213 INFO utils.complier: analyse  formula:[]
2026-06-26 14:40:18,213 INFO utils.complier: analyse  formula:[]
2026-06-26 14:40:18,213 INFO utils.complier: analyse  formula:[{'type': 'PRE_VAR', 'value': '@sl1_hit_rate'}]
2026-06-26 14:40:18,213 INFO utils.complier: analyse  formula:[]
2026-06-26 14:40:18,213 INFO utils.complier: analyse  formula:[]
2026-06-26 14:40:18,213 INFO utils.complier: analyse  formula:[]
2026-06-26 14:40:18,213 INFO utils.complier: analyse  formula:[{'type': 'PRE_VAR', 'value': '@vl1_insts_rd'}]
2026-06-26 14:40:18,214 INFO utils.complier: analyse  formula:[{'type': 'PROC_VAR', 'value': '$RET'}]
2026-06-26 14:40:18,214 INFO utils.complier: analyse  formula:[]
2026-06-26 14:40:18,214 INFO utils.complier: analyse  formula:[]
2026-06-26 14:40:18,214 INFO utils.complier: analyse  formula:[{'type': 'PRE_VAR', 'value': '@vl1_insts_rd'}]
2026-06-26 14:40:18,214 INFO utils.complier: analyse  formula:[]
2026-06-26 14:40:18,214 INFO utils.complier: analyse  formula:[]
2026-06-26 14:40:18,214 INFO utils.complier: analyse  formula:[]
2026-06-26 14:40:18,214 INFO utils.complier: analyse  formula:[{'type': 'PRE_VAR', 'value': '@vl1_insts_wr'}]
2026-06-26 14:40:18,214 INFO utils.complier: analyse  formula:[{'type': 'PROC_VAR', 'value': '$RET'}]
2026-06-26 14:40:18,214 INFO utils.complier: analyse  formula:[]
2026-06-26 14:40:18,214 INFO utils.complier: analyse  formula:[]
2026-06-26 14:40:18,215 INFO utils.complier: analyse  formula:[{'type': 'PRE_VAR', 'value': '@vl1_insts_wr'}]
2026-06-26 14:40:18,215 INFO utils.complier: analyse  formula:[]
2026-06-26 14:40:18,215 INFO utils.complier: analyse  formula:[{'type': 'VARIABLE', 'value': '{{VL1.p_total_atomic_instruction_event}}'}]
2026-06-26 14:40:18,215 INFO utils.complier: analyse  formula:[]
2026-06-26 14:40:18,215 INFO utils.complier: analyse  formula:[]
2026-06-26 14:40:18,215 INFO utils.complier: analyse  formula:[{'type': 'PROC_VAR', 'value': '$RET'}]
2026-06-26 14:40:18,215 INFO utils.complier: analyse  formula:[]
2026-06-26 14:40:18,215 INFO utils.complier: analyse  formula:[{'type': 'VARIABLE', 'value': '{{VL1.p_total_atomic_instruction_event}}'}]
2026-06-26 14:40:18,216 INFO utils.complier: analyse  formula:[]
2026-06-26 14:40:18,216 INFO utils.complier: analyse  formula:[]
2026-06-26 14:40:18,216 INFO utils.complier: analyse  formula:[]
2026-06-26 14:40:18,216 INFO utils.complier: analyse  formula:[]
2026-06-26 14:40:18,216 INFO utils.complier: analyse  formula:[{'type': 'PRE_VAR', 'value': '@vl1_hit_rate'}]
2026-06-26 14:40:18,216 INFO utils.complier: analyse  formula:[{'type': 'PROC_VAR', 'value': '$RET'}]
2026-06-26 14:40:18,216 INFO utils.complier: analyse  formula:[]
2026-06-26 14:40:18,216 INFO utils.complier: analyse  formula:[]
2026-06-26 14:40:18,216 INFO utils.complier: analyse  formula:[{'type': 'PRE_VAR', 'value': '@vl1_hit_rate'}]
2026-06-26 14:40:18,216 INFO utils.complier: analyse  formula:[]
2026-06-26 14:40:18,216 INFO utils.complier: analyse  formula:[]
2026-06-26 14:40:18,217 INFO utils.complier: analyse  formula:[]
2026-06-26 14:40:18,217 INFO utils.complier: analyse  formula:[{'type': 'PRE_VAR', 'value': '@l2c_insts_rd'}]
2026-06-26 14:40:18,217 INFO utils.complier: analyse  formula:[{'type': 'PROC_VAR', 'value': '$RET'}]
2026-06-26 14:40:18,217 INFO utils.complier: analyse  formula:[]
2026-06-26 14:40:18,217 INFO utils.complier: analyse  formula:[]
2026-06-26 14:40:18,217 INFO utils.complier: analyse  formula:[{'type': 'PRE_VAR', 'value': '@l2c_insts_rd'}]
2026-06-26 14:40:18,217 INFO utils.complier: analyse  formula:[]
2026-06-26 14:40:18,217 INFO utils.complier: analyse  formula:[]
2026-06-26 14:40:18,217 INFO utils.complier: analyse  formula:[]
2026-06-26 14:40:18,217 INFO utils.complier: analyse  formula:[{'type': 'PRE_VAR', 'value': '@l2c_insts_wr'}]
2026-06-26 14:40:18,217 INFO utils.complier: analyse  formula:[{'type': 'PROC_VAR', 'value': '$RET'}]
2026-06-26 14:40:18,217 INFO utils.complier: analyse  formula:[]
2026-06-26 14:40:18,218 INFO utils.complier: analyse  formula:[]
2026-06-26 14:40:18,218 INFO utils.complier: analyse  formula:[{'type': 'PRE_VAR', 'value': '@l2c_insts_wr'}]
2026-06-26 14:40:18,218 INFO utils.complier: analyse  formula:[]
2026-06-26 14:40:18,218 INFO utils.complier: analyse  formula:[{'type': 'VARIABLE', 'value': '{{L2C.perf_atomic_req}}'}]
2026-06-26 14:40:18,218 INFO utils.complier: analyse  formula:[]
2026-06-26 14:40:18,218 INFO utils.complier: analyse  formula:[]
2026-06-26 14:40:18,218 INFO utils.complier: analyse  formula:[{'type': 'PROC_VAR', 'value': '$RET'}]
2026-06-26 14:40:18,218 INFO utils.complier: analyse  formula:[]
2026-06-26 14:40:18,218 INFO utils.complier: analyse  formula:[{'type': 'VARIABLE', 'value': '{{L2C.perf_atomic_req}}'}]
2026-06-26 14:40:18,219 INFO utils.complier: analyse  formula:[]
2026-06-26 14:40:18,219 INFO utils.complier: analyse  formula:[]
2026-06-26 14:40:18,219 INFO utils.complier: analyse  formula:[]
2026-06-26 14:40:18,219 INFO utils.complier: analyse  formula:[]
2026-06-26 14:40:18,219 INFO utils.complier: analyse  formula:[{'type': 'PRE_VAR', 'value': '@l2c_hit_rate'}]
2026-06-26 14:40:18,219 INFO utils.complier: analyse  formula:[{'type': 'PROC_VAR', 'value': '$RET'}]
2026-06-26 14:40:18,219 INFO utils.complier: analyse  formula:[]
2026-06-26 14:40:18,219 INFO utils.complier: analyse  formula:[]
2026-06-26 14:40:18,219 INFO utils.complier: analyse  formula:[{'type': 'PRE_VAR', 'value': '@l2c_hit_rate'}]
2026-06-26 14:40:18,219 INFO utils.complier: analyse  formula:[]
2026-06-26 14:40:18,220 INFO utils.complier: analyse  formula:[{'type': 'VARIABLE', 'value': '{{ISU.AP_PERF_INSTS_GVM_ATOMIC}}'}, {'type': 'VARIABLE', 'value': '{{ISU.AP_PERF_INST_BSM_ATOMIC}}'}]
2026-06-26 14:40:18,220 INFO utils.complier: analyse  formula:[]
2026-06-26 14:40:18,220 INFO utils.complier: analyse  formula:[]
2026-06-26 14:40:18,220 INFO utils.complier: analyse  formula:[{'type': 'PROC_VAR', 'value': '$RET'}]
2026-06-26 14:40:18,220 INFO utils.complier: analyse  formula:[]
2026-06-26 14:40:18,220 INFO utils.complier: analyse  formula:[{'type': 'VARIABLE', 'value': '{{ISU.AP_PERF_INSTS_GVM_ATOMIC}}'}, {'type': 'VARIABLE', 'value': '{{ISU.AP_PERF_INST_BSM_ATOMIC}}'}]
2026-06-26 14:40:18,221 INFO utils.complier: analyse  formula:[]
2026-06-26 14:40:18,221 INFO utils.complier: analyse  formula:[]
2026-06-26 14:40:18,221 INFO utils.complier: analyse  formula:[{'type': 'VARIABLE', 'value': '{{L2C.perf_dnoc_rdreq}}'}]
2026-06-26 14:40:18,221 INFO utils.complier: analyse  formula:[]
2026-06-26 14:40:18,221 INFO utils.complier: analyse  formula:[]
2026-06-26 14:40:18,221 INFO utils.complier: analyse  formula:[{'type': 'PROC_VAR', 'value': '$RET'}]
2026-06-26 14:40:18,221 INFO utils.complier: analyse  formula:[]
2026-06-26 14:40:18,222 INFO utils.complier: analyse  formula:[{'type': 'VARIABLE', 'value': '{{L2C.perf_dnoc_rdreq}}'}]
2026-06-26 14:40:18,222 INFO utils.complier: analyse  formula:[]
2026-06-26 14:40:18,222 INFO utils.complier: analyse  formula:[]
2026-06-26 14:40:18,222 INFO utils.complier: analyse  formula:[{'type': 'VARIABLE', 'value': '{{L2C.perf_dnoc_wrreq}}'}]
2026-06-26 14:40:18,222 INFO utils.complier: analyse  formula:[]
2026-06-26 14:40:18,222 INFO utils.complier: analyse  formula:[]
2026-06-26 14:40:18,222 INFO utils.complier: analyse  formula:[{'type': 'PROC_VAR', 'value': '$RET'}]
2026-06-26 14:40:18,222 INFO utils.complier: analyse  formula:[]
2026-06-26 14:40:18,222 INFO utils.complier: analyse  formula:[{'type': 'VARIABLE', 'value': '{{L2C.perf_dnoc_wrreq}}'}]
2026-06-26 14:40:18,223 INFO utils.complier: analyse  formula:[]
2026-06-26 14:40:18,223 INFO utils.complier: analyse  formula:[]
2026-06-26 14:40:18,223 INFO utils.complier: analyse  formula:[{'type': 'VARIABLE', 'value': '{{L2C.perf_dnoc_rdreq_32B}}'}, {'type': 'VARIABLE', 'value': '{{L2C.perf_dnoc_rdreq_64B}}'}, {'type': 'VARIABLE', 'value': '{{L2C.perf_dnoc_rdreq_128B}}'}]
2026-06-26 14:40:18,223 INFO utils.complier: analyse  formula:[]
2026-06-26 14:40:18,223 INFO utils.complier: analyse  formula:[]
2026-06-26 14:40:18,224 INFO utils.complier: analyse  formula:[{'type': 'PROC_VAR', 'value': '$RET'}]
2026-06-26 14:40:18,224 INFO utils.complier: analyse  formula:[]
2026-06-26 14:40:18,224 INFO utils.complier: analyse  formula:[{'type': 'VARIABLE', 'value': '{{L2C.perf_dnoc_rdreq_32B}}'}, {'type': 'VARIABLE', 'value': '{{L2C.perf_dnoc_rdreq_64B}}'}, {'type': 'VARIABLE', 'value': '{{L2C.perf_dnoc_rdreq_128B}}'}]
2026-06-26 14:40:18,224 INFO utils.complier: analyse  formula:[]
2026-06-26 14:40:18,225 INFO utils.complier: analyse  formula:[]
2026-06-26 14:40:18,225 INFO utils.complier: analyse  formula:[{'type': 'VARIABLE', 'value': '{{L2C.perf_dnoc_wrreq_32B_low}}'}, {'type': 'VARIABLE', 'value': '{{L2C.perf_dnoc_wrreq_32B_high}}'}, {'type': 'VARIABLE', 'value': '{{L2C.perf_dnoc_wrreq_64B}}'}, {'type': 'VARIABLE', 'value': '{{L2C.perf_dnoc_wrreq_128B}}'}]
2026-06-26 14:40:18,225 INFO utils.complier: analyse  formula:[]
2026-06-26 14:40:18,225 INFO utils.complier: analyse  formula:[]
2026-06-26 14:40:18,226 INFO utils.complier: analyse  formula:[{'type': 'PROC_VAR', 'value': '$RET'}]
2026-06-26 14:40:18,226 INFO utils.complier: analyse  formula:[]
2026-06-26 14:40:18,226 INFO utils.complier: analyse  formula:[{'type': 'VARIABLE', 'value': '{{L2C.perf_dnoc_wrreq_32B_low}}'}, {'type': 'VARIABLE', 'value': '{{L2C.perf_dnoc_wrreq_32B_high}}'}, {'type': 'VARIABLE', 'value': '{{L2C.perf_dnoc_wrreq_64B}}'}, {'type': 'VARIABLE', 'value': '{{L2C.perf_dnoc_wrreq_128B}}'}]
2026-06-26 14:40:18,227 INFO utils.complier: analyse  formula:[]
2026-06-26 14:40:18,227 INFO utils.complier: analyse  formula:[]
2026-06-26 14:40:18,231 INFO utils.complier: analyse  formula:[]
2026-06-26 14:40:18,234 INFO utils.complier: analyse  formula:[]
2026-06-26 14:40:18,237 INFO utils.complier: analyse  formula:[{'type': 'PRE_VAR', 'value': '@vl1_hit_rate'}, {'type': 'PRE_VAR', 'value': '@l2c_hit_rate'}, {'type': 'PRE_VAR', 'value': '@sl1_hit_rate'}, {'type': 'PRE_VAR', 'value': '@global_insts_rd'}, {'type': 'PRE_VAR', 'value': '@global_insts_wr'}, {'type': 'PRE_VAR', 'value': '@private_insts_rd'}, {'type': 'PRE_VAR', 'value': '@private_insts_wr'}, {'type': 'PRE_VAR', 'value': '@generic_insts_rd'}, {'type': 'PRE_VAR', 'value': '@generic_insts_wr'}, {'type': 'PRE_VAR', 'value': '@ldu_insts_rd'}, {'type': 'PRE_VAR', 'value': '@bsm_insts_rd'}, {'type': 'PRE_VAR', 'value': '@bsm_insts_wr'}, {'type': 'PRE_VAR', 'value': '@vl1_insts_rd'}, {'type': 'PRE_VAR', 'value': '@vl1_insts_wr'}, {'type': 'PRE_VAR', 'value': '@sl1_rd'}, {'type': 'PRE_VAR', 'value': '@sl1_l2c_rd'}, {'type': 'PRE_VAR', 'value': '@l2c_insts_rd'}, {'type': 'PRE_VAR', 'value': '@l2c_insts_wr'}]
2026-06-26 14:40:18,252 INFO utils.complier: analyse  formula:[{'type': 'PROC_VAR', 'value': '$RET'}]
2026-06-26 14:40:18,255 INFO utils.complier: analyse  formula:[]
2026-06-26 14:40:18,259 INFO utils.complier: analyse  formula:[]
2026-06-26 14:40:18,262 INFO utils.complier: analyse  formula:[{'type': 'PRE_VAR', 'value': '@vl1_hit_rate'}, {'type': 'PRE_VAR', 'value': '@l2c_hit_rate'}, {'type': 'PRE_VAR', 'value': '@sl1_hit_rate'}, {'type': 'PRE_VAR', 'value': '@global_insts_rd'}, {'type': 'PRE_VAR', 'value': '@global_insts_wr'}, {'type': 'PRE_VAR', 'value': '@private_insts_rd'}, {'type': 'PRE_VAR', 'value': '@private_insts_wr'}, {'type': 'PRE_VAR', 'value': '@generic_insts_rd'}, {'type': 'PRE_VAR', 'value': '@generic_insts_wr'}, {'type': 'PRE_VAR', 'value': '@ldu_insts_rd'}, {'type': 'PRE_VAR', 'value': '@bsm_insts_rd'}, {'type': 'PRE_VAR', 'value': '@bsm_insts_wr'}, {'type': 'PRE_VAR', 'value': '@vl1_insts_rd'}, {'type': 'PRE_VAR', 'value': '@vl1_insts_wr'}, {'type': 'PRE_VAR', 'value': '@sl1_rd'}, {'type': 'PRE_VAR', 'value': '@sl1_l2c_rd'}, {'type': 'PRE_VAR', 'value': '@l2c_insts_rd'}, {'type': 'PRE_VAR', 'value': '@l2c_insts_wr'}]
2026-06-26 14:40:18,266 INFO utils.complier: analyse  formula:[]
2026-06-26 14:40:18,342 DEBUG matplotlib.font_manager: findfont: Matching sans\-serif:style=normal:variant=normal:weight=normal:stretch=normal:size=5.789999999999999.
2026-06-26 14:40:18,342 DEBUG matplotlib.font_manager: findfont: score(<Font 'STIXNonUnicode' (STIXNonUniIta.ttf) italic normal 400 normal>) = 11.05
2026-06-26 14:40:18,342 DEBUG matplotlib.font_manager: findfont: score(<Font 'DejaVu Sans Display' (DejaVuSansDisplay.ttf) normal normal 400 normal>) = 10.05
2026-06-26 14:40:18,342 DEBUG matplotlib.font_manager: findfont: score(<Font 'cmr10' (cmr10.ttf) normal normal 400 normal>) = 10.05
2026-06-26 14:40:18,342 DEBUG matplotlib.font_manager: findfont: score(<Font 'cmtt10' (cmtt10.ttf) normal normal 400 normal>) = 10.05
2026-06-26 14:40:18,342 DEBUG matplotlib.font_manager: findfont: score(<Font 'STIXNonUnicode' (STIXNonUni.ttf) normal normal 400 normal>) = 10.05
2026-06-26 14:40:18,342 DEBUG matplotlib.font_manager: findfont: score(<Font 'DejaVu Sans Mono' (DejaVuSansMono-BoldOblique.ttf) oblique normal 700 normal>) = 11.335
2026-06-26 14:40:18,342 DEBUG matplotlib.font_manager: findfont: score(<Font 'cmsy10' (cmsy10.ttf) normal normal 400 normal>) = 10.05
2026-06-26 14:40:18,342 DEBUG matplotlib.font_manager: findfont: score(<Font 'DejaVu Serif' (DejaVuSerif-Bold.ttf) normal normal 700 normal>) = 10.335
2026-06-26 14:40:18,342 DEBUG matplotlib.font_manager: findfont: score(<Font 'DejaVu Serif' (DejaVuSerif.ttf) normal normal 400 normal>) = 10.05
2026-06-26 14:40:18,342 DEBUG matplotlib.font_manager: findfont: score(<Font 'DejaVu Sans' (DejaVuSans-BoldOblique.ttf) oblique normal 700 normal>) = 1.335
2026-06-26 14:40:18,342 DEBUG matplotlib.font_manager: findfont: score(<Font 'STIXNonUnicode' (STIXNonUniBol.ttf) normal normal 700 normal>) = 10.335
2026-06-26 14:40:18,342 DEBUG matplotlib.font_manager: findfont: score(<Font 'STIXSizeFiveSym' (STIXSizFiveSymReg.ttf) normal normal 400 normal>) = 10.05
2026-06-26 14:40:18,342 DEBUG matplotlib.font_manager: findfont: score(<Font 'DejaVu Sans' (DejaVuSans-Bold.ttf) normal normal 700 normal>) = 0.33499999999999996
2026-06-26 14:40:18,342 DEBUG matplotlib.font_manager: findfont: score(<Font 'cmss10' (cmss10.ttf) normal normal 400 normal>) = 10.05
2026-06-26 14:40:18,343 DEBUG matplotlib.font_manager: findfont: score(<Font 'DejaVu Serif' (DejaVuSerif-BoldItalic.ttf) italic normal 700 normal>) = 11.335
2026-06-26 14:40:18,343 DEBUG matplotlib.font_manager: findfont: score(<Font 'DejaVu Sans Mono' (DejaVuSansMono-Oblique.ttf) oblique normal 400 normal>) = 11.05
2026-06-26 14:40:18,343 DEBUG matplotlib.font_manager: findfont: score(<Font 'cmb10' (cmb10.ttf) normal normal 400 normal>) = 10.05
2026-06-26 14:40:18,343 DEBUG matplotlib.font_manager: findfont: score(<Font 'STIXSizeTwoSym' (STIXSizTwoSymReg.ttf) normal normal 400 normal>) = 10.05
2026-06-26 14:40:18,343 DEBUG matplotlib.font_manager: findfont: score(<Font 'DejaVu Sans' (DejaVuSans.ttf) normal normal 400 normal>) = 0.05
2026-06-26 14:40:18,343 DEBUG matplotlib.font_manager: findfont: score(<Font 'DejaVu Sans Mono' (DejaVuSansMono.ttf) normal normal 400 normal>) = 10.05
2026-06-26 14:40:18,343 DEBUG matplotlib.font_manager: findfont: score(<Font 'STIXGeneral' (STIXGeneralItalic.ttf) italic normal 400 normal>) = 11.05
2026-06-26 14:40:18,343 DEBUG matplotlib.font_manager: findfont: score(<Font 'STIXNonUnicode' (STIXNonUniBolIta.ttf) italic normal 700 normal>) = 11.335
2026-06-26 14:40:18,343 DEBUG matplotlib.font_manager: findfont: score(<Font 'STIXSizeThreeSym' (STIXSizThreeSymReg.ttf) normal normal 400 normal>) = 10.05
2026-06-26 14:40:18,343 DEBUG matplotlib.font_manager: findfont: score(<Font 'STIXGeneral' (STIXGeneralBol.ttf) normal normal 700 normal>) = 10.335
2026-06-26 14:40:18,343 DEBUG matplotlib.font_manager: findfont: score(<Font 'STIXGeneral' (STIXGeneralBolIta.ttf) italic normal 700 normal>) = 11.335
2026-06-26 14:40:18,343 DEBUG matplotlib.font_manager: findfont: score(<Font 'DejaVu Serif Display' (DejaVuSerifDisplay.ttf) normal normal 400 normal>) = 10.05
2026-06-26 14:40:18,343 DEBUG matplotlib.font_manager: findfont: score(<Font 'STIXSizeFourSym' (STIXSizFourSymBol.ttf) normal normal 700 normal>) = 10.335
2026-06-26 14:40:18,343 DEBUG matplotlib.font_manager: findfont: score(<Font 'STIXGeneral' (STIXGeneral.ttf) normal normal 400 normal>) = 10.05
2026-06-26 14:40:18,343 DEBUG matplotlib.font_manager: findfont: score(<Font 'STIXSizeThreeSym' (STIXSizThreeSymBol.ttf) normal normal 700 normal>) = 10.335
2026-06-26 14:40:18,343 DEBUG matplotlib.font_manager: findfont: score(<Font 'DejaVu Sans' (DejaVuSans-Oblique.ttf) oblique normal 400 normal>) = 1.05
2026-06-26 14:40:18,343 DEBUG matplotlib.font_manager: findfont: score(<Font 'cmmi10' (cmmi10.ttf) normal normal 400 normal>) = 10.05
2026-06-26 14:40:18,343 DEBUG matplotlib.font_manager: findfont: score(<Font 'STIXSizeTwoSym' (STIXSizTwoSymBol.ttf) normal normal 700 normal>) = 10.335
2026-06-26 14:40:18,343 DEBUG matplotlib.font_manager: findfont: score(<Font 'cmex10' (cmex10.ttf) normal normal 400 normal>) = 10.05
2026-06-26 14:40:18,343 DEBUG matplotlib.font_manager: findfont: score(<Font 'DejaVu Sans Mono' (DejaVuSansMono-Bold.ttf) normal normal 700 normal>) = 10.335
2026-06-26 14:40:18,343 DEBUG matplotlib.font_manager: findfont: score(<Font 'DejaVu Serif' (DejaVuSerif-Italic.ttf) italic normal 400 normal>) = 11.05
2026-06-26 14:40:18,343 DEBUG matplotlib.font_manager: findfont: score(<Font 'STIXSizeFourSym' (STIXSizFourSymReg.ttf) normal normal 400 normal>) = 10.05
2026-06-26 14:40:18,343 DEBUG matplotlib.font_manager: findfont: score(<Font 'STIXSizeOneSym' (STIXSizOneSymReg.ttf) normal normal 400 normal>) = 10.05
2026-06-26 14:40:18,343 DEBUG matplotlib.font_manager: findfont: score(<Font 'STIXSizeOneSym' (STIXSizOneSymBol.ttf) normal normal 700 normal>) = 10.335
2026-06-26 14:40:18,343 DEBUG matplotlib.font_manager: findfont: score(<Font 'DejaVu Serif' (DejaVuSerif-Bold.ttf) normal normal 700 normal>) = 10.335
2026-06-26 14:40:18,343 DEBUG matplotlib.font_manager: findfont: score(<Font 'DejaVu Sans' (DejaVuSans-Bold.ttf) normal normal 700 normal>) = 0.33499999999999996
2026-06-26 14:40:18,343 DEBUG matplotlib.font_manager: findfont: score(<Font 'DejaVu Sans Mono' (DejaVuSansMono.ttf) normal normal 400 normal>) = 10.05
2026-06-26 14:40:18,343 DEBUG matplotlib.font_manager: findfont: score(<Font 'DejaVu Sans' (DejaVuSans.ttf) normal normal 400 normal>) = 0.05
2026-06-26 14:40:18,343 DEBUG matplotlib.font_manager: findfont: score(<Font 'DejaVu Sans Mono' (DejaVuSansMono-Bold.ttf) normal normal 700 normal>) = 10.335
2026-06-26 14:40:18,343 DEBUG matplotlib.font_manager: findfont: score(<Font 'DejaVu Serif' (DejaVuSerif.ttf) normal normal 400 normal>) = 10.05
2026-06-26 14:40:18,343 DEBUG matplotlib.font_manager: findfont: Matching sans\-serif:style=normal:variant=normal:weight=normal:stretch=normal:size=5.789999999999999 to DejaVu Sans ('/tmp/_MEItUlqXx/matplotlib/mpl-data/fonts/ttf/DejaVuSans.ttf') with score of 0.050000.
2026-06-26 14:40:18,428 INFO utils.complier: analyse  formula:[{'type': 'VARIABLE', 'value': '{{L2C.perf_dnoc_rdreq_inflight_level}}'}, {'type': 'VARIABLE', 'value': '{{L2C.perf_dnoc_rdreq}}'}]
2026-06-26 14:40:18,429 INFO utils.complier: analyse  formula:[]
2026-06-26 14:40:18,429 INFO utils.complier: analyse  formula:[]
2026-06-26 14:40:18,429 INFO utils.complier: analyse  formula:[{'type': 'PROC_VAR', 'value': '$RET'}]
2026-06-26 14:40:18,429 INFO utils.complier: analyse  formula:[]
2026-06-26 14:40:18,429 INFO utils.complier: analyse  formula:[{'type': 'VARIABLE', 'value': '{{L2C.perf_dnoc_rdreq_inflight_level}}'}, {'type': 'VARIABLE', 'value': '{{L2C.perf_dnoc_rdreq}}'}]
2026-06-26 14:40:18,429 INFO utils.complier: analyse  formula:[]
2026-06-26 14:40:18,430 INFO utils.complier: analyse  formula:[]
2026-06-26 14:40:18,430 INFO utils.complier: analyse  formula:[{'type': 'VARIABLE', 'value': '{{L2C.perf_dnoc_rd_histogram_0_255}}'}, {'type': 'VARIABLE', 'value': '{{L2C.perf_dnoc_rd_histogram_256_511}}'}, {'type': 'VARIABLE', 'value': '{{L2C.perf_dnoc_rd_histogram_512_1K}}'}, {'type': 'VARIABLE', 'value': '{{L2C.perf_dnoc_rd_histogram_1K_2K}}'}, {'type': 'VARIABLE', 'value': '{{L2C.perf_dnoc_rd_histogram_2K_INF}}'}]
2026-06-26 14:40:18,431 INFO utils.complier: analyse  formula:[]
2026-06-26 14:40:18,431 INFO utils.complier: analyse  formula:[]
2026-06-26 14:40:18,432 INFO utils.complier: analyse  formula:[{'type': 'PROC_VAR', 'value': '$RET'}]
2026-06-26 14:40:18,432 INFO utils.complier: analyse  formula:[]
2026-06-26 14:40:18,433 INFO utils.complier: analyse  formula:[{'type': 'VARIABLE', 'value': '{{L2C.perf_dnoc_rd_histogram_0_255}}'}, {'type': 'VARIABLE', 'value': '{{L2C.perf_dnoc_rd_histogram_256_511}}'}, {'type': 'VARIABLE', 'value': '{{L2C.perf_dnoc_rd_histogram_512_1K}}'}, {'type': 'VARIABLE', 'value': '{{L2C.perf_dnoc_rd_histogram_1K_2K}}'}, {'type': 'VARIABLE', 'value': '{{L2C.perf_dnoc_rd_histogram_2K_INF}}'}]
2026-06-26 14:40:18,434 INFO utils.complier: analyse  formula:[]
2026-06-26 14:40:18,434 INFO utils.complier: analyse  formula:[]
2026-06-26 14:40:18,524 INFO utils.complier: analyse  formula:[{'type': 'VARIABLE', 'value': '{{VL1.p_stall_due_oldest_pt0}}'}, {'type': 'VARIABLE', 'value': '{{VL1.p_stall_due_oldest_pt1}}'}, {'type': 'VARIABLE', 'value': '{{VL1.p_stall_due_oldest_pt2}}'}, {'type': 'VARIABLE', 'value': '{{VL1.p_stall_due_oldest_pt3}}'}]
2026-06-26 14:40:18,525 INFO utils.complier: analyse  formula:[]
2026-06-26 14:40:18,525 INFO utils.complier: analyse  formula:[]
2026-06-26 14:40:18,527 INFO utils.complier: analyse  formula:[{'type': 'PROC_VAR', 'value': '$RET'}]
2026-06-26 14:40:18,527 INFO utils.complier: analyse  formula:[]
2026-06-26 14:40:18,527 INFO utils.complier: analyse  formula:[{'type': 'VARIABLE', 'value': '{{VL1.p_stall_due_oldest_pt0}}'}, {'type': 'VARIABLE', 'value': '{{VL1.p_stall_due_oldest_pt1}}'}, {'type': 'VARIABLE', 'value': '{{VL1.p_stall_due_oldest_pt2}}'}, {'type': 'VARIABLE', 'value': '{{VL1.p_stall_due_oldest_pt3}}'}]
2026-06-26 14:40:18,528 INFO utils.complier: analyse  formula:[]
2026-06-26 14:40:18,529 INFO utils.complier: analyse  formula:[]
2026-06-26 14:40:18,572 INFO utils.complier: analyse  formula:[{'type': 'VARIABLE', 'value': '{{ISU.AP_PERF_INST_BSM_RD}}'}]
2026-06-26 14:40:18,572 INFO utils.complier: analyse  formula:[]
2026-06-26 14:40:18,572 INFO utils.complier: analyse  formula:[]
2026-06-26 14:40:18,573 INFO utils.complier: analyse  formula:[{'type': 'PROC_VAR', 'value': '$RET'}]
2026-06-26 14:40:18,573 INFO utils.complier: analyse  formula:[]
2026-06-26 14:40:18,573 INFO utils.complier: analyse  formula:[{'type': 'VARIABLE', 'value': '{{ISU.AP_PERF_INST_BSM_RD}}'}]
2026-06-26 14:40:18,573 INFO utils.complier: analyse  formula:[]
2026-06-26 14:40:18,574 INFO utils.complier: analyse  formula:[]
2026-06-26 14:40:18,574 INFO utils.complier: analyse  formula:[{'type': 'VARIABLE', 'value': '{{ISU.AP_PERF_INST_BSM_WR}}'}]
2026-06-26 14:40:18,574 INFO utils.complier: analyse  formula:[]
2026-06-26 14:40:18,574 INFO utils.complier: analyse  formula:[]
2026-06-26 14:40:18,574 INFO utils.complier: analyse  formula:[{'type': 'PROC_VAR', 'value': '$RET'}]
2026-06-26 14:40:18,574 INFO utils.complier: analyse  formula:[]
2026-06-26 14:40:18,574 INFO utils.complier: analyse  formula:[{'type': 'VARIABLE', 'value': '{{ISU.AP_PERF_INST_BSM_WR}}'}]
2026-06-26 14:40:18,575 INFO utils.complier: analyse  formula:[]
2026-06-26 14:40:18,575 INFO utils.complier: analyse  formula:[]
2026-06-26 14:40:18,575 INFO utils.complier: analyse  formula:[{'type': 'VARIABLE', 'value': '{{ISU.AP_PERF_INST_BSM_ATOMIC}}'}]
2026-06-26 14:40:18,575 INFO utils.complier: analyse  formula:[]
2026-06-26 14:40:18,575 INFO utils.complier: analyse  formula:[]
2026-06-26 14:40:18,575 INFO utils.complier: analyse  formula:[{'type': 'PROC_VAR', 'value': '$RET'}]
2026-06-26 14:40:18,575 INFO utils.complier: analyse  formula:[]
2026-06-26 14:40:18,576 INFO utils.complier: analyse  formula:[{'type': 'VARIABLE', 'value': '{{ISU.AP_PERF_INST_BSM_ATOMIC}}'}]
2026-06-26 14:40:18,576 INFO utils.complier: analyse  formula:[]
2026-06-26 14:40:18,576 INFO utils.complier: analyse  formula:[]
2026-06-26 14:40:18,576 INFO utils.complier: analyse  formula:[{'type': 'VARIABLE', 'value': '{{ISU.AP_PERF_INSTS_BSM}}'}]
2026-06-26 14:40:18,576 INFO utils.complier: analyse  formula:[]
2026-06-26 14:40:18,576 INFO utils.complier: analyse  formula:[]
2026-06-26 14:40:18,576 INFO utils.complier: analyse  formula:[{'type': 'PROC_VAR', 'value': '$RET'}]
2026-06-26 14:40:18,577 INFO utils.complier: analyse  formula:[]
2026-06-26 14:40:18,577 INFO utils.complier: analyse  formula:[{'type': 'VARIABLE', 'value': '{{ISU.AP_PERF_INSTS_BSM}}'}]
2026-06-26 14:40:18,577 INFO utils.complier: analyse  formula:[]
2026-06-26 14:40:18,577 INFO utils.complier: analyse  formula:[]
2026-06-26 14:40:18,577 INFO utils.complier: analyse  formula:[{'type': 'VARIABLE', 'value': '{{ISU.AP_PERF_BSM_READ_INFLIGHT_LEVEL}}'}, {'type': 'VARIABLE', 'value': '{{ISU.AP_PERF_INST_BSM_RD}}'}, {'type': 'VARIABLE', 'value': '{{ISU.AP_PERF_INST_BSM_RD}}'}]
2026-06-26 14:40:18,577 INFO utils.complier: analyse  formula:[]
2026-06-26 14:40:18,577 INFO utils.complier: analyse  formula:[]
2026-06-26 14:40:18,578 INFO utils.complier: analyse  formula:[{'type': 'PROC_VAR', 'value': '$RET'}]
2026-06-26 14:40:18,578 INFO utils.complier: analyse  formula:[]
2026-06-26 14:40:18,578 INFO utils.complier: analyse  formula:[{'type': 'VARIABLE', 'value': '{{ISU.AP_PERF_BSM_READ_INFLIGHT_LEVEL}}'}, {'type': 'VARIABLE', 'value': '{{ISU.AP_PERF_INST_BSM_RD}}'}, {'type': 'VARIABLE', 'value': '{{ISU.AP_PERF_INST_BSM_RD}}'}]
2026-06-26 14:40:18,579 INFO utils.complier: analyse  formula:[]
2026-06-26 14:40:18,579 INFO utils.complier: analyse  formula:[]
2026-06-26 14:40:18,580 INFO utils.complier: analyse  formula:[{'type': 'VARIABLE', 'value': '{{ISU.AP_PERF_BSM_WR_INFLIGHT_LEVEL}}'}, {'type': 'VARIABLE', 'value': '{{ISU.AP_PERF_INST_BSM_WR}}'}, {'type': 'VARIABLE', 'value': '{{ISU.AP_PERF_INST_BSM_WR}}'}]
2026-06-26 14:40:18,580 INFO utils.complier: analyse  formula:[]
2026-06-26 14:40:18,580 INFO utils.complier: analyse  formula:[]
2026-06-26 14:40:18,580 INFO utils.complier: analyse  formula:[{'type': 'PROC_VAR', 'value': '$RET'}]
2026-06-26 14:40:18,581 INFO utils.complier: analyse  formula:[]
2026-06-26 14:40:18,581 INFO utils.complier: analyse  formula:[{'type': 'VARIABLE', 'value': '{{ISU.AP_PERF_BSM_WR_INFLIGHT_LEVEL}}'}, {'type': 'VARIABLE', 'value': '{{ISU.AP_PERF_INST_BSM_WR}}'}, {'type': 'VARIABLE', 'value': '{{ISU.AP_PERF_INST_BSM_WR}}'}]
2026-06-26 14:40:18,581 INFO utils.complier: analyse  formula:[]
2026-06-26 14:40:18,582 INFO utils.complier: analyse  formula:[]
2026-06-26 14:40:18,582 INFO utils.complier: analyse  formula:[{'type': 'VARIABLE', 'value': '{{ISU.AP_PERF_BSM_ATOMIC_INFLIGHT_LEVEL}}'}, {'type': 'VARIABLE', 'value': '{{ISU.AP_PERF_INST_BSM_ATOMIC}}'}, {'type': 'VARIABLE', 'value': '{{ISU.AP_PERF_INST_BSM_ATOMIC}}'}]
2026-06-26 14:40:18,582 INFO utils.complier: analyse  formula:[]
2026-06-26 14:40:18,582 INFO utils.complier: analyse  formula:[]
2026-06-26 14:40:18,583 INFO utils.complier: analyse  formula:[{'type': 'PROC_VAR', 'value': '$RET'}]
2026-06-26 14:40:18,583 INFO utils.complier: analyse  formula:[]
2026-06-26 14:40:18,583 INFO utils.complier: analyse  formula:[{'type': 'VARIABLE', 'value': '{{ISU.AP_PERF_BSM_ATOMIC_INFLIGHT_LEVEL}}'}, {'type': 'VARIABLE', 'value': '{{ISU.AP_PERF_INST_BSM_ATOMIC}}'}, {'type': 'VARIABLE', 'value': '{{ISU.AP_PERF_INST_BSM_ATOMIC}}'}]
2026-06-26 14:40:18,584 INFO utils.complier: analyse  formula:[]
2026-06-26 14:40:18,584 INFO utils.complier: analyse  formula:[]
2026-06-26 14:40:18,584 INFO utils.complier: analyse  formula:[{'type': 'VARIABLE', 'value': '{{ISU.AP_PERF_BSM_INFLIGHT_LEVEL_IN_AP}}'}, {'type': 'VARIABLE', 'value': '{{ISU.AP_PERF_BSM_INFLIGHT_LEVEL}}'}, {'type': 'VARIABLE', 'value': '{{ISU.AP_PERF_INSTS_BSM}}'}, {'type': 'VARIABLE', 'value': '{{ISU.AP_PERF_INSTS_BSM}}'}]
2026-06-26 14:40:18,585 INFO utils.complier: analyse  formula:[]
2026-06-26 14:40:18,585 INFO utils.complier: analyse  formula:[]
2026-06-26 14:40:18,586 INFO utils.complier: analyse  formula:[{'type': 'PROC_VAR', 'value': '$RET'}]
2026-06-26 14:40:18,586 INFO utils.complier: analyse  formula:[]
2026-06-26 14:40:18,586 INFO utils.complier: analyse  formula:[{'type': 'VARIABLE', 'value': '{{ISU.AP_PERF_BSM_INFLIGHT_LEVEL_IN_AP}}'}, {'type': 'VARIABLE', 'value': '{{ISU.AP_PERF_BSM_INFLIGHT_LEVEL}}'}, {'type': 'VARIABLE', 'value': '{{ISU.AP_PERF_INSTS_BSM}}'}, {'type': 'VARIABLE', 'value': '{{ISU.AP_PERF_INSTS_BSM}}'}]
2026-06-26 14:40:18,587 INFO utils.complier: analyse  formula:[]
2026-06-26 14:40:18,587 INFO utils.complier: analyse  formula:[]
2026-06-26 14:40:18,587 INFO utils.complier: analyse  formula:[{'type': 'VARIABLE', 'value': '{{ISU.AP_PERF_BSM_RD_CYCLES}}'}, {'type': 'VARIABLE', 'value': '{{ISU.AP_PERF_INST_BSM_RD}}'}, {'type': 'VARIABLE', 'value': '{{ISU.AP_PERF_INST_BSM_RD}}'}]
2026-06-26 14:40:18,587 INFO utils.complier: analyse  formula:[]
2026-06-26 14:40:18,588 INFO utils.complier: analyse  formula:[]
2026-06-26 14:40:18,588 INFO utils.complier: analyse  formula:[{'type': 'PROC_VAR', 'value': '$RET'}]
2026-06-26 14:40:18,588 INFO utils.complier: analyse  formula:[]
2026-06-26 14:40:18,588 INFO utils.complier: analyse  formula:[{'type': 'VARIABLE', 'value': '{{ISU.AP_PERF_BSM_RD_CYCLES}}'}, {'type': 'VARIABLE', 'value': '{{ISU.AP_PERF_INST_BSM_RD}}'}, {'type': 'VARIABLE', 'value': '{{ISU.AP_PERF_INST_BSM_RD}}'}]
2026-06-26 14:40:18,589 INFO utils.complier: analyse  formula:[]
2026-06-26 14:40:18,589 INFO utils.complier: analyse  formula:[]
2026-06-26 14:40:18,590 INFO utils.complier: analyse  formula:[{'type': 'VARIABLE', 'value': '{{ISU.AP_PERF_BSM_WR_CYCLES}}'}, {'type': 'VARIABLE', 'value': '{{ISU.AP_PERF_INST_BSM_WR}}'}, {'type': 'VARIABLE', 'value': '{{ISU.AP_PERF_INST_BSM_WR}}'}]
2026-06-26 14:40:18,590 INFO utils.complier: analyse  formula:[]
2026-06-26 14:40:18,590 INFO utils.complier: analyse  formula:[]
2026-06-26 14:40:18,590 INFO utils.complier: analyse  formula:[{'type': 'PROC_VAR', 'value': '$RET'}]
2026-06-26 14:40:18,591 INFO utils.complier: analyse  formula:[]
2026-06-26 14:40:18,591 INFO utils.complier: analyse  formula:[{'type': 'VARIABLE', 'value': '{{ISU.AP_PERF_BSM_WR_CYCLES}}'}, {'type': 'VARIABLE', 'value': '{{ISU.AP_PERF_INST_BSM_WR}}'}, {'type': 'VARIABLE', 'value': '{{ISU.AP_PERF_INST_BSM_WR}}'}]
2026-06-26 14:40:18,591 INFO utils.complier: analyse  formula:[]
2026-06-26 14:40:18,592 INFO utils.complier: analyse  formula:[]
2026-06-26 14:40:18,592 INFO utils.complier: analyse  formula:[{'type': 'VARIABLE', 'value': '{{ISU.AP_PERF_BSM_ATOMIC_CYCLES}}'}, {'type': 'VARIABLE', 'value': '{{ISU.AP_PERF_INST_BSM_ATOMIC}}'}, {'type': 'VARIABLE', 'value': '{{ISU.AP_PERF_INST_BSM_ATOMIC}}'}]
2026-06-26 14:40:18,592 INFO utils.complier: analyse  formula:[]
2026-06-26 14:40:18,592 INFO utils.complier: analyse  formula:[]
2026-06-26 14:40:18,593 INFO utils.complier: analyse  formula:[{'type': 'PROC_VAR', 'value': '$RET'}]
2026-06-26 14:40:18,594 INFO utils.complier: analyse  formula:[]
2026-06-26 14:40:18,594 INFO utils.complier: analyse  formula:[{'type': 'VARIABLE', 'value': '{{ISU.AP_PERF_BSM_ATOMIC_CYCLES}}'}, {'type': 'VARIABLE', 'value': '{{ISU.AP_PERF_INST_BSM_ATOMIC}}'}, {'type': 'VARIABLE', 'value': '{{ISU.AP_PERF_INST_BSM_ATOMIC}}'}]
2026-06-26 14:40:18,594 INFO utils.complier: analyse  formula:[]
2026-06-26 14:40:18,595 INFO utils.complier: analyse  formula:[]
2026-06-26 14:40:18,595 INFO utils.complier: analyse  formula:[{'type': 'VARIABLE', 'value': '{{ISU.AP_PERF_BSM_CONFLICT_CYCLES}}'}, {'type': 'VARIABLE', 'value': '{{ISU.AP_PERF_INSTS_BSM}}'}, {'type': 'VARIABLE', 'value': '{{ISU.AP_PERF_INSTS_BSM}}'}]
2026-06-26 14:40:18,595 INFO utils.complier: analyse  formula:[]
2026-06-26 14:40:18,595 INFO utils.complier: analyse  formula:[]
2026-06-26 14:40:18,596 INFO utils.complier: analyse  formula:[{'type': 'PROC_VAR', 'value': '$RET'}]
2026-06-26 14:40:18,596 INFO utils.complier: analyse  formula:[]
2026-06-26 14:40:18,596 INFO utils.complier: analyse  formula:[{'type': 'VARIABLE', 'value': '{{ISU.AP_PERF_BSM_CONFLICT_CYCLES}}'}, {'type': 'VARIABLE', 'value': '{{ISU.AP_PERF_INSTS_BSM}}'}, {'type': 'VARIABLE', 'value': '{{ISU.AP_PERF_INSTS_BSM}}'}]
2026-06-26 14:40:18,597 INFO utils.complier: analyse  formula:[]
2026-06-26 14:40:18,597 INFO utils.complier: analyse  formula:[]
2026-06-26 14:40:18,597 INFO utils.complier: analyse  formula:[{'type': 'VARIABLE', 'value': '{{ISU.AP_PERF_BSM_RD_CYCLES}}'}, {'type': 'VARIABLE', 'value': '{{ISU.AP_PERF_BSM_WR_CYCLES}}'}, {'type': 'VARIABLE', 'value': '{{ISU.AP_PERF_BSM_ATOMIC_CYCLES}}'}, {'type': 'VARIABLE', 'value': '{{ISU.AP_PERF_INSTS_BSM}}'}, {'type': 'VARIABLE', 'value': '{{ISU.AP_PERF_INSTS_BSM}}'}]
2026-06-26 14:40:18,598 INFO utils.complier: analyse  formula:[]
2026-06-26 14:40:18,598 INFO utils.complier: analyse  formula:[]
2026-06-26 14:40:18,674 INFO utils.complier: analyse  formula:[{'type': 'PROC_VAR', 'value': '$RET'}]
2026-06-26 14:40:18,675 INFO utils.complier: analyse  formula:[]
2026-06-26 14:40:18,675 INFO utils.complier: analyse  formula:[{'type': 'VARIABLE', 'value': '{{ISU.AP_PERF_BSM_RD_CYCLES}}'}, {'type': 'VARIABLE', 'value': '{{ISU.AP_PERF_BSM_WR_CYCLES}}'}, {'type': 'VARIABLE', 'value': '{{ISU.AP_PERF_BSM_ATOMIC_CYCLES}}'}, {'type': 'VARIABLE', 'value': '{{ISU.AP_PERF_INSTS_BSM}}'}, {'type': 'VARIABLE', 'value': '{{ISU.AP_PERF_INSTS_BSM}}'}]
2026-06-26 14:40:18,676 INFO utils.complier: analyse  formula:[]
2026-06-26 14:40:18,676 INFO utils.complier: analyse  formula:[]
2026-06-26 14:40:18,677 INFO utils.complier: analyse  formula:[{'type': 'VARIABLE', 'value': '{{ISU.AP_PERF_BSM_RD_CYCLES}}'}, {'type': 'VARIABLE', 'value': '{{ISU.AP_PERF_BSM_WR_CYCLES}}'}, {'type': 'VARIABLE', 'value': '{{ISU.AP_PERF_BSM_ATOMIC_CYCLES}}'}, {'type': 'VARIABLE', 'value': '{{ISU.AP_PERF_BSM_CONFLICT_CYCLES}}'}]
2026-06-26 14:40:18,677 INFO utils.complier: analyse  formula:[]
2026-06-26 14:40:18,677 INFO utils.complier: analyse  formula:[]
2026-06-26 14:40:18,678 INFO utils.complier: analyse  formula:[{'type': 'PROC_VAR', 'value': '$all_cycle'}, {'type': 'PROC_VAR', 'value': '$conflict_cycle'}, {'type': 'PROC_VAR', 'value': '$rate'}, {'type': 'PROC_VAR', 'value': '$all_cycle'}, {'type': 'PROC_VAR', 'value': '$conflict_cycle'}, {'type': 'PROC_VAR', 'value': '$all_cycle'}, {'type': 'PROC_VAR', 'value': '$all_cycle'}, {'type': 'PROC_VAR', 'value': '$RET'}, {'type': 'PROC_VAR', 'value': '$rate'}]
2026-06-26 14:40:18,680 INFO utils.complier: analyse  formula:[]
2026-06-26 14:40:18,681 INFO utils.complier: analyse  formula:[{'type': 'VARIABLE', 'value': '{{ISU.AP_PERF_BSM_RD_CYCLES}}'}, {'type': 'VARIABLE', 'value': '{{ISU.AP_PERF_BSM_WR_CYCLES}}'}, {'type': 'VARIABLE', 'value': '{{ISU.AP_PERF_BSM_ATOMIC_CYCLES}}'}, {'type': 'VARIABLE', 'value': '{{ISU.AP_PERF_BSM_CONFLICT_CYCLES}}'}]
2026-06-26 14:40:18,683 INFO utils.complier: analyse  formula:[]
2026-06-26 14:40:18,684 INFO utils.complier: analyse  formula:[]
2026-06-26 14:40:18,685 INFO utils.complier: analyse  formula:[{'type': 'VARIABLE', 'value': '{{ISU.AP_PERF_WAVES}}'}]
2026-06-26 14:40:18,685 INFO utils.complier: analyse  formula:[]
2026-06-26 14:40:18,685 INFO utils.complier: analyse  formula:[]
2026-06-26 14:40:18,685 INFO utils.complier: analyse  formula:[{'type': 'PROC_VAR', 'value': '$RET'}]
2026-06-26 14:40:18,685 INFO utils.complier: analyse  formula:[]
2026-06-26 14:40:18,685 INFO utils.complier: analyse  formula:[{'type': 'VARIABLE', 'value': '{{ISU.AP_PERF_WAVES}}'}]
2026-06-26 14:40:18,685 INFO utils.complier: analyse  formula:[]
2026-06-26 14:40:18,686 INFO utils.complier: analyse  formula:[]
2026-06-26 14:40:18,686 INFO utils.complier: analyse  formula:[{'type': 'VARIABLE', 'value': '{{RM.RM_PERF_DISPATCHED_WAVES_P0}}'}, {'type': 'VARIABLE', 'value': '{{RM.RM_PERF_DISPATCHED_WAVES_P1}}'}, {'type': 'VARIABLE', 'value': '{{RM.RM_PERF_DISPATCHED_WAVES_P2}}'}, {'type': 'VARIABLE', 'value': '{{RM.RM_PERF_DISPATCHED_WAVES_P3}}'}]
2026-06-26 14:40:18,686 INFO utils.complier: analyse  formula:[]
2026-06-26 14:40:18,686 INFO utils.complier: analyse  formula:[]
2026-06-26 14:40:18,686 INFO utils.complier: analyse  formula:[{'type': 'PROC_VAR', 'value': '$RET'}]
2026-06-26 14:40:18,686 INFO utils.complier: analyse  formula:[]
2026-06-26 14:40:18,687 INFO utils.complier: analyse  formula:[{'type': 'VARIABLE', 'value': '{{RM.RM_PERF_DISPATCHED_WAVES_P0}}'}, {'type': 'VARIABLE', 'value': '{{RM.RM_PERF_DISPATCHED_WAVES_P1}}'}, {'type': 'VARIABLE', 'value': '{{RM.RM_PERF_DISPATCHED_WAVES_P2}}'}, {'type': 'VARIABLE', 'value': '{{RM.RM_PERF_DISPATCHED_WAVES_P3}}'}]
2026-06-26 14:40:18,687 INFO utils.complier: analyse  formula:[]
2026-06-26 14:40:18,688 INFO utils.complier: analyse  formula:[]
2026-06-26 14:40:18,688 INFO utils.complier: analyse  formula:[{'type': 'VARIABLE', 'value': '{{ISU.AP_PERF_ISU_AP_BUSY}}'}]
2026-06-26 14:40:18,688 INFO utils.complier: analyse  formula:[]
2026-06-26 14:40:18,688 INFO utils.complier: analyse  formula:[]
2026-06-26 14:40:18,688 INFO utils.complier: analyse  formula:[{'type': 'PROC_VAR', 'value': '$RET'}]
2026-06-26 14:40:18,688 INFO utils.complier: analyse  formula:[]
2026-06-26 14:40:18,688 INFO utils.complier: analyse  formula:[{'type': 'VARIABLE', 'value': '{{ISU.AP_PERF_ISU_AP_BUSY}}'}]
2026-06-26 14:40:18,688 INFO utils.complier: analyse  formula:[]
2026-06-26 14:40:18,689 INFO utils.complier: analyse  formula:[]
2026-06-26 14:40:18,689 INFO utils.complier: analyse  formula:[{'type': 'VARIABLE', 'value': '{{ISU.AP_PERF_INST_TRANS_FP16}}'}, {'type': 'VARIABLE', 'value': '{{ISU.AP_PERF_INST_TRANS_FP32}}'}, {'type': 'VARIABLE', 'value': '{{ISU.AP_PERF_MTE_PI_SEG_SEL_F64}}'}, {'type': 'VARIABLE', 'value': '{{ISU.AP_PERF_INST_CYCLES_VALU_4CYCLES}}'}, {'type': 'VARIABLE', 'value': '{{ISU.AP_PERF_ISU_AP_BUSY}}'}]
2026-06-26 14:40:18,689 INFO utils.complier: analyse  formula:[]
2026-06-26 14:40:18,690 INFO utils.complier: analyse  formula:[]
2026-06-26 14:40:18,691 INFO utils.complier: analyse  formula:[{'type': 'PROC_VAR', 'value': '$ap_trans_real'}, {'type': 'PROC_VAR', 'value': '$ap_perf_inst_cycles_valu_real_16'}, {'type': 'PROC_VAR', 'value': '$ap_trans_real'}, {'type': 'PROC_VAR', 'value': '$ap_perf_inst_cycles_valu_real'}, {'type': 'PROC_VAR', 'value': '$ap_perf_inst_cycles_valu_real_16'}, {'type': 'PROC_VAR', 'value': '$RET'}, {'type': 'PROC_VAR', 'value': '$ap_perf_inst_cycles_valu_real'}]
2026-06-26 14:40:18,693 INFO utils.complier: analyse  formula:[]
2026-06-26 14:40:18,695 INFO utils.complier: analyse  formula:[{'type': 'VARIABLE', 'value': '{{ISU.AP_PERF_INST_TRANS_FP16}}'}, {'type': 'VARIABLE', 'value': '{{ISU.AP_PERF_INST_TRANS_FP32}}'}, {'type': 'VARIABLE', 'value': '{{ISU.AP_PERF_MTE_PI_SEG_SEL_F64}}'}, {'type': 'VARIABLE', 'value': '{{ISU.AP_PERF_INST_CYCLES_VALU_4CYCLES}}'}, {'type': 'VARIABLE', 'value': '{{ISU.AP_PERF_ISU_AP_BUSY}}'}]
2026-06-26 14:40:18,697 INFO utils.complier: analyse  formula:[]
2026-06-26 14:40:18,699 INFO utils.complier: analyse  formula:[]
2026-06-26 14:40:18,699 INFO utils.complier: analyse  formula:[{'type': 'VARIABLE', 'value': '{{ISU.AP_PERF_INSTS_SALU}}'}, {'type': 'VARIABLE', 'value': '{{ISU.AP_PERF_ISU_AP_BUSY}}'}]
2026-06-26 14:40:18,699 INFO utils.complier: analyse  formula:[]
2026-06-26 14:40:18,699 INFO utils.complier: analyse  formula:[]
2026-06-26 14:40:18,700 INFO utils.complier: analyse  formula:[{'type': 'PROC_VAR', 'value': '$RET'}]
2026-06-26 14:40:18,700 INFO utils.complier: analyse  formula:[]
2026-06-26 14:40:18,700 INFO utils.complier: analyse  formula:[{'type': 'VARIABLE', 'value': '{{ISU.AP_PERF_INSTS_SALU}}'}, {'type': 'VARIABLE', 'value': '{{ISU.AP_PERF_ISU_AP_BUSY}}'}]
2026-06-26 14:40:18,700 INFO utils.complier: analyse  formula:[]
2026-06-26 14:40:18,701 INFO utils.complier: analyse  formula:[]
2026-06-26 14:40:18,701 INFO utils.complier: analyse  formula:[{'type': 'VARIABLE', 'value': '{{ISU.AP_PERF_INST_CYCLES_MMA}}'}, {'type': 'VARIABLE', 'value': '{{ISU.AP_PERF_ISU_AP_BUSY}}'}]
2026-06-26 14:40:18,701 INFO utils.complier: analyse  formula:[]
2026-06-26 14:40:18,701 INFO utils.complier: analyse  formula:[]
2026-06-26 14:40:18,702 INFO utils.complier: analyse  formula:[{'type': 'PROC_VAR', 'value': '$RET'}]
2026-06-26 14:40:18,702 INFO utils.complier: analyse  formula:[]
2026-06-26 14:40:18,702 INFO utils.complier: analyse  formula:[{'type': 'VARIABLE', 'value': '{{ISU.AP_PERF_INST_CYCLES_MMA}}'}, {'type': 'VARIABLE', 'value': '{{ISU.AP_PERF_ISU_AP_BUSY}}'}]
2026-06-26 14:40:18,702 INFO utils.complier: analyse  formula:[]
2026-06-26 14:40:18,703 INFO utils.complier: analyse  formula:[]
2026-06-26 14:40:18,703 INFO utils.complier: analyse  formula:[{'type': 'VARIABLE', 'value': '{{VLS.PERFEVENT_VLS_ACTIVE}}'}, {'type': 'VARIABLE', 'value': '{{ISU.AP_PERF_ISU_AP_BUSY}}'}]
2026-06-26 14:40:18,703 INFO utils.complier: analyse  formula:[]
2026-06-26 14:40:18,703 INFO utils.complier: analyse  formula:[]
2026-06-26 14:40:18,703 INFO utils.complier: analyse  formula:[{'type': 'PROC_VAR', 'value': '$RET'}]
2026-06-26 14:40:18,703 INFO utils.complier: analyse  formula:[]
2026-06-26 14:40:18,704 INFO utils.complier: analyse  formula:[{'type': 'VARIABLE', 'value': '{{VLS.PERFEVENT_VLS_ACTIVE}}'}, {'type': 'VARIABLE', 'value': '{{ISU.AP_PERF_ISU_AP_BUSY}}'}]
2026-06-26 14:40:18,704 INFO utils.complier: analyse  formula:[]
2026-06-26 14:40:18,704 INFO utils.complier: analyse  formula:[]
2026-06-26 14:40:18,704 INFO utils.complier: analyse  formula:[{'type': 'VARIABLE', 'value': '{{L2C.perf_req}}'}, {'type': 'VARIABLE', 'value': '{{L2C.1_b1}}'}]
2026-06-26 14:40:18,704 INFO utils.complier: analyse  formula:[]
2026-06-26 14:40:18,704 INFO utils.complier: analyse  formula:[]
2026-06-26 14:40:18,705 INFO utils.complier: analyse  formula:[{'type': 'PROC_VAR', 'value': '$RET'}]
2026-06-26 14:40:18,705 INFO utils.complier: analyse  formula:[]
2026-06-26 14:40:18,705 INFO utils.complier: analyse  formula:[{'type': 'VARIABLE', 'value': '{{L2C.perf_req}}'}, {'type': 'VARIABLE', 'value': '{{L2C.1_b1}}'}]
2026-06-26 14:40:18,705 INFO utils.complier: analyse  formula:[]
2026-06-26 14:40:18,706 INFO utils.complier: analyse  formula:[]
2026-06-26 14:40:18,706 INFO utils.complier: analyse  formula:[{'type': 'VARIABLE', 'value': '{{ISU.AP_PERF_ISU_AP_BUSY}}'}]
2026-06-26 14:40:18,706 INFO utils.complier: analyse  formula:[]
2026-06-26 14:40:18,706 INFO utils.complier: analyse  formula:[{'type': 'PRE_VAR', 'value': '@total_instruction_num'}]
2026-06-26 14:40:18,706 INFO utils.complier: analyse  formula:[{'type': 'PROC_VAR', 'value': '$max_ap_cycle'}, {'type': 'PROC_VAR', 'value': '$RET'}, {'type': 'PROC_VAR', 'value': '$max_ap_cycle'}]
2026-06-26 14:40:18,707 INFO utils.complier: analyse  formula:[]
2026-06-26 14:40:18,707 INFO utils.complier: analyse  formula:[{'type': 'VARIABLE', 'value': '{{ISU.AP_PERF_ISU_AP_BUSY}}'}]
2026-06-26 14:40:18,708 INFO utils.complier: analyse  formula:[{'type': 'PRE_VAR', 'value': '@total_instruction_num'}]
2026-06-26 14:40:18,708 INFO utils.complier: analyse  formula:[]
2026-06-26 14:40:18,709 INFO utils.complier: analyse  formula:[{'type': 'VARIABLE_DICT', 'value': '{{{ISU.AP_PERF_INSTS_VALU}}}'}, {'type': 'VARIABLE', 'value': '{{ISU.AP_PERF_ISU_AP_BUSY}}'}]
2026-06-26 14:40:18,709 INFO utils.complier: analyse  formula:[]
2026-06-26 14:40:18,709 INFO utils.complier: analyse  formula:[{'type': 'PRE_VAR', 'value': '@total_instruction_num'}]
2026-06-26 14:40:18,710 INFO utils.complier: analyse  formula:[{'type': 'PROC_VAR', 'value': '$ap_num'}, {'type': 'PROC_VAR', 'value': '$max_ap_cycle'}, {'type': 'PROC_VAR', 'value': '$RET'}, {'type': 'PROC_VAR', 'value': '$max_ap_cycle'}, {'type': 'PROC_VAR', 'value': '$ap_num'}]
2026-06-26 14:40:18,711 INFO utils.complier: analyse  formula:[{'type': 'VARIABLE_DICT', 'value': '{{{ISU.AP_PERF_INSTS_VALU}}}'}]
2026-06-26 14:40:18,712 INFO utils.complier: analyse  formula:[{'type': 'VARIABLE', 'value': '{{ISU.AP_PERF_ISU_AP_BUSY}}'}]
2026-06-26 14:40:18,713 INFO utils.complier: analyse  formula:[{'type': 'PRE_VAR', 'value': '@total_instruction_num'}]
2026-06-26 14:40:18,713 INFO utils.complier: analyse  formula:[]
2026-06-26 14:40:18,714 INFO utils.complier: analyse  formula:[{'type': 'VARIABLE_DICT', 'value': '{{{ISU.AP_PERF_INSTS_VALU}}}'}, {'type': 'VARIABLE', 'value': '{{ISU.AP_PERF_ISU_AP_BUSY}}'}]
2026-06-26 14:40:18,714 INFO utils.complier: analyse  formula:[]
2026-06-26 14:40:18,714 INFO utils.complier: analyse  formula:[{'type': 'PRE_VAR', 'value': '@total_instruction_num'}]
2026-06-26 14:40:18,715 INFO utils.complier: analyse  formula:[{'type': 'PROC_VAR', 'value': '$ap_num'}, {'type': 'PROC_VAR', 'value': '$max_ap_cycle'}, {'type': 'PROC_VAR', 'value': '$RET'}, {'type': 'PROC_VAR', 'value': '$max_ap_cycle'}, {'type': 'PROC_VAR', 'value': '$ap_num'}]
2026-06-26 14:40:18,716 INFO utils.complier: analyse  formula:[{'type': 'VARIABLE_DICT', 'value': '{{{ISU.AP_PERF_INSTS_VALU}}}'}]
2026-06-26 14:40:18,717 INFO utils.complier: analyse  formula:[{'type': 'VARIABLE', 'value': '{{ISU.AP_PERF_ISU_AP_BUSY}}'}]
2026-06-26 14:40:18,718 INFO utils.complier: analyse  formula:[{'type': 'PRE_VAR', 'value': '@total_instruction_num'}]
2026-06-26 14:40:18,719 INFO utils.complier: analyse  formula:[]
2026-06-26 14:40:18,719 INFO utils.complier: analyse  formula:[{'type': 'VARIABLE', 'value': '{{ISU.AP_PERF_INSTS_VALU}}'}, {'type': 'VARIABLE', 'value': '{{ISU.AP_PERF_INSTS_MMA}}'}, {'type': 'VARIABLE', 'value': '{{ISU.AP_PERF_INSTS_SALU}}'}, {'type': 'VARIABLE', 'value': '{{ISU.AP_PERF_INSTS_GVM}}'}, {'type': 'VARIABLE', 'value': '{{ISU.AP_PERF_INSTS_BSM}}'}, {'type': 'VARIABLE', 'value': '{{ISU.AP_PERF_INSTS_LDU}}'}, {'type': 'VARIABLE', 'value': '{{ISU.AP_PERF_INST_MISC}}'}, {'type': 'VARIABLE', 'value': '{{ISU.AP_PERF_ISU_AP_BUSY}}'}]
2026-06-26 14:40:18,719 INFO utils.complier: analyse  formula:[]
2026-06-26 14:40:18,719 INFO utils.complier: analyse  formula:[]
2026-06-26 14:40:18,721 INFO utils.complier: analyse  formula:[{'type': 'PROC_VAR', 'value': '$RET'}, {'type': 'PROC_VAR', 'value': '$max_ap_cycle'}]
2026-06-26 14:40:18,722 INFO utils.complier: analyse  formula:[]
2026-06-26 14:40:18,722 INFO utils.complier: analyse  formula:[{'type': 'VARIABLE', 'value': '{{ISU.AP_PERF_INSTS_VALU}}'}, {'type': 'VARIABLE', 'value': '{{ISU.AP_PERF_INSTS_MMA}}'}, {'type': 'VARIABLE', 'value': '{{ISU.AP_PERF_INSTS_SALU}}'}, {'type': 'VARIABLE', 'value': '{{ISU.AP_PERF_INSTS_GVM}}'}, {'type': 'VARIABLE', 'value': '{{ISU.AP_PERF_INSTS_BSM}}'}, {'type': 'VARIABLE', 'value': '{{ISU.AP_PERF_INSTS_LDU}}'}, {'type': 'VARIABLE', 'value': '{{ISU.AP_PERF_INST_MISC}}'}, {'type': 'VARIABLE', 'value': '{{ISU.AP_PERF_ISU_AP_BUSY}}'}]
2026-06-26 14:40:18,723 INFO utils.complier: analyse  formula:[]
2026-06-26 14:40:18,724 INFO utils.complier: analyse  formula:[]
2026-06-26 14:40:18,725 INFO utils.complier: analyse  formula:[{'type': 'VARIABLE_DICT', 'value': '{{{ISU.AP_PERF_INSTS_VALU}}}'}, {'type': 'VARIABLE', 'value': '{{ISU.AP_PERF_INSTS_VALU}}'}, {'type': 'VARIABLE', 'value': '{{ISU.AP_PERF_INSTS_MMA}}'}, {'type': 'VARIABLE', 'value': '{{ISU.AP_PERF_INSTS_SALU}}'}, {'type': 'VARIABLE', 'value': '{{ISU.AP_PERF_INSTS_GVM}}'}, {'type': 'VARIABLE', 'value': '{{ISU.AP_PERF_INSTS_BSM}}'}, {'type': 'VARIABLE', 'value': '{{ISU.AP_PERF_INSTS_LDU}}'}, {'type': 'VARIABLE', 'value': '{{ISU.AP_PERF_INST_MISC}}'}, {'type': 'VARIABLE', 'value': '{{ISU.AP_PERF_ISU_AP_BUSY}}'}]
2026-06-26 14:40:18,725 INFO utils.complier: analyse  formula:[]
2026-06-26 14:40:18,725 INFO utils.complier: analyse  formula:[]
2026-06-26 14:40:18,727 INFO utils.complier: analyse  formula:[{'type': 'PROC_VAR', 'value': '$ap_num'}, {'type': 'PROC_VAR', 'value': '$Total_Num'}, {'type': 'PROC_VAR', 'value': '$max_ap_cycle'}, {'type': 'PROC_VAR', 'value': '$RET'}, {'type': 'PROC_VAR', 'value': '$Total_Num'}, {'type': 'PROC_VAR', 'value': '$ap_num'}]
2026-06-26 14:40:18,728 INFO utils.complier: analyse  formula:[{'type': 'VARIABLE_DICT', 'value': '{{{ISU.AP_PERF_INSTS_VALU}}}'}]
2026-06-26 14:40:18,729 INFO utils.complier: analyse  formula:[{'type': 'VARIABLE', 'value': '{{ISU.AP_PERF_INSTS_VALU}}'}, {'type': 'VARIABLE', 'value': '{{ISU.AP_PERF_INSTS_MMA}}'}, {'type': 'VARIABLE', 'value': '{{ISU.AP_PERF_INSTS_SALU}}'}, {'type': 'VARIABLE', 'value': '{{ISU.AP_PERF_INSTS_GVM}}'}, {'type': 'VARIABLE', 'value': '{{ISU.AP_PERF_INSTS_BSM}}'}, {'type': 'VARIABLE', 'value': '{{ISU.AP_PERF_INSTS_LDU}}'}, {'type': 'VARIABLE', 'value': '{{ISU.AP_PERF_INST_MISC}}'}, {'type': 'VARIABLE', 'value': '{{ISU.AP_PERF_ISU_AP_BUSY}}'}]
2026-06-26 14:40:18,731 INFO utils.complier: analyse  formula:[]
2026-06-26 14:40:18,733 INFO utils.complier: analyse  formula:[]
2026-06-26 14:40:18,735 INFO utils.complier: analyse  formula:[{'type': 'VARIABLE', 'value': '{{ISU.AP_PERF_INSTS_VALU}}'}, {'type': 'VARIABLE', 'value': '{{ISU.AP_PERF_INST_FMA_F32}}'}, {'type': 'VARIABLE', 'value': '{{ISU.AP_PERF_INST_FMA_F64}}'}, {'type': 'VARIABLE', 'value': '{{ISU.AP_PERF_INST_TRANS_FP16}}'}, {'type': 'VARIABLE', 'value': '{{ISU.AP_PERF_INST_TRANS_FP32}}'}, {'type': 'VARIABLE', 'value': '{{ISU.AP_PERF_MTE_PI_SEG_SEL_F64}}'}, {'type': 'VARIABLE', 'value': '{{ISU.AP_PERF_MTE_PI_SEG_SEL_F64}}'}, {'type': 'VARIABLE', 'value': '{{ISU.AP_PERF_INST_FMA_F32}}'}, {'type': 'VARIABLE', 'value': '{{ISU.AP_PERF_INST_FMA_F64}}'}, {'type': 'VARIABLE', 'value': '{{ISU.AP_PERF_INST_TRANS_FP16}}'}, {'type': 'VARIABLE', 'value': '{{ISU.AP_PERF_INST_TRANS_FP32}}'}, {'type': 'VARIABLE', 'value': '{{ISU.AP_PERF_INST_MMA_INT8}}'}, {'type': 'VARIABLE', 'value': '{{ISU.AP_PERF_INST_MMA_FP16}}'}, {'type': 'VARIABLE', 'value': '{{ISU.AP_PERF_INST_MMA_BF16}}'}, {'type': 'VARIABLE', 'value': '{{ISU.AP_PERF_INST_MMA_TF32}}'}, {'type': 'VARIABLE', 'value': '{{ISU.AP_PERF_INST_MMA_F32}}'}, {'type': 'VARIABLE', 'value': '{{ISU.AP_PERF_INST_MMA_F64}}'}, {'type': 'VARIABLE', 'value': '{{ISU.AP_PERF_INST_MMA_TF64}}'}, {'type': 'VARIABLE', 'value': '{{L2C.perf_dnoc_rdreq_32B}}'}, {'type': 'VARIABLE', 'value': '{{L2C.perf_dnoc_rdreq_64B}}'}, {'type': 'VARIABLE', 'value': '{{L2C.perf_dnoc_rdreq_128B}}'}, {'type': 'VARIABLE', 'value': '{{L2C.perf_dnoc_wrreq_32B_low}}'}, {'type': 'VARIABLE', 'value': '{{L2C.perf_dnoc_wrreq_32B_high}}'}, {'type': 'VARIABLE', 'value': '{{L2C.perf_dnoc_wrreq_64B}}'}, {'type': 'VARIABLE', 'value': '{{L2C.perf_dnoc_wrreq_128B}}'}, {'type': 'VARIABLE', 'value': '{{VL1.p_perf_thread_req_cnt}}'}, {'type': 'VARIABLE', 'value': '{{VL1.perf_inflt_rd_req}}'}, {'type': 'VARIABLE', 'value': '{{ISU.AP_PERF_ISU_AP_BUSY}}'}, {'type': 'VARIABLE_DICT', 'value': '{{{ISU.AP_PERF_ISU_AP_BUSY}}}'}]
2026-06-26 14:40:18,738 INFO utils.complier: analyse  formula:[]
2026-06-26 14:40:18,741 INFO utils.complier: analyse  formula:[]
2026-06-26 14:40:18,747 INFO utils.complier: analyse  formula:[{'type': 'PROC_VAR', 'value': '$valu_inst_all'}, {'type': 'PROC_VAR', 'value': '$valu_64'}, {'type': 'PROC_VAR', 'value': '$valu_inst_all'}, {'type': 'PROC_VAR', 'value': '$fma_128'}, {'type': 'PROC_VAR', 'value': '$trans_16'}, {'type': 'PROC_VAR', 'value': '$mma_4k'}, {'type': 'PROC_VAR', 'value': '$mma_2k'}, {'type': 'PROC_VAR', 'value': '$mma_1k'}, {'type': 'PROC_VAR', 'value': '$mma_256'}, {'type': 'PROC_VAR', 'value': '$all_ops'}, {'type': 'PROC_VAR', 'value': '$fma_128'}, {'type': 'PROC_VAR', 'value': '$trans_16'}, {'type': 'PROC_VAR', 'value': '$mma_4k'}, {'type': 'PROC_VAR', 'value': '$mma_2k'}, {'type': 'PROC_VAR', 'value': '$mma_1k'}, {'type': 'PROC_VAR', 'value': '$mma_256'}, {'type': 'PROC_VAR', 'value': '$valu_64'}, {'type': 'PROC_VAR', 'value': '$all_memacs'}, {'type': 'PROC_VAR', 'value': '$vl1_memacs'}, {'type': 'PROC_VAR', 'value': '$l2c_memacs'}, {'type': 'PROC_VAR', 'value': '$during'}, {'type': 'PROC_VAR', 'value': '$ap_num'}, {'type': 'PROC_VAR', 'value': '$RET'}, {'type': 'PROC_VAR', 'value': '$all_ops'}, {'type': 'PROC_VAR', 'value': '$all_memacs'}, {'type': 'PROC_VAR', 'value': '$during'}, {'type': 'PROC_VAR', 'value': '$ap_num'}, {'type': 'PROC_VAR', 'value': '$vl1_memacs'}, {'type': 'PROC_VAR', 'value': '$l2c_memacs'}]
2026-06-26 14:40:18,752 INFO utils.complier: analyse  formula:[{'type': 'VARIABLE_DICT', 'value': '{{{ISU.AP_PERF_ISU_AP_BUSY}}}'}]
2026-06-26 14:40:18,758 INFO utils.complier: analyse  formula:[{'type': 'VARIABLE', 'value': '{{ISU.AP_PERF_INSTS_VALU}}'}, {'type': 'VARIABLE', 'value': '{{ISU.AP_PERF_INST_FMA_F32}}'}, {'type': 'VARIABLE', 'value': '{{ISU.AP_PERF_INST_FMA_F64}}'}, {'type': 'VARIABLE', 'value': '{{ISU.AP_PERF_INST_TRANS_FP16}}'}, {'type': 'VARIABLE', 'value': '{{ISU.AP_PERF_INST_TRANS_FP32}}'}, {'type': 'VARIABLE', 'value': '{{ISU.AP_PERF_MTE_PI_SEG_SEL_F64}}'}, {'type': 'VARIABLE', 'value': '{{ISU.AP_PERF_MTE_PI_SEG_SEL_F64}}'}, {'type': 'VARIABLE', 'value': '{{ISU.AP_PERF_INST_FMA_F32}}'}, {'type': 'VARIABLE', 'value': '{{ISU.AP_PERF_INST_FMA_F64}}'}, {'type': 'VARIABLE', 'value': '{{ISU.AP_PERF_INST_TRANS_FP16}}'}, {'type': 'VARIABLE', 'value': '{{ISU.AP_PERF_INST_TRANS_FP32}}'}, {'type': 'VARIABLE', 'value': '{{ISU.AP_PERF_INST_MMA_INT8}}'}, {'type': 'VARIABLE', 'value': '{{ISU.AP_PERF_INST_MMA_FP16}}'}, {'type': 'VARIABLE', 'value': '{{ISU.AP_PERF_INST_MMA_BF16}}'}, {'type': 'VARIABLE', 'value': '{{ISU.AP_PERF_INST_MMA_TF32}}'}, {'type': 'VARIABLE', 'value': '{{ISU.AP_PERF_INST_MMA_F32}}'}, {'type': 'VARIABLE', 'value': '{{ISU.AP_PERF_INST_MMA_F64}}'}, {'type': 'VARIABLE', 'value': '{{ISU.AP_PERF_INST_MMA_TF64}}'}, {'type': 'VARIABLE', 'value': '{{L2C.perf_dnoc_rdreq_32B}}'}, {'type': 'VARIABLE', 'value': '{{L2C.perf_dnoc_rdreq_64B}}'}, {'type': 'VARIABLE', 'value': '{{L2C.perf_dnoc_rdreq_128B}}'}, {'type': 'VARIABLE', 'value': '{{L2C.perf_dnoc_wrreq_32B_low}}'}, {'type': 'VARIABLE', 'value': '{{L2C.perf_dnoc_wrreq_32B_high}}'}, {'type': 'VARIABLE', 'value': '{{L2C.perf_dnoc_wrreq_64B}}'}, {'type': 'VARIABLE', 'value': '{{L2C.perf_dnoc_wrreq_128B}}'}, {'type': 'VARIABLE', 'value': '{{VL1.p_perf_thread_req_cnt}}'}, {'type': 'VARIABLE', 'value': '{{VL1.perf_inflt_rd_req}}'}, {'type': 'VARIABLE', 'value': '{{ISU.AP_PERF_ISU_AP_BUSY}}'}]
2026-06-26 14:40:18,765 INFO utils.complier: analyse  formula:[]
2026-06-26 14:40:18,773 INFO utils.complier: analyse  formula:[]
2026-06-26 14:40:18,813 DEBUG matplotlib.ticker: vmin 1e-05 vmax 13487.104010777435
2026-06-26 14:40:18,814 DEBUG matplotlib.ticker: ticklocs array([], dtype=float64)
2026-06-26 14:40:18,815 DEBUG matplotlib.font_manager: findfont: Matching STIXGeneral:style=normal:variant=normal:weight=normal:stretch=normal:size=10.0.
2026-06-26 14:40:18,815 DEBUG matplotlib.font_manager: findfont: score(<Font 'STIXNonUnicode' (STIXNonUniIta.ttf) italic normal 400 normal>) = 11.05
2026-06-26 14:40:18,815 DEBUG matplotlib.font_manager: findfont: score(<Font 'DejaVu Sans Display' (DejaVuSansDisplay.ttf) normal normal 400 normal>) = 10.05
2026-06-26 14:40:18,815 DEBUG matplotlib.font_manager: findfont: score(<Font 'cmr10' (cmr10.ttf) normal normal 400 normal>) = 10.05
2026-06-26 14:40:18,815 DEBUG matplotlib.font_manager: findfont: score(<Font 'cmtt10' (cmtt10.ttf) normal normal 400 normal>) = 10.05
2026-06-26 14:40:18,816 DEBUG matplotlib.font_manager: findfont: score(<Font 'STIXNonUnicode' (STIXNonUni.ttf) normal normal 400 normal>) = 10.05
2026-06-26 14:40:18,816 DEBUG matplotlib.font_manager: findfont: score(<Font 'DejaVu Sans Mono' (DejaVuSansMono-BoldOblique.ttf) oblique normal 700 normal>) = 11.335
2026-06-26 14:40:18,816 DEBUG matplotlib.font_manager: findfont: score(<Font 'cmsy10' (cmsy10.ttf) normal normal 400 normal>) = 10.05
2026-06-26 14:40:18,816 DEBUG matplotlib.font_manager: findfont: score(<Font 'DejaVu Serif' (DejaVuSerif-Bold.ttf) normal normal 700 normal>) = 10.335
2026-06-26 14:40:18,816 DEBUG matplotlib.font_manager: findfont: score(<Font 'DejaVu Serif' (DejaVuSerif.ttf) normal normal 400 normal>) = 10.05
2026-06-26 14:40:18,816 DEBUG matplotlib.font_manager: findfont: score(<Font 'DejaVu Sans' (DejaVuSans-BoldOblique.ttf) oblique normal 700 normal>) = 11.335
2026-06-26 14:40:18,816 DEBUG matplotlib.font_manager: findfont: score(<Font 'STIXNonUnicode' (STIXNonUniBol.ttf) normal normal 700 normal>) = 10.335
2026-06-26 14:40:18,816 DEBUG matplotlib.font_manager: findfont: score(<Font 'STIXSizeFiveSym' (STIXSizFiveSymReg.ttf) normal normal 400 normal>) = 10.05
2026-06-26 14:40:18,816 DEBUG matplotlib.font_manager: findfont: score(<Font 'DejaVu Sans' (DejaVuSans-Bold.ttf) normal normal 700 normal>) = 10.335
2026-06-26 14:40:18,816 DEBUG matplotlib.font_manager: findfont: score(<Font 'cmss10' (cmss10.ttf) normal normal 400 normal>) = 10.05
2026-06-26 14:40:18,816 DEBUG matplotlib.font_manager: findfont: score(<Font 'DejaVu Serif' (DejaVuSerif-BoldItalic.ttf) italic normal 700 normal>) = 11.335
2026-06-26 14:40:18,816 DEBUG matplotlib.font_manager: findfont: score(<Font 'DejaVu Sans Mono' (DejaVuSansMono-Oblique.ttf) oblique normal 400 normal>) = 11.05
2026-06-26 14:40:18,816 DEBUG matplotlib.font_manager: findfont: score(<Font 'cmb10' (cmb10.ttf) normal normal 400 normal>) = 10.05
2026-06-26 14:40:18,816 DEBUG matplotlib.font_manager: findfont: score(<Font 'STIXSizeTwoSym' (STIXSizTwoSymReg.ttf) normal normal 400 normal>) = 10.05
2026-06-26 14:40:18,816 DEBUG matplotlib.font_manager: findfont: score(<Font 'DejaVu Sans' (DejaVuSans.ttf) normal normal 400 normal>) = 10.05
2026-06-26 14:40:18,816 DEBUG matplotlib.font_manager: findfont: score(<Font 'DejaVu Sans Mono' (DejaVuSansMono.ttf) normal normal 400 normal>) = 10.05
2026-06-26 14:40:18,816 DEBUG matplotlib.font_manager: findfont: score(<Font 'STIXGeneral' (STIXGeneralItalic.ttf) italic normal 400 normal>) = 1.05
2026-06-26 14:40:18,816 DEBUG matplotlib.font_manager: findfont: score(<Font 'STIXNonUnicode' (STIXNonUniBolIta.ttf) italic normal 700 normal>) = 11.335
2026-06-26 14:40:18,816 DEBUG matplotlib.font_manager: findfont: score(<Font 'STIXSizeThreeSym' (STIXSizThreeSymReg.ttf) normal normal 400 normal>) = 10.05
2026-06-26 14:40:18,816 DEBUG matplotlib.font_manager: findfont: score(<Font 'STIXGeneral' (STIXGeneralBol.ttf) normal normal 700 normal>) = 0.33499999999999996
2026-06-26 14:40:18,816 DEBUG matplotlib.font_manager: findfont: score(<Font 'STIXGeneral' (STIXGeneralBolIta.ttf) italic normal 700 normal>) = 1.335
2026-06-26 14:40:18,816 DEBUG matplotlib.font_manager: findfont: score(<Font 'DejaVu Serif Display' (DejaVuSerifDisplay.ttf) normal normal 400 normal>) = 10.05
2026-06-26 14:40:18,816 DEBUG matplotlib.font_manager: findfont: score(<Font 'STIXSizeFourSym' (STIXSizFourSymBol.ttf) normal normal 700 normal>) = 10.335
2026-06-26 14:40:18,816 DEBUG matplotlib.font_manager: findfont: score(<Font 'STIXGeneral' (STIXGeneral.ttf) normal normal 400 normal>) = 0.05
2026-06-26 14:40:18,816 DEBUG matplotlib.font_manager: findfont: score(<Font 'STIXSizeThreeSym' (STIXSizThreeSymBol.ttf) normal normal 700 normal>) = 10.335
2026-06-26 14:40:18,816 DEBUG matplotlib.font_manager: findfont: score(<Font 'DejaVu Sans' (DejaVuSans-Oblique.ttf) oblique normal 400 normal>) = 11.05
2026-06-26 14:40:18,816 DEBUG matplotlib.font_manager: findfont: score(<Font 'cmmi10' (cmmi10.ttf) normal normal 400 normal>) = 10.05
2026-06-26 14:40:18,816 DEBUG matplotlib.font_manager: findfont: score(<Font 'STIXSizeTwoSym' (STIXSizTwoSymBol.ttf) normal normal 700 normal>) = 10.335
2026-06-26 14:40:18,816 DEBUG matplotlib.font_manager: findfont: score(<Font 'cmex10' (cmex10.ttf) normal normal 400 normal>) = 10.05
2026-06-26 14:40:18,816 DEBUG matplotlib.font_manager: findfont: score(<Font 'DejaVu Sans Mono' (DejaVuSansMono-Bold.ttf) normal normal 700 normal>) = 10.335
2026-06-26 14:40:18,816 DEBUG matplotlib.font_manager: findfont: score(<Font 'DejaVu Serif' (DejaVuSerif-Italic.ttf) italic normal 400 normal>) = 11.05
2026-06-26 14:40:18,816 DEBUG matplotlib.font_manager: findfont: score(<Font 'STIXSizeFourSym' (STIXSizFourSymReg.ttf) normal normal 400 normal>) = 10.05
2026-06-26 14:40:18,816 DEBUG matplotlib.font_manager: findfont: score(<Font 'STIXSizeOneSym' (STIXSizOneSymReg.ttf) normal normal 400 normal>) = 10.05
2026-06-26 14:40:18,816 DEBUG matplotlib.font_manager: findfont: score(<Font 'STIXSizeOneSym' (STIXSizOneSymBol.ttf) normal normal 700 normal>) = 10.335
2026-06-26 14:40:18,817 DEBUG matplotlib.font_manager: findfont: score(<Font 'DejaVu Serif' (DejaVuSerif-Bold.ttf) normal normal 700 normal>) = 10.335
2026-06-26 14:40:18,817 DEBUG matplotlib.font_manager: findfont: score(<Font 'DejaVu Sans' (DejaVuSans-Bold.ttf) normal normal 700 normal>) = 10.335
2026-06-26 14:40:18,817 DEBUG matplotlib.font_manager: findfont: score(<Font 'DejaVu Sans Mono' (DejaVuSansMono.ttf) normal normal 400 normal>) = 10.05
2026-06-26 14:40:18,817 DEBUG matplotlib.font_manager: findfont: score(<Font 'DejaVu Sans' (DejaVuSans.ttf) normal normal 400 normal>) = 10.05
2026-06-26 14:40:18,817 DEBUG matplotlib.font_manager: findfont: score(<Font 'DejaVu Sans Mono' (DejaVuSansMono-Bold.ttf) normal normal 700 normal>) = 10.335
2026-06-26 14:40:18,817 DEBUG matplotlib.font_manager: findfont: score(<Font 'DejaVu Serif' (DejaVuSerif.ttf) normal normal 400 normal>) = 10.05
2026-06-26 14:40:18,817 DEBUG matplotlib.font_manager: findfont: Matching STIXGeneral:style=normal:variant=normal:weight=normal:stretch=normal:size=10.0 to STIXGeneral ('/tmp/_MEItUlqXx/matplotlib/mpl-data/fonts/ttf/STIXGeneral.ttf') with score of 0.050000.
2026-06-26 14:40:18,817 DEBUG matplotlib.font_manager: findfont: Matching STIXGeneral:style=italic:variant=normal:weight=normal:stretch=normal:size=10.0.
2026-06-26 14:40:18,817 DEBUG matplotlib.font_manager: findfont: score(<Font 'STIXNonUnicode' (STIXNonUniIta.ttf) italic normal 400 normal>) = 10.05
2026-06-26 14:40:18,817 DEBUG matplotlib.font_manager: findfont: score(<Font 'DejaVu Sans Display' (DejaVuSansDisplay.ttf) normal normal 400 normal>) = 11.05
2026-06-26 14:40:18,817 DEBUG matplotlib.font_manager: findfont: score(<Font 'cmr10' (cmr10.ttf) normal normal 400 normal>) = 11.05
2026-06-26 14:40:18,817 DEBUG matplotlib.font_manager: findfont: score(<Font 'cmtt10' (cmtt10.ttf) normal normal 400 normal>) = 11.05
2026-06-26 14:40:18,817 DEBUG matplotlib.font_manager: findfont: score(<Font 'STIXNonUnicode' (STIXNonUni.ttf) normal normal 400 normal>) = 11.05
2026-06-26 14:40:18,817 DEBUG matplotlib.font_manager: findfont: score(<Font 'DejaVu Sans Mono' (DejaVuSansMono-BoldOblique.ttf) oblique normal 700 normal>) = 10.434999999999999
2026-06-26 14:40:18,817 DEBUG matplotlib.font_manager: findfont: score(<Font 'cmsy10' (cmsy10.ttf) normal normal 400 normal>) = 11.05
2026-06-26 14:40:18,817 DEBUG matplotlib.font_manager: findfont: score(<Font 'DejaVu Serif' (DejaVuSerif-Bold.ttf) normal normal 700 normal>) = 11.335
2026-06-26 14:40:18,817 DEBUG matplotlib.font_manager: findfont: score(<Font 'DejaVu Serif' (DejaVuSerif.ttf) normal normal 400 normal>) = 11.05
2026-06-26 14:40:18,817 DEBUG matplotlib.font_manager: findfont: score(<Font 'DejaVu Sans' (DejaVuSans-BoldOblique.ttf) oblique normal 700 normal>) = 10.434999999999999
2026-06-26 14:40:18,817 DEBUG matplotlib.font_manager: findfont: score(<Font 'STIXNonUnicode' (STIXNonUniBol.ttf) normal normal 700 normal>) = 11.335
2026-06-26 14:40:18,817 DEBUG matplotlib.font_manager: findfont: score(<Font 'STIXSizeFiveSym' (STIXSizFiveSymReg.ttf) normal normal 400 normal>) = 11.05
2026-06-26 14:40:18,818 DEBUG matplotlib.font_manager: findfont: score(<Font 'DejaVu Sans' (DejaVuSans-Bold.ttf) normal normal 700 normal>) = 11.335
2026-06-26 14:40:18,818 DEBUG matplotlib.font_manager: findfont: score(<Font 'cmss10' (cmss10.ttf) normal normal 400 normal>) = 11.05
2026-06-26 14:40:18,818 DEBUG matplotlib.font_manager: findfont: score(<Font 'DejaVu Serif' (DejaVuSerif-BoldItalic.ttf) italic normal 700 normal>) = 10.335
2026-06-26 14:40:18,818 DEBUG matplotlib.font_manager: findfont: score(<Font 'DejaVu Sans Mono' (DejaVuSansMono-Oblique.ttf) oblique normal 400 normal>) = 10.15
2026-06-26 14:40:18,818 DEBUG matplotlib.font_manager: findfont: score(<Font 'cmb10' (cmb10.ttf) normal normal 400 normal>) = 11.05
2026-06-26 14:40:18,818 DEBUG matplotlib.font_manager: findfont: score(<Font 'STIXSizeTwoSym' (STIXSizTwoSymReg.ttf) normal normal 400 normal>) = 11.05
2026-06-26 14:40:18,818 DEBUG matplotlib.font_manager: findfont: score(<Font 'DejaVu Sans' (DejaVuSans.ttf) normal normal 400 normal>) = 11.05
2026-06-26 14:40:18,818 DEBUG matplotlib.font_manager: findfont: score(<Font 'DejaVu Sans Mono' (DejaVuSansMono.ttf) normal normal 400 normal>) = 11.05
2026-06-26 14:40:18,818 DEBUG matplotlib.font_manager: findfont: score(<Font 'STIXGeneral' (STIXGeneralItalic.ttf) italic normal 400 normal>) = 0.05
2026-06-26 14:40:18,818 DEBUG matplotlib.font_manager: findfont: score(<Font 'STIXNonUnicode' (STIXNonUniBolIta.ttf) italic normal 700 normal>) = 10.335
2026-06-26 14:40:18,818 DEBUG matplotlib.font_manager: findfont: score(<Font 'STIXSizeThreeSym' (STIXSizThreeSymReg.ttf) normal normal 400 normal>) = 11.05
2026-06-26 14:40:18,818 DEBUG matplotlib.font_manager: findfont: score(<Font 'STIXGeneral' (STIXGeneralBol.ttf) normal normal 700 normal>) = 1.335
2026-06-26 14:40:18,818 DEBUG matplotlib.font_manager: findfont: score(<Font 'STIXGeneral' (STIXGeneralBolIta.ttf) italic normal 700 normal>) = 0.33499999999999996
2026-06-26 14:40:18,818 DEBUG matplotlib.font_manager: findfont: score(<Font 'DejaVu Serif Display' (DejaVuSerifDisplay.ttf) normal normal 400 normal>) = 11.05
2026-06-26 14:40:18,818 DEBUG matplotlib.font_manager: findfont: score(<Font 'STIXSizeFourSym' (STIXSizFourSymBol.ttf) normal normal 700 normal>) = 11.335
2026-06-26 14:40:18,818 DEBUG matplotlib.font_manager: findfont: score(<Font 'STIXGeneral' (STIXGeneral.ttf) normal normal 400 normal>) = 1.05
2026-06-26 14:40:18,818 DEBUG matplotlib.font_manager: findfont: score(<Font 'STIXSizeThreeSym' (STIXSizThreeSymBol.ttf) normal normal 700 normal>) = 11.335
2026-06-26 14:40:18,818 DEBUG matplotlib.font_manager: findfont: score(<Font 'DejaVu Sans' (DejaVuSans-Oblique.ttf) oblique normal 400 normal>) = 10.15
2026-06-26 14:40:18,818 DEBUG matplotlib.font_manager: findfont: score(<Font 'cmmi10' (cmmi10.ttf) normal normal 400 normal>) = 11.05
2026-06-26 14:40:18,818 DEBUG matplotlib.font_manager: findfont: score(<Font 'STIXSizeTwoSym' (STIXSizTwoSymBol.ttf) normal normal 700 normal>) = 11.335
2026-06-26 14:40:18,818 DEBUG matplotlib.font_manager: findfont: score(<Font 'cmex10' (cmex10.ttf) normal normal 400 normal>) = 11.05
2026-06-26 14:40:18,818 DEBUG matplotlib.font_manager: findfont: score(<Font 'DejaVu Sans Mono' (DejaVuSansMono-Bold.ttf) normal normal 700 normal>) = 11.335
2026-06-26 14:40:18,818 DEBUG matplotlib.font_manager: findfont: score(<Font 'DejaVu Serif' (DejaVuSerif-Italic.ttf) italic normal 400 normal>) = 10.05
2026-06-26 14:40:18,818 DEBUG matplotlib.font_manager: findfont: score(<Font 'STIXSizeFourSym' (STIXSizFourSymReg.ttf) normal normal 400 normal>) = 11.05
2026-06-26 14:40:18,818 DEBUG matplotlib.font_manager: findfont: score(<Font 'STIXSizeOneSym' (STIXSizOneSymReg.ttf) normal normal 400 normal>) = 11.05
2026-06-26 14:40:18,818 DEBUG matplotlib.font_manager: findfont: score(<Font 'STIXSizeOneSym' (STIXSizOneSymBol.ttf) normal normal 700 normal>) = 11.335
2026-06-26 14:40:18,818 DEBUG matplotlib.font_manager: findfont: score(<Font 'DejaVu Serif' (DejaVuSerif-Bold.ttf) normal normal 700 normal>) = 11.335
2026-06-26 14:40:18,818 DEBUG matplotlib.font_manager: findfont: score(<Font 'DejaVu Sans' (DejaVuSans-Bold.ttf) normal normal 700 normal>) = 11.335
2026-06-26 14:40:18,818 DEBUG matplotlib.font_manager: findfont: score(<Font 'DejaVu Sans Mono' (DejaVuSansMono.ttf) normal normal 400 normal>) = 11.05
2026-06-26 14:40:18,818 DEBUG matplotlib.font_manager: findfont: score(<Font 'DejaVu Sans' (DejaVuSans.ttf) normal normal 400 normal>) = 11.05
2026-06-26 14:40:18,818 DEBUG matplotlib.font_manager: findfont: score(<Font 'DejaVu Sans Mono' (DejaVuSansMono-Bold.ttf) normal normal 700 normal>) = 11.335
2026-06-26 14:40:18,818 DEBUG matplotlib.font_manager: findfont: score(<Font 'DejaVu Serif' (DejaVuSerif.ttf) normal normal 400 normal>) = 11.05
2026-06-26 14:40:18,818 DEBUG matplotlib.font_manager: findfont: Matching STIXGeneral:style=italic:variant=normal:weight=normal:stretch=normal:size=10.0 to STIXGeneral ('/tmp/_MEItUlqXx/matplotlib/mpl-data/fonts/ttf/STIXGeneralItalic.ttf') with score of 0.050000.
2026-06-26 14:40:18,819 DEBUG matplotlib.font_manager: findfont: Matching STIXGeneral:style=normal:variant=normal:weight=bold:stretch=normal:size=10.0.
2026-06-26 14:40:18,819 DEBUG matplotlib.font_manager: findfont: score(<Font 'STIXNonUnicode' (STIXNonUniIta.ttf) italic normal 400 normal>) = 11.335
2026-06-26 14:40:18,819 DEBUG matplotlib.font_manager: findfont: score(<Font 'DejaVu Sans Display' (DejaVuSansDisplay.ttf) normal normal 400 normal>) = 10.335
2026-06-26 14:40:18,819 DEBUG matplotlib.font_manager: findfont: score(<Font 'cmr10' (cmr10.ttf) normal normal 400 normal>) = 10.335
2026-06-26 14:40:18,819 DEBUG matplotlib.font_manager: findfont: score(<Font 'cmtt10' (cmtt10.ttf) normal normal 400 normal>) = 10.335
2026-06-26 14:40:18,819 DEBUG matplotlib.font_manager: findfont: score(<Font 'STIXNonUnicode' (STIXNonUni.ttf) normal normal 400 normal>) = 10.335
2026-06-26 14:40:18,819 DEBUG matplotlib.font_manager: findfont: score(<Font 'DejaVu Sans Mono' (DejaVuSansMono-BoldOblique.ttf) oblique normal 700 normal>) = 11.05
2026-06-26 14:40:18,820 DEBUG matplotlib.font_manager: findfont: score(<Font 'cmsy10' (cmsy10.ttf) normal normal 400 normal>) = 10.335
2026-06-26 14:40:18,820 DEBUG matplotlib.font_manager: findfont: score(<Font 'DejaVu Serif' (DejaVuSerif-Bold.ttf) normal normal 700 normal>) = 10.05
2026-06-26 14:40:18,820 DEBUG matplotlib.font_manager: findfont: score(<Font 'DejaVu Serif' (DejaVuSerif.ttf) normal normal 400 normal>) = 10.335
2026-06-26 14:40:18,820 DEBUG matplotlib.font_manager: findfont: score(<Font 'DejaVu Sans' (DejaVuSans-BoldOblique.ttf) oblique normal 700 normal>) = 11.05
2026-06-26 14:40:18,820 DEBUG matplotlib.font_manager: findfont: score(<Font 'STIXNonUnicode' (STIXNonUniBol.ttf) normal normal 700 normal>) = 10.05
2026-06-26 14:40:18,820 DEBUG matplotlib.font_manager: findfont: score(<Font 'STIXSizeFiveSym' (STIXSizFiveSymReg.ttf) normal normal 400 normal>) = 10.335
2026-06-26 14:40:18,820 DEBUG matplotlib.font_manager: findfont: score(<Font 'DejaVu Sans' (DejaVuSans-Bold.ttf) normal normal 700 normal>) = 10.05
2026-06-26 14:40:18,820 DEBUG matplotlib.font_manager: findfont: score(<Font 'cmss10' (cmss10.ttf) normal normal 400 normal>) = 10.335
2026-06-26 14:40:18,820 DEBUG matplotlib.font_manager: findfont: score(<Font 'DejaVu Serif' (DejaVuSerif-BoldItalic.ttf) italic normal 700 normal>) = 11.05
2026-06-26 14:40:18,820 DEBUG matplotlib.font_manager: findfont: score(<Font 'DejaVu Sans Mono' (DejaVuSansMono-Oblique.ttf) oblique normal 400 normal>) = 11.335
2026-06-26 14:40:18,820 DEBUG matplotlib.font_manager: findfont: score(<Font 'cmb10' (cmb10.ttf) normal normal 400 normal>) = 10.335
2026-06-26 14:40:18,820 DEBUG matplotlib.font_manager: findfont: score(<Font 'STIXSizeTwoSym' (STIXSizTwoSymReg.ttf) normal normal 400 normal>) = 10.335
2026-06-26 14:40:18,820 DEBUG matplotlib.font_manager: findfont: score(<Font 'DejaVu Sans' (DejaVuSans.ttf) normal normal 400 normal>) = 10.335
2026-06-26 14:40:18,820 DEBUG matplotlib.font_manager: findfont: score(<Font 'DejaVu Sans Mono' (DejaVuSansMono.ttf) normal normal 400 normal>) = 10.335
2026-06-26 14:40:18,820 DEBUG matplotlib.font_manager: findfont: score(<Font 'STIXGeneral' (STIXGeneralItalic.ttf) italic normal 400 normal>) = 1.335
2026-06-26 14:40:18,820 DEBUG matplotlib.font_manager: findfont: score(<Font 'STIXNonUnicode' (STIXNonUniBolIta.ttf) italic normal 700 normal>) = 11.05
2026-06-26 14:40:18,820 DEBUG matplotlib.font_manager: findfont: score(<Font 'STIXSizeThreeSym' (STIXSizThreeSymReg.ttf) normal normal 400 normal>) = 10.335
2026-06-26 14:40:18,820 DEBUG matplotlib.font_manager: findfont: score(<Font 'STIXGeneral' (STIXGeneralBol.ttf) normal normal 700 normal>) = 0.05
2026-06-26 14:40:18,820 DEBUG matplotlib.font_manager: findfont: score(<Font 'STIXGeneral' (STIXGeneralBolIta.ttf) italic normal 700 normal>) = 1.05
2026-06-26 14:40:18,820 DEBUG matplotlib.font_manager: findfont: score(<Font 'DejaVu Serif Display' (DejaVuSerifDisplay.ttf) normal normal 400 normal>) = 10.335
2026-06-26 14:40:18,820 DEBUG matplotlib.font_manager: findfont: score(<Font 'STIXSizeFourSym' (STIXSizFourSymBol.ttf) normal normal 700 normal>) = 10.05
2026-06-26 14:40:18,820 DEBUG matplotlib.font_manager: findfont: score(<Font 'STIXGeneral' (STIXGeneral.ttf) normal normal 400 normal>) = 0.33499999999999996
2026-06-26 14:40:18,820 DEBUG matplotlib.font_manager: findfont: score(<Font 'STIXSizeThreeSym' (STIXSizThreeSymBol.ttf) normal normal 700 normal>) = 10.05
2026-06-26 14:40:18,820 DEBUG matplotlib.font_manager: findfont: score(<Font 'DejaVu Sans' (DejaVuSans-Oblique.ttf) oblique normal 400 normal>) = 11.335
2026-06-26 14:40:18,820 DEBUG matplotlib.font_manager: findfont: score(<Font 'cmmi10' (cmmi10.ttf) normal normal 400 normal>) = 10.335
2026-06-26 14:40:18,820 DEBUG matplotlib.font_manager: findfont: score(<Font 'STIXSizeTwoSym' (STIXSizTwoSymBol.ttf) normal normal 700 normal>) = 10.05
2026-06-26 14:40:18,820 DEBUG matplotlib.font_manager: findfont: score(<Font 'cmex10' (cmex10.ttf) normal normal 400 normal>) = 10.335
2026-06-26 14:40:18,820 DEBUG matplotlib.font_manager: findfont: score(<Font 'DejaVu Sans Mono' (DejaVuSansMono-Bold.ttf) normal normal 700 normal>) = 10.05
2026-06-26 14:40:18,820 DEBUG matplotlib.font_manager: findfont: score(<Font 'DejaVu Serif' (DejaVuSerif-Italic.ttf) italic normal 400 normal>) = 11.335
2026-06-26 14:40:18,820 DEBUG matplotlib.font_manager: findfont: score(<Font 'STIXSizeFourSym' (STIXSizFourSymReg.ttf) normal normal 400 normal>) = 10.335
2026-06-26 14:40:18,820 DEBUG matplotlib.font_manager: findfont: score(<Font 'STIXSizeOneSym' (STIXSizOneSymReg.ttf) normal normal 400 normal>) = 10.335
2026-06-26 14:40:18,820 DEBUG matplotlib.font_manager: findfont: score(<Font 'STIXSizeOneSym' (STIXSizOneSymBol.ttf) normal normal 700 normal>) = 10.05
2026-06-26 14:40:18,820 DEBUG matplotlib.font_manager: findfont: score(<Font 'DejaVu Serif' (DejaVuSerif-Bold.ttf) normal normal 700 normal>) = 10.05
2026-06-26 14:40:18,820 DEBUG matplotlib.font_manager: findfont: score(<Font 'DejaVu Sans' (DejaVuSans-Bold.ttf) normal normal 700 normal>) = 10.05
2026-06-26 14:40:18,820 DEBUG matplotlib.font_manager: findfont: score(<Font 'DejaVu Sans Mono' (DejaVuSansMono.ttf) normal normal 400 normal>) = 10.335
2026-06-26 14:40:18,821 DEBUG matplotlib.font_manager: findfont: score(<Font 'DejaVu Sans' (DejaVuSans.ttf) normal normal 400 normal>) = 10.335
2026-06-26 14:40:18,821 DEBUG matplotlib.font_manager: findfont: score(<Font 'DejaVu Sans Mono' (DejaVuSansMono-Bold.ttf) normal normal 700 normal>) = 10.05
2026-06-26 14:40:18,821 DEBUG matplotlib.font_manager: findfont: score(<Font 'DejaVu Serif' (DejaVuSerif.ttf) normal normal 400 normal>) = 10.335
2026-06-26 14:40:18,821 DEBUG matplotlib.font_manager: findfont: Matching STIXGeneral:style=normal:variant=normal:weight=bold:stretch=normal:size=10.0 to STIXGeneral ('/tmp/_MEItUlqXx/matplotlib/mpl-data/fonts/ttf/STIXGeneralBol.ttf') with score of 0.050000.
2026-06-26 14:40:18,821 DEBUG matplotlib.font_manager: findfont: Matching STIXNonUnicode:style=normal:variant=normal:weight=normal:stretch=normal:size=10.0.
2026-06-26 14:40:18,821 DEBUG matplotlib.font_manager: findfont: score(<Font 'STIXNonUnicode' (STIXNonUniIta.ttf) italic normal 400 normal>) = 1.05
2026-06-26 14:40:18,821 DEBUG matplotlib.font_manager: findfont: score(<Font 'DejaVu Sans Display' (DejaVuSansDisplay.ttf) normal normal 400 normal>) = 10.05
2026-06-26 14:40:18,821 DEBUG matplotlib.font_manager: findfont: score(<Font 'cmr10' (cmr10.ttf) normal normal 400 normal>) = 10.05
2026-06-26 14:40:18,821 DEBUG matplotlib.font_manager: findfont: score(<Font 'cmtt10' (cmtt10.ttf) normal normal 400 normal>) = 10.05
2026-06-26 14:40:18,821 DEBUG matplotlib.font_manager: findfont: score(<Font 'STIXNonUnicode' (STIXNonUni.ttf) normal normal 400 normal>) = 0.05
2026-06-26 14:40:18,821 DEBUG matplotlib.font_manager: findfont: score(<Font 'DejaVu Sans Mono' (DejaVuSansMono-BoldOblique.ttf) oblique normal 700 normal>) = 11.335
2026-06-26 14:40:18,821 DEBUG matplotlib.font_manager: findfont: score(<Font 'cmsy10' (cmsy10.ttf) normal normal 400 normal>) = 10.05
2026-06-26 14:40:18,821 DEBUG matplotlib.font_manager: findfont: score(<Font 'DejaVu Serif' (DejaVuSerif-Bold.ttf) normal normal 700 normal>) = 10.335
2026-06-26 14:40:18,821 DEBUG matplotlib.font_manager: findfont: score(<Font 'DejaVu Serif' (DejaVuSerif.ttf) normal normal 400 normal>) = 10.05
2026-06-26 14:40:18,821 DEBUG matplotlib.font_manager: findfont: score(<Font 'DejaVu Sans' (DejaVuSans-BoldOblique.ttf) oblique normal 700 normal>) = 11.335
2026-06-26 14:40:18,821 DEBUG matplotlib.font_manager: findfont: score(<Font 'STIXNonUnicode' (STIXNonUniBol.ttf) normal normal 700 normal>) = 0.33499999999999996
2026-06-26 14:40:18,821 DEBUG matplotlib.font_manager: findfont: score(<Font 'STIXSizeFiveSym' (STIXSizFiveSymReg.ttf) normal normal 400 normal>) = 10.05
2026-06-26 14:40:18,821 DEBUG matplotlib.font_manager: findfont: score(<Font 'DejaVu Sans' (DejaVuSans-Bold.ttf) normal normal 700 normal>) = 10.335
2026-06-26 14:40:18,821 DEBUG matplotlib.font_manager: findfont: score(<Font 'cmss10' (cmss10.ttf) normal normal 400 normal>) = 10.05
2026-06-26 14:40:18,821 DEBUG matplotlib.font_manager: findfont: score(<Font 'DejaVu Serif' (DejaVuSerif-BoldItalic.ttf) italic normal 700 normal>) = 11.335
2026-06-26 14:40:18,821 DEBUG matplotlib.font_manager: findfont: score(<Font 'DejaVu Sans Mono' (DejaVuSansMono-Oblique.ttf) oblique normal 400 normal>) = 11.05
2026-06-26 14:40:18,821 DEBUG matplotlib.font_manager: findfont: score(<Font 'cmb10' (cmb10.ttf) normal normal 400 normal>) = 10.05
2026-06-26 14:40:18,821 DEBUG matplotlib.font_manager: findfont: score(<Font 'STIXSizeTwoSym' (STIXSizTwoSymReg.ttf) normal normal 400 normal>) = 10.05
2026-06-26 14:40:18,821 DEBUG matplotlib.font_manager: findfont: score(<Font 'DejaVu Sans' (DejaVuSans.ttf) normal normal 400 normal>) = 10.05
2026-06-26 14:40:18,821 DEBUG matplotlib.font_manager: findfont: score(<Font 'DejaVu Sans Mono' (DejaVuSansMono.ttf) normal normal 400 normal>) = 10.05
2026-06-26 14:40:18,822 DEBUG matplotlib.font_manager: findfont: score(<Font 'STIXGeneral' (STIXGeneralItalic.ttf) italic normal 400 normal>) = 11.05
2026-06-26 14:40:18,822 DEBUG matplotlib.font_manager: findfont: score(<Font 'STIXNonUnicode' (STIXNonUniBolIta.ttf) italic normal 700 normal>) = 1.335
2026-06-26 14:40:18,822 DEBUG matplotlib.font_manager: findfont: score(<Font 'STIXSizeThreeSym' (STIXSizThreeSymReg.ttf) normal normal 400 normal>) = 10.05
2026-06-26 14:40:18,822 DEBUG matplotlib.font_manager: findfont: score(<Font 'STIXGeneral' (STIXGeneralBol.ttf) normal normal 700 normal>) = 10.335
2026-06-26 14:40:18,822 DEBUG matplotlib.font_manager: findfont: score(<Font 'STIXGeneral' (STIXGeneralBolIta.ttf) italic normal 700 normal>) = 11.335
2026-06-26 14:40:18,822 DEBUG matplotlib.font_manager: findfont: score(<Font 'DejaVu Serif Display' (DejaVuSerifDisplay.ttf) normal normal 400 normal>) = 10.05
2026-06-26 14:40:18,822 DEBUG matplotlib.font_manager: findfont: score(<Font 'STIXSizeFourSym' (STIXSizFourSymBol.ttf) normal normal 700 normal>) = 10.335
2026-06-26 14:40:18,822 DEBUG matplotlib.font_manager: findfont: score(<Font 'STIXGeneral' (STIXGeneral.ttf) normal normal 400 normal>) = 10.05
2026-06-26 14:40:18,822 DEBUG matplotlib.font_manager: findfont: score(<Font 'STIXSizeThreeSym' (STIXSizThreeSymBol.ttf) normal normal 700 normal>) = 10.335
2026-06-26 14:40:18,822 DEBUG matplotlib.font_manager: findfont: score(<Font 'DejaVu Sans' (DejaVuSans-Oblique.ttf) oblique normal 400 normal>) = 11.05
2026-06-26 14:40:18,822 DEBUG matplotlib.font_manager: findfont: score(<Font 'cmmi10' (cmmi10.ttf) normal normal 400 normal>) = 10.05
2026-06-26 14:40:18,822 DEBUG matplotlib.font_manager: findfont: score(<Font 'STIXSizeTwoSym' (STIXSizTwoSymBol.ttf) normal normal 700 normal>) = 10.335
2026-06-26 14:40:18,822 DEBUG matplotlib.font_manager: findfont: score(<Font 'cmex10' (cmex10.ttf) normal normal 400 normal>) = 10.05
2026-06-26 14:40:18,822 DEBUG matplotlib.font_manager: findfont: score(<Font 'DejaVu Sans Mono' (DejaVuSansMono-Bold.ttf) normal normal 700 normal>) = 10.335
2026-06-26 14:40:18,822 DEBUG matplotlib.font_manager: findfont: score(<Font 'DejaVu Serif' (DejaVuSerif-Italic.ttf) italic normal 400 normal>) = 11.05
2026-06-26 14:40:18,822 DEBUG matplotlib.font_manager: findfont: score(<Font 'STIXSizeFourSym' (STIXSizFourSymReg.ttf) normal normal 400 normal>) = 10.05
2026-06-26 14:40:18,822 DEBUG matplotlib.font_manager: findfont: score(<Font 'STIXSizeOneSym' (STIXSizOneSymReg.ttf) normal normal 400 normal>) = 10.05
2026-06-26 14:40:18,822 DEBUG matplotlib.font_manager: findfont: score(<Font 'STIXSizeOneSym' (STIXSizOneSymBol.ttf) normal normal 700 normal>) = 10.335
2026-06-26 14:40:18,822 DEBUG matplotlib.font_manager: findfont: score(<Font 'DejaVu Serif' (DejaVuSerif-Bold.ttf) normal normal 700 normal>) = 10.335
2026-06-26 14:40:18,822 DEBUG matplotlib.font_manager: findfont: score(<Font 'DejaVu Sans' (DejaVuSans-Bold.ttf) normal normal 700 normal>) = 10.335
2026-06-26 14:40:18,822 DEBUG matplotlib.font_manager: findfont: score(<Font 'DejaVu Sans Mono' (DejaVuSansMono.ttf) normal normal 400 normal>) = 10.05
2026-06-26 14:40:18,822 DEBUG matplotlib.font_manager: findfont: score(<Font 'DejaVu Sans' (DejaVuSans.ttf) normal normal 400 normal>) = 10.05
2026-06-26 14:40:18,822 DEBUG matplotlib.font_manager: findfont: score(<Font 'DejaVu Sans Mono' (DejaVuSansMono-Bold.ttf) normal normal 700 normal>) = 10.335
2026-06-26 14:40:18,822 DEBUG matplotlib.font_manager: findfont: score(<Font 'DejaVu Serif' (DejaVuSerif.ttf) normal normal 400 normal>) = 10.05
2026-06-26 14:40:18,822 DEBUG matplotlib.font_manager: findfont: Matching STIXNonUnicode:style=normal:variant=normal:weight=normal:stretch=normal:size=10.0 to STIXNonUnicode ('/tmp/_MEItUlqXx/matplotlib/mpl-data/fonts/ttf/STIXNonUni.ttf') with score of 0.050000.
2026-06-26 14:40:18,822 DEBUG matplotlib.font_manager: findfont: Matching STIXNonUnicode:style=italic:variant=normal:weight=normal:stretch=normal:size=10.0.
2026-06-26 14:40:18,823 DEBUG matplotlib.font_manager: findfont: score(<Font 'STIXNonUnicode' (STIXNonUniIta.ttf) italic normal 400 normal>) = 0.05
2026-06-26 14:40:18,823 DEBUG matplotlib.font_manager: findfont: score(<Font 'DejaVu Sans Display' (DejaVuSansDisplay.ttf) normal normal 400 normal>) = 11.05
2026-06-26 14:40:18,823 DEBUG matplotlib.font_manager: findfont: score(<Font 'cmr10' (cmr10.ttf) normal normal 400 normal>) = 11.05
2026-06-26 14:40:18,823 DEBUG matplotlib.font_manager: findfont: score(<Font 'cmtt10' (cmtt10.ttf) normal normal 400 normal>) = 11.05
2026-06-26 14:40:18,823 DEBUG matplotlib.font_manager: findfont: score(<Font 'STIXNonUnicode' (STIXNonUni.ttf) normal normal 400 normal>) = 1.05
2026-06-26 14:40:18,823 DEBUG matplotlib.font_manager: findfont: score(<Font 'DejaVu Sans Mono' (DejaVuSansMono-BoldOblique.ttf) oblique normal 700 normal>) = 10.434999999999999
2026-06-26 14:40:18,823 DEBUG matplotlib.font_manager: findfont: score(<Font 'cmsy10' (cmsy10.ttf) normal normal 400 normal>) = 11.05
2026-06-26 14:40:18,823 DEBUG matplotlib.font_manager: findfont: score(<Font 'DejaVu Serif' (DejaVuSerif-Bold.ttf) normal normal 700 normal>) = 11.335
2026-06-26 14:40:18,823 DEBUG matplotlib.font_manager: findfont: score(<Font 'DejaVu Serif' (DejaVuSerif.ttf) normal normal 400 normal>) = 11.05
2026-06-26 14:40:18,823 DEBUG matplotlib.font_manager: findfont: score(<Font 'DejaVu Sans' (DejaVuSans-BoldOblique.ttf) oblique normal 700 normal>) = 10.434999999999999
2026-06-26 14:40:18,823 DEBUG matplotlib.font_manager: findfont: score(<Font 'STIXNonUnicode' (STIXNonUniBol.ttf) normal normal 700 normal>) = 1.335
2026-06-26 14:40:18,823 DEBUG matplotlib.font_manager: findfont: score(<Font 'STIXSizeFiveSym' (STIXSizFiveSymReg.ttf) normal normal 400 normal>) = 11.05
2026-06-26 14:40:18,823 DEBUG matplotlib.font_manager: findfont: score(<Font 'DejaVu Sans' (DejaVuSans-Bold.ttf) normal normal 700 normal>) = 11.335
2026-06-26 14:40:18,823 DEBUG matplotlib.font_manager: findfont: score(<Font 'cmss10' (cmss10.ttf) normal normal 400 normal>) = 11.05
2026-06-26 14:40:18,823 DEBUG matplotlib.font_manager: findfont: score(<Font 'DejaVu Serif' (DejaVuSerif-BoldItalic.ttf) italic normal 700 normal>) = 10.335
2026-06-26 14:40:18,823 DEBUG matplotlib.font_manager: findfont: score(<Font 'DejaVu Sans Mono' (DejaVuSansMono-Oblique.ttf) oblique normal 400 normal>) = 10.15
2026-06-26 14:40:18,823 DEBUG matplotlib.font_manager: findfont: score(<Font 'cmb10' (cmb10.ttf) normal normal 400 normal>) = 11.05
2026-06-26 14:40:18,823 DEBUG matplotlib.font_manager: findfont: score(<Font 'STIXSizeTwoSym' (STIXSizTwoSymReg.ttf) normal normal 400 normal>) = 11.05
2026-06-26 14:40:18,823 DEBUG matplotlib.font_manager: findfont: score(<Font 'DejaVu Sans' (DejaVuSans.ttf) normal normal 400 normal>) = 11.05
2026-06-26 14:40:18,823 DEBUG matplotlib.font_manager: findfont: score(<Font 'DejaVu Sans Mono' (DejaVuSansMono.ttf) normal normal 400 normal>) = 11.05
2026-06-26 14:40:18,823 DEBUG matplotlib.font_manager: findfont: score(<Font 'STIXGeneral' (STIXGeneralItalic.ttf) italic normal 400 normal>) = 10.05
2026-06-26 14:40:18,823 DEBUG matplotlib.font_manager: findfont: score(<Font 'STIXNonUnicode' (STIXNonUniBolIta.ttf) italic normal 700 normal>) = 0.33499999999999996
2026-06-26 14:40:18,823 DEBUG matplotlib.font_manager: findfont: score(<Font 'STIXSizeThreeSym' (STIXSizThreeSymReg.ttf) normal normal 400 normal>) = 11.05
2026-06-26 14:40:18,823 DEBUG matplotlib.font_manager: findfont: score(<Font 'STIXGeneral' (STIXGeneralBol.ttf) normal normal 700 normal>) = 11.335
2026-06-26 14:40:18,823 DEBUG matplotlib.font_manager: findfont: score(<Font 'STIXGeneral' (STIXGeneralBolIta.ttf) italic normal 700 normal>) = 10.335
2026-06-26 14:40:18,823 DEBUG matplotlib.font_manager: findfont: score(<Font 'DejaVu Serif Display' (DejaVuSerifDisplay.ttf) normal normal 400 normal>) = 11.05
2026-06-26 14:40:18,823 DEBUG matplotlib.font_manager: findfont: score(<Font 'STIXSizeFourSym' (STIXSizFourSymBol.ttf) normal normal 700 normal>) = 11.335
2026-06-26 14:40:18,823 DEBUG matplotlib.font_manager: findfont: score(<Font 'STIXGeneral' (STIXGeneral.ttf) normal normal 400 normal>) = 11.05
2026-06-26 14:40:18,823 DEBUG matplotlib.font_manager: findfont: score(<Font 'STIXSizeThreeSym' (STIXSizThreeSymBol.ttf) normal normal 700 normal>) = 11.335
2026-06-26 14:40:18,823 DEBUG matplotlib.font_manager: findfont: score(<Font 'DejaVu Sans' (DejaVuSans-Oblique.ttf) oblique normal 400 normal>) = 10.15
2026-06-26 14:40:18,823 DEBUG matplotlib.font_manager: findfont: score(<Font 'cmmi10' (cmmi10.ttf) normal normal 400 normal>) = 11.05
2026-06-26 14:40:18,823 DEBUG matplotlib.font_manager: findfont: score(<Font 'STIXSizeTwoSym' (STIXSizTwoSymBol.ttf) normal normal 700 normal>) = 11.335
2026-06-26 14:40:18,824 DEBUG matplotlib.font_manager: findfont: score(<Font 'cmex10' (cmex10.ttf) normal normal 400 normal>) = 11.05
2026-06-26 14:40:18,824 DEBUG matplotlib.font_manager: findfont: score(<Font 'DejaVu Sans Mono' (DejaVuSansMono-Bold.ttf) normal normal 700 normal>) = 11.335
2026-06-26 14:40:18,824 DEBUG matplotlib.font_manager: findfont: score(<Font 'DejaVu Serif' (DejaVuSerif-Italic.ttf) italic normal 400 normal>) = 10.05
2026-06-26 14:40:18,824 DEBUG matplotlib.font_manager: findfont: score(<Font 'STIXSizeFourSym' (STIXSizFourSymReg.ttf) normal normal 400 normal>) = 11.05
2026-06-26 14:40:18,824 DEBUG matplotlib.font_manager: findfont: score(<Font 'STIXSizeOneSym' (STIXSizOneSymReg.ttf) normal normal 400 normal>) = 11.05
2026-06-26 14:40:18,824 DEBUG matplotlib.font_manager: findfont: score(<Font 'STIXSizeOneSym' (STIXSizOneSymBol.ttf) normal normal 700 normal>) = 11.335
2026-06-26 14:40:18,824 DEBUG matplotlib.font_manager: findfont: score(<Font 'DejaVu Serif' (DejaVuSerif-Bold.ttf) normal normal 700 normal>) = 11.335
2026-06-26 14:40:18,824 DEBUG matplotlib.font_manager: findfont: score(<Font 'DejaVu Sans' (DejaVuSans-Bold.ttf) normal normal 700 normal>) = 11.335
2026-06-26 14:40:18,824 DEBUG matplotlib.font_manager: findfont: score(<Font 'DejaVu Sans Mono' (DejaVuSansMono.ttf) normal normal 400 normal>) = 11.05
2026-06-26 14:40:18,824 DEBUG matplotlib.font_manager: findfont: score(<Font 'DejaVu Sans' (DejaVuSans.ttf) normal normal 400 normal>) = 11.05
2026-06-26 14:40:18,824 DEBUG matplotlib.font_manager: findfont: score(<Font 'DejaVu Sans Mono' (DejaVuSansMono-Bold.ttf) normal normal 700 normal>) = 11.335
2026-06-26 14:40:18,824 DEBUG matplotlib.font_manager: findfont: score(<Font 'DejaVu Serif' (DejaVuSerif.ttf) normal normal 400 normal>) = 11.05
2026-06-26 14:40:18,824 DEBUG matplotlib.font_manager: findfont: Matching STIXNonUnicode:style=italic:variant=normal:weight=normal:stretch=normal:size=10.0 to STIXNonUnicode ('/tmp/_MEItUlqXx/matplotlib/mpl-data/fonts/ttf/STIXNonUniIta.ttf') with score of 0.050000.
2026-06-26 14:40:18,824 DEBUG matplotlib.font_manager: findfont: Matching STIXNonUnicode:style=normal:variant=normal:weight=bold:stretch=normal:size=10.0.
2026-06-26 14:40:18,824 DEBUG matplotlib.font_manager: findfont: score(<Font 'STIXNonUnicode' (STIXNonUniIta.ttf) italic normal 400 normal>) = 1.335
2026-06-26 14:40:18,824 DEBUG matplotlib.font_manager: findfont: score(<Font 'DejaVu Sans Display' (DejaVuSansDisplay.ttf) normal normal 400 normal>) = 10.335
2026-06-26 14:40:18,824 DEBUG matplotlib.font_manager: findfont: score(<Font 'cmr10' (cmr10.ttf) normal normal 400 normal>) = 10.335
2026-06-26 14:40:18,824 DEBUG matplotlib.font_manager: findfont: score(<Font 'cmtt10' (cmtt10.ttf) normal normal 400 normal>) = 10.335
2026-06-26 14:40:18,824 DEBUG matplotlib.font_manager: findfont: score(<Font 'STIXNonUnicode' (STIXNonUni.ttf) normal normal 400 normal>) = 0.33499999999999996
2026-06-26 14:40:18,824 DEBUG matplotlib.font_manager: findfont: score(<Font 'DejaVu Sans Mono' (DejaVuSansMono-BoldOblique.ttf) oblique normal 700 normal>) = 11.05
2026-06-26 14:40:18,824 DEBUG matplotlib.font_manager: findfont: score(<Font 'cmsy10' (cmsy10.ttf) normal normal 400 normal>) = 10.335
2026-06-26 14:40:18,824 DEBUG matplotlib.font_manager: findfont: score(<Font 'DejaVu Serif' (DejaVuSerif-Bold.ttf) normal normal 700 normal>) = 10.05
2026-06-26 14:40:18,825 DEBUG matplotlib.font_manager: findfont: score(<Font 'DejaVu Serif' (DejaVuSerif.ttf) normal normal 400 normal>) = 10.335
2026-06-26 14:40:18,825 DEBUG matplotlib.font_manager: findfont: score(<Font 'DejaVu Sans' (DejaVuSans-BoldOblique.ttf) oblique normal 700 normal>) = 11.05
2026-06-26 14:40:18,825 DEBUG matplotlib.font_manager: findfont: score(<Font 'STIXNonUnicode' (STIXNonUniBol.ttf) normal normal 700 normal>) = 0.05
2026-06-26 14:40:18,825 DEBUG matplotlib.font_manager: findfont: score(<Font 'STIXSizeFiveSym' (STIXSizFiveSymReg.ttf) normal normal 400 normal>) = 10.335
2026-06-26 14:40:18,825 DEBUG matplotlib.font_manager: findfont: score(<Font 'DejaVu Sans' (DejaVuSans-Bold.ttf) normal normal 700 normal>) = 10.05
2026-06-26 14:40:18,825 DEBUG matplotlib.font_manager: findfont: score(<Font 'cmss10' (cmss10.ttf) normal normal 400 normal>) = 10.335
2026-06-26 14:40:18,825 DEBUG matplotlib.font_manager: findfont: score(<Font 'DejaVu Serif' (DejaVuSerif-BoldItalic.ttf) italic normal 700 normal>) = 11.05
2026-06-26 14:40:18,825 DEBUG matplotlib.font_manager: findfont: score(<Font 'DejaVu Sans Mono' (DejaVuSansMono-Oblique.ttf) oblique normal 400 normal>) = 11.335
2026-06-26 14:40:18,825 DEBUG matplotlib.font_manager: findfont: score(<Font 'cmb10' (cmb10.ttf) normal normal 400 normal>) = 10.335
2026-06-26 14:40:18,825 DEBUG matplotlib.font_manager: findfont: score(<Font 'STIXSizeTwoSym' (STIXSizTwoSymReg.ttf) normal normal 400 normal>) = 10.335
2026-06-26 14:40:18,825 DEBUG matplotlib.font_manager: findfont: score(<Font 'DejaVu Sans' (DejaVuSans.ttf) normal normal 400 normal>) = 10.335
2026-06-26 14:40:18,825 DEBUG matplotlib.font_manager: findfont: score(<Font 'DejaVu Sans Mono' (DejaVuSansMono.ttf) normal normal 400 normal>) = 10.335
2026-06-26 14:40:18,825 DEBUG matplotlib.font_manager: findfont: score(<Font 'STIXGeneral' (STIXGeneralItalic.ttf) italic normal 400 normal>) = 11.335
2026-06-26 14:40:18,825 DEBUG matplotlib.font_manager: findfont: score(<Font 'STIXNonUnicode' (STIXNonUniBolIta.ttf) italic normal 700 normal>) = 1.05
2026-06-26 14:40:18,825 DEBUG matplotlib.font_manager: findfont: score(<Font 'STIXSizeThreeSym' (STIXSizThreeSymReg.ttf) normal normal 400 normal>) = 10.335
2026-06-26 14:40:18,825 DEBUG matplotlib.font_manager: findfont: score(<Font 'STIXGeneral' (STIXGeneralBol.ttf) normal normal 700 normal>) = 10.05
2026-06-26 14:40:18,825 DEBUG matplotlib.font_manager: findfont: score(<Font 'STIXGeneral' (STIXGeneralBolIta.ttf) italic normal 700 normal>) = 11.05
2026-06-26 14:40:18,825 DEBUG matplotlib.font_manager: findfont: score(<Font 'DejaVu Serif Display' (DejaVuSerifDisplay.ttf) normal normal 400 normal>) = 10.335
2026-06-26 14:40:18,825 DEBUG matplotlib.font_manager: findfont: score(<Font 'STIXSizeFourSym' (STIXSizFourSymBol.ttf) normal normal 700 normal>) = 10.05
2026-06-26 14:40:18,825 DEBUG matplotlib.font_manager: findfont: score(<Font 'STIXGeneral' (STIXGeneral.ttf) normal normal 400 normal>) = 10.335
2026-06-26 14:40:18,825 DEBUG matplotlib.font_manager: findfont: score(<Font 'STIXSizeThreeSym' (STIXSizThreeSymBol.ttf) normal normal 700 normal>) = 10.05
2026-06-26 14:40:18,825 DEBUG matplotlib.font_manager: findfont: score(<Font 'DejaVu Sans' (DejaVuSans-Oblique.ttf) oblique normal 400 normal>) = 11.335
2026-06-26 14:40:18,825 DEBUG matplotlib.font_manager: findfont: score(<Font 'cmmi10' (cmmi10.ttf) normal normal 400 normal>) = 10.335
2026-06-26 14:40:18,825 DEBUG matplotlib.font_manager: findfont: score(<Font 'STIXSizeTwoSym' (STIXSizTwoSymBol.ttf) normal normal 700 normal>) = 10.05
2026-06-26 14:40:18,825 DEBUG matplotlib.font_manager: findfont: score(<Font 'cmex10' (cmex10.ttf) normal normal 400 normal>) = 10.335
2026-06-26 14:40:18,825 DEBUG matplotlib.font_manager: findfont: score(<Font 'DejaVu Sans Mono' (DejaVuSansMono-Bold.ttf) normal normal 700 normal>) = 10.05
2026-06-26 14:40:18,825 DEBUG matplotlib.font_manager: findfont: score(<Font 'DejaVu Serif' (DejaVuSerif-Italic.ttf) italic normal 400 normal>) = 11.335
2026-06-26 14:40:18,825 DEBUG matplotlib.font_manager: findfont: score(<Font 'STIXSizeFourSym' (STIXSizFourSymReg.ttf) normal normal 400 normal>) = 10.335
2026-06-26 14:40:18,825 DEBUG matplotlib.font_manager: findfont: score(<Font 'STIXSizeOneSym' (STIXSizOneSymReg.ttf) normal normal 400 normal>) = 10.335
2026-06-26 14:40:18,825 DEBUG matplotlib.font_manager: findfont: score(<Font 'STIXSizeOneSym' (STIXSizOneSymBol.ttf) normal normal 700 normal>) = 10.05
2026-06-26 14:40:18,825 DEBUG matplotlib.font_manager: findfont: score(<Font 'DejaVu Serif' (DejaVuSerif-Bold.ttf) normal normal 700 normal>) = 10.05
2026-06-26 14:40:18,825 DEBUG matplotlib.font_manager: findfont: score(<Font 'DejaVu Sans' (DejaVuSans-Bold.ttf) normal normal 700 normal>) = 10.05
2026-06-26 14:40:18,825 DEBUG matplotlib.font_manager: findfont: score(<Font 'DejaVu Sans Mono' (DejaVuSansMono.ttf) normal normal 400 normal>) = 10.335
2026-06-26 14:40:18,825 DEBUG matplotlib.font_manager: findfont: score(<Font 'DejaVu Sans' (DejaVuSans.ttf) normal normal 400 normal>) = 10.335
2026-06-26 14:40:18,825 DEBUG matplotlib.font_manager: findfont: score(<Font 'DejaVu Sans Mono' (DejaVuSansMono-Bold.ttf) normal normal 700 normal>) = 10.05
2026-06-26 14:40:18,826 DEBUG matplotlib.font_manager: findfont: score(<Font 'DejaVu Serif' (DejaVuSerif.ttf) normal normal 400 normal>) = 10.335
2026-06-26 14:40:18,826 DEBUG matplotlib.font_manager: findfont: Matching STIXNonUnicode:style=normal:variant=normal:weight=bold:stretch=normal:size=10.0 to STIXNonUnicode ('/tmp/_MEItUlqXx/matplotlib/mpl-data/fonts/ttf/STIXNonUniBol.ttf') with score of 0.050000.
2026-06-26 14:40:18,826 DEBUG matplotlib.font_manager: findfont: Matching STIXSizeOneSym:style=normal:variant=normal:weight=normal:stretch=normal:size=10.0.
2026-06-26 14:40:18,826 DEBUG matplotlib.font_manager: findfont: score(<Font 'STIXNonUnicode' (STIXNonUniIta.ttf) italic normal 400 normal>) = 11.05
2026-06-26 14:40:18,826 DEBUG matplotlib.font_manager: findfont: score(<Font 'DejaVu Sans Display' (DejaVuSansDisplay.ttf) normal normal 400 normal>) = 10.05
2026-06-26 14:40:18,826 DEBUG matplotlib.font_manager: findfont: score(<Font 'cmr10' (cmr10.ttf) normal normal 400 normal>) = 10.05
2026-06-26 14:40:18,826 DEBUG matplotlib.font_manager: findfont: score(<Font 'cmtt10' (cmtt10.ttf) normal normal 400 normal>) = 10.05
2026-06-26 14:40:18,826 DEBUG matplotlib.font_manager: findfont: score(<Font 'STIXNonUnicode' (STIXNonUni.ttf) normal normal 400 normal>) = 10.05
2026-06-26 14:40:18,826 DEBUG matplotlib.font_manager: findfont: score(<Font 'DejaVu Sans Mono' (DejaVuSansMono-BoldOblique.ttf) oblique normal 700 normal>) = 11.335
2026-06-26 14:40:18,826 DEBUG matplotlib.font_manager: findfont: score(<Font 'cmsy10' (cmsy10.ttf) normal normal 400 normal>) = 10.05
2026-06-26 14:40:18,826 DEBUG matplotlib.font_manager: findfont: score(<Font 'DejaVu Serif' (DejaVuSerif-Bold.ttf) normal normal 700 normal>) = 10.335
2026-06-26 14:40:18,826 DEBUG matplotlib.font_manager: findfont: score(<Font 'DejaVu Serif' (DejaVuSerif.ttf) normal normal 400 normal>) = 10.05
2026-06-26 14:40:18,826 DEBUG matplotlib.font_manager: findfont: score(<Font 'DejaVu Sans' (DejaVuSans-BoldOblique.ttf) oblique normal 700 normal>) = 11.335
2026-06-26 14:40:18,826 DEBUG matplotlib.font_manager: findfont: score(<Font 'STIXNonUnicode' (STIXNonUniBol.ttf) normal normal 700 normal>) = 10.335
2026-06-26 14:40:18,826 DEBUG matplotlib.font_manager: findfont: score(<Font 'STIXSizeFiveSym' (STIXSizFiveSymReg.ttf) normal normal 400 normal>) = 10.05
2026-06-26 14:40:18,826 DEBUG matplotlib.font_manager: findfont: score(<Font 'DejaVu Sans' (DejaVuSans-Bold.ttf) normal normal 700 normal>) = 10.335
2026-06-26 14:40:18,826 DEBUG matplotlib.font_manager: findfont: score(<Font 'cmss10' (cmss10.ttf) normal normal 400 normal>) = 10.05
2026-06-26 14:40:18,826 DEBUG matplotlib.font_manager: findfont: score(<Font 'DejaVu Serif' (DejaVuSerif-BoldItalic.ttf) italic normal 700 normal>) = 11.335
2026-06-26 14:40:18,826 DEBUG matplotlib.font_manager: findfont: score(<Font 'DejaVu Sans Mono' (DejaVuSansMono-Oblique.ttf) oblique normal 400 normal>) = 11.05
2026-06-26 14:40:18,826 DEBUG matplotlib.font_manager: findfont: score(<Font 'cmb10' (cmb10.ttf) normal normal 400 normal>) = 10.05
2026-06-26 14:40:18,826 DEBUG matplotlib.font_manager: findfont: score(<Font 'STIXSizeTwoSym' (STIXSizTwoSymReg.ttf) normal normal 400 normal>) = 10.05
2026-06-26 14:40:18,826 DEBUG matplotlib.font_manager: findfont: score(<Font 'DejaVu Sans' (DejaVuSans.ttf) normal normal 400 normal>) = 10.05
2026-06-26 14:40:18,826 DEBUG matplotlib.font_manager: findfont: score(<Font 'DejaVu Sans Mono' (DejaVuSansMono.ttf) normal normal 400 normal>) = 10.05
2026-06-26 14:40:18,826 DEBUG matplotlib.font_manager: findfont: score(<Font 'STIXGeneral' (STIXGeneralItalic.ttf) italic normal 400 normal>) = 11.05
2026-06-26 14:40:18,827 DEBUG matplotlib.font_manager: findfont: score(<Font 'STIXNonUnicode' (STIXNonUniBolIta.ttf) italic normal 700 normal>) = 11.335
2026-06-26 14:40:18,827 DEBUG matplotlib.font_manager: findfont: score(<Font 'STIXSizeThreeSym' (STIXSizThreeSymReg.ttf) normal normal 400 normal>) = 10.05
2026-06-26 14:40:18,827 DEBUG matplotlib.font_manager: findfont: score(<Font 'STIXGeneral' (STIXGeneralBol.ttf) normal normal 700 normal>) = 10.335
2026-06-26 14:40:18,827 DEBUG matplotlib.font_manager: findfont: score(<Font 'STIXGeneral' (STIXGeneralBolIta.ttf) italic normal 700 normal>) = 11.335
2026-06-26 14:40:18,827 DEBUG matplotlib.font_manager: findfont: score(<Font 'DejaVu Serif Display' (DejaVuSerifDisplay.ttf) normal normal 400 normal>) = 10.05
2026-06-26 14:40:18,827 DEBUG matplotlib.font_manager: findfont: score(<Font 'STIXSizeFourSym' (STIXSizFourSymBol.ttf) normal normal 700 normal>) = 10.335
2026-06-26 14:40:18,827 DEBUG matplotlib.font_manager: findfont: score(<Font 'STIXGeneral' (STIXGeneral.ttf) normal normal 400 normal>) = 10.05
2026-06-26 14:40:18,827 DEBUG matplotlib.font_manager: findfont: score(<Font 'STIXSizeThreeSym' (STIXSizThreeSymBol.ttf) normal normal 700 normal>) = 10.335
2026-06-26 14:40:18,827 DEBUG matplotlib.font_manager: findfont: score(<Font 'DejaVu Sans' (DejaVuSans-Oblique.ttf) oblique normal 400 normal>) = 11.05
2026-06-26 14:40:18,827 DEBUG matplotlib.font_manager: findfont: score(<Font 'cmmi10' (cmmi10.ttf) normal normal 400 normal>) = 10.05
2026-06-26 14:40:18,827 DEBUG matplotlib.font_manager: findfont: score(<Font 'STIXSizeTwoSym' (STIXSizTwoSymBol.ttf) normal normal 700 normal>) = 10.335
2026-06-26 14:40:18,827 DEBUG matplotlib.font_manager: findfont: score(<Font 'cmex10' (cmex10.ttf) normal normal 400 normal>) = 10.05
2026-06-26 14:40:18,827 DEBUG matplotlib.font_manager: findfont: score(<Font 'DejaVu Sans Mono' (DejaVuSansMono-Bold.ttf) normal normal 700 normal>) = 10.335
2026-06-26 14:40:18,827 DEBUG matplotlib.font_manager: findfont: score(<Font 'DejaVu Serif' (DejaVuSerif-Italic.ttf) italic normal 400 normal>) = 11.05
2026-06-26 14:40:18,827 DEBUG matplotlib.font_manager: findfont: score(<Font 'STIXSizeFourSym' (STIXSizFourSymReg.ttf) normal normal 400 normal>) = 10.05
2026-06-26 14:40:18,827 DEBUG matplotlib.font_manager: findfont: score(<Font 'STIXSizeOneSym' (STIXSizOneSymReg.ttf) normal normal 400 normal>) = 0.05
2026-06-26 14:40:18,827 DEBUG matplotlib.font_manager: findfont: score(<Font 'STIXSizeOneSym' (STIXSizOneSymBol.ttf) normal normal 700 normal>) = 0.33499999999999996
2026-06-26 14:40:18,827 DEBUG matplotlib.font_manager: findfont: score(<Font 'DejaVu Serif' (DejaVuSerif-Bold.ttf) normal normal 700 normal>) = 10.335
2026-06-26 14:40:18,827 DEBUG matplotlib.font_manager: findfont: score(<Font 'DejaVu Sans' (DejaVuSans-Bold.ttf) normal normal 700 normal>) = 10.335
2026-06-26 14:40:18,827 DEBUG matplotlib.font_manager: findfont: score(<Font 'DejaVu Sans Mono' (DejaVuSansMono.ttf) normal normal 400 normal>) = 10.05
2026-06-26 14:40:18,827 DEBUG matplotlib.font_manager: findfont: score(<Font 'DejaVu Sans' (DejaVuSans.ttf) normal normal 400 normal>) = 10.05
2026-06-26 14:40:18,827 DEBUG matplotlib.font_manager: findfont: score(<Font 'DejaVu Sans Mono' (DejaVuSansMono-Bold.ttf) normal normal 700 normal>) = 10.335
2026-06-26 14:40:18,827 DEBUG matplotlib.font_manager: findfont: score(<Font 'DejaVu Serif' (DejaVuSerif.ttf) normal normal 400 normal>) = 10.05
2026-06-26 14:40:18,827 DEBUG matplotlib.font_manager: findfont: Matching STIXSizeOneSym:style=normal:variant=normal:weight=normal:stretch=normal:size=10.0 to STIXSizeOneSym ('/tmp/_MEItUlqXx/matplotlib/mpl-data/fonts/ttf/STIXSizOneSymReg.ttf') with score of 0.050000.
2026-06-26 14:40:18,827 DEBUG matplotlib.font_manager: findfont: Matching STIXSizeTwoSym:style=normal:variant=normal:weight=normal:stretch=normal:size=10.0.
2026-06-26 14:40:18,827 DEBUG matplotlib.font_manager: findfont: score(<Font 'STIXNonUnicode' (STIXNonUniIta.ttf) italic normal 400 normal>) = 11.05
2026-06-26 14:40:18,828 DEBUG matplotlib.font_manager: findfont: score(<Font 'DejaVu Sans Display' (DejaVuSansDisplay.ttf) normal normal 400 normal>) = 10.05
2026-06-26 14:40:18,828 DEBUG matplotlib.font_manager: findfont: score(<Font 'cmr10' (cmr10.ttf) normal normal 400 normal>) = 10.05
2026-06-26 14:40:18,828 DEBUG matplotlib.font_manager: findfont: score(<Font 'cmtt10' (cmtt10.ttf) normal normal 400 normal>) = 10.05
2026-06-26 14:40:18,828 DEBUG matplotlib.font_manager: findfont: score(<Font 'STIXNonUnicode' (STIXNonUni.ttf) normal normal 400 normal>) = 10.05
2026-06-26 14:40:18,828 DEBUG matplotlib.font_manager: findfont: score(<Font 'DejaVu Sans Mono' (DejaVuSansMono-BoldOblique.ttf) oblique normal 700 normal>) = 11.335
2026-06-26 14:40:18,828 DEBUG matplotlib.font_manager: findfont: score(<Font 'cmsy10' (cmsy10.ttf) normal normal 400 normal>) = 10.05
2026-06-26 14:40:18,828 DEBUG matplotlib.font_manager: findfont: score(<Font 'DejaVu Serif' (DejaVuSerif-Bold.ttf) normal normal 700 normal>) = 10.335
2026-06-26 14:40:18,828 DEBUG matplotlib.font_manager: findfont: score(<Font 'DejaVu Serif' (DejaVuSerif.ttf) normal normal 400 normal>) = 10.05
2026-06-26 14:40:18,828 DEBUG matplotlib.font_manager: findfont: score(<Font 'DejaVu Sans' (DejaVuSans-BoldOblique.ttf) oblique normal 700 normal>) = 11.335
2026-06-26 14:40:18,828 DEBUG matplotlib.font_manager: findfont: score(<Font 'STIXNonUnicode' (STIXNonUniBol.ttf) normal normal 700 normal>) = 10.335
2026-06-26 14:40:18,828 DEBUG matplotlib.font_manager: findfont: score(<Font 'STIXSizeFiveSym' (STIXSizFiveSymReg.ttf) normal normal 400 normal>) = 10.05
2026-06-26 14:40:18,828 DEBUG matplotlib.font_manager: findfont: score(<Font 'DejaVu Sans' (DejaVuSans-Bold.ttf) normal normal 700 normal>) = 10.335
2026-06-26 14:40:18,828 DEBUG matplotlib.font_manager: findfont: score(<Font 'cmss10' (cmss10.ttf) normal normal 400 normal>) = 10.05
2026-06-26 14:40:18,828 DEBUG matplotlib.font_manager: findfont: score(<Font 'DejaVu Serif' (DejaVuSerif-BoldItalic.ttf) italic normal 700 normal>) = 11.335
2026-06-26 14:40:18,828 DEBUG matplotlib.font_manager: findfont: score(<Font 'DejaVu Sans Mono' (DejaVuSansMono-Oblique.ttf) oblique normal 400 normal>) = 11.05
2026-06-26 14:40:18,828 DEBUG matplotlib.font_manager: findfont: score(<Font 'cmb10' (cmb10.ttf) normal normal 400 normal>) = 10.05
2026-06-26 14:40:18,828 DEBUG matplotlib.font_manager: findfont: score(<Font 'STIXSizeTwoSym' (STIXSizTwoSymReg.ttf) normal normal 400 normal>) = 0.05
2026-06-26 14:40:18,828 DEBUG matplotlib.font_manager: findfont: score(<Font 'DejaVu Sans' (DejaVuSans.ttf) normal normal 400 normal>) = 10.05
2026-06-26 14:40:18,828 DEBUG matplotlib.font_manager: findfont: score(<Font 'DejaVu Sans Mono' (DejaVuSansMono.ttf) normal normal 400 normal>) = 10.05
2026-06-26 14:40:18,828 DEBUG matplotlib.font_manager: findfont: score(<Font 'STIXGeneral' (STIXGeneralItalic.ttf) italic normal 400 normal>) = 11.05
2026-06-26 14:40:18,828 DEBUG matplotlib.font_manager: findfont: score(<Font 'STIXNonUnicode' (STIXNonUniBolIta.ttf) italic normal 700 normal>) = 11.335
2026-06-26 14:40:18,828 DEBUG matplotlib.font_manager: findfont: score(<Font 'STIXSizeThreeSym' (STIXSizThreeSymReg.ttf) normal normal 400 normal>) = 10.05
2026-06-26 14:40:18,828 DEBUG matplotlib.font_manager: findfont: score(<Font 'STIXGeneral' (STIXGeneralBol.ttf) normal normal 700 normal>) = 10.335
2026-06-26 14:40:18,828 DEBUG matplotlib.font_manager: findfont: score(<Font 'STIXGeneral' (STIXGeneralBolIta.ttf) italic normal 700 normal>) = 11.335
2026-06-26 14:40:18,828 DEBUG matplotlib.font_manager: findfont: score(<Font 'DejaVu Serif Display' (DejaVuSerifDisplay.ttf) normal normal 400 normal>) = 10.05
2026-06-26 14:40:18,828 DEBUG matplotlib.font_manager: findfont: score(<Font 'STIXSizeFourSym' (STIXSizFourSymBol.ttf) normal normal 700 normal>) = 10.335
2026-06-26 14:40:18,828 DEBUG matplotlib.font_manager: findfont: score(<Font 'STIXGeneral' (STIXGeneral.ttf) normal normal 400 normal>) = 10.05
2026-06-26 14:40:18,828 DEBUG matplotlib.font_manager: findfont: score(<Font 'STIXSizeThreeSym' (STIXSizThreeSymBol.ttf) normal normal 700 normal>) = 10.335
2026-06-26 14:40:18,828 DEBUG matplotlib.font_manager: findfont: score(<Font 'DejaVu Sans' (DejaVuSans-Oblique.ttf) oblique normal 400 normal>) = 11.05
2026-06-26 14:40:18,828 DEBUG matplotlib.font_manager: findfont: score(<Font 'cmmi10' (cmmi10.ttf) normal normal 400 normal>) = 10.05
2026-06-26 14:40:18,828 DEBUG matplotlib.font_manager: findfont: score(<Font 'STIXSizeTwoSym' (STIXSizTwoSymBol.ttf) normal normal 700 normal>) = 0.33499999999999996
2026-06-26 14:40:18,828 DEBUG matplotlib.font_manager: findfont: score(<Font 'cmex10' (cmex10.ttf) normal normal 400 normal>) = 10.05
2026-06-26 14:40:18,828 DEBUG matplotlib.font_manager: findfont: score(<Font 'DejaVu Sans Mono' (DejaVuSansMono-Bold.ttf) normal normal 700 normal>) = 10.335
2026-06-26 14:40:18,828 DEBUG matplotlib.font_manager: findfont: score(<Font 'DejaVu Serif' (DejaVuSerif-Italic.ttf) italic normal 400 normal>) = 11.05
2026-06-26 14:40:18,828 DEBUG matplotlib.font_manager: findfont: score(<Font 'STIXSizeFourSym' (STIXSizFourSymReg.ttf) normal normal 400 normal>) = 10.05
2026-06-26 14:40:18,829 DEBUG matplotlib.font_manager: findfont: score(<Font 'STIXSizeOneSym' (STIXSizOneSymReg.ttf) normal normal 400 normal>) = 10.05
2026-06-26 14:40:18,829 DEBUG matplotlib.font_manager: findfont: score(<Font 'STIXSizeOneSym' (STIXSizOneSymBol.ttf) normal normal 700 normal>) = 10.335
2026-06-26 14:40:18,829 DEBUG matplotlib.font_manager: findfont: score(<Font 'DejaVu Serif' (DejaVuSerif-Bold.ttf) normal normal 700 normal>) = 10.335
2026-06-26 14:40:18,829 DEBUG matplotlib.font_manager: findfont: score(<Font 'DejaVu Sans' (DejaVuSans-Bold.ttf) normal normal 700 normal>) = 10.335
2026-06-26 14:40:18,829 DEBUG matplotlib.font_manager: findfont: score(<Font 'DejaVu Sans Mono' (DejaVuSansMono.ttf) normal normal 400 normal>) = 10.05
2026-06-26 14:40:18,829 DEBUG matplotlib.font_manager: findfont: score(<Font 'DejaVu Sans' (DejaVuSans.ttf) normal normal 400 normal>) = 10.05
2026-06-26 14:40:18,829 DEBUG matplotlib.font_manager: findfont: score(<Font 'DejaVu Sans Mono' (DejaVuSansMono-Bold.ttf) normal normal 700 normal>) = 10.335
2026-06-26 14:40:18,829 DEBUG matplotlib.font_manager: findfont: score(<Font 'DejaVu Serif' (DejaVuSerif.ttf) normal normal 400 normal>) = 10.05
2026-06-26 14:40:18,829 DEBUG matplotlib.font_manager: findfont: Matching STIXSizeTwoSym:style=normal:variant=normal:weight=normal:stretch=normal:size=10.0 to STIXSizeTwoSym ('/tmp/_MEItUlqXx/matplotlib/mpl-data/fonts/ttf/STIXSizTwoSymReg.ttf') with score of 0.050000.
2026-06-26 14:40:18,829 DEBUG matplotlib.font_manager: findfont: Matching STIXSizeThreeSym:style=normal:variant=normal:weight=normal:stretch=normal:size=10.0.
2026-06-26 14:40:18,829 DEBUG matplotlib.font_manager: findfont: score(<Font 'STIXNonUnicode' (STIXNonUniIta.ttf) italic normal 400 normal>) = 11.05
2026-06-26 14:40:18,829 DEBUG matplotlib.font_manager: findfont: score(<Font 'DejaVu Sans Display' (DejaVuSansDisplay.ttf) normal normal 400 normal>) = 10.05
2026-06-26 14:40:18,829 DEBUG matplotlib.font_manager: findfont: score(<Font 'cmr10' (cmr10.ttf) normal normal 400 normal>) = 10.05
2026-06-26 14:40:18,829 DEBUG matplotlib.font_manager: findfont: score(<Font 'cmtt10' (cmtt10.ttf) normal normal 400 normal>) = 10.05
2026-06-26 14:40:18,829 DEBUG matplotlib.font_manager: findfont: score(<Font 'STIXNonUnicode' (STIXNonUni.ttf) normal normal 400 normal>) = 10.05
2026-06-26 14:40:18,829 DEBUG matplotlib.font_manager: findfont: score(<Font 'DejaVu Sans Mono' (DejaVuSansMono-BoldOblique.ttf) oblique normal 700 normal>) = 11.335
2026-06-26 14:40:18,829 DEBUG matplotlib.font_manager: findfont: score(<Font 'cmsy10' (cmsy10.ttf) normal normal 400 normal>) = 10.05
2026-06-26 14:40:18,829 DEBUG matplotlib.font_manager: findfont: score(<Font 'DejaVu Serif' (DejaVuSerif-Bold.ttf) normal normal 700 normal>) = 10.335
2026-06-26 14:40:18,829 DEBUG matplotlib.font_manager: findfont: score(<Font 'DejaVu Serif' (DejaVuSerif.ttf) normal normal 400 normal>) = 10.05
2026-06-26 14:40:18,829 DEBUG matplotlib.font_manager: findfont: score(<Font 'DejaVu Sans' (DejaVuSans-BoldOblique.ttf) oblique normal 700 normal>) = 11.335
2026-06-26 14:40:18,829 DEBUG matplotlib.font_manager: findfont: score(<Font 'STIXNonUnicode' (STIXNonUniBol.ttf) normal normal 700 normal>) = 10.335
2026-06-26 14:40:18,829 DEBUG matplotlib.font_manager: findfont: score(<Font 'STIXSizeFiveSym' (STIXSizFiveSymReg.ttf) normal normal 400 normal>) = 10.05
2026-06-26 14:40:18,829 DEBUG matplotlib.font_manager: findfont: score(<Font 'DejaVu Sans' (DejaVuSans-Bold.ttf) normal normal 700 normal>) = 10.335
2026-06-26 14:40:18,829 DEBUG matplotlib.font_manager: findfont: score(<Font 'cmss10' (cmss10.ttf) normal normal 400 normal>) = 10.05
2026-06-26 14:40:18,829 DEBUG matplotlib.font_manager: findfont: score(<Font 'DejaVu Serif' (DejaVuSerif-BoldItalic.ttf) italic normal 700 normal>) = 11.335
2026-06-26 14:40:18,829 DEBUG matplotlib.font_manager: findfont: score(<Font 'DejaVu Sans Mono' (DejaVuSansMono-Oblique.ttf) oblique normal 400 normal>) = 11.05
2026-06-26 14:40:18,830 DEBUG matplotlib.font_manager: findfont: score(<Font 'cmb10' (cmb10.ttf) normal normal 400 normal>) = 10.05
2026-06-26 14:40:18,830 DEBUG matplotlib.font_manager: findfont: score(<Font 'STIXSizeTwoSym' (STIXSizTwoSymReg.ttf) normal normal 400 normal>) = 10.05
2026-06-26 14:40:18,830 DEBUG matplotlib.font_manager: findfont: score(<Font 'DejaVu Sans' (DejaVuSans.ttf) normal normal 400 normal>) = 10.05
2026-06-26 14:40:18,830 DEBUG matplotlib.font_manager: findfont: score(<Font 'DejaVu Sans Mono' (DejaVuSansMono.ttf) normal normal 400 normal>) = 10.05
2026-06-26 14:40:18,830 DEBUG matplotlib.font_manager: findfont: score(<Font 'STIXGeneral' (STIXGeneralItalic.ttf) italic normal 400 normal>) = 11.05
2026-06-26 14:40:18,830 DEBUG matplotlib.font_manager: findfont: score(<Font 'STIXNonUnicode' (STIXNonUniBolIta.ttf) italic normal 700 normal>) = 11.335
2026-06-26 14:40:18,830 DEBUG matplotlib.font_manager: findfont: score(<Font 'STIXSizeThreeSym' (STIXSizThreeSymReg.ttf) normal normal 400 normal>) = 0.05
2026-06-26 14:40:18,830 DEBUG matplotlib.font_manager: findfont: score(<Font 'STIXGeneral' (STIXGeneralBol.ttf) normal normal 700 normal>) = 10.335
2026-06-26 14:40:18,830 DEBUG matplotlib.font_manager: findfont: score(<Font 'STIXGeneral' (STIXGeneralBolIta.ttf) italic normal 700 normal>) = 11.335
2026-06-26 14:40:18,830 DEBUG matplotlib.font_manager: findfont: score(<Font 'DejaVu Serif Display' (DejaVuSerifDisplay.ttf) normal normal 400 normal>) = 10.05
2026-06-26 14:40:18,830 DEBUG matplotlib.font_manager: findfont: score(<Font 'STIXSizeFourSym' (STIXSizFourSymBol.ttf) normal normal 700 normal>) = 10.335
2026-06-26 14:40:18,830 DEBUG matplotlib.font_manager: findfont: score(<Font 'STIXGeneral' (STIXGeneral.ttf) normal normal 400 normal>) = 10.05
2026-06-26 14:40:18,830 DEBUG matplotlib.font_manager: findfont: score(<Font 'STIXSizeThreeSym' (STIXSizThreeSymBol.ttf) normal normal 700 normal>) = 0.33499999999999996
2026-06-26 14:40:18,830 DEBUG matplotlib.font_manager: findfont: score(<Font 'DejaVu Sans' (DejaVuSans-Oblique.ttf) oblique normal 400 normal>) = 11.05
2026-06-26 14:40:18,830 DEBUG matplotlib.font_manager: findfont: score(<Font 'cmmi10' (cmmi10.ttf) normal normal 400 normal>) = 10.05
2026-06-26 14:40:18,830 DEBUG matplotlib.font_manager: findfont: score(<Font 'STIXSizeTwoSym' (STIXSizTwoSymBol.ttf) normal normal 700 normal>) = 10.335
2026-06-26 14:40:18,830 DEBUG matplotlib.font_manager: findfont: score(<Font 'cmex10' (cmex10.ttf) normal normal 400 normal>) = 10.05
2026-06-26 14:40:18,830 DEBUG matplotlib.font_manager: findfont: score(<Font 'DejaVu Sans Mono' (DejaVuSansMono-Bold.ttf) normal normal 700 normal>) = 10.335
2026-06-26 14:40:18,830 DEBUG matplotlib.font_manager: findfont: score(<Font 'DejaVu Serif' (DejaVuSerif-Italic.ttf) italic normal 400 normal>) = 11.05
2026-06-26 14:40:18,830 DEBUG matplotlib.font_manager: findfont: score(<Font 'STIXSizeFourSym' (STIXSizFourSymReg.ttf) normal normal 400 normal>) = 10.05
2026-06-26 14:40:18,830 DEBUG matplotlib.font_manager: findfont: score(<Font 'STIXSizeOneSym' (STIXSizOneSymReg.ttf) normal normal 400 normal>) = 10.05
2026-06-26 14:40:18,830 DEBUG matplotlib.font_manager: findfont: score(<Font 'STIXSizeOneSym' (STIXSizOneSymBol.ttf) normal normal 700 normal>) = 10.335
2026-06-26 14:40:18,830 DEBUG matplotlib.font_manager: findfont: score(<Font 'DejaVu Serif' (DejaVuSerif-Bold.ttf) normal normal 700 normal>) = 10.335
2026-06-26 14:40:18,830 DEBUG matplotlib.font_manager: findfont: score(<Font 'DejaVu Sans' (DejaVuSans-Bold.ttf) normal normal 700 normal>) = 10.335
2026-06-26 14:40:18,830 DEBUG matplotlib.font_manager: findfont: score(<Font 'DejaVu Sans Mono' (DejaVuSansMono.ttf) normal normal 400 normal>) = 10.05
2026-06-26 14:40:18,830 DEBUG matplotlib.font_manager: findfont: score(<Font 'DejaVu Sans' (DejaVuSans.ttf) normal normal 400 normal>) = 10.05
2026-06-26 14:40:18,830 DEBUG matplotlib.font_manager: findfont: score(<Font 'DejaVu Sans Mono' (DejaVuSansMono-Bold.ttf) normal normal 700 normal>) = 10.335
2026-06-26 14:40:18,830 DEBUG matplotlib.font_manager: findfont: score(<Font 'DejaVu Serif' (DejaVuSerif.ttf) normal normal 400 normal>) = 10.05
2026-06-26 14:40:18,830 DEBUG matplotlib.font_manager: findfont: Matching STIXSizeThreeSym:style=normal:variant=normal:weight=normal:stretch=normal:size=10.0 to STIXSizeThreeSym ('/tmp/_MEItUlqXx/matplotlib/mpl-data/fonts/ttf/STIXSizThreeSymReg.ttf') with score of 0.050000.
2026-06-26 14:40:18,831 DEBUG matplotlib.font_manager: findfont: Matching STIXSizeFourSym:style=normal:variant=normal:weight=normal:stretch=normal:size=10.0.
2026-06-26 14:40:18,831 DEBUG matplotlib.font_manager: findfont: score(<Font 'STIXNonUnicode' (STIXNonUniIta.ttf) italic normal 400 normal>) = 11.05
2026-06-26 14:40:18,831 DEBUG matplotlib.font_manager: findfont: score(<Font 'DejaVu Sans Display' (DejaVuSansDisplay.ttf) normal normal 400 normal>) = 10.05
2026-06-26 14:40:18,831 DEBUG matplotlib.font_manager: findfont: score(<Font 'cmr10' (cmr10.ttf) normal normal 400 normal>) = 10.05
2026-06-26 14:40:18,831 DEBUG matplotlib.font_manager: findfont: score(<Font 'cmtt10' (cmtt10.ttf) normal normal 400 normal>) = 10.05
2026-06-26 14:40:18,831 DEBUG matplotlib.font_manager: findfont: score(<Font 'STIXNonUnicode' (STIXNonUni.ttf) normal normal 400 normal>) = 10.05
2026-06-26 14:40:18,831 DEBUG matplotlib.font_manager: findfont: score(<Font 'DejaVu Sans Mono' (DejaVuSansMono-BoldOblique.ttf) oblique normal 700 normal>) = 11.335
2026-06-26 14:40:18,831 DEBUG matplotlib.font_manager: findfont: score(<Font 'cmsy10' (cmsy10.ttf) normal normal 400 normal>) = 10.05
2026-06-26 14:40:18,831 DEBUG matplotlib.font_manager: findfont: score(<Font 'DejaVu Serif' (DejaVuSerif-Bold.ttf) normal normal 700 normal>) = 10.335
2026-06-26 14:40:18,831 DEBUG matplotlib.font_manager: findfont: score(<Font 'DejaVu Serif' (DejaVuSerif.ttf) normal normal 400 normal>) = 10.05
2026-06-26 14:40:18,831 DEBUG matplotlib.font_manager: findfont: score(<Font 'DejaVu Sans' (DejaVuSans-BoldOblique.ttf) oblique normal 700 normal>) = 11.335
2026-06-26 14:40:18,831 DEBUG matplotlib.font_manager: findfont: score(<Font 'STIXNonUnicode' (STIXNonUniBol.ttf) normal normal 700 normal>) = 10.335
2026-06-26 14:40:18,831 DEBUG matplotlib.font_manager: findfont: score(<Font 'STIXSizeFiveSym' (STIXSizFiveSymReg.ttf) normal normal 400 normal>) = 10.05
2026-06-26 14:40:18,831 DEBUG matplotlib.font_manager: findfont: score(<Font 'DejaVu Sans' (DejaVuSans-Bold.ttf) normal normal 700 normal>) = 10.335
2026-06-26 14:40:18,831 DEBUG matplotlib.font_manager: findfont: score(<Font 'cmss10' (cmss10.ttf) normal normal 400 normal>) = 10.05
2026-06-26 14:40:18,831 DEBUG matplotlib.font_manager: findfont: score(<Font 'DejaVu Serif' (DejaVuSerif-BoldItalic.ttf) italic normal 700 normal>) = 11.335
2026-06-26 14:40:18,831 DEBUG matplotlib.font_manager: findfont: score(<Font 'DejaVu Sans Mono' (DejaVuSansMono-Oblique.ttf) oblique normal 400 normal>) = 11.05
2026-06-26 14:40:18,831 DEBUG matplotlib.font_manager: findfont: score(<Font 'cmb10' (cmb10.ttf) normal normal 400 normal>) = 10.05
2026-06-26 14:40:18,831 DEBUG matplotlib.font_manager: findfont: score(<Font 'STIXSizeTwoSym' (STIXSizTwoSymReg.ttf) normal normal 400 normal>) = 10.05
2026-06-26 14:40:18,831 DEBUG matplotlib.font_manager: findfont: score(<Font 'DejaVu Sans' (DejaVuSans.ttf) normal normal 400 normal>) = 10.05
2026-06-26 14:40:18,831 DEBUG matplotlib.font_manager: findfont: score(<Font 'DejaVu Sans Mono' (DejaVuSansMono.ttf) normal normal 400 normal>) = 10.05
2026-06-26 14:40:18,831 DEBUG matplotlib.font_manager: findfont: score(<Font 'STIXGeneral' (STIXGeneralItalic.ttf) italic normal 400 normal>) = 11.05
2026-06-26 14:40:18,831 DEBUG matplotlib.font_manager: findfont: score(<Font 'STIXNonUnicode' (STIXNonUniBolIta.ttf) italic normal 700 normal>) = 11.335
2026-06-26 14:40:18,831 DEBUG matplotlib.font_manager: findfont: score(<Font 'STIXSizeThreeSym' (STIXSizThreeSymReg.ttf) normal normal 400 normal>) = 10.05
2026-06-26 14:40:18,831 DEBUG matplotlib.font_manager: findfont: score(<Font 'STIXGeneral' (STIXGeneralBol.ttf) normal normal 700 normal>) = 10.335
2026-06-26 14:40:18,831 DEBUG matplotlib.font_manager: findfont: score(<Font 'STIXGeneral' (STIXGeneralBolIta.ttf) italic normal 700 normal>) = 11.335
2026-06-26 14:40:18,831 DEBUG matplotlib.font_manager: findfont: score(<Font 'DejaVu Serif Display' (DejaVuSerifDisplay.ttf) normal normal 400 normal>) = 10.05
2026-06-26 14:40:18,831 DEBUG matplotlib.font_manager: findfont: score(<Font 'STIXSizeFourSym' (STIXSizFourSymBol.ttf) normal normal 700 normal>) = 0.33499999999999996
2026-06-26 14:40:18,831 DEBUG matplotlib.font_manager: findfont: score(<Font 'STIXGeneral' (STIXGeneral.ttf) normal normal 400 normal>) = 10.05
2026-06-26 14:40:18,831 DEBUG matplotlib.font_manager: findfont: score(<Font 'STIXSizeThreeSym' (STIXSizThreeSymBol.ttf) normal normal 700 normal>) = 10.335
2026-06-26 14:40:18,831 DEBUG matplotlib.font_manager: findfont: score(<Font 'DejaVu Sans' (DejaVuSans-Oblique.ttf) oblique normal 400 normal>) = 11.05
2026-06-26 14:40:18,831 DEBUG matplotlib.font_manager: findfont: score(<Font 'cmmi10' (cmmi10.ttf) normal normal 400 normal>) = 10.05
2026-06-26 14:40:18,832 DEBUG matplotlib.font_manager: findfont: score(<Font 'STIXSizeTwoSym' (STIXSizTwoSymBol.ttf) normal normal 700 normal>) = 10.335
2026-06-26 14:40:18,832 DEBUG matplotlib.font_manager: findfont: score(<Font 'cmex10' (cmex10.ttf) normal normal 400 normal>) = 10.05
2026-06-26 14:40:18,832 DEBUG matplotlib.font_manager: findfont: score(<Font 'DejaVu Sans Mono' (DejaVuSansMono-Bold.ttf) normal normal 700 normal>) = 10.335
2026-06-26 14:40:18,832 DEBUG matplotlib.font_manager: findfont: score(<Font 'DejaVu Serif' (DejaVuSerif-Italic.ttf) italic normal 400 normal>) = 11.05
2026-06-26 14:40:18,832 DEBUG matplotlib.font_manager: findfont: score(<Font 'STIXSizeFourSym' (STIXSizFourSymReg.ttf) normal normal 400 normal>) = 0.05
2026-06-26 14:40:18,832 DEBUG matplotlib.font_manager: findfont: score(<Font 'STIXSizeOneSym' (STIXSizOneSymReg.ttf) normal normal 400 normal>) = 10.05
2026-06-26 14:40:18,832 DEBUG matplotlib.font_manager: findfont: score(<Font 'STIXSizeOneSym' (STIXSizOneSymBol.ttf) normal normal 700 normal>) = 10.335
2026-06-26 14:40:18,832 DEBUG matplotlib.font_manager: findfont: score(<Font 'DejaVu Serif' (DejaVuSerif-Bold.ttf) normal normal 700 normal>) = 10.335
2026-06-26 14:40:18,832 DEBUG matplotlib.font_manager: findfont: score(<Font 'DejaVu Sans' (DejaVuSans-Bold.ttf) normal normal 700 normal>) = 10.335
2026-06-26 14:40:18,832 DEBUG matplotlib.font_manager: findfont: score(<Font 'DejaVu Sans Mono' (DejaVuSansMono.ttf) normal normal 400 normal>) = 10.05
2026-06-26 14:40:18,832 DEBUG matplotlib.font_manager: findfont: score(<Font 'DejaVu Sans' (DejaVuSans.ttf) normal normal 400 normal>) = 10.05
2026-06-26 14:40:18,832 DEBUG matplotlib.font_manager: findfont: score(<Font 'DejaVu Sans Mono' (DejaVuSansMono-Bold.ttf) normal normal 700 normal>) = 10.335
2026-06-26 14:40:18,832 DEBUG matplotlib.font_manager: findfont: score(<Font 'DejaVu Serif' (DejaVuSerif.ttf) normal normal 400 normal>) = 10.05
2026-06-26 14:40:18,832 DEBUG matplotlib.font_manager: findfont: Matching STIXSizeFourSym:style=normal:variant=normal:weight=normal:stretch=normal:size=10.0 to STIXSizeFourSym ('/tmp/_MEItUlqXx/matplotlib/mpl-data/fonts/ttf/STIXSizFourSymReg.ttf') with score of 0.050000.
2026-06-26 14:40:18,832 DEBUG matplotlib.font_manager: findfont: Matching STIXSizeFiveSym:style=normal:variant=normal:weight=normal:stretch=normal:size=10.0.
2026-06-26 14:40:18,832 DEBUG matplotlib.font_manager: findfont: score(<Font 'STIXNonUnicode' (STIXNonUniIta.ttf) italic normal 400 normal>) = 11.05
2026-06-26 14:40:18,832 DEBUG matplotlib.font_manager: findfont: score(<Font 'DejaVu Sans Display' (DejaVuSansDisplay.ttf) normal normal 400 normal>) = 10.05
2026-06-26 14:40:18,832 DEBUG matplotlib.font_manager: findfont: score(<Font 'cmr10' (cmr10.ttf) normal normal 400 normal>) = 10.05
2026-06-26 14:40:18,832 DEBUG matplotlib.font_manager: findfont: score(<Font 'cmtt10' (cmtt10.ttf) normal normal 400 normal>) = 10.05
2026-06-26 14:40:18,832 DEBUG matplotlib.font_manager: findfont: score(<Font 'STIXNonUnicode' (STIXNonUni.ttf) normal normal 400 normal>) = 10.05
2026-06-26 14:40:18,832 DEBUG matplotlib.font_manager: findfont: score(<Font 'DejaVu Sans Mono' (DejaVuSansMono-BoldOblique.ttf) oblique normal 700 normal>) = 11.335
2026-06-26 14:40:18,832 DEBUG matplotlib.font_manager: findfont: score(<Font 'cmsy10' (cmsy10.ttf) normal normal 400 normal>) = 10.05
2026-06-26 14:40:18,832 DEBUG matplotlib.font_manager: findfont: score(<Font 'DejaVu Serif' (DejaVuSerif-Bold.ttf) normal normal 700 normal>) = 10.335
2026-06-26 14:40:18,832 DEBUG matplotlib.font_manager: findfont: score(<Font 'DejaVu Serif' (DejaVuSerif.ttf) normal normal 400 normal>) = 10.05
2026-06-26 14:40:18,832 DEBUG matplotlib.font_manager: findfont: score(<Font 'DejaVu Sans' (DejaVuSans-BoldOblique.ttf) oblique normal 700 normal>) = 11.335
2026-06-26 14:40:18,832 DEBUG matplotlib.font_manager: findfont: score(<Font 'STIXNonUnicode' (STIXNonUniBol.ttf) normal normal 700 normal>) = 10.335
2026-06-26 14:40:18,832 DEBUG matplotlib.font_manager: findfont: score(<Font 'STIXSizeFiveSym' (STIXSizFiveSymReg.ttf) normal normal 400 normal>) = 0.05
2026-06-26 14:40:18,833 DEBUG matplotlib.font_manager: findfont: score(<Font 'DejaVu Sans' (DejaVuSans-Bold.ttf) normal normal 700 normal>) = 10.335
2026-06-26 14:40:18,833 DEBUG matplotlib.font_manager: findfont: score(<Font 'cmss10' (cmss10.ttf) normal normal 400 normal>) = 10.05
2026-06-26 14:40:18,833 DEBUG matplotlib.font_manager: findfont: score(<Font 'DejaVu Serif' (DejaVuSerif-BoldItalic.ttf) italic normal 700 normal>) = 11.335
2026-06-26 14:40:18,833 DEBUG matplotlib.font_manager: findfont: score(<Font 'DejaVu Sans Mono' (DejaVuSansMono-Oblique.ttf) oblique normal 400 normal>) = 11.05
2026-06-26 14:40:18,833 DEBUG matplotlib.font_manager: findfont: score(<Font 'cmb10' (cmb10.ttf) normal normal 400 normal>) = 10.05
2026-06-26 14:40:18,833 DEBUG matplotlib.font_manager: findfont: score(<Font 'STIXSizeTwoSym' (STIXSizTwoSymReg.ttf) normal normal 400 normal>) = 10.05
2026-06-26 14:40:18,833 DEBUG matplotlib.font_manager: findfont: score(<Font 'DejaVu Sans' (DejaVuSans.ttf) normal normal 400 normal>) = 10.05
2026-06-26 14:40:18,833 DEBUG matplotlib.font_manager: findfont: score(<Font 'DejaVu Sans Mono' (DejaVuSansMono.ttf) normal normal 400 normal>) = 10.05
2026-06-26 14:40:18,833 DEBUG matplotlib.font_manager: findfont: score(<Font 'STIXGeneral' (STIXGeneralItalic.ttf) italic normal 400 normal>) = 11.05
2026-06-26 14:40:18,833 DEBUG matplotlib.font_manager: findfont: score(<Font 'STIXNonUnicode' (STIXNonUniBolIta.ttf) italic normal 700 normal>) = 11.335
2026-06-26 14:40:18,833 DEBUG matplotlib.font_manager: findfont: score(<Font 'STIXSizeThreeSym' (STIXSizThreeSymReg.ttf) normal normal 400 normal>) = 10.05
2026-06-26 14:40:18,833 DEBUG matplotlib.font_manager: findfont: score(<Font 'STIXGeneral' (STIXGeneralBol.ttf) normal normal 700 normal>) = 10.335
2026-06-26 14:40:18,833 DEBUG matplotlib.font_manager: findfont: score(<Font 'STIXGeneral' (STIXGeneralBolIta.ttf) italic normal 700 normal>) = 11.335
2026-06-26 14:40:18,833 DEBUG matplotlib.font_manager: findfont: score(<Font 'DejaVu Serif Display' (DejaVuSerifDisplay.ttf) normal normal 400 normal>) = 10.05
2026-06-26 14:40:18,833 DEBUG matplotlib.font_manager: findfont: score(<Font 'STIXSizeFourSym' (STIXSizFourSymBol.ttf) normal normal 700 normal>) = 10.335
2026-06-26 14:40:18,833 DEBUG matplotlib.font_manager: findfont: score(<Font 'STIXGeneral' (STIXGeneral.ttf) normal normal 400 normal>) = 10.05
2026-06-26 14:40:18,833 DEBUG matplotlib.font_manager: findfont: score(<Font 'STIXSizeThreeSym' (STIXSizThreeSymBol.ttf) normal normal 700 normal>) = 10.335
2026-06-26 14:40:18,833 DEBUG matplotlib.font_manager: findfont: score(<Font 'DejaVu Sans' (DejaVuSans-Oblique.ttf) oblique normal 400 normal>) = 11.05
2026-06-26 14:40:18,833 DEBUG matplotlib.font_manager: findfont: score(<Font 'cmmi10' (cmmi10.ttf) normal normal 400 normal>) = 10.05
2026-06-26 14:40:18,833 DEBUG matplotlib.font_manager: findfont: score(<Font 'STIXSizeTwoSym' (STIXSizTwoSymBol.ttf) normal normal 700 normal>) = 10.335
2026-06-26 14:40:18,833 DEBUG matplotlib.font_manager: findfont: score(<Font 'cmex10' (cmex10.ttf) normal normal 400 normal>) = 10.05
2026-06-26 14:40:18,833 DEBUG matplotlib.font_manager: findfont: score(<Font 'DejaVu Sans Mono' (DejaVuSansMono-Bold.ttf) normal normal 700 normal>) = 10.335
2026-06-26 14:40:18,833 DEBUG matplotlib.font_manager: findfont: score(<Font 'DejaVu Serif' (DejaVuSerif-Italic.ttf) italic normal 400 normal>) = 11.05
2026-06-26 14:40:18,833 DEBUG matplotlib.font_manager: findfont: score(<Font 'STIXSizeFourSym' (STIXSizFourSymReg.ttf) normal normal 400 normal>) = 10.05
2026-06-26 14:40:18,833 DEBUG matplotlib.font_manager: findfont: score(<Font 'STIXSizeOneSym' (STIXSizOneSymReg.ttf) normal normal 400 normal>) = 10.05
2026-06-26 14:40:18,833 DEBUG matplotlib.font_manager: findfont: score(<Font 'STIXSizeOneSym' (STIXSizOneSymBol.ttf) normal normal 700 normal>) = 10.335
2026-06-26 14:40:18,833 DEBUG matplotlib.font_manager: findfont: score(<Font 'DejaVu Serif' (DejaVuSerif-Bold.ttf) normal normal 700 normal>) = 10.335
2026-06-26 14:40:18,833 DEBUG matplotlib.font_manager: findfont: score(<Font 'DejaVu Sans' (DejaVuSans-Bold.ttf) normal normal 700 normal>) = 10.335
2026-06-26 14:40:18,833 DEBUG matplotlib.font_manager: findfont: score(<Font 'DejaVu Sans Mono' (DejaVuSansMono.ttf) normal normal 400 normal>) = 10.05
2026-06-26 14:40:18,833 DEBUG matplotlib.font_manager: findfont: score(<Font 'DejaVu Sans' (DejaVuSans.ttf) normal normal 400 normal>) = 10.05
2026-06-26 14:40:18,833 DEBUG matplotlib.font_manager: findfont: score(<Font 'DejaVu Sans Mono' (DejaVuSansMono-Bold.ttf) normal normal 700 normal>) = 10.335
2026-06-26 14:40:18,833 DEBUG matplotlib.font_manager: findfont: score(<Font 'DejaVu Serif' (DejaVuSerif.ttf) normal normal 400 normal>) = 10.05
2026-06-26 14:40:18,833 DEBUG matplotlib.font_manager: findfont: Matching STIXSizeFiveSym:style=normal:variant=normal:weight=normal:stretch=normal:size=10.0 to STIXSizeFiveSym ('/tmp/_MEItUlqXx/matplotlib/mpl-data/fonts/ttf/STIXSizFiveSymReg.ttf') with score of 0.050000.
2026-06-26 14:40:18,834 DEBUG matplotlib.font_manager: findfont: Matching cmsy10:style=normal:variant=normal:weight=normal:stretch=normal:size=10.0.
2026-06-26 14:40:18,834 DEBUG matplotlib.font_manager: findfont: score(<Font 'STIXNonUnicode' (STIXNonUniIta.ttf) italic normal 400 normal>) = 11.05
2026-06-26 14:40:18,834 DEBUG matplotlib.font_manager: findfont: score(<Font 'DejaVu Sans Display' (DejaVuSansDisplay.ttf) normal normal 400 normal>) = 10.05
2026-06-26 14:40:18,834 DEBUG matplotlib.font_manager: findfont: score(<Font 'cmr10' (cmr10.ttf) normal normal 400 normal>) = 10.05
2026-06-26 14:40:18,834 DEBUG matplotlib.font_manager: findfont: score(<Font 'cmtt10' (cmtt10.ttf) normal normal 400 normal>) = 10.05
2026-06-26 14:40:18,834 DEBUG matplotlib.font_manager: findfont: score(<Font 'STIXNonUnicode' (STIXNonUni.ttf) normal normal 400 normal>) = 10.05
2026-06-26 14:40:18,834 DEBUG matplotlib.font_manager: findfont: score(<Font 'DejaVu Sans Mono' (DejaVuSansMono-BoldOblique.ttf) oblique normal 700 normal>) = 11.335
2026-06-26 14:40:18,835 DEBUG matplotlib.font_manager: findfont: score(<Font 'cmsy10' (cmsy10.ttf) normal normal 400 normal>) = 0.05
2026-06-26 14:40:18,835 DEBUG matplotlib.font_manager: findfont: score(<Font 'DejaVu Serif' (DejaVuSerif-Bold.ttf) normal normal 700 normal>) = 10.335
2026-06-26 14:40:18,835 DEBUG matplotlib.font_manager: findfont: score(<Font 'DejaVu Serif' (DejaVuSerif.ttf) normal normal 400 normal>) = 10.05
2026-06-26 14:40:18,835 DEBUG matplotlib.font_manager: findfont: score(<Font 'DejaVu Sans' (DejaVuSans-BoldOblique.ttf) oblique normal 700 normal>) = 11.335
2026-06-26 14:40:18,835 DEBUG matplotlib.font_manager: findfont: score(<Font 'STIXNonUnicode' (STIXNonUniBol.ttf) normal normal 700 normal>) = 10.335
2026-06-26 14:40:18,835 DEBUG matplotlib.font_manager: findfont: score(<Font 'STIXSizeFiveSym' (STIXSizFiveSymReg.ttf) normal normal 400 normal>) = 10.05
2026-06-26 14:40:18,835 DEBUG matplotlib.font_manager: findfont: score(<Font 'DejaVu Sans' (DejaVuSans-Bold.ttf) normal normal 700 normal>) = 10.335
2026-06-26 14:40:18,835 DEBUG matplotlib.font_manager: findfont: score(<Font 'cmss10' (cmss10.ttf) normal normal 400 normal>) = 10.05
2026-06-26 14:40:18,835 DEBUG matplotlib.font_manager: findfont: score(<Font 'DejaVu Serif' (DejaVuSerif-BoldItalic.ttf) italic normal 700 normal>) = 11.335
2026-06-26 14:40:18,835 DEBUG matplotlib.font_manager: findfont: score(<Font 'DejaVu Sans Mono' (DejaVuSansMono-Oblique.ttf) oblique normal 400 normal>) = 11.05
2026-06-26 14:40:18,835 DEBUG matplotlib.font_manager: findfont: score(<Font 'cmb10' (cmb10.ttf) normal normal 400 normal>) = 10.05
2026-06-26 14:40:18,835 DEBUG matplotlib.font_manager: findfont: score(<Font 'STIXSizeTwoSym' (STIXSizTwoSymReg.ttf) normal normal 400 normal>) = 10.05
2026-06-26 14:40:18,835 DEBUG matplotlib.font_manager: findfont: score(<Font 'DejaVu Sans' (DejaVuSans.ttf) normal normal 400 normal>) = 10.05
2026-06-26 14:40:18,835 DEBUG matplotlib.font_manager: findfont: score(<Font 'DejaVu Sans Mono' (DejaVuSansMono.ttf) normal normal 400 normal>) = 10.05
2026-06-26 14:40:18,835 DEBUG matplotlib.font_manager: findfont: score(<Font 'STIXGeneral' (STIXGeneralItalic.ttf) italic normal 400 normal>) = 11.05
2026-06-26 14:40:18,835 DEBUG matplotlib.font_manager: findfont: score(<Font 'STIXNonUnicode' (STIXNonUniBolIta.ttf) italic normal 700 normal>) = 11.335
2026-06-26 14:40:18,835 DEBUG matplotlib.font_manager: findfont: score(<Font 'STIXSizeThreeSym' (STIXSizThreeSymReg.ttf) normal normal 400 normal>) = 10.05
2026-06-26 14:40:18,835 DEBUG matplotlib.font_manager: findfont: score(<Font 'STIXGeneral' (STIXGeneralBol.ttf) normal normal 700 normal>) = 10.335
2026-06-26 14:40:18,835 DEBUG matplotlib.font_manager: findfont: score(<Font 'STIXGeneral' (STIXGeneralBolIta.ttf) italic normal 700 normal>) = 11.335
2026-06-26 14:40:18,835 DEBUG matplotlib.font_manager: findfont: score(<Font 'DejaVu Serif Display' (DejaVuSerifDisplay.ttf) normal normal 400 normal>) = 10.05
2026-06-26 14:40:18,835 DEBUG matplotlib.font_manager: findfont: score(<Font 'STIXSizeFourSym' (STIXSizFourSymBol.ttf) normal normal 700 normal>) = 10.335
2026-06-26 14:40:18,835 DEBUG matplotlib.font_manager: findfont: score(<Font 'STIXGeneral' (STIXGeneral.ttf) normal normal 400 normal>) = 10.05
2026-06-26 14:40:18,835 DEBUG matplotlib.font_manager: findfont: score(<Font 'STIXSizeThreeSym' (STIXSizThreeSymBol.ttf) normal normal 700 normal>) = 10.335
2026-06-26 14:40:18,835 DEBUG matplotlib.font_manager: findfont: score(<Font 'DejaVu Sans' (DejaVuSans-Oblique.ttf) oblique normal 400 normal>) = 11.05
2026-06-26 14:40:18,835 DEBUG matplotlib.font_manager: findfont: score(<Font 'cmmi10' (cmmi10.ttf) normal normal 400 normal>) = 10.05
2026-06-26 14:40:18,835 DEBUG matplotlib.font_manager: findfont: score(<Font 'STIXSizeTwoSym' (STIXSizTwoSymBol.ttf) normal normal 700 normal>) = 10.335
2026-06-26 14:40:18,835 DEBUG matplotlib.font_manager: findfont: score(<Font 'cmex10' (cmex10.ttf) normal normal 400 normal>) = 10.05
2026-06-26 14:40:18,835 DEBUG matplotlib.font_manager: findfont: score(<Font 'DejaVu Sans Mono' (DejaVuSansMono-Bold.ttf) normal normal 700 normal>) = 10.335
2026-06-26 14:40:18,835 DEBUG matplotlib.font_manager: findfont: score(<Font 'DejaVu Serif' (DejaVuSerif-Italic.ttf) italic normal 400 normal>) = 11.05
2026-06-26 14:40:18,835 DEBUG matplotlib.font_manager: findfont: score(<Font 'STIXSizeFourSym' (STIXSizFourSymReg.ttf) normal normal 400 normal>) = 10.05
2026-06-26 14:40:18,835 DEBUG matplotlib.font_manager: findfont: score(<Font 'STIXSizeOneSym' (STIXSizOneSymReg.ttf) normal normal 400 normal>) = 10.05
2026-06-26 14:40:18,835 DEBUG matplotlib.font_manager: findfont: score(<Font 'STIXSizeOneSym' (STIXSizOneSymBol.ttf) normal normal 700 normal>) = 10.335
2026-06-26 14:40:18,835 DEBUG matplotlib.font_manager: findfont: score(<Font 'DejaVu Serif' (DejaVuSerif-Bold.ttf) normal normal 700 normal>) = 10.335
2026-06-26 14:40:18,835 DEBUG matplotlib.font_manager: findfont: score(<Font 'DejaVu Sans' (DejaVuSans-Bold.ttf) normal normal 700 normal>) = 10.335
2026-06-26 14:40:18,836 DEBUG matplotlib.font_manager: findfont: score(<Font 'DejaVu Sans Mono' (DejaVuSansMono.ttf) normal normal 400 normal>) = 10.05
2026-06-26 14:40:18,836 DEBUG matplotlib.font_manager: findfont: score(<Font 'DejaVu Sans' (DejaVuSans.ttf) normal normal 400 normal>) = 10.05
2026-06-26 14:40:18,836 DEBUG matplotlib.font_manager: findfont: score(<Font 'DejaVu Sans Mono' (DejaVuSansMono-Bold.ttf) normal normal 700 normal>) = 10.335
2026-06-26 14:40:18,836 DEBUG matplotlib.font_manager: findfont: score(<Font 'DejaVu Serif' (DejaVuSerif.ttf) normal normal 400 normal>) = 10.05
2026-06-26 14:40:18,836 DEBUG matplotlib.font_manager: findfont: Matching cmsy10:style=normal:variant=normal:weight=normal:stretch=normal:size=10.0 to cmsy10 ('/tmp/_MEItUlqXx/matplotlib/mpl-data/fonts/ttf/cmsy10.ttf') with score of 0.050000.
2026-06-26 14:40:18,836 DEBUG matplotlib.font_manager: findfont: Matching cmr10:style=normal:variant=normal:weight=normal:stretch=normal:size=10.0.
2026-06-26 14:40:18,836 DEBUG matplotlib.font_manager: findfont: score(<Font 'STIXNonUnicode' (STIXNonUniIta.ttf) italic normal 400 normal>) = 11.05
2026-06-26 14:40:18,836 DEBUG matplotlib.font_manager: findfont: score(<Font 'DejaVu Sans Display' (DejaVuSansDisplay.ttf) normal normal 400 normal>) = 10.05
2026-06-26 14:40:18,836 DEBUG matplotlib.font_manager: findfont: score(<Font 'cmr10' (cmr10.ttf) normal normal 400 normal>) = 0.05
2026-06-26 14:40:18,836 DEBUG matplotlib.font_manager: findfont: score(<Font 'cmtt10' (cmtt10.ttf) normal normal 400 normal>) = 10.05
2026-06-26 14:40:18,836 DEBUG matplotlib.font_manager: findfont: score(<Font 'STIXNonUnicode' (STIXNonUni.ttf) normal normal 400 normal>) = 10.05
2026-06-26 14:40:18,836 DEBUG matplotlib.font_manager: findfont: score(<Font 'DejaVu Sans Mono' (DejaVuSansMono-BoldOblique.ttf) oblique normal 700 normal>) = 11.335
2026-06-26 14:40:18,836 DEBUG matplotlib.font_manager: findfont: score(<Font 'cmsy10' (cmsy10.ttf) normal normal 400 normal>) = 10.05
2026-06-26 14:40:18,836 DEBUG matplotlib.font_manager: findfont: score(<Font 'DejaVu Serif' (DejaVuSerif-Bold.ttf) normal normal 700 normal>) = 10.335
2026-06-26 14:40:18,836 DEBUG matplotlib.font_manager: findfont: score(<Font 'DejaVu Serif' (DejaVuSerif.ttf) normal normal 400 normal>) = 10.05
2026-06-26 14:40:18,836 DEBUG matplotlib.font_manager: findfont: score(<Font 'DejaVu Sans' (DejaVuSans-BoldOblique.ttf) oblique normal 700 normal>) = 11.335
2026-06-26 14:40:18,836 DEBUG matplotlib.font_manager: findfont: score(<Font 'STIXNonUnicode' (STIXNonUniBol.ttf) normal normal 700 normal>) = 10.335
2026-06-26 14:40:18,836 DEBUG matplotlib.font_manager: findfont: score(<Font 'STIXSizeFiveSym' (STIXSizFiveSymReg.ttf) normal normal 400 normal>) = 10.05
2026-06-26 14:40:18,836 DEBUG matplotlib.font_manager: findfont: score(<Font 'DejaVu Sans' (DejaVuSans-Bold.ttf) normal normal 700 normal>) = 10.335
2026-06-26 14:40:18,836 DEBUG matplotlib.font_manager: findfont: score(<Font 'cmss10' (cmss10.ttf) normal normal 400 normal>) = 10.05
2026-06-26 14:40:18,836 DEBUG matplotlib.font_manager: findfont: score(<Font 'DejaVu Serif' (DejaVuSerif-BoldItalic.ttf) italic normal 700 normal>) = 11.335
2026-06-26 14:40:18,836 DEBUG matplotlib.font_manager: findfont: score(<Font 'DejaVu Sans Mono' (DejaVuSansMono-Oblique.ttf) oblique normal 400 normal>) = 11.05
2026-06-26 14:40:18,836 DEBUG matplotlib.font_manager: findfont: score(<Font 'cmb10' (cmb10.ttf) normal normal 400 normal>) = 10.05
2026-06-26 14:40:18,836 DEBUG matplotlib.font_manager: findfont: score(<Font 'STIXSizeTwoSym' (STIXSizTwoSymReg.ttf) normal normal 400 normal>) = 10.05
2026-06-26 14:40:18,836 DEBUG matplotlib.font_manager: findfont: score(<Font 'DejaVu Sans' (DejaVuSans.ttf) normal normal 400 normal>) = 10.05
2026-06-26 14:40:18,836 DEBUG matplotlib.font_manager: findfont: score(<Font 'DejaVu Sans Mono' (DejaVuSansMono.ttf) normal normal 400 normal>) = 10.05
2026-06-26 14:40:18,837 DEBUG matplotlib.font_manager: findfont: score(<Font 'STIXGeneral' (STIXGeneralItalic.ttf) italic normal 400 normal>) = 11.05
2026-06-26 14:40:18,837 DEBUG matplotlib.font_manager: findfont: score(<Font 'STIXNonUnicode' (STIXNonUniBolIta.ttf) italic normal 700 normal>) = 11.335
2026-06-26 14:40:18,837 DEBUG matplotlib.font_manager: findfont: score(<Font 'STIXSizeThreeSym' (STIXSizThreeSymReg.ttf) normal normal 400 normal>) = 10.05
2026-06-26 14:40:18,837 DEBUG matplotlib.font_manager: findfont: score(<Font 'STIXGeneral' (STIXGeneralBol.ttf) normal normal 700 normal>) = 10.335
2026-06-26 14:40:18,837 DEBUG matplotlib.font_manager: findfont: score(<Font 'STIXGeneral' (STIXGeneralBolIta.ttf) italic normal 700 normal>) = 11.335
2026-06-26 14:40:18,837 DEBUG matplotlib.font_manager: findfont: score(<Font 'DejaVu Serif Display' (DejaVuSerifDisplay.ttf) normal normal 400 normal>) = 10.05
2026-06-26 14:40:18,837 DEBUG matplotlib.font_manager: findfont: score(<Font 'STIXSizeFourSym' (STIXSizFourSymBol.ttf) normal normal 700 normal>) = 10.335
2026-06-26 14:40:18,837 DEBUG matplotlib.font_manager: findfont: score(<Font 'STIXGeneral' (STIXGeneral.ttf) normal normal 400 normal>) = 10.05
2026-06-26 14:40:18,837 DEBUG matplotlib.font_manager: findfont: score(<Font 'STIXSizeThreeSym' (STIXSizThreeSymBol.ttf) normal normal 700 normal>) = 10.335
2026-06-26 14:40:18,837 DEBUG matplotlib.font_manager: findfont: score(<Font 'DejaVu Sans' (DejaVuSans-Oblique.ttf) oblique normal 400 normal>) = 11.05
2026-06-26 14:40:18,837 DEBUG matplotlib.font_manager: findfont: score(<Font 'cmmi10' (cmmi10.ttf) normal normal 400 normal>) = 10.05
2026-06-26 14:40:18,837 DEBUG matplotlib.font_manager: findfont: score(<Font 'STIXSizeTwoSym' (STIXSizTwoSymBol.ttf) normal normal 700 normal>) = 10.335
2026-06-26 14:40:18,837 DEBUG matplotlib.font_manager: findfont: score(<Font 'cmex10' (cmex10.ttf) normal normal 400 normal>) = 10.05
2026-06-26 14:40:18,837 DEBUG matplotlib.font_manager: findfont: score(<Font 'DejaVu Sans Mono' (DejaVuSansMono-Bold.ttf) normal normal 700 normal>) = 10.335
2026-06-26 14:40:18,837 DEBUG matplotlib.font_manager: findfont: score(<Font 'DejaVu Serif' (DejaVuSerif-Italic.ttf) italic normal 400 normal>) = 11.05
2026-06-26 14:40:18,837 DEBUG matplotlib.font_manager: findfont: score(<Font 'STIXSizeFourSym' (STIXSizFourSymReg.ttf) normal normal 400 normal>) = 10.05
2026-06-26 14:40:18,837 DEBUG matplotlib.font_manager: findfont: score(<Font 'STIXSizeOneSym' (STIXSizOneSymReg.ttf) normal normal 400 normal>) = 10.05
2026-06-26 14:40:18,837 DEBUG matplotlib.font_manager: findfont: score(<Font 'STIXSizeOneSym' (STIXSizOneSymBol.ttf) normal normal 700 normal>) = 10.335
2026-06-26 14:40:18,837 DEBUG matplotlib.font_manager: findfont: score(<Font 'DejaVu Serif' (DejaVuSerif-Bold.ttf) normal normal 700 normal>) = 10.335
2026-06-26 14:40:18,837 DEBUG matplotlib.font_manager: findfont: score(<Font 'DejaVu Sans' (DejaVuSans-Bold.ttf) normal normal 700 normal>) = 10.335
2026-06-26 14:40:18,837 DEBUG matplotlib.font_manager: findfont: score(<Font 'DejaVu Sans Mono' (DejaVuSansMono.ttf) normal normal 400 normal>) = 10.05
2026-06-26 14:40:18,837 DEBUG matplotlib.font_manager: findfont: score(<Font 'DejaVu Sans' (DejaVuSans.ttf) normal normal 400 normal>) = 10.05
2026-06-26 14:40:18,837 DEBUG matplotlib.font_manager: findfont: score(<Font 'DejaVu Sans Mono' (DejaVuSansMono-Bold.ttf) normal normal 700 normal>) = 10.335
2026-06-26 14:40:18,837 DEBUG matplotlib.font_manager: findfont: score(<Font 'DejaVu Serif' (DejaVuSerif.ttf) normal normal 400 normal>) = 10.05
2026-06-26 14:40:18,837 DEBUG matplotlib.font_manager: findfont: Matching cmr10:style=normal:variant=normal:weight=normal:stretch=normal:size=10.0 to cmr10 ('/tmp/_MEItUlqXx/matplotlib/mpl-data/fonts/ttf/cmr10.ttf') with score of 0.050000.
2026-06-26 14:40:18,837 DEBUG matplotlib.font_manager: findfont: Matching cmtt10:style=normal:variant=normal:weight=normal:stretch=normal:size=10.0.
2026-06-26 14:40:18,837 DEBUG matplotlib.font_manager: findfont: score(<Font 'STIXNonUnicode' (STIXNonUniIta.ttf) italic normal 400 normal>) = 11.05
2026-06-26 14:40:18,838 DEBUG matplotlib.font_manager: findfont: score(<Font 'DejaVu Sans Display' (DejaVuSansDisplay.ttf) normal normal 400 normal>) = 10.05
2026-06-26 14:40:18,838 DEBUG matplotlib.font_manager: findfont: score(<Font 'cmr10' (cmr10.ttf) normal normal 400 normal>) = 10.05
2026-06-26 14:40:18,838 DEBUG matplotlib.font_manager: findfont: score(<Font 'cmtt10' (cmtt10.ttf) normal normal 400 normal>) = 0.05
2026-06-26 14:40:18,838 DEBUG matplotlib.font_manager: findfont: score(<Font 'STIXNonUnicode' (STIXNonUni.ttf) normal normal 400 normal>) = 10.05
2026-06-26 14:40:18,838 DEBUG matplotlib.font_manager: findfont: score(<Font 'DejaVu Sans Mono' (DejaVuSansMono-BoldOblique.ttf) oblique normal 700 normal>) = 11.335
2026-06-26 14:40:18,838 DEBUG matplotlib.font_manager: findfont: score(<Font 'cmsy10' (cmsy10.ttf) normal normal 400 normal>) = 10.05
2026-06-26 14:40:18,838 DEBUG matplotlib.font_manager: findfont: score(<Font 'DejaVu Serif' (DejaVuSerif-Bold.ttf) normal normal 700 normal>) = 10.335
2026-06-26 14:40:18,838 DEBUG matplotlib.font_manager: findfont: score(<Font 'DejaVu Serif' (DejaVuSerif.ttf) normal normal 400 normal>) = 10.05
2026-06-26 14:40:18,838 DEBUG matplotlib.font_manager: findfont: score(<Font 'DejaVu Sans' (DejaVuSans-BoldOblique.ttf) oblique normal 700 normal>) = 11.335
2026-06-26 14:40:18,838 DEBUG matplotlib.font_manager: findfont: score(<Font 'STIXNonUnicode' (STIXNonUniBol.ttf) normal normal 700 normal>) = 10.335
2026-06-26 14:40:18,838 DEBUG matplotlib.font_manager: findfont: score(<Font 'STIXSizeFiveSym' (STIXSizFiveSymReg.ttf) normal normal 400 normal>) = 10.05
2026-06-26 14:40:18,838 DEBUG matplotlib.font_manager: findfont: score(<Font 'DejaVu Sans' (DejaVuSans-Bold.ttf) normal normal 700 normal>) = 10.335
2026-06-26 14:40:18,838 DEBUG matplotlib.font_manager: findfont: score(<Font 'cmss10' (cmss10.ttf) normal normal 400 normal>) = 10.05
2026-06-26 14:40:18,838 DEBUG matplotlib.font_manager: findfont: score(<Font 'DejaVu Serif' (DejaVuSerif-BoldItalic.ttf) italic normal 700 normal>) = 11.335
2026-06-26 14:40:18,838 DEBUG matplotlib.font_manager: findfont: score(<Font 'DejaVu Sans Mono' (DejaVuSansMono-Oblique.ttf) oblique normal 400 normal>) = 11.05
2026-06-26 14:40:18,838 DEBUG matplotlib.font_manager: findfont: score(<Font 'cmb10' (cmb10.ttf) normal normal 400 normal>) = 10.05
2026-06-26 14:40:18,838 DEBUG matplotlib.font_manager: findfont: score(<Font 'STIXSizeTwoSym' (STIXSizTwoSymReg.ttf) normal normal 400 normal>) = 10.05
2026-06-26 14:40:18,838 DEBUG matplotlib.font_manager: findfont: score(<Font 'DejaVu Sans' (DejaVuSans.ttf) normal normal 400 normal>) = 10.05
2026-06-26 14:40:18,838 DEBUG matplotlib.font_manager: findfont: score(<Font 'DejaVu Sans Mono' (DejaVuSansMono.ttf) normal normal 400 normal>) = 10.05
2026-06-26 14:40:18,838 DEBUG matplotlib.font_manager: findfont: score(<Font 'STIXGeneral' (STIXGeneralItalic.ttf) italic normal 400 normal>) = 11.05
2026-06-26 14:40:18,838 DEBUG matplotlib.font_manager: findfont: score(<Font 'STIXNonUnicode' (STIXNonUniBolIta.ttf) italic normal 700 normal>) = 11.335
2026-06-26 14:40:18,838 DEBUG matplotlib.font_manager: findfont: score(<Font 'STIXSizeThreeSym' (STIXSizThreeSymReg.ttf) normal normal 400 normal>) = 10.05
2026-06-26 14:40:18,838 DEBUG matplotlib.font_manager: findfont: score(<Font 'STIXGeneral' (STIXGeneralBol.ttf) normal normal 700 normal>) = 10.335
2026-06-26 14:40:18,838 DEBUG matplotlib.font_manager: findfont: score(<Font 'STIXGeneral' (STIXGeneralBolIta.ttf) italic normal 700 normal>) = 11.335
2026-06-26 14:40:18,838 DEBUG matplotlib.font_manager: findfont: score(<Font 'DejaVu Serif Display' (DejaVuSerifDisplay.ttf) normal normal 400 normal>) = 10.05
2026-06-26 14:40:18,838 DEBUG matplotlib.font_manager: findfont: score(<Font 'STIXSizeFourSym' (STIXSizFourSymBol.ttf) normal normal 700 normal>) = 10.335
2026-06-26 14:40:18,838 DEBUG matplotlib.font_manager: findfont: score(<Font 'STIXGeneral' (STIXGeneral.ttf) normal normal 400 normal>) = 10.05
2026-06-26 14:40:18,838 DEBUG matplotlib.font_manager: findfont: score(<Font 'STIXSizeThreeSym' (STIXSizThreeSymBol.ttf) normal normal 700 normal>) = 10.335
2026-06-26 14:40:18,838 DEBUG matplotlib.font_manager: findfont: score(<Font 'DejaVu Sans' (DejaVuSans-Oblique.ttf) oblique normal 400 normal>) = 11.05
2026-06-26 14:40:18,838 DEBUG matplotlib.font_manager: findfont: score(<Font 'cmmi10' (cmmi10.ttf) normal normal 400 normal>) = 10.05
2026-06-26 14:40:18,838 DEBUG matplotlib.font_manager: findfont: score(<Font 'STIXSizeTwoSym' (STIXSizTwoSymBol.ttf) normal normal 700 normal>) = 10.335
2026-06-26 14:40:18,838 DEBUG matplotlib.font_manager: findfont: score(<Font 'cmex10' (cmex10.ttf) normal normal 400 normal>) = 10.05
2026-06-26 14:40:18,838 DEBUG matplotlib.font_manager: findfont: score(<Font 'DejaVu Sans Mono' (DejaVuSansMono-Bold.ttf) normal normal 700 normal>) = 10.335
2026-06-26 14:40:18,838 DEBUG matplotlib.font_manager: findfont: score(<Font 'DejaVu Serif' (DejaVuSerif-Italic.ttf) italic normal 400 normal>) = 11.05
2026-06-26 14:40:18,838 DEBUG matplotlib.font_manager: findfont: score(<Font 'STIXSizeFourSym' (STIXSizFourSymReg.ttf) normal normal 400 normal>) = 10.05
2026-06-26 14:40:18,839 DEBUG matplotlib.font_manager: findfont: score(<Font 'STIXSizeOneSym' (STIXSizOneSymReg.ttf) normal normal 400 normal>) = 10.05
2026-06-26 14:40:18,839 DEBUG matplotlib.font_manager: findfont: score(<Font 'STIXSizeOneSym' (STIXSizOneSymBol.ttf) normal normal 700 normal>) = 10.335
2026-06-26 14:40:18,839 DEBUG matplotlib.font_manager: findfont: score(<Font 'DejaVu Serif' (DejaVuSerif-Bold.ttf) normal normal 700 normal>) = 10.335
2026-06-26 14:40:18,839 DEBUG matplotlib.font_manager: findfont: score(<Font 'DejaVu Sans' (DejaVuSans-Bold.ttf) normal normal 700 normal>) = 10.335
2026-06-26 14:40:18,839 DEBUG matplotlib.font_manager: findfont: score(<Font 'DejaVu Sans Mono' (DejaVuSansMono.ttf) normal normal 400 normal>) = 10.05
2026-06-26 14:40:18,839 DEBUG matplotlib.font_manager: findfont: score(<Font 'DejaVu Sans' (DejaVuSans.ttf) normal normal 400 normal>) = 10.05
2026-06-26 14:40:18,839 DEBUG matplotlib.font_manager: findfont: score(<Font 'DejaVu Sans Mono' (DejaVuSansMono-Bold.ttf) normal normal 700 normal>) = 10.335
2026-06-26 14:40:18,839 DEBUG matplotlib.font_manager: findfont: score(<Font 'DejaVu Serif' (DejaVuSerif.ttf) normal normal 400 normal>) = 10.05
2026-06-26 14:40:18,839 DEBUG matplotlib.font_manager: findfont: Matching cmtt10:style=normal:variant=normal:weight=normal:stretch=normal:size=10.0 to cmtt10 ('/tmp/_MEItUlqXx/matplotlib/mpl-data/fonts/ttf/cmtt10.ttf') with score of 0.050000.
2026-06-26 14:40:18,839 DEBUG matplotlib.font_manager: findfont: Matching cmmi10:style=normal:variant=normal:weight=normal:stretch=normal:size=10.0.
2026-06-26 14:40:18,839 DEBUG matplotlib.font_manager: findfont: score(<Font 'STIXNonUnicode' (STIXNonUniIta.ttf) italic normal 400 normal>) = 11.05
2026-06-26 14:40:18,839 DEBUG matplotlib.font_manager: findfont: score(<Font 'DejaVu Sans Display' (DejaVuSansDisplay.ttf) normal normal 400 normal>) = 10.05
2026-06-26 14:40:18,839 DEBUG matplotlib.font_manager: findfont: score(<Font 'cmr10' (cmr10.ttf) normal normal 400 normal>) = 10.05
2026-06-26 14:40:18,839 DEBUG matplotlib.font_manager: findfont: score(<Font 'cmtt10' (cmtt10.ttf) normal normal 400 normal>) = 10.05
2026-06-26 14:40:18,839 DEBUG matplotlib.font_manager: findfont: score(<Font 'STIXNonUnicode' (STIXNonUni.ttf) normal normal 400 normal>) = 10.05
2026-06-26 14:40:18,839 DEBUG matplotlib.font_manager: findfont: score(<Font 'DejaVu Sans Mono' (DejaVuSansMono-BoldOblique.ttf) oblique normal 700 normal>) = 11.335
2026-06-26 14:40:18,839 DEBUG matplotlib.font_manager: findfont: score(<Font 'cmsy10' (cmsy10.ttf) normal normal 400 normal>) = 10.05
2026-06-26 14:40:18,839 DEBUG matplotlib.font_manager: findfont: score(<Font 'DejaVu Serif' (DejaVuSerif-Bold.ttf) normal normal 700 normal>) = 10.335
2026-06-26 14:40:18,839 DEBUG matplotlib.font_manager: findfont: score(<Font 'DejaVu Serif' (DejaVuSerif.ttf) normal normal 400 normal>) = 10.05
2026-06-26 14:40:18,839 DEBUG matplotlib.font_manager: findfont: score(<Font 'DejaVu Sans' (DejaVuSans-BoldOblique.ttf) oblique normal 700 normal>) = 11.335
2026-06-26 14:40:18,839 DEBUG matplotlib.font_manager: findfont: score(<Font 'STIXNonUnicode' (STIXNonUniBol.ttf) normal normal 700 normal>) = 10.335
2026-06-26 14:40:18,839 DEBUG matplotlib.font_manager: findfont: score(<Font 'STIXSizeFiveSym' (STIXSizFiveSymReg.ttf) normal normal 400 normal>) = 10.05
2026-06-26 14:40:18,839 DEBUG matplotlib.font_manager: findfont: score(<Font 'DejaVu Sans' (DejaVuSans-Bold.ttf) normal normal 700 normal>) = 10.335
2026-06-26 14:40:18,839 DEBUG matplotlib.font_manager: findfont: score(<Font 'cmss10' (cmss10.ttf) normal normal 400 normal>) = 10.05
2026-06-26 14:40:18,839 DEBUG matplotlib.font_manager: findfont: score(<Font 'DejaVu Serif' (DejaVuSerif-BoldItalic.ttf) italic normal 700 normal>) = 11.335
2026-06-26 14:40:18,839 DEBUG matplotlib.font_manager: findfont: score(<Font 'DejaVu Sans Mono' (DejaVuSansMono-Oblique.ttf) oblique normal 400 normal>) = 11.05
2026-06-26 14:40:18,840 DEBUG matplotlib.font_manager: findfont: score(<Font 'cmb10' (cmb10.ttf) normal normal 400 normal>) = 10.05
2026-06-26 14:40:18,840 DEBUG matplotlib.font_manager: findfont: score(<Font 'STIXSizeTwoSym' (STIXSizTwoSymReg.ttf) normal normal 400 normal>) = 10.05
2026-06-26 14:40:18,840 DEBUG matplotlib.font_manager: findfont: score(<Font 'DejaVu Sans' (DejaVuSans.ttf) normal normal 400 normal>) = 10.05
2026-06-26 14:40:18,840 DEBUG matplotlib.font_manager: findfont: score(<Font 'DejaVu Sans Mono' (DejaVuSansMono.ttf) normal normal 400 normal>) = 10.05
2026-06-26 14:40:18,840 DEBUG matplotlib.font_manager: findfont: score(<Font 'STIXGeneral' (STIXGeneralItalic.ttf) italic normal 400 normal>) = 11.05
2026-06-26 14:40:18,840 DEBUG matplotlib.font_manager: findfont: score(<Font 'STIXNonUnicode' (STIXNonUniBolIta.ttf) italic normal 700 normal>) = 11.335
2026-06-26 14:40:18,840 DEBUG matplotlib.font_manager: findfont: score(<Font 'STIXSizeThreeSym' (STIXSizThreeSymReg.ttf) normal normal 400 normal>) = 10.05
2026-06-26 14:40:18,840 DEBUG matplotlib.font_manager: findfont: score(<Font 'STIXGeneral' (STIXGeneralBol.ttf) normal normal 700 normal>) = 10.335
2026-06-26 14:40:18,840 DEBUG matplotlib.font_manager: findfont: score(<Font 'STIXGeneral' (STIXGeneralBolIta.ttf) italic normal 700 normal>) = 11.335
2026-06-26 14:40:18,840 DEBUG matplotlib.font_manager: findfont: score(<Font 'DejaVu Serif Display' (DejaVuSerifDisplay.ttf) normal normal 400 normal>) = 10.05
2026-06-26 14:40:18,840 DEBUG matplotlib.font_manager: findfont: score(<Font 'STIXSizeFourSym' (STIXSizFourSymBol.ttf) normal normal 700 normal>) = 10.335
2026-06-26 14:40:18,840 DEBUG matplotlib.font_manager: findfont: score(<Font 'STIXGeneral' (STIXGeneral.ttf) normal normal 400 normal>) = 10.05
2026-06-26 14:40:18,840 DEBUG matplotlib.font_manager: findfont: score(<Font 'STIXSizeThreeSym' (STIXSizThreeSymBol.ttf) normal normal 700 normal>) = 10.335
2026-06-26 14:40:18,840 DEBUG matplotlib.font_manager: findfont: score(<Font 'DejaVu Sans' (DejaVuSans-Oblique.ttf) oblique normal 400 normal>) = 11.05
2026-06-26 14:40:18,840 DEBUG matplotlib.font_manager: findfont: score(<Font 'cmmi10' (cmmi10.ttf) normal normal 400 normal>) = 0.05
2026-06-26 14:40:18,840 DEBUG matplotlib.font_manager: findfont: score(<Font 'STIXSizeTwoSym' (STIXSizTwoSymBol.ttf) normal normal 700 normal>) = 10.335
2026-06-26 14:40:18,840 DEBUG matplotlib.font_manager: findfont: score(<Font 'cmex10' (cmex10.ttf) normal normal 400 normal>) = 10.05
2026-06-26 14:40:18,840 DEBUG matplotlib.font_manager: findfont: score(<Font 'DejaVu Sans Mono' (DejaVuSansMono-Bold.ttf) normal normal 700 normal>) = 10.335
2026-06-26 14:40:18,840 DEBUG matplotlib.font_manager: findfont: score(<Font 'DejaVu Serif' (DejaVuSerif-Italic.ttf) italic normal 400 normal>) = 11.05
2026-06-26 14:40:18,840 DEBUG matplotlib.font_manager: findfont: score(<Font 'STIXSizeFourSym' (STIXSizFourSymReg.ttf) normal normal 400 normal>) = 10.05
2026-06-26 14:40:18,840 DEBUG matplotlib.font_manager: findfont: score(<Font 'STIXSizeOneSym' (STIXSizOneSymReg.ttf) normal normal 400 normal>) = 10.05
2026-06-26 14:40:18,840 DEBUG matplotlib.font_manager: findfont: score(<Font 'STIXSizeOneSym' (STIXSizOneSymBol.ttf) normal normal 700 normal>) = 10.335
2026-06-26 14:40:18,840 DEBUG matplotlib.font_manager: findfont: score(<Font 'DejaVu Serif' (DejaVuSerif-Bold.ttf) normal normal 700 normal>) = 10.335
2026-06-26 14:40:18,840 DEBUG matplotlib.font_manager: findfont: score(<Font 'DejaVu Sans' (DejaVuSans-Bold.ttf) normal normal 700 normal>) = 10.335
2026-06-26 14:40:18,840 DEBUG matplotlib.font_manager: findfont: score(<Font 'DejaVu Sans Mono' (DejaVuSansMono.ttf) normal normal 400 normal>) = 10.05
2026-06-26 14:40:18,840 DEBUG matplotlib.font_manager: findfont: score(<Font 'DejaVu Sans' (DejaVuSans.ttf) normal normal 400 normal>) = 10.05
2026-06-26 14:40:18,840 DEBUG matplotlib.font_manager: findfont: score(<Font 'DejaVu Sans Mono' (DejaVuSansMono-Bold.ttf) normal normal 700 normal>) = 10.335
2026-06-26 14:40:18,840 DEBUG matplotlib.font_manager: findfont: score(<Font 'DejaVu Serif' (DejaVuSerif.ttf) normal normal 400 normal>) = 10.05
2026-06-26 14:40:18,840 DEBUG matplotlib.font_manager: findfont: Matching cmmi10:style=normal:variant=normal:weight=normal:stretch=normal:size=10.0 to cmmi10 ('/tmp/_MEItUlqXx/matplotlib/mpl-data/fonts/ttf/cmmi10.ttf') with score of 0.050000.
2026-06-26 14:40:18,841 DEBUG matplotlib.font_manager: findfont: Matching cmb10:style=normal:variant=normal:weight=normal:stretch=normal:size=10.0.
2026-06-26 14:40:18,841 DEBUG matplotlib.font_manager: findfont: score(<Font 'STIXNonUnicode' (STIXNonUniIta.ttf) italic normal 400 normal>) = 11.05
2026-06-26 14:40:18,841 DEBUG matplotlib.font_manager: findfont: score(<Font 'DejaVu Sans Display' (DejaVuSansDisplay.ttf) normal normal 400 normal>) = 10.05
2026-06-26 14:40:18,841 DEBUG matplotlib.font_manager: findfont: score(<Font 'cmr10' (cmr10.ttf) normal normal 400 normal>) = 10.05
2026-06-26 14:40:18,841 DEBUG matplotlib.font_manager: findfont: score(<Font 'cmtt10' (cmtt10.ttf) normal normal 400 normal>) = 10.05
2026-06-26 14:40:18,841 DEBUG matplotlib.font_manager: findfont: score(<Font 'STIXNonUnicode' (STIXNonUni.ttf) normal normal 400 normal>) = 10.05
2026-06-26 14:40:18,841 DEBUG matplotlib.font_manager: findfont: score(<Font 'DejaVu Sans Mono' (DejaVuSansMono-BoldOblique.ttf) oblique normal 700 normal>) = 11.335
2026-06-26 14:40:18,841 DEBUG matplotlib.font_manager: findfont: score(<Font 'cmsy10' (cmsy10.ttf) normal normal 400 normal>) = 10.05
2026-06-26 14:40:18,841 DEBUG matplotlib.font_manager: findfont: score(<Font 'DejaVu Serif' (DejaVuSerif-Bold.ttf) normal normal 700 normal>) = 10.335
2026-06-26 14:40:18,841 DEBUG matplotlib.font_manager: findfont: score(<Font 'DejaVu Serif' (DejaVuSerif.ttf) normal normal 400 normal>) = 10.05
2026-06-26 14:40:18,841 DEBUG matplotlib.font_manager: findfont: score(<Font 'DejaVu Sans' (DejaVuSans-BoldOblique.ttf) oblique normal 700 normal>) = 11.335
2026-06-26 14:40:18,841 DEBUG matplotlib.font_manager: findfont: score(<Font 'STIXNonUnicode' (STIXNonUniBol.ttf) normal normal 700 normal>) = 10.335
2026-06-26 14:40:18,841 DEBUG matplotlib.font_manager: findfont: score(<Font 'STIXSizeFiveSym' (STIXSizFiveSymReg.ttf) normal normal 400 normal>) = 10.05
2026-06-26 14:40:18,841 DEBUG matplotlib.font_manager: findfont: score(<Font 'DejaVu Sans' (DejaVuSans-Bold.ttf) normal normal 700 normal>) = 10.335
2026-06-26 14:40:18,841 DEBUG matplotlib.font_manager: findfont: score(<Font 'cmss10' (cmss10.ttf) normal normal 400 normal>) = 10.05
2026-06-26 14:40:18,841 DEBUG matplotlib.font_manager: findfont: score(<Font 'DejaVu Serif' (DejaVuSerif-BoldItalic.ttf) italic normal 700 normal>) = 11.335
2026-06-26 14:40:18,841 DEBUG matplotlib.font_manager: findfont: score(<Font 'DejaVu Sans Mono' (DejaVuSansMono-Oblique.ttf) oblique normal 400 normal>) = 11.05
2026-06-26 14:40:18,841 DEBUG matplotlib.font_manager: findfont: score(<Font 'cmb10' (cmb10.ttf) normal normal 400 normal>) = 0.05
2026-06-26 14:40:18,841 DEBUG matplotlib.font_manager: findfont: score(<Font 'STIXSizeTwoSym' (STIXSizTwoSymReg.ttf) normal normal 400 normal>) = 10.05
2026-06-26 14:40:18,841 DEBUG matplotlib.font_manager: findfont: score(<Font 'DejaVu Sans' (DejaVuSans.ttf) normal normal 400 normal>) = 10.05
2026-06-26 14:40:18,841 DEBUG matplotlib.font_manager: findfont: score(<Font 'DejaVu Sans Mono' (DejaVuSansMono.ttf) normal normal 400 normal>) = 10.05
2026-06-26 14:40:18,841 DEBUG matplotlib.font_manager: findfont: score(<Font 'STIXGeneral' (STIXGeneralItalic.ttf) italic normal 400 normal>) = 11.05
2026-06-26 14:40:18,841 DEBUG matplotlib.font_manager: findfont: score(<Font 'STIXNonUnicode' (STIXNonUniBolIta.ttf) italic normal 700 normal>) = 11.335
2026-06-26 14:40:18,841 DEBUG matplotlib.font_manager: findfont: score(<Font 'STIXSizeThreeSym' (STIXSizThreeSymReg.ttf) normal normal 400 normal>) = 10.05
2026-06-26 14:40:18,841 DEBUG matplotlib.font_manager: findfont: score(<Font 'STIXGeneral' (STIXGeneralBol.ttf) normal normal 700 normal>) = 10.335
2026-06-26 14:40:18,841 DEBUG matplotlib.font_manager: findfont: score(<Font 'STIXGeneral' (STIXGeneralBolIta.ttf) italic normal 700 normal>) = 11.335
2026-06-26 14:40:18,841 DEBUG matplotlib.font_manager: findfont: score(<Font 'DejaVu Serif Display' (DejaVuSerifDisplay.ttf) normal normal 400 normal>) = 10.05
2026-06-26 14:40:18,841 DEBUG matplotlib.font_manager: findfont: score(<Font 'STIXSizeFourSym' (STIXSizFourSymBol.ttf) normal normal 700 normal>) = 10.335
2026-06-26 14:40:18,841 DEBUG matplotlib.font_manager: findfont: score(<Font 'STIXGeneral' (STIXGeneral.ttf) normal normal 400 normal>) = 10.05
2026-06-26 14:40:18,841 DEBUG matplotlib.font_manager: findfont: score(<Font 'STIXSizeThreeSym' (STIXSizThreeSymBol.ttf) normal normal 700 normal>) = 10.335
2026-06-26 14:40:18,841 DEBUG matplotlib.font_manager: findfont: score(<Font 'DejaVu Sans' (DejaVuSans-Oblique.ttf) oblique normal 400 normal>) = 11.05
2026-06-26 14:40:18,841 DEBUG matplotlib.font_manager: findfont: score(<Font 'cmmi10' (cmmi10.ttf) normal normal 400 normal>) = 10.05
2026-06-26 14:40:18,841 DEBUG matplotlib.font_manager: findfont: score(<Font 'STIXSizeTwoSym' (STIXSizTwoSymBol.ttf) normal normal 700 normal>) = 10.335
2026-06-26 14:40:18,842 DEBUG matplotlib.font_manager: findfont: score(<Font 'cmex10' (cmex10.ttf) normal normal 400 normal>) = 10.05
2026-06-26 14:40:18,842 DEBUG matplotlib.font_manager: findfont: score(<Font 'DejaVu Sans Mono' (DejaVuSansMono-Bold.ttf) normal normal 700 normal>) = 10.335
2026-06-26 14:40:18,842 DEBUG matplotlib.font_manager: findfont: score(<Font 'DejaVu Serif' (DejaVuSerif-Italic.ttf) italic normal 400 normal>) = 11.05
2026-06-26 14:40:18,842 DEBUG matplotlib.font_manager: findfont: score(<Font 'STIXSizeFourSym' (STIXSizFourSymReg.ttf) normal normal 400 normal>) = 10.05
2026-06-26 14:40:18,842 DEBUG matplotlib.font_manager: findfont: score(<Font 'STIXSizeOneSym' (STIXSizOneSymReg.ttf) normal normal 400 normal>) = 10.05
2026-06-26 14:40:18,842 DEBUG matplotlib.font_manager: findfont: score(<Font 'STIXSizeOneSym' (STIXSizOneSymBol.ttf) normal normal 700 normal>) = 10.335
2026-06-26 14:40:18,842 DEBUG matplotlib.font_manager: findfont: score(<Font 'DejaVu Serif' (DejaVuSerif-Bold.ttf) normal normal 700 normal>) = 10.335
2026-06-26 14:40:18,842 DEBUG matplotlib.font_manager: findfont: score(<Font 'DejaVu Sans' (DejaVuSans-Bold.ttf) normal normal 700 normal>) = 10.335
2026-06-26 14:40:18,842 DEBUG matplotlib.font_manager: findfont: score(<Font 'DejaVu Sans Mono' (DejaVuSansMono.ttf) normal normal 400 normal>) = 10.05
2026-06-26 14:40:18,842 DEBUG matplotlib.font_manager: findfont: score(<Font 'DejaVu Sans' (DejaVuSans.ttf) normal normal 400 normal>) = 10.05
2026-06-26 14:40:18,842 DEBUG matplotlib.font_manager: findfont: score(<Font 'DejaVu Sans Mono' (DejaVuSansMono-Bold.ttf) normal normal 700 normal>) = 10.335
2026-06-26 14:40:18,842 DEBUG matplotlib.font_manager: findfont: score(<Font 'DejaVu Serif' (DejaVuSerif.ttf) normal normal 400 normal>) = 10.05
2026-06-26 14:40:18,842 DEBUG matplotlib.font_manager: findfont: Matching cmb10:style=normal:variant=normal:weight=normal:stretch=normal:size=10.0 to cmb10 ('/tmp/_MEItUlqXx/matplotlib/mpl-data/fonts/ttf/cmb10.ttf') with score of 0.050000.
2026-06-26 14:40:18,842 DEBUG matplotlib.font_manager: findfont: Matching cmss10:style=normal:variant=normal:weight=normal:stretch=normal:size=10.0.
2026-06-26 14:40:18,842 DEBUG matplotlib.font_manager: findfont: score(<Font 'STIXNonUnicode' (STIXNonUniIta.ttf) italic normal 400 normal>) = 11.05
2026-06-26 14:40:18,842 DEBUG matplotlib.font_manager: findfont: score(<Font 'DejaVu Sans Display' (DejaVuSansDisplay.ttf) normal normal 400 normal>) = 10.05
2026-06-26 14:40:18,842 DEBUG matplotlib.font_manager: findfont: score(<Font 'cmr10' (cmr10.ttf) normal normal 400 normal>) = 10.05
2026-06-26 14:40:18,842 DEBUG matplotlib.font_manager: findfont: score(<Font 'cmtt10' (cmtt10.ttf) normal normal 400 normal>) = 10.05
2026-06-26 14:40:18,842 DEBUG matplotlib.font_manager: findfont: score(<Font 'STIXNonUnicode' (STIXNonUni.ttf) normal normal 400 normal>) = 10.05
2026-06-26 14:40:18,842 DEBUG matplotlib.font_manager: findfont: score(<Font 'DejaVu Sans Mono' (DejaVuSansMono-BoldOblique.ttf) oblique normal 700 normal>) = 11.335
2026-06-26 14:40:18,842 DEBUG matplotlib.font_manager: findfont: score(<Font 'cmsy10' (cmsy10.ttf) normal normal 400 normal>) = 10.05
2026-06-26 14:40:18,842 DEBUG matplotlib.font_manager: findfont: score(<Font 'DejaVu Serif' (DejaVuSerif-Bold.ttf) normal normal 700 normal>) = 10.335
2026-06-26 14:40:18,842 DEBUG matplotlib.font_manager: findfont: score(<Font 'DejaVu Serif' (DejaVuSerif.ttf) normal normal 400 normal>) = 10.05
2026-06-26 14:40:18,842 DEBUG matplotlib.font_manager: findfont: score(<Font 'DejaVu Sans' (DejaVuSans-BoldOblique.ttf) oblique normal 700 normal>) = 11.335
2026-06-26 14:40:18,842 DEBUG matplotlib.font_manager: findfont: score(<Font 'STIXNonUnicode' (STIXNonUniBol.ttf) normal normal 700 normal>) = 10.335
2026-06-26 14:40:18,842 DEBUG matplotlib.font_manager: findfont: score(<Font 'STIXSizeFiveSym' (STIXSizFiveSymReg.ttf) normal normal 400 normal>) = 10.05
2026-06-26 14:40:18,842 DEBUG matplotlib.font_manager: findfont: score(<Font 'DejaVu Sans' (DejaVuSans-Bold.ttf) normal normal 700 normal>) = 10.335
2026-06-26 14:40:18,843 DEBUG matplotlib.font_manager: findfont: score(<Font 'cmss10' (cmss10.ttf) normal normal 400 normal>) = 0.05
2026-06-26 14:40:18,843 DEBUG matplotlib.font_manager: findfont: score(<Font 'DejaVu Serif' (DejaVuSerif-BoldItalic.ttf) italic normal 700 normal>) = 11.335
2026-06-26 14:40:18,843 DEBUG matplotlib.font_manager: findfont: score(<Font 'DejaVu Sans Mono' (DejaVuSansMono-Oblique.ttf) oblique normal 400 normal>) = 11.05
2026-06-26 14:40:18,843 DEBUG matplotlib.font_manager: findfont: score(<Font 'cmb10' (cmb10.ttf) normal normal 400 normal>) = 10.05
2026-06-26 14:40:18,843 DEBUG matplotlib.font_manager: findfont: score(<Font 'STIXSizeTwoSym' (STIXSizTwoSymReg.ttf) normal normal 400 normal>) = 10.05
2026-06-26 14:40:18,843 DEBUG matplotlib.font_manager: findfont: score(<Font 'DejaVu Sans' (DejaVuSans.ttf) normal normal 400 normal>) = 10.05
2026-06-26 14:40:18,843 DEBUG matplotlib.font_manager: findfont: score(<Font 'DejaVu Sans Mono' (DejaVuSansMono.ttf) normal normal 400 normal>) = 10.05
2026-06-26 14:40:18,843 DEBUG matplotlib.font_manager: findfont: score(<Font 'STIXGeneral' (STIXGeneralItalic.ttf) italic normal 400 normal>) = 11.05
2026-06-26 14:40:18,843 DEBUG matplotlib.font_manager: findfont: score(<Font 'STIXNonUnicode' (STIXNonUniBolIta.ttf) italic normal 700 normal>) = 11.335
2026-06-26 14:40:18,843 DEBUG matplotlib.font_manager: findfont: score(<Font 'STIXSizeThreeSym' (STIXSizThreeSymReg.ttf) normal normal 400 normal>) = 10.05
2026-06-26 14:40:18,843 DEBUG matplotlib.font_manager: findfont: score(<Font 'STIXGeneral' (STIXGeneralBol.ttf) normal normal 700 normal>) = 10.335
2026-06-26 14:40:18,843 DEBUG matplotlib.font_manager: findfont: score(<Font 'STIXGeneral' (STIXGeneralBolIta.ttf) italic normal 700 normal>) = 11.335
2026-06-26 14:40:18,843 DEBUG matplotlib.font_manager: findfont: score(<Font 'DejaVu Serif Display' (DejaVuSerifDisplay.ttf) normal normal 400 normal>) = 10.05
2026-06-26 14:40:18,843 DEBUG matplotlib.font_manager: findfont: score(<Font 'STIXSizeFourSym' (STIXSizFourSymBol.ttf) normal normal 700 normal>) = 10.335
2026-06-26 14:40:18,843 DEBUG matplotlib.font_manager: findfont: score(<Font 'STIXGeneral' (STIXGeneral.ttf) normal normal 400 normal>) = 10.05
2026-06-26 14:40:18,843 DEBUG matplotlib.font_manager: findfont: score(<Font 'STIXSizeThreeSym' (STIXSizThreeSymBol.ttf) normal normal 700 normal>) = 10.335
2026-06-26 14:40:18,843 DEBUG matplotlib.font_manager: findfont: score(<Font 'DejaVu Sans' (DejaVuSans-Oblique.ttf) oblique normal 400 normal>) = 11.05
2026-06-26 14:40:18,843 DEBUG matplotlib.font_manager: findfont: score(<Font 'cmmi10' (cmmi10.ttf) normal normal 400 normal>) = 10.05
2026-06-26 14:40:18,843 DEBUG matplotlib.font_manager: findfont: score(<Font 'STIXSizeTwoSym' (STIXSizTwoSymBol.ttf) normal normal 700 normal>) = 10.335
2026-06-26 14:40:18,843 DEBUG matplotlib.font_manager: findfont: score(<Font 'cmex10' (cmex10.ttf) normal normal 400 normal>) = 10.05
2026-06-26 14:40:18,843 DEBUG matplotlib.font_manager: findfont: score(<Font 'DejaVu Sans Mono' (DejaVuSansMono-Bold.ttf) normal normal 700 normal>) = 10.335
2026-06-26 14:40:18,843 DEBUG matplotlib.font_manager: findfont: score(<Font 'DejaVu Serif' (DejaVuSerif-Italic.ttf) italic normal 400 normal>) = 11.05
2026-06-26 14:40:18,843 DEBUG matplotlib.font_manager: findfont: score(<Font 'STIXSizeFourSym' (STIXSizFourSymReg.ttf) normal normal 400 normal>) = 10.05
2026-06-26 14:40:18,843 DEBUG matplotlib.font_manager: findfont: score(<Font 'STIXSizeOneSym' (STIXSizOneSymReg.ttf) normal normal 400 normal>) = 10.05
2026-06-26 14:40:18,843 DEBUG matplotlib.font_manager: findfont: score(<Font 'STIXSizeOneSym' (STIXSizOneSymBol.ttf) normal normal 700 normal>) = 10.335
2026-06-26 14:40:18,843 DEBUG matplotlib.font_manager: findfont: score(<Font 'DejaVu Serif' (DejaVuSerif-Bold.ttf) normal normal 700 normal>) = 10.335
2026-06-26 14:40:18,843 DEBUG matplotlib.font_manager: findfont: score(<Font 'DejaVu Sans' (DejaVuSans-Bold.ttf) normal normal 700 normal>) = 10.335
2026-06-26 14:40:18,843 DEBUG matplotlib.font_manager: findfont: score(<Font 'DejaVu Sans Mono' (DejaVuSansMono.ttf) normal normal 400 normal>) = 10.05
2026-06-26 14:40:18,843 DEBUG matplotlib.font_manager: findfont: score(<Font 'DejaVu Sans' (DejaVuSans.ttf) normal normal 400 normal>) = 10.05
2026-06-26 14:40:18,843 DEBUG matplotlib.font_manager: findfont: score(<Font 'DejaVu Sans Mono' (DejaVuSansMono-Bold.ttf) normal normal 700 normal>) = 10.335
2026-06-26 14:40:18,843 DEBUG matplotlib.font_manager: findfont: score(<Font 'DejaVu Serif' (DejaVuSerif.ttf) normal normal 400 normal>) = 10.05
2026-06-26 14:40:18,843 DEBUG matplotlib.font_manager: findfont: Matching cmss10:style=normal:variant=normal:weight=normal:stretch=normal:size=10.0 to cmss10 ('/tmp/_MEItUlqXx/matplotlib/mpl-data/fonts/ttf/cmss10.ttf') with score of 0.050000.
2026-06-26 14:40:18,844 DEBUG matplotlib.font_manager: findfont: Matching cmex10:style=normal:variant=normal:weight=normal:stretch=normal:size=10.0.
2026-06-26 14:40:18,844 DEBUG matplotlib.font_manager: findfont: score(<Font 'STIXNonUnicode' (STIXNonUniIta.ttf) italic normal 400 normal>) = 11.05
2026-06-26 14:40:18,844 DEBUG matplotlib.font_manager: findfont: score(<Font 'DejaVu Sans Display' (DejaVuSansDisplay.ttf) normal normal 400 normal>) = 10.05
2026-06-26 14:40:18,844 DEBUG matplotlib.font_manager: findfont: score(<Font 'cmr10' (cmr10.ttf) normal normal 400 normal>) = 10.05
2026-06-26 14:40:18,844 DEBUG matplotlib.font_manager: findfont: score(<Font 'cmtt10' (cmtt10.ttf) normal normal 400 normal>) = 10.05
2026-06-26 14:40:18,844 DEBUG matplotlib.font_manager: findfont: score(<Font 'STIXNonUnicode' (STIXNonUni.ttf) normal normal 400 normal>) = 10.05
2026-06-26 14:40:18,844 DEBUG matplotlib.font_manager: findfont: score(<Font 'DejaVu Sans Mono' (DejaVuSansMono-BoldOblique.ttf) oblique normal 700 normal>) = 11.335
2026-06-26 14:40:18,844 DEBUG matplotlib.font_manager: findfont: score(<Font 'cmsy10' (cmsy10.ttf) normal normal 400 normal>) = 10.05
2026-06-26 14:40:18,844 DEBUG matplotlib.font_manager: findfont: score(<Font 'DejaVu Serif' (DejaVuSerif-Bold.ttf) normal normal 700 normal>) = 10.335
2026-06-26 14:40:18,844 DEBUG matplotlib.font_manager: findfont: score(<Font 'DejaVu Serif' (DejaVuSerif.ttf) normal normal 400 normal>) = 10.05
2026-06-26 14:40:18,844 DEBUG matplotlib.font_manager: findfont: score(<Font 'DejaVu Sans' (DejaVuSans-BoldOblique.ttf) oblique normal 700 normal>) = 11.335
2026-06-26 14:40:18,844 DEBUG matplotlib.font_manager: findfont: score(<Font 'STIXNonUnicode' (STIXNonUniBol.ttf) normal normal 700 normal>) = 10.335
2026-06-26 14:40:18,844 DEBUG matplotlib.font_manager: findfont: score(<Font 'STIXSizeFiveSym' (STIXSizFiveSymReg.ttf) normal normal 400 normal>) = 10.05
2026-06-26 14:40:18,844 DEBUG matplotlib.font_manager: findfont: score(<Font 'DejaVu Sans' (DejaVuSans-Bold.ttf) normal normal 700 normal>) = 10.335
2026-06-26 14:40:18,844 DEBUG matplotlib.font_manager: findfont: score(<Font 'cmss10' (cmss10.ttf) normal normal 400 normal>) = 10.05
2026-06-26 14:40:18,844 DEBUG matplotlib.font_manager: findfont: score(<Font 'DejaVu Serif' (DejaVuSerif-BoldItalic.ttf) italic normal 700 normal>) = 11.335
2026-06-26 14:40:18,844 DEBUG matplotlib.font_manager: findfont: score(<Font 'DejaVu Sans Mono' (DejaVuSansMono-Oblique.ttf) oblique normal 400 normal>) = 11.05
2026-06-26 14:40:18,844 DEBUG matplotlib.font_manager: findfont: score(<Font 'cmb10' (cmb10.ttf) normal normal 400 normal>) = 10.05
2026-06-26 14:40:18,844 DEBUG matplotlib.font_manager: findfont: score(<Font 'STIXSizeTwoSym' (STIXSizTwoSymReg.ttf) normal normal 400 normal>) = 10.05
2026-06-26 14:40:18,844 DEBUG matplotlib.font_manager: findfont: score(<Font 'DejaVu Sans' (DejaVuSans.ttf) normal normal 400 normal>) = 10.05
2026-06-26 14:40:18,844 DEBUG matplotlib.font_manager: findfont: score(<Font 'DejaVu Sans Mono' (DejaVuSansMono.ttf) normal normal 400 normal>) = 10.05
2026-06-26 14:40:18,844 DEBUG matplotlib.font_manager: findfont: score(<Font 'STIXGeneral' (STIXGeneralItalic.ttf) italic normal 400 normal>) = 11.05
2026-06-26 14:40:18,844 DEBUG matplotlib.font_manager: findfont: score(<Font 'STIXNonUnicode' (STIXNonUniBolIta.ttf) italic normal 700 normal>) = 11.335
2026-06-26 14:40:18,844 DEBUG matplotlib.font_manager: findfont: score(<Font 'STIXSizeThreeSym' (STIXSizThreeSymReg.ttf) normal normal 400 normal>) = 10.05
2026-06-26 14:40:18,844 DEBUG matplotlib.font_manager: findfont: score(<Font 'STIXGeneral' (STIXGeneralBol.ttf) normal normal 700 normal>) = 10.335
2026-06-26 14:40:18,844 DEBUG matplotlib.font_manager: findfont: score(<Font 'STIXGeneral' (STIXGeneralBolIta.ttf) italic normal 700 normal>) = 11.335
2026-06-26 14:40:18,844 DEBUG matplotlib.font_manager: findfont: score(<Font 'DejaVu Serif Display' (DejaVuSerifDisplay.ttf) normal normal 400 normal>) = 10.05
2026-06-26 14:40:18,844 DEBUG matplotlib.font_manager: findfont: score(<Font 'STIXSizeFourSym' (STIXSizFourSymBol.ttf) normal normal 700 normal>) = 10.335
2026-06-26 14:40:18,844 DEBUG matplotlib.font_manager: findfont: score(<Font 'STIXGeneral' (STIXGeneral.ttf) normal normal 400 normal>) = 10.05
2026-06-26 14:40:18,845 DEBUG matplotlib.font_manager: findfont: score(<Font 'STIXSizeThreeSym' (STIXSizThreeSymBol.ttf) normal normal 700 normal>) = 10.335
2026-06-26 14:40:18,845 DEBUG matplotlib.font_manager: findfont: score(<Font 'DejaVu Sans' (DejaVuSans-Oblique.ttf) oblique normal 400 normal>) = 11.05
2026-06-26 14:40:18,845 DEBUG matplotlib.font_manager: findfont: score(<Font 'cmmi10' (cmmi10.ttf) normal normal 400 normal>) = 10.05
2026-06-26 14:40:18,845 DEBUG matplotlib.font_manager: findfont: score(<Font 'STIXSizeTwoSym' (STIXSizTwoSymBol.ttf) normal normal 700 normal>) = 10.335
2026-06-26 14:40:18,845 DEBUG matplotlib.font_manager: findfont: score(<Font 'cmex10' (cmex10.ttf) normal normal 400 normal>) = 0.05
2026-06-26 14:40:18,845 DEBUG matplotlib.font_manager: findfont: score(<Font 'DejaVu Sans Mono' (DejaVuSansMono-Bold.ttf) normal normal 700 normal>) = 10.335
2026-06-26 14:40:18,845 DEBUG matplotlib.font_manager: findfont: score(<Font 'DejaVu Serif' (DejaVuSerif-Italic.ttf) italic normal 400 normal>) = 11.05
2026-06-26 14:40:18,845 DEBUG matplotlib.font_manager: findfont: score(<Font 'STIXSizeFourSym' (STIXSizFourSymReg.ttf) normal normal 400 normal>) = 10.05
2026-06-26 14:40:18,845 DEBUG matplotlib.font_manager: findfont: score(<Font 'STIXSizeOneSym' (STIXSizOneSymReg.ttf) normal normal 400 normal>) = 10.05
2026-06-26 14:40:18,845 DEBUG matplotlib.font_manager: findfont: score(<Font 'STIXSizeOneSym' (STIXSizOneSymBol.ttf) normal normal 700 normal>) = 10.335
2026-06-26 14:40:18,845 DEBUG matplotlib.font_manager: findfont: score(<Font 'DejaVu Serif' (DejaVuSerif-Bold.ttf) normal normal 700 normal>) = 10.335
2026-06-26 14:40:18,845 DEBUG matplotlib.font_manager: findfont: score(<Font 'DejaVu Sans' (DejaVuSans-Bold.ttf) normal normal 700 normal>) = 10.335
2026-06-26 14:40:18,845 DEBUG matplotlib.font_manager: findfont: score(<Font 'DejaVu Sans Mono' (DejaVuSansMono.ttf) normal normal 400 normal>) = 10.05
2026-06-26 14:40:18,845 DEBUG matplotlib.font_manager: findfont: score(<Font 'DejaVu Sans' (DejaVuSans.ttf) normal normal 400 normal>) = 10.05
2026-06-26 14:40:18,845 DEBUG matplotlib.font_manager: findfont: score(<Font 'DejaVu Sans Mono' (DejaVuSansMono-Bold.ttf) normal normal 700 normal>) = 10.335
2026-06-26 14:40:18,845 DEBUG matplotlib.font_manager: findfont: score(<Font 'DejaVu Serif' (DejaVuSerif.ttf) normal normal 400 normal>) = 10.05
2026-06-26 14:40:18,845 DEBUG matplotlib.font_manager: findfont: Matching cmex10:style=normal:variant=normal:weight=normal:stretch=normal:size=10.0 to cmex10 ('/tmp/_MEItUlqXx/matplotlib/mpl-data/fonts/ttf/cmex10.ttf') with score of 0.050000.
2026-06-26 14:40:18,845 DEBUG matplotlib.font_manager: findfont: Matching DejaVu Sans:style=normal:variant=normal:weight=normal:stretch=normal:size=10.0.
2026-06-26 14:40:18,845 DEBUG matplotlib.font_manager: findfont: score(<Font 'STIXNonUnicode' (STIXNonUniIta.ttf) italic normal 400 normal>) = 11.05
2026-06-26 14:40:18,845 DEBUG matplotlib.font_manager: findfont: score(<Font 'DejaVu Sans Display' (DejaVuSansDisplay.ttf) normal normal 400 normal>) = 10.05
2026-06-26 14:40:18,845 DEBUG matplotlib.font_manager: findfont: score(<Font 'cmr10' (cmr10.ttf) normal normal 400 normal>) = 10.05
2026-06-26 14:40:18,845 DEBUG matplotlib.font_manager: findfont: score(<Font 'cmtt10' (cmtt10.ttf) normal normal 400 normal>) = 10.05
2026-06-26 14:40:18,845 DEBUG matplotlib.font_manager: findfont: score(<Font 'STIXNonUnicode' (STIXNonUni.ttf) normal normal 400 normal>) = 10.05
2026-06-26 14:40:18,845 DEBUG matplotlib.font_manager: findfont: score(<Font 'DejaVu Sans Mono' (DejaVuSansMono-BoldOblique.ttf) oblique normal 700 normal>) = 11.335
2026-06-26 14:40:18,846 DEBUG matplotlib.font_manager: findfont: score(<Font 'cmsy10' (cmsy10.ttf) normal normal 400 normal>) = 10.05
2026-06-26 14:40:18,846 DEBUG matplotlib.font_manager: findfont: score(<Font 'DejaVu Serif' (DejaVuSerif-Bold.ttf) normal normal 700 normal>) = 10.335
2026-06-26 14:40:18,846 DEBUG matplotlib.font_manager: findfont: score(<Font 'DejaVu Serif' (DejaVuSerif.ttf) normal normal 400 normal>) = 10.05
2026-06-26 14:40:18,846 DEBUG matplotlib.font_manager: findfont: score(<Font 'DejaVu Sans' (DejaVuSans-BoldOblique.ttf) oblique normal 700 normal>) = 1.335
2026-06-26 14:40:18,846 DEBUG matplotlib.font_manager: findfont: score(<Font 'STIXNonUnicode' (STIXNonUniBol.ttf) normal normal 700 normal>) = 10.335
2026-06-26 14:40:18,846 DEBUG matplotlib.font_manager: findfont: score(<Font 'STIXSizeFiveSym' (STIXSizFiveSymReg.ttf) normal normal 400 normal>) = 10.05
2026-06-26 14:40:18,846 DEBUG matplotlib.font_manager: findfont: score(<Font 'DejaVu Sans' (DejaVuSans-Bold.ttf) normal normal 700 normal>) = 0.33499999999999996
2026-06-26 14:40:18,846 DEBUG matplotlib.font_manager: findfont: score(<Font 'cmss10' (cmss10.ttf) normal normal 400 normal>) = 10.05
2026-06-26 14:40:18,846 DEBUG matplotlib.font_manager: findfont: score(<Font 'DejaVu Serif' (DejaVuSerif-BoldItalic.ttf) italic normal 700 normal>) = 11.335
2026-06-26 14:40:18,846 DEBUG matplotlib.font_manager: findfont: score(<Font 'DejaVu Sans Mono' (DejaVuSansMono-Oblique.ttf) oblique normal 400 normal>) = 11.05
2026-06-26 14:40:18,846 DEBUG matplotlib.font_manager: findfont: score(<Font 'cmb10' (cmb10.ttf) normal normal 400 normal>) = 10.05
2026-06-26 14:40:18,846 DEBUG matplotlib.font_manager: findfont: score(<Font 'STIXSizeTwoSym' (STIXSizTwoSymReg.ttf) normal normal 400 normal>) = 10.05
2026-06-26 14:40:18,846 DEBUG matplotlib.font_manager: findfont: score(<Font 'DejaVu Sans' (DejaVuSans.ttf) normal normal 400 normal>) = 0.05
2026-06-26 14:40:18,846 DEBUG matplotlib.font_manager: findfont: score(<Font 'DejaVu Sans Mono' (DejaVuSansMono.ttf) normal normal 400 normal>) = 10.05
2026-06-26 14:40:18,846 DEBUG matplotlib.font_manager: findfont: score(<Font 'STIXGeneral' (STIXGeneralItalic.ttf) italic normal 400 normal>) = 11.05
2026-06-26 14:40:18,846 DEBUG matplotlib.font_manager: findfont: score(<Font 'STIXNonUnicode' (STIXNonUniBolIta.ttf) italic normal 700 normal>) = 11.335
2026-06-26 14:40:18,846 DEBUG matplotlib.font_manager: findfont: score(<Font 'STIXSizeThreeSym' (STIXSizThreeSymReg.ttf) normal normal 400 normal>) = 10.05
2026-06-26 14:40:18,846 DEBUG matplotlib.font_manager: findfont: score(<Font 'STIXGeneral' (STIXGeneralBol.ttf) normal normal 700 normal>) = 10.335
2026-06-26 14:40:18,846 DEBUG matplotlib.font_manager: findfont: score(<Font 'STIXGeneral' (STIXGeneralBolIta.ttf) italic normal 700 normal>) = 11.335
2026-06-26 14:40:18,846 DEBUG matplotlib.font_manager: findfont: score(<Font 'DejaVu Serif Display' (DejaVuSerifDisplay.ttf) normal normal 400 normal>) = 10.05
2026-06-26 14:40:18,846 DEBUG matplotlib.font_manager: findfont: score(<Font 'STIXSizeFourSym' (STIXSizFourSymBol.ttf) normal normal 700 normal>) = 10.335
2026-06-26 14:40:18,846 DEBUG matplotlib.font_manager: findfont: score(<Font 'STIXGeneral' (STIXGeneral.ttf) normal normal 400 normal>) = 10.05
2026-06-26 14:40:18,846 DEBUG matplotlib.font_manager: findfont: score(<Font 'STIXSizeThreeSym' (STIXSizThreeSymBol.ttf) normal normal 700 normal>) = 10.335
2026-06-26 14:40:18,846 DEBUG matplotlib.font_manager: findfont: score(<Font 'DejaVu Sans' (DejaVuSans-Oblique.ttf) oblique normal 400 normal>) = 1.05
2026-06-26 14:40:18,846 DEBUG matplotlib.font_manager: findfont: score(<Font 'cmmi10' (cmmi10.ttf) normal normal 400 normal>) = 10.05
2026-06-26 14:40:18,846 DEBUG matplotlib.font_manager: findfont: score(<Font 'STIXSizeTwoSym' (STIXSizTwoSymBol.ttf) normal normal 700 normal>) = 10.335
2026-06-26 14:40:18,846 DEBUG matplotlib.font_manager: findfont: score(<Font 'cmex10' (cmex10.ttf) normal normal 400 normal>) = 10.05
2026-06-26 14:40:18,846 DEBUG matplotlib.font_manager: findfont: score(<Font 'DejaVu Sans Mono' (DejaVuSansMono-Bold.ttf) normal normal 700 normal>) = 10.335
2026-06-26 14:40:18,846 DEBUG matplotlib.font_manager: findfont: score(<Font 'DejaVu Serif' (DejaVuSerif-Italic.ttf) italic normal 400 normal>) = 11.05
2026-06-26 14:40:18,846 DEBUG matplotlib.font_manager: findfont: score(<Font 'STIXSizeFourSym' (STIXSizFourSymReg.ttf) normal normal 400 normal>) = 10.05
2026-06-26 14:40:18,846 DEBUG matplotlib.font_manager: findfont: score(<Font 'STIXSizeOneSym' (STIXSizOneSymReg.ttf) normal normal 400 normal>) = 10.05
2026-06-26 14:40:18,846 DEBUG matplotlib.font_manager: findfont: score(<Font 'STIXSizeOneSym' (STIXSizOneSymBol.ttf) normal normal 700 normal>) = 10.335
2026-06-26 14:40:18,846 DEBUG matplotlib.font_manager: findfont: score(<Font 'DejaVu Serif' (DejaVuSerif-Bold.ttf) normal normal 700 normal>) = 10.335
2026-06-26 14:40:18,846 DEBUG matplotlib.font_manager: findfont: score(<Font 'DejaVu Sans' (DejaVuSans-Bold.ttf) normal normal 700 normal>) = 0.33499999999999996
2026-06-26 14:40:18,846 DEBUG matplotlib.font_manager: findfont: score(<Font 'DejaVu Sans Mono' (DejaVuSansMono.ttf) normal normal 400 normal>) = 10.05
2026-06-26 14:40:18,847 DEBUG matplotlib.font_manager: findfont: score(<Font 'DejaVu Sans' (DejaVuSans.ttf) normal normal 400 normal>) = 0.05
2026-06-26 14:40:18,847 DEBUG matplotlib.font_manager: findfont: score(<Font 'DejaVu Sans Mono' (DejaVuSansMono-Bold.ttf) normal normal 700 normal>) = 10.335
2026-06-26 14:40:18,847 DEBUG matplotlib.font_manager: findfont: score(<Font 'DejaVu Serif' (DejaVuSerif.ttf) normal normal 400 normal>) = 10.05
2026-06-26 14:40:18,847 DEBUG matplotlib.font_manager: findfont: Matching DejaVu Sans:style=normal:variant=normal:weight=normal:stretch=normal:size=10.0 to DejaVu Sans ('/tmp/_MEItUlqXx/matplotlib/mpl-data/fonts/ttf/DejaVuSans.ttf') with score of 0.050000.
2026-06-26 14:40:18,847 DEBUG matplotlib.font_manager: findfont: Matching DejaVu Sans:style=italic:variant=normal:weight=normal:stretch=normal:size=10.0.
2026-06-26 14:40:18,847 DEBUG matplotlib.font_manager: findfont: score(<Font 'STIXNonUnicode' (STIXNonUniIta.ttf) italic normal 400 normal>) = 10.05
2026-06-26 14:40:18,847 DEBUG matplotlib.font_manager: findfont: score(<Font 'DejaVu Sans Display' (DejaVuSansDisplay.ttf) normal normal 400 normal>) = 11.05
2026-06-26 14:40:18,847 DEBUG matplotlib.font_manager: findfont: score(<Font 'cmr10' (cmr10.ttf) normal normal 400 normal>) = 11.05
2026-06-26 14:40:18,847 DEBUG matplotlib.font_manager: findfont: score(<Font 'cmtt10' (cmtt10.ttf) normal normal 400 normal>) = 11.05
2026-06-26 14:40:18,847 DEBUG matplotlib.font_manager: findfont: score(<Font 'STIXNonUnicode' (STIXNonUni.ttf) normal normal 400 normal>) = 11.05
2026-06-26 14:40:18,847 DEBUG matplotlib.font_manager: findfont: score(<Font 'DejaVu Sans Mono' (DejaVuSansMono-BoldOblique.ttf) oblique normal 700 normal>) = 10.434999999999999
2026-06-26 14:40:18,847 DEBUG matplotlib.font_manager: findfont: score(<Font 'cmsy10' (cmsy10.ttf) normal normal 400 normal>) = 11.05
2026-06-26 14:40:18,847 DEBUG matplotlib.font_manager: findfont: score(<Font 'DejaVu Serif' (DejaVuSerif-Bold.ttf) normal normal 700 normal>) = 11.335
2026-06-26 14:40:18,847 DEBUG matplotlib.font_manager: findfont: score(<Font 'DejaVu Serif' (DejaVuSerif.ttf) normal normal 400 normal>) = 11.05
2026-06-26 14:40:18,847 DEBUG matplotlib.font_manager: findfont: score(<Font 'DejaVu Sans' (DejaVuSans-BoldOblique.ttf) oblique normal 700 normal>) = 0.43499999999999994
2026-06-26 14:40:18,847 DEBUG matplotlib.font_manager: findfont: score(<Font 'STIXNonUnicode' (STIXNonUniBol.ttf) normal normal 700 normal>) = 11.335
2026-06-26 14:40:18,847 DEBUG matplotlib.font_manager: findfont: score(<Font 'STIXSizeFiveSym' (STIXSizFiveSymReg.ttf) normal normal 400 normal>) = 11.05
2026-06-26 14:40:18,847 DEBUG matplotlib.font_manager: findfont: score(<Font 'DejaVu Sans' (DejaVuSans-Bold.ttf) normal normal 700 normal>) = 1.335
2026-06-26 14:40:18,847 DEBUG matplotlib.font_manager: findfont: score(<Font 'cmss10' (cmss10.ttf) normal normal 400 normal>) = 11.05
2026-06-26 14:40:18,847 DEBUG matplotlib.font_manager: findfont: score(<Font 'DejaVu Serif' (DejaVuSerif-BoldItalic.ttf) italic normal 700 normal>) = 10.335
2026-06-26 14:40:18,847 DEBUG matplotlib.font_manager: findfont: score(<Font 'DejaVu Sans Mono' (DejaVuSansMono-Oblique.ttf) oblique normal 400 normal>) = 10.15
2026-06-26 14:40:18,847 DEBUG matplotlib.font_manager: findfont: score(<Font 'cmb10' (cmb10.ttf) normal normal 400 normal>) = 11.05
2026-06-26 14:40:18,847 DEBUG matplotlib.font_manager: findfont: score(<Font 'STIXSizeTwoSym' (STIXSizTwoSymReg.ttf) normal normal 400 normal>) = 11.05
2026-06-26 14:40:18,848 DEBUG matplotlib.font_manager: findfont: score(<Font 'DejaVu Sans' (DejaVuSans.ttf) normal normal 400 normal>) = 1.05
2026-06-26 14:40:18,848 DEBUG matplotlib.font_manager: findfont: score(<Font 'DejaVu Sans Mono' (DejaVuSansMono.ttf) normal normal 400 normal>) = 11.05
2026-06-26 14:40:18,848 DEBUG matplotlib.font_manager: findfont: score(<Font 'STIXGeneral' (STIXGeneralItalic.ttf) italic normal 400 normal>) = 10.05
2026-06-26 14:40:18,848 DEBUG matplotlib.font_manager: findfont: score(<Font 'STIXNonUnicode' (STIXNonUniBolIta.ttf) italic normal 700 normal>) = 10.335
2026-06-26 14:40:18,848 DEBUG matplotlib.font_manager: findfont: score(<Font 'STIXSizeThreeSym' (STIXSizThreeSymReg.ttf) normal normal 400 normal>) = 11.05
2026-06-26 14:40:18,848 DEBUG matplotlib.font_manager: findfont: score(<Font 'STIXGeneral' (STIXGeneralBol.ttf) normal normal 700 normal>) = 11.335
2026-06-26 14:40:18,848 DEBUG matplotlib.font_manager: findfont: score(<Font 'STIXGeneral' (STIXGeneralBolIta.ttf) italic normal 700 normal>) = 10.335
2026-06-26 14:40:18,848 DEBUG matplotlib.font_manager: findfont: score(<Font 'DejaVu Serif Display' (DejaVuSerifDisplay.ttf) normal normal 400 normal>) = 11.05
2026-06-26 14:40:18,848 DEBUG matplotlib.font_manager: findfont: score(<Font 'STIXSizeFourSym' (STIXSizFourSymBol.ttf) normal normal 700 normal>) = 11.335
2026-06-26 14:40:18,848 DEBUG matplotlib.font_manager: findfont: score(<Font 'STIXGeneral' (STIXGeneral.ttf) normal normal 400 normal>) = 11.05
2026-06-26 14:40:18,848 DEBUG matplotlib.font_manager: findfont: score(<Font 'STIXSizeThreeSym' (STIXSizThreeSymBol.ttf) normal normal 700 normal>) = 11.335
2026-06-26 14:40:18,848 DEBUG matplotlib.font_manager: findfont: score(<Font 'DejaVu Sans' (DejaVuSans-Oblique.ttf) oblique normal 400 normal>) = 0.15000000000000002
2026-06-26 14:40:18,848 DEBUG matplotlib.font_manager: findfont: score(<Font 'cmmi10' (cmmi10.ttf) normal normal 400 normal>) = 11.05
2026-06-26 14:40:18,848 DEBUG matplotlib.font_manager: findfont: score(<Font 'STIXSizeTwoSym' (STIXSizTwoSymBol.ttf) normal normal 700 normal>) = 11.335
2026-06-26 14:40:18,848 DEBUG matplotlib.font_manager: findfont: score(<Font 'cmex10' (cmex10.ttf) normal normal 400 normal>) = 11.05
2026-06-26 14:40:18,848 DEBUG matplotlib.font_manager: findfont: score(<Font 'DejaVu Sans Mono' (DejaVuSansMono-Bold.ttf) normal normal 700 normal>) = 11.335
2026-06-26 14:40:18,848 DEBUG matplotlib.font_manager: findfont: score(<Font 'DejaVu Serif' (DejaVuSerif-Italic.ttf) italic normal 400 normal>) = 10.05
2026-06-26 14:40:18,848 DEBUG matplotlib.font_manager: findfont: score(<Font 'STIXSizeFourSym' (STIXSizFourSymReg.ttf) normal normal 400 normal>) = 11.05
2026-06-26 14:40:18,848 DEBUG matplotlib.font_manager: findfont: score(<Font 'STIXSizeOneSym' (STIXSizOneSymReg.ttf) normal normal 400 normal>) = 11.05
2026-06-26 14:40:18,848 DEBUG matplotlib.font_manager: findfont: score(<Font 'STIXSizeOneSym' (STIXSizOneSymBol.ttf) normal normal 700 normal>) = 11.335
2026-06-26 14:40:18,848 DEBUG matplotlib.font_manager: findfont: score(<Font 'DejaVu Serif' (DejaVuSerif-Bold.ttf) normal normal 700 normal>) = 11.335
2026-06-26 14:40:18,848 DEBUG matplotlib.font_manager: findfont: score(<Font 'DejaVu Sans' (DejaVuSans-Bold.ttf) normal normal 700 normal>) = 1.335
2026-06-26 14:40:18,848 DEBUG matplotlib.font_manager: findfont: score(<Font 'DejaVu Sans Mono' (DejaVuSansMono.ttf) normal normal 400 normal>) = 11.05
2026-06-26 14:40:18,848 DEBUG matplotlib.font_manager: findfont: score(<Font 'DejaVu Sans' (DejaVuSans.ttf) normal normal 400 normal>) = 1.05
2026-06-26 14:40:18,848 DEBUG matplotlib.font_manager: findfont: score(<Font 'DejaVu Sans Mono' (DejaVuSansMono-Bold.ttf) normal normal 700 normal>) = 11.335
2026-06-26 14:40:18,848 DEBUG matplotlib.font_manager: findfont: score(<Font 'DejaVu Serif' (DejaVuSerif.ttf) normal normal 400 normal>) = 11.05
2026-06-26 14:40:18,848 DEBUG matplotlib.font_manager: findfont: Matching DejaVu Sans:style=italic:variant=normal:weight=normal:stretch=normal:size=10.0 to DejaVu Sans ('/tmp/_MEItUlqXx/matplotlib/mpl-data/fonts/ttf/DejaVuSans-Oblique.ttf') with score of 0.150000.
2026-06-26 14:40:18,849 DEBUG matplotlib.font_manager: findfont: Matching DejaVu Sans:style=normal:variant=normal:weight=bold:stretch=normal:size=10.0.
2026-06-26 14:40:18,849 DEBUG matplotlib.font_manager: findfont: score(<Font 'STIXNonUnicode' (STIXNonUniIta.ttf) italic normal 400 normal>) = 11.335
2026-06-26 14:40:18,849 DEBUG matplotlib.font_manager: findfont: score(<Font 'DejaVu Sans Display' (DejaVuSansDisplay.ttf) normal normal 400 normal>) = 10.335
2026-06-26 14:40:18,849 DEBUG matplotlib.font_manager: findfont: score(<Font 'cmr10' (cmr10.ttf) normal normal 400 normal>) = 10.335
2026-06-26 14:40:18,849 DEBUG matplotlib.font_manager: findfont: score(<Font 'cmtt10' (cmtt10.ttf) normal normal 400 normal>) = 10.335
2026-06-26 14:40:18,849 DEBUG matplotlib.font_manager: findfont: score(<Font 'STIXNonUnicode' (STIXNonUni.ttf) normal normal 400 normal>) = 10.335
2026-06-26 14:40:18,849 DEBUG matplotlib.font_manager: findfont: score(<Font 'DejaVu Sans Mono' (DejaVuSansMono-BoldOblique.ttf) oblique normal 700 normal>) = 11.05
2026-06-26 14:40:18,849 DEBUG matplotlib.font_manager: findfont: score(<Font 'cmsy10' (cmsy10.ttf) normal normal 400 normal>) = 10.335
2026-06-26 14:40:18,849 DEBUG matplotlib.font_manager: findfont: score(<Font 'DejaVu Serif' (DejaVuSerif-Bold.ttf) normal normal 700 normal>) = 10.05
2026-06-26 14:40:18,849 DEBUG matplotlib.font_manager: findfont: score(<Font 'DejaVu Serif' (DejaVuSerif.ttf) normal normal 400 normal>) = 10.335
2026-06-26 14:40:18,849 DEBUG matplotlib.font_manager: findfont: score(<Font 'DejaVu Sans' (DejaVuSans-BoldOblique.ttf) oblique normal 700 normal>) = 1.05
2026-06-26 14:40:18,849 DEBUG matplotlib.font_manager: findfont: score(<Font 'STIXNonUnicode' (STIXNonUniBol.ttf) normal normal 700 normal>) = 10.05
2026-06-26 14:40:18,849 DEBUG matplotlib.font_manager: findfont: score(<Font 'STIXSizeFiveSym' (STIXSizFiveSymReg.ttf) normal normal 400 normal>) = 10.335
2026-06-26 14:40:18,849 DEBUG matplotlib.font_manager: findfont: score(<Font 'DejaVu Sans' (DejaVuSans-Bold.ttf) normal normal 700 normal>) = 0.05
2026-06-26 14:40:18,849 DEBUG matplotlib.font_manager: findfont: score(<Font 'cmss10' (cmss10.ttf) normal normal 400 normal>) = 10.335
2026-06-26 14:40:18,849 DEBUG matplotlib.font_manager: findfont: score(<Font 'DejaVu Serif' (DejaVuSerif-BoldItalic.ttf) italic normal 700 normal>) = 11.05
2026-06-26 14:40:18,849 DEBUG matplotlib.font_manager: findfont: score(<Font 'DejaVu Sans Mono' (DejaVuSansMono-Oblique.ttf) oblique normal 400 normal>) = 11.335
2026-06-26 14:40:18,849 DEBUG matplotlib.font_manager: findfont: score(<Font 'cmb10' (cmb10.ttf) normal normal 400 normal>) = 10.335
2026-06-26 14:40:18,849 DEBUG matplotlib.font_manager: findfont: score(<Font 'STIXSizeTwoSym' (STIXSizTwoSymReg.ttf) normal normal 400 normal>) = 10.335
2026-06-26 14:40:18,849 DEBUG matplotlib.font_manager: findfont: score(<Font 'DejaVu Sans' (DejaVuSans.ttf) normal normal 400 normal>) = 0.33499999999999996
2026-06-26 14:40:18,849 DEBUG matplotlib.font_manager: findfont: score(<Font 'DejaVu Sans Mono' (DejaVuSansMono.ttf) normal normal 400 normal>) = 10.335
2026-06-26 14:40:18,849 DEBUG matplotlib.font_manager: findfont: score(<Font 'STIXGeneral' (STIXGeneralItalic.ttf) italic normal 400 normal>) = 11.335
2026-06-26 14:40:18,849 DEBUG matplotlib.font_manager: findfont: score(<Font 'STIXNonUnicode' (STIXNonUniBolIta.ttf) italic normal 700 normal>) = 11.05
2026-06-26 14:40:18,849 DEBUG matplotlib.font_manager: findfont: score(<Font 'STIXSizeThreeSym' (STIXSizThreeSymReg.ttf) normal normal 400 normal>) = 10.335
2026-06-26 14:40:18,849 DEBUG matplotlib.font_manager: findfont: score(<Font 'STIXGeneral' (STIXGeneralBol.ttf) normal normal 700 normal>) = 10.05
2026-06-26 14:40:18,849 DEBUG matplotlib.font_manager: findfont: score(<Font 'STIXGeneral' (STIXGeneralBolIta.ttf) italic normal 700 normal>) = 11.05
2026-06-26 14:40:18,849 DEBUG matplotlib.font_manager: findfont: score(<Font 'DejaVu Serif Display' (DejaVuSerifDisplay.ttf) normal normal 400 normal>) = 10.335
2026-06-26 14:40:18,849 DEBUG matplotlib.font_manager: findfont: score(<Font 'STIXSizeFourSym' (STIXSizFourSymBol.ttf) normal normal 700 normal>) = 10.05
2026-06-26 14:40:18,849 DEBUG matplotlib.font_manager: findfont: score(<Font 'STIXGeneral' (STIXGeneral.ttf) normal normal 400 normal>) = 10.335
2026-06-26 14:40:18,850 DEBUG matplotlib.font_manager: findfont: score(<Font 'STIXSizeThreeSym' (STIXSizThreeSymBol.ttf) normal normal 700 normal>) = 10.05
2026-06-26 14:40:18,850 DEBUG matplotlib.font_manager: findfont: score(<Font 'DejaVu Sans' (DejaVuSans-Oblique.ttf) oblique normal 400 normal>) = 1.335
2026-06-26 14:40:18,850 DEBUG matplotlib.font_manager: findfont: score(<Font 'cmmi10' (cmmi10.ttf) normal normal 400 normal>) = 10.335
2026-06-26 14:40:18,850 DEBUG matplotlib.font_manager: findfont: score(<Font 'STIXSizeTwoSym' (STIXSizTwoSymBol.ttf) normal normal 700 normal>) = 10.05
2026-06-26 14:40:18,850 DEBUG matplotlib.font_manager: findfont: score(<Font 'cmex10' (cmex10.ttf) normal normal 400 normal>) = 10.335
2026-06-26 14:40:18,850 DEBUG matplotlib.font_manager: findfont: score(<Font 'DejaVu Sans Mono' (DejaVuSansMono-Bold.ttf) normal normal 700 normal>) = 10.05
2026-06-26 14:40:18,850 DEBUG matplotlib.font_manager: findfont: score(<Font 'DejaVu Serif' (DejaVuSerif-Italic.ttf) italic normal 400 normal>) = 11.335
2026-06-26 14:40:18,850 DEBUG matplotlib.font_manager: findfont: score(<Font 'STIXSizeFourSym' (STIXSizFourSymReg.ttf) normal normal 400 normal>) = 10.335
2026-06-26 14:40:18,850 DEBUG matplotlib.font_manager: findfont: score(<Font 'STIXSizeOneSym' (STIXSizOneSymReg.ttf) normal normal 400 normal>) = 10.335
2026-06-26 14:40:18,850 DEBUG matplotlib.font_manager: findfont: score(<Font 'STIXSizeOneSym' (STIXSizOneSymBol.ttf) normal normal 700 normal>) = 10.05
2026-06-26 14:40:18,850 DEBUG matplotlib.font_manager: findfont: score(<Font 'DejaVu Serif' (DejaVuSerif-Bold.ttf) normal normal 700 normal>) = 10.05
2026-06-26 14:40:18,850 DEBUG matplotlib.font_manager: findfont: score(<Font 'DejaVu Sans' (DejaVuSans-Bold.ttf) normal normal 700 normal>) = 0.05
2026-06-26 14:40:18,850 DEBUG matplotlib.font_manager: findfont: score(<Font 'DejaVu Sans Mono' (DejaVuSansMono.ttf) normal normal 400 normal>) = 10.335
2026-06-26 14:40:18,850 DEBUG matplotlib.font_manager: findfont: score(<Font 'DejaVu Sans' (DejaVuSans.ttf) normal normal 400 normal>) = 0.33499999999999996
2026-06-26 14:40:18,850 DEBUG matplotlib.font_manager: findfont: score(<Font 'DejaVu Sans Mono' (DejaVuSansMono-Bold.ttf) normal normal 700 normal>) = 10.05
2026-06-26 14:40:18,850 DEBUG matplotlib.font_manager: findfont: score(<Font 'DejaVu Serif' (DejaVuSerif.ttf) normal normal 400 normal>) = 10.335
2026-06-26 14:40:18,850 DEBUG matplotlib.font_manager: findfont: Matching DejaVu Sans:style=normal:variant=normal:weight=bold:stretch=normal:size=10.0 to DejaVu Sans ('/tmp/_MEItUlqXx/matplotlib/mpl-data/fonts/ttf/DejaVuSans-Bold.ttf') with score of 0.050000.
2026-06-26 14:40:18,850 DEBUG matplotlib.font_manager: findfont: Matching DejaVu Sans Mono:style=normal:variant=normal:weight=normal:stretch=normal:size=10.0.
2026-06-26 14:40:18,850 DEBUG matplotlib.font_manager: findfont: score(<Font 'STIXNonUnicode' (STIXNonUniIta.ttf) italic normal 400 normal>) = 11.05
2026-06-26 14:40:18,850 DEBUG matplotlib.font_manager: findfont: score(<Font 'DejaVu Sans Display' (DejaVuSansDisplay.ttf) normal normal 400 normal>) = 10.05
2026-06-26 14:40:18,850 DEBUG matplotlib.font_manager: findfont: score(<Font 'cmr10' (cmr10.ttf) normal normal 400 normal>) = 10.05
2026-06-26 14:40:18,850 DEBUG matplotlib.font_manager: findfont: score(<Font 'cmtt10' (cmtt10.ttf) normal normal 400 normal>) = 10.05
2026-06-26 14:40:18,850 DEBUG matplotlib.font_manager: findfont: score(<Font 'STIXNonUnicode' (STIXNonUni.ttf) normal normal 400 normal>) = 10.05
2026-06-26 14:40:18,850 DEBUG matplotlib.font_manager: findfont: score(<Font 'DejaVu Sans Mono' (DejaVuSansMono-BoldOblique.ttf) oblique normal 700 normal>) = 1.335
2026-06-26 14:40:18,850 DEBUG matplotlib.font_manager: findfont: score(<Font 'cmsy10' (cmsy10.ttf) normal normal 400 normal>) = 10.05
2026-06-26 14:40:18,850 DEBUG matplotlib.font_manager: findfont: score(<Font 'DejaVu Serif' (DejaVuSerif-Bold.ttf) normal normal 700 normal>) = 10.335
2026-06-26 14:40:18,851 DEBUG matplotlib.font_manager: findfont: score(<Font 'DejaVu Serif' (DejaVuSerif.ttf) normal normal 400 normal>) = 10.05
2026-06-26 14:40:18,851 DEBUG matplotlib.font_manager: findfont: score(<Font 'DejaVu Sans' (DejaVuSans-BoldOblique.ttf) oblique normal 700 normal>) = 11.335
2026-06-26 14:40:18,851 DEBUG matplotlib.font_manager: findfont: score(<Font 'STIXNonUnicode' (STIXNonUniBol.ttf) normal normal 700 normal>) = 10.335
2026-06-26 14:40:18,851 DEBUG matplotlib.font_manager: findfont: score(<Font 'STIXSizeFiveSym' (STIXSizFiveSymReg.ttf) normal normal 400 normal>) = 10.05
2026-06-26 14:40:18,851 DEBUG matplotlib.font_manager: findfont: score(<Font 'DejaVu Sans' (DejaVuSans-Bold.ttf) normal normal 700 normal>) = 10.335
2026-06-26 14:40:18,851 DEBUG matplotlib.font_manager: findfont: score(<Font 'cmss10' (cmss10.ttf) normal normal 400 normal>) = 10.05
2026-06-26 14:40:18,851 DEBUG matplotlib.font_manager: findfont: score(<Font 'DejaVu Serif' (DejaVuSerif-BoldItalic.ttf) italic normal 700 normal>) = 11.335
2026-06-26 14:40:18,851 DEBUG matplotlib.font_manager: findfont: score(<Font 'DejaVu Sans Mono' (DejaVuSansMono-Oblique.ttf) oblique normal 400 normal>) = 1.05
2026-06-26 14:40:18,851 DEBUG matplotlib.font_manager: findfont: score(<Font 'cmb10' (cmb10.ttf) normal normal 400 normal>) = 10.05
2026-06-26 14:40:18,851 DEBUG matplotlib.font_manager: findfont: score(<Font 'STIXSizeTwoSym' (STIXSizTwoSymReg.ttf) normal normal 400 normal>) = 10.05
2026-06-26 14:40:18,851 DEBUG matplotlib.font_manager: findfont: score(<Font 'DejaVu Sans' (DejaVuSans.ttf) normal normal 400 normal>) = 10.05
2026-06-26 14:40:18,851 DEBUG matplotlib.font_manager: findfont: score(<Font 'DejaVu Sans Mono' (DejaVuSansMono.ttf) normal normal 400 normal>) = 0.05
2026-06-26 14:40:18,851 DEBUG matplotlib.font_manager: findfont: score(<Font 'STIXGeneral' (STIXGeneralItalic.ttf) italic normal 400 normal>) = 11.05
2026-06-26 14:40:18,851 DEBUG matplotlib.font_manager: findfont: score(<Font 'STIXNonUnicode' (STIXNonUniBolIta.ttf) italic normal 700 normal>) = 11.335
2026-06-26 14:40:18,851 DEBUG matplotlib.font_manager: findfont: score(<Font 'STIXSizeThreeSym' (STIXSizThreeSymReg.ttf) normal normal 400 normal>) = 10.05
2026-06-26 14:40:18,851 DEBUG matplotlib.font_manager: findfont: score(<Font 'STIXGeneral' (STIXGeneralBol.ttf) normal normal 700 normal>) = 10.335
2026-06-26 14:40:18,851 DEBUG matplotlib.font_manager: findfont: score(<Font 'STIXGeneral' (STIXGeneralBolIta.ttf) italic normal 700 normal>) = 11.335
2026-06-26 14:40:18,851 DEBUG matplotlib.font_manager: findfont: score(<Font 'DejaVu Serif Display' (DejaVuSerifDisplay.ttf) normal normal 400 normal>) = 10.05
2026-06-26 14:40:18,851 DEBUG matplotlib.font_manager: findfont: score(<Font 'STIXSizeFourSym' (STIXSizFourSymBol.ttf) normal normal 700 normal>) = 10.335
2026-06-26 14:40:18,851 DEBUG matplotlib.font_manager: findfont: score(<Font 'STIXGeneral' (STIXGeneral.ttf) normal normal 400 normal>) = 10.05
2026-06-26 14:40:18,851 DEBUG matplotlib.font_manager: findfont: score(<Font 'STIXSizeThreeSym' (STIXSizThreeSymBol.ttf) normal normal 700 normal>) = 10.335
2026-06-26 14:40:18,851 DEBUG matplotlib.font_manager: findfont: score(<Font 'DejaVu Sans' (DejaVuSans-Oblique.ttf) oblique normal 400 normal>) = 11.05
2026-06-26 14:40:18,851 DEBUG matplotlib.font_manager: findfont: score(<Font 'cmmi10' (cmmi10.ttf) normal normal 400 normal>) = 10.05
2026-06-26 14:40:18,851 DEBUG matplotlib.font_manager: findfont: score(<Font 'STIXSizeTwoSym' (STIXSizTwoSymBol.ttf) normal normal 700 normal>) = 10.335
2026-06-26 14:40:18,851 DEBUG matplotlib.font_manager: findfont: score(<Font 'cmex10' (cmex10.ttf) normal normal 400 normal>) = 10.05
2026-06-26 14:40:18,851 DEBUG matplotlib.font_manager: findfont: score(<Font 'DejaVu Sans Mono' (DejaVuSansMono-Bold.ttf) normal normal 700 normal>) = 0.33499999999999996
2026-06-26 14:40:18,851 DEBUG matplotlib.font_manager: findfont: score(<Font 'DejaVu Serif' (DejaVuSerif-Italic.ttf) italic normal 400 normal>) = 11.05
2026-06-26 14:40:18,851 DEBUG matplotlib.font_manager: findfont: score(<Font 'STIXSizeFourSym' (STIXSizFourSymReg.ttf) normal normal 400 normal>) = 10.05
2026-06-26 14:40:18,851 DEBUG matplotlib.font_manager: findfont: score(<Font 'STIXSizeOneSym' (STIXSizOneSymReg.ttf) normal normal 400 normal>) = 10.05
2026-06-26 14:40:18,851 DEBUG matplotlib.font_manager: findfont: score(<Font 'STIXSizeOneSym' (STIXSizOneSymBol.ttf) normal normal 700 normal>) = 10.335
2026-06-26 14:40:18,851 DEBUG matplotlib.font_manager: findfont: score(<Font 'DejaVu Serif' (DejaVuSerif-Bold.ttf) normal normal 700 normal>) = 10.335
2026-06-26 14:40:18,851 DEBUG matplotlib.font_manager: findfont: score(<Font 'DejaVu Sans' (DejaVuSans-Bold.ttf) normal normal 700 normal>) = 10.335
2026-06-26 14:40:18,851 DEBUG matplotlib.font_manager: findfont: score(<Font 'DejaVu Sans Mono' (DejaVuSansMono.ttf) normal normal 400 normal>) = 0.05
2026-06-26 14:40:18,851 DEBUG matplotlib.font_manager: findfont: score(<Font 'DejaVu Sans' (DejaVuSans.ttf) normal normal 400 normal>) = 10.05
2026-06-26 14:40:18,851 DEBUG matplotlib.font_manager: findfont: score(<Font 'DejaVu Sans Mono' (DejaVuSansMono-Bold.ttf) normal normal 700 normal>) = 0.33499999999999996
2026-06-26 14:40:18,852 DEBUG matplotlib.font_manager: findfont: score(<Font 'DejaVu Serif' (DejaVuSerif.ttf) normal normal 400 normal>) = 10.05
2026-06-26 14:40:18,852 DEBUG matplotlib.font_manager: findfont: Matching DejaVu Sans Mono:style=normal:variant=normal:weight=normal:stretch=normal:size=10.0 to DejaVu Sans Mono ('/tmp/_MEItUlqXx/matplotlib/mpl-data/fonts/ttf/DejaVuSansMono.ttf') with score of 0.050000.
2026-06-26 14:40:18,852 DEBUG matplotlib.font_manager: findfont: Matching DejaVu Sans Display:style=normal:variant=normal:weight=normal:stretch=normal:size=10.0.
2026-06-26 14:40:18,852 DEBUG matplotlib.font_manager: findfont: score(<Font 'STIXNonUnicode' (STIXNonUniIta.ttf) italic normal 400 normal>) = 11.05
2026-06-26 14:40:18,852 DEBUG matplotlib.font_manager: findfont: score(<Font 'DejaVu Sans Display' (DejaVuSansDisplay.ttf) normal normal 400 normal>) = 0.05
2026-06-26 14:40:18,852 DEBUG matplotlib.font_manager: findfont: score(<Font 'cmr10' (cmr10.ttf) normal normal 400 normal>) = 10.05
2026-06-26 14:40:18,852 DEBUG matplotlib.font_manager: findfont: score(<Font 'cmtt10' (cmtt10.ttf) normal normal 400 normal>) = 10.05
2026-06-26 14:40:18,852 DEBUG matplotlib.font_manager: findfont: score(<Font 'STIXNonUnicode' (STIXNonUni.ttf) normal normal 400 normal>) = 10.05
2026-06-26 14:40:18,852 DEBUG matplotlib.font_manager: findfont: score(<Font 'DejaVu Sans Mono' (DejaVuSansMono-BoldOblique.ttf) oblique normal 700 normal>) = 11.335
2026-06-26 14:40:18,852 DEBUG matplotlib.font_manager: findfont: score(<Font 'cmsy10' (cmsy10.ttf) normal normal 400 normal>) = 10.05
2026-06-26 14:40:18,852 DEBUG matplotlib.font_manager: findfont: score(<Font 'DejaVu Serif' (DejaVuSerif-Bold.ttf) normal normal 700 normal>) = 10.335
2026-06-26 14:40:18,852 DEBUG matplotlib.font_manager: findfont: score(<Font 'DejaVu Serif' (DejaVuSerif.ttf) normal normal 400 normal>) = 10.05
2026-06-26 14:40:18,852 DEBUG matplotlib.font_manager: findfont: score(<Font 'DejaVu Sans' (DejaVuSans-BoldOblique.ttf) oblique normal 700 normal>) = 11.335
2026-06-26 14:40:18,852 DEBUG matplotlib.font_manager: findfont: score(<Font 'STIXNonUnicode' (STIXNonUniBol.ttf) normal normal 700 normal>) = 10.335
2026-06-26 14:40:18,852 DEBUG matplotlib.font_manager: findfont: score(<Font 'STIXSizeFiveSym' (STIXSizFiveSymReg.ttf) normal normal 400 normal>) = 10.05
2026-06-26 14:40:18,852 DEBUG matplotlib.font_manager: findfont: score(<Font 'DejaVu Sans' (DejaVuSans-Bold.ttf) normal normal 700 normal>) = 10.335
2026-06-26 14:40:18,852 DEBUG matplotlib.font_manager: findfont: score(<Font 'cmss10' (cmss10.ttf) normal normal 400 normal>) = 10.05
2026-06-26 14:40:18,852 DEBUG matplotlib.font_manager: findfont: score(<Font 'DejaVu Serif' (DejaVuSerif-BoldItalic.ttf) italic normal 700 normal>) = 11.335
2026-06-26 14:40:18,852 DEBUG matplotlib.font_manager: findfont: score(<Font 'DejaVu Sans Mono' (DejaVuSansMono-Oblique.ttf) oblique normal 400 normal>) = 11.05
2026-06-26 14:40:18,852 DEBUG matplotlib.font_manager: findfont: score(<Font 'cmb10' (cmb10.ttf) normal normal 400 normal>) = 10.05
2026-06-26 14:40:18,852 DEBUG matplotlib.font_manager: findfont: score(<Font 'STIXSizeTwoSym' (STIXSizTwoSymReg.ttf) normal normal 400 normal>) = 10.05
2026-06-26 14:40:18,852 DEBUG matplotlib.font_manager: findfont: score(<Font 'DejaVu Sans' (DejaVuSans.ttf) normal normal 400 normal>) = 10.05
2026-06-26 14:40:18,852 DEBUG matplotlib.font_manager: findfont: score(<Font 'DejaVu Sans Mono' (DejaVuSansMono.ttf) normal normal 400 normal>) = 10.05
2026-06-26 14:40:18,852 DEBUG matplotlib.font_manager: findfont: score(<Font 'STIXGeneral' (STIXGeneralItalic.ttf) italic normal 400 normal>) = 11.05
2026-06-26 14:40:18,852 DEBUG matplotlib.font_manager: findfont: score(<Font 'STIXNonUnicode' (STIXNonUniBolIta.ttf) italic normal 700 normal>) = 11.335
2026-06-26 14:40:18,852 DEBUG matplotlib.font_manager: findfont: score(<Font 'STIXSizeThreeSym' (STIXSizThreeSymReg.ttf) normal normal 400 normal>) = 10.05
2026-06-26 14:40:18,853 DEBUG matplotlib.font_manager: findfont: score(<Font 'STIXGeneral' (STIXGeneralBol.ttf) normal normal 700 normal>) = 10.335
2026-06-26 14:40:18,853 DEBUG matplotlib.font_manager: findfont: score(<Font 'STIXGeneral' (STIXGeneralBolIta.ttf) italic normal 700 normal>) = 11.335
2026-06-26 14:40:18,853 DEBUG matplotlib.font_manager: findfont: score(<Font 'DejaVu Serif Display' (DejaVuSerifDisplay.ttf) normal normal 400 normal>) = 10.05
2026-06-26 14:40:18,853 DEBUG matplotlib.font_manager: findfont: score(<Font 'STIXSizeFourSym' (STIXSizFourSymBol.ttf) normal normal 700 normal>) = 10.335
2026-06-26 14:40:18,853 DEBUG matplotlib.font_manager: findfont: score(<Font 'STIXGeneral' (STIXGeneral.ttf) normal normal 400 normal>) = 10.05
2026-06-26 14:40:18,853 DEBUG matplotlib.font_manager: findfont: score(<Font 'STIXSizeThreeSym' (STIXSizThreeSymBol.ttf) normal normal 700 normal>) = 10.335
2026-06-26 14:40:18,853 DEBUG matplotlib.font_manager: findfont: score(<Font 'DejaVu Sans' (DejaVuSans-Oblique.ttf) oblique normal 400 normal>) = 11.05
2026-06-26 14:40:18,853 DEBUG matplotlib.font_manager: findfont: score(<Font 'cmmi10' (cmmi10.ttf) normal normal 400 normal>) = 10.05
2026-06-26 14:40:18,853 DEBUG matplotlib.font_manager: findfont: score(<Font 'STIXSizeTwoSym' (STIXSizTwoSymBol.ttf) normal normal 700 normal>) = 10.335
2026-06-26 14:40:18,853 DEBUG matplotlib.font_manager: findfont: score(<Font 'cmex10' (cmex10.ttf) normal normal 400 normal>) = 10.05
2026-06-26 14:40:18,853 DEBUG matplotlib.font_manager: findfont: score(<Font 'DejaVu Sans Mono' (DejaVuSansMono-Bold.ttf) normal normal 700 normal>) = 10.335
2026-06-26 14:40:18,853 DEBUG matplotlib.font_manager: findfont: score(<Font 'DejaVu Serif' (DejaVuSerif-Italic.ttf) italic normal 400 normal>) = 11.05
2026-06-26 14:40:18,853 DEBUG matplotlib.font_manager: findfont: score(<Font 'STIXSizeFourSym' (STIXSizFourSymReg.ttf) normal normal 400 normal>) = 10.05
2026-06-26 14:40:18,853 DEBUG matplotlib.font_manager: findfont: score(<Font 'STIXSizeOneSym' (STIXSizOneSymReg.ttf) normal normal 400 normal>) = 10.05
2026-06-26 14:40:18,853 DEBUG matplotlib.font_manager: findfont: score(<Font 'STIXSizeOneSym' (STIXSizOneSymBol.ttf) normal normal 700 normal>) = 10.335
2026-06-26 14:40:18,853 DEBUG matplotlib.font_manager: findfont: score(<Font 'DejaVu Serif' (DejaVuSerif-Bold.ttf) normal normal 700 normal>) = 10.335
2026-06-26 14:40:18,853 DEBUG matplotlib.font_manager: findfont: score(<Font 'DejaVu Sans' (DejaVuSans-Bold.ttf) normal normal 700 normal>) = 10.335
2026-06-26 14:40:18,853 DEBUG matplotlib.font_manager: findfont: score(<Font 'DejaVu Sans Mono' (DejaVuSansMono.ttf) normal normal 400 normal>) = 10.05
2026-06-26 14:40:18,853 DEBUG matplotlib.font_manager: findfont: score(<Font 'DejaVu Sans' (DejaVuSans.ttf) normal normal 400 normal>) = 10.05
2026-06-26 14:40:18,853 DEBUG matplotlib.font_manager: findfont: score(<Font 'DejaVu Sans Mono' (DejaVuSansMono-Bold.ttf) normal normal 700 normal>) = 10.335
2026-06-26 14:40:18,853 DEBUG matplotlib.font_manager: findfont: score(<Font 'DejaVu Serif' (DejaVuSerif.ttf) normal normal 400 normal>) = 10.05
2026-06-26 14:40:18,853 DEBUG matplotlib.font_manager: findfont: Matching DejaVu Sans Display:style=normal:variant=normal:weight=normal:stretch=normal:size=10.0 to DejaVu Sans Display ('/tmp/_MEItUlqXx/matplotlib/mpl-data/fonts/ttf/DejaVuSansDisplay.ttf') with score of 0.050000.
2026-06-26 14:40:18,997 DEBUG matplotlib.ticker: vmin 1e-05 vmax 13487.104010777435
2026-06-26 14:40:18,997 DEBUG matplotlib.ticker: ticklocs array([], dtype=float64)
2026-06-26 14:40:19,000 DEBUG matplotlib.ticker: vmin 0.00044668359215096305 vmax 22387.21138568338
2026-06-26 14:40:19,001 DEBUG matplotlib.ticker: ticklocs array([2.e-05, 3.e-05, 4.e-05, 5.e-05, 6.e-05, 7.e-05, 8.e-05, 9.e-05,
       2.e-04, 3.e-04, 4.e-04, 5.e-04, 6.e-04, 7.e-04, 8.e-04, 9.e-04,
       2.e-03, 3.e-03, 4.e-03, 5.e-03, 6.e-03, 7.e-03, 8.e-03, 9.e-03,
       2.e-02, 3.e-02, 4.e-02, 5.e-02, 6.e-02, 7.e-02, 8.e-02, 9.e-02,
       2.e-01, 3.e-01, 4.e-01, 5.e-01, 6.e-01, 7.e-01, 8.e-01, 9.e-01,
       2.e+00, 3.e+00, 4.e+00, 5.e+00, 6.e+00, 7.e+00, 8.e+00, 9.e+00,
       2.e+01, 3.e+01, 4.e+01, 5.e+01, 6.e+01, 7.e+01, 8.e+01, 9.e+01,
       2.e+02, 3.e+02, 4.e+02, 5.e+02, 6.e+02, 7.e+02, 8.e+02, 9.e+02,
       2.e+03, 3.e+03, 4.e+03, 5.e+03, 6.e+03, 7.e+03, 8.e+03, 9.e+03,
       2.e+04, 3.e+04, 4.e+04, 5.e+04, 6.e+04, 7.e+04, 8.e+04, 9.e+04,
       2.e+05, 3.e+05, 4.e+05, 5.e+05, 6.e+05, 7.e+05, 8.e+05, 9.e+05,
       2.e+06, 3.e+06, 4.e+06, 5.e+06, 6.e+06, 7.e+06, 8.e+06, 9.e+06])
2026-06-26 14:40:19,103 DEBUG matplotlib.ticker: vmin 0.00044668359215096305 vmax 22387.21138568338
2026-06-26 14:40:19,103 DEBUG matplotlib.ticker: ticklocs array([2.e-05, 3.e-05, 4.e-05, 5.e-05, 6.e-05, 7.e-05, 8.e-05, 9.e-05,
       2.e-04, 3.e-04, 4.e-04, 5.e-04, 6.e-04, 7.e-04, 8.e-04, 9.e-04,
       2.e-03, 3.e-03, 4.e-03, 5.e-03, 6.e-03, 7.e-03, 8.e-03, 9.e-03,
       2.e-02, 3.e-02, 4.e-02, 5.e-02, 6.e-02, 7.e-02, 8.e-02, 9.e-02,
       2.e-01, 3.e-01, 4.e-01, 5.e-01, 6.e-01, 7.e-01, 8.e-01, 9.e-01,
       2.e+00, 3.e+00, 4.e+00, 5.e+00, 6.e+00, 7.e+00, 8.e+00, 9.e+00,
       2.e+01, 3.e+01, 4.e+01, 5.e+01, 6.e+01, 7.e+01, 8.e+01, 9.e+01,
       2.e+02, 3.e+02, 4.e+02, 5.e+02, 6.e+02, 7.e+02, 8.e+02, 9.e+02,
       2.e+03, 3.e+03, 4.e+03, 5.e+03, 6.e+03, 7.e+03, 8.e+03, 9.e+03,
       2.e+04, 3.e+04, 4.e+04, 5.e+04, 6.e+04, 7.e+04, 8.e+04, 9.e+04,
       2.e+05, 3.e+05, 4.e+05, 5.e+05, 6.e+05, 7.e+05, 8.e+05, 9.e+05,
       2.e+06, 3.e+06, 4.e+06, 5.e+06, 6.e+06, 7.e+06, 8.e+06, 9.e+06])
2026-06-26 14:40:19,199 DEBUG matplotlib.ticker: vmin 1e-05 vmax 13487.104010777435
2026-06-26 14:40:19,199 DEBUG matplotlib.ticker: ticklocs array([], dtype=float64)
2026-06-26 14:40:19,203 DEBUG matplotlib.ticker: vmin 1e-05 vmax 13487.104010777435
2026-06-26 14:40:19,204 DEBUG matplotlib.ticker: ticklocs array([], dtype=float64)
2026-06-26 14:40:19,206 DEBUG matplotlib.ticker: vmin 0.00044668359215096305 vmax 22387.21138568338
2026-06-26 14:40:19,206 DEBUG matplotlib.ticker: ticklocs array([2.e-05, 3.e-05, 4.e-05, 5.e-05, 6.e-05, 7.e-05, 8.e-05, 9.e-05,
       2.e-04, 3.e-04, 4.e-04, 5.e-04, 6.e-04, 7.e-04, 8.e-04, 9.e-04,
       2.e-03, 3.e-03, 4.e-03, 5.e-03, 6.e-03, 7.e-03, 8.e-03, 9.e-03,
       2.e-02, 3.e-02, 4.e-02, 5.e-02, 6.e-02, 7.e-02, 8.e-02, 9.e-02,
       2.e-01, 3.e-01, 4.e-01, 5.e-01, 6.e-01, 7.e-01, 8.e-01, 9.e-01,
       2.e+00, 3.e+00, 4.e+00, 5.e+00, 6.e+00, 7.e+00, 8.e+00, 9.e+00,
       2.e+01, 3.e+01, 4.e+01, 5.e+01, 6.e+01, 7.e+01, 8.e+01, 9.e+01,
       2.e+02, 3.e+02, 4.e+02, 5.e+02, 6.e+02, 7.e+02, 8.e+02, 9.e+02,
       2.e+03, 3.e+03, 4.e+03, 5.e+03, 6.e+03, 7.e+03, 8.e+03, 9.e+03,
       2.e+04, 3.e+04, 4.e+04, 5.e+04, 6.e+04, 7.e+04, 8.e+04, 9.e+04,
       2.e+05, 3.e+05, 4.e+05, 5.e+05, 6.e+05, 7.e+05, 8.e+05, 9.e+05,
       2.e+06, 3.e+06, 4.e+06, 5.e+06, 6.e+06, 7.e+06, 8.e+06, 9.e+06])
2026-06-26 14:40:19,230 DEBUG matplotlib.ticker: vmin 0.00044668359215096305 vmax 22387.21138568338
2026-06-26 14:40:19,230 DEBUG matplotlib.ticker: ticklocs array([2.e-05, 3.e-05, 4.e-05, 5.e-05, 6.e-05, 7.e-05, 8.e-05, 9.e-05,
       2.e-04, 3.e-04, 4.e-04, 5.e-04, 6.e-04, 7.e-04, 8.e-04, 9.e-04,
       2.e-03, 3.e-03, 4.e-03, 5.e-03, 6.e-03, 7.e-03, 8.e-03, 9.e-03,
       2.e-02, 3.e-02, 4.e-02, 5.e-02, 6.e-02, 7.e-02, 8.e-02, 9.e-02,
       2.e-01, 3.e-01, 4.e-01, 5.e-01, 6.e-01, 7.e-01, 8.e-01, 9.e-01,
       2.e+00, 3.e+00, 4.e+00, 5.e+00, 6.e+00, 7.e+00, 8.e+00, 9.e+00,
       2.e+01, 3.e+01, 4.e+01, 5.e+01, 6.e+01, 7.e+01, 8.e+01, 9.e+01,
       2.e+02, 3.e+02, 4.e+02, 5.e+02, 6.e+02, 7.e+02, 8.e+02, 9.e+02,
       2.e+03, 3.e+03, 4.e+03, 5.e+03, 6.e+03, 7.e+03, 8.e+03, 9.e+03,
       2.e+04, 3.e+04, 4.e+04, 5.e+04, 6.e+04, 7.e+04, 8.e+04, 9.e+04,
       2.e+05, 3.e+05, 4.e+05, 5.e+05, 6.e+05, 7.e+05, 8.e+05, 9.e+05,
       2.e+06, 3.e+06, 4.e+06, 5.e+06, 6.e+06, 7.e+06, 8.e+06, 9.e+06])
2026-06-26 14:40:19,271 INFO common.report_asm: report infomation: ##############################
Sub-module: Summary
------------------------------
Name: Total Instructions
Description: number of all instructions
Value: 1,563,199,159
------------------------------
Name: Compute Instructions
Description: number of compute instructions
Value: 1,506,119,452
------------------------------
Name: Memory Instructions
Description: number of memory instructions
Value: 57,079,707
------------------------------
Name: Total Cycles
Description: cycles use by kernel
Value: 3,536,614.85(Kcycles)
------------------------------
Name: Memory Access per Second
Description: memory access per second
Value: 47,712.17(MB/s)
------------------------------
Name: Average AP busy cycles
Description: Average busy cycles per AP
Value: 20,309,947.74
------------------------------
Name: AP busy Duty
Description: average AP busy duty of total cycles
Value: 0.59%
------------------------------
Name: Compute Instructions busy Duty
Description: Compute Instructions busy duty of total AP cycles
Value: 70.85%
##############################
Sub-module: CE Statistics
------------------------------
Name: WORKGROUPS
Description: ce send workgroup
Value: 1,029,225.0
------------------------------
Name: WAVES
Description: ce send waves
Value: 4,116,900.0
------------------------------
Name: Average Wave life cycles
Description: average life cycles per wave from start to end
Value: 1,926.02
##############################
Sub-module: ISU Statistics
------------------------------
Name: Compute Instructions Cycles Rate
Description: rate between compute instructions cycles
Value: {
    "data": {
        "MTE_4CYCLES": 4676155700.0,
        "MTE_16CYCLES": 5009609472.0,
        "MMA_16CYCLES": 0.0,
        "MMA_32CYCLES": 0.0
    },
    "filename": "/mnt/opt_test/engram_hash_run/profile-artifacts/engram_hash_v0_baseline/mcprofiler_raw_baseline/Compute_Instructions_Cycles_Rate20260626144017834.png"
}
------------------------------
Name: DPC Computing cycles comparison
Description: Comparison on AP computing cycles
Value: {
    "data": {
        "0": 754524944.0,
        "1": 745166384.0,
        "2": 748607404.0,
        "3": 743847164.0,
        "4": 740373884.0,
        "5": 692740272.0,
        "6": 748868992.0,
        "7": 754429024.0
    },
    "filename": "/mnt/opt_test/engram_hash_run/profile-artifacts/engram_hash_v0_baseline/mcprofiler_raw_baseline/DPC_Computing_cycles_comparison20260626144017929.png"
}
------------------------------
Name: ISU stall cycles layout
Description: ISU stall cycles layout
Value: {
    "data": {
        "wsm_stall": 0.0,
        "vls_pipeline_stall": 55065372.0,
        "vls_wdata_stall": 16324608.0,
        "valu_stall": 0.0
    },
    "filename": "/mnt/opt_test/engram_hash_run/profile-artifacts/engram_hash_v0_baseline/mcprofiler_raw_baseline/ISU_stall_cycles_layout20260626144018136.png"
}
------------------------------
Name: Instructions Comparison
Description: Comparison between all instructions
Value: {
    "data": {
        "MTE": 1188608948.0,
        "MMA": 0.0,
        "STE": 231889622.0,
        "GVM": 36693127.0,
        "BSM": 0.0,
        "LDU": 20386580.0,
        "MISC": 85620882.0
    },
    "filename": "/mnt/opt_test/engram_hash_run/profile-artifacts/engram_hash_v0_baseline/mcprofiler_raw_baseline/Instructions_Comparison20260626144018028.png"
}
##############################
Sub-module: Memory Statistics
------------------------------
Name: Global Read Instructions
Description: Number of global read instructions in all APs
Value: 32,615,200
------------------------------
Name: Global Write Instructions
Description: Number of global write instructions in all APs
Value: 4,077,967
------------------------------
Name: Global Atomic Instructions
Description: Number of global atomic instructions in all APs
Value: 0.0
------------------------------
Name: Private Read Instructions
Description: Number of private read instructions in all APs
Value: 0
------------------------------
Name: Private Write Instructions
Description: Number of private write instructions in all APs
Value: 0
------------------------------
Name: Constant Read Instructions
Description: Number of smem instructions in all APs
Value: 20,386,580
------------------------------
Name: Constant Read SL1 Instructions
Description: Num of LDU instructions in all SL1s
Value: 12,469,300
------------------------------
Name: Constant Read L2 Instructions
Description: Num of SL1 data miss requests
Value: 64,400
------------------------------
Name: Constant SL1 Hit Rate
Description: Total LDU instructions hit rate in all SL1s
Value: 99.48%
------------------------------
Name: VL1 Read Instructions
Description: total read instructions in all VL1s
Value: 32,615,168
------------------------------
Name: VL1 Write Instructions
Description: total write instructions in all VL1s
Value: 4,077,959
------------------------------
Name: VL1 Atomic Instructions
Description: total atomic instructions in all VL1s
Value: 0.0
------------------------------
Name: VL1 Hit Rate
Description: hit rate of all instructions in all VL1s
Value: 97.51%
------------------------------
Name: L2C Read Instructions
Description: total read instructions in all L2Cs
Value: 45,495,685
------------------------------
Name: L2C Write Instructions
Description: total write instructions in all L2Cs
Value: 16,507,174
------------------------------
Name: L2C Atomic Instructions
Description: total atomic instructions in all L2Cs
Value: 0.0
------------------------------
Name: L2C Hit Rate
Description: hit rate of all instructions in all L2Cs
Value: 83.03%
------------------------------
Name: Total Atomic Instructions
Description: total atomic instructions in memory access, include global atomic and shared memory atomic
Value: 0.0
------------------------------
Name: Dnoc Read Req
Description: number of dnoc read requests
Value: 964,331.0
------------------------------
Name: Dnoc Write Req
Description: number of dnoc write requests
Value: 8,232,868.0
------------------------------
Name: Global Memory Read bytes
Description: bytes read from global memory
Value: 111,116,864.0byte
------------------------------
Name: Global Memory Write bytes
Description: bytes write from global memory
Value: 1,051,493,632.0byte
------------------------------
Name: Dnoc Read Average Latency
Description: average latency of dnoc read request
Value: 199.10
------------------------------
Name: Memory Data Flow Chart
Description: 
Value: {
    "data": {
        "vl1c": 97.50903630358002,
        "l2c": 83.0294974787439,
        "sl1": 99.48359571106639,
        "global_kernel_rd": 32615200,
        "global_kernel_wr": 4077967,
        "private_kernel_rd": 0,
        "private_kernel_wr": 0,
        "generic_kernel_rd": 0,
        "generic_kernel_wr": 0,
        "const_kernel_rd": 20386580,
        "shared_kernel_rd": 0,
        "shared_kernel_wr": 0,
        "Ggeneric_vl1c_rd": 32615168,
        "Ggeneric_vl1c_wr": 4077959,
        "const_sl1c_rd": 12469300,
        "sl1_l2c_rd": 64400,
        "vl1c_l2c_rd": 45495685,
        "vl1c_l2c_wr": 16507174,
        "l2c_Gmemory_rd": null,
        "l2c_Gmemory_wr": null
    },
    "filename": "/mnt/opt_test/engram_hash_run/profile-artifacts/engram_hash_v0_baseline/mcprofiler_raw_baseline/Memory_Data_Flow_Chart20260626144018237.png"
}
------------------------------
Name: Dnoc Read Latency Histogram
Description: histogram of dnoc read latency
Value: {
    "data": {
        "0-255": 888063.0,
        "256-511": 63116.0,
        "512-1k": 15841.0,
        "1k-2k": 694.0,
        "2k-": 3.0
    },
    "filename": "/mnt/opt_test/engram_hash_run/profile-artifacts/engram_hash_v0_baseline/mcprofiler_raw_baseline/Dnoc_Read_Latency_Histogram20260626144018432.png"
}
------------------------------
Name: VL1 partition stall cycles layout
Description: VL1 partition access stall cycles layout
Value: {
    "data": {
        "pt0": 0.0,
        "pt1": 0.0,
        "pt2": 0.0,
        "pt3": 0.0
    },
    "filename": "/mnt/opt_test/engram_hash_run/profile-artifacts/engram_hash_v0_baseline/mcprofiler_raw_baseline/VL1_partition_stall_cycles_layout20260626144018526.png"
}
##############################
Sub-module: Workgroup Memory
------------------------------
Name: load instructions
Description: number of total workgroup memory load instructions
Value: 0.0
------------------------------
Name: store instructions
Description: number of total workgroup memory write instructions
Value: 0.0
------------------------------
Name: atomic instructions
Description: number of total workgroup memory atomic instructions
Value: 0.0
------------------------------
Name: total instructions
Description: number of total workgroup memory instructions
Value: 0.0
------------------------------
Name: average latency per load instruction
Description: average latency per WG-load from issue to mem-ops done
Value: 0
------------------------------
Name: average latency per store instruction
Description: average latency per WG-store from issue to memops done
Value: 0
------------------------------
Name: average latency per atomic instruction
Description: average latency per WG-atom from issue to memops done
Value: 0
------------------------------
Name: average latency of all stages per instruction
Description: average latency of all WG-inst from issue to memops done
Value: 0
------------------------------
Name: average cycles per load instruction
Description: average cycles per WG-load when issuing (with bank conflict)
Value: 0
------------------------------
Name: average cycles per store instruction
Description: average cycles per WG-store when issuing (with bank conflict)
Value: 0
------------------------------
Name: average cycles per atomic instruction
Description: average cycles per WG-atom when issuing (with bank conflict)
Value: 0
------------------------------
Name: average conflict cycles per instruction
Description: average conflict cycles per WG-inst when bank conflict happens
Value: 0
------------------------------
Name: average cycles per instruction
Description: average cycles per WG-inst when issuing (with bank conflict)
Value: 0
------------------------------
Name: shared memory access efficiency
Description: Proportion of NON-CONFLICT access
Value: 0%
##############################
Sub-module: Occupancy
------------------------------
Name: Achieved waves
Description: number of achieved waves
Value: 4,077,316.0
------------------------------
Name: Dispatched waves
Description: number of dispatched waves
Value: 4,116,900.0
##############################
Sub-module: GPU Throughput Statistics
------------------------------
Name: AP active cycles
Description: number of wave instruction cycles executed on the AP
Value: 2,091,924,617.0
------------------------------
Name: AP MTE Duty ratio
Description: MTE Duty ratio relative to AP active
Value: 59.63%
------------------------------
Name: AP STE Duty ratio
Description: STE Duty ratio relative to AP active
Value: 11.08%
------------------------------
Name: AP MMA Duty ratio
Description: MMA Duty ratio relative to AP active
Value: 0.0%
------------------------------
Name: VLS Duty ratio
Description: VLS Duty ratio relative to AP active
Value: 0.0%
------------------------------
Name: L2C Duty ratio
Description: L2C Duty ratio relative to L2C active
Value: 1.51%
##############################
Sub-module: Compute workload
------------------------------
Name: instruction per cycle
Description: The number of instructions per busy cycle across all sub-unit instances
Value: 74.74
------------------------------
Name: instruction throughput
Description: The percent of achieved instructions and theoretical instructions during all busy cycles 
Value: 0.72
------------------------------
Name: instruction throughput efficiency
Description: The percentage of the maximum instruction throughput achieved during all busy cycles 
Value: 17.97%
##############################
Sub-module: Instruction Statistics
------------------------------
Name: instruction number
Description: The total number of instructions
Value: 1,563,199,159.0
------------------------------
Name: instructions per AP
Description: The number of instructions per PEU
Value: 15,030,761.14
##############################
Sub-module: Internal
------------------------------
Name: RoofLine
Description: 
Value: {
    "processed_data": {
        "all_ops": 72762180032.0,
        "all_memacs": 1162610496.0,
        "during": 20914508.0,
        "block_num": 104,
        "vl1_memacs": 8349762636.0,
        "l2c_memacs": 4566128000.0
    },
    "data": {
        "all_ops": 72762180032.0,
        "all_memacs": 1162610496.0,
        "block_num": 104,
        "during": 20914508.0,
        "core_clk": 1.125,
        "MAX_Flops_base": 0.117,
        "case_flops": 3.9139076346428996,
        "MAX_Bandwith": 1843.2,
        "MAX_I": 260.0,
        "case_I": 62.585173867207196,
        "case_bandwith": 62.537297458778376,
        "case_VL1_I": 8.714281256126476,
        "case_L2C_I": 15.935203750748993,
        "mc_clk": 0.9
    },
    "filename": "/mnt/opt_test/engram_hash_run/profile-artifacts/engram_hash_v0_baseline/mcprofiler_raw_baseline/RoofLine20260626144018742.png"
}
2026-06-26 14:40:19,283 DEBUG PIL.PngImagePlugin: STREAM b'IHDR' 16 13
2026-06-26 14:40:19,283 DEBUG PIL.PngImagePlugin: STREAM b'tEXt' 41 57
2026-06-26 14:40:19,283 DEBUG PIL.PngImagePlugin: STREAM b'pHYs' 110 9
2026-06-26 14:40:19,283 DEBUG PIL.PngImagePlugin: STREAM b'IDAT' 131 34861
2026-06-26 14:40:19,333 DEBUG PIL.PngImagePlugin: STREAM b'IHDR' 16 13
2026-06-26 14:40:19,333 DEBUG PIL.PngImagePlugin: STREAM b'tEXt' 41 57
2026-06-26 14:40:19,334 DEBUG PIL.PngImagePlugin: STREAM b'pHYs' 110 9
2026-06-26 14:40:19,334 DEBUG PIL.PngImagePlugin: STREAM b'IDAT' 131 60561
2026-06-26 14:40:19,393 DEBUG PIL.PngImagePlugin: STREAM b'IHDR' 16 13
2026-06-26 14:40:19,393 DEBUG PIL.PngImagePlugin: STREAM b'tEXt' 41 57
2026-06-26 14:40:19,393 DEBUG PIL.PngImagePlugin: STREAM b'pHYs' 110 9
2026-06-26 14:40:19,393 DEBUG PIL.PngImagePlugin: STREAM b'IDAT' 131 32105
2026-06-26 14:40:19,443 DEBUG PIL.PngImagePlugin: STREAM b'IHDR' 16 13
2026-06-26 14:40:19,443 DEBUG PIL.PngImagePlugin: STREAM b'tEXt' 41 57
2026-06-26 14:40:19,443 DEBUG PIL.PngImagePlugin: STREAM b'pHYs' 110 9
2026-06-26 14:40:19,443 DEBUG PIL.PngImagePlugin: STREAM b'IDAT' 131 28103
2026-06-26 14:40:19,497 DEBUG PIL.PngImagePlugin: STREAM b'IHDR' 16 13
2026-06-26 14:40:19,498 DEBUG PIL.PngImagePlugin: STREAM b'tEXt' 41 57
2026-06-26 14:40:19,498 DEBUG PIL.PngImagePlugin: STREAM b'pHYs' 110 9
2026-06-26 14:40:19,498 DEBUG PIL.PngImagePlugin: STREAM b'IDAT' 131 57276
2026-06-26 14:40:19,554 DEBUG PIL.PngImagePlugin: STREAM b'IHDR' 16 13
2026-06-26 14:40:19,554 DEBUG PIL.PngImagePlugin: STREAM b'tEXt' 41 57
2026-06-26 14:40:19,554 DEBUG PIL.PngImagePlugin: STREAM b'pHYs' 110 9
2026-06-26 14:40:19,554 DEBUG PIL.PngImagePlugin: STREAM b'IDAT' 131 25239
2026-06-26 14:40:19,601 DEBUG PIL.PngImagePlugin: STREAM b'IHDR' 16 13
2026-06-26 14:40:19,601 DEBUG PIL.PngImagePlugin: STREAM b'tEXt' 41 57
2026-06-26 14:40:19,601 DEBUG PIL.PngImagePlugin: STREAM b'pHYs' 110 9
2026-06-26 14:40:19,601 DEBUG PIL.PngImagePlugin: STREAM b'IDAT' 131 10280
2026-06-26 14:40:19,642 DEBUG PIL.PngImagePlugin: STREAM b'IHDR' 16 13
2026-06-26 14:40:19,642 DEBUG PIL.PngImagePlugin: STREAM b'tEXt' 41 57
2026-06-26 14:40:19,642 DEBUG PIL.PngImagePlugin: STREAM b'pHYs' 110 9
2026-06-26 14:40:19,642 DEBUG PIL.PngImagePlugin: STREAM b'IDAT' 131 65536
2026-06-26 14:40:19,838 INFO phttp.server_backend: complete task 261a229e-41fd-4a6f-a3ec-d5053daa9104
2026-06-26 14:40:22,576 DEBUG urllib3.connectionpool: Starting new HTTP connection (1): 127.0.0.1:50123
2026-06-26 14:40:22,580 INFO werkzeug: 127.0.0.1 - - [26/Jun/2026 14:40:22] "GET /perf_progress?exec_id=261a229e-41fd-4a6f-a3ec-d5053daa9104 HTTP/1.1" 200 -
2026-06-26 14:40:22,580 DEBUG urllib3.connectionpool: http://127.0.0.1:50123 "GET /perf_progress?exec_id=261a229e-41fd-4a6f-a3ec-d5053daa9104 HTTP/1.1" 200 9881
2026-06-26 14:40:30,590 DEBUG urllib3.connectionpool: Starting new HTTP connection (1): 127.0.0.1:50123
2026-06-26 14:40:30,592 ERROR phttp.http_server: remove .pkey failed
2026-06-26 14:40:30,592 INFO werkzeug: 127.0.0.1 - - [26/Jun/2026 14:40:30] "GET /stop HTTP/1.1" 200 -
2026-06-26 14:40:30,592 DEBUG urllib3.connectionpool: http://127.0.0.1:50123 "GET /stop HTTP/1.1" 200 29
2026-06-26 14:52:20,552 DEBUG matplotlib: (private) matplotlib data path: /tmp/_MEIF0qp76/matplotlib/mpl-data
2026-06-26 14:52:20,552 DEBUG matplotlib: matplotlib data path: /tmp/_MEIF0qp76/matplotlib/mpl-data
2026-06-26 14:52:20,556 DEBUG matplotlib: CONFIGDIR=/tmp/tmpgguf6pb0
2026-06-26 14:52:20,557 DEBUG matplotlib: matplotlib version 3.3.4
2026-06-26 14:52:20,557 DEBUG matplotlib: interactive is False
2026-06-26 14:52:20,558 DEBUG matplotlib: platform is linux
2026-06-26 14:52:20,558 DEBUG matplotlib: loaded modules: ['builtins', 'sys', '_frozen_importlib', '_imp', '_warnings', '_thread', '_weakref', '_frozen_importlib_external', '_io', 'marshal', 'posix', 'zipimport', 'encodings', 'codecs', '_codecs', 'encodings.aliases', 'encodings.ascii', '_signal', '__main__', 'encodings.utf_8', 'encodings.latin_1', 'io', 'abc', '_weakrefset', '_bootlocale', '_locale', 'struct', '_struct', 'pyimod01_os_path', 'pyimod02_archive', 'zlib', 'pyimod03_importers', 'pyimod04_ctypes', 'os', 'errno', 'stat', '_stat', 'posixpath', 'genericpath', 'os.path', '_collections_abc', 'ctypes', '_ctypes', 'ctypes._endian', 'pkgutil', 'collections', 'operator', '_operator', 'keyword', 'heapq', '_heapq', 'itertools', 'reprlib', '_collections', 'functools', '_functools', 'types', 'collections.abc', 'weakref', 'importlib', 'importlib._bootstrap', 'importlib._bootstrap_external', 'warnings', 'importlib.util', 'importlib.abc', 'importlib.machinery', 'contextlib', 'inspect', 'ast', '_ast', 'dis', 'opcode', '_opcode', 'enum', 'linecache', 'tokenize', 're', 'sre_compile', '_sre', 'sre_parse', 'sre_constants', 'copyreg', 'token', 'pathlib', 'fnmatch', 'ntpath', 'urllib', 'urllib.parse', 'pkg_resources', 'time', 'zipfile', 'shutil', 'bz2', '_compression', 'threading', 'traceback', '_bz2', 'lzma', '_lzma', 'pwd', 'grp', 'binascii', 'platform', 'subprocess', 'signal', '_posixsubprocess', 'select', 'selectors', 'math', 'plistlib', 'datetime', '_datetime', 'xml', 'xml.parsers', 'xml.parsers.expat', 'pyexpat.errors', 'pyexpat.model', 'pyexpat', 'xml.parsers.expat.model', 'xml.parsers.expat.errors', 'email', 'email.parser', 'email.feedparser', 'email.errors', 'email._policybase', 'email.header', 'email.quoprimime', 'string', '_string', 'email.base64mime', 'base64', 'email.charset', 'email.encoders', 'quopri', 'email.utils', 'random', 'hashlib', '_hashlib', '_blake2', '_sha3', 'bisect', '_bisect', '_random', 'socket', '_socket', 'email._parseaddr', 'calendar', 'locale', 'tempfile', 'textwrap', 'pkg_resources.extern', 'pkg_resources._vendor', 'pkg_resources._vendor.appdirs', 'pkg_resources.extern.appdirs', 'pkg_resources._vendor.packaging', 'pkg_resources._vendor.packaging.__about__', 'pkg_resources.extern.packaging', 'pkg_resources.extern.packaging.version', 'typing', 'typing.io', 'typing.re', 'pkg_resources.extern.packaging._structures', 'pkg_resources.extern.packaging.specifiers', 'pkg_resources.extern.packaging.utils', 'pkg_resources.extern.packaging.tags', 'logging', 'atexit', 'sysconfig', 'pkg_resources._vendor.packaging._manylinux', 'pkg_resources._vendor.packaging._musllinux', 'pkg_resources.extern.packaging.requirements', 'pkg_resources._vendor.pyparsing', 'copy', 'pprint', 'pkg_resources.extern.pyparsing', 'pkg_resources.extern.packaging.markers', 'multiprocessing', 'multiprocessing.context', 'multiprocessing.process', 'multiprocessing.reduction', 'pickle', '_compat_pickle', '_pickle', 'array', '__mp_main__', 'multiprocessing.spawn', 'runpy', 'multiprocessing.util', 'multiprocessing.popen_fork', 'multiprocessing.popen_spawn_posix', 'concurrent', 'concurrent.futures', 'concurrent.futures._base', 'concurrent.futures.process', 'queue', 'multiprocessing.connection', '_multiprocessing', 'concurrent.futures.thread', 'argparse', 'gettext', 'common', 'common.api_common', 'json', 'json.decoder', 'json.scanner', '_json', 'json.encoder', 'paramiko', 'paramiko._version', 'paramiko.transport', 'cryptography', 'cryptography.__about__', 'cryptography.utils', 'cryptography.hazmat', 'cryptography.hazmat.backends', 'cryptography.hazmat.primitives', 'cryptography.hazmat.primitives.ciphers', 'cryptography.hazmat.primitives._cipheralgorithm', 'cryptography.hazmat.primitives.ciphers.base', 'cryptography.exceptions', 'cryptography.hazmat.primitives.ciphers.modes', 'cryptography.hazmat.primitives.ciphers.algorithms', 'paramiko.util', 'paramiko.common', 'paramiko.config', 'getpass', 'termios', 'shlex', 'paramiko.ssh_exception', 'paramiko.auth_handler', 'paramiko.message', 'paramiko.server', 'paramiko.ssh_gss', 'paramiko.channel', 'paramiko.file', 'paramiko.buffered_pipe', 'paramiko.pipe', 'paramiko.compress', 'paramiko.dsskey', 'cryptography.hazmat.primitives.hashes', 'cryptography.hazmat.primitives.serialization', 'cryptography.hazmat.primitives._serialization', 'cryptography.hazmat.primitives.serialization.base', 'cryptography.hazmat.primitives.asymmetric', 'cryptography.hazmat.primitives.asymmetric.dh', 'cryptography.hazmat.primitives.asymmetric.types', 'cryptography.hazmat.primitives.asymmetric.dsa', 'cryptography.hazmat.primitives.asymmetric.utils', 'cryptography.hazmat.bindings', '_cffi_backend', '_openssl.lib', '_openssl', 'cryptography.hazmat.bindings._rust', 'cryptography.hazmat.primitives.asymmetric.ec', 'cryptography.hazmat._oid', 'cryptography.hazmat.primitives.asymmetric.ed448', 'cryptography.hazmat.primitives.asymmetric.ed25519', 'cryptography.hazmat.primitives.asymmetric.rsa', 'cryptography.hazmat.primitives._asymmetric', 'cryptography.hazmat.primitives.asymmetric.x448', 'cryptography.hazmat.primitives.asymmetric.x25519', 'cryptography.hazmat.primitives.serialization.ssh', 'cryptography.hazmat.primitives.asymmetric.padding', 'bcrypt', '__future__', 'hmac', 'bcrypt.__about__', 'bcrypt._bcrypt', 'paramiko.ber', 'paramiko.sftp', 'paramiko.pkey', 'paramiko.ed25519key', 'nacl', 'nacl.signing', 'nacl.bindings', 'nacl.bindings.crypto_aead', 'nacl.exceptions', '_sodium.lib', '_sodium', 'nacl._sodium', 'nacl.bindings.crypto_box', 'nacl.bindings.crypto_core', 'nacl.bindings.crypto_generichash', 'nacl.bindings.crypto_hash', 'nacl.bindings.crypto_kx', 'nacl.bindings.crypto_pwhash', 'nacl.bindings.crypto_scalarmult', 'nacl.bindings.crypto_secretbox', 'nacl.bindings.crypto_secretstream', 'nacl.bindings.crypto_shorthash', 'nacl.bindings.crypto_sign', 'nacl.bindings.randombytes', 'nacl.bindings.sodium_core', 'nacl.bindings.utils', 'nacl.encoding', 'nacl.public', 'nacl.utils', 'paramiko.kex_curve25519', 'cryptography.hazmat.primitives.constant_time', 'paramiko.kex_gex', 'paramiko.kex_group1', 'paramiko.kex_group14', 'paramiko.kex_group16', 'paramiko.kex_ecdh_nist', 'paramiko.kex_gss', 'paramiko.packet', 'paramiko.primes', 'paramiko.rsakey', 'paramiko.ecdsakey', 'paramiko.sftp_client', 'paramiko.sftp_attr', 'paramiko.sftp_file', 'cryptography.hazmat.backends.openssl', 'cryptography.hazmat.backends.openssl.backend', 'cryptography.x509', 'cryptography.x509.certificate_transparency', 'cryptography.x509.base', 'cryptography.x509.extensions', 'ipaddress', 'cryptography.x509.general_name', 'cryptography.x509.name', 'cryptography.x509.oid', 'cryptography.hazmat.backends.openssl.aead', 'cryptography.hazmat.backends.openssl.ciphers', 'cryptography.hazmat.backends.openssl.cmac', 'cryptography.hazmat.backends.openssl.dh', 'cryptography.hazmat.backends.openssl.dsa', 'cryptography.hazmat.backends.openssl.utils', 'cryptography.hazmat.backends.openssl.ec', 'cryptography.hazmat.backends.openssl.ed448', 'cryptography.hazmat.backends.openssl.ed25519', 'cryptography.hazmat.backends.openssl.hashes', 'cryptography.hazmat.backends.openssl.hmac', 'cryptography.hazmat.backends.openssl.poly1305', 'cryptography.hazmat.backends.openssl.rsa', 'cryptography.hazmat.backends.openssl.x448', 'cryptography.hazmat.bindings.openssl', 'cryptography.hazmat.bindings.openssl.binding', 'cryptography.hazmat.bindings.openssl._conditional', 'cryptography.hazmat.primitives.kdf', 'cryptography.hazmat.primitives.kdf.scrypt', 'cryptography.hazmat.primitives.serialization.pkcs12', 'paramiko.client', 'paramiko.agent', 'paramiko.hostkeys', 'paramiko.auth_strategy', 'paramiko.sftp_server', 'paramiko.sftp_si', 'paramiko.sftp_handle', 'paramiko.proxy', 'sshtunnel', 'socketserver', 'utils', 'utils.exceptions', 'utils.logging', 'utils.complier', 'utils.rawdata_elements', 'common.pc_piechart', 'matplotlib', 'distutils', 'distutils.version', 'matplotlib.cbook', 'gzip', 'numpy', 'numpy._globals', 'numpy.__config__', 'numpy.version', 'numpy._distributor_init', 'numpy.core', 'numpy.core.multiarray', 'numpy.core.overrides', 'numpy.core._multiarray_umath', 'numpy.compat', 'numpy.compat._inspect', 'numpy.compat.py3k', 'numpy.core.umath', 'numpy.core.numerictypes', 'numbers', 'numpy.core._string_helpers', 'numpy.core._type_aliases', 'numpy.core._dtype', 'numpy.core.numeric', 'numpy.core.shape_base', 'numpy.core._asarray', 'numpy.core.fromnumeric', 'numpy.core._methods', 'numpy.core._exceptions', 'numpy.core._ufunc_config', 'numpy.core.arrayprint', 'numpy.core.defchararray', 'numpy.core.records', 'numpy.core.memmap', 'numpy.core.function_base', 'numpy.core.machar', 'numpy.core.getlimits', 'numpy.core.einsumfunc', 'numpy.core._add_newdocs', 'numpy.core._multiarray_tests', 'numpy.core._dtype_ctypes', 'numpy.core._internal', 'numpy._pytesttester', 'numpy.lib', 'numpy.lib.mixins', 'numpy.lib.scimath', 'numpy.lib.type_check', 'numpy.lib.ufunclike', 'numpy.lib.index_tricks', 'numpy.matrixlib', 'numpy.matrixlib.defmatrix', 'numpy.linalg', 'numpy.linalg.linalg', 'numpy.lib.twodim_base', 'numpy.linalg.lapack_lite', 'numpy.linalg._umath_linalg', 'numpy.lib.function_base', 'numpy.lib.histograms', 'numpy.lib.stride_tricks', 'numpy.lib.nanfunctions', 'numpy.lib.shape_base', 'numpy.lib.polynomial', 'numpy.lib.utils', 'numpy.lib.arraysetops', 'numpy.lib.npyio', 'numpy.lib.format', 'numpy.lib._datasource', 'numpy.lib._iotools', 'numpy.lib.financial', 'decimal', '_decimal', 'numpy.lib.arrayterator', 'numpy.lib.arraypad', 'numpy.lib._version', 'numpy.fft', 'numpy.fft._pocketfft', 'numpy.fft._pocketfft_internal', 'numpy.fft.helper', 'numpy.polynomial', 'numpy.polynomial.polynomial', 'numpy.polynomial.polyutils', 'numpy.polynomial._polybase', 'numpy.polynomial.chebyshev', 'numpy.polynomial.legendre', 'numpy.polynomial.hermite', 'numpy.polynomial.hermite_e', 'numpy.polynomial.laguerre', 'numpy.random', 'numpy.random._pickle', 'numpy.random.mtrand', 'cython_runtime', 'numpy.random.bit_generator', '_cython_0_29_21', 'numpy.random._common', 'secrets', 'numpy.random._bounded_integers', 'numpy.random._mt19937', 'numpy.random._philox', 'numpy.random._pcg64', 'numpy.random._sfc64', 'numpy.random._generator', 'numpy.ctypeslib', 'numpy.ma', 'numpy.ma.core', 'numpy.ma.extras', 'numpy.testing', 'unittest', 'unittest.result', 'unittest.util', 'unittest.case', 'difflib', 'unittest.suite', 'unittest.loader', 'unittest.main', 'unittest.runner', 'unittest.signals', 'numpy.testing._private', 'numpy.testing._private.utils', 'gc', 'numpy.testing._private.decorators', 'numpy.testing._private.nosetester', 'matplotlib.cbook.deprecation', 'matplotlib.rcsetup', 'matplotlib.animation', 'uuid', 'ctypes.util', 'matplotlib._animation_data', 'matplotlib.fontconfig_pattern', 'pyparsing', 'pyparsing.util', 'pyparsing.exceptions', 'pyparsing.unicode', 'pyparsing.actions', 'pyparsing.core', 'pyparsing.results', 'pyparsing.helpers', 'html', 'html.entities', 'pyparsing.testing', 'pyparsing.common', 'matplotlib.colors', 'matplotlib.docstring', 'matplotlib._color_data', 'cycler', 'matplotlib._version', 'matplotlib.ft2font', 'dateutil', 'dateutil._version', 'kiwisolver']
2026-06-26 14:52:20,591 DEBUG matplotlib: CACHEDIR=/tmp/tmpgguf6pb0
2026-06-26 14:52:20,592 INFO matplotlib.font_manager: Generating new fontManager, this may take some time...
2026-06-26 14:52:20,592 DEBUG matplotlib.font_manager: font search path [PosixPath('/tmp/_MEIF0qp76/matplotlib/mpl-data/fonts/ttf'), PosixPath('/tmp/_MEIF0qp76/matplotlib/mpl-data/fonts/afm'), PosixPath('/tmp/_MEIF0qp76/matplotlib/mpl-data/fonts/pdfcorefonts')]
2026-06-26 14:52:20,878 DEBUG matplotlib.pyplot: Loaded backend agg version unknown.
2026-06-26 14:52:21,771 DEBUG urllib3.connectionpool: Starting new HTTP connection (1): 127.0.0.1:50123
2026-06-26 14:52:21,771 INFO common.api_common: load json file /opt/mcProfiler-linux/config/workgroup_memory.pcd error, so try to decrypt: Expecting value: line 1 column 1 (char 0)
2026-06-26 14:52:21,772 INFO common.api_common: load json file /opt/mcProfiler-linux/config/summary.pcd error, so try to decrypt: Expecting value: line 1 column 1 (char 0)
2026-06-26 14:52:21,772 INFO common.api_common: load json file /opt/mcProfiler-linux/config/occupancy.pcd error, so try to decrypt: Expecting value: line 1 column 1 (char 0)
2026-06-26 14:52:21,773 INFO common.api_common: load json file /opt/mcProfiler-linux/config/memory_statistics.pcd error, so try to decrypt: Expecting value: line 1 column 1 (char 0)
2026-06-26 14:52:21,774 INFO common.api_common: load json file /opt/mcProfiler-linux/config/isu_statistics.pcd error, so try to decrypt: Expecting value: line 1 column 1 (char 0)
2026-06-26 14:52:21,774 INFO common.api_common: load json file /opt/mcProfiler-linux/config/internal.pcd error, so try to decrypt: Expecting value: line 1 column 1 (char 0)
2026-06-26 14:52:21,774 INFO common.api_common: load json file /opt/mcProfiler-linux/config/instruction_statistics.pcd error, so try to decrypt: Expecting value: line 1 column 1 (char 0)
2026-06-26 14:52:21,774 INFO common.api_common: load json file /opt/mcProfiler-linux/config/gpu_throughput_statistics.pcd error, so try to decrypt: Expecting value: line 1 column 1 (char 0)
2026-06-26 14:52:21,775 INFO common.api_common: load json file /opt/mcProfiler-linux/config/compute_workload.pcd error, so try to decrypt: Expecting value: line 1 column 1 (char 0)
2026-06-26 14:52:21,775 INFO common.api_common: load json file /opt/mcProfiler-linux/config/ce_statistics.pcd error, so try to decrypt: Expecting value: line 1 column 1 (char 0)
2026-06-26 14:52:21,783 INFO werkzeug:  * Running on http://127.0.0.1:50123/ (Press CTRL+C to quit)
2026-06-26 14:52:22,274 DEBUG urllib3.connectionpool: Starting new HTTP connection (1): 127.0.0.1:50123
2026-06-26 14:52:22,277 INFO werkzeug: 127.0.0.1 - - [26/Jun/2026 14:52:22] "GET / HTTP/1.1" 200 -
2026-06-26 14:52:22,277 DEBUG urllib3.connectionpool: http://127.0.0.1:50123 "GET / HTTP/1.1" 200 29
2026-06-26 14:52:22,278 DEBUG urllib3.connectionpool: Starting new HTTP connection (1): 127.0.0.1:50123
2026-06-26 14:52:22,280 INFO werkzeug: 127.0.0.1 - - [26/Jun/2026 14:52:22] "GET /show_metrics HTTP/1.1" 200 -
2026-06-26 14:52:22,280 DEBUG urllib3.connectionpool: http://127.0.0.1:50123 "GET /show_metrics HTTP/1.1" 200 1989
2026-06-26 14:52:22,282 DEBUG urllib3.connectionpool: Starting new HTTP connection (1): 127.0.0.1:50123
2026-06-26 14:52:22,295 INFO phttp.http_server: start a new perf exec thread
2026-06-26 14:52:22,296 INFO phttp.server_backend: start perf_exec
2026-06-26 14:52:22,296 INFO phttp.http_server: new exec 32267cbd-cae5-4429-9dda-968249fcc4ed:('export MACA_PATH=/opt/maca/; export LD_LIBRARY_PATH=/opt/maca/lib/:${LD_LIBRARY_PATH}; ./test_maca', 'engram_hash_v9_best', ['WORKGROUPS', 'WAVES', 'Average Wave life cycles', 'instruction per cycle', 'instruction throughput', 'instruction throughput efficiency', 'AP active cycles', 'AP MTE Duty ratio', 'AP STE Duty ratio', 'AP MMA Duty ratio', 'VLS Duty ratio', 'L2C Duty ratio', 'Compute Instructions Cycles Rate', 'DPC Computing cycles comparison', 'Instructions Comparison', 'ISU stall cycles layout', 'instruction number', 'instructions per AP', 'RoofLine', 'Global Read Instructions', 'Global Write Instructions', 'Global Atomic Instructions', 'Private Read Instructions', 'Private Write Instructions', 'Constant Read Instructions', 'Constant Read SL1 Instructions', 'Constant Read L2 Instructions', 'Constant SL1 Hit Rate', 'VL1 Read Instructions', 'VL1 Write Instructions', 'VL1 Atomic Instructions', 'VL1 Hit Rate', 'L2C Read Instructions', 'L2C Write Instructions', 'L2C Atomic Instructions', 'L2C Hit Rate', 'Total Atomic Instructions', 'Dnoc Read Req', 'Dnoc Write Req', 'Global Memory Read bytes', 'Global Memory Write bytes', 'Memory Data Flow Chart', 'Dnoc Read Average Latency', 'Dnoc Read Latency Histogram', 'VL1 partition stall cycles layout', 'Achieved waves', 'Dispatched waves', 'Total Instructions', 'Compute Instructions', 'Memory Instructions', 'Total Cycles', 'Memory Access per Second', 'Average AP busy cycles', 'AP busy Duty', 'Compute Instructions busy Duty', 'load instructions', 'store instructions', 'atomic instructions', 'total instructions', 'average latency per load instruction', 'average latency per store instruction', 'average latency per atomic instruction', 'average latency of all stages per instruction', 'average cycles per load instruction', 'average cycles per store instruction', 'average cycles per atomic instruction', 'average conflict cycles per instruction', 'average cycles per instruction', 'shared memory access efficiency'])
2026-06-26 14:52:22,296 INFO werkzeug: 127.0.0.1 - - [26/Jun/2026 14:52:22] "POST /perf_exec HTTP/1.1" 200 -
2026-06-26 14:52:22,297 INFO common.api_common: ret_code cmdline_str: env
2026-06-26 14:52:22,298 DEBUG urllib3.connectionpool: http://127.0.0.1:50123 "POST /perf_exec HTTP/1.1" 200 51
2026-06-26 14:52:22,308 INFO common.api_common: ret_code cmdline_str: ls /sys/devices/virtual/mxcd/
2026-06-26 14:52:22,315 INFO common.api_common: ret_code cmdline_str: ls /sys/devices/virtual/mxcd/mxcd/layout/nodes/
2026-06-26 14:52:22,321 INFO phttp.server_backend: get_device_info.layout nodes: ['0', '1', '2', '3', '4', '5', '6', '7', '8', '9']
2026-06-26 14:52:22,321 INFO common.api_common: ret_code cmdline_str: cat /sys/devices/virtual/mxcd/mxcd/layout/nodes//0/gpu_id
2026-06-26 14:52:22,326 INFO phttp.server_backend: get_device_info.node 0 gpu_id 0
2026-06-26 14:52:22,326 INFO common.api_common: ret_code cmdline_str: cat /sys/devices/virtual/mxcd/mxcd/layout/nodes//1/gpu_id
2026-06-26 14:52:22,331 INFO phttp.server_backend: get_device_info.node 1 gpu_id 0
2026-06-26 14:52:22,331 INFO common.api_common: ret_code cmdline_str: cat /sys/devices/virtual/mxcd/mxcd/layout/nodes//2/gpu_id
2026-06-26 14:52:22,336 INFO phttp.server_backend: get_device_info.node 2 gpu_id 64198
2026-06-26 14:52:22,336 INFO phttp.server_backend: get_device_info.using node id 2
2026-06-26 14:52:22,336 INFO common.api_common: ret_code cmdline_str: cat /sys/devices/virtual/mxcd/mxcd/layout/nodes//3/gpu_id
2026-06-26 14:52:22,341 INFO phttp.server_backend: get_device_info.node 3 gpu_id 27143
2026-06-26 14:52:22,341 INFO phttp.server_backend: get_device_info.using node id 3
2026-06-26 14:52:22,341 INFO common.api_common: ret_code cmdline_str: cat /sys/devices/virtual/mxcd/mxcd/layout/nodes//4/gpu_id
2026-06-26 14:52:22,346 INFO phttp.server_backend: get_device_info.node 4 gpu_id 22597
2026-06-26 14:52:22,346 INFO phttp.server_backend: get_device_info.using node id 4
2026-06-26 14:52:22,346 INFO common.api_common: ret_code cmdline_str: cat /sys/devices/virtual/mxcd/mxcd/layout/nodes//5/gpu_id
2026-06-26 14:52:22,351 INFO phttp.server_backend: get_device_info.node 5 gpu_id 24589
2026-06-26 14:52:22,351 INFO phttp.server_backend: get_device_info.using node id 5
2026-06-26 14:52:22,351 INFO common.api_common: ret_code cmdline_str: cat /sys/devices/virtual/mxcd/mxcd/layout/nodes//6/gpu_id
2026-06-26 14:52:22,356 INFO phttp.server_backend: get_device_info.node 6 gpu_id 18772
2026-06-26 14:52:22,356 INFO phttp.server_backend: get_device_info.using node id 6
2026-06-26 14:52:22,356 INFO common.api_common: ret_code cmdline_str: cat /sys/devices/virtual/mxcd/mxcd/layout/nodes//7/gpu_id
2026-06-26 14:52:22,361 INFO phttp.server_backend: get_device_info.node 7 gpu_id 61138
2026-06-26 14:52:22,361 INFO phttp.server_backend: get_device_info.using node id 7
2026-06-26 14:52:22,361 INFO common.api_common: ret_code cmdline_str: cat /sys/devices/virtual/mxcd/mxcd/layout/nodes//8/gpu_id
2026-06-26 14:52:22,366 INFO phttp.server_backend: get_device_info.node 8 gpu_id 8082
2026-06-26 14:52:22,367 INFO phttp.server_backend: get_device_info.using node id 8
2026-06-26 14:52:22,367 INFO common.api_common: ret_code cmdline_str: cat /sys/devices/virtual/mxcd/mxcd/layout/nodes//9/gpu_id
2026-06-26 14:52:22,372 INFO phttp.server_backend: get_device_info.node 9 gpu_id 11728
2026-06-26 14:52:22,372 INFO phttp.server_backend: get_device_info.using node id 9
2026-06-26 14:52:22,372 INFO common.api_common: ret_code cmdline_str: cat /sys/devices/virtual/mxcd/mxcd/layout/nodes//2/properties
2026-06-26 14:52:22,377 ERROR phttp.server_backend: get_device_info.parse 2 device info vbios_version 1.25.1.0 error.
2026-06-26 14:52:22,377 ERROR phttp.server_backend: get_device_info.parse 2 device info  error.
2026-06-26 14:52:22,377 ERROR phttp.server_backend: get_device_info.parse 2 device info  error.
2026-06-26 14:52:22,377 INFO common.api_common: ret_code cmdline_str: cat /sys/devices/virtual/mxcd/mxcd/layout/nodes//3/properties
2026-06-26 14:52:22,382 ERROR phttp.server_backend: get_device_info.parse 3 device info vbios_version 1.25.1.0 error.
2026-06-26 14:52:22,382 INFO common.api_common: ret_code cmdline_str: cat /sys/devices/virtual/mxcd/mxcd/layout/nodes//4/properties
2026-06-26 14:52:22,387 ERROR phttp.server_backend: get_device_info.parse 4 device info vbios_version 1.25.1.0 error.
2026-06-26 14:52:22,387 ERROR phttp.server_backend: get_device_info.parse 4 device info  error.
2026-06-26 14:52:22,387 ERROR phttp.server_backend: get_device_info.parse 4 device info  error.
2026-06-26 14:52:22,387 INFO common.api_common: ret_code cmdline_str: cat /sys/devices/virtual/mxcd/mxcd/layout/nodes//5/properties
2026-06-26 14:52:22,392 ERROR phttp.server_backend: get_device_info.parse 5 device info vbios_version 1.25.1.0 error.
2026-06-26 14:52:22,392 INFO common.api_common: ret_code cmdline_str: cat /sys/devices/virtual/mxcd/mxcd/layout/nodes//6/properties
2026-06-26 14:52:22,397 ERROR phttp.server_backend: get_device_info.parse 6 device info vbios_version 1.25.1.0 error.
2026-06-26 14:52:22,397 ERROR phttp.server_backend: get_device_info.parse 6 device info  error.
2026-06-26 14:52:22,397 INFO common.api_common: ret_code cmdline_str: cat /sys/devices/virtual/mxcd/mxcd/layout/nodes//7/properties
2026-06-26 14:52:22,402 ERROR phttp.server_backend: get_device_info.parse 7 device info vbios_version 1.25.1.0 error.
2026-06-26 14:52:22,402 ERROR phttp.server_backend: get_device_info.parse 7 device info  error.
2026-06-26 14:52:22,402 INFO common.api_common: ret_code cmdline_str: cat /sys/devices/virtual/mxcd/mxcd/layout/nodes//8/properties
2026-06-26 14:52:22,407 ERROR phttp.server_backend: get_device_info.parse 8 device info vbios_version 1.25.1.0 error.
2026-06-26 14:52:22,407 ERROR phttp.server_backend: get_device_info.parse 8 device info  error.
2026-06-26 14:52:22,408 INFO common.api_common: ret_code cmdline_str: cat /sys/devices/virtual/mxcd/mxcd/layout/nodes//9/properties
2026-06-26 14:52:22,412 ERROR phttp.server_backend: get_device_info.parse 9 device info vbios_version 1.25.1.0 error.
2026-06-26 14:52:22,413 ERROR phttp.server_backend: get_device_info.parse 9 device info  error.
2026-06-26 14:52:22,413 INFO phttp.server_backend: get_device_info.device_info: {'2': {'gpu_id': '64198', 'cpu_cores_count': 0, 'mem_banks_count': 1, 'direct_link_count': 4, 'indirect_link_count': 8, 'vendor_id': 39321, 'device_id': 16385, 'drm_render_minor': 128, 'isa_major': 10, 'isa_minor': 0, 'is_vf': 0, 'max_vf_nums': 8, 'domain': 0, 'location_id': 2048, 'num_sdma_engines': 5, 'num_sdma_queues_per_engine': 9, 'num_vpue_cores': 1, 'num_vpud_cores': 8, 'caches_count': 157, 'peu_id_base': 0, 'peu_count': 416, 'max_waves_per_peu': 8, 'wsm_size_in_kb': 64, 'wave_front_size': 64, 'dpc_count': 8, 'dpc0_ap_mask': 8191, 'dpc1_ap_mask': 73727, 'dpc2_ap_mask': 139263, 'dpc3_ap_mask': 204799, 'dpc4_ap_mask': 270335, 'dpc5_ap_mask': 344061, 'dpc6_ap_mask': 401407, 'dpc7_ap_mask': 466943, 'dpc_arrays': 1, 'ap_per_dpc': 13, 'peu_per_ap': 4, 'pri_mem_per_thread': 4, 'max_slots_private_ap': 32, 'num_ce_queues': 16, 'max_engine_clk_gpu': 1600, 'max_engine_clk_cpu': 3600, 'mgpu_id': 0, 'topology_id': 2, 'socket_id': 2, 'hbmecc': 1, 'local_mem_size': 68719476736, 'capability': 4432512, 'maxprocess': 10}, '3': {'gpu_id': '27143', 'cpu_cores_count': 0, 'mem_banks_count': 1, 'direct_link_count': 4, 'indirect_link_count': 8, 'vendor_id': 39321, 'device_id': 16385, 'drm_render_minor': 129, 'isa_major': 10, 'isa_minor': 0, 'is_vf': 0, 'max_vf_nums': 8, 'domain': 0, 'location_id': 2304, 'num_sdma_engines': 5, 'num_sdma_queues_per_engine': 9, 'num_vpue_cores': 1, 'num_vpud_cores': 8, 'caches_count': 157, 'peu_id_base': 0, 'peu_count': 416, 'max_waves_per_peu': 8, 'wsm_size_in_kb': 64, 'wave_front_size': 64, 'dpc_count': 8, 'dpc0_ap_mask': 8191, 'dpc1_ap_mask': 73727, 'dpc2_ap_mask': 139263, 'dpc3_ap_mask': 204799, 'dpc4_ap_mask': 270335, 'dpc5_ap_mask': 344062, 'dpc6_ap_mask': 401407, 'dpc7_ap_mask': 474623, 'dpc_arrays': 1, 'ap_per_dpc': 13, 'peu_per_ap': 4, 'pri_mem_per_thread': 4, 'max_slots_private_ap': 32, 'num_ce_queues': 16, 'max_engine_clk_gpu': 1600, 'max_engine_clk_cpu': 3600, 'mgpu_id': 0, 'topology_id': 2, 'socket_id': 0, 'hbmecc': 1, 'local_mem_size': 68719476736, 'capability': 4432512, 'maxprocess': 10}, '4': {'gpu_id': '22597', 'cpu_cores_count': 0, 'mem_banks_count': 1, 'direct_link_count': 4, 'indirect_link_count': 8, 'vendor_id': 39321, 'device_id': 16385, 'drm_render_minor': 130, 'isa_major': 10, 'isa_minor': 0, 'is_vf': 0, 'max_vf_nums': 8, 'domain': 0, 'location_id': 3584, 'num_sdma_engines': 5, 'num_sdma_queues_per_engine': 9, 'num_vpue_cores': 1, 'num_vpud_cores': 8, 'caches_count': 157, 'peu_id_base': 0, 'peu_count': 416, 'max_waves_per_peu': 8, 'wsm_size_in_kb': 64, 'wave_front_size': 64, 'dpc_count': 8, 'dpc0_ap_mask': 8191, 'dpc1_ap_mask': 73727, 'dpc2_ap_mask': 139263, 'dpc3_ap_mask': 204799, 'dpc4_ap_mask': 270335, 'dpc5_ap_mask': 335871, 'dpc6_ap_mask': 401407, 'dpc7_ap_mask': 466943, 'dpc_arrays': 1, 'ap_per_dpc': 13, 'peu_per_ap': 4, 'pri_mem_per_thread': 4, 'max_slots_private_ap': 32, 'num_ce_queues': 16, 'max_engine_clk_gpu': 1600, 'max_engine_clk_cpu': 3600, 'mgpu_id': 0, 'topology_id': 2, 'socket_id': 3, 'hbmecc': 1, 'local_mem_size': 68719476736, 'capability': 4432512, 'maxprocess': 10}, '5': {'gpu_id': '24589', 'cpu_cores_count': 0, 'mem_banks_count': 1, 'direct_link_count': 4, 'indirect_link_count': 8, 'vendor_id': 39321, 'device_id': 16385, 'drm_render_minor': 131, 'isa_major': 10, 'isa_minor': 0, 'is_vf': 0, 'max_vf_nums': 8, 'domain': 0, 'location_id': 4352, 'num_sdma_engines': 5, 'num_sdma_queues_per_engine': 9, 'num_vpue_cores': 1, 'num_vpud_cores': 8, 'caches_count': 157, 'peu_id_base': 0, 'peu_count': 416, 'max_waves_per_peu': 8, 'wsm_size_in_kb': 64, 'wave_front_size': 64, 'dpc_count': 8, 'dpc0_ap_mask': 8191, 'dpc1_ap_mask': 73727, 'dpc2_ap_mask': 139263, 'dpc3_ap_mask': 204799, 'dpc4_ap_mask': 270335, 'dpc5_ap_mask': 335871, 'dpc6_ap_mask': 401407, 'dpc7_ap_mask': 466943, 'dpc_arrays': 1, 'ap_per_dpc': 13, 'peu_per_ap': 4, 'pri_mem_per_thread': 4, 'max_slots_private_ap': 32, 'num_ce_queues': 16, 'max_engine_clk_gpu': 1600, 'max_engine_clk_cpu': 3600, 'mgpu_id': 0, 'topology_id': 2, 'socket_id': 1, 'hbmecc': 1, 'local_mem_size': 68719476736, 'capability': 4432512, 'maxprocess': 10}, '6': {'gpu_id': '18772', 'cpu_cores_count': 0, 'mem_banks_count': 1, 'direct_link_count': 4, 'indirect_link_count': 8, 'vendor_id': 39321, 'device_id': 16385, 'drm_render_minor': 132, 'isa_major': 10, 'isa_minor': 0, 'is_vf': 0, 'max_vf_nums': 8, 'domain': 0, 'location_id': 12800, 'num_sdma_engines': 5, 'num_sdma_queues_per_engine': 9, 'num_vpue_cores': 1, 'num_vpud_cores': 8, 'caches_count': 157, 'peu_id_base': 0, 'peu_count': 416, 'max_waves_per_peu': 8, 'wsm_size_in_kb': 64, 'wave_front_size': 64, 'dpc_count': 8, 'dpc0_ap_mask': 8191, 'dpc1_ap_mask': 73727, 'dpc2_ap_mask': 139263, 'dpc3_ap_mask': 204799, 'dpc4_ap_mask': 270335, 'dpc5_ap_mask': 335871, 'dpc6_ap_mask': 407551, 'dpc7_ap_mask': 466943, 'dpc_arrays': 1, 'ap_per_dpc': 13, 'peu_per_ap': 4, 'pri_mem_per_thread': 4, 'max_slots_private_ap': 32, 'num_ce_queues': 16, 'max_engine_clk_gpu': 1600, 'max_engine_clk_cpu': 3600, 'mgpu_id': 0, 'topology_id': 2, 'socket_id': 0, 'hbmecc': 1, 'local_mem_size': 68719476736, 'capability': 4432512, 'maxprocess': 10}, '7': {'gpu_id': '61138', 'cpu_cores_count': 0, 'mem_banks_count': 1, 'direct_link_count': 4, 'indirect_link_count': 8, 'vendor_id': 39321, 'device_id': 16385, 'drm_render_minor': 133, 'isa_major': 10, 'isa_minor': 0, 'is_vf': 0, 'max_vf_nums': 8, 'domain': 0, 'location_id': 14336, 'num_sdma_engines': 5, 'num_sdma_queues_per_engine': 9, 'num_vpue_cores': 1, 'num_vpud_cores': 8, 'caches_count': 157, 'peu_id_base': 0, 'peu_count': 416, 'max_waves_per_peu': 8, 'wsm_size_in_kb': 64, 'wave_front_size': 64, 'dpc_count': 8, 'dpc0_ap_mask': 8191, 'dpc1_ap_mask': 73727, 'dpc2_ap_mask': 139263, 'dpc3_ap_mask': 204799, 'dpc4_ap_mask': 270335, 'dpc5_ap_mask': 335871, 'dpc6_ap_mask': 401407, 'dpc7_ap_mask': 466943, 'dpc_arrays': 1, 'ap_per_dpc': 13, 'peu_per_ap': 4, 'pri_mem_per_thread': 4, 'max_slots_private_ap': 32, 'num_ce_queues': 16, 'max_engine_clk_gpu': 1600, 'max_engine_clk_cpu': 3600, 'mgpu_id': 0, 'topology_id': 2, 'socket_id': 2, 'hbmecc': 1, 'local_mem_size': 68719476736, 'capability': 4432512, 'maxprocess': 10}, '8': {'gpu_id': '8082', 'cpu_cores_count': 0, 'mem_banks_count': 1, 'direct_link_count': 4, 'indirect_link_count': 8, 'vendor_id': 39321, 'device_id': 16385, 'drm_render_minor': 134, 'isa_major': 10, 'isa_minor': 0, 'is_vf': 0, 'max_vf_nums': 8, 'domain': 0, 'location_id': 15104, 'num_sdma_engines': 5, 'num_sdma_queues_per_engine': 9, 'num_vpue_cores': 1, 'num_vpud_cores': 8, 'caches_count': 157, 'peu_id_base': 0, 'peu_count': 416, 'max_waves_per_peu': 8, 'wsm_size_in_kb': 64, 'wave_front_size': 64, 'dpc_count': 8, 'dpc0_ap_mask': 8191, 'dpc1_ap_mask': 73727, 'dpc2_ap_mask': 139263, 'dpc3_ap_mask': 204799, 'dpc4_ap_mask': 270335, 'dpc5_ap_mask': 344031, 'dpc6_ap_mask': 401407, 'dpc7_ap_mask': 466943, 'dpc_arrays': 1, 'ap_per_dpc': 13, 'peu_per_ap': 4, 'pri_mem_per_thread': 4, 'max_slots_private_ap': 32, 'num_ce_queues': 16, 'max_engine_clk_gpu': 1600, 'max_engine_clk_cpu': 3600, 'mgpu_id': 0, 'topology_id': 2, 'socket_id': 3, 'hbmecc': 1, 'local_mem_size': 68719476736, 'capability': 4432512, 'maxprocess': 10}, '9': {'gpu_id': '11728', 'cpu_cores_count': 0, 'mem_banks_count': 1, 'direct_link_count': 4, 'indirect_link_count': 8, 'vendor_id': 39321, 'device_id': 16385, 'drm_render_minor': 135, 'isa_major': 10, 'isa_minor': 0, 'is_vf': 0, 'max_vf_nums': 8, 'domain': 0, 'location_id': 15360, 'num_sdma_engines': 5, 'num_sdma_queues_per_engine': 9, 'num_vpue_cores': 1, 'num_vpud_cores': 8, 'caches_count': 157, 'peu_id_base': 0, 'peu_count': 416, 'max_waves_per_peu': 8, 'wsm_size_in_kb': 64, 'wave_front_size': 64, 'dpc_count': 8, 'dpc0_ap_mask': 8191, 'dpc1_ap_mask': 73727, 'dpc2_ap_mask': 139263, 'dpc3_ap_mask': 204799, 'dpc4_ap_mask': 270335, 'dpc5_ap_mask': 335871, 'dpc6_ap_mask': 401407, 'dpc7_ap_mask': 466943, 'dpc_arrays': 1, 'ap_per_dpc': 13, 'peu_per_ap': 4, 'pri_mem_per_thread': 4, 'max_slots_private_ap': 32, 'num_ce_queues': 16, 'max_engine_clk_gpu': 1600, 'max_engine_clk_cpu': 3600, 'mgpu_id': 0, 'topology_id': 2, 'socket_id': 1, 'hbmecc': 1, 'local_mem_size': 68719476736, 'capability': 4432512, 'maxprocess': 10}}
2026-06-26 14:52:22,413 INFO phttp.server_backend: start generate batch files
2026-06-26 14:52:22,414 INFO utils.complier: analyse  formula:[]
2026-06-26 14:52:22,414 INFO utils.complier: analyse  formula:[{'type': 'PRE_VAR', 'value': '@compute_instructions'}, {'type': 'PRE_VAR', 'value': '@memory_instructions'}]
2026-06-26 14:52:22,414 INFO utils.complier: analyse  formula:[]
2026-06-26 14:52:22,414 INFO utils.complier: analyse  formula:[]
2026-06-26 14:52:22,414 INFO utils.complier: analyse  formula:[{'type': 'PRE_VAR', 'value': '@compute_instructions'}]
2026-06-26 14:52:22,414 INFO utils.complier: analyse  formula:[]
2026-06-26 14:52:22,414 INFO utils.complier: analyse  formula:[]
2026-06-26 14:52:22,414 INFO utils.complier: analyse  formula:[{'type': 'PRE_VAR', 'value': '@memory_instructions'}]
2026-06-26 14:52:22,414 INFO utils.complier: analyse  formula:[]
2026-06-26 14:52:22,414 INFO utils.complier: analyse  formula:[{'type': 'VARIABLE', 'value': '{{CE.CE_PERF_BUSY_CYCLES}}'}]
2026-06-26 14:52:22,414 INFO utils.complier: analyse  formula:[]
2026-06-26 14:52:22,414 INFO utils.complier: analyse  formula:[]
2026-06-26 14:52:22,415 INFO utils.complier: analyse  formula:[{'type': 'VARIABLE', 'value': '{{L2C.perf_dnoc_rdreq_32B}}'}, {'type': 'VARIABLE', 'value': '{{L2C.perf_dnoc_rdreq_64B}}'}, {'type': 'VARIABLE', 'value': '{{L2C.perf_dnoc_rdreq_128B}}'}, {'type': 'VARIABLE', 'value': '{{L2C.perf_dnoc_wrreq_32B_low}}'}, {'type': 'VARIABLE', 'value': '{{L2C.perf_dnoc_wrreq_32B_high}}'}, {'type': 'VARIABLE', 'value': '{{L2C.perf_dnoc_wrreq_64B}}'}, {'type': 'VARIABLE', 'value': '{{L2C.perf_dnoc_wrreq_128B}}'}, {'type': 'VARIABLE', 'value': '{{ISU.AP_PERF_ISU_AP_BUSY}}'}]
2026-06-26 14:52:22,415 INFO utils.complier: analyse  formula:[]
2026-06-26 14:52:22,416 INFO utils.complier: analyse  formula:[]
2026-06-26 14:52:22,416 INFO utils.complier: analyse  formula:[{'type': 'VARIABLE', 'value': '{{ISU.AP_PERF_ISU_AP_BUSY}}'}]
2026-06-26 14:52:22,416 INFO utils.complier: analyse  formula:[]
2026-06-26 14:52:22,416 INFO utils.complier: analyse  formula:[]
2026-06-26 14:52:22,417 INFO utils.complier: analyse  formula:[{'type': 'VARIABLE', 'value': '{{ISU.AP_PERF_ISU_AP_BUSY}}'}, {'type': 'VARIABLE', 'value': '{{CE.CE_PERF_BUSY_CYCLES}}'}]
2026-06-26 14:52:22,417 INFO utils.complier: analyse  formula:[]
2026-06-26 14:52:22,417 INFO utils.complier: analyse  formula:[]
2026-06-26 14:52:22,417 INFO utils.complier: analyse  formula:[{'type': 'VARIABLE', 'value': '{{ISU.AP_PERF_INST_CYCLES_VALU}}'}, {'type': 'VARIABLE', 'value': '{{ISU.AP_PERF_INST_CYCLES_MMA}}'}, {'type': 'VARIABLE', 'value': '{{ISU.AP_PERF_ISU_AP_BUSY}}'}]
2026-06-26 14:52:22,417 INFO utils.complier: analyse  formula:[]
2026-06-26 14:52:22,417 INFO utils.complier: analyse  formula:[]
2026-06-26 14:52:22,417 INFO utils.complier: analyse  formula:[{'type': 'VARIABLE', 'value': '{{CE.CE_PERF_SEND_RM_WORKGROUPS}}'}]
2026-06-26 14:52:22,417 INFO utils.complier: analyse  formula:[]
2026-06-26 14:52:22,417 INFO utils.complier: analyse  formula:[]
2026-06-26 14:52:22,417 INFO utils.complier: analyse  formula:[{'type': 'VARIABLE', 'value': '{{CE.CE_PERF_SEND_RM_WAVES}}'}]
2026-06-26 14:52:22,417 INFO utils.complier: analyse  formula:[]
2026-06-26 14:52:22,417 INFO utils.complier: analyse  formula:[]
2026-06-26 14:52:22,418 INFO utils.complier: analyse  formula:[{'type': 'VARIABLE', 'value': '{{RM.RM_PERF_WAVES_InFlight_Level_P0}}'}, {'type': 'VARIABLE', 'value': '{{RM.RM_PERF_WAVES_InFlight_Level_P1}}'}, {'type': 'VARIABLE', 'value': '{{RM.RM_PERF_WAVES_InFlight_Level_P2}}'}, {'type': 'VARIABLE', 'value': '{{RM.RM_PERF_WAVES_InFlight_Level_P3}}'}, {'type': 'VARIABLE', 'value': '{{CE.CE_PERF_SEND_RM_WAVES}}'}]
2026-06-26 14:52:22,418 INFO utils.complier: analyse  formula:[]
2026-06-26 14:52:22,418 INFO utils.complier: analyse  formula:[]
2026-06-26 14:52:22,419 INFO utils.complier: analyse  formula:[{'type': 'VARIABLE', 'value': '{{ISU.AP_PERF_INST_CYCLES_VALU_4CYCLES}}'}, {'type': 'VARIABLE', 'value': '{{ISU.AP_PERF_INST_CYCLES_VALU_16CYCLES}}'}, {'type': 'VARIABLE', 'value': '{{ISU.AP_PERF_INST_CYCLES_MMA_16CYCLES}}'}, {'type': 'VARIABLE', 'value': '{{ISU.AP_PERF_INST_CYCLES_MMA_32CYCLES}}'}]
2026-06-26 14:52:22,419 INFO utils.complier: analyse  formula:[]
2026-06-26 14:52:22,420 INFO utils.complier: analyse  formula:[]
2026-06-26 14:52:22,421 INFO utils.complier: analyse  formula:[{'type': 'VARIABLE_DICT', 'value': '{{{ISU.AP_PERF_INST_CYCLES_MMA}}}'}, {'type': 'VARIABLE_DICT', 'value': '{{{ISU.AP_PERF_INST_CYCLES_MMA}}}'}, {'type': 'VARIABLE_DICT', 'value': '{{{ISU.AP_PERF_INST_CYCLES_VALU}}}'}]
2026-06-26 14:52:22,421 INFO utils.complier: analyse  formula:[]
2026-06-26 14:52:22,422 INFO utils.complier: analyse  formula:[]
2026-06-26 14:52:22,422 INFO utils.complier: analyse  formula:[{'type': 'VARIABLE', 'value': '{{ISU.AP_PERF_INSTS_VALU}}'}, {'type': 'VARIABLE', 'value': '{{ISU.AP_PERF_INSTS_MMA}}'}, {'type': 'VARIABLE', 'value': '{{ISU.AP_PERF_INSTS_SALU}}'}, {'type': 'VARIABLE', 'value': '{{ISU.AP_PERF_INSTS_GVM}}'}, {'type': 'VARIABLE', 'value': '{{ISU.AP_PERF_INSTS_BSM}}'}, {'type': 'VARIABLE', 'value': '{{ISU.AP_PERF_INSTS_LDU}}'}, {'type': 'VARIABLE', 'value': '{{ISU.AP_PERF_INST_MISC}}'}]
2026-06-26 14:52:22,423 INFO utils.complier: analyse  formula:[]
2026-06-26 14:52:22,424 INFO utils.complier: analyse  formula:[]
2026-06-26 14:52:22,425 INFO utils.complier: analyse  formula:[{'type': 'VARIABLE', 'value': '{{ISU.AP_PERF_ISU_ARB_WSM_STALL}}'}, {'type': 'VARIABLE', 'value': '{{ISU.AP_PERF_ISU_ARB_VLS_STALL}}'}, {'type': 'VARIABLE', 'value': '{{ISU.AP_PERF_ISU_ARB_DATA_STALL}}'}, {'type': 'VARIABLE', 'value': '{{ISU.AP_PERF_ISU_ARB_VALU_STALL}}'}]
2026-06-26 14:52:22,425 INFO utils.complier: analyse  formula:[]
2026-06-26 14:52:22,426 INFO utils.complier: analyse  formula:[]
2026-06-26 14:52:22,426 INFO utils.complier: analyse  formula:[]
2026-06-26 14:52:22,426 INFO utils.complier: analyse  formula:[{'type': 'PRE_VAR', 'value': '@global_insts_rd'}]
2026-06-26 14:52:22,426 INFO utils.complier: analyse  formula:[]
2026-06-26 14:52:22,426 INFO utils.complier: analyse  formula:[]
2026-06-26 14:52:22,426 INFO utils.complier: analyse  formula:[{'type': 'PRE_VAR', 'value': '@global_insts_wr'}]
2026-06-26 14:52:22,426 INFO utils.complier: analyse  formula:[]
2026-06-26 14:52:22,427 INFO utils.complier: analyse  formula:[{'type': 'VARIABLE', 'value': '{{ISU.AP_PERF_INST_GLOBAL_ATOMIC}}'}, {'type': 'VARIABLE', 'value': '{{ISU.AP_PERF_INST_GLOBAL_ATOMIC_64}}'}]
2026-06-26 14:52:22,427 INFO utils.complier: analyse  formula:[]
2026-06-26 14:52:22,427 INFO utils.complier: analyse  formula:[]
2026-06-26 14:52:22,427 INFO utils.complier: analyse  formula:[]
2026-06-26 14:52:22,427 INFO utils.complier: analyse  formula:[{'type': 'PRE_VAR', 'value': '@private_insts_rd'}]
2026-06-26 14:52:22,427 INFO utils.complier: analyse  formula:[]
2026-06-26 14:52:22,427 INFO utils.complier: analyse  formula:[]
2026-06-26 14:52:22,427 INFO utils.complier: analyse  formula:[{'type': 'PRE_VAR', 'value': '@private_insts_wr'}]
2026-06-26 14:52:22,427 INFO utils.complier: analyse  formula:[]
2026-06-26 14:52:22,427 INFO utils.complier: analyse  formula:[]
2026-06-26 14:52:22,427 INFO utils.complier: analyse  formula:[{'type': 'PRE_VAR', 'value': '@ldu_insts_rd'}]
2026-06-26 14:52:22,427 INFO utils.complier: analyse  formula:[]
2026-06-26 14:52:22,427 INFO utils.complier: analyse  formula:[]
2026-06-26 14:52:22,427 INFO utils.complier: analyse  formula:[{'type': 'PRE_VAR', 'value': '@sl1_rd'}]
2026-06-26 14:52:22,427 INFO utils.complier: analyse  formula:[]
2026-06-26 14:52:22,427 INFO utils.complier: analyse  formula:[]
2026-06-26 14:52:22,427 INFO utils.complier: analyse  formula:[{'type': 'PRE_VAR', 'value': '@sl1_l2c_rd'}]
2026-06-26 14:52:22,427 INFO utils.complier: analyse  formula:[]
2026-06-26 14:52:22,427 INFO utils.complier: analyse  formula:[]
2026-06-26 14:52:22,427 INFO utils.complier: analyse  formula:[{'type': 'PRE_VAR', 'value': '@sl1_hit_rate'}]
2026-06-26 14:52:22,428 INFO utils.complier: analyse  formula:[]
2026-06-26 14:52:22,428 INFO utils.complier: analyse  formula:[]
2026-06-26 14:52:22,428 INFO utils.complier: analyse  formula:[{'type': 'PRE_VAR', 'value': '@vl1_insts_rd'}]
2026-06-26 14:52:22,428 INFO utils.complier: analyse  formula:[]
2026-06-26 14:52:22,428 INFO utils.complier: analyse  formula:[]
2026-06-26 14:52:22,428 INFO utils.complier: analyse  formula:[{'type': 'PRE_VAR', 'value': '@vl1_insts_wr'}]
2026-06-26 14:52:22,428 INFO utils.complier: analyse  formula:[]
2026-06-26 14:52:22,428 INFO utils.complier: analyse  formula:[{'type': 'VARIABLE', 'value': '{{VL1.p_total_atomic_instruction_event}}'}]
2026-06-26 14:52:22,428 INFO utils.complier: analyse  formula:[]
2026-06-26 14:52:22,428 INFO utils.complier: analyse  formula:[]
2026-06-26 14:52:22,428 INFO utils.complier: analyse  formula:[]
2026-06-26 14:52:22,428 INFO utils.complier: analyse  formula:[{'type': 'PRE_VAR', 'value': '@vl1_hit_rate'}]
2026-06-26 14:52:22,428 INFO utils.complier: analyse  formula:[]
2026-06-26 14:52:22,428 INFO utils.complier: analyse  formula:[]
2026-06-26 14:52:22,428 INFO utils.complier: analyse  formula:[{'type': 'PRE_VAR', 'value': '@l2c_insts_rd'}]
2026-06-26 14:52:22,428 INFO utils.complier: analyse  formula:[]
2026-06-26 14:52:22,428 INFO utils.complier: analyse  formula:[]
2026-06-26 14:52:22,428 INFO utils.complier: analyse  formula:[{'type': 'PRE_VAR', 'value': '@l2c_insts_wr'}]
2026-06-26 14:52:22,428 INFO utils.complier: analyse  formula:[]
2026-06-26 14:52:22,428 INFO utils.complier: analyse  formula:[{'type': 'VARIABLE', 'value': '{{L2C.perf_atomic_req}}'}]
2026-06-26 14:52:22,429 INFO utils.complier: analyse  formula:[]
2026-06-26 14:52:22,429 INFO utils.complier: analyse  formula:[]
2026-06-26 14:52:22,429 INFO utils.complier: analyse  formula:[]
2026-06-26 14:52:22,429 INFO utils.complier: analyse  formula:[{'type': 'PRE_VAR', 'value': '@l2c_hit_rate'}]
2026-06-26 14:52:22,429 INFO utils.complier: analyse  formula:[]
2026-06-26 14:52:22,429 INFO utils.complier: analyse  formula:[{'type': 'VARIABLE', 'value': '{{ISU.AP_PERF_INSTS_GVM_ATOMIC}}'}, {'type': 'VARIABLE', 'value': '{{ISU.AP_PERF_INST_BSM_ATOMIC}}'}]
2026-06-26 14:52:22,429 INFO utils.complier: analyse  formula:[]
2026-06-26 14:52:22,429 INFO utils.complier: analyse  formula:[]
2026-06-26 14:52:22,429 INFO utils.complier: analyse  formula:[{'type': 'VARIABLE', 'value': '{{L2C.perf_dnoc_rdreq}}'}]
2026-06-26 14:52:22,429 INFO utils.complier: analyse  formula:[]
2026-06-26 14:52:22,429 INFO utils.complier: analyse  formula:[]
2026-06-26 14:52:22,429 INFO utils.complier: analyse  formula:[{'type': 'VARIABLE', 'value': '{{L2C.perf_dnoc_wrreq}}'}]
2026-06-26 14:52:22,429 INFO utils.complier: analyse  formula:[]
2026-06-26 14:52:22,429 INFO utils.complier: analyse  formula:[]
2026-06-26 14:52:22,429 INFO utils.complier: analyse  formula:[{'type': 'VARIABLE', 'value': '{{L2C.perf_dnoc_rdreq_32B}}'}, {'type': 'VARIABLE', 'value': '{{L2C.perf_dnoc_rdreq_64B}}'}, {'type': 'VARIABLE', 'value': '{{L2C.perf_dnoc_rdreq_128B}}'}]
2026-06-26 14:52:22,430 INFO utils.complier: analyse  formula:[]
2026-06-26 14:52:22,430 INFO utils.complier: analyse  formula:[]
2026-06-26 14:52:22,430 INFO utils.complier: analyse  formula:[{'type': 'VARIABLE', 'value': '{{L2C.perf_dnoc_wrreq_32B_low}}'}, {'type': 'VARIABLE', 'value': '{{L2C.perf_dnoc_wrreq_32B_high}}'}, {'type': 'VARIABLE', 'value': '{{L2C.perf_dnoc_wrreq_64B}}'}, {'type': 'VARIABLE', 'value': '{{L2C.perf_dnoc_wrreq_128B}}'}]
2026-06-26 14:52:22,430 INFO utils.complier: analyse  formula:[]
2026-06-26 14:52:22,430 INFO utils.complier: analyse  formula:[]
2026-06-26 14:52:22,433 INFO utils.complier: analyse  formula:[]
2026-06-26 14:52:22,437 INFO utils.complier: analyse  formula:[{'type': 'PRE_VAR', 'value': '@vl1_hit_rate'}, {'type': 'PRE_VAR', 'value': '@l2c_hit_rate'}, {'type': 'PRE_VAR', 'value': '@sl1_hit_rate'}, {'type': 'PRE_VAR', 'value': '@global_insts_rd'}, {'type': 'PRE_VAR', 'value': '@global_insts_wr'}, {'type': 'PRE_VAR', 'value': '@private_insts_rd'}, {'type': 'PRE_VAR', 'value': '@private_insts_wr'}, {'type': 'PRE_VAR', 'value': '@generic_insts_rd'}, {'type': 'PRE_VAR', 'value': '@generic_insts_wr'}, {'type': 'PRE_VAR', 'value': '@ldu_insts_rd'}, {'type': 'PRE_VAR', 'value': '@bsm_insts_rd'}, {'type': 'PRE_VAR', 'value': '@bsm_insts_wr'}, {'type': 'PRE_VAR', 'value': '@vl1_insts_rd'}, {'type': 'PRE_VAR', 'value': '@vl1_insts_wr'}, {'type': 'PRE_VAR', 'value': '@sl1_rd'}, {'type': 'PRE_VAR', 'value': '@sl1_l2c_rd'}, {'type': 'PRE_VAR', 'value': '@l2c_insts_rd'}, {'type': 'PRE_VAR', 'value': '@l2c_insts_wr'}]
2026-06-26 14:52:22,440 INFO utils.complier: analyse  formula:[]
2026-06-26 14:52:22,440 INFO utils.complier: analyse  formula:[{'type': 'VARIABLE', 'value': '{{L2C.perf_dnoc_rdreq_inflight_level}}'}, {'type': 'VARIABLE', 'value': '{{L2C.perf_dnoc_rdreq}}'}]
2026-06-26 14:52:22,440 INFO utils.complier: analyse  formula:[]
2026-06-26 14:52:22,440 INFO utils.complier: analyse  formula:[]
2026-06-26 14:52:22,441 INFO utils.complier: analyse  formula:[{'type': 'VARIABLE', 'value': '{{L2C.perf_dnoc_rd_histogram_0_255}}'}, {'type': 'VARIABLE', 'value': '{{L2C.perf_dnoc_rd_histogram_256_511}}'}, {'type': 'VARIABLE', 'value': '{{L2C.perf_dnoc_rd_histogram_512_1K}}'}, {'type': 'VARIABLE', 'value': '{{L2C.perf_dnoc_rd_histogram_1K_2K}}'}, {'type': 'VARIABLE', 'value': '{{L2C.perf_dnoc_rd_histogram_2K_INF}}'}]
2026-06-26 14:52:22,441 INFO utils.complier: analyse  formula:[]
2026-06-26 14:52:22,441 INFO utils.complier: analyse  formula:[]
2026-06-26 14:52:22,442 INFO utils.complier: analyse  formula:[{'type': 'VARIABLE', 'value': '{{VL1.p_stall_due_oldest_pt0}}'}, {'type': 'VARIABLE', 'value': '{{VL1.p_stall_due_oldest_pt1}}'}, {'type': 'VARIABLE', 'value': '{{VL1.p_stall_due_oldest_pt2}}'}, {'type': 'VARIABLE', 'value': '{{VL1.p_stall_due_oldest_pt3}}'}]
2026-06-26 14:52:22,442 INFO utils.complier: analyse  formula:[]
2026-06-26 14:52:22,442 INFO utils.complier: analyse  formula:[]
2026-06-26 14:52:22,442 INFO utils.complier: analyse  formula:[{'type': 'VARIABLE', 'value': '{{ISU.AP_PERF_INST_BSM_RD}}'}]
2026-06-26 14:52:22,442 INFO utils.complier: analyse  formula:[]
2026-06-26 14:52:22,443 INFO utils.complier: analyse  formula:[]
2026-06-26 14:52:22,443 INFO utils.complier: analyse  formula:[{'type': 'VARIABLE', 'value': '{{ISU.AP_PERF_INST_BSM_WR}}'}]
2026-06-26 14:52:22,443 INFO utils.complier: analyse  formula:[]
2026-06-26 14:52:22,443 INFO utils.complier: analyse  formula:[]
2026-06-26 14:52:22,443 INFO utils.complier: analyse  formula:[{'type': 'VARIABLE', 'value': '{{ISU.AP_PERF_INST_BSM_ATOMIC}}'}]
2026-06-26 14:52:22,443 INFO utils.complier: analyse  formula:[]
2026-06-26 14:52:22,443 INFO utils.complier: analyse  formula:[]
2026-06-26 14:52:22,443 INFO utils.complier: analyse  formula:[{'type': 'VARIABLE', 'value': '{{ISU.AP_PERF_INSTS_BSM}}'}]
2026-06-26 14:52:22,443 INFO utils.complier: analyse  formula:[]
2026-06-26 14:52:22,443 INFO utils.complier: analyse  formula:[]
2026-06-26 14:52:22,443 INFO utils.complier: analyse  formula:[{'type': 'VARIABLE', 'value': '{{ISU.AP_PERF_BSM_READ_INFLIGHT_LEVEL}}'}, {'type': 'VARIABLE', 'value': '{{ISU.AP_PERF_INST_BSM_RD}}'}, {'type': 'VARIABLE', 'value': '{{ISU.AP_PERF_INST_BSM_RD}}'}]
2026-06-26 14:52:22,443 INFO utils.complier: analyse  formula:[]
2026-06-26 14:52:22,443 INFO utils.complier: analyse  formula:[]
2026-06-26 14:52:22,444 INFO utils.complier: analyse  formula:[{'type': 'VARIABLE', 'value': '{{ISU.AP_PERF_BSM_WR_INFLIGHT_LEVEL}}'}, {'type': 'VARIABLE', 'value': '{{ISU.AP_PERF_INST_BSM_WR}}'}, {'type': 'VARIABLE', 'value': '{{ISU.AP_PERF_INST_BSM_WR}}'}]
2026-06-26 14:52:22,444 INFO utils.complier: analyse  formula:[]
2026-06-26 14:52:22,444 INFO utils.complier: analyse  formula:[]
2026-06-26 14:52:22,444 INFO utils.complier: analyse  formula:[{'type': 'VARIABLE', 'value': '{{ISU.AP_PERF_BSM_ATOMIC_INFLIGHT_LEVEL}}'}, {'type': 'VARIABLE', 'value': '{{ISU.AP_PERF_INST_BSM_ATOMIC}}'}, {'type': 'VARIABLE', 'value': '{{ISU.AP_PERF_INST_BSM_ATOMIC}}'}]
2026-06-26 14:52:22,444 INFO utils.complier: analyse  formula:[]
2026-06-26 14:52:22,444 INFO utils.complier: analyse  formula:[]
2026-06-26 14:52:22,444 INFO utils.complier: analyse  formula:[{'type': 'VARIABLE', 'value': '{{ISU.AP_PERF_BSM_INFLIGHT_LEVEL_IN_AP}}'}, {'type': 'VARIABLE', 'value': '{{ISU.AP_PERF_BSM_INFLIGHT_LEVEL}}'}, {'type': 'VARIABLE', 'value': '{{ISU.AP_PERF_INSTS_BSM}}'}, {'type': 'VARIABLE', 'value': '{{ISU.AP_PERF_INSTS_BSM}}'}]
2026-06-26 14:52:22,445 INFO utils.complier: analyse  formula:[]
2026-06-26 14:52:22,445 INFO utils.complier: analyse  formula:[]
2026-06-26 14:52:22,445 INFO utils.complier: analyse  formula:[{'type': 'VARIABLE', 'value': '{{ISU.AP_PERF_BSM_RD_CYCLES}}'}, {'type': 'VARIABLE', 'value': '{{ISU.AP_PERF_INST_BSM_RD}}'}, {'type': 'VARIABLE', 'value': '{{ISU.AP_PERF_INST_BSM_RD}}'}]
2026-06-26 14:52:22,445 INFO utils.complier: analyse  formula:[]
2026-06-26 14:52:22,445 INFO utils.complier: analyse  formula:[]
2026-06-26 14:52:22,445 INFO utils.complier: analyse  formula:[{'type': 'VARIABLE', 'value': '{{ISU.AP_PERF_BSM_WR_CYCLES}}'}, {'type': 'VARIABLE', 'value': '{{ISU.AP_PERF_INST_BSM_WR}}'}, {'type': 'VARIABLE', 'value': '{{ISU.AP_PERF_INST_BSM_WR}}'}]
2026-06-26 14:52:22,446 INFO utils.complier: analyse  formula:[]
2026-06-26 14:52:22,446 INFO utils.complier: analyse  formula:[]
2026-06-26 14:52:22,446 INFO utils.complier: analyse  formula:[{'type': 'VARIABLE', 'value': '{{ISU.AP_PERF_BSM_ATOMIC_CYCLES}}'}, {'type': 'VARIABLE', 'value': '{{ISU.AP_PERF_INST_BSM_ATOMIC}}'}, {'type': 'VARIABLE', 'value': '{{ISU.AP_PERF_INST_BSM_ATOMIC}}'}]
2026-06-26 14:52:22,446 INFO utils.complier: analyse  formula:[]
2026-06-26 14:52:22,446 INFO utils.complier: analyse  formula:[]
2026-06-26 14:52:22,446 INFO utils.complier: analyse  formula:[{'type': 'VARIABLE', 'value': '{{ISU.AP_PERF_BSM_CONFLICT_CYCLES}}'}, {'type': 'VARIABLE', 'value': '{{ISU.AP_PERF_INSTS_BSM}}'}, {'type': 'VARIABLE', 'value': '{{ISU.AP_PERF_INSTS_BSM}}'}]
2026-06-26 14:52:22,446 INFO utils.complier: analyse  formula:[]
2026-06-26 14:52:22,447 INFO utils.complier: analyse  formula:[]
2026-06-26 14:52:22,447 INFO utils.complier: analyse  formula:[{'type': 'VARIABLE', 'value': '{{ISU.AP_PERF_BSM_RD_CYCLES}}'}, {'type': 'VARIABLE', 'value': '{{ISU.AP_PERF_BSM_WR_CYCLES}}'}, {'type': 'VARIABLE', 'value': '{{ISU.AP_PERF_BSM_ATOMIC_CYCLES}}'}, {'type': 'VARIABLE', 'value': '{{ISU.AP_PERF_INSTS_BSM}}'}, {'type': 'VARIABLE', 'value': '{{ISU.AP_PERF_INSTS_BSM}}'}]
2026-06-26 14:52:22,447 INFO utils.complier: analyse  formula:[]
2026-06-26 14:52:22,447 INFO utils.complier: analyse  formula:[]
2026-06-26 14:52:22,447 INFO utils.complier: analyse  formula:[{'type': 'VARIABLE', 'value': '{{ISU.AP_PERF_BSM_RD_CYCLES}}'}, {'type': 'VARIABLE', 'value': '{{ISU.AP_PERF_BSM_WR_CYCLES}}'}, {'type': 'VARIABLE', 'value': '{{ISU.AP_PERF_BSM_ATOMIC_CYCLES}}'}, {'type': 'VARIABLE', 'value': '{{ISU.AP_PERF_BSM_CONFLICT_CYCLES}}'}]
2026-06-26 14:52:22,448 INFO utils.complier: analyse  formula:[]
2026-06-26 14:52:22,448 INFO utils.complier: analyse  formula:[]
2026-06-26 14:52:22,448 INFO utils.complier: analyse  formula:[{'type': 'VARIABLE', 'value': '{{ISU.AP_PERF_WAVES}}'}]
2026-06-26 14:52:22,448 INFO utils.complier: analyse  formula:[]
2026-06-26 14:52:22,448 INFO utils.complier: analyse  formula:[]
2026-06-26 14:52:22,448 INFO utils.complier: analyse  formula:[{'type': 'VARIABLE', 'value': '{{RM.RM_PERF_DISPATCHED_WAVES_P0}}'}, {'type': 'VARIABLE', 'value': '{{RM.RM_PERF_DISPATCHED_WAVES_P1}}'}, {'type': 'VARIABLE', 'value': '{{RM.RM_PERF_DISPATCHED_WAVES_P2}}'}, {'type': 'VARIABLE', 'value': '{{RM.RM_PERF_DISPATCHED_WAVES_P3}}'}]
2026-06-26 14:52:22,448 INFO utils.complier: analyse  formula:[]
2026-06-26 14:52:22,449 INFO utils.complier: analyse  formula:[]
2026-06-26 14:52:22,449 INFO utils.complier: analyse  formula:[{'type': 'VARIABLE', 'value': '{{ISU.AP_PERF_ISU_AP_BUSY}}'}]
2026-06-26 14:52:22,449 INFO utils.complier: analyse  formula:[]
2026-06-26 14:52:22,449 INFO utils.complier: analyse  formula:[]
2026-06-26 14:52:22,449 INFO utils.complier: analyse  formula:[{'type': 'VARIABLE', 'value': '{{ISU.AP_PERF_INST_TRANS_FP16}}'}, {'type': 'VARIABLE', 'value': '{{ISU.AP_PERF_INST_TRANS_FP32}}'}, {'type': 'VARIABLE', 'value': '{{ISU.AP_PERF_MTE_PI_SEG_SEL_F64}}'}, {'type': 'VARIABLE', 'value': '{{ISU.AP_PERF_INST_CYCLES_VALU_4CYCLES}}'}, {'type': 'VARIABLE', 'value': '{{ISU.AP_PERF_ISU_AP_BUSY}}'}]
2026-06-26 14:52:22,449 INFO utils.complier: analyse  formula:[]
2026-06-26 14:52:22,450 INFO utils.complier: analyse  formula:[]
2026-06-26 14:52:22,450 INFO utils.complier: analyse  formula:[{'type': 'VARIABLE', 'value': '{{ISU.AP_PERF_INSTS_SALU}}'}, {'type': 'VARIABLE', 'value': '{{ISU.AP_PERF_ISU_AP_BUSY}}'}]
2026-06-26 14:52:22,450 INFO utils.complier: analyse  formula:[]
2026-06-26 14:52:22,450 INFO utils.complier: analyse  formula:[]
2026-06-26 14:52:22,450 INFO utils.complier: analyse  formula:[{'type': 'VARIABLE', 'value': '{{ISU.AP_PERF_INST_CYCLES_MMA}}'}, {'type': 'VARIABLE', 'value': '{{ISU.AP_PERF_ISU_AP_BUSY}}'}]
2026-06-26 14:52:22,450 INFO utils.complier: analyse  formula:[]
2026-06-26 14:52:22,450 INFO utils.complier: analyse  formula:[]
2026-06-26 14:52:22,450 INFO utils.complier: analyse  formula:[{'type': 'VARIABLE', 'value': '{{VLS.PERFEVENT_VLS_ACTIVE}}'}, {'type': 'VARIABLE', 'value': '{{ISU.AP_PERF_ISU_AP_BUSY}}'}]
2026-06-26 14:52:22,450 INFO utils.complier: analyse  formula:[]
2026-06-26 14:52:22,450 INFO utils.complier: analyse  formula:[]
2026-06-26 14:52:22,450 INFO utils.complier: analyse  formula:[{'type': 'VARIABLE', 'value': '{{L2C.perf_req}}'}, {'type': 'VARIABLE', 'value': '{{L2C.1_b1}}'}]
2026-06-26 14:52:22,451 INFO utils.complier: analyse  formula:[]
2026-06-26 14:52:22,451 INFO utils.complier: analyse  formula:[]
2026-06-26 14:52:22,451 INFO utils.complier: analyse  formula:[{'type': 'VARIABLE', 'value': '{{ISU.AP_PERF_ISU_AP_BUSY}}'}]
2026-06-26 14:52:22,451 INFO utils.complier: analyse  formula:[{'type': 'PRE_VAR', 'value': '@total_instruction_num'}]
2026-06-26 14:52:22,451 INFO utils.complier: analyse  formula:[]
2026-06-26 14:52:22,451 INFO utils.complier: analyse  formula:[{'type': 'VARIABLE_DICT', 'value': '{{{ISU.AP_PERF_INSTS_VALU}}}'}, {'type': 'VARIABLE', 'value': '{{ISU.AP_PERF_ISU_AP_BUSY}}'}]
2026-06-26 14:52:22,452 INFO utils.complier: analyse  formula:[{'type': 'PRE_VAR', 'value': '@total_instruction_num'}]
2026-06-26 14:52:22,452 INFO utils.complier: analyse  formula:[]
2026-06-26 14:52:22,452 INFO utils.complier: analyse  formula:[{'type': 'VARIABLE_DICT', 'value': '{{{ISU.AP_PERF_INSTS_VALU}}}'}, {'type': 'VARIABLE', 'value': '{{ISU.AP_PERF_ISU_AP_BUSY}}'}]
2026-06-26 14:52:22,452 INFO utils.complier: analyse  formula:[{'type': 'PRE_VAR', 'value': '@total_instruction_num'}]
2026-06-26 14:52:22,453 INFO utils.complier: analyse  formula:[]
2026-06-26 14:52:22,453 INFO utils.complier: analyse  formula:[{'type': 'VARIABLE', 'value': '{{ISU.AP_PERF_INSTS_VALU}}'}, {'type': 'VARIABLE', 'value': '{{ISU.AP_PERF_INSTS_MMA}}'}, {'type': 'VARIABLE', 'value': '{{ISU.AP_PERF_INSTS_SALU}}'}, {'type': 'VARIABLE', 'value': '{{ISU.AP_PERF_INSTS_GVM}}'}, {'type': 'VARIABLE', 'value': '{{ISU.AP_PERF_INSTS_BSM}}'}, {'type': 'VARIABLE', 'value': '{{ISU.AP_PERF_INSTS_LDU}}'}, {'type': 'VARIABLE', 'value': '{{ISU.AP_PERF_INST_MISC}}'}, {'type': 'VARIABLE', 'value': '{{ISU.AP_PERF_ISU_AP_BUSY}}'}]
2026-06-26 14:52:22,453 INFO utils.complier: analyse  formula:[]
2026-06-26 14:52:22,453 INFO utils.complier: analyse  formula:[]
2026-06-26 14:52:22,454 INFO utils.complier: analyse  formula:[{'type': 'VARIABLE_DICT', 'value': '{{{ISU.AP_PERF_INSTS_VALU}}}'}, {'type': 'VARIABLE', 'value': '{{ISU.AP_PERF_INSTS_VALU}}'}, {'type': 'VARIABLE', 'value': '{{ISU.AP_PERF_INSTS_MMA}}'}, {'type': 'VARIABLE', 'value': '{{ISU.AP_PERF_INSTS_SALU}}'}, {'type': 'VARIABLE', 'value': '{{ISU.AP_PERF_INSTS_GVM}}'}, {'type': 'VARIABLE', 'value': '{{ISU.AP_PERF_INSTS_BSM}}'}, {'type': 'VARIABLE', 'value': '{{ISU.AP_PERF_INSTS_LDU}}'}, {'type': 'VARIABLE', 'value': '{{ISU.AP_PERF_INST_MISC}}'}, {'type': 'VARIABLE', 'value': '{{ISU.AP_PERF_ISU_AP_BUSY}}'}]
2026-06-26 14:52:22,454 INFO utils.complier: analyse  formula:[]
2026-06-26 14:52:22,454 INFO utils.complier: analyse  formula:[]
2026-06-26 14:52:22,457 INFO utils.complier: analyse  formula:[{'type': 'VARIABLE', 'value': '{{ISU.AP_PERF_INSTS_VALU}}'}, {'type': 'VARIABLE', 'value': '{{ISU.AP_PERF_INST_FMA_F32}}'}, {'type': 'VARIABLE', 'value': '{{ISU.AP_PERF_INST_FMA_F64}}'}, {'type': 'VARIABLE', 'value': '{{ISU.AP_PERF_INST_TRANS_FP16}}'}, {'type': 'VARIABLE', 'value': '{{ISU.AP_PERF_INST_TRANS_FP32}}'}, {'type': 'VARIABLE', 'value': '{{ISU.AP_PERF_MTE_PI_SEG_SEL_F64}}'}, {'type': 'VARIABLE', 'value': '{{ISU.AP_PERF_MTE_PI_SEG_SEL_F64}}'}, {'type': 'VARIABLE', 'value': '{{ISU.AP_PERF_INST_FMA_F32}}'}, {'type': 'VARIABLE', 'value': '{{ISU.AP_PERF_INST_FMA_F64}}'}, {'type': 'VARIABLE', 'value': '{{ISU.AP_PERF_INST_TRANS_FP16}}'}, {'type': 'VARIABLE', 'value': '{{ISU.AP_PERF_INST_TRANS_FP32}}'}, {'type': 'VARIABLE', 'value': '{{ISU.AP_PERF_INST_MMA_INT8}}'}, {'type': 'VARIABLE', 'value': '{{ISU.AP_PERF_INST_MMA_FP16}}'}, {'type': 'VARIABLE', 'value': '{{ISU.AP_PERF_INST_MMA_BF16}}'}, {'type': 'VARIABLE', 'value': '{{ISU.AP_PERF_INST_MMA_TF32}}'}, {'type': 'VARIABLE', 'value': '{{ISU.AP_PERF_INST_MMA_F32}}'}, {'type': 'VARIABLE', 'value': '{{ISU.AP_PERF_INST_MMA_F64}}'}, {'type': 'VARIABLE', 'value': '{{ISU.AP_PERF_INST_MMA_TF64}}'}, {'type': 'VARIABLE', 'value': '{{L2C.perf_dnoc_rdreq_32B}}'}, {'type': 'VARIABLE', 'value': '{{L2C.perf_dnoc_rdreq_64B}}'}, {'type': 'VARIABLE', 'value': '{{L2C.perf_dnoc_rdreq_128B}}'}, {'type': 'VARIABLE', 'value': '{{L2C.perf_dnoc_wrreq_32B_low}}'}, {'type': 'VARIABLE', 'value': '{{L2C.perf_dnoc_wrreq_32B_high}}'}, {'type': 'VARIABLE', 'value': '{{L2C.perf_dnoc_wrreq_64B}}'}, {'type': 'VARIABLE', 'value': '{{L2C.perf_dnoc_wrreq_128B}}'}, {'type': 'VARIABLE', 'value': '{{VL1.p_perf_thread_req_cnt}}'}, {'type': 'VARIABLE', 'value': '{{VL1.perf_inflt_rd_req}}'}, {'type': 'VARIABLE', 'value': '{{ISU.AP_PERF_ISU_AP_BUSY}}'}, {'type': 'VARIABLE_DICT', 'value': '{{{ISU.AP_PERF_ISU_AP_BUSY}}}'}]
2026-06-26 14:52:22,460 INFO utils.complier: analyse  formula:[]
2026-06-26 14:52:22,462 INFO utils.complier: analyse  formula:[]
2026-06-26 14:52:22,462 INFO utils.complier: analyse  formula:[{'type': 'VARIABLE', 'value': '{{ISU.AP_PERF_INSTS_VALU}}'}, {'type': 'VARIABLE', 'value': '{{ISU.AP_PERF_INSTS_MMA}}'}, {'type': 'VARIABLE', 'value': '{{ISU.AP_PERF_INSTS_SALU}}'}, {'type': 'VARIABLE', 'value': '{{ISU.AP_PERF_INST_MISC}}'}]
2026-06-26 14:52:22,462 INFO utils.complier: analyse  formula:[]
2026-06-26 14:52:22,462 INFO utils.complier: analyse  formula:[{'type': 'VARIABLE', 'value': '{{ISU.AP_PERF_INSTS_GVM}}'}, {'type': 'VARIABLE', 'value': '{{ISU.AP_PERF_INSTS_BSM}}'}, {'type': 'VARIABLE', 'value': '{{ISU.AP_PERF_INSTS_LDU}}'}]
2026-06-26 14:52:22,462 INFO utils.complier: analyse  formula:[]
2026-06-26 14:52:22,463 INFO utils.complier: analyse  formula:[{'type': 'VARIABLE', 'value': '{{ISU.AP_PERF_INST_GLOBAL_RD}}'}]
2026-06-26 14:52:22,463 INFO utils.complier: analyse  formula:[]
2026-06-26 14:52:22,463 INFO utils.complier: analyse  formula:[{'type': 'VARIABLE', 'value': '{{ISU.AP_PERF_INST_GLOBAL_WR}}'}]
2026-06-26 14:52:22,463 INFO utils.complier: analyse  formula:[]
2026-06-26 14:52:22,463 INFO utils.complier: analyse  formula:[{'type': 'VARIABLE', 'value': '{{ISU.AP_PERF_INST_PRIVATE_RD}}'}]
2026-06-26 14:52:22,463 INFO utils.complier: analyse  formula:[]
2026-06-26 14:52:22,463 INFO utils.complier: analyse  formula:[{'type': 'VARIABLE', 'value': '{{ISU.AP_PERF_INST_PRIVATE_WR}}'}]
2026-06-26 14:52:22,463 INFO utils.complier: analyse  formula:[]
2026-06-26 14:52:22,463 INFO utils.complier: analyse  formula:[{'type': 'VARIABLE', 'value': '{{ISU.AP_PERF_INST_GENERIC_RD}}'}]
2026-06-26 14:52:22,463 INFO utils.complier: analyse  formula:[]
2026-06-26 14:52:22,463 INFO utils.complier: analyse  formula:[{'type': 'VARIABLE', 'value': '{{ISU.AP_PERF_INST_GENERIC_WR}}'}]
2026-06-26 14:52:22,463 INFO utils.complier: analyse  formula:[]
2026-06-26 14:52:22,463 INFO utils.complier: analyse  formula:[{'type': 'VARIABLE', 'value': '{{ISU.AP_PERF_INSTS_LDU}}'}]
2026-06-26 14:52:22,463 INFO utils.complier: analyse  formula:[]
2026-06-26 14:52:22,463 INFO utils.complier: analyse  formula:[{'type': 'VARIABLE', 'value': '{{ISU.AP_PERF_INST_BSM_RD}}'}]
2026-06-26 14:52:22,463 INFO utils.complier: analyse  formula:[]
2026-06-26 14:52:22,463 INFO utils.complier: analyse  formula:[{'type': 'VARIABLE', 'value': '{{ISU.AP_PERF_INST_BSM_WR}}'}]
2026-06-26 14:52:22,463 INFO utils.complier: analyse  formula:[]
2026-06-26 14:52:22,463 INFO utils.complier: analyse  formula:[{'type': 'VARIABLE', 'value': '{{VL1.p_total_read_instruction_event}}'}]
2026-06-26 14:52:22,464 INFO utils.complier: analyse  formula:[]
2026-06-26 14:52:22,464 INFO utils.complier: analyse  formula:[{'type': 'VARIABLE', 'value': '{{VL1.p_total_write_instruction_event}}'}]
2026-06-26 14:52:22,464 INFO utils.complier: analyse  formula:[]
2026-06-26 14:52:22,464 INFO utils.complier: analyse  formula:[{'type': 'VARIABLE', 'value': '{{VL1.p_perf_thread_req_cnt}}'}, {'type': 'VARIABLE', 'value': '{{VL1.p_perf_miss_cnt}}'}, {'type': 'VARIABLE', 'value': '{{VL1.p_perf_thread_req_cnt}}'}]
2026-06-26 14:52:22,464 INFO utils.complier: analyse  formula:[]
2026-06-26 14:52:22,464 INFO utils.complier: analyse  formula:[{'type': 'VARIABLE', 'value': '{{L2C.perf_rd_req}}'}]
2026-06-26 14:52:22,464 INFO utils.complier: analyse  formula:[]
2026-06-26 14:52:22,464 INFO utils.complier: analyse  formula:[{'type': 'VARIABLE', 'value': '{{L2C.perf_wr_req}}'}]
2026-06-26 14:52:22,464 INFO utils.complier: analyse  formula:[]
2026-06-26 14:52:22,464 INFO utils.complier: analyse  formula:[{'type': 'VARIABLE', 'value': '{{L2C.perf_hit}}'}, {'type': 'VARIABLE', 'value': '{{L2C.perf_sector_hit}}'}, {'type': 'VARIABLE', 'value': '{{L2C.perf_miss}}'}]
2026-06-26 14:52:22,465 INFO utils.complier: analyse  formula:[]
2026-06-26 14:52:22,465 INFO utils.complier: analyse  formula:[{'type': 'VARIABLE', 'value': '{{SL1.sl1_kcache_total_hit_event}}'}, {'type': 'VARIABLE', 'value': '{{SL1.sl1_kcache_total_hit_on_miss_event}}'}, {'type': 'VARIABLE', 'value': '{{SL1.sl1_kcache_total_miss_event}}'}]
2026-06-26 14:52:22,465 INFO utils.complier: analyse  formula:[]
2026-06-26 14:52:22,465 INFO utils.complier: analyse  formula:[{'type': 'VARIABLE', 'value': '{{SL1.sl1_kcache_rd}}'}]
2026-06-26 14:52:22,465 INFO utils.complier: analyse  formula:[]
2026-06-26 14:52:22,465 INFO utils.complier: analyse  formula:[{'type': 'VARIABLE', 'value': '{{SL1.sl1_kcache_l2_rd}}'}]
2026-06-26 14:52:22,465 INFO utils.complier: analyse  formula:[]
2026-06-26 14:52:22,465 INFO utils.complier: analyse  formula:[{'type': 'VARIABLE', 'value': '{{ISU.AP_PERF_INSTS_VALU}}'}, {'type': 'VARIABLE', 'value': '{{ISU.AP_PERF_INSTS_MMA}}'}, {'type': 'VARIABLE', 'value': '{{ISU.AP_PERF_INSTS_SALU}}'}, {'type': 'VARIABLE', 'value': '{{ISU.AP_PERF_INSTS_GVM}}'}, {'type': 'VARIABLE', 'value': '{{ISU.AP_PERF_INSTS_BSM}}'}, {'type': 'VARIABLE', 'value': '{{ISU.AP_PERF_INSTS_LDU}}'}, {'type': 'VARIABLE', 'value': '{{ISU.AP_PERF_INST_MISC}}'}]
2026-06-26 14:52:22,465 INFO utils.complier: analyse  formula:[]
2026-06-26 14:52:22,466 INFO common.api_common: f_var:VLS.PERFEVENT_VLS_ACTIVE
2026-06-26 14:52:22,466 INFO common.api_common: f_var:ISU.AP_PERF_INST_MMA_TF64
2026-06-26 14:52:22,466 INFO common.api_common: f_var:ISU.AP_PERF_ISU_ARB_VLS_STALL
2026-06-26 14:52:22,466 INFO common.api_common: f_var:ISU.AP_PERF_INSTS_LDU
2026-06-26 14:52:22,466 INFO common.api_common: f_var:VL1.p_total_write_instruction_event
2026-06-26 14:52:22,466 INFO common.api_common: f_var:L2C.perf_dnoc_rd_histogram_512_1K
2026-06-26 14:52:22,466 INFO common.api_common: f_var:L2C.perf_dnoc_rd_histogram_0_255
2026-06-26 14:52:22,466 INFO common.api_common: f_var:RM.RM_PERF_DISPATCHED_WAVES_P3
2026-06-26 14:52:22,466 INFO common.api_common: f_var:ISU.AP_PERF_INST_GENERIC_WR
2026-06-26 14:52:22,466 INFO common.api_common: f_var:L2C.perf_dnoc_rdreq_64B
2026-06-26 14:52:22,466 INFO common.api_common: f_var:ISU.AP_PERF_BSM_CONFLICT_CYCLES
2026-06-26 14:52:22,466 INFO common.api_common: f_var:SL1.sl1_kcache_total_hit_event
2026-06-26 14:52:22,466 INFO common.api_common: f_var:ISU.AP_PERF_INST_CYCLES_VALU
2026-06-26 14:52:22,466 INFO common.api_common: f_var:ISU.AP_PERF_BSM_RD_CYCLES
2026-06-26 14:52:22,466 INFO common.api_common: f_var:ISU.AP_PERF_BSM_READ_INFLIGHT_LEVEL
2026-06-26 14:52:22,466 INFO common.api_common: f_var:CE.CE_PERF_SEND_RM_WORKGROUPS
2026-06-26 14:52:22,466 INFO common.api_common: f_var:ISU.AP_PERF_INST_GLOBAL_WR
2026-06-26 14:52:22,466 INFO common.api_common: f_var:ISU.AP_PERF_INST_FMA_F64
2026-06-26 14:52:22,466 INFO common.api_common: f_var:L2C.perf_wr_req
2026-06-26 14:52:22,466 INFO common.api_common: f_var:ISU.AP_PERF_INST_BSM_ATOMIC
2026-06-26 14:52:22,466 INFO common.api_common: f_var:ISU.AP_PERF_INST_GENERIC_RD
2026-06-26 14:52:22,466 INFO common.api_common: f_var:ISU.AP_PERF_INST_PRIVATE_WR
2026-06-26 14:52:22,466 INFO common.api_common: f_var:ISU.AP_PERF_INSTS_MMA
2026-06-26 14:52:22,466 INFO common.api_common: f_var:ISU.AP_PERF_MTE_PI_SEG_SEL_F64
2026-06-26 14:52:22,466 INFO common.api_common: f_var:ISU.AP_PERF_INST_GLOBAL_ATOMIC_64
2026-06-26 14:52:22,466 INFO common.api_common: f_var:ISU.AP_PERF_INST_TRANS_FP32
2026-06-26 14:52:22,466 INFO common.api_common: f_var:VL1.perf_inflt_rd_req
2026-06-26 14:52:22,466 INFO common.api_common: f_var:SL1.sl1_kcache_total_hit_on_miss_event
2026-06-26 14:52:22,466 INFO common.api_common: f_var:ISU.AP_PERF_INSTS_SALU
2026-06-26 14:52:22,466 INFO common.api_common: f_var:ISU.AP_PERF_INST_MMA_F64
2026-06-26 14:52:22,466 INFO common.api_common: f_var:SL1.sl1_kcache_rd
2026-06-26 14:52:22,466 INFO common.api_common: f_var:ISU.AP_PERF_INST_TRANS_FP16
2026-06-26 14:52:22,466 INFO common.api_common: f_var:SL1.sl1_kcache_l2_rd
2026-06-26 14:52:22,466 INFO common.api_common: f_var:VL1.p_perf_thread_req_cnt
2026-06-26 14:52:22,466 INFO common.api_common: f_var:L2C.perf_dnoc_wrreq_32B_high
2026-06-26 14:52:22,466 INFO common.api_common: f_var:ISU.AP_PERF_INST_MMA_F32
2026-06-26 14:52:22,466 INFO common.api_common: f_var:ISU.AP_PERF_ISU_ARB_DATA_STALL
2026-06-26 14:52:22,466 INFO common.api_common: f_var:ISU.AP_PERF_ISU_AP_BUSY
2026-06-26 14:52:22,466 INFO common.api_common: f_var:ISU.AP_PERF_INST_CYCLES_VALU_16CYCLES
2026-06-26 14:52:22,466 INFO common.api_common: f_var:L2C.perf_miss
2026-06-26 14:52:22,466 INFO common.api_common: f_var:RM.RM_PERF_DISPATCHED_WAVES_P0
2026-06-26 14:52:22,466 INFO common.api_common: f_var:ISU.AP_PERF_INSTS_GVM
2026-06-26 14:52:22,466 INFO common.api_common: f_var:ISU.AP_PERF_INST_BSM_RD
2026-06-26 14:52:22,466 INFO common.api_common: f_var:ISU.AP_PERF_BSM_ATOMIC_CYCLES
2026-06-26 14:52:22,466 INFO common.api_common: f_var:RM.RM_PERF_WAVES_InFlight_Level_P1
2026-06-26 14:52:22,466 INFO common.api_common: f_var:RM.RM_PERF_WAVES_InFlight_Level_P3
2026-06-26 14:52:22,466 INFO common.api_common: f_var:RM.RM_PERF_DISPATCHED_WAVES_P1
2026-06-26 14:52:22,466 INFO common.api_common: f_var:L2C.perf_dnoc_rd_histogram_256_511
2026-06-26 14:52:22,466 INFO common.api_common: f_var:RM.RM_PERF_WAVES_InFlight_Level_P2
2026-06-26 14:52:22,466 INFO common.api_common: f_var:ISU.AP_PERF_INST_PRIVATE_RD
2026-06-26 14:52:22,466 INFO common.api_common: f_var:L2C.perf_sector_hit
2026-06-26 14:52:22,466 INFO common.api_common: f_var:ISU.AP_PERF_INST_MMA_BF16
2026-06-26 14:52:22,466 INFO common.api_common: f_var:L2C.perf_req
2026-06-26 14:52:22,466 INFO common.api_common: f_var:L2C.perf_dnoc_rd_histogram_2K_INF
2026-06-26 14:52:22,467 INFO common.api_common: f_var:ISU.AP_PERF_BSM_INFLIGHT_LEVEL
2026-06-26 14:52:22,467 INFO common.api_common: f_var:L2C.perf_dnoc_rdreq_128B
2026-06-26 14:52:22,467 INFO common.api_common: f_var:ISU.AP_PERF_INST_CYCLES_MMA_16CYCLES
2026-06-26 14:52:22,467 INFO common.api_common: f_var:L2C.perf_atomic_req
2026-06-26 14:52:22,467 INFO common.api_common: f_var:ISU.AP_PERF_INSTS_GVM_ATOMIC
2026-06-26 14:52:22,467 INFO common.api_common: f_var:L2C.perf_dnoc_rd_histogram_1K_2K
2026-06-26 14:52:22,467 INFO common.api_common: f_var:ISU.AP_PERF_INST_GLOBAL_ATOMIC
2026-06-26 14:52:22,467 INFO common.api_common: f_var:VL1.p_stall_due_oldest_pt3
2026-06-26 14:52:22,467 INFO common.api_common: f_var:VL1.p_stall_due_oldest_pt0
2026-06-26 14:52:22,467 INFO common.api_common: f_var:VL1.p_total_atomic_instruction_event
2026-06-26 14:52:22,467 INFO common.api_common: f_var:CE.CE_PERF_SEND_RM_WAVES
2026-06-26 14:52:22,467 INFO common.api_common: f_var:ISU.AP_PERF_BSM_WR_CYCLES
2026-06-26 14:52:22,467 INFO common.api_common: f_var:L2C.perf_dnoc_wrreq_64B
2026-06-26 14:52:22,467 INFO common.api_common: f_var:L2C.perf_dnoc_rdreq
2026-06-26 14:52:22,467 INFO common.api_common: f_var:L2C.perf_dnoc_wrreq_128B
2026-06-26 14:52:22,467 INFO common.api_common: f_var:ISU.AP_PERF_BSM_WR_INFLIGHT_LEVEL
2026-06-26 14:52:22,467 INFO common.api_common: f_var:ISU.AP_PERF_WAVES
2026-06-26 14:52:22,467 INFO common.api_common: f_var:L2C.perf_dnoc_rdreq_32B
2026-06-26 14:52:22,467 INFO common.api_common: f_var:ISU.AP_PERF_BSM_INFLIGHT_LEVEL_IN_AP
2026-06-26 14:52:22,467 INFO common.api_common: f_var:ISU.AP_PERF_INST_MMA_TF32
2026-06-26 14:52:22,467 INFO common.api_common: f_var:ISU.AP_PERF_INST_MMA_FP16
2026-06-26 14:52:22,467 INFO common.api_common: f_var:ISU.AP_PERF_INST_CYCLES_MMA
2026-06-26 14:52:22,467 INFO common.api_common: f_var:VL1.p_stall_due_oldest_pt2
2026-06-26 14:52:22,467 INFO common.api_common: f_var:ISU.AP_PERF_BSM_ATOMIC_INFLIGHT_LEVEL
2026-06-26 14:52:22,467 INFO common.api_common: f_var:VL1.p_stall_due_oldest_pt1
2026-06-26 14:52:22,467 INFO common.api_common: f_var:ISU.AP_PERF_INSTS_BSM
2026-06-26 14:52:22,467 INFO common.api_common: f_var:L2C.perf_hit
2026-06-26 14:52:22,467 INFO common.api_common: f_var:ISU.AP_PERF_INST_CYCLES_VALU_4CYCLES
2026-06-26 14:52:22,467 INFO common.api_common: f_var:ISU.AP_PERF_ISU_ARB_WSM_STALL
2026-06-26 14:52:22,467 INFO common.api_common: f_var:L2C.perf_dnoc_rdreq_inflight_level
2026-06-26 14:52:22,467 INFO common.api_common: f_var:VL1.p_perf_miss_cnt
2026-06-26 14:52:22,467 INFO common.api_common: f_var:ISU.AP_PERF_ISU_ARB_VALU_STALL
2026-06-26 14:52:22,467 INFO common.api_common: f_var:ISU.AP_PERF_INST_CYCLES_MMA_32CYCLES
2026-06-26 14:52:22,467 INFO common.api_common: f_var:CE.CE_PERF_BUSY_CYCLES
2026-06-26 14:52:22,467 INFO common.api_common: f_var:L2C.perf_dnoc_wrreq_32B_low
2026-06-26 14:52:22,467 INFO common.api_common: f_var:L2C.perf_rd_req
2026-06-26 14:52:22,467 INFO common.api_common: f_var:ISU.AP_PERF_INST_FMA_F32
2026-06-26 14:52:22,467 INFO common.api_common: f_var:L2C.1_b1
2026-06-26 14:52:22,467 INFO common.api_common: f_var:ISU.AP_PERF_INST_MISC
2026-06-26 14:52:22,467 INFO common.api_common: f_var:L2C.perf_dnoc_wrreq
2026-06-26 14:52:22,467 INFO common.api_common: f_var:SL1.sl1_kcache_total_miss_event
2026-06-26 14:52:22,467 INFO common.api_common: f_var:VL1.p_total_read_instruction_event
2026-06-26 14:52:22,467 INFO common.api_common: f_var:RM.RM_PERF_WAVES_InFlight_Level_P0
2026-06-26 14:52:22,467 INFO common.api_common: f_var:ISU.AP_PERF_INSTS_VALU
2026-06-26 14:52:22,467 INFO common.api_common: f_var:ISU.AP_PERF_INST_BSM_WR
2026-06-26 14:52:22,467 INFO common.api_common: f_var:ISU.AP_PERF_INST_GLOBAL_RD
2026-06-26 14:52:22,467 INFO common.api_common: f_var:ISU.AP_PERF_INST_MMA_INT8
2026-06-26 14:52:22,467 INFO common.api_common: f_var:RM.RM_PERF_DISPATCHED_WAVES_P2
2026-06-26 14:52:22,469 INFO tools.events_generator.batches_generator: output path is: /mnt/opt_test/engram_hash_run/profile-artifacts/engram_hash_v9_best/mcprofiler_raw_best
2026-06-26 14:52:22,469 INFO tools.events_generator.batches_generator: generate event_batch_1.json successfully!
2026-06-26 14:52:22,469 INFO tools.events_generator.batches_generator: generate event_batch_2.json successfully!
2026-06-26 14:52:22,469 INFO tools.events_generator.batches_generator: generate event_batch_3.json successfully!
2026-06-26 14:52:22,469 INFO tools.events_generator.batches_generator: generate event_batch_4.json successfully!
2026-06-26 14:52:22,469 INFO tools.events_generator.batches_generator: generate event_batch_5.json successfully!
2026-06-26 14:52:22,470 INFO tools.events_generator.batches_generator: generate event_batch_6.json successfully!
2026-06-26 14:52:22,470 INFO tools.events_generator.batches_generator: generate event_batch_7.json successfully!
2026-06-26 14:52:22,470 INFO tools.events_generator.batches_generator: generate event_batch_8.json successfully!
2026-06-26 14:52:22,470 INFO phttp.server_backend: generate batch files done
2026-06-26 14:52:22,470 INFO common.api_common: ret_code cmdline_str: rm -f /root/mcRpcPort.ini
2026-06-26 14:52:22,477 INFO common.api_common: ret_code cmdline_str: cp /mnt/opt_test/engram_hash_run/profile-artifacts/engram_hash_v9_best/mcprofiler_raw_best/event_batch_1.json /mnt/opt_test/engram_hash_run/profile-artifacts/engram_hash_v9_best/mcprofiler_raw_best/mcProfiler.json
2026-06-26 14:52:22,483 INFO common.api_common: ret_code cmdline_str: export MCTX_TARGET_INIT=true; export MACA_ETC_PATH=/mnt/opt_test/engram_hash_run/profile-artifacts/engram_hash_v9_best/mcprofiler_raw_best; export MXLOG_LEVEL=info; export MACA_PATH=/opt/maca/; export LD_LIBRARY_PATH=/opt/maca/lib/:${LD_LIBRARY_PATH}; ./test_maca
2026-06-26 14:52:22,484 INFO common.api_common: ret_code cmdline_str: cat /root/mcRpcPort.ini
2026-06-26 14:52:22,491 WARNING phttp.server_backend: get_srvrpc_port get rpc server ports failed: cannot retrieve rpc server port.
2026-06-26 14:52:22,691 INFO common.api_common: ret_code cmdline_str: cat /root/mcRpcPort.ini
2026-06-26 14:52:23,109 INFO common.api_common: ret_code cmdline_str: cat /root/mcRpcPort.ini
2026-06-26 14:52:23,112 INFO prpc_client.mctool_client: MctxStreamProfilerCountDataGet Start
2026-06-26 14:52:23,113 INFO prpc_client.mctool_client: MctxStreamProfilerCountDataGet Loop
2026-06-26 14:52:23,917 INFO common.api_common: ret_code cmdline_str: cat /root/mcRpcPort.ini
2026-06-26 14:52:25,526 INFO common.api_common: ret_code cmdline_str: cat /root/mcRpcPort.ini
2026-06-26 14:52:25,741 INFO prpc_client.mctool_client: MctxStreamProfilerCountDataGet Loop
2026-06-26 14:52:27,310 DEBUG urllib3.connectionpool: Starting new HTTP connection (1): 127.0.0.1:50123
2026-06-26 14:52:27,315 INFO werkzeug: 127.0.0.1 - - [26/Jun/2026 14:52:27] "GET /perf_progress?exec_id=32267cbd-cae5-4429-9dda-968249fcc4ed HTTP/1.1" 200 -
2026-06-26 14:52:27,316 DEBUG urllib3.connectionpool: http://127.0.0.1:50123 "GET /perf_progress?exec_id=32267cbd-cae5-4429-9dda-968249fcc4ed HTTP/1.1" 200 2435
2026-06-26 14:52:28,739 INFO common.api_common: ret_code cmdline_str: rm -f /root/mcRpcPort.ini
2026-06-26 14:52:28,746 INFO common.api_common: ret_code cmdline_str: cp /mnt/opt_test/engram_hash_run/profile-artifacts/engram_hash_v9_best/mcprofiler_raw_best/event_batch_2.json /mnt/opt_test/engram_hash_run/profile-artifacts/engram_hash_v9_best/mcprofiler_raw_best/mcProfiler.json
2026-06-26 14:52:28,753 INFO common.api_common: ret_code cmdline_str: export MCTX_TARGET_INIT=true; export MACA_ETC_PATH=/mnt/opt_test/engram_hash_run/profile-artifacts/engram_hash_v9_best/mcprofiler_raw_best; export MXLOG_LEVEL=info; export MACA_PATH=/opt/maca/; export LD_LIBRARY_PATH=/opt/maca/lib/:${LD_LIBRARY_PATH}; ./test_maca
2026-06-26 14:52:28,754 INFO common.api_common: ret_code cmdline_str: cat /root/mcRpcPort.ini
2026-06-26 14:52:28,761 WARNING phttp.server_backend: get_srvrpc_port get rpc server ports failed: cannot retrieve rpc server port.
2026-06-26 14:52:28,962 INFO common.api_common: ret_code cmdline_str: cat /root/mcRpcPort.ini
2026-06-26 14:52:29,372 INFO common.api_common: ret_code cmdline_str: cat /root/mcRpcPort.ini
2026-06-26 14:52:29,373 INFO prpc_client.mctool_client: MctxStreamProfilerCountDataGet Start
2026-06-26 14:52:29,376 INFO prpc_client.mctool_client: MctxStreamProfilerCountDataGet Loop
2026-06-26 14:52:30,181 INFO common.api_common: ret_code cmdline_str: cat /root/mcRpcPort.ini
2026-06-26 14:52:31,790 INFO common.api_common: ret_code cmdline_str: cat /root/mcRpcPort.ini
2026-06-26 14:52:32,002 INFO prpc_client.mctool_client: MctxStreamProfilerCountDataGet Loop
2026-06-26 14:52:32,324 DEBUG urllib3.connectionpool: Starting new HTTP connection (1): 127.0.0.1:50123
2026-06-26 14:52:32,328 INFO werkzeug: 127.0.0.1 - - [26/Jun/2026 14:52:32] "GET /perf_progress?exec_id=32267cbd-cae5-4429-9dda-968249fcc4ed HTTP/1.1" 200 -
2026-06-26 14:52:32,330 DEBUG urllib3.connectionpool: http://127.0.0.1:50123 "GET /perf_progress?exec_id=32267cbd-cae5-4429-9dda-968249fcc4ed HTTP/1.1" 200 2435
2026-06-26 14:52:35,003 INFO common.api_common: ret_code cmdline_str: rm -f /root/mcRpcPort.ini
2026-06-26 14:52:35,010 INFO common.api_common: ret_code cmdline_str: cp /mnt/opt_test/engram_hash_run/profile-artifacts/engram_hash_v9_best/mcprofiler_raw_best/event_batch_3.json /mnt/opt_test/engram_hash_run/profile-artifacts/engram_hash_v9_best/mcprofiler_raw_best/mcProfiler.json
2026-06-26 14:52:35,017 INFO common.api_common: ret_code cmdline_str: export MCTX_TARGET_INIT=true; export MACA_ETC_PATH=/mnt/opt_test/engram_hash_run/profile-artifacts/engram_hash_v9_best/mcprofiler_raw_best; export MXLOG_LEVEL=info; export MACA_PATH=/opt/maca/; export LD_LIBRARY_PATH=/opt/maca/lib/:${LD_LIBRARY_PATH}; ./test_maca
2026-06-26 14:52:35,018 INFO common.api_common: ret_code cmdline_str: cat /root/mcRpcPort.ini
2026-06-26 14:52:35,025 WARNING phttp.server_backend: get_srvrpc_port get rpc server ports failed: cannot retrieve rpc server port.
2026-06-26 14:52:35,225 INFO common.api_common: ret_code cmdline_str: cat /root/mcRpcPort.ini
2026-06-26 14:52:35,636 INFO common.api_common: ret_code cmdline_str: cat /root/mcRpcPort.ini
2026-06-26 14:52:35,639 INFO prpc_client.mctool_client: MctxStreamProfilerCountDataGet Start
2026-06-26 14:52:35,640 INFO prpc_client.mctool_client: MctxStreamProfilerCountDataGet Loop
2026-06-26 14:52:36,445 INFO common.api_common: ret_code cmdline_str: cat /root/mcRpcPort.ini
2026-06-26 14:52:37,348 DEBUG urllib3.connectionpool: Starting new HTTP connection (1): 127.0.0.1:50123
2026-06-26 14:52:37,353 INFO werkzeug: 127.0.0.1 - - [26/Jun/2026 14:52:37] "GET /perf_progress?exec_id=32267cbd-cae5-4429-9dda-968249fcc4ed HTTP/1.1" 200 -
2026-06-26 14:52:37,354 DEBUG urllib3.connectionpool: http://127.0.0.1:50123 "GET /perf_progress?exec_id=32267cbd-cae5-4429-9dda-968249fcc4ed HTTP/1.1" 200 9874
2026-06-26 14:52:38,054 INFO common.api_common: ret_code cmdline_str: cat /root/mcRpcPort.ini
2026-06-26 14:52:38,264 INFO prpc_client.mctool_client: MctxStreamProfilerCountDataGet Loop
2026-06-26 14:52:41,265 INFO common.api_common: ret_code cmdline_str: rm -f /root/mcRpcPort.ini
2026-06-26 14:52:41,273 INFO common.api_common: ret_code cmdline_str: cp /mnt/opt_test/engram_hash_run/profile-artifacts/engram_hash_v9_best/mcprofiler_raw_best/event_batch_4.json /mnt/opt_test/engram_hash_run/profile-artifacts/engram_hash_v9_best/mcprofiler_raw_best/mcProfiler.json
2026-06-26 14:52:41,280 INFO common.api_common: ret_code cmdline_str: export MCTX_TARGET_INIT=true; export MACA_ETC_PATH=/mnt/opt_test/engram_hash_run/profile-artifacts/engram_hash_v9_best/mcprofiler_raw_best; export MXLOG_LEVEL=info; export MACA_PATH=/opt/maca/; export LD_LIBRARY_PATH=/opt/maca/lib/:${LD_LIBRARY_PATH}; ./test_maca
2026-06-26 14:52:41,280 INFO common.api_common: ret_code cmdline_str: cat /root/mcRpcPort.ini
2026-06-26 14:52:41,288 WARNING phttp.server_backend: get_srvrpc_port get rpc server ports failed: cannot retrieve rpc server port.
2026-06-26 14:52:41,489 INFO common.api_common: ret_code cmdline_str: cat /root/mcRpcPort.ini
2026-06-26 14:52:41,900 INFO common.api_common: ret_code cmdline_str: cat /root/mcRpcPort.ini
2026-06-26 14:52:41,900 INFO prpc_client.mctool_client: MctxStreamProfilerCountDataGet Start
2026-06-26 14:52:41,904 INFO prpc_client.mctool_client: MctxStreamProfilerCountDataGet Loop
2026-06-26 14:52:42,361 DEBUG urllib3.connectionpool: Starting new HTTP connection (1): 127.0.0.1:50123
2026-06-26 14:52:42,366 INFO werkzeug: 127.0.0.1 - - [26/Jun/2026 14:52:42] "GET /perf_progress?exec_id=32267cbd-cae5-4429-9dda-968249fcc4ed HTTP/1.1" 200 -
2026-06-26 14:52:42,366 DEBUG urllib3.connectionpool: http://127.0.0.1:50123 "GET /perf_progress?exec_id=32267cbd-cae5-4429-9dda-968249fcc4ed HTTP/1.1" 200 9874
2026-06-26 14:52:42,709 INFO common.api_common: ret_code cmdline_str: cat /root/mcRpcPort.ini
2026-06-26 14:52:44,319 INFO common.api_common: ret_code cmdline_str: cat /root/mcRpcPort.ini
2026-06-26 14:52:44,517 INFO prpc_client.mctool_client: MctxStreamProfilerCountDataGet Loop
2026-06-26 14:52:47,374 DEBUG urllib3.connectionpool: Starting new HTTP connection (1): 127.0.0.1:50123
2026-06-26 14:52:47,379 INFO werkzeug: 127.0.0.1 - - [26/Jun/2026 14:52:47] "GET /perf_progress?exec_id=32267cbd-cae5-4429-9dda-968249fcc4ed HTTP/1.1" 200 -
2026-06-26 14:52:47,380 DEBUG urllib3.connectionpool: http://127.0.0.1:50123 "GET /perf_progress?exec_id=32267cbd-cae5-4429-9dda-968249fcc4ed HTTP/1.1" 200 9874
2026-06-26 14:52:47,529 INFO common.api_common: ret_code cmdline_str: rm -f /root/mcRpcPort.ini
2026-06-26 14:52:47,537 INFO common.api_common: ret_code cmdline_str: cp /mnt/opt_test/engram_hash_run/profile-artifacts/engram_hash_v9_best/mcprofiler_raw_best/event_batch_5.json /mnt/opt_test/engram_hash_run/profile-artifacts/engram_hash_v9_best/mcprofiler_raw_best/mcProfiler.json
2026-06-26 14:52:47,544 INFO common.api_common: ret_code cmdline_str: export MCTX_TARGET_INIT=true; export MACA_ETC_PATH=/mnt/opt_test/engram_hash_run/profile-artifacts/engram_hash_v9_best/mcprofiler_raw_best; export MXLOG_LEVEL=info; export MACA_PATH=/opt/maca/; export LD_LIBRARY_PATH=/opt/maca/lib/:${LD_LIBRARY_PATH}; ./test_maca
2026-06-26 14:52:47,544 INFO common.api_common: ret_code cmdline_str: cat /root/mcRpcPort.ini
2026-06-26 14:52:47,552 WARNING phttp.server_backend: get_srvrpc_port get rpc server ports failed: cannot retrieve rpc server port.
2026-06-26 14:52:47,753 INFO common.api_common: ret_code cmdline_str: cat /root/mcRpcPort.ini
2026-06-26 14:52:48,164 INFO common.api_common: ret_code cmdline_str: cat /root/mcRpcPort.ini
2026-06-26 14:52:48,164 INFO prpc_client.mctool_client: MctxStreamProfilerCountDataGet Start
2026-06-26 14:52:48,168 INFO prpc_client.mctool_client: MctxStreamProfilerCountDataGet Loop
2026-06-26 14:52:48,973 INFO common.api_common: ret_code cmdline_str: cat /root/mcRpcPort.ini
2026-06-26 14:52:50,583 INFO common.api_common: ret_code cmdline_str: cat /root/mcRpcPort.ini
2026-06-26 14:52:50,782 INFO prpc_client.mctool_client: MctxStreamProfilerCountDataGet Loop
2026-06-26 14:52:52,387 DEBUG urllib3.connectionpool: Starting new HTTP connection (1): 127.0.0.1:50123
2026-06-26 14:52:52,392 INFO werkzeug: 127.0.0.1 - - [26/Jun/2026 14:52:52] "GET /perf_progress?exec_id=32267cbd-cae5-4429-9dda-968249fcc4ed HTTP/1.1" 200 -
2026-06-26 14:52:52,393 DEBUG urllib3.connectionpool: http://127.0.0.1:50123 "GET /perf_progress?exec_id=32267cbd-cae5-4429-9dda-968249fcc4ed HTTP/1.1" 200 9874
2026-06-26 14:52:53,793 INFO common.api_common: ret_code cmdline_str: rm -f /root/mcRpcPort.ini
2026-06-26 14:52:53,801 INFO common.api_common: ret_code cmdline_str: cp /mnt/opt_test/engram_hash_run/profile-artifacts/engram_hash_v9_best/mcprofiler_raw_best/event_batch_6.json /mnt/opt_test/engram_hash_run/profile-artifacts/engram_hash_v9_best/mcprofiler_raw_best/mcProfiler.json
2026-06-26 14:52:53,808 INFO common.api_common: ret_code cmdline_str: export MCTX_TARGET_INIT=true; export MACA_ETC_PATH=/mnt/opt_test/engram_hash_run/profile-artifacts/engram_hash_v9_best/mcprofiler_raw_best; export MXLOG_LEVEL=info; export MACA_PATH=/opt/maca/; export LD_LIBRARY_PATH=/opt/maca/lib/:${LD_LIBRARY_PATH}; ./test_maca
2026-06-26 14:52:53,808 INFO common.api_common: ret_code cmdline_str: cat /root/mcRpcPort.ini
2026-06-26 14:52:53,815 WARNING phttp.server_backend: get_srvrpc_port get rpc server ports failed: cannot retrieve rpc server port.
2026-06-26 14:52:54,015 INFO common.api_common: ret_code cmdline_str: cat /root/mcRpcPort.ini
2026-06-26 14:52:54,426 INFO common.api_common: ret_code cmdline_str: cat /root/mcRpcPort.ini
2026-06-26 14:52:54,427 INFO prpc_client.mctool_client: MctxStreamProfilerCountDataGet Start
2026-06-26 14:52:54,430 INFO prpc_client.mctool_client: MctxStreamProfilerCountDataGet Loop
2026-06-26 14:52:55,236 INFO common.api_common: ret_code cmdline_str: cat /root/mcRpcPort.ini
2026-06-26 14:52:56,845 INFO common.api_common: ret_code cmdline_str: cat /root/mcRpcPort.ini
2026-06-26 14:52:57,054 INFO prpc_client.mctool_client: MctxStreamProfilerCountDataGet Loop
2026-06-26 14:52:57,398 DEBUG urllib3.connectionpool: Starting new HTTP connection (1): 127.0.0.1:50123
2026-06-26 14:52:57,403 INFO werkzeug: 127.0.0.1 - - [26/Jun/2026 14:52:57] "GET /perf_progress?exec_id=32267cbd-cae5-4429-9dda-968249fcc4ed HTTP/1.1" 200 -
2026-06-26 14:52:57,404 DEBUG urllib3.connectionpool: http://127.0.0.1:50123 "GET /perf_progress?exec_id=32267cbd-cae5-4429-9dda-968249fcc4ed HTTP/1.1" 200 9874
2026-06-26 14:53:00,057 INFO common.api_common: ret_code cmdline_str: rm -f /root/mcRpcPort.ini
2026-06-26 14:53:00,064 INFO common.api_common: ret_code cmdline_str: cp /mnt/opt_test/engram_hash_run/profile-artifacts/engram_hash_v9_best/mcprofiler_raw_best/event_batch_7.json /mnt/opt_test/engram_hash_run/profile-artifacts/engram_hash_v9_best/mcprofiler_raw_best/mcProfiler.json
2026-06-26 14:53:00,072 INFO common.api_common: ret_code cmdline_str: export MCTX_TARGET_INIT=true; export MACA_ETC_PATH=/mnt/opt_test/engram_hash_run/profile-artifacts/engram_hash_v9_best/mcprofiler_raw_best; export MXLOG_LEVEL=info; export MACA_PATH=/opt/maca/; export LD_LIBRARY_PATH=/opt/maca/lib/:${LD_LIBRARY_PATH}; ./test_maca
2026-06-26 14:53:00,072 INFO common.api_common: ret_code cmdline_str: cat /root/mcRpcPort.ini
2026-06-26 14:53:00,080 WARNING phttp.server_backend: get_srvrpc_port get rpc server ports failed: cannot retrieve rpc server port.
2026-06-26 14:53:00,281 INFO common.api_common: ret_code cmdline_str: cat /root/mcRpcPort.ini
2026-06-26 14:53:00,692 INFO common.api_common: ret_code cmdline_str: cat /root/mcRpcPort.ini
2026-06-26 14:53:00,692 INFO prpc_client.mctool_client: MctxStreamProfilerCountDataGet Start
2026-06-26 14:53:00,696 INFO prpc_client.mctool_client: MctxStreamProfilerCountDataGet Loop
2026-06-26 14:53:01,501 INFO common.api_common: ret_code cmdline_str: cat /root/mcRpcPort.ini
2026-06-26 14:53:02,409 DEBUG urllib3.connectionpool: Starting new HTTP connection (1): 127.0.0.1:50123
2026-06-26 14:53:02,414 INFO werkzeug: 127.0.0.1 - - [26/Jun/2026 14:53:02] "GET /perf_progress?exec_id=32267cbd-cae5-4429-9dda-968249fcc4ed HTTP/1.1" 200 -
2026-06-26 14:53:02,415 DEBUG urllib3.connectionpool: http://127.0.0.1:50123 "GET /perf_progress?exec_id=32267cbd-cae5-4429-9dda-968249fcc4ed HTTP/1.1" 200 9874
2026-06-26 14:53:03,111 INFO common.api_common: ret_code cmdline_str: cat /root/mcRpcPort.ini
2026-06-26 14:53:03,310 INFO prpc_client.mctool_client: MctxStreamProfilerCountDataGet Loop
2026-06-26 14:53:06,324 INFO common.api_common: ret_code cmdline_str: rm -f /root/mcRpcPort.ini
2026-06-26 14:53:06,332 INFO common.api_common: ret_code cmdline_str: cp /mnt/opt_test/engram_hash_run/profile-artifacts/engram_hash_v9_best/mcprofiler_raw_best/event_batch_8.json /mnt/opt_test/engram_hash_run/profile-artifacts/engram_hash_v9_best/mcprofiler_raw_best/mcProfiler.json
2026-06-26 14:53:06,339 INFO common.api_common: ret_code cmdline_str: export MCTX_TARGET_INIT=true; export MACA_ETC_PATH=/mnt/opt_test/engram_hash_run/profile-artifacts/engram_hash_v9_best/mcprofiler_raw_best; export MXLOG_LEVEL=info; export MACA_PATH=/opt/maca/; export LD_LIBRARY_PATH=/opt/maca/lib/:${LD_LIBRARY_PATH}; ./test_maca
2026-06-26 14:53:06,340 INFO common.api_common: ret_code cmdline_str: cat /root/mcRpcPort.ini
2026-06-26 14:53:06,348 WARNING phttp.server_backend: get_srvrpc_port get rpc server ports failed: cannot retrieve rpc server port.
2026-06-26 14:53:06,549 INFO common.api_common: ret_code cmdline_str: cat /root/mcRpcPort.ini
2026-06-26 14:53:06,960 INFO common.api_common: ret_code cmdline_str: cat /root/mcRpcPort.ini
2026-06-26 14:53:06,963 INFO prpc_client.mctool_client: MctxStreamProfilerCountDataGet Start
2026-06-26 14:53:06,964 INFO prpc_client.mctool_client: MctxStreamProfilerCountDataGet Loop
2026-06-26 14:53:07,422 DEBUG urllib3.connectionpool: Starting new HTTP connection (1): 127.0.0.1:50123
2026-06-26 14:53:07,427 INFO werkzeug: 127.0.0.1 - - [26/Jun/2026 14:53:07] "GET /perf_progress?exec_id=32267cbd-cae5-4429-9dda-968249fcc4ed HTTP/1.1" 200 -
2026-06-26 14:53:07,428 DEBUG urllib3.connectionpool: http://127.0.0.1:50123 "GET /perf_progress?exec_id=32267cbd-cae5-4429-9dda-968249fcc4ed HTTP/1.1" 200 9874
2026-06-26 14:53:07,769 INFO common.api_common: ret_code cmdline_str: cat /root/mcRpcPort.ini
2026-06-26 14:53:09,379 INFO common.api_common: ret_code cmdline_str: cat /root/mcRpcPort.ini
2026-06-26 14:53:09,576 INFO prpc_client.mctool_client: MctxStreamProfilerCountDataGet Loop
2026-06-26 14:53:12,433 DEBUG urllib3.connectionpool: Starting new HTTP connection (1): 127.0.0.1:50123
2026-06-26 14:53:12,438 INFO werkzeug: 127.0.0.1 - - [26/Jun/2026 14:53:12] "GET /perf_progress?exec_id=32267cbd-cae5-4429-9dda-968249fcc4ed HTTP/1.1" 200 -
2026-06-26 14:53:12,438 DEBUG urllib3.connectionpool: http://127.0.0.1:50123 "GET /perf_progress?exec_id=32267cbd-cae5-4429-9dda-968249fcc4ed HTTP/1.1" 200 9874
2026-06-26 14:53:12,609 INFO phttp.server_backend: profiling task 32267cbd-cae5-4429-9dda-968249fcc4ed
2026-06-26 14:53:12,609 INFO utils.complier: analyse  formula:[{'type': 'VARIABLE', 'value': '{{ISU.AP_PERF_INSTS_VALU}}'}, {'type': 'VARIABLE', 'value': '{{ISU.AP_PERF_INSTS_MMA}}'}, {'type': 'VARIABLE', 'value': '{{ISU.AP_PERF_INSTS_SALU}}'}, {'type': 'VARIABLE', 'value': '{{ISU.AP_PERF_INST_MISC}}'}]
2026-06-26 14:53:12,610 INFO utils.complier: analyse  formula:[]
2026-06-26 14:53:12,610 INFO utils.complier: analyse  formula:[]
2026-06-26 14:53:12,611 INFO utils.complier: analyse  formula:[{'type': 'PROC_VAR', 'value': '$RET'}]
2026-06-26 14:53:12,611 INFO utils.complier: analyse  formula:[]
2026-06-26 14:53:12,611 INFO utils.complier: analyse  formula:[{'type': 'VARIABLE', 'value': '{{ISU.AP_PERF_INSTS_VALU}}'}, {'type': 'VARIABLE', 'value': '{{ISU.AP_PERF_INSTS_MMA}}'}, {'type': 'VARIABLE', 'value': '{{ISU.AP_PERF_INSTS_SALU}}'}, {'type': 'VARIABLE', 'value': '{{ISU.AP_PERF_INST_MISC}}'}]
2026-06-26 14:53:12,612 INFO utils.complier: analyse  formula:[]
2026-06-26 14:53:12,612 INFO utils.complier: analyse  formula:[]
2026-06-26 14:53:12,612 INFO utils.complier: analyse  formula:[{'type': 'VARIABLE', 'value': '{{ISU.AP_PERF_INSTS_GVM}}'}, {'type': 'VARIABLE', 'value': '{{ISU.AP_PERF_INSTS_BSM}}'}, {'type': 'VARIABLE', 'value': '{{ISU.AP_PERF_INSTS_LDU}}'}]
2026-06-26 14:53:12,612 INFO utils.complier: analyse  formula:[]
2026-06-26 14:53:12,613 INFO utils.complier: analyse  formula:[]
2026-06-26 14:53:12,614 INFO utils.complier: analyse  formula:[{'type': 'PROC_VAR', 'value': '$RET'}]
2026-06-26 14:53:12,614 INFO utils.complier: analyse  formula:[]
2026-06-26 14:53:12,614 INFO utils.complier: analyse  formula:[{'type': 'VARIABLE', 'value': '{{ISU.AP_PERF_INSTS_GVM}}'}, {'type': 'VARIABLE', 'value': '{{ISU.AP_PERF_INSTS_BSM}}'}, {'type': 'VARIABLE', 'value': '{{ISU.AP_PERF_INSTS_LDU}}'}]
2026-06-26 14:53:12,614 INFO utils.complier: analyse  formula:[]
2026-06-26 14:53:12,615 INFO utils.complier: analyse  formula:[]
2026-06-26 14:53:12,615 INFO utils.complier: analyse  formula:[]
2026-06-26 14:53:12,615 INFO utils.complier: analyse  formula:[{'type': 'UMD_VARIABLE', 'value': '{TRACER.dur}'}]
2026-06-26 14:53:12,615 INFO utils.complier: analyse  formula:[]
2026-06-26 14:53:12,615 ERROR utils.pc_base: get_varvalues failed: 'TRACER'
2026-06-26 14:53:12,615 ERROR utils.pc_base: cannot calculate: 'TRACER'
2026-06-26 14:53:12,615 INFO utils.complier: analyse  formula:[{'type': 'VARIABLE', 'value': '{{ISU.AP_PERF_ISU_AP_BUSY}}'}]
2026-06-26 14:53:12,615 INFO utils.complier: analyse  formula:[{'type': 'UMD_VARIABLE', 'value': '{TRACER.dur}'}]
2026-06-26 14:53:12,615 INFO utils.complier: analyse  formula:[]
2026-06-26 14:53:12,615 ERROR utils.pc_base: get_varvalues failed: 'TRACER'
2026-06-26 14:53:12,615 ERROR utils.pc_base: cannot calculate: 'TRACER'
2026-06-26 14:53:12,616 INFO utils.complier: analyse  formula:[{'type': 'VARIABLE', 'value': '{{ISU.AP_PERF_INST_GLOBAL_RD}}'}]
2026-06-26 14:53:12,616 INFO utils.complier: analyse  formula:[]
2026-06-26 14:53:12,616 INFO utils.complier: analyse  formula:[]
2026-06-26 14:53:12,616 INFO utils.complier: analyse  formula:[{'type': 'PROC_VAR', 'value': '$RET'}]
2026-06-26 14:53:12,616 INFO utils.complier: analyse  formula:[]
2026-06-26 14:53:12,616 INFO utils.complier: analyse  formula:[{'type': 'VARIABLE', 'value': '{{ISU.AP_PERF_INST_GLOBAL_RD}}'}]
2026-06-26 14:53:12,616 INFO utils.complier: analyse  formula:[]
2026-06-26 14:53:12,617 INFO utils.complier: analyse  formula:[]
2026-06-26 14:53:12,617 INFO utils.complier: analyse  formula:[{'type': 'VARIABLE', 'value': '{{ISU.AP_PERF_INST_GLOBAL_WR}}'}]
2026-06-26 14:53:12,617 INFO utils.complier: analyse  formula:[]
2026-06-26 14:53:12,617 INFO utils.complier: analyse  formula:[]
2026-06-26 14:53:12,617 INFO utils.complier: analyse  formula:[{'type': 'PROC_VAR', 'value': '$RET'}]
2026-06-26 14:53:12,617 INFO utils.complier: analyse  formula:[]
2026-06-26 14:53:12,617 INFO utils.complier: analyse  formula:[{'type': 'VARIABLE', 'value': '{{ISU.AP_PERF_INST_GLOBAL_WR}}'}]
2026-06-26 14:53:12,617 INFO utils.complier: analyse  formula:[]
2026-06-26 14:53:12,618 INFO utils.complier: analyse  formula:[]
2026-06-26 14:53:12,618 INFO utils.complier: analyse  formula:[{'type': 'VARIABLE', 'value': '{{ISU.AP_PERF_INST_PRIVATE_RD}}'}]
2026-06-26 14:53:12,618 INFO utils.complier: analyse  formula:[]
2026-06-26 14:53:12,618 INFO utils.complier: analyse  formula:[]
2026-06-26 14:53:12,618 INFO utils.complier: analyse  formula:[{'type': 'PROC_VAR', 'value': '$RET'}]
2026-06-26 14:53:12,618 INFO utils.complier: analyse  formula:[]
2026-06-26 14:53:12,618 INFO utils.complier: analyse  formula:[{'type': 'VARIABLE', 'value': '{{ISU.AP_PERF_INST_PRIVATE_RD}}'}]
2026-06-26 14:53:12,618 INFO utils.complier: analyse  formula:[]
2026-06-26 14:53:12,619 INFO utils.complier: analyse  formula:[]
2026-06-26 14:53:12,619 INFO utils.complier: analyse  formula:[{'type': 'VARIABLE', 'value': '{{ISU.AP_PERF_INST_PRIVATE_WR}}'}]
2026-06-26 14:53:12,619 INFO utils.complier: analyse  formula:[]
2026-06-26 14:53:12,619 INFO utils.complier: analyse  formula:[]
2026-06-26 14:53:12,619 INFO utils.complier: analyse  formula:[{'type': 'PROC_VAR', 'value': '$RET'}]
2026-06-26 14:53:12,619 INFO utils.complier: analyse  formula:[]
2026-06-26 14:53:12,619 INFO utils.complier: analyse  formula:[{'type': 'VARIABLE', 'value': '{{ISU.AP_PERF_INST_PRIVATE_WR}}'}]
2026-06-26 14:53:12,620 INFO utils.complier: analyse  formula:[]
2026-06-26 14:53:12,620 INFO utils.complier: analyse  formula:[]
2026-06-26 14:53:12,620 INFO utils.complier: analyse  formula:[{'type': 'VARIABLE', 'value': '{{ISU.AP_PERF_INST_GENERIC_RD}}'}]
2026-06-26 14:53:12,620 INFO utils.complier: analyse  formula:[]
2026-06-26 14:53:12,620 INFO utils.complier: analyse  formula:[]
2026-06-26 14:53:12,620 INFO utils.complier: analyse  formula:[{'type': 'PROC_VAR', 'value': '$RET'}]
2026-06-26 14:53:12,620 INFO utils.complier: analyse  formula:[]
2026-06-26 14:53:12,620 INFO utils.complier: analyse  formula:[{'type': 'VARIABLE', 'value': '{{ISU.AP_PERF_INST_GENERIC_RD}}'}]
2026-06-26 14:53:12,621 INFO utils.complier: analyse  formula:[]
2026-06-26 14:53:12,621 INFO utils.complier: analyse  formula:[]
2026-06-26 14:53:12,621 INFO utils.complier: analyse  formula:[{'type': 'VARIABLE', 'value': '{{ISU.AP_PERF_INST_GENERIC_WR}}'}]
2026-06-26 14:53:12,621 INFO utils.complier: analyse  formula:[]
2026-06-26 14:53:12,621 INFO utils.complier: analyse  formula:[]
2026-06-26 14:53:12,621 INFO utils.complier: analyse  formula:[{'type': 'PROC_VAR', 'value': '$RET'}]
2026-06-26 14:53:12,621 INFO utils.complier: analyse  formula:[]
2026-06-26 14:53:12,621 INFO utils.complier: analyse  formula:[{'type': 'VARIABLE', 'value': '{{ISU.AP_PERF_INST_GENERIC_WR}}'}]
2026-06-26 14:53:12,622 INFO utils.complier: analyse  formula:[]
2026-06-26 14:53:12,622 INFO utils.complier: analyse  formula:[]
2026-06-26 14:53:12,622 INFO utils.complier: analyse  formula:[{'type': 'VARIABLE', 'value': '{{ISU.AP_PERF_INSTS_LDU}}'}]
2026-06-26 14:53:12,622 INFO utils.complier: analyse  formula:[]
2026-06-26 14:53:12,622 INFO utils.complier: analyse  formula:[]
2026-06-26 14:53:12,622 INFO utils.complier: analyse  formula:[{'type': 'PROC_VAR', 'value': '$RET'}]
2026-06-26 14:53:12,622 INFO utils.complier: analyse  formula:[]
2026-06-26 14:53:12,622 INFO utils.complier: analyse  formula:[{'type': 'VARIABLE', 'value': '{{ISU.AP_PERF_INSTS_LDU}}'}]
2026-06-26 14:53:12,623 INFO utils.complier: analyse  formula:[]
2026-06-26 14:53:12,623 INFO utils.complier: analyse  formula:[]
2026-06-26 14:53:12,623 INFO utils.complier: analyse  formula:[{'type': 'VARIABLE', 'value': '{{ISU.AP_PERF_INST_BSM_RD}}'}]
2026-06-26 14:53:12,623 INFO utils.complier: analyse  formula:[]
2026-06-26 14:53:12,623 INFO utils.complier: analyse  formula:[]
2026-06-26 14:53:12,623 INFO utils.complier: analyse  formula:[{'type': 'PROC_VAR', 'value': '$RET'}]
2026-06-26 14:53:12,623 INFO utils.complier: analyse  formula:[]
2026-06-26 14:53:12,624 INFO utils.complier: analyse  formula:[{'type': 'VARIABLE', 'value': '{{ISU.AP_PERF_INST_BSM_RD}}'}]
2026-06-26 14:53:12,624 INFO utils.complier: analyse  formula:[]
2026-06-26 14:53:12,624 INFO utils.complier: analyse  formula:[]
2026-06-26 14:53:12,624 INFO utils.complier: analyse  formula:[{'type': 'VARIABLE', 'value': '{{ISU.AP_PERF_INST_BSM_WR}}'}]
2026-06-26 14:53:12,624 INFO utils.complier: analyse  formula:[]
2026-06-26 14:53:12,624 INFO utils.complier: analyse  formula:[]
2026-06-26 14:53:12,624 INFO utils.complier: analyse  formula:[{'type': 'PROC_VAR', 'value': '$RET'}]
2026-06-26 14:53:12,624 INFO utils.complier: analyse  formula:[]
2026-06-26 14:53:12,625 INFO utils.complier: analyse  formula:[{'type': 'VARIABLE', 'value': '{{ISU.AP_PERF_INST_BSM_WR}}'}]
2026-06-26 14:53:12,625 INFO utils.complier: analyse  formula:[]
2026-06-26 14:53:12,625 INFO utils.complier: analyse  formula:[]
2026-06-26 14:53:12,625 INFO utils.complier: analyse  formula:[{'type': 'VARIABLE', 'value': '{{VL1.p_total_read_instruction_event}}'}]
2026-06-26 14:53:12,625 INFO utils.complier: analyse  formula:[]
2026-06-26 14:53:12,625 INFO utils.complier: analyse  formula:[]
2026-06-26 14:53:12,625 INFO utils.complier: analyse  formula:[{'type': 'PROC_VAR', 'value': '$RET'}]
2026-06-26 14:53:12,626 INFO utils.complier: analyse  formula:[]
2026-06-26 14:53:12,626 INFO utils.complier: analyse  formula:[{'type': 'VARIABLE', 'value': '{{VL1.p_total_read_instruction_event}}'}]
2026-06-26 14:53:12,626 INFO utils.complier: analyse  formula:[]
2026-06-26 14:53:12,626 INFO utils.complier: analyse  formula:[]
2026-06-26 14:53:12,626 INFO utils.complier: analyse  formula:[{'type': 'VARIABLE', 'value': '{{VL1.p_total_write_instruction_event}}'}]
2026-06-26 14:53:12,626 INFO utils.complier: analyse  formula:[]
2026-06-26 14:53:12,626 INFO utils.complier: analyse  formula:[]
2026-06-26 14:53:12,626 INFO utils.complier: analyse  formula:[{'type': 'PROC_VAR', 'value': '$RET'}]
2026-06-26 14:53:12,627 INFO utils.complier: analyse  formula:[]
2026-06-26 14:53:12,627 INFO utils.complier: analyse  formula:[{'type': 'VARIABLE', 'value': '{{VL1.p_total_write_instruction_event}}'}]
2026-06-26 14:53:12,627 INFO utils.complier: analyse  formula:[]
2026-06-26 14:53:12,627 INFO utils.complier: analyse  formula:[]
2026-06-26 14:53:12,627 INFO utils.complier: analyse  formula:[{'type': 'VARIABLE', 'value': '{{VL1.p_perf_thread_req_cnt}}'}, {'type': 'VARIABLE', 'value': '{{VL1.p_perf_miss_cnt}}'}, {'type': 'VARIABLE', 'value': '{{VL1.p_perf_thread_req_cnt}}'}]
2026-06-26 14:53:12,628 INFO utils.complier: analyse  formula:[]
2026-06-26 14:53:12,628 INFO utils.complier: analyse  formula:[]
2026-06-26 14:53:12,628 INFO utils.complier: analyse  formula:[{'type': 'PROC_VAR', 'value': '$vl1hit'}, {'type': 'PROC_VAR', 'value': '$RET'}, {'type': 'PROC_VAR', 'value': '$vl1hit'}]
2026-06-26 14:53:12,629 INFO utils.complier: analyse  formula:[]
2026-06-26 14:53:12,629 INFO utils.complier: analyse  formula:[{'type': 'VARIABLE', 'value': '{{VL1.p_perf_thread_req_cnt}}'}, {'type': 'VARIABLE', 'value': '{{VL1.p_perf_miss_cnt}}'}, {'type': 'VARIABLE', 'value': '{{VL1.p_perf_thread_req_cnt}}'}]
2026-06-26 14:53:12,630 INFO utils.complier: analyse  formula:[]
2026-06-26 14:53:12,631 INFO utils.complier: analyse  formula:[]
2026-06-26 14:53:12,631 INFO utils.complier: analyse  formula:[{'type': 'VARIABLE', 'value': '{{L2C.perf_rd_req}}'}]
2026-06-26 14:53:12,631 INFO utils.complier: analyse  formula:[]
2026-06-26 14:53:12,631 INFO utils.complier: analyse  formula:[]
2026-06-26 14:53:12,631 INFO utils.complier: analyse  formula:[{'type': 'PROC_VAR', 'value': '$RET'}]
2026-06-26 14:53:12,631 INFO utils.complier: analyse  formula:[]
2026-06-26 14:53:12,631 INFO utils.complier: analyse  formula:[{'type': 'VARIABLE', 'value': '{{L2C.perf_rd_req}}'}]
2026-06-26 14:53:12,631 INFO utils.complier: analyse  formula:[]
2026-06-26 14:53:12,632 INFO utils.complier: analyse  formula:[]
2026-06-26 14:53:12,632 INFO utils.complier: analyse  formula:[{'type': 'VARIABLE', 'value': '{{L2C.perf_wr_req}}'}]
2026-06-26 14:53:12,632 INFO utils.complier: analyse  formula:[]
2026-06-26 14:53:12,632 INFO utils.complier: analyse  formula:[]
2026-06-26 14:53:12,632 INFO utils.complier: analyse  formula:[{'type': 'PROC_VAR', 'value': '$RET'}]
2026-06-26 14:53:12,632 INFO utils.complier: analyse  formula:[]
2026-06-26 14:53:12,632 INFO utils.complier: analyse  formula:[{'type': 'VARIABLE', 'value': '{{L2C.perf_wr_req}}'}]
2026-06-26 14:53:12,632 INFO utils.complier: analyse  formula:[]
2026-06-26 14:53:12,633 INFO utils.complier: analyse  formula:[]
2026-06-26 14:53:12,633 INFO utils.complier: analyse  formula:[{'type': 'VARIABLE', 'value': '{{L2C.perf_hit}}'}, {'type': 'VARIABLE', 'value': '{{L2C.perf_sector_hit}}'}, {'type': 'VARIABLE', 'value': '{{L2C.perf_miss}}'}]
2026-06-26 14:53:12,633 INFO utils.complier: analyse  formula:[]
2026-06-26 14:53:12,633 INFO utils.complier: analyse  formula:[]
2026-06-26 14:53:12,633 INFO utils.complier: analyse  formula:[{'type': 'PROC_VAR', 'value': '$hit_events'}, {'type': 'PROC_VAR', 'value': '$RET'}, {'type': 'PROC_VAR', 'value': '$hit_events'}, {'type': 'PROC_VAR', 'value': '$hit_events'}]
2026-06-26 14:53:12,634 INFO utils.complier: analyse  formula:[]
2026-06-26 14:53:12,635 INFO utils.complier: analyse  formula:[{'type': 'VARIABLE', 'value': '{{L2C.perf_hit}}'}, {'type': 'VARIABLE', 'value': '{{L2C.perf_sector_hit}}'}, {'type': 'VARIABLE', 'value': '{{L2C.perf_miss}}'}]
2026-06-26 14:53:12,635 INFO utils.complier: analyse  formula:[]
2026-06-26 14:53:12,636 INFO utils.complier: analyse  formula:[]
2026-06-26 14:53:12,636 INFO utils.complier: analyse  formula:[{'type': 'VARIABLE', 'value': '{{SL1.sl1_kcache_total_hit_event}}'}, {'type': 'VARIABLE', 'value': '{{SL1.sl1_kcache_total_hit_on_miss_event}}'}, {'type': 'VARIABLE', 'value': '{{SL1.sl1_kcache_total_miss_event}}'}]
2026-06-26 14:53:12,637 INFO utils.complier: analyse  formula:[]
2026-06-26 14:53:12,637 INFO utils.complier: analyse  formula:[]
2026-06-26 14:53:12,637 INFO utils.complier: analyse  formula:[{'type': 'PROC_VAR', 'value': '$hit'}, {'type': 'PROC_VAR', 'value': '$RET'}, {'type': 'PROC_VAR', 'value': '$hit'}, {'type': 'PROC_VAR', 'value': '$hit'}]
2026-06-26 14:53:12,638 INFO utils.complier: analyse  formula:[]
2026-06-26 14:53:12,638 INFO utils.complier: analyse  formula:[{'type': 'VARIABLE', 'value': '{{SL1.sl1_kcache_total_hit_event}}'}, {'type': 'VARIABLE', 'value': '{{SL1.sl1_kcache_total_hit_on_miss_event}}'}, {'type': 'VARIABLE', 'value': '{{SL1.sl1_kcache_total_miss_event}}'}]
2026-06-26 14:53:12,639 INFO utils.complier: analyse  formula:[]
2026-06-26 14:53:12,639 INFO utils.complier: analyse  formula:[]
2026-06-26 14:53:12,640 INFO utils.complier: analyse  formula:[{'type': 'VARIABLE', 'value': '{{SL1.sl1_kcache_rd}}'}]
2026-06-26 14:53:12,640 INFO utils.complier: analyse  formula:[]
2026-06-26 14:53:12,640 INFO utils.complier: analyse  formula:[]
2026-06-26 14:53:12,640 INFO utils.complier: analyse  formula:[{'type': 'PROC_VAR', 'value': '$RET'}]
2026-06-26 14:53:12,640 INFO utils.complier: analyse  formula:[]
2026-06-26 14:53:12,640 INFO utils.complier: analyse  formula:[{'type': 'VARIABLE', 'value': '{{SL1.sl1_kcache_rd}}'}]
2026-06-26 14:53:12,640 INFO utils.complier: analyse  formula:[]
2026-06-26 14:53:12,640 INFO utils.complier: analyse  formula:[]
2026-06-26 14:53:12,641 INFO utils.complier: analyse  formula:[{'type': 'VARIABLE', 'value': '{{SL1.sl1_kcache_l2_rd}}'}]
2026-06-26 14:53:12,641 INFO utils.complier: analyse  formula:[]
2026-06-26 14:53:12,641 INFO utils.complier: analyse  formula:[]
2026-06-26 14:53:12,641 INFO utils.complier: analyse  formula:[{'type': 'PROC_VAR', 'value': '$RET'}]
2026-06-26 14:53:12,641 INFO utils.complier: analyse  formula:[]
2026-06-26 14:53:12,641 INFO utils.complier: analyse  formula:[{'type': 'VARIABLE', 'value': '{{SL1.sl1_kcache_l2_rd}}'}]
2026-06-26 14:53:12,641 INFO utils.complier: analyse  formula:[]
2026-06-26 14:53:12,641 INFO utils.complier: analyse  formula:[]
2026-06-26 14:53:12,642 INFO utils.complier: analyse  formula:[{'type': 'VARIABLE', 'value': '{{ISU.AP_PERF_INSTS_VALU}}'}, {'type': 'VARIABLE', 'value': '{{ISU.AP_PERF_INSTS_MMA}}'}, {'type': 'VARIABLE', 'value': '{{ISU.AP_PERF_INSTS_SALU}}'}, {'type': 'VARIABLE', 'value': '{{ISU.AP_PERF_INSTS_GVM}}'}, {'type': 'VARIABLE', 'value': '{{ISU.AP_PERF_INSTS_BSM}}'}, {'type': 'VARIABLE', 'value': '{{ISU.AP_PERF_INSTS_LDU}}'}, {'type': 'VARIABLE', 'value': '{{ISU.AP_PERF_INST_MISC}}'}]
2026-06-26 14:53:12,642 INFO utils.complier: analyse  formula:[]
2026-06-26 14:53:12,642 INFO utils.complier: analyse  formula:[]
2026-06-26 14:53:12,644 INFO utils.complier: analyse  formula:[{'type': 'PROC_VAR', 'value': '$RET'}]
2026-06-26 14:53:12,644 INFO utils.complier: analyse  formula:[]
2026-06-26 14:53:12,644 INFO utils.complier: analyse  formula:[{'type': 'VARIABLE', 'value': '{{ISU.AP_PERF_INSTS_VALU}}'}, {'type': 'VARIABLE', 'value': '{{ISU.AP_PERF_INSTS_MMA}}'}, {'type': 'VARIABLE', 'value': '{{ISU.AP_PERF_INSTS_SALU}}'}, {'type': 'VARIABLE', 'value': '{{ISU.AP_PERF_INSTS_GVM}}'}, {'type': 'VARIABLE', 'value': '{{ISU.AP_PERF_INSTS_BSM}}'}, {'type': 'VARIABLE', 'value': '{{ISU.AP_PERF_INSTS_LDU}}'}, {'type': 'VARIABLE', 'value': '{{ISU.AP_PERF_INST_MISC}}'}]
2026-06-26 14:53:12,645 INFO utils.complier: analyse  formula:[]
2026-06-26 14:53:12,646 INFO utils.complier: analyse  formula:[]
2026-06-26 14:53:12,646 INFO utils.complier: analyse  formula:[]
2026-06-26 14:53:12,646 INFO utils.complier: analyse  formula:[]
2026-06-26 14:53:12,646 INFO utils.complier: analyse  formula:[{'type': 'PRE_VAR', 'value': '@compute_instructions'}, {'type': 'PRE_VAR', 'value': '@memory_instructions'}]
2026-06-26 14:53:12,646 INFO utils.complier: analyse  formula:[{'type': 'PROC_VAR', 'value': '$RET'}]
2026-06-26 14:53:12,646 INFO utils.complier: analyse  formula:[]
2026-06-26 14:53:12,646 INFO utils.complier: analyse  formula:[]
2026-06-26 14:53:12,646 INFO utils.complier: analyse  formula:[{'type': 'PRE_VAR', 'value': '@compute_instructions'}, {'type': 'PRE_VAR', 'value': '@memory_instructions'}]
2026-06-26 14:53:12,647 INFO utils.complier: analyse  formula:[]
2026-06-26 14:53:12,647 INFO utils.complier: analyse  formula:[]
2026-06-26 14:53:12,647 INFO utils.complier: analyse  formula:[]
2026-06-26 14:53:12,647 INFO utils.complier: analyse  formula:[{'type': 'PRE_VAR', 'value': '@compute_instructions'}]
2026-06-26 14:53:12,647 INFO utils.complier: analyse  formula:[{'type': 'PROC_VAR', 'value': '$RET'}]
2026-06-26 14:53:12,647 INFO utils.complier: analyse  formula:[]
2026-06-26 14:53:12,647 INFO utils.complier: analyse  formula:[]
2026-06-26 14:53:12,647 INFO utils.complier: analyse  formula:[{'type': 'PRE_VAR', 'value': '@compute_instructions'}]
2026-06-26 14:53:12,647 INFO utils.complier: analyse  formula:[]
2026-06-26 14:53:12,647 INFO utils.complier: analyse  formula:[]
2026-06-26 14:53:12,647 INFO utils.complier: analyse  formula:[]
2026-06-26 14:53:12,647 INFO utils.complier: analyse  formula:[{'type': 'PRE_VAR', 'value': '@memory_instructions'}]
2026-06-26 14:53:12,648 INFO utils.complier: analyse  formula:[{'type': 'PROC_VAR', 'value': '$RET'}]
2026-06-26 14:53:12,648 INFO utils.complier: analyse  formula:[]
2026-06-26 14:53:12,648 INFO utils.complier: analyse  formula:[]
2026-06-26 14:53:12,648 INFO utils.complier: analyse  formula:[{'type': 'PRE_VAR', 'value': '@memory_instructions'}]
2026-06-26 14:53:12,648 INFO utils.complier: analyse  formula:[]
2026-06-26 14:53:12,648 INFO utils.complier: analyse  formula:[{'type': 'VARIABLE', 'value': '{{CE.CE_PERF_BUSY_CYCLES}}'}]
2026-06-26 14:53:12,648 INFO utils.complier: analyse  formula:[]
2026-06-26 14:53:12,648 INFO utils.complier: analyse  formula:[]
2026-06-26 14:53:12,648 INFO utils.complier: analyse  formula:[{'type': 'PROC_VAR', 'value': '$RET'}]
2026-06-26 14:53:12,648 INFO utils.complier: analyse  formula:[]
2026-06-26 14:53:12,649 INFO utils.complier: analyse  formula:[{'type': 'VARIABLE', 'value': '{{CE.CE_PERF_BUSY_CYCLES}}'}]
2026-06-26 14:53:12,649 INFO utils.complier: analyse  formula:[]
2026-06-26 14:53:12,649 INFO utils.complier: analyse  formula:[]
2026-06-26 14:53:12,649 INFO utils.complier: analyse  formula:[{'type': 'VARIABLE', 'value': '{{L2C.perf_dnoc_rdreq_32B}}'}, {'type': 'VARIABLE', 'value': '{{L2C.perf_dnoc_rdreq_64B}}'}, {'type': 'VARIABLE', 'value': '{{L2C.perf_dnoc_rdreq_128B}}'}, {'type': 'VARIABLE', 'value': '{{L2C.perf_dnoc_wrreq_32B_low}}'}, {'type': 'VARIABLE', 'value': '{{L2C.perf_dnoc_wrreq_32B_high}}'}, {'type': 'VARIABLE', 'value': '{{L2C.perf_dnoc_wrreq_64B}}'}, {'type': 'VARIABLE', 'value': '{{L2C.perf_dnoc_wrreq_128B}}'}, {'type': 'VARIABLE', 'value': '{{ISU.AP_PERF_ISU_AP_BUSY}}'}]
2026-06-26 14:53:12,650 INFO utils.complier: analyse  formula:[]
2026-06-26 14:53:12,650 INFO utils.complier: analyse  formula:[]
2026-06-26 14:53:12,651 INFO utils.complier: analyse  formula:[{'type': 'PROC_VAR', 'value': '$ma'}, {'type': 'PROC_VAR', 'value': '$RET'}, {'type': 'PROC_VAR', 'value': '$ma'}]
2026-06-26 14:53:12,652 INFO utils.complier: analyse  formula:[]
2026-06-26 14:53:12,652 INFO utils.complier: analyse  formula:[{'type': 'VARIABLE', 'value': '{{L2C.perf_dnoc_rdreq_32B}}'}, {'type': 'VARIABLE', 'value': '{{L2C.perf_dnoc_rdreq_64B}}'}, {'type': 'VARIABLE', 'value': '{{L2C.perf_dnoc_rdreq_128B}}'}, {'type': 'VARIABLE', 'value': '{{L2C.perf_dnoc_wrreq_32B_low}}'}, {'type': 'VARIABLE', 'value': '{{L2C.perf_dnoc_wrreq_32B_high}}'}, {'type': 'VARIABLE', 'value': '{{L2C.perf_dnoc_wrreq_64B}}'}, {'type': 'VARIABLE', 'value': '{{L2C.perf_dnoc_wrreq_128B}}'}, {'type': 'VARIABLE', 'value': '{{ISU.AP_PERF_ISU_AP_BUSY}}'}]
2026-06-26 14:53:12,653 INFO utils.complier: analyse  formula:[]
2026-06-26 14:53:12,654 INFO utils.complier: analyse  formula:[]
2026-06-26 14:53:12,655 INFO utils.complier: analyse  formula:[{'type': 'VARIABLE', 'value': '{{ISU.AP_PERF_ISU_AP_BUSY}}'}]
2026-06-26 14:53:12,655 INFO utils.complier: analyse  formula:[]
2026-06-26 14:53:12,655 INFO utils.complier: analyse  formula:[]
2026-06-26 14:53:12,656 INFO utils.complier: analyse  formula:[{'type': 'PROC_VAR', 'value': '$valid_ap_busy'}, {'type': 'PROC_VAR', 'value': '$RET'}, {'type': 'PROC_VAR', 'value': '$valid_ap_busy'}, {'type': 'PROC_VAR', 'value': '$valid_ap_busy'}]
2026-06-26 14:53:12,657 INFO utils.complier: analyse  formula:[]
2026-06-26 14:53:12,657 INFO utils.complier: analyse  formula:[{'type': 'VARIABLE', 'value': '{{ISU.AP_PERF_ISU_AP_BUSY}}'}]
2026-06-26 14:53:12,658 INFO utils.complier: analyse  formula:[]
2026-06-26 14:53:12,659 INFO utils.complier: analyse  formula:[]
2026-06-26 14:53:12,659 INFO utils.complier: analyse  formula:[{'type': 'VARIABLE', 'value': '{{ISU.AP_PERF_ISU_AP_BUSY}}'}, {'type': 'VARIABLE', 'value': '{{CE.CE_PERF_BUSY_CYCLES}}'}]
2026-06-26 14:53:12,659 INFO utils.complier: analyse  formula:[]
2026-06-26 14:53:12,659 INFO utils.complier: analyse  formula:[]
2026-06-26 14:53:12,660 INFO utils.complier: analyse  formula:[{'type': 'PROC_VAR', 'value': '$RET'}]
2026-06-26 14:53:12,660 INFO utils.complier: analyse  formula:[]
2026-06-26 14:53:12,660 INFO utils.complier: analyse  formula:[{'type': 'VARIABLE', 'value': '{{ISU.AP_PERF_ISU_AP_BUSY}}'}, {'type': 'VARIABLE', 'value': '{{CE.CE_PERF_BUSY_CYCLES}}'}]
2026-06-26 14:53:12,660 INFO utils.complier: analyse  formula:[]
2026-06-26 14:53:12,661 INFO utils.complier: analyse  formula:[]
2026-06-26 14:53:12,661 INFO utils.complier: analyse  formula:[{'type': 'VARIABLE', 'value': '{{ISU.AP_PERF_INST_CYCLES_VALU}}'}, {'type': 'VARIABLE', 'value': '{{ISU.AP_PERF_INST_CYCLES_MMA}}'}, {'type': 'VARIABLE', 'value': '{{ISU.AP_PERF_ISU_AP_BUSY}}'}]
2026-06-26 14:53:12,661 INFO utils.complier: analyse  formula:[]
2026-06-26 14:53:12,661 INFO utils.complier: analyse  formula:[]
2026-06-26 14:53:12,664 INFO utils.complier: analyse  formula:[{'type': 'PROC_VAR', 'value': '$RET'}]
2026-06-26 14:53:12,665 INFO utils.complier: analyse  formula:[]
2026-06-26 14:53:12,665 INFO utils.complier: analyse  formula:[{'type': 'VARIABLE', 'value': '{{ISU.AP_PERF_INST_CYCLES_VALU}}'}, {'type': 'VARIABLE', 'value': '{{ISU.AP_PERF_INST_CYCLES_MMA}}'}, {'type': 'VARIABLE', 'value': '{{ISU.AP_PERF_ISU_AP_BUSY}}'}]
2026-06-26 14:53:12,666 INFO utils.complier: analyse  formula:[]
2026-06-26 14:53:12,666 INFO utils.complier: analyse  formula:[]
2026-06-26 14:53:12,666 INFO utils.complier: analyse  formula:[{'type': 'VARIABLE', 'value': '{{CE.CE_PERF_SEND_RM_WORKGROUPS}}'}]
2026-06-26 14:53:12,666 INFO utils.complier: analyse  formula:[]
2026-06-26 14:53:12,666 INFO utils.complier: analyse  formula:[]
2026-06-26 14:53:12,666 INFO utils.complier: analyse  formula:[{'type': 'PROC_VAR', 'value': '$RET'}]
2026-06-26 14:53:12,666 INFO utils.complier: analyse  formula:[]
2026-06-26 14:53:12,667 INFO utils.complier: analyse  formula:[{'type': 'VARIABLE', 'value': '{{CE.CE_PERF_SEND_RM_WORKGROUPS}}'}]
2026-06-26 14:53:12,667 INFO utils.complier: analyse  formula:[]
2026-06-26 14:53:12,667 INFO utils.complier: analyse  formula:[]
2026-06-26 14:53:12,667 INFO utils.complier: analyse  formula:[{'type': 'VARIABLE', 'value': '{{CE.CE_PERF_SEND_RM_WAVES}}'}]
2026-06-26 14:53:12,667 INFO utils.complier: analyse  formula:[]
2026-06-26 14:53:12,667 INFO utils.complier: analyse  formula:[]
2026-06-26 14:53:12,667 INFO utils.complier: analyse  formula:[{'type': 'PROC_VAR', 'value': '$RET'}]
2026-06-26 14:53:12,667 INFO utils.complier: analyse  formula:[]
2026-06-26 14:53:12,668 INFO utils.complier: analyse  formula:[{'type': 'VARIABLE', 'value': '{{CE.CE_PERF_SEND_RM_WAVES}}'}]
2026-06-26 14:53:12,668 INFO utils.complier: analyse  formula:[]
2026-06-26 14:53:12,668 INFO utils.complier: analyse  formula:[]
2026-06-26 14:53:12,668 INFO utils.complier: analyse  formula:[{'type': 'VARIABLE', 'value': '{{RM.RM_PERF_WAVES_InFlight_Level_P0}}'}, {'type': 'VARIABLE', 'value': '{{RM.RM_PERF_WAVES_InFlight_Level_P1}}'}, {'type': 'VARIABLE', 'value': '{{RM.RM_PERF_WAVES_InFlight_Level_P2}}'}, {'type': 'VARIABLE', 'value': '{{RM.RM_PERF_WAVES_InFlight_Level_P3}}'}, {'type': 'VARIABLE', 'value': '{{CE.CE_PERF_SEND_RM_WAVES}}'}]
2026-06-26 14:53:12,668 INFO utils.complier: analyse  formula:[]
2026-06-26 14:53:12,668 INFO utils.complier: analyse  formula:[]
2026-06-26 14:53:12,669 INFO utils.complier: analyse  formula:[{'type': 'PROC_VAR', 'value': '$RET'}]
2026-06-26 14:53:12,669 INFO utils.complier: analyse  formula:[]
2026-06-26 14:53:12,669 INFO utils.complier: analyse  formula:[{'type': 'VARIABLE', 'value': '{{RM.RM_PERF_WAVES_InFlight_Level_P0}}'}, {'type': 'VARIABLE', 'value': '{{RM.RM_PERF_WAVES_InFlight_Level_P1}}'}, {'type': 'VARIABLE', 'value': '{{RM.RM_PERF_WAVES_InFlight_Level_P2}}'}, {'type': 'VARIABLE', 'value': '{{RM.RM_PERF_WAVES_InFlight_Level_P3}}'}, {'type': 'VARIABLE', 'value': '{{CE.CE_PERF_SEND_RM_WAVES}}'}]
2026-06-26 14:53:12,670 INFO utils.complier: analyse  formula:[]
2026-06-26 14:53:12,670 INFO utils.complier: analyse  formula:[]
2026-06-26 14:53:12,671 INFO utils.complier: analyse  formula:[{'type': 'VARIABLE', 'value': '{{ISU.AP_PERF_INST_CYCLES_VALU_4CYCLES}}'}, {'type': 'VARIABLE', 'value': '{{ISU.AP_PERF_INST_CYCLES_VALU_16CYCLES}}'}, {'type': 'VARIABLE', 'value': '{{ISU.AP_PERF_INST_CYCLES_MMA_16CYCLES}}'}, {'type': 'VARIABLE', 'value': '{{ISU.AP_PERF_INST_CYCLES_MMA_32CYCLES}}'}]
2026-06-26 14:53:12,672 INFO utils.complier: analyse  formula:[]
2026-06-26 14:53:12,673 INFO utils.complier: analyse  formula:[]
2026-06-26 14:53:12,675 INFO utils.complier: analyse  formula:[{'type': 'PROC_VAR', 'value': '$valu_4'}, {'type': 'PROC_VAR', 'value': '$valu_16'}, {'type': 'PROC_VAR', 'value': '$mma_16'}, {'type': 'PROC_VAR', 'value': '$mma_32'}, {'type': 'PROC_VAR', 'value': '$RET'}, {'type': 'PROC_VAR', 'value': '$valu_4'}, {'type': 'PROC_VAR', 'value': '$valu_16'}, {'type': 'PROC_VAR', 'value': '$mma_16'}, {'type': 'PROC_VAR', 'value': '$mma_32'}]
2026-06-26 14:53:12,676 INFO utils.complier: analyse  formula:[]
2026-06-26 14:53:12,678 INFO utils.complier: analyse  formula:[{'type': 'VARIABLE', 'value': '{{ISU.AP_PERF_INST_CYCLES_VALU_4CYCLES}}'}, {'type': 'VARIABLE', 'value': '{{ISU.AP_PERF_INST_CYCLES_VALU_16CYCLES}}'}, {'type': 'VARIABLE', 'value': '{{ISU.AP_PERF_INST_CYCLES_MMA_16CYCLES}}'}, {'type': 'VARIABLE', 'value': '{{ISU.AP_PERF_INST_CYCLES_MMA_32CYCLES}}'}]
2026-06-26 14:53:12,680 INFO utils.complier: analyse  formula:[]
2026-06-26 14:53:12,681 INFO utils.complier: analyse  formula:[]
2026-06-26 14:53:12,705 DEBUG matplotlib.font_manager: findfont: Matching sans\-serif:style=normal:variant=normal:weight=normal:stretch=normal:size=12.0.
2026-06-26 14:53:12,706 DEBUG matplotlib.font_manager: findfont: score(<Font 'STIXSizeFourSym' (STIXSizFourSymBol.ttf) normal normal 700 normal>) = 10.335
2026-06-26 14:53:12,706 DEBUG matplotlib.font_manager: findfont: score(<Font 'DejaVu Sans Mono' (DejaVuSansMono-BoldOblique.ttf) oblique normal 700 normal>) = 11.335
2026-06-26 14:53:12,706 DEBUG matplotlib.font_manager: findfont: score(<Font 'STIXSizeOneSym' (STIXSizOneSymBol.ttf) normal normal 700 normal>) = 10.335
2026-06-26 14:53:12,706 DEBUG matplotlib.font_manager: findfont: score(<Font 'DejaVu Serif' (DejaVuSerif-BoldItalic.ttf) italic normal 700 normal>) = 11.335
2026-06-26 14:53:12,706 DEBUG matplotlib.font_manager: findfont: score(<Font 'STIXSizeThreeSym' (STIXSizThreeSymReg.ttf) normal normal 400 normal>) = 10.05
2026-06-26 14:53:12,706 DEBUG matplotlib.font_manager: findfont: score(<Font 'cmtt10' (cmtt10.ttf) normal normal 400 normal>) = 10.05
2026-06-26 14:53:12,706 DEBUG matplotlib.font_manager: findfont: score(<Font 'STIXSizeTwoSym' (STIXSizTwoSymBol.ttf) normal normal 700 normal>) = 10.335
2026-06-26 14:53:12,706 DEBUG matplotlib.font_manager: findfont: score(<Font 'STIXSizeTwoSym' (STIXSizTwoSymReg.ttf) normal normal 400 normal>) = 10.05
2026-06-26 14:53:12,706 DEBUG matplotlib.font_manager: findfont: score(<Font 'DejaVu Serif Display' (DejaVuSerifDisplay.ttf) normal normal 400 normal>) = 10.05
2026-06-26 14:53:12,706 DEBUG matplotlib.font_manager: findfont: score(<Font 'DejaVu Sans' (DejaVuSans-Bold.ttf) normal normal 700 normal>) = 0.33499999999999996
2026-06-26 14:53:12,706 DEBUG matplotlib.font_manager: findfont: score(<Font 'cmex10' (cmex10.ttf) normal normal 400 normal>) = 10.05
2026-06-26 14:53:12,706 DEBUG matplotlib.font_manager: findfont: score(<Font 'STIXNonUnicode' (STIXNonUniBolIta.ttf) italic normal 700 normal>) = 11.335
2026-06-26 14:53:12,706 DEBUG matplotlib.font_manager: findfont: score(<Font 'STIXGeneral' (STIXGeneralBolIta.ttf) italic normal 700 normal>) = 11.335
2026-06-26 14:53:12,707 DEBUG matplotlib.font_manager: findfont: score(<Font 'DejaVu Serif' (DejaVuSerif-Bold.ttf) normal normal 700 normal>) = 10.335
2026-06-26 14:53:12,707 DEBUG matplotlib.font_manager: findfont: score(<Font 'DejaVu Serif' (DejaVuSerif-Italic.ttf) italic normal 400 normal>) = 11.05
2026-06-26 14:53:12,707 DEBUG matplotlib.font_manager: findfont: score(<Font 'DejaVu Serif' (DejaVuSerif.ttf) normal normal 400 normal>) = 10.05
2026-06-26 14:53:12,707 DEBUG matplotlib.font_manager: findfont: score(<Font 'cmr10' (cmr10.ttf) normal normal 400 normal>) = 10.05
2026-06-26 14:53:12,707 DEBUG matplotlib.font_manager: findfont: score(<Font 'DejaVu Sans' (DejaVuSans-Oblique.ttf) oblique normal 400 normal>) = 1.05
2026-06-26 14:53:12,707 DEBUG matplotlib.font_manager: findfont: score(<Font 'DejaVu Sans Mono' (DejaVuSansMono-Oblique.ttf) oblique normal 400 normal>) = 11.05
2026-06-26 14:53:12,707 DEBUG matplotlib.font_manager: findfont: score(<Font 'DejaVu Sans Mono' (DejaVuSansMono-Bold.ttf) normal normal 700 normal>) = 10.335
2026-06-26 14:53:12,707 DEBUG matplotlib.font_manager: findfont: score(<Font 'STIXGeneral' (STIXGeneralItalic.ttf) italic normal 400 normal>) = 11.05
2026-06-26 14:53:12,707 DEBUG matplotlib.font_manager: findfont: score(<Font 'STIXSizeThreeSym' (STIXSizThreeSymBol.ttf) normal normal 700 normal>) = 10.335
2026-06-26 14:53:12,707 DEBUG matplotlib.font_manager: findfont: score(<Font 'STIXGeneral' (STIXGeneralBol.ttf) normal normal 700 normal>) = 10.335
2026-06-26 14:53:12,707 DEBUG matplotlib.font_manager: findfont: score(<Font 'DejaVu Sans' (DejaVuSans-BoldOblique.ttf) oblique normal 700 normal>) = 1.335
2026-06-26 14:53:12,707 DEBUG matplotlib.font_manager: findfont: score(<Font 'STIXSizeFiveSym' (STIXSizFiveSymReg.ttf) normal normal 400 normal>) = 10.05
2026-06-26 14:53:12,707 DEBUG matplotlib.font_manager: findfont: score(<Font 'DejaVu Sans' (DejaVuSans.ttf) normal normal 400 normal>) = 0.05
2026-06-26 14:53:12,707 DEBUG matplotlib.font_manager: findfont: score(<Font 'cmsy10' (cmsy10.ttf) normal normal 400 normal>) = 10.05
2026-06-26 14:53:12,707 DEBUG matplotlib.font_manager: findfont: score(<Font 'STIXNonUnicode' (STIXNonUni.ttf) normal normal 400 normal>) = 10.05
2026-06-26 14:53:12,707 DEBUG matplotlib.font_manager: findfont: score(<Font 'DejaVu Sans Mono' (DejaVuSansMono.ttf) normal normal 400 normal>) = 10.05
2026-06-26 14:53:12,707 DEBUG matplotlib.font_manager: findfont: score(<Font 'DejaVu Sans Display' (DejaVuSansDisplay.ttf) normal normal 400 normal>) = 10.05
2026-06-26 14:53:12,707 DEBUG matplotlib.font_manager: findfont: score(<Font 'cmss10' (cmss10.ttf) normal normal 400 normal>) = 10.05
2026-06-26 14:53:12,707 DEBUG matplotlib.font_manager: findfont: score(<Font 'STIXNonUnicode' (STIXNonUniBol.ttf) normal normal 700 normal>) = 10.335
2026-06-26 14:53:12,707 DEBUG matplotlib.font_manager: findfont: score(<Font 'cmb10' (cmb10.ttf) normal normal 400 normal>) = 10.05
2026-06-26 14:53:12,707 DEBUG matplotlib.font_manager: findfont: score(<Font 'cmmi10' (cmmi10.ttf) normal normal 400 normal>) = 10.05
2026-06-26 14:53:12,707 DEBUG matplotlib.font_manager: findfont: score(<Font 'STIXSizeOneSym' (STIXSizOneSymReg.ttf) normal normal 400 normal>) = 10.05
2026-06-26 14:53:12,707 DEBUG matplotlib.font_manager: findfont: score(<Font 'STIXSizeFourSym' (STIXSizFourSymReg.ttf) normal normal 400 normal>) = 10.05
2026-06-26 14:53:12,707 DEBUG matplotlib.font_manager: findfont: score(<Font 'STIXGeneral' (STIXGeneral.ttf) normal normal 400 normal>) = 10.05
2026-06-26 14:53:12,707 DEBUG matplotlib.font_manager: findfont: score(<Font 'STIXNonUnicode' (STIXNonUniIta.ttf) italic normal 400 normal>) = 11.05
2026-06-26 14:53:12,707 DEBUG matplotlib.font_manager: findfont: score(<Font 'DejaVu Serif' (DejaVuSerif-Bold.ttf) normal normal 700 normal>) = 10.335
2026-06-26 14:53:12,707 DEBUG matplotlib.font_manager: findfont: score(<Font 'DejaVu Sans Mono' (DejaVuSansMono-Bold.ttf) normal normal 700 normal>) = 10.335
2026-06-26 14:53:12,707 DEBUG matplotlib.font_manager: findfont: score(<Font 'DejaVu Serif' (DejaVuSerif.ttf) normal normal 400 normal>) = 10.05
2026-06-26 14:53:12,707 DEBUG matplotlib.font_manager: findfont: score(<Font 'DejaVu Sans' (DejaVuSans-Bold.ttf) normal normal 700 normal>) = 0.33499999999999996
2026-06-26 14:53:12,707 DEBUG matplotlib.font_manager: findfont: score(<Font 'DejaVu Sans Mono' (DejaVuSansMono.ttf) normal normal 400 normal>) = 10.05
2026-06-26 14:53:12,708 DEBUG matplotlib.font_manager: findfont: score(<Font 'DejaVu Sans' (DejaVuSans.ttf) normal normal 400 normal>) = 0.05
2026-06-26 14:53:12,708 DEBUG matplotlib.font_manager: findfont: Matching sans\-serif:style=normal:variant=normal:weight=normal:stretch=normal:size=12.0 to DejaVu Sans ('/tmp/_MEIF0qp76/matplotlib/mpl-data/fonts/ttf/DejaVuSans.ttf') with score of 0.050000.
2026-06-26 14:53:12,711 DEBUG matplotlib.font_manager: findfont: Matching sans\-serif:style=normal:variant=normal:weight=normal:stretch=normal:size=10.0.
2026-06-26 14:53:12,712 DEBUG matplotlib.font_manager: findfont: score(<Font 'STIXSizeFourSym' (STIXSizFourSymBol.ttf) normal normal 700 normal>) = 10.335
2026-06-26 14:53:12,712 DEBUG matplotlib.font_manager: findfont: score(<Font 'DejaVu Sans Mono' (DejaVuSansMono-BoldOblique.ttf) oblique normal 700 normal>) = 11.335
2026-06-26 14:53:12,712 DEBUG matplotlib.font_manager: findfont: score(<Font 'STIXSizeOneSym' (STIXSizOneSymBol.ttf) normal normal 700 normal>) = 10.335
2026-06-26 14:53:12,712 DEBUG matplotlib.font_manager: findfont: score(<Font 'DejaVu Serif' (DejaVuSerif-BoldItalic.ttf) italic normal 700 normal>) = 11.335
2026-06-26 14:53:12,712 DEBUG matplotlib.font_manager: findfont: score(<Font 'STIXSizeThreeSym' (STIXSizThreeSymReg.ttf) normal normal 400 normal>) = 10.05
2026-06-26 14:53:12,712 DEBUG matplotlib.font_manager: findfont: score(<Font 'cmtt10' (cmtt10.ttf) normal normal 400 normal>) = 10.05
2026-06-26 14:53:12,712 DEBUG matplotlib.font_manager: findfont: score(<Font 'STIXSizeTwoSym' (STIXSizTwoSymBol.ttf) normal normal 700 normal>) = 10.335
2026-06-26 14:53:12,712 DEBUG matplotlib.font_manager: findfont: score(<Font 'STIXSizeTwoSym' (STIXSizTwoSymReg.ttf) normal normal 400 normal>) = 10.05
2026-06-26 14:53:12,712 DEBUG matplotlib.font_manager: findfont: score(<Font 'DejaVu Serif Display' (DejaVuSerifDisplay.ttf) normal normal 400 normal>) = 10.05
2026-06-26 14:53:12,712 DEBUG matplotlib.font_manager: findfont: score(<Font 'DejaVu Sans' (DejaVuSans-Bold.ttf) normal normal 700 normal>) = 0.33499999999999996
2026-06-26 14:53:12,712 DEBUG matplotlib.font_manager: findfont: score(<Font 'cmex10' (cmex10.ttf) normal normal 400 normal>) = 10.05
2026-06-26 14:53:12,712 DEBUG matplotlib.font_manager: findfont: score(<Font 'STIXNonUnicode' (STIXNonUniBolIta.ttf) italic normal 700 normal>) = 11.335
2026-06-26 14:53:12,712 DEBUG matplotlib.font_manager: findfont: score(<Font 'STIXGeneral' (STIXGeneralBolIta.ttf) italic normal 700 normal>) = 11.335
2026-06-26 14:53:12,712 DEBUG matplotlib.font_manager: findfont: score(<Font 'DejaVu Serif' (DejaVuSerif-Bold.ttf) normal normal 700 normal>) = 10.335
2026-06-26 14:53:12,712 DEBUG matplotlib.font_manager: findfont: score(<Font 'DejaVu Serif' (DejaVuSerif-Italic.ttf) italic normal 400 normal>) = 11.05
2026-06-26 14:53:12,712 DEBUG matplotlib.font_manager: findfont: score(<Font 'DejaVu Serif' (DejaVuSerif.ttf) normal normal 400 normal>) = 10.05
2026-06-26 14:53:12,712 DEBUG matplotlib.font_manager: findfont: score(<Font 'cmr10' (cmr10.ttf) normal normal 400 normal>) = 10.05
2026-06-26 14:53:12,712 DEBUG matplotlib.font_manager: findfont: score(<Font 'DejaVu Sans' (DejaVuSans-Oblique.ttf) oblique normal 400 normal>) = 1.05
2026-06-26 14:53:12,712 DEBUG matplotlib.font_manager: findfont: score(<Font 'DejaVu Sans Mono' (DejaVuSansMono-Oblique.ttf) oblique normal 400 normal>) = 11.05
2026-06-26 14:53:12,712 DEBUG matplotlib.font_manager: findfont: score(<Font 'DejaVu Sans Mono' (DejaVuSansMono-Bold.ttf) normal normal 700 normal>) = 10.335
2026-06-26 14:53:12,712 DEBUG matplotlib.font_manager: findfont: score(<Font 'STIXGeneral' (STIXGeneralItalic.ttf) italic normal 400 normal>) = 11.05
2026-06-26 14:53:12,712 DEBUG matplotlib.font_manager: findfont: score(<Font 'STIXSizeThreeSym' (STIXSizThreeSymBol.ttf) normal normal 700 normal>) = 10.335
2026-06-26 14:53:12,712 DEBUG matplotlib.font_manager: findfont: score(<Font 'STIXGeneral' (STIXGeneralBol.ttf) normal normal 700 normal>) = 10.335
2026-06-26 14:53:12,712 DEBUG matplotlib.font_manager: findfont: score(<Font 'DejaVu Sans' (DejaVuSans-BoldOblique.ttf) oblique normal 700 normal>) = 1.335
2026-06-26 14:53:12,712 DEBUG matplotlib.font_manager: findfont: score(<Font 'STIXSizeFiveSym' (STIXSizFiveSymReg.ttf) normal normal 400 normal>) = 10.05
2026-06-26 14:53:12,712 DEBUG matplotlib.font_manager: findfont: score(<Font 'DejaVu Sans' (DejaVuSans.ttf) normal normal 400 normal>) = 0.05
2026-06-26 14:53:12,712 DEBUG matplotlib.font_manager: findfont: score(<Font 'cmsy10' (cmsy10.ttf) normal normal 400 normal>) = 10.05
2026-06-26 14:53:12,712 DEBUG matplotlib.font_manager: findfont: score(<Font 'STIXNonUnicode' (STIXNonUni.ttf) normal normal 400 normal>) = 10.05
2026-06-26 14:53:12,712 DEBUG matplotlib.font_manager: findfont: score(<Font 'DejaVu Sans Mono' (DejaVuSansMono.ttf) normal normal 400 normal>) = 10.05
2026-06-26 14:53:12,713 DEBUG matplotlib.font_manager: findfont: score(<Font 'DejaVu Sans Display' (DejaVuSansDisplay.ttf) normal normal 400 normal>) = 10.05
2026-06-26 14:53:12,713 DEBUG matplotlib.font_manager: findfont: score(<Font 'cmss10' (cmss10.ttf) normal normal 400 normal>) = 10.05
2026-06-26 14:53:12,713 DEBUG matplotlib.font_manager: findfont: score(<Font 'STIXNonUnicode' (STIXNonUniBol.ttf) normal normal 700 normal>) = 10.335
2026-06-26 14:53:12,713 DEBUG matplotlib.font_manager: findfont: score(<Font 'cmb10' (cmb10.ttf) normal normal 400 normal>) = 10.05
2026-06-26 14:53:12,713 DEBUG matplotlib.font_manager: findfont: score(<Font 'cmmi10' (cmmi10.ttf) normal normal 400 normal>) = 10.05
2026-06-26 14:53:12,713 DEBUG matplotlib.font_manager: findfont: score(<Font 'STIXSizeOneSym' (STIXSizOneSymReg.ttf) normal normal 400 normal>) = 10.05
2026-06-26 14:53:12,713 DEBUG matplotlib.font_manager: findfont: score(<Font 'STIXSizeFourSym' (STIXSizFourSymReg.ttf) normal normal 400 normal>) = 10.05
2026-06-26 14:53:12,713 DEBUG matplotlib.font_manager: findfont: score(<Font 'STIXGeneral' (STIXGeneral.ttf) normal normal 400 normal>) = 10.05
2026-06-26 14:53:12,713 DEBUG matplotlib.font_manager: findfont: score(<Font 'STIXNonUnicode' (STIXNonUniIta.ttf) italic normal 400 normal>) = 11.05
2026-06-26 14:53:12,713 DEBUG matplotlib.font_manager: findfont: score(<Font 'DejaVu Serif' (DejaVuSerif-Bold.ttf) normal normal 700 normal>) = 10.335
2026-06-26 14:53:12,713 DEBUG matplotlib.font_manager: findfont: score(<Font 'DejaVu Sans Mono' (DejaVuSansMono-Bold.ttf) normal normal 700 normal>) = 10.335
2026-06-26 14:53:12,713 DEBUG matplotlib.font_manager: findfont: score(<Font 'DejaVu Serif' (DejaVuSerif.ttf) normal normal 400 normal>) = 10.05
2026-06-26 14:53:12,713 DEBUG matplotlib.font_manager: findfont: score(<Font 'DejaVu Sans' (DejaVuSans-Bold.ttf) normal normal 700 normal>) = 0.33499999999999996
2026-06-26 14:53:12,713 DEBUG matplotlib.font_manager: findfont: score(<Font 'DejaVu Sans Mono' (DejaVuSansMono.ttf) normal normal 400 normal>) = 10.05
2026-06-26 14:53:12,713 DEBUG matplotlib.font_manager: findfont: score(<Font 'DejaVu Sans' (DejaVuSans.ttf) normal normal 400 normal>) = 0.05
2026-06-26 14:53:12,713 DEBUG matplotlib.font_manager: findfont: Matching sans\-serif:style=normal:variant=normal:weight=normal:stretch=normal:size=10.0 to DejaVu Sans ('/tmp/_MEIF0qp76/matplotlib/mpl-data/fonts/ttf/DejaVuSans.ttf') with score of 0.050000.
2026-06-26 14:53:12,770 INFO utils.complier: analyse  formula:[{'type': 'VARIABLE_DICT', 'value': '{{{ISU.AP_PERF_INST_CYCLES_MMA}}}'}, {'type': 'VARIABLE_DICT', 'value': '{{{ISU.AP_PERF_INST_CYCLES_MMA}}}'}, {'type': 'VARIABLE_DICT', 'value': '{{{ISU.AP_PERF_INST_CYCLES_VALU}}}'}]
2026-06-26 14:53:12,771 INFO utils.complier: analyse  formula:[]
2026-06-26 14:53:12,771 INFO utils.complier: analyse  formula:[]
2026-06-26 14:53:12,772 INFO utils.complier: analyse  formula:[{'type': 'PROC_VAR', 'value': '$dpcs'}, {'type': 'PROC_VAR', 'value': '$RET'}, {'type': 'PROC_VAR', 'value': '$dpcs'}]
2026-06-26 14:53:12,773 INFO utils.complier: analyse  formula:[{'type': 'VARIABLE_DICT', 'value': '{{{ISU.AP_PERF_INST_CYCLES_MMA}}}'}, {'type': 'VARIABLE_DICT', 'value': '{{{ISU.AP_PERF_INST_CYCLES_MMA}}}'}, {'type': 'VARIABLE_DICT', 'value': '{{{ISU.AP_PERF_INST_CYCLES_VALU}}}'}]
2026-06-26 14:53:12,773 INFO utils.complier: analyse  formula:[]
2026-06-26 14:53:12,774 INFO utils.complier: analyse  formula:[]
2026-06-26 14:53:12,775 INFO utils.complier: analyse  formula:[]
2026-06-26 14:53:12,870 INFO utils.complier: analyse  formula:[{'type': 'VARIABLE', 'value': '{{ISU.AP_PERF_INSTS_VALU}}'}, {'type': 'VARIABLE', 'value': '{{ISU.AP_PERF_INSTS_MMA}}'}, {'type': 'VARIABLE', 'value': '{{ISU.AP_PERF_INSTS_SALU}}'}, {'type': 'VARIABLE', 'value': '{{ISU.AP_PERF_INSTS_GVM}}'}, {'type': 'VARIABLE', 'value': '{{ISU.AP_PERF_INSTS_BSM}}'}, {'type': 'VARIABLE', 'value': '{{ISU.AP_PERF_INSTS_LDU}}'}, {'type': 'VARIABLE', 'value': '{{ISU.AP_PERF_INST_MISC}}'}]
2026-06-26 14:53:12,871 INFO utils.complier: analyse  formula:[]
2026-06-26 14:53:12,872 INFO utils.complier: analyse  formula:[]
2026-06-26 14:53:12,874 INFO utils.complier: analyse  formula:[{'type': 'PROC_VAR', 'value': '$valu'}, {'type': 'PROC_VAR', 'value': '$mma'}, {'type': 'PROC_VAR', 'value': '$salu'}, {'type': 'PROC_VAR', 'value': '$gvm'}, {'type': 'PROC_VAR', 'value': '$bsm'}, {'type': 'PROC_VAR', 'value': '$ldu'}, {'type': 'PROC_VAR', 'value': '$misc'}, {'type': 'PROC_VAR', 'value': '$RET'}, {'type': 'PROC_VAR', 'value': '$valu'}, {'type': 'PROC_VAR', 'value': '$mma'}, {'type': 'PROC_VAR', 'value': '$salu'}, {'type': 'PROC_VAR', 'value': '$gvm'}, {'type': 'PROC_VAR', 'value': '$bsm'}, {'type': 'PROC_VAR', 'value': '$ldu'}, {'type': 'PROC_VAR', 'value': '$misc'}]
2026-06-26 14:53:12,876 INFO utils.complier: analyse  formula:[]
2026-06-26 14:53:12,878 INFO utils.complier: analyse  formula:[{'type': 'VARIABLE', 'value': '{{ISU.AP_PERF_INSTS_VALU}}'}, {'type': 'VARIABLE', 'value': '{{ISU.AP_PERF_INSTS_MMA}}'}, {'type': 'VARIABLE', 'value': '{{ISU.AP_PERF_INSTS_SALU}}'}, {'type': 'VARIABLE', 'value': '{{ISU.AP_PERF_INSTS_GVM}}'}, {'type': 'VARIABLE', 'value': '{{ISU.AP_PERF_INSTS_BSM}}'}, {'type': 'VARIABLE', 'value': '{{ISU.AP_PERF_INSTS_LDU}}'}, {'type': 'VARIABLE', 'value': '{{ISU.AP_PERF_INST_MISC}}'}]
2026-06-26 14:53:12,880 INFO utils.complier: analyse  formula:[]
2026-06-26 14:53:12,882 INFO utils.complier: analyse  formula:[]
2026-06-26 14:53:12,982 INFO utils.complier: analyse  formula:[{'type': 'VARIABLE', 'value': '{{ISU.AP_PERF_ISU_ARB_WSM_STALL}}'}, {'type': 'VARIABLE', 'value': '{{ISU.AP_PERF_ISU_ARB_VLS_STALL}}'}, {'type': 'VARIABLE', 'value': '{{ISU.AP_PERF_ISU_ARB_DATA_STALL}}'}, {'type': 'VARIABLE', 'value': '{{ISU.AP_PERF_ISU_ARB_VALU_STALL}}'}]
2026-06-26 14:53:12,983 INFO utils.complier: analyse  formula:[]
2026-06-26 14:53:12,984 INFO utils.complier: analyse  formula:[]
2026-06-26 14:53:12,986 INFO utils.complier: analyse  formula:[{'type': 'PROC_VAR', 'value': '$RET'}]
2026-06-26 14:53:12,986 INFO utils.complier: analyse  formula:[]
2026-06-26 14:53:12,987 INFO utils.complier: analyse  formula:[{'type': 'VARIABLE', 'value': '{{ISU.AP_PERF_ISU_ARB_WSM_STALL}}'}, {'type': 'VARIABLE', 'value': '{{ISU.AP_PERF_ISU_ARB_VLS_STALL}}'}, {'type': 'VARIABLE', 'value': '{{ISU.AP_PERF_ISU_ARB_DATA_STALL}}'}, {'type': 'VARIABLE', 'value': '{{ISU.AP_PERF_ISU_ARB_VALU_STALL}}'}]
2026-06-26 14:53:12,988 INFO utils.complier: analyse  formula:[]
2026-06-26 14:53:12,989 INFO utils.complier: analyse  formula:[]
2026-06-26 14:53:13,058 INFO utils.complier: analyse  formula:[]
2026-06-26 14:53:13,058 INFO utils.complier: analyse  formula:[]
2026-06-26 14:53:13,058 INFO utils.complier: analyse  formula:[{'type': 'PRE_VAR', 'value': '@global_insts_rd'}]
2026-06-26 14:53:13,058 INFO utils.complier: analyse  formula:[{'type': 'PROC_VAR', 'value': '$RET'}]
2026-06-26 14:53:13,058 INFO utils.complier: analyse  formula:[]
2026-06-26 14:53:13,058 INFO utils.complier: analyse  formula:[]
2026-06-26 14:53:13,058 INFO utils.complier: analyse  formula:[{'type': 'PRE_VAR', 'value': '@global_insts_rd'}]
2026-06-26 14:53:13,059 INFO utils.complier: analyse  formula:[]
2026-06-26 14:53:13,059 INFO utils.complier: analyse  formula:[]
2026-06-26 14:53:13,059 INFO utils.complier: analyse  formula:[]
2026-06-26 14:53:13,059 INFO utils.complier: analyse  formula:[{'type': 'PRE_VAR', 'value': '@global_insts_wr'}]
2026-06-26 14:53:13,059 INFO utils.complier: analyse  formula:[{'type': 'PROC_VAR', 'value': '$RET'}]
2026-06-26 14:53:13,059 INFO utils.complier: analyse  formula:[]
2026-06-26 14:53:13,059 INFO utils.complier: analyse  formula:[]
2026-06-26 14:53:13,059 INFO utils.complier: analyse  formula:[{'type': 'PRE_VAR', 'value': '@global_insts_wr'}]
2026-06-26 14:53:13,059 INFO utils.complier: analyse  formula:[]
2026-06-26 14:53:13,059 INFO utils.complier: analyse  formula:[{'type': 'VARIABLE', 'value': '{{ISU.AP_PERF_INST_GLOBAL_ATOMIC}}'}, {'type': 'VARIABLE', 'value': '{{ISU.AP_PERF_INST_GLOBAL_ATOMIC_64}}'}]
2026-06-26 14:53:13,060 INFO utils.complier: analyse  formula:[]
2026-06-26 14:53:13,060 INFO utils.complier: analyse  formula:[]
2026-06-26 14:53:13,060 INFO utils.complier: analyse  formula:[{'type': 'PROC_VAR', 'value': '$RET'}]
2026-06-26 14:53:13,060 INFO utils.complier: analyse  formula:[]
2026-06-26 14:53:13,060 INFO utils.complier: analyse  formula:[{'type': 'VARIABLE', 'value': '{{ISU.AP_PERF_INST_GLOBAL_ATOMIC}}'}, {'type': 'VARIABLE', 'value': '{{ISU.AP_PERF_INST_GLOBAL_ATOMIC_64}}'}]
2026-06-26 14:53:13,061 INFO utils.complier: analyse  formula:[]
2026-06-26 14:53:13,061 INFO utils.complier: analyse  formula:[]
2026-06-26 14:53:13,061 INFO utils.complier: analyse  formula:[]
2026-06-26 14:53:13,061 INFO utils.complier: analyse  formula:[]
2026-06-26 14:53:13,061 INFO utils.complier: analyse  formula:[{'type': 'PRE_VAR', 'value': '@private_insts_rd'}]
2026-06-26 14:53:13,061 INFO utils.complier: analyse  formula:[{'type': 'PROC_VAR', 'value': '$RET'}]
2026-06-26 14:53:13,061 INFO utils.complier: analyse  formula:[]
2026-06-26 14:53:13,062 INFO utils.complier: analyse  formula:[]
2026-06-26 14:53:13,062 INFO utils.complier: analyse  formula:[{'type': 'PRE_VAR', 'value': '@private_insts_rd'}]
2026-06-26 14:53:13,062 INFO utils.complier: analyse  formula:[]
2026-06-26 14:53:13,062 INFO utils.complier: analyse  formula:[]
2026-06-26 14:53:13,062 INFO utils.complier: analyse  formula:[]
2026-06-26 14:53:13,062 INFO utils.complier: analyse  formula:[{'type': 'PRE_VAR', 'value': '@private_insts_wr'}]
2026-06-26 14:53:13,062 INFO utils.complier: analyse  formula:[{'type': 'PROC_VAR', 'value': '$RET'}]
2026-06-26 14:53:13,062 INFO utils.complier: analyse  formula:[]
2026-06-26 14:53:13,062 INFO utils.complier: analyse  formula:[]
2026-06-26 14:53:13,062 INFO utils.complier: analyse  formula:[{'type': 'PRE_VAR', 'value': '@private_insts_wr'}]
2026-06-26 14:53:13,062 INFO utils.complier: analyse  formula:[]
2026-06-26 14:53:13,063 INFO utils.complier: analyse  formula:[]
2026-06-26 14:53:13,063 INFO utils.complier: analyse  formula:[]
2026-06-26 14:53:13,063 INFO utils.complier: analyse  formula:[{'type': 'PRE_VAR', 'value': '@ldu_insts_rd'}]
2026-06-26 14:53:13,063 INFO utils.complier: analyse  formula:[{'type': 'PROC_VAR', 'value': '$RET'}]
2026-06-26 14:53:13,063 INFO utils.complier: analyse  formula:[]
2026-06-26 14:53:13,063 INFO utils.complier: analyse  formula:[]
2026-06-26 14:53:13,063 INFO utils.complier: analyse  formula:[{'type': 'PRE_VAR', 'value': '@ldu_insts_rd'}]
2026-06-26 14:53:13,063 INFO utils.complier: analyse  formula:[]
2026-06-26 14:53:13,063 INFO utils.complier: analyse  formula:[]
2026-06-26 14:53:13,063 INFO utils.complier: analyse  formula:[]
2026-06-26 14:53:13,063 INFO utils.complier: analyse  formula:[{'type': 'PRE_VAR', 'value': '@sl1_rd'}]
2026-06-26 14:53:13,063 INFO utils.complier: analyse  formula:[{'type': 'PROC_VAR', 'value': '$RET'}]
2026-06-26 14:53:13,063 INFO utils.complier: analyse  formula:[]
2026-06-26 14:53:13,064 INFO utils.complier: analyse  formula:[]
2026-06-26 14:53:13,064 INFO utils.complier: analyse  formula:[{'type': 'PRE_VAR', 'value': '@sl1_rd'}]
2026-06-26 14:53:13,064 INFO utils.complier: analyse  formula:[]
2026-06-26 14:53:13,064 INFO utils.complier: analyse  formula:[]
2026-06-26 14:53:13,064 INFO utils.complier: analyse  formula:[]
2026-06-26 14:53:13,064 INFO utils.complier: analyse  formula:[{'type': 'PRE_VAR', 'value': '@sl1_l2c_rd'}]
2026-06-26 14:53:13,064 INFO utils.complier: analyse  formula:[{'type': 'PROC_VAR', 'value': '$RET'}]
2026-06-26 14:53:13,064 INFO utils.complier: analyse  formula:[]
2026-06-26 14:53:13,064 INFO utils.complier: analyse  formula:[]
2026-06-26 14:53:13,064 INFO utils.complier: analyse  formula:[{'type': 'PRE_VAR', 'value': '@sl1_l2c_rd'}]
2026-06-26 14:53:13,065 INFO utils.complier: analyse  formula:[]
2026-06-26 14:53:13,065 INFO utils.complier: analyse  formula:[]
2026-06-26 14:53:13,065 INFO utils.complier: analyse  formula:[]
2026-06-26 14:53:13,065 INFO utils.complier: analyse  formula:[{'type': 'PRE_VAR', 'value': '@sl1_hit_rate'}]
2026-06-26 14:53:13,065 INFO utils.complier: analyse  formula:[{'type': 'PROC_VAR', 'value': '$RET'}]
2026-06-26 14:53:13,065 INFO utils.complier: analyse  formula:[]
2026-06-26 14:53:13,065 INFO utils.complier: analyse  formula:[]
2026-06-26 14:53:13,065 INFO utils.complier: analyse  formula:[{'type': 'PRE_VAR', 'value': '@sl1_hit_rate'}]
2026-06-26 14:53:13,065 INFO utils.complier: analyse  formula:[]
2026-06-26 14:53:13,065 INFO utils.complier: analyse  formula:[]
2026-06-26 14:53:13,065 INFO utils.complier: analyse  formula:[]
2026-06-26 14:53:13,065 INFO utils.complier: analyse  formula:[{'type': 'PRE_VAR', 'value': '@vl1_insts_rd'}]
2026-06-26 14:53:13,065 INFO utils.complier: analyse  formula:[{'type': 'PROC_VAR', 'value': '$RET'}]
2026-06-26 14:53:13,066 INFO utils.complier: analyse  formula:[]
2026-06-26 14:53:13,066 INFO utils.complier: analyse  formula:[]
2026-06-26 14:53:13,066 INFO utils.complier: analyse  formula:[{'type': 'PRE_VAR', 'value': '@vl1_insts_rd'}]
2026-06-26 14:53:13,066 INFO utils.complier: analyse  formula:[]
2026-06-26 14:53:13,066 INFO utils.complier: analyse  formula:[]
2026-06-26 14:53:13,066 INFO utils.complier: analyse  formula:[]
2026-06-26 14:53:13,066 INFO utils.complier: analyse  formula:[{'type': 'PRE_VAR', 'value': '@vl1_insts_wr'}]
2026-06-26 14:53:13,066 INFO utils.complier: analyse  formula:[{'type': 'PROC_VAR', 'value': '$RET'}]
2026-06-26 14:53:13,066 INFO utils.complier: analyse  formula:[]
2026-06-26 14:53:13,066 INFO utils.complier: analyse  formula:[]
2026-06-26 14:53:13,066 INFO utils.complier: analyse  formula:[{'type': 'PRE_VAR', 'value': '@vl1_insts_wr'}]
2026-06-26 14:53:13,067 INFO utils.complier: analyse  formula:[]
2026-06-26 14:53:13,067 INFO utils.complier: analyse  formula:[{'type': 'VARIABLE', 'value': '{{VL1.p_total_atomic_instruction_event}}'}]
2026-06-26 14:53:13,067 INFO utils.complier: analyse  formula:[]
2026-06-26 14:53:13,067 INFO utils.complier: analyse  formula:[]
2026-06-26 14:53:13,067 INFO utils.complier: analyse  formula:[{'type': 'PROC_VAR', 'value': '$RET'}]
2026-06-26 14:53:13,067 INFO utils.complier: analyse  formula:[]
2026-06-26 14:53:13,067 INFO utils.complier: analyse  formula:[{'type': 'VARIABLE', 'value': '{{VL1.p_total_atomic_instruction_event}}'}]
2026-06-26 14:53:13,068 INFO utils.complier: analyse  formula:[]
2026-06-26 14:53:13,068 INFO utils.complier: analyse  formula:[]
2026-06-26 14:53:13,068 INFO utils.complier: analyse  formula:[]
2026-06-26 14:53:13,068 INFO utils.complier: analyse  formula:[]
2026-06-26 14:53:13,068 INFO utils.complier: analyse  formula:[{'type': 'PRE_VAR', 'value': '@vl1_hit_rate'}]
2026-06-26 14:53:13,068 INFO utils.complier: analyse  formula:[{'type': 'PROC_VAR', 'value': '$RET'}]
2026-06-26 14:53:13,068 INFO utils.complier: analyse  formula:[]
2026-06-26 14:53:13,068 INFO utils.complier: analyse  formula:[]
2026-06-26 14:53:13,069 INFO utils.complier: analyse  formula:[{'type': 'PRE_VAR', 'value': '@vl1_hit_rate'}]
2026-06-26 14:53:13,069 INFO utils.complier: analyse  formula:[]
2026-06-26 14:53:13,069 INFO utils.complier: analyse  formula:[]
2026-06-26 14:53:13,069 INFO utils.complier: analyse  formula:[]
2026-06-26 14:53:13,069 INFO utils.complier: analyse  formula:[{'type': 'PRE_VAR', 'value': '@l2c_insts_rd'}]
2026-06-26 14:53:13,069 INFO utils.complier: analyse  formula:[{'type': 'PROC_VAR', 'value': '$RET'}]
2026-06-26 14:53:13,069 INFO utils.complier: analyse  formula:[]
2026-06-26 14:53:13,069 INFO utils.complier: analyse  formula:[]
2026-06-26 14:53:13,069 INFO utils.complier: analyse  formula:[{'type': 'PRE_VAR', 'value': '@l2c_insts_rd'}]
2026-06-26 14:53:13,069 INFO utils.complier: analyse  formula:[]
2026-06-26 14:53:13,069 INFO utils.complier: analyse  formula:[]
2026-06-26 14:53:13,070 INFO utils.complier: analyse  formula:[]
2026-06-26 14:53:13,070 INFO utils.complier: analyse  formula:[{'type': 'PRE_VAR', 'value': '@l2c_insts_wr'}]
2026-06-26 14:53:13,070 INFO utils.complier: analyse  formula:[{'type': 'PROC_VAR', 'value': '$RET'}]
2026-06-26 14:53:13,070 INFO utils.complier: analyse  formula:[]
2026-06-26 14:53:13,070 INFO utils.complier: analyse  formula:[]
2026-06-26 14:53:13,070 INFO utils.complier: analyse  formula:[{'type': 'PRE_VAR', 'value': '@l2c_insts_wr'}]
2026-06-26 14:53:13,070 INFO utils.complier: analyse  formula:[]
2026-06-26 14:53:13,070 INFO utils.complier: analyse  formula:[{'type': 'VARIABLE', 'value': '{{L2C.perf_atomic_req}}'}]
2026-06-26 14:53:13,070 INFO utils.complier: analyse  formula:[]
2026-06-26 14:53:13,070 INFO utils.complier: analyse  formula:[]
2026-06-26 14:53:13,070 INFO utils.complier: analyse  formula:[{'type': 'PROC_VAR', 'value': '$RET'}]
2026-06-26 14:53:13,071 INFO utils.complier: analyse  formula:[]
2026-06-26 14:53:13,071 INFO utils.complier: analyse  formula:[{'type': 'VARIABLE', 'value': '{{L2C.perf_atomic_req}}'}]
2026-06-26 14:53:13,071 INFO utils.complier: analyse  formula:[]
2026-06-26 14:53:13,071 INFO utils.complier: analyse  formula:[]
2026-06-26 14:53:13,071 INFO utils.complier: analyse  formula:[]
2026-06-26 14:53:13,071 INFO utils.complier: analyse  formula:[]
2026-06-26 14:53:13,071 INFO utils.complier: analyse  formula:[{'type': 'PRE_VAR', 'value': '@l2c_hit_rate'}]
2026-06-26 14:53:13,071 INFO utils.complier: analyse  formula:[{'type': 'PROC_VAR', 'value': '$RET'}]
2026-06-26 14:53:13,071 INFO utils.complier: analyse  formula:[]
2026-06-26 14:53:13,071 INFO utils.complier: analyse  formula:[]
2026-06-26 14:53:13,072 INFO utils.complier: analyse  formula:[{'type': 'PRE_VAR', 'value': '@l2c_hit_rate'}]
2026-06-26 14:53:13,072 INFO utils.complier: analyse  formula:[]
2026-06-26 14:53:13,072 INFO utils.complier: analyse  formula:[{'type': 'VARIABLE', 'value': '{{ISU.AP_PERF_INSTS_GVM_ATOMIC}}'}, {'type': 'VARIABLE', 'value': '{{ISU.AP_PERF_INST_BSM_ATOMIC}}'}]
2026-06-26 14:53:13,072 INFO utils.complier: analyse  formula:[]
2026-06-26 14:53:13,072 INFO utils.complier: analyse  formula:[]
2026-06-26 14:53:13,073 INFO utils.complier: analyse  formula:[{'type': 'PROC_VAR', 'value': '$RET'}]
2026-06-26 14:53:13,073 INFO utils.complier: analyse  formula:[]
2026-06-26 14:53:13,073 INFO utils.complier: analyse  formula:[{'type': 'VARIABLE', 'value': '{{ISU.AP_PERF_INSTS_GVM_ATOMIC}}'}, {'type': 'VARIABLE', 'value': '{{ISU.AP_PERF_INST_BSM_ATOMIC}}'}]
2026-06-26 14:53:13,073 INFO utils.complier: analyse  formula:[]
2026-06-26 14:53:13,073 INFO utils.complier: analyse  formula:[]
2026-06-26 14:53:13,073 INFO utils.complier: analyse  formula:[{'type': 'VARIABLE', 'value': '{{L2C.perf_dnoc_rdreq}}'}]
2026-06-26 14:53:13,073 INFO utils.complier: analyse  formula:[]
2026-06-26 14:53:13,074 INFO utils.complier: analyse  formula:[]
2026-06-26 14:53:13,074 INFO utils.complier: analyse  formula:[{'type': 'PROC_VAR', 'value': '$RET'}]
2026-06-26 14:53:13,074 INFO utils.complier: analyse  formula:[]
2026-06-26 14:53:13,074 INFO utils.complier: analyse  formula:[{'type': 'VARIABLE', 'value': '{{L2C.perf_dnoc_rdreq}}'}]
2026-06-26 14:53:13,074 INFO utils.complier: analyse  formula:[]
2026-06-26 14:53:13,074 INFO utils.complier: analyse  formula:[]
2026-06-26 14:53:13,074 INFO utils.complier: analyse  formula:[{'type': 'VARIABLE', 'value': '{{L2C.perf_dnoc_wrreq}}'}]
2026-06-26 14:53:13,074 INFO utils.complier: analyse  formula:[]
2026-06-26 14:53:13,074 INFO utils.complier: analyse  formula:[]
2026-06-26 14:53:13,075 INFO utils.complier: analyse  formula:[{'type': 'PROC_VAR', 'value': '$RET'}]
2026-06-26 14:53:13,075 INFO utils.complier: analyse  formula:[]
2026-06-26 14:53:13,075 INFO utils.complier: analyse  formula:[{'type': 'VARIABLE', 'value': '{{L2C.perf_dnoc_wrreq}}'}]
2026-06-26 14:53:13,075 INFO utils.complier: analyse  formula:[]
2026-06-26 14:53:13,075 INFO utils.complier: analyse  formula:[]
2026-06-26 14:53:13,075 INFO utils.complier: analyse  formula:[{'type': 'VARIABLE', 'value': '{{L2C.perf_dnoc_rdreq_32B}}'}, {'type': 'VARIABLE', 'value': '{{L2C.perf_dnoc_rdreq_64B}}'}, {'type': 'VARIABLE', 'value': '{{L2C.perf_dnoc_rdreq_128B}}'}]
2026-06-26 14:53:13,076 INFO utils.complier: analyse  formula:[]
2026-06-26 14:53:13,076 INFO utils.complier: analyse  formula:[]
2026-06-26 14:53:13,076 INFO utils.complier: analyse  formula:[{'type': 'PROC_VAR', 'value': '$RET'}]
2026-06-26 14:53:13,076 INFO utils.complier: analyse  formula:[]
2026-06-26 14:53:13,076 INFO utils.complier: analyse  formula:[{'type': 'VARIABLE', 'value': '{{L2C.perf_dnoc_rdreq_32B}}'}, {'type': 'VARIABLE', 'value': '{{L2C.perf_dnoc_rdreq_64B}}'}, {'type': 'VARIABLE', 'value': '{{L2C.perf_dnoc_rdreq_128B}}'}]
2026-06-26 14:53:13,077 INFO utils.complier: analyse  formula:[]
2026-06-26 14:53:13,077 INFO utils.complier: analyse  formula:[]
2026-06-26 14:53:13,077 INFO utils.complier: analyse  formula:[{'type': 'VARIABLE', 'value': '{{L2C.perf_dnoc_wrreq_32B_low}}'}, {'type': 'VARIABLE', 'value': '{{L2C.perf_dnoc_wrreq_32B_high}}'}, {'type': 'VARIABLE', 'value': '{{L2C.perf_dnoc_wrreq_64B}}'}, {'type': 'VARIABLE', 'value': '{{L2C.perf_dnoc_wrreq_128B}}'}]
2026-06-26 14:53:13,078 INFO utils.complier: analyse  formula:[]
2026-06-26 14:53:13,078 INFO utils.complier: analyse  formula:[]
2026-06-26 14:53:13,078 INFO utils.complier: analyse  formula:[{'type': 'PROC_VAR', 'value': '$RET'}]
2026-06-26 14:53:13,078 INFO utils.complier: analyse  formula:[]
2026-06-26 14:53:13,079 INFO utils.complier: analyse  formula:[{'type': 'VARIABLE', 'value': '{{L2C.perf_dnoc_wrreq_32B_low}}'}, {'type': 'VARIABLE', 'value': '{{L2C.perf_dnoc_wrreq_32B_high}}'}, {'type': 'VARIABLE', 'value': '{{L2C.perf_dnoc_wrreq_64B}}'}, {'type': 'VARIABLE', 'value': '{{L2C.perf_dnoc_wrreq_128B}}'}]
2026-06-26 14:53:13,079 INFO utils.complier: analyse  formula:[]
2026-06-26 14:53:13,080 INFO utils.complier: analyse  formula:[]
2026-06-26 14:53:13,083 INFO utils.complier: analyse  formula:[]
2026-06-26 14:53:13,086 INFO utils.complier: analyse  formula:[]
2026-06-26 14:53:13,089 INFO utils.complier: analyse  formula:[{'type': 'PRE_VAR', 'value': '@vl1_hit_rate'}, {'type': 'PRE_VAR', 'value': '@l2c_hit_rate'}, {'type': 'PRE_VAR', 'value': '@sl1_hit_rate'}, {'type': 'PRE_VAR', 'value': '@global_insts_rd'}, {'type': 'PRE_VAR', 'value': '@global_insts_wr'}, {'type': 'PRE_VAR', 'value': '@private_insts_rd'}, {'type': 'PRE_VAR', 'value': '@private_insts_wr'}, {'type': 'PRE_VAR', 'value': '@generic_insts_rd'}, {'type': 'PRE_VAR', 'value': '@generic_insts_wr'}, {'type': 'PRE_VAR', 'value': '@ldu_insts_rd'}, {'type': 'PRE_VAR', 'value': '@bsm_insts_rd'}, {'type': 'PRE_VAR', 'value': '@bsm_insts_wr'}, {'type': 'PRE_VAR', 'value': '@vl1_insts_rd'}, {'type': 'PRE_VAR', 'value': '@vl1_insts_wr'}, {'type': 'PRE_VAR', 'value': '@sl1_rd'}, {'type': 'PRE_VAR', 'value': '@sl1_l2c_rd'}, {'type': 'PRE_VAR', 'value': '@l2c_insts_rd'}, {'type': 'PRE_VAR', 'value': '@l2c_insts_wr'}]
2026-06-26 14:53:13,105 INFO utils.complier: analyse  formula:[{'type': 'PROC_VAR', 'value': '$RET'}]
2026-06-26 14:53:13,109 INFO utils.complier: analyse  formula:[]
2026-06-26 14:53:13,112 INFO utils.complier: analyse  formula:[]
2026-06-26 14:53:13,115 INFO utils.complier: analyse  formula:[{'type': 'PRE_VAR', 'value': '@vl1_hit_rate'}, {'type': 'PRE_VAR', 'value': '@l2c_hit_rate'}, {'type': 'PRE_VAR', 'value': '@sl1_hit_rate'}, {'type': 'PRE_VAR', 'value': '@global_insts_rd'}, {'type': 'PRE_VAR', 'value': '@global_insts_wr'}, {'type': 'PRE_VAR', 'value': '@private_insts_rd'}, {'type': 'PRE_VAR', 'value': '@private_insts_wr'}, {'type': 'PRE_VAR', 'value': '@generic_insts_rd'}, {'type': 'PRE_VAR', 'value': '@generic_insts_wr'}, {'type': 'PRE_VAR', 'value': '@ldu_insts_rd'}, {'type': 'PRE_VAR', 'value': '@bsm_insts_rd'}, {'type': 'PRE_VAR', 'value': '@bsm_insts_wr'}, {'type': 'PRE_VAR', 'value': '@vl1_insts_rd'}, {'type': 'PRE_VAR', 'value': '@vl1_insts_wr'}, {'type': 'PRE_VAR', 'value': '@sl1_rd'}, {'type': 'PRE_VAR', 'value': '@sl1_l2c_rd'}, {'type': 'PRE_VAR', 'value': '@l2c_insts_rd'}, {'type': 'PRE_VAR', 'value': '@l2c_insts_wr'}]
2026-06-26 14:53:13,119 INFO utils.complier: analyse  formula:[]
2026-06-26 14:53:13,197 DEBUG matplotlib.font_manager: findfont: Matching sans\-serif:style=normal:variant=normal:weight=normal:stretch=normal:size=5.789999999999999.
2026-06-26 14:53:13,197 DEBUG matplotlib.font_manager: findfont: score(<Font 'STIXSizeFourSym' (STIXSizFourSymBol.ttf) normal normal 700 normal>) = 10.335
2026-06-26 14:53:13,197 DEBUG matplotlib.font_manager: findfont: score(<Font 'DejaVu Sans Mono' (DejaVuSansMono-BoldOblique.ttf) oblique normal 700 normal>) = 11.335
2026-06-26 14:53:13,197 DEBUG matplotlib.font_manager: findfont: score(<Font 'STIXSizeOneSym' (STIXSizOneSymBol.ttf) normal normal 700 normal>) = 10.335
2026-06-26 14:53:13,197 DEBUG matplotlib.font_manager: findfont: score(<Font 'DejaVu Serif' (DejaVuSerif-BoldItalic.ttf) italic normal 700 normal>) = 11.335
2026-06-26 14:53:13,197 DEBUG matplotlib.font_manager: findfont: score(<Font 'STIXSizeThreeSym' (STIXSizThreeSymReg.ttf) normal normal 400 normal>) = 10.05
2026-06-26 14:53:13,197 DEBUG matplotlib.font_manager: findfont: score(<Font 'cmtt10' (cmtt10.ttf) normal normal 400 normal>) = 10.05
2026-06-26 14:53:13,197 DEBUG matplotlib.font_manager: findfont: score(<Font 'STIXSizeTwoSym' (STIXSizTwoSymBol.ttf) normal normal 700 normal>) = 10.335
2026-06-26 14:53:13,197 DEBUG matplotlib.font_manager: findfont: score(<Font 'STIXSizeTwoSym' (STIXSizTwoSymReg.ttf) normal normal 400 normal>) = 10.05
2026-06-26 14:53:13,197 DEBUG matplotlib.font_manager: findfont: score(<Font 'DejaVu Serif Display' (DejaVuSerifDisplay.ttf) normal normal 400 normal>) = 10.05
2026-06-26 14:53:13,197 DEBUG matplotlib.font_manager: findfont: score(<Font 'DejaVu Sans' (DejaVuSans-Bold.ttf) normal normal 700 normal>) = 0.33499999999999996
2026-06-26 14:53:13,197 DEBUG matplotlib.font_manager: findfont: score(<Font 'cmex10' (cmex10.ttf) normal normal 400 normal>) = 10.05
2026-06-26 14:53:13,197 DEBUG matplotlib.font_manager: findfont: score(<Font 'STIXNonUnicode' (STIXNonUniBolIta.ttf) italic normal 700 normal>) = 11.335
2026-06-26 14:53:13,198 DEBUG matplotlib.font_manager: findfont: score(<Font 'STIXGeneral' (STIXGeneralBolIta.ttf) italic normal 700 normal>) = 11.335
2026-06-26 14:53:13,198 DEBUG matplotlib.font_manager: findfont: score(<Font 'DejaVu Serif' (DejaVuSerif-Bold.ttf) normal normal 700 normal>) = 10.335
2026-06-26 14:53:13,198 DEBUG matplotlib.font_manager: findfont: score(<Font 'DejaVu Serif' (DejaVuSerif-Italic.ttf) italic normal 400 normal>) = 11.05
2026-06-26 14:53:13,198 DEBUG matplotlib.font_manager: findfont: score(<Font 'DejaVu Serif' (DejaVuSerif.ttf) normal normal 400 normal>) = 10.05
2026-06-26 14:53:13,198 DEBUG matplotlib.font_manager: findfont: score(<Font 'cmr10' (cmr10.ttf) normal normal 400 normal>) = 10.05
2026-06-26 14:53:13,198 DEBUG matplotlib.font_manager: findfont: score(<Font 'DejaVu Sans' (DejaVuSans-Oblique.ttf) oblique normal 400 normal>) = 1.05
2026-06-26 14:53:13,198 DEBUG matplotlib.font_manager: findfont: score(<Font 'DejaVu Sans Mono' (DejaVuSansMono-Oblique.ttf) oblique normal 400 normal>) = 11.05
2026-06-26 14:53:13,198 DEBUG matplotlib.font_manager: findfont: score(<Font 'DejaVu Sans Mono' (DejaVuSansMono-Bold.ttf) normal normal 700 normal>) = 10.335
2026-06-26 14:53:13,198 DEBUG matplotlib.font_manager: findfont: score(<Font 'STIXGeneral' (STIXGeneralItalic.ttf) italic normal 400 normal>) = 11.05
2026-06-26 14:53:13,198 DEBUG matplotlib.font_manager: findfont: score(<Font 'STIXSizeThreeSym' (STIXSizThreeSymBol.ttf) normal normal 700 normal>) = 10.335
2026-06-26 14:53:13,198 DEBUG matplotlib.font_manager: findfont: score(<Font 'STIXGeneral' (STIXGeneralBol.ttf) normal normal 700 normal>) = 10.335
2026-06-26 14:53:13,198 DEBUG matplotlib.font_manager: findfont: score(<Font 'DejaVu Sans' (DejaVuSans-BoldOblique.ttf) oblique normal 700 normal>) = 1.335
2026-06-26 14:53:13,198 DEBUG matplotlib.font_manager: findfont: score(<Font 'STIXSizeFiveSym' (STIXSizFiveSymReg.ttf) normal normal 400 normal>) = 10.05
2026-06-26 14:53:13,198 DEBUG matplotlib.font_manager: findfont: score(<Font 'DejaVu Sans' (DejaVuSans.ttf) normal normal 400 normal>) = 0.05
2026-06-26 14:53:13,198 DEBUG matplotlib.font_manager: findfont: score(<Font 'cmsy10' (cmsy10.ttf) normal normal 400 normal>) = 10.05
2026-06-26 14:53:13,198 DEBUG matplotlib.font_manager: findfont: score(<Font 'STIXNonUnicode' (STIXNonUni.ttf) normal normal 400 normal>) = 10.05
2026-06-26 14:53:13,198 DEBUG matplotlib.font_manager: findfont: score(<Font 'DejaVu Sans Mono' (DejaVuSansMono.ttf) normal normal 400 normal>) = 10.05
2026-06-26 14:53:13,198 DEBUG matplotlib.font_manager: findfont: score(<Font 'DejaVu Sans Display' (DejaVuSansDisplay.ttf) normal normal 400 normal>) = 10.05
2026-06-26 14:53:13,198 DEBUG matplotlib.font_manager: findfont: score(<Font 'cmss10' (cmss10.ttf) normal normal 400 normal>) = 10.05
2026-06-26 14:53:13,198 DEBUG matplotlib.font_manager: findfont: score(<Font 'STIXNonUnicode' (STIXNonUniBol.ttf) normal normal 700 normal>) = 10.335
2026-06-26 14:53:13,198 DEBUG matplotlib.font_manager: findfont: score(<Font 'cmb10' (cmb10.ttf) normal normal 400 normal>) = 10.05
2026-06-26 14:53:13,198 DEBUG matplotlib.font_manager: findfont: score(<Font 'cmmi10' (cmmi10.ttf) normal normal 400 normal>) = 10.05
2026-06-26 14:53:13,198 DEBUG matplotlib.font_manager: findfont: score(<Font 'STIXSizeOneSym' (STIXSizOneSymReg.ttf) normal normal 400 normal>) = 10.05
2026-06-26 14:53:13,198 DEBUG matplotlib.font_manager: findfont: score(<Font 'STIXSizeFourSym' (STIXSizFourSymReg.ttf) normal normal 400 normal>) = 10.05
2026-06-26 14:53:13,198 DEBUG matplotlib.font_manager: findfont: score(<Font 'STIXGeneral' (STIXGeneral.ttf) normal normal 400 normal>) = 10.05
2026-06-26 14:53:13,198 DEBUG matplotlib.font_manager: findfont: score(<Font 'STIXNonUnicode' (STIXNonUniIta.ttf) italic normal 400 normal>) = 11.05
2026-06-26 14:53:13,198 DEBUG matplotlib.font_manager: findfont: score(<Font 'DejaVu Serif' (DejaVuSerif-Bold.ttf) normal normal 700 normal>) = 10.335
2026-06-26 14:53:13,198 DEBUG matplotlib.font_manager: findfont: score(<Font 'DejaVu Sans Mono' (DejaVuSansMono-Bold.ttf) normal normal 700 normal>) = 10.335
2026-06-26 14:53:13,198 DEBUG matplotlib.font_manager: findfont: score(<Font 'DejaVu Serif' (DejaVuSerif.ttf) normal normal 400 normal>) = 10.05
2026-06-26 14:53:13,198 DEBUG matplotlib.font_manager: findfont: score(<Font 'DejaVu Sans' (DejaVuSans-Bold.ttf) normal normal 700 normal>) = 0.33499999999999996
2026-06-26 14:53:13,198 DEBUG matplotlib.font_manager: findfont: score(<Font 'DejaVu Sans Mono' (DejaVuSansMono.ttf) normal normal 400 normal>) = 10.05
2026-06-26 14:53:13,199 DEBUG matplotlib.font_manager: findfont: score(<Font 'DejaVu Sans' (DejaVuSans.ttf) normal normal 400 normal>) = 0.05
2026-06-26 14:53:13,199 DEBUG matplotlib.font_manager: findfont: Matching sans\-serif:style=normal:variant=normal:weight=normal:stretch=normal:size=5.789999999999999 to DejaVu Sans ('/tmp/_MEIF0qp76/matplotlib/mpl-data/fonts/ttf/DejaVuSans.ttf') with score of 0.050000.
2026-06-26 14:53:13,283 INFO utils.complier: analyse  formula:[{'type': 'VARIABLE', 'value': '{{L2C.perf_dnoc_rdreq_inflight_level}}'}, {'type': 'VARIABLE', 'value': '{{L2C.perf_dnoc_rdreq}}'}]
2026-06-26 14:53:13,283 INFO utils.complier: analyse  formula:[]
2026-06-26 14:53:13,283 INFO utils.complier: analyse  formula:[]
2026-06-26 14:53:13,284 INFO utils.complier: analyse  formula:[{'type': 'PROC_VAR', 'value': '$RET'}]
2026-06-26 14:53:13,284 INFO utils.complier: analyse  formula:[]
2026-06-26 14:53:13,284 INFO utils.complier: analyse  formula:[{'type': 'VARIABLE', 'value': '{{L2C.perf_dnoc_rdreq_inflight_level}}'}, {'type': 'VARIABLE', 'value': '{{L2C.perf_dnoc_rdreq}}'}]
2026-06-26 14:53:13,284 INFO utils.complier: analyse  formula:[]
2026-06-26 14:53:13,284 INFO utils.complier: analyse  formula:[]
2026-06-26 14:53:13,285 INFO utils.complier: analyse  formula:[{'type': 'VARIABLE', 'value': '{{L2C.perf_dnoc_rd_histogram_0_255}}'}, {'type': 'VARIABLE', 'value': '{{L2C.perf_dnoc_rd_histogram_256_511}}'}, {'type': 'VARIABLE', 'value': '{{L2C.perf_dnoc_rd_histogram_512_1K}}'}, {'type': 'VARIABLE', 'value': '{{L2C.perf_dnoc_rd_histogram_1K_2K}}'}, {'type': 'VARIABLE', 'value': '{{L2C.perf_dnoc_rd_histogram_2K_INF}}'}]
2026-06-26 14:53:13,285 INFO utils.complier: analyse  formula:[]
2026-06-26 14:53:13,286 INFO utils.complier: analyse  formula:[]
2026-06-26 14:53:13,287 INFO utils.complier: analyse  formula:[{'type': 'PROC_VAR', 'value': '$RET'}]
2026-06-26 14:53:13,287 INFO utils.complier: analyse  formula:[]
2026-06-26 14:53:13,288 INFO utils.complier: analyse  formula:[{'type': 'VARIABLE', 'value': '{{L2C.perf_dnoc_rd_histogram_0_255}}'}, {'type': 'VARIABLE', 'value': '{{L2C.perf_dnoc_rd_histogram_256_511}}'}, {'type': 'VARIABLE', 'value': '{{L2C.perf_dnoc_rd_histogram_512_1K}}'}, {'type': 'VARIABLE', 'value': '{{L2C.perf_dnoc_rd_histogram_1K_2K}}'}, {'type': 'VARIABLE', 'value': '{{L2C.perf_dnoc_rd_histogram_2K_INF}}'}]
2026-06-26 14:53:13,288 INFO utils.complier: analyse  formula:[]
2026-06-26 14:53:13,289 INFO utils.complier: analyse  formula:[]
2026-06-26 14:53:13,380 INFO utils.complier: analyse  formula:[{'type': 'VARIABLE', 'value': '{{VL1.p_stall_due_oldest_pt0}}'}, {'type': 'VARIABLE', 'value': '{{VL1.p_stall_due_oldest_pt1}}'}, {'type': 'VARIABLE', 'value': '{{VL1.p_stall_due_oldest_pt2}}'}, {'type': 'VARIABLE', 'value': '{{VL1.p_stall_due_oldest_pt3}}'}]
2026-06-26 14:53:13,380 INFO utils.complier: analyse  formula:[]
2026-06-26 14:53:13,381 INFO utils.complier: analyse  formula:[]
2026-06-26 14:53:13,382 INFO utils.complier: analyse  formula:[{'type': 'PROC_VAR', 'value': '$RET'}]
2026-06-26 14:53:13,382 INFO utils.complier: analyse  formula:[]
2026-06-26 14:53:13,383 INFO utils.complier: analyse  formula:[{'type': 'VARIABLE', 'value': '{{VL1.p_stall_due_oldest_pt0}}'}, {'type': 'VARIABLE', 'value': '{{VL1.p_stall_due_oldest_pt1}}'}, {'type': 'VARIABLE', 'value': '{{VL1.p_stall_due_oldest_pt2}}'}, {'type': 'VARIABLE', 'value': '{{VL1.p_stall_due_oldest_pt3}}'}]
2026-06-26 14:53:13,384 INFO utils.complier: analyse  formula:[]
2026-06-26 14:53:13,384 INFO utils.complier: analyse  formula:[]
2026-06-26 14:53:13,429 INFO utils.complier: analyse  formula:[{'type': 'VARIABLE', 'value': '{{ISU.AP_PERF_INST_BSM_RD}}'}]
2026-06-26 14:53:13,429 INFO utils.complier: analyse  formula:[]
2026-06-26 14:53:13,430 INFO utils.complier: analyse  formula:[]
2026-06-26 14:53:13,430 INFO utils.complier: analyse  formula:[{'type': 'PROC_VAR', 'value': '$RET'}]
2026-06-26 14:53:13,430 INFO utils.complier: analyse  formula:[]
2026-06-26 14:53:13,430 INFO utils.complier: analyse  formula:[{'type': 'VARIABLE', 'value': '{{ISU.AP_PERF_INST_BSM_RD}}'}]
2026-06-26 14:53:13,431 INFO utils.complier: analyse  formula:[]
2026-06-26 14:53:13,431 INFO utils.complier: analyse  formula:[]
2026-06-26 14:53:13,431 INFO utils.complier: analyse  formula:[{'type': 'VARIABLE', 'value': '{{ISU.AP_PERF_INST_BSM_WR}}'}]
2026-06-26 14:53:13,431 INFO utils.complier: analyse  formula:[]
2026-06-26 14:53:13,431 INFO utils.complier: analyse  formula:[]
2026-06-26 14:53:13,431 INFO utils.complier: analyse  formula:[{'type': 'PROC_VAR', 'value': '$RET'}]
2026-06-26 14:53:13,431 INFO utils.complier: analyse  formula:[]
2026-06-26 14:53:13,432 INFO utils.complier: analyse  formula:[{'type': 'VARIABLE', 'value': '{{ISU.AP_PERF_INST_BSM_WR}}'}]
2026-06-26 14:53:13,432 INFO utils.complier: analyse  formula:[]
2026-06-26 14:53:13,432 INFO utils.complier: analyse  formula:[]
2026-06-26 14:53:13,432 INFO utils.complier: analyse  formula:[{'type': 'VARIABLE', 'value': '{{ISU.AP_PERF_INST_BSM_ATOMIC}}'}]
2026-06-26 14:53:13,432 INFO utils.complier: analyse  formula:[]
2026-06-26 14:53:13,432 INFO utils.complier: analyse  formula:[]
2026-06-26 14:53:13,432 INFO utils.complier: analyse  formula:[{'type': 'PROC_VAR', 'value': '$RET'}]
2026-06-26 14:53:13,433 INFO utils.complier: analyse  formula:[]
2026-06-26 14:53:13,433 INFO utils.complier: analyse  formula:[{'type': 'VARIABLE', 'value': '{{ISU.AP_PERF_INST_BSM_ATOMIC}}'}]
2026-06-26 14:53:13,433 INFO utils.complier: analyse  formula:[]
2026-06-26 14:53:13,433 INFO utils.complier: analyse  formula:[]
2026-06-26 14:53:13,433 INFO utils.complier: analyse  formula:[{'type': 'VARIABLE', 'value': '{{ISU.AP_PERF_INSTS_BSM}}'}]
2026-06-26 14:53:13,433 INFO utils.complier: analyse  formula:[]
2026-06-26 14:53:13,433 INFO utils.complier: analyse  formula:[]
2026-06-26 14:53:13,433 INFO utils.complier: analyse  formula:[{'type': 'PROC_VAR', 'value': '$RET'}]
2026-06-26 14:53:13,434 INFO utils.complier: analyse  formula:[]
2026-06-26 14:53:13,434 INFO utils.complier: analyse  formula:[{'type': 'VARIABLE', 'value': '{{ISU.AP_PERF_INSTS_BSM}}'}]
2026-06-26 14:53:13,434 INFO utils.complier: analyse  formula:[]
2026-06-26 14:53:13,434 INFO utils.complier: analyse  formula:[]
2026-06-26 14:53:13,434 INFO utils.complier: analyse  formula:[{'type': 'VARIABLE', 'value': '{{ISU.AP_PERF_BSM_READ_INFLIGHT_LEVEL}}'}, {'type': 'VARIABLE', 'value': '{{ISU.AP_PERF_INST_BSM_RD}}'}, {'type': 'VARIABLE', 'value': '{{ISU.AP_PERF_INST_BSM_RD}}'}]
2026-06-26 14:53:13,434 INFO utils.complier: analyse  formula:[]
2026-06-26 14:53:13,435 INFO utils.complier: analyse  formula:[]
2026-06-26 14:53:13,435 INFO utils.complier: analyse  formula:[{'type': 'PROC_VAR', 'value': '$RET'}]
2026-06-26 14:53:13,435 INFO utils.complier: analyse  formula:[]
2026-06-26 14:53:13,436 INFO utils.complier: analyse  formula:[{'type': 'VARIABLE', 'value': '{{ISU.AP_PERF_BSM_READ_INFLIGHT_LEVEL}}'}, {'type': 'VARIABLE', 'value': '{{ISU.AP_PERF_INST_BSM_RD}}'}, {'type': 'VARIABLE', 'value': '{{ISU.AP_PERF_INST_BSM_RD}}'}]
2026-06-26 14:53:13,436 INFO utils.complier: analyse  formula:[]
2026-06-26 14:53:13,436 INFO utils.complier: analyse  formula:[]
2026-06-26 14:53:13,437 INFO utils.complier: analyse  formula:[{'type': 'VARIABLE', 'value': '{{ISU.AP_PERF_BSM_WR_INFLIGHT_LEVEL}}'}, {'type': 'VARIABLE', 'value': '{{ISU.AP_PERF_INST_BSM_WR}}'}, {'type': 'VARIABLE', 'value': '{{ISU.AP_PERF_INST_BSM_WR}}'}]
2026-06-26 14:53:13,437 INFO utils.complier: analyse  formula:[]
2026-06-26 14:53:13,437 INFO utils.complier: analyse  formula:[]
2026-06-26 14:53:13,437 INFO utils.complier: analyse  formula:[{'type': 'PROC_VAR', 'value': '$RET'}]
2026-06-26 14:53:13,438 INFO utils.complier: analyse  formula:[]
2026-06-26 14:53:13,438 INFO utils.complier: analyse  formula:[{'type': 'VARIABLE', 'value': '{{ISU.AP_PERF_BSM_WR_INFLIGHT_LEVEL}}'}, {'type': 'VARIABLE', 'value': '{{ISU.AP_PERF_INST_BSM_WR}}'}, {'type': 'VARIABLE', 'value': '{{ISU.AP_PERF_INST_BSM_WR}}'}]
2026-06-26 14:53:13,438 INFO utils.complier: analyse  formula:[]
2026-06-26 14:53:13,439 INFO utils.complier: analyse  formula:[]
2026-06-26 14:53:13,439 INFO utils.complier: analyse  formula:[{'type': 'VARIABLE', 'value': '{{ISU.AP_PERF_BSM_ATOMIC_INFLIGHT_LEVEL}}'}, {'type': 'VARIABLE', 'value': '{{ISU.AP_PERF_INST_BSM_ATOMIC}}'}, {'type': 'VARIABLE', 'value': '{{ISU.AP_PERF_INST_BSM_ATOMIC}}'}]
2026-06-26 14:53:13,439 INFO utils.complier: analyse  formula:[]
2026-06-26 14:53:13,439 INFO utils.complier: analyse  formula:[]
2026-06-26 14:53:13,440 INFO utils.complier: analyse  formula:[{'type': 'PROC_VAR', 'value': '$RET'}]
2026-06-26 14:53:13,440 INFO utils.complier: analyse  formula:[]
2026-06-26 14:53:13,440 INFO utils.complier: analyse  formula:[{'type': 'VARIABLE', 'value': '{{ISU.AP_PERF_BSM_ATOMIC_INFLIGHT_LEVEL}}'}, {'type': 'VARIABLE', 'value': '{{ISU.AP_PERF_INST_BSM_ATOMIC}}'}, {'type': 'VARIABLE', 'value': '{{ISU.AP_PERF_INST_BSM_ATOMIC}}'}]
2026-06-26 14:53:13,441 INFO utils.complier: analyse  formula:[]
2026-06-26 14:53:13,441 INFO utils.complier: analyse  formula:[]
2026-06-26 14:53:13,441 INFO utils.complier: analyse  formula:[{'type': 'VARIABLE', 'value': '{{ISU.AP_PERF_BSM_INFLIGHT_LEVEL_IN_AP}}'}, {'type': 'VARIABLE', 'value': '{{ISU.AP_PERF_BSM_INFLIGHT_LEVEL}}'}, {'type': 'VARIABLE', 'value': '{{ISU.AP_PERF_INSTS_BSM}}'}, {'type': 'VARIABLE', 'value': '{{ISU.AP_PERF_INSTS_BSM}}'}]
2026-06-26 14:53:13,441 INFO utils.complier: analyse  formula:[]
2026-06-26 14:53:13,442 INFO utils.complier: analyse  formula:[]
2026-06-26 14:53:13,442 INFO utils.complier: analyse  formula:[{'type': 'PROC_VAR', 'value': '$RET'}]
2026-06-26 14:53:13,443 INFO utils.complier: analyse  formula:[]
2026-06-26 14:53:13,443 INFO utils.complier: analyse  formula:[{'type': 'VARIABLE', 'value': '{{ISU.AP_PERF_BSM_INFLIGHT_LEVEL_IN_AP}}'}, {'type': 'VARIABLE', 'value': '{{ISU.AP_PERF_BSM_INFLIGHT_LEVEL}}'}, {'type': 'VARIABLE', 'value': '{{ISU.AP_PERF_INSTS_BSM}}'}, {'type': 'VARIABLE', 'value': '{{ISU.AP_PERF_INSTS_BSM}}'}]
2026-06-26 14:53:13,443 INFO utils.complier: analyse  formula:[]
2026-06-26 14:53:13,444 INFO utils.complier: analyse  formula:[]
2026-06-26 14:53:13,444 INFO utils.complier: analyse  formula:[{'type': 'VARIABLE', 'value': '{{ISU.AP_PERF_BSM_RD_CYCLES}}'}, {'type': 'VARIABLE', 'value': '{{ISU.AP_PERF_INST_BSM_RD}}'}, {'type': 'VARIABLE', 'value': '{{ISU.AP_PERF_INST_BSM_RD}}'}]
2026-06-26 14:53:13,444 INFO utils.complier: analyse  formula:[]
2026-06-26 14:53:13,444 INFO utils.complier: analyse  formula:[]
2026-06-26 14:53:13,445 INFO utils.complier: analyse  formula:[{'type': 'PROC_VAR', 'value': '$RET'}]
2026-06-26 14:53:13,445 INFO utils.complier: analyse  formula:[]
2026-06-26 14:53:13,445 INFO utils.complier: analyse  formula:[{'type': 'VARIABLE', 'value': '{{ISU.AP_PERF_BSM_RD_CYCLES}}'}, {'type': 'VARIABLE', 'value': '{{ISU.AP_PERF_INST_BSM_RD}}'}, {'type': 'VARIABLE', 'value': '{{ISU.AP_PERF_INST_BSM_RD}}'}]
2026-06-26 14:53:13,446 INFO utils.complier: analyse  formula:[]
2026-06-26 14:53:13,446 INFO utils.complier: analyse  formula:[]
2026-06-26 14:53:13,446 INFO utils.complier: analyse  formula:[{'type': 'VARIABLE', 'value': '{{ISU.AP_PERF_BSM_WR_CYCLES}}'}, {'type': 'VARIABLE', 'value': '{{ISU.AP_PERF_INST_BSM_WR}}'}, {'type': 'VARIABLE', 'value': '{{ISU.AP_PERF_INST_BSM_WR}}'}]
2026-06-26 14:53:13,446 INFO utils.complier: analyse  formula:[]
2026-06-26 14:53:13,447 INFO utils.complier: analyse  formula:[]
2026-06-26 14:53:13,447 INFO utils.complier: analyse  formula:[{'type': 'PROC_VAR', 'value': '$RET'}]
2026-06-26 14:53:13,447 INFO utils.complier: analyse  formula:[]
2026-06-26 14:53:13,448 INFO utils.complier: analyse  formula:[{'type': 'VARIABLE', 'value': '{{ISU.AP_PERF_BSM_WR_CYCLES}}'}, {'type': 'VARIABLE', 'value': '{{ISU.AP_PERF_INST_BSM_WR}}'}, {'type': 'VARIABLE', 'value': '{{ISU.AP_PERF_INST_BSM_WR}}'}]
2026-06-26 14:53:13,448 INFO utils.complier: analyse  formula:[]
2026-06-26 14:53:13,449 INFO utils.complier: analyse  formula:[]
2026-06-26 14:53:13,449 INFO utils.complier: analyse  formula:[{'type': 'VARIABLE', 'value': '{{ISU.AP_PERF_BSM_ATOMIC_CYCLES}}'}, {'type': 'VARIABLE', 'value': '{{ISU.AP_PERF_INST_BSM_ATOMIC}}'}, {'type': 'VARIABLE', 'value': '{{ISU.AP_PERF_INST_BSM_ATOMIC}}'}]
2026-06-26 14:53:13,449 INFO utils.complier: analyse  formula:[]
2026-06-26 14:53:13,449 INFO utils.complier: analyse  formula:[]
2026-06-26 14:53:13,450 INFO utils.complier: analyse  formula:[{'type': 'PROC_VAR', 'value': '$RET'}]
2026-06-26 14:53:13,451 INFO utils.complier: analyse  formula:[]
2026-06-26 14:53:13,451 INFO utils.complier: analyse  formula:[{'type': 'VARIABLE', 'value': '{{ISU.AP_PERF_BSM_ATOMIC_CYCLES}}'}, {'type': 'VARIABLE', 'value': '{{ISU.AP_PERF_INST_BSM_ATOMIC}}'}, {'type': 'VARIABLE', 'value': '{{ISU.AP_PERF_INST_BSM_ATOMIC}}'}]
2026-06-26 14:53:13,451 INFO utils.complier: analyse  formula:[]
2026-06-26 14:53:13,452 INFO utils.complier: analyse  formula:[]
2026-06-26 14:53:13,452 INFO utils.complier: analyse  formula:[{'type': 'VARIABLE', 'value': '{{ISU.AP_PERF_BSM_CONFLICT_CYCLES}}'}, {'type': 'VARIABLE', 'value': '{{ISU.AP_PERF_INSTS_BSM}}'}, {'type': 'VARIABLE', 'value': '{{ISU.AP_PERF_INSTS_BSM}}'}]
2026-06-26 14:53:13,452 INFO utils.complier: analyse  formula:[]
2026-06-26 14:53:13,452 INFO utils.complier: analyse  formula:[]
2026-06-26 14:53:13,453 INFO utils.complier: analyse  formula:[{'type': 'PROC_VAR', 'value': '$RET'}]
2026-06-26 14:53:13,453 INFO utils.complier: analyse  formula:[]
2026-06-26 14:53:13,453 INFO utils.complier: analyse  formula:[{'type': 'VARIABLE', 'value': '{{ISU.AP_PERF_BSM_CONFLICT_CYCLES}}'}, {'type': 'VARIABLE', 'value': '{{ISU.AP_PERF_INSTS_BSM}}'}, {'type': 'VARIABLE', 'value': '{{ISU.AP_PERF_INSTS_BSM}}'}]
2026-06-26 14:53:13,454 INFO utils.complier: analyse  formula:[]
2026-06-26 14:53:13,454 INFO utils.complier: analyse  formula:[]
2026-06-26 14:53:13,454 INFO utils.complier: analyse  formula:[{'type': 'VARIABLE', 'value': '{{ISU.AP_PERF_BSM_RD_CYCLES}}'}, {'type': 'VARIABLE', 'value': '{{ISU.AP_PERF_BSM_WR_CYCLES}}'}, {'type': 'VARIABLE', 'value': '{{ISU.AP_PERF_BSM_ATOMIC_CYCLES}}'}, {'type': 'VARIABLE', 'value': '{{ISU.AP_PERF_INSTS_BSM}}'}, {'type': 'VARIABLE', 'value': '{{ISU.AP_PERF_INSTS_BSM}}'}]
2026-06-26 14:53:13,455 INFO utils.complier: analyse  formula:[]
2026-06-26 14:53:13,455 INFO utils.complier: analyse  formula:[]
2026-06-26 14:53:13,586 INFO utils.complier: analyse  formula:[{'type': 'PROC_VAR', 'value': '$RET'}]
2026-06-26 14:53:13,586 INFO utils.complier: analyse  formula:[]
2026-06-26 14:53:13,587 INFO utils.complier: analyse  formula:[{'type': 'VARIABLE', 'value': '{{ISU.AP_PERF_BSM_RD_CYCLES}}'}, {'type': 'VARIABLE', 'value': '{{ISU.AP_PERF_BSM_WR_CYCLES}}'}, {'type': 'VARIABLE', 'value': '{{ISU.AP_PERF_BSM_ATOMIC_CYCLES}}'}, {'type': 'VARIABLE', 'value': '{{ISU.AP_PERF_INSTS_BSM}}'}, {'type': 'VARIABLE', 'value': '{{ISU.AP_PERF_INSTS_BSM}}'}]
2026-06-26 14:53:13,587 INFO utils.complier: analyse  formula:[]
2026-06-26 14:53:13,588 INFO utils.complier: analyse  formula:[]
2026-06-26 14:53:13,588 INFO utils.complier: analyse  formula:[{'type': 'VARIABLE', 'value': '{{ISU.AP_PERF_BSM_RD_CYCLES}}'}, {'type': 'VARIABLE', 'value': '{{ISU.AP_PERF_BSM_WR_CYCLES}}'}, {'type': 'VARIABLE', 'value': '{{ISU.AP_PERF_BSM_ATOMIC_CYCLES}}'}, {'type': 'VARIABLE', 'value': '{{ISU.AP_PERF_BSM_CONFLICT_CYCLES}}'}]
2026-06-26 14:53:13,589 INFO utils.complier: analyse  formula:[]
2026-06-26 14:53:13,589 INFO utils.complier: analyse  formula:[]
2026-06-26 14:53:13,590 INFO utils.complier: analyse  formula:[{'type': 'PROC_VAR', 'value': '$all_cycle'}, {'type': 'PROC_VAR', 'value': '$conflict_cycle'}, {'type': 'PROC_VAR', 'value': '$rate'}, {'type': 'PROC_VAR', 'value': '$all_cycle'}, {'type': 'PROC_VAR', 'value': '$conflict_cycle'}, {'type': 'PROC_VAR', 'value': '$all_cycle'}, {'type': 'PROC_VAR', 'value': '$all_cycle'}, {'type': 'PROC_VAR', 'value': '$RET'}, {'type': 'PROC_VAR', 'value': '$rate'}]
2026-06-26 14:53:13,592 INFO utils.complier: analyse  formula:[]
2026-06-26 14:53:13,593 INFO utils.complier: analyse  formula:[{'type': 'VARIABLE', 'value': '{{ISU.AP_PERF_BSM_RD_CYCLES}}'}, {'type': 'VARIABLE', 'value': '{{ISU.AP_PERF_BSM_WR_CYCLES}}'}, {'type': 'VARIABLE', 'value': '{{ISU.AP_PERF_BSM_ATOMIC_CYCLES}}'}, {'type': 'VARIABLE', 'value': '{{ISU.AP_PERF_BSM_CONFLICT_CYCLES}}'}]
2026-06-26 14:53:13,595 INFO utils.complier: analyse  formula:[]
2026-06-26 14:53:13,596 INFO utils.complier: analyse  formula:[]
2026-06-26 14:53:13,596 INFO utils.complier: analyse  formula:[{'type': 'VARIABLE', 'value': '{{ISU.AP_PERF_WAVES}}'}]
2026-06-26 14:53:13,596 INFO utils.complier: analyse  formula:[]
2026-06-26 14:53:13,596 INFO utils.complier: analyse  formula:[]
2026-06-26 14:53:13,597 INFO utils.complier: analyse  formula:[{'type': 'PROC_VAR', 'value': '$RET'}]
2026-06-26 14:53:13,597 INFO utils.complier: analyse  formula:[]
2026-06-26 14:53:13,597 INFO utils.complier: analyse  formula:[{'type': 'VARIABLE', 'value': '{{ISU.AP_PERF_WAVES}}'}]
2026-06-26 14:53:13,597 INFO utils.complier: analyse  formula:[]
2026-06-26 14:53:13,597 INFO utils.complier: analyse  formula:[]
2026-06-26 14:53:13,598 INFO utils.complier: analyse  formula:[{'type': 'VARIABLE', 'value': '{{RM.RM_PERF_DISPATCHED_WAVES_P0}}'}, {'type': 'VARIABLE', 'value': '{{RM.RM_PERF_DISPATCHED_WAVES_P1}}'}, {'type': 'VARIABLE', 'value': '{{RM.RM_PERF_DISPATCHED_WAVES_P2}}'}, {'type': 'VARIABLE', 'value': '{{RM.RM_PERF_DISPATCHED_WAVES_P3}}'}]
2026-06-26 14:53:13,598 INFO utils.complier: analyse  formula:[]
2026-06-26 14:53:13,598 INFO utils.complier: analyse  formula:[]
2026-06-26 14:53:13,598 INFO utils.complier: analyse  formula:[{'type': 'PROC_VAR', 'value': '$RET'}]
2026-06-26 14:53:13,598 INFO utils.complier: analyse  formula:[]
2026-06-26 14:53:13,598 INFO utils.complier: analyse  formula:[{'type': 'VARIABLE', 'value': '{{RM.RM_PERF_DISPATCHED_WAVES_P0}}'}, {'type': 'VARIABLE', 'value': '{{RM.RM_PERF_DISPATCHED_WAVES_P1}}'}, {'type': 'VARIABLE', 'value': '{{RM.RM_PERF_DISPATCHED_WAVES_P2}}'}, {'type': 'VARIABLE', 'value': '{{RM.RM_PERF_DISPATCHED_WAVES_P3}}'}]
2026-06-26 14:53:13,599 INFO utils.complier: analyse  formula:[]
2026-06-26 14:53:13,599 INFO utils.complier: analyse  formula:[]
2026-06-26 14:53:13,599 INFO utils.complier: analyse  formula:[{'type': 'VARIABLE', 'value': '{{ISU.AP_PERF_ISU_AP_BUSY}}'}]
2026-06-26 14:53:13,599 INFO utils.complier: analyse  formula:[]
2026-06-26 14:53:13,600 INFO utils.complier: analyse  formula:[]
2026-06-26 14:53:13,600 INFO utils.complier: analyse  formula:[{'type': 'PROC_VAR', 'value': '$RET'}]
2026-06-26 14:53:13,600 INFO utils.complier: analyse  formula:[]
2026-06-26 14:53:13,600 INFO utils.complier: analyse  formula:[{'type': 'VARIABLE', 'value': '{{ISU.AP_PERF_ISU_AP_BUSY}}'}]
2026-06-26 14:53:13,600 INFO utils.complier: analyse  formula:[]
2026-06-26 14:53:13,600 INFO utils.complier: analyse  formula:[]
2026-06-26 14:53:13,601 INFO utils.complier: analyse  formula:[{'type': 'VARIABLE', 'value': '{{ISU.AP_PERF_INST_TRANS_FP16}}'}, {'type': 'VARIABLE', 'value': '{{ISU.AP_PERF_INST_TRANS_FP32}}'}, {'type': 'VARIABLE', 'value': '{{ISU.AP_PERF_MTE_PI_SEG_SEL_F64}}'}, {'type': 'VARIABLE', 'value': '{{ISU.AP_PERF_INST_CYCLES_VALU_4CYCLES}}'}, {'type': 'VARIABLE', 'value': '{{ISU.AP_PERF_ISU_AP_BUSY}}'}]
2026-06-26 14:53:13,601 INFO utils.complier: analyse  formula:[]
2026-06-26 14:53:13,601 INFO utils.complier: analyse  formula:[]
2026-06-26 14:53:13,603 INFO utils.complier: analyse  formula:[{'type': 'PROC_VAR', 'value': '$ap_trans_real'}, {'type': 'PROC_VAR', 'value': '$ap_perf_inst_cycles_valu_real_16'}, {'type': 'PROC_VAR', 'value': '$ap_trans_real'}, {'type': 'PROC_VAR', 'value': '$ap_perf_inst_cycles_valu_real'}, {'type': 'PROC_VAR', 'value': '$ap_perf_inst_cycles_valu_real_16'}, {'type': 'PROC_VAR', 'value': '$RET'}, {'type': 'PROC_VAR', 'value': '$ap_perf_inst_cycles_valu_real'}]
2026-06-26 14:53:13,605 INFO utils.complier: analyse  formula:[]
2026-06-26 14:53:13,606 INFO utils.complier: analyse  formula:[{'type': 'VARIABLE', 'value': '{{ISU.AP_PERF_INST_TRANS_FP16}}'}, {'type': 'VARIABLE', 'value': '{{ISU.AP_PERF_INST_TRANS_FP32}}'}, {'type': 'VARIABLE', 'value': '{{ISU.AP_PERF_MTE_PI_SEG_SEL_F64}}'}, {'type': 'VARIABLE', 'value': '{{ISU.AP_PERF_INST_CYCLES_VALU_4CYCLES}}'}, {'type': 'VARIABLE', 'value': '{{ISU.AP_PERF_ISU_AP_BUSY}}'}]
2026-06-26 14:53:13,609 INFO utils.complier: analyse  formula:[]
2026-06-26 14:53:13,611 INFO utils.complier: analyse  formula:[]
2026-06-26 14:53:13,611 INFO utils.complier: analyse  formula:[{'type': 'VARIABLE', 'value': '{{ISU.AP_PERF_INSTS_SALU}}'}, {'type': 'VARIABLE', 'value': '{{ISU.AP_PERF_ISU_AP_BUSY}}'}]
2026-06-26 14:53:13,611 INFO utils.complier: analyse  formula:[]
2026-06-26 14:53:13,611 INFO utils.complier: analyse  formula:[]
2026-06-26 14:53:13,612 INFO utils.complier: analyse  formula:[{'type': 'PROC_VAR', 'value': '$RET'}]
2026-06-26 14:53:13,612 INFO utils.complier: analyse  formula:[]
2026-06-26 14:53:13,612 INFO utils.complier: analyse  formula:[{'type': 'VARIABLE', 'value': '{{ISU.AP_PERF_INSTS_SALU}}'}, {'type': 'VARIABLE', 'value': '{{ISU.AP_PERF_ISU_AP_BUSY}}'}]
2026-06-26 14:53:13,613 INFO utils.complier: analyse  formula:[]
2026-06-26 14:53:13,613 INFO utils.complier: analyse  formula:[]
2026-06-26 14:53:13,613 INFO utils.complier: analyse  formula:[{'type': 'VARIABLE', 'value': '{{ISU.AP_PERF_INST_CYCLES_MMA}}'}, {'type': 'VARIABLE', 'value': '{{ISU.AP_PERF_ISU_AP_BUSY}}'}]
2026-06-26 14:53:13,613 INFO utils.complier: analyse  formula:[]
2026-06-26 14:53:13,613 INFO utils.complier: analyse  formula:[]
2026-06-26 14:53:13,614 INFO utils.complier: analyse  formula:[{'type': 'PROC_VAR', 'value': '$RET'}]
2026-06-26 14:53:13,614 INFO utils.complier: analyse  formula:[]
2026-06-26 14:53:13,614 INFO utils.complier: analyse  formula:[{'type': 'VARIABLE', 'value': '{{ISU.AP_PERF_INST_CYCLES_MMA}}'}, {'type': 'VARIABLE', 'value': '{{ISU.AP_PERF_ISU_AP_BUSY}}'}]
2026-06-26 14:53:13,614 INFO utils.complier: analyse  formula:[]
2026-06-26 14:53:13,615 INFO utils.complier: analyse  formula:[]
2026-06-26 14:53:13,615 INFO utils.complier: analyse  formula:[{'type': 'VARIABLE', 'value': '{{VLS.PERFEVENT_VLS_ACTIVE}}'}, {'type': 'VARIABLE', 'value': '{{ISU.AP_PERF_ISU_AP_BUSY}}'}]
2026-06-26 14:53:13,615 INFO utils.complier: analyse  formula:[]
2026-06-26 14:53:13,615 INFO utils.complier: analyse  formula:[]
2026-06-26 14:53:13,615 INFO utils.complier: analyse  formula:[{'type': 'PROC_VAR', 'value': '$RET'}]
2026-06-26 14:53:13,616 INFO utils.complier: analyse  formula:[]
2026-06-26 14:53:13,616 INFO utils.complier: analyse  formula:[{'type': 'VARIABLE', 'value': '{{VLS.PERFEVENT_VLS_ACTIVE}}'}, {'type': 'VARIABLE', 'value': '{{ISU.AP_PERF_ISU_AP_BUSY}}'}]
2026-06-26 14:53:13,616 INFO utils.complier: analyse  formula:[]
2026-06-26 14:53:13,616 INFO utils.complier: analyse  formula:[]
2026-06-26 14:53:13,617 INFO utils.complier: analyse  formula:[{'type': 'VARIABLE', 'value': '{{L2C.perf_req}}'}, {'type': 'VARIABLE', 'value': '{{L2C.1_b1}}'}]
2026-06-26 14:53:13,617 INFO utils.complier: analyse  formula:[]
2026-06-26 14:53:13,617 INFO utils.complier: analyse  formula:[]
2026-06-26 14:53:13,617 INFO utils.complier: analyse  formula:[{'type': 'PROC_VAR', 'value': '$RET'}]
2026-06-26 14:53:13,617 INFO utils.complier: analyse  formula:[]
2026-06-26 14:53:13,617 INFO utils.complier: analyse  formula:[{'type': 'VARIABLE', 'value': '{{L2C.perf_req}}'}, {'type': 'VARIABLE', 'value': '{{L2C.1_b1}}'}]
2026-06-26 14:53:13,618 INFO utils.complier: analyse  formula:[]
2026-06-26 14:53:13,618 INFO utils.complier: analyse  formula:[]
2026-06-26 14:53:13,618 INFO utils.complier: analyse  formula:[{'type': 'VARIABLE', 'value': '{{ISU.AP_PERF_ISU_AP_BUSY}}'}]
2026-06-26 14:53:13,618 INFO utils.complier: analyse  formula:[]
2026-06-26 14:53:13,618 INFO utils.complier: analyse  formula:[{'type': 'PRE_VAR', 'value': '@total_instruction_num'}]
2026-06-26 14:53:13,619 INFO utils.complier: analyse  formula:[{'type': 'PROC_VAR', 'value': '$max_ap_cycle'}, {'type': 'PROC_VAR', 'value': '$RET'}, {'type': 'PROC_VAR', 'value': '$max_ap_cycle'}]
2026-06-26 14:53:13,619 INFO utils.complier: analyse  formula:[]
2026-06-26 14:53:13,620 INFO utils.complier: analyse  formula:[{'type': 'VARIABLE', 'value': '{{ISU.AP_PERF_ISU_AP_BUSY}}'}]
2026-06-26 14:53:13,620 INFO utils.complier: analyse  formula:[{'type': 'PRE_VAR', 'value': '@total_instruction_num'}]
2026-06-26 14:53:13,621 INFO utils.complier: analyse  formula:[]
2026-06-26 14:53:13,621 INFO utils.complier: analyse  formula:[{'type': 'VARIABLE_DICT', 'value': '{{{ISU.AP_PERF_INSTS_VALU}}}'}, {'type': 'VARIABLE', 'value': '{{ISU.AP_PERF_ISU_AP_BUSY}}'}]
2026-06-26 14:53:13,621 INFO utils.complier: analyse  formula:[]
2026-06-26 14:53:13,622 INFO utils.complier: analyse  formula:[{'type': 'PRE_VAR', 'value': '@total_instruction_num'}]
2026-06-26 14:53:13,622 INFO utils.complier: analyse  formula:[{'type': 'PROC_VAR', 'value': '$ap_num'}, {'type': 'PROC_VAR', 'value': '$max_ap_cycle'}, {'type': 'PROC_VAR', 'value': '$RET'}, {'type': 'PROC_VAR', 'value': '$max_ap_cycle'}, {'type': 'PROC_VAR', 'value': '$ap_num'}]
2026-06-26 14:53:13,628 INFO utils.complier: analyse  formula:[{'type': 'VARIABLE_DICT', 'value': '{{{ISU.AP_PERF_INSTS_VALU}}}'}]
2026-06-26 14:53:13,629 INFO utils.complier: analyse  formula:[{'type': 'VARIABLE', 'value': '{{ISU.AP_PERF_ISU_AP_BUSY}}'}]
2026-06-26 14:53:13,630 INFO utils.complier: analyse  formula:[{'type': 'PRE_VAR', 'value': '@total_instruction_num'}]
2026-06-26 14:53:13,631 INFO utils.complier: analyse  formula:[]
2026-06-26 14:53:13,632 INFO utils.complier: analyse  formula:[{'type': 'VARIABLE_DICT', 'value': '{{{ISU.AP_PERF_INSTS_VALU}}}'}, {'type': 'VARIABLE', 'value': '{{ISU.AP_PERF_ISU_AP_BUSY}}'}]
2026-06-26 14:53:13,632 INFO utils.complier: analyse  formula:[]
2026-06-26 14:53:13,632 INFO utils.complier: analyse  formula:[{'type': 'PRE_VAR', 'value': '@total_instruction_num'}]
2026-06-26 14:53:13,633 INFO utils.complier: analyse  formula:[{'type': 'PROC_VAR', 'value': '$ap_num'}, {'type': 'PROC_VAR', 'value': '$max_ap_cycle'}, {'type': 'PROC_VAR', 'value': '$RET'}, {'type': 'PROC_VAR', 'value': '$max_ap_cycle'}, {'type': 'PROC_VAR', 'value': '$ap_num'}]
2026-06-26 14:53:13,634 INFO utils.complier: analyse  formula:[{'type': 'VARIABLE_DICT', 'value': '{{{ISU.AP_PERF_INSTS_VALU}}}'}]
2026-06-26 14:53:13,635 INFO utils.complier: analyse  formula:[{'type': 'VARIABLE', 'value': '{{ISU.AP_PERF_ISU_AP_BUSY}}'}]
2026-06-26 14:53:13,636 INFO utils.complier: analyse  formula:[{'type': 'PRE_VAR', 'value': '@total_instruction_num'}]
2026-06-26 14:53:13,642 INFO utils.complier: analyse  formula:[]
2026-06-26 14:53:13,647 INFO utils.complier: analyse  formula:[{'type': 'VARIABLE', 'value': '{{ISU.AP_PERF_INSTS_VALU}}'}, {'type': 'VARIABLE', 'value': '{{ISU.AP_PERF_INSTS_MMA}}'}, {'type': 'VARIABLE', 'value': '{{ISU.AP_PERF_INSTS_SALU}}'}, {'type': 'VARIABLE', 'value': '{{ISU.AP_PERF_INSTS_GVM}}'}, {'type': 'VARIABLE', 'value': '{{ISU.AP_PERF_INSTS_BSM}}'}, {'type': 'VARIABLE', 'value': '{{ISU.AP_PERF_INSTS_LDU}}'}, {'type': 'VARIABLE', 'value': '{{ISU.AP_PERF_INST_MISC}}'}, {'type': 'VARIABLE', 'value': '{{ISU.AP_PERF_ISU_AP_BUSY}}'}]
2026-06-26 14:53:13,648 INFO utils.complier: analyse  formula:[]
2026-06-26 14:53:13,648 INFO utils.complier: analyse  formula:[]
2026-06-26 14:53:13,650 INFO utils.complier: analyse  formula:[{'type': 'PROC_VAR', 'value': '$RET'}, {'type': 'PROC_VAR', 'value': '$max_ap_cycle'}]
2026-06-26 14:53:13,651 INFO utils.complier: analyse  formula:[]
2026-06-26 14:53:13,651 INFO utils.complier: analyse  formula:[{'type': 'VARIABLE', 'value': '{{ISU.AP_PERF_INSTS_VALU}}'}, {'type': 'VARIABLE', 'value': '{{ISU.AP_PERF_INSTS_MMA}}'}, {'type': 'VARIABLE', 'value': '{{ISU.AP_PERF_INSTS_SALU}}'}, {'type': 'VARIABLE', 'value': '{{ISU.AP_PERF_INSTS_GVM}}'}, {'type': 'VARIABLE', 'value': '{{ISU.AP_PERF_INSTS_BSM}}'}, {'type': 'VARIABLE', 'value': '{{ISU.AP_PERF_INSTS_LDU}}'}, {'type': 'VARIABLE', 'value': '{{ISU.AP_PERF_INST_MISC}}'}, {'type': 'VARIABLE', 'value': '{{ISU.AP_PERF_ISU_AP_BUSY}}'}]
2026-06-26 14:53:13,652 INFO utils.complier: analyse  formula:[]
2026-06-26 14:53:13,658 INFO utils.complier: analyse  formula:[]
2026-06-26 14:53:13,659 INFO utils.complier: analyse  formula:[{'type': 'VARIABLE_DICT', 'value': '{{{ISU.AP_PERF_INSTS_VALU}}}'}, {'type': 'VARIABLE', 'value': '{{ISU.AP_PERF_INSTS_VALU}}'}, {'type': 'VARIABLE', 'value': '{{ISU.AP_PERF_INSTS_MMA}}'}, {'type': 'VARIABLE', 'value': '{{ISU.AP_PERF_INSTS_SALU}}'}, {'type': 'VARIABLE', 'value': '{{ISU.AP_PERF_INSTS_GVM}}'}, {'type': 'VARIABLE', 'value': '{{ISU.AP_PERF_INSTS_BSM}}'}, {'type': 'VARIABLE', 'value': '{{ISU.AP_PERF_INSTS_LDU}}'}, {'type': 'VARIABLE', 'value': '{{ISU.AP_PERF_INST_MISC}}'}, {'type': 'VARIABLE', 'value': '{{ISU.AP_PERF_ISU_AP_BUSY}}'}]
2026-06-26 14:53:13,659 INFO utils.complier: analyse  formula:[]
2026-06-26 14:53:13,660 INFO utils.complier: analyse  formula:[]
2026-06-26 14:53:13,662 INFO utils.complier: analyse  formula:[{'type': 'PROC_VAR', 'value': '$ap_num'}, {'type': 'PROC_VAR', 'value': '$Total_Num'}, {'type': 'PROC_VAR', 'value': '$max_ap_cycle'}, {'type': 'PROC_VAR', 'value': '$RET'}, {'type': 'PROC_VAR', 'value': '$Total_Num'}, {'type': 'PROC_VAR', 'value': '$ap_num'}]
2026-06-26 14:53:13,668 INFO utils.complier: analyse  formula:[{'type': 'VARIABLE_DICT', 'value': '{{{ISU.AP_PERF_INSTS_VALU}}}'}]
2026-06-26 14:53:13,674 INFO utils.complier: analyse  formula:[{'type': 'VARIABLE', 'value': '{{ISU.AP_PERF_INSTS_VALU}}'}, {'type': 'VARIABLE', 'value': '{{ISU.AP_PERF_INSTS_MMA}}'}, {'type': 'VARIABLE', 'value': '{{ISU.AP_PERF_INSTS_SALU}}'}, {'type': 'VARIABLE', 'value': '{{ISU.AP_PERF_INSTS_GVM}}'}, {'type': 'VARIABLE', 'value': '{{ISU.AP_PERF_INSTS_BSM}}'}, {'type': 'VARIABLE', 'value': '{{ISU.AP_PERF_INSTS_LDU}}'}, {'type': 'VARIABLE', 'value': '{{ISU.AP_PERF_INST_MISC}}'}, {'type': 'VARIABLE', 'value': '{{ISU.AP_PERF_ISU_AP_BUSY}}'}]
2026-06-26 14:53:13,676 INFO utils.complier: analyse  formula:[]
2026-06-26 14:53:13,677 INFO utils.complier: analyse  formula:[]
2026-06-26 14:53:13,680 INFO utils.complier: analyse  formula:[{'type': 'VARIABLE', 'value': '{{ISU.AP_PERF_INSTS_VALU}}'}, {'type': 'VARIABLE', 'value': '{{ISU.AP_PERF_INST_FMA_F32}}'}, {'type': 'VARIABLE', 'value': '{{ISU.AP_PERF_INST_FMA_F64}}'}, {'type': 'VARIABLE', 'value': '{{ISU.AP_PERF_INST_TRANS_FP16}}'}, {'type': 'VARIABLE', 'value': '{{ISU.AP_PERF_INST_TRANS_FP32}}'}, {'type': 'VARIABLE', 'value': '{{ISU.AP_PERF_MTE_PI_SEG_SEL_F64}}'}, {'type': 'VARIABLE', 'value': '{{ISU.AP_PERF_MTE_PI_SEG_SEL_F64}}'}, {'type': 'VARIABLE', 'value': '{{ISU.AP_PERF_INST_FMA_F32}}'}, {'type': 'VARIABLE', 'value': '{{ISU.AP_PERF_INST_FMA_F64}}'}, {'type': 'VARIABLE', 'value': '{{ISU.AP_PERF_INST_TRANS_FP16}}'}, {'type': 'VARIABLE', 'value': '{{ISU.AP_PERF_INST_TRANS_FP32}}'}, {'type': 'VARIABLE', 'value': '{{ISU.AP_PERF_INST_MMA_INT8}}'}, {'type': 'VARIABLE', 'value': '{{ISU.AP_PERF_INST_MMA_FP16}}'}, {'type': 'VARIABLE', 'value': '{{ISU.AP_PERF_INST_MMA_BF16}}'}, {'type': 'VARIABLE', 'value': '{{ISU.AP_PERF_INST_MMA_TF32}}'}, {'type': 'VARIABLE', 'value': '{{ISU.AP_PERF_INST_MMA_F32}}'}, {'type': 'VARIABLE', 'value': '{{ISU.AP_PERF_INST_MMA_F64}}'}, {'type': 'VARIABLE', 'value': '{{ISU.AP_PERF_INST_MMA_TF64}}'}, {'type': 'VARIABLE', 'value': '{{L2C.perf_dnoc_rdreq_32B}}'}, {'type': 'VARIABLE', 'value': '{{L2C.perf_dnoc_rdreq_64B}}'}, {'type': 'VARIABLE', 'value': '{{L2C.perf_dnoc_rdreq_128B}}'}, {'type': 'VARIABLE', 'value': '{{L2C.perf_dnoc_wrreq_32B_low}}'}, {'type': 'VARIABLE', 'value': '{{L2C.perf_dnoc_wrreq_32B_high}}'}, {'type': 'VARIABLE', 'value': '{{L2C.perf_dnoc_wrreq_64B}}'}, {'type': 'VARIABLE', 'value': '{{L2C.perf_dnoc_wrreq_128B}}'}, {'type': 'VARIABLE', 'value': '{{VL1.p_perf_thread_req_cnt}}'}, {'type': 'VARIABLE', 'value': '{{VL1.perf_inflt_rd_req}}'}, {'type': 'VARIABLE', 'value': '{{ISU.AP_PERF_ISU_AP_BUSY}}'}, {'type': 'VARIABLE_DICT', 'value': '{{{ISU.AP_PERF_ISU_AP_BUSY}}}'}]
2026-06-26 14:53:13,683 INFO utils.complier: analyse  formula:[]
2026-06-26 14:53:13,686 INFO utils.complier: analyse  formula:[]
2026-06-26 14:53:13,698 INFO utils.complier: analyse  formula:[{'type': 'PROC_VAR', 'value': '$valu_inst_all'}, {'type': 'PROC_VAR', 'value': '$valu_64'}, {'type': 'PROC_VAR', 'value': '$valu_inst_all'}, {'type': 'PROC_VAR', 'value': '$fma_128'}, {'type': 'PROC_VAR', 'value': '$trans_16'}, {'type': 'PROC_VAR', 'value': '$mma_4k'}, {'type': 'PROC_VAR', 'value': '$mma_2k'}, {'type': 'PROC_VAR', 'value': '$mma_1k'}, {'type': 'PROC_VAR', 'value': '$mma_256'}, {'type': 'PROC_VAR', 'value': '$all_ops'}, {'type': 'PROC_VAR', 'value': '$fma_128'}, {'type': 'PROC_VAR', 'value': '$trans_16'}, {'type': 'PROC_VAR', 'value': '$mma_4k'}, {'type': 'PROC_VAR', 'value': '$mma_2k'}, {'type': 'PROC_VAR', 'value': '$mma_1k'}, {'type': 'PROC_VAR', 'value': '$mma_256'}, {'type': 'PROC_VAR', 'value': '$valu_64'}, {'type': 'PROC_VAR', 'value': '$all_memacs'}, {'type': 'PROC_VAR', 'value': '$vl1_memacs'}, {'type': 'PROC_VAR', 'value': '$l2c_memacs'}, {'type': 'PROC_VAR', 'value': '$during'}, {'type': 'PROC_VAR', 'value': '$ap_num'}, {'type': 'PROC_VAR', 'value': '$RET'}, {'type': 'PROC_VAR', 'value': '$all_ops'}, {'type': 'PROC_VAR', 'value': '$all_memacs'}, {'type': 'PROC_VAR', 'value': '$during'}, {'type': 'PROC_VAR', 'value': '$ap_num'}, {'type': 'PROC_VAR', 'value': '$vl1_memacs'}, {'type': 'PROC_VAR', 'value': '$l2c_memacs'}]
2026-06-26 14:53:13,714 INFO utils.complier: analyse  formula:[{'type': 'VARIABLE_DICT', 'value': '{{{ISU.AP_PERF_ISU_AP_BUSY}}}'}]
2026-06-26 14:53:13,730 INFO utils.complier: analyse  formula:[{'type': 'VARIABLE', 'value': '{{ISU.AP_PERF_INSTS_VALU}}'}, {'type': 'VARIABLE', 'value': '{{ISU.AP_PERF_INST_FMA_F32}}'}, {'type': 'VARIABLE', 'value': '{{ISU.AP_PERF_INST_FMA_F64}}'}, {'type': 'VARIABLE', 'value': '{{ISU.AP_PERF_INST_TRANS_FP16}}'}, {'type': 'VARIABLE', 'value': '{{ISU.AP_PERF_INST_TRANS_FP32}}'}, {'type': 'VARIABLE', 'value': '{{ISU.AP_PERF_MTE_PI_SEG_SEL_F64}}'}, {'type': 'VARIABLE', 'value': '{{ISU.AP_PERF_MTE_PI_SEG_SEL_F64}}'}, {'type': 'VARIABLE', 'value': '{{ISU.AP_PERF_INST_FMA_F32}}'}, {'type': 'VARIABLE', 'value': '{{ISU.AP_PERF_INST_FMA_F64}}'}, {'type': 'VARIABLE', 'value': '{{ISU.AP_PERF_INST_TRANS_FP16}}'}, {'type': 'VARIABLE', 'value': '{{ISU.AP_PERF_INST_TRANS_FP32}}'}, {'type': 'VARIABLE', 'value': '{{ISU.AP_PERF_INST_MMA_INT8}}'}, {'type': 'VARIABLE', 'value': '{{ISU.AP_PERF_INST_MMA_FP16}}'}, {'type': 'VARIABLE', 'value': '{{ISU.AP_PERF_INST_MMA_BF16}}'}, {'type': 'VARIABLE', 'value': '{{ISU.AP_PERF_INST_MMA_TF32}}'}, {'type': 'VARIABLE', 'value': '{{ISU.AP_PERF_INST_MMA_F32}}'}, {'type': 'VARIABLE', 'value': '{{ISU.AP_PERF_INST_MMA_F64}}'}, {'type': 'VARIABLE', 'value': '{{ISU.AP_PERF_INST_MMA_TF64}}'}, {'type': 'VARIABLE', 'value': '{{L2C.perf_dnoc_rdreq_32B}}'}, {'type': 'VARIABLE', 'value': '{{L2C.perf_dnoc_rdreq_64B}}'}, {'type': 'VARIABLE', 'value': '{{L2C.perf_dnoc_rdreq_128B}}'}, {'type': 'VARIABLE', 'value': '{{L2C.perf_dnoc_wrreq_32B_low}}'}, {'type': 'VARIABLE', 'value': '{{L2C.perf_dnoc_wrreq_32B_high}}'}, {'type': 'VARIABLE', 'value': '{{L2C.perf_dnoc_wrreq_64B}}'}, {'type': 'VARIABLE', 'value': '{{L2C.perf_dnoc_wrreq_128B}}'}, {'type': 'VARIABLE', 'value': '{{VL1.p_perf_thread_req_cnt}}'}, {'type': 'VARIABLE', 'value': '{{VL1.perf_inflt_rd_req}}'}, {'type': 'VARIABLE', 'value': '{{ISU.AP_PERF_ISU_AP_BUSY}}'}]
2026-06-26 14:53:13,741 INFO utils.complier: analyse  formula:[]
2026-06-26 14:53:13,749 INFO utils.complier: analyse  formula:[]
2026-06-26 14:53:13,802 DEBUG matplotlib.ticker: vmin 1e-05 vmax 13487.104010777435
2026-06-26 14:53:13,802 DEBUG matplotlib.ticker: ticklocs array([], dtype=float64)
2026-06-26 14:53:13,804 DEBUG matplotlib.font_manager: findfont: Matching STIXGeneral:style=normal:variant=normal:weight=normal:stretch=normal:size=10.0.
2026-06-26 14:53:13,804 DEBUG matplotlib.font_manager: findfont: score(<Font 'STIXSizeFourSym' (STIXSizFourSymBol.ttf) normal normal 700 normal>) = 10.335
2026-06-26 14:53:13,804 DEBUG matplotlib.font_manager: findfont: score(<Font 'DejaVu Sans Mono' (DejaVuSansMono-BoldOblique.ttf) oblique normal 700 normal>) = 11.335
2026-06-26 14:53:13,804 DEBUG matplotlib.font_manager: findfont: score(<Font 'STIXSizeOneSym' (STIXSizOneSymBol.ttf) normal normal 700 normal>) = 10.335
2026-06-26 14:53:13,804 DEBUG matplotlib.font_manager: findfont: score(<Font 'DejaVu Serif' (DejaVuSerif-BoldItalic.ttf) italic normal 700 normal>) = 11.335
2026-06-26 14:53:13,805 DEBUG matplotlib.font_manager: findfont: score(<Font 'STIXSizeThreeSym' (STIXSizThreeSymReg.ttf) normal normal 400 normal>) = 10.05
2026-06-26 14:53:13,805 DEBUG matplotlib.font_manager: findfont: score(<Font 'cmtt10' (cmtt10.ttf) normal normal 400 normal>) = 10.05
2026-06-26 14:53:13,805 DEBUG matplotlib.font_manager: findfont: score(<Font 'STIXSizeTwoSym' (STIXSizTwoSymBol.ttf) normal normal 700 normal>) = 10.335
2026-06-26 14:53:13,805 DEBUG matplotlib.font_manager: findfont: score(<Font 'STIXSizeTwoSym' (STIXSizTwoSymReg.ttf) normal normal 400 normal>) = 10.05
2026-06-26 14:53:13,805 DEBUG matplotlib.font_manager: findfont: score(<Font 'DejaVu Serif Display' (DejaVuSerifDisplay.ttf) normal normal 400 normal>) = 10.05
2026-06-26 14:53:13,805 DEBUG matplotlib.font_manager: findfont: score(<Font 'DejaVu Sans' (DejaVuSans-Bold.ttf) normal normal 700 normal>) = 10.335
2026-06-26 14:53:13,805 DEBUG matplotlib.font_manager: findfont: score(<Font 'cmex10' (cmex10.ttf) normal normal 400 normal>) = 10.05
2026-06-26 14:53:13,805 DEBUG matplotlib.font_manager: findfont: score(<Font 'STIXNonUnicode' (STIXNonUniBolIta.ttf) italic normal 700 normal>) = 11.335
2026-06-26 14:53:13,805 DEBUG matplotlib.font_manager: findfont: score(<Font 'STIXGeneral' (STIXGeneralBolIta.ttf) italic normal 700 normal>) = 1.335
2026-06-26 14:53:13,805 DEBUG matplotlib.font_manager: findfont: score(<Font 'DejaVu Serif' (DejaVuSerif-Bold.ttf) normal normal 700 normal>) = 10.335
2026-06-26 14:53:13,805 DEBUG matplotlib.font_manager: findfont: score(<Font 'DejaVu Serif' (DejaVuSerif-Italic.ttf) italic normal 400 normal>) = 11.05
2026-06-26 14:53:13,805 DEBUG matplotlib.font_manager: findfont: score(<Font 'DejaVu Serif' (DejaVuSerif.ttf) normal normal 400 normal>) = 10.05
2026-06-26 14:53:13,805 DEBUG matplotlib.font_manager: findfont: score(<Font 'cmr10' (cmr10.ttf) normal normal 400 normal>) = 10.05
2026-06-26 14:53:13,805 DEBUG matplotlib.font_manager: findfont: score(<Font 'DejaVu Sans' (DejaVuSans-Oblique.ttf) oblique normal 400 normal>) = 11.05
2026-06-26 14:53:13,805 DEBUG matplotlib.font_manager: findfont: score(<Font 'DejaVu Sans Mono' (DejaVuSansMono-Oblique.ttf) oblique normal 400 normal>) = 11.05
2026-06-26 14:53:13,805 DEBUG matplotlib.font_manager: findfont: score(<Font 'DejaVu Sans Mono' (DejaVuSansMono-Bold.ttf) normal normal 700 normal>) = 10.335
2026-06-26 14:53:13,805 DEBUG matplotlib.font_manager: findfont: score(<Font 'STIXGeneral' (STIXGeneralItalic.ttf) italic normal 400 normal>) = 1.05
2026-06-26 14:53:13,805 DEBUG matplotlib.font_manager: findfont: score(<Font 'STIXSizeThreeSym' (STIXSizThreeSymBol.ttf) normal normal 700 normal>) = 10.335
2026-06-26 14:53:13,805 DEBUG matplotlib.font_manager: findfont: score(<Font 'STIXGeneral' (STIXGeneralBol.ttf) normal normal 700 normal>) = 0.33499999999999996
2026-06-26 14:53:13,805 DEBUG matplotlib.font_manager: findfont: score(<Font 'DejaVu Sans' (DejaVuSans-BoldOblique.ttf) oblique normal 700 normal>) = 11.335
2026-06-26 14:53:13,805 DEBUG matplotlib.font_manager: findfont: score(<Font 'STIXSizeFiveSym' (STIXSizFiveSymReg.ttf) normal normal 400 normal>) = 10.05
2026-06-26 14:53:13,805 DEBUG matplotlib.font_manager: findfont: score(<Font 'DejaVu Sans' (DejaVuSans.ttf) normal normal 400 normal>) = 10.05
2026-06-26 14:53:13,805 DEBUG matplotlib.font_manager: findfont: score(<Font 'cmsy10' (cmsy10.ttf) normal normal 400 normal>) = 10.05
2026-06-26 14:53:13,805 DEBUG matplotlib.font_manager: findfont: score(<Font 'STIXNonUnicode' (STIXNonUni.ttf) normal normal 400 normal>) = 10.05
2026-06-26 14:53:13,805 DEBUG matplotlib.font_manager: findfont: score(<Font 'DejaVu Sans Mono' (DejaVuSansMono.ttf) normal normal 400 normal>) = 10.05
2026-06-26 14:53:13,805 DEBUG matplotlib.font_manager: findfont: score(<Font 'DejaVu Sans Display' (DejaVuSansDisplay.ttf) normal normal 400 normal>) = 10.05
2026-06-26 14:53:13,805 DEBUG matplotlib.font_manager: findfont: score(<Font 'cmss10' (cmss10.ttf) normal normal 400 normal>) = 10.05
2026-06-26 14:53:13,805 DEBUG matplotlib.font_manager: findfont: score(<Font 'STIXNonUnicode' (STIXNonUniBol.ttf) normal normal 700 normal>) = 10.335
2026-06-26 14:53:13,805 DEBUG matplotlib.font_manager: findfont: score(<Font 'cmb10' (cmb10.ttf) normal normal 400 normal>) = 10.05
2026-06-26 14:53:13,805 DEBUG matplotlib.font_manager: findfont: score(<Font 'cmmi10' (cmmi10.ttf) normal normal 400 normal>) = 10.05
2026-06-26 14:53:13,805 DEBUG matplotlib.font_manager: findfont: score(<Font 'STIXSizeOneSym' (STIXSizOneSymReg.ttf) normal normal 400 normal>) = 10.05
2026-06-26 14:53:13,805 DEBUG matplotlib.font_manager: findfont: score(<Font 'STIXSizeFourSym' (STIXSizFourSymReg.ttf) normal normal 400 normal>) = 10.05
2026-06-26 14:53:13,805 DEBUG matplotlib.font_manager: findfont: score(<Font 'STIXGeneral' (STIXGeneral.ttf) normal normal 400 normal>) = 0.05
2026-06-26 14:53:13,806 DEBUG matplotlib.font_manager: findfont: score(<Font 'STIXNonUnicode' (STIXNonUniIta.ttf) italic normal 400 normal>) = 11.05
2026-06-26 14:53:13,806 DEBUG matplotlib.font_manager: findfont: score(<Font 'DejaVu Serif' (DejaVuSerif-Bold.ttf) normal normal 700 normal>) = 10.335
2026-06-26 14:53:13,806 DEBUG matplotlib.font_manager: findfont: score(<Font 'DejaVu Sans Mono' (DejaVuSansMono-Bold.ttf) normal normal 700 normal>) = 10.335
2026-06-26 14:53:13,806 DEBUG matplotlib.font_manager: findfont: score(<Font 'DejaVu Serif' (DejaVuSerif.ttf) normal normal 400 normal>) = 10.05
2026-06-26 14:53:13,806 DEBUG matplotlib.font_manager: findfont: score(<Font 'DejaVu Sans' (DejaVuSans-Bold.ttf) normal normal 700 normal>) = 10.335
2026-06-26 14:53:13,806 DEBUG matplotlib.font_manager: findfont: score(<Font 'DejaVu Sans Mono' (DejaVuSansMono.ttf) normal normal 400 normal>) = 10.05
2026-06-26 14:53:13,806 DEBUG matplotlib.font_manager: findfont: score(<Font 'DejaVu Sans' (DejaVuSans.ttf) normal normal 400 normal>) = 10.05
2026-06-26 14:53:13,806 DEBUG matplotlib.font_manager: findfont: Matching STIXGeneral:style=normal:variant=normal:weight=normal:stretch=normal:size=10.0 to STIXGeneral ('/tmp/_MEIF0qp76/matplotlib/mpl-data/fonts/ttf/STIXGeneral.ttf') with score of 0.050000.
2026-06-26 14:53:13,806 DEBUG matplotlib.font_manager: findfont: Matching STIXGeneral:style=italic:variant=normal:weight=normal:stretch=normal:size=10.0.
2026-06-26 14:53:13,806 DEBUG matplotlib.font_manager: findfont: score(<Font 'STIXSizeFourSym' (STIXSizFourSymBol.ttf) normal normal 700 normal>) = 11.335
2026-06-26 14:53:13,806 DEBUG matplotlib.font_manager: findfont: score(<Font 'DejaVu Sans Mono' (DejaVuSansMono-BoldOblique.ttf) oblique normal 700 normal>) = 10.434999999999999
2026-06-26 14:53:13,806 DEBUG matplotlib.font_manager: findfont: score(<Font 'STIXSizeOneSym' (STIXSizOneSymBol.ttf) normal normal 700 normal>) = 11.335
2026-06-26 14:53:13,806 DEBUG matplotlib.font_manager: findfont: score(<Font 'DejaVu Serif' (DejaVuSerif-BoldItalic.ttf) italic normal 700 normal>) = 10.335
2026-06-26 14:53:13,806 DEBUG matplotlib.font_manager: findfont: score(<Font 'STIXSizeThreeSym' (STIXSizThreeSymReg.ttf) normal normal 400 normal>) = 11.05
2026-06-26 14:53:13,806 DEBUG matplotlib.font_manager: findfont: score(<Font 'cmtt10' (cmtt10.ttf) normal normal 400 normal>) = 11.05
2026-06-26 14:53:13,806 DEBUG matplotlib.font_manager: findfont: score(<Font 'STIXSizeTwoSym' (STIXSizTwoSymBol.ttf) normal normal 700 normal>) = 11.335
2026-06-26 14:53:13,806 DEBUG matplotlib.font_manager: findfont: score(<Font 'STIXSizeTwoSym' (STIXSizTwoSymReg.ttf) normal normal 400 normal>) = 11.05
2026-06-26 14:53:13,806 DEBUG matplotlib.font_manager: findfont: score(<Font 'DejaVu Serif Display' (DejaVuSerifDisplay.ttf) normal normal 400 normal>) = 11.05
2026-06-26 14:53:13,807 DEBUG matplotlib.font_manager: findfont: score(<Font 'DejaVu Sans' (DejaVuSans-Bold.ttf) normal normal 700 normal>) = 11.335
2026-06-26 14:53:13,807 DEBUG matplotlib.font_manager: findfont: score(<Font 'cmex10' (cmex10.ttf) normal normal 400 normal>) = 11.05
2026-06-26 14:53:13,807 DEBUG matplotlib.font_manager: findfont: score(<Font 'STIXNonUnicode' (STIXNonUniBolIta.ttf) italic normal 700 normal>) = 10.335
2026-06-26 14:53:13,807 DEBUG matplotlib.font_manager: findfont: score(<Font 'STIXGeneral' (STIXGeneralBolIta.ttf) italic normal 700 normal>) = 0.33499999999999996
2026-06-26 14:53:13,807 DEBUG matplotlib.font_manager: findfont: score(<Font 'DejaVu Serif' (DejaVuSerif-Bold.ttf) normal normal 700 normal>) = 11.335
2026-06-26 14:53:13,807 DEBUG matplotlib.font_manager: findfont: score(<Font 'DejaVu Serif' (DejaVuSerif-Italic.ttf) italic normal 400 normal>) = 10.05
2026-06-26 14:53:13,807 DEBUG matplotlib.font_manager: findfont: score(<Font 'DejaVu Serif' (DejaVuSerif.ttf) normal normal 400 normal>) = 11.05
2026-06-26 14:53:13,807 DEBUG matplotlib.font_manager: findfont: score(<Font 'cmr10' (cmr10.ttf) normal normal 400 normal>) = 11.05
2026-06-26 14:53:13,807 DEBUG matplotlib.font_manager: findfont: score(<Font 'DejaVu Sans' (DejaVuSans-Oblique.ttf) oblique normal 400 normal>) = 10.15
2026-06-26 14:53:13,807 DEBUG matplotlib.font_manager: findfont: score(<Font 'DejaVu Sans Mono' (DejaVuSansMono-Oblique.ttf) oblique normal 400 normal>) = 10.15
2026-06-26 14:53:13,807 DEBUG matplotlib.font_manager: findfont: score(<Font 'DejaVu Sans Mono' (DejaVuSansMono-Bold.ttf) normal normal 700 normal>) = 11.335
2026-06-26 14:53:13,807 DEBUG matplotlib.font_manager: findfont: score(<Font 'STIXGeneral' (STIXGeneralItalic.ttf) italic normal 400 normal>) = 0.05
2026-06-26 14:53:13,807 DEBUG matplotlib.font_manager: findfont: score(<Font 'STIXSizeThreeSym' (STIXSizThreeSymBol.ttf) normal normal 700 normal>) = 11.335
2026-06-26 14:53:13,807 DEBUG matplotlib.font_manager: findfont: score(<Font 'STIXGeneral' (STIXGeneralBol.ttf) normal normal 700 normal>) = 1.335
2026-06-26 14:53:13,807 DEBUG matplotlib.font_manager: findfont: score(<Font 'DejaVu Sans' (DejaVuSans-BoldOblique.ttf) oblique normal 700 normal>) = 10.434999999999999
2026-06-26 14:53:13,807 DEBUG matplotlib.font_manager: findfont: score(<Font 'STIXSizeFiveSym' (STIXSizFiveSymReg.ttf) normal normal 400 normal>) = 11.05
2026-06-26 14:53:13,807 DEBUG matplotlib.font_manager: findfont: score(<Font 'DejaVu Sans' (DejaVuSans.ttf) normal normal 400 normal>) = 11.05
2026-06-26 14:53:13,807 DEBUG matplotlib.font_manager: findfont: score(<Font 'cmsy10' (cmsy10.ttf) normal normal 400 normal>) = 11.05
2026-06-26 14:53:13,807 DEBUG matplotlib.font_manager: findfont: score(<Font 'STIXNonUnicode' (STIXNonUni.ttf) normal normal 400 normal>) = 11.05
2026-06-26 14:53:13,807 DEBUG matplotlib.font_manager: findfont: score(<Font 'DejaVu Sans Mono' (DejaVuSansMono.ttf) normal normal 400 normal>) = 11.05
2026-06-26 14:53:13,807 DEBUG matplotlib.font_manager: findfont: score(<Font 'DejaVu Sans Display' (DejaVuSansDisplay.ttf) normal normal 400 normal>) = 11.05
2026-06-26 14:53:13,807 DEBUG matplotlib.font_manager: findfont: score(<Font 'cmss10' (cmss10.ttf) normal normal 400 normal>) = 11.05
2026-06-26 14:53:13,807 DEBUG matplotlib.font_manager: findfont: score(<Font 'STIXNonUnicode' (STIXNonUniBol.ttf) normal normal 700 normal>) = 11.335
2026-06-26 14:53:13,807 DEBUG matplotlib.font_manager: findfont: score(<Font 'cmb10' (cmb10.ttf) normal normal 400 normal>) = 11.05
2026-06-26 14:53:13,807 DEBUG matplotlib.font_manager: findfont: score(<Font 'cmmi10' (cmmi10.ttf) normal normal 400 normal>) = 11.05
2026-06-26 14:53:13,807 DEBUG matplotlib.font_manager: findfont: score(<Font 'STIXSizeOneSym' (STIXSizOneSymReg.ttf) normal normal 400 normal>) = 11.05
2026-06-26 14:53:13,807 DEBUG matplotlib.font_manager: findfont: score(<Font 'STIXSizeFourSym' (STIXSizFourSymReg.ttf) normal normal 400 normal>) = 11.05
2026-06-26 14:53:13,807 DEBUG matplotlib.font_manager: findfont: score(<Font 'STIXGeneral' (STIXGeneral.ttf) normal normal 400 normal>) = 1.05
2026-06-26 14:53:13,807 DEBUG matplotlib.font_manager: findfont: score(<Font 'STIXNonUnicode' (STIXNonUniIta.ttf) italic normal 400 normal>) = 10.05
2026-06-26 14:53:13,807 DEBUG matplotlib.font_manager: findfont: score(<Font 'DejaVu Serif' (DejaVuSerif-Bold.ttf) normal normal 700 normal>) = 11.335
2026-06-26 14:53:13,807 DEBUG matplotlib.font_manager: findfont: score(<Font 'DejaVu Sans Mono' (DejaVuSansMono-Bold.ttf) normal normal 700 normal>) = 11.335
2026-06-26 14:53:13,807 DEBUG matplotlib.font_manager: findfont: score(<Font 'DejaVu Serif' (DejaVuSerif.ttf) normal normal 400 normal>) = 11.05
2026-06-26 14:53:13,807 DEBUG matplotlib.font_manager: findfont: score(<Font 'DejaVu Sans' (DejaVuSans-Bold.ttf) normal normal 700 normal>) = 11.335
2026-06-26 14:53:13,808 DEBUG matplotlib.font_manager: findfont: score(<Font 'DejaVu Sans Mono' (DejaVuSansMono.ttf) normal normal 400 normal>) = 11.05
2026-06-26 14:53:13,808 DEBUG matplotlib.font_manager: findfont: score(<Font 'DejaVu Sans' (DejaVuSans.ttf) normal normal 400 normal>) = 11.05
2026-06-26 14:53:13,808 DEBUG matplotlib.font_manager: findfont: Matching STIXGeneral:style=italic:variant=normal:weight=normal:stretch=normal:size=10.0 to STIXGeneral ('/tmp/_MEIF0qp76/matplotlib/mpl-data/fonts/ttf/STIXGeneralItalic.ttf') with score of 0.050000.
2026-06-26 14:53:13,808 DEBUG matplotlib.font_manager: findfont: Matching STIXGeneral:style=normal:variant=normal:weight=bold:stretch=normal:size=10.0.
2026-06-26 14:53:13,808 DEBUG matplotlib.font_manager: findfont: score(<Font 'STIXSizeFourSym' (STIXSizFourSymBol.ttf) normal normal 700 normal>) = 10.05
2026-06-26 14:53:13,809 DEBUG matplotlib.font_manager: findfont: score(<Font 'DejaVu Sans Mono' (DejaVuSansMono-BoldOblique.ttf) oblique normal 700 normal>) = 11.05
2026-06-26 14:53:13,809 DEBUG matplotlib.font_manager: findfont: score(<Font 'STIXSizeOneSym' (STIXSizOneSymBol.ttf) normal normal 700 normal>) = 10.05
2026-06-26 14:53:13,809 DEBUG matplotlib.font_manager: findfont: score(<Font 'DejaVu Serif' (DejaVuSerif-BoldItalic.ttf) italic normal 700 normal>) = 11.05
2026-06-26 14:53:13,809 DEBUG matplotlib.font_manager: findfont: score(<Font 'STIXSizeThreeSym' (STIXSizThreeSymReg.ttf) normal normal 400 normal>) = 10.335
2026-06-26 14:53:13,809 DEBUG matplotlib.font_manager: findfont: score(<Font 'cmtt10' (cmtt10.ttf) normal normal 400 normal>) = 10.335
2026-06-26 14:53:13,809 DEBUG matplotlib.font_manager: findfont: score(<Font 'STIXSizeTwoSym' (STIXSizTwoSymBol.ttf) normal normal 700 normal>) = 10.05
2026-06-26 14:53:13,809 DEBUG matplotlib.font_manager: findfont: score(<Font 'STIXSizeTwoSym' (STIXSizTwoSymReg.ttf) normal normal 400 normal>) = 10.335
2026-06-26 14:53:13,809 DEBUG matplotlib.font_manager: findfont: score(<Font 'DejaVu Serif Display' (DejaVuSerifDisplay.ttf) normal normal 400 normal>) = 10.335
2026-06-26 14:53:13,809 DEBUG matplotlib.font_manager: findfont: score(<Font 'DejaVu Sans' (DejaVuSans-Bold.ttf) normal normal 700 normal>) = 10.05
2026-06-26 14:53:13,809 DEBUG matplotlib.font_manager: findfont: score(<Font 'cmex10' (cmex10.ttf) normal normal 400 normal>) = 10.335
2026-06-26 14:53:13,809 DEBUG matplotlib.font_manager: findfont: score(<Font 'STIXNonUnicode' (STIXNonUniBolIta.ttf) italic normal 700 normal>) = 11.05
2026-06-26 14:53:13,809 DEBUG matplotlib.font_manager: findfont: score(<Font 'STIXGeneral' (STIXGeneralBolIta.ttf) italic normal 700 normal>) = 1.05
2026-06-26 14:53:13,809 DEBUG matplotlib.font_manager: findfont: score(<Font 'DejaVu Serif' (DejaVuSerif-Bold.ttf) normal normal 700 normal>) = 10.05
2026-06-26 14:53:13,809 DEBUG matplotlib.font_manager: findfont: score(<Font 'DejaVu Serif' (DejaVuSerif-Italic.ttf) italic normal 400 normal>) = 11.335
2026-06-26 14:53:13,809 DEBUG matplotlib.font_manager: findfont: score(<Font 'DejaVu Serif' (DejaVuSerif.ttf) normal normal 400 normal>) = 10.335
2026-06-26 14:53:13,809 DEBUG matplotlib.font_manager: findfont: score(<Font 'cmr10' (cmr10.ttf) normal normal 400 normal>) = 10.335
2026-06-26 14:53:13,809 DEBUG matplotlib.font_manager: findfont: score(<Font 'DejaVu Sans' (DejaVuSans-Oblique.ttf) oblique normal 400 normal>) = 11.335
2026-06-26 14:53:13,809 DEBUG matplotlib.font_manager: findfont: score(<Font 'DejaVu Sans Mono' (DejaVuSansMono-Oblique.ttf) oblique normal 400 normal>) = 11.335
2026-06-26 14:53:13,809 DEBUG matplotlib.font_manager: findfont: score(<Font 'DejaVu Sans Mono' (DejaVuSansMono-Bold.ttf) normal normal 700 normal>) = 10.05
2026-06-26 14:53:13,809 DEBUG matplotlib.font_manager: findfont: score(<Font 'STIXGeneral' (STIXGeneralItalic.ttf) italic normal 400 normal>) = 1.335
2026-06-26 14:53:13,809 DEBUG matplotlib.font_manager: findfont: score(<Font 'STIXSizeThreeSym' (STIXSizThreeSymBol.ttf) normal normal 700 normal>) = 10.05
2026-06-26 14:53:13,809 DEBUG matplotlib.font_manager: findfont: score(<Font 'STIXGeneral' (STIXGeneralBol.ttf) normal normal 700 normal>) = 0.05
2026-06-26 14:53:13,809 DEBUG matplotlib.font_manager: findfont: score(<Font 'DejaVu Sans' (DejaVuSans-BoldOblique.ttf) oblique normal 700 normal>) = 11.05
2026-06-26 14:53:13,809 DEBUG matplotlib.font_manager: findfont: score(<Font 'STIXSizeFiveSym' (STIXSizFiveSymReg.ttf) normal normal 400 normal>) = 10.335
2026-06-26 14:53:13,809 DEBUG matplotlib.font_manager: findfont: score(<Font 'DejaVu Sans' (DejaVuSans.ttf) normal normal 400 normal>) = 10.335
2026-06-26 14:53:13,809 DEBUG matplotlib.font_manager: findfont: score(<Font 'cmsy10' (cmsy10.ttf) normal normal 400 normal>) = 10.335
2026-06-26 14:53:13,809 DEBUG matplotlib.font_manager: findfont: score(<Font 'STIXNonUnicode' (STIXNonUni.ttf) normal normal 400 normal>) = 10.335
2026-06-26 14:53:13,809 DEBUG matplotlib.font_manager: findfont: score(<Font 'DejaVu Sans Mono' (DejaVuSansMono.ttf) normal normal 400 normal>) = 10.335
2026-06-26 14:53:13,809 DEBUG matplotlib.font_manager: findfont: score(<Font 'DejaVu Sans Display' (DejaVuSansDisplay.ttf) normal normal 400 normal>) = 10.335
2026-06-26 14:53:13,809 DEBUG matplotlib.font_manager: findfont: score(<Font 'cmss10' (cmss10.ttf) normal normal 400 normal>) = 10.335
2026-06-26 14:53:13,810 DEBUG matplotlib.font_manager: findfont: score(<Font 'STIXNonUnicode' (STIXNonUniBol.ttf) normal normal 700 normal>) = 10.05
2026-06-26 14:53:13,810 DEBUG matplotlib.font_manager: findfont: score(<Font 'cmb10' (cmb10.ttf) normal normal 400 normal>) = 10.335
2026-06-26 14:53:13,810 DEBUG matplotlib.font_manager: findfont: score(<Font 'cmmi10' (cmmi10.ttf) normal normal 400 normal>) = 10.335
2026-06-26 14:53:13,810 DEBUG matplotlib.font_manager: findfont: score(<Font 'STIXSizeOneSym' (STIXSizOneSymReg.ttf) normal normal 400 normal>) = 10.335
2026-06-26 14:53:13,810 DEBUG matplotlib.font_manager: findfont: score(<Font 'STIXSizeFourSym' (STIXSizFourSymReg.ttf) normal normal 400 normal>) = 10.335
2026-06-26 14:53:13,810 DEBUG matplotlib.font_manager: findfont: score(<Font 'STIXGeneral' (STIXGeneral.ttf) normal normal 400 normal>) = 0.33499999999999996
2026-06-26 14:53:13,810 DEBUG matplotlib.font_manager: findfont: score(<Font 'STIXNonUnicode' (STIXNonUniIta.ttf) italic normal 400 normal>) = 11.335
2026-06-26 14:53:13,810 DEBUG matplotlib.font_manager: findfont: score(<Font 'DejaVu Serif' (DejaVuSerif-Bold.ttf) normal normal 700 normal>) = 10.05
2026-06-26 14:53:13,810 DEBUG matplotlib.font_manager: findfont: score(<Font 'DejaVu Sans Mono' (DejaVuSansMono-Bold.ttf) normal normal 700 normal>) = 10.05
2026-06-26 14:53:13,810 DEBUG matplotlib.font_manager: findfont: score(<Font 'DejaVu Serif' (DejaVuSerif.ttf) normal normal 400 normal>) = 10.335
2026-06-26 14:53:13,810 DEBUG matplotlib.font_manager: findfont: score(<Font 'DejaVu Sans' (DejaVuSans-Bold.ttf) normal normal 700 normal>) = 10.05
2026-06-26 14:53:13,810 DEBUG matplotlib.font_manager: findfont: score(<Font 'DejaVu Sans Mono' (DejaVuSansMono.ttf) normal normal 400 normal>) = 10.335
2026-06-26 14:53:13,810 DEBUG matplotlib.font_manager: findfont: score(<Font 'DejaVu Sans' (DejaVuSans.ttf) normal normal 400 normal>) = 10.335
2026-06-26 14:53:13,810 DEBUG matplotlib.font_manager: findfont: Matching STIXGeneral:style=normal:variant=normal:weight=bold:stretch=normal:size=10.0 to STIXGeneral ('/tmp/_MEIF0qp76/matplotlib/mpl-data/fonts/ttf/STIXGeneralBol.ttf') with score of 0.050000.
2026-06-26 14:53:13,812 DEBUG matplotlib.font_manager: findfont: Matching STIXNonUnicode:style=normal:variant=normal:weight=normal:stretch=normal:size=10.0.
2026-06-26 14:53:13,812 DEBUG matplotlib.font_manager: findfont: score(<Font 'STIXSizeFourSym' (STIXSizFourSymBol.ttf) normal normal 700 normal>) = 10.335
2026-06-26 14:53:13,812 DEBUG matplotlib.font_manager: findfont: score(<Font 'DejaVu Sans Mono' (DejaVuSansMono-BoldOblique.ttf) oblique normal 700 normal>) = 11.335
2026-06-26 14:53:13,812 DEBUG matplotlib.font_manager: findfont: score(<Font 'STIXSizeOneSym' (STIXSizOneSymBol.ttf) normal normal 700 normal>) = 10.335
2026-06-26 14:53:13,812 DEBUG matplotlib.font_manager: findfont: score(<Font 'DejaVu Serif' (DejaVuSerif-BoldItalic.ttf) italic normal 700 normal>) = 11.335
2026-06-26 14:53:13,812 DEBUG matplotlib.font_manager: findfont: score(<Font 'STIXSizeThreeSym' (STIXSizThreeSymReg.ttf) normal normal 400 normal>) = 10.05
2026-06-26 14:53:13,812 DEBUG matplotlib.font_manager: findfont: score(<Font 'cmtt10' (cmtt10.ttf) normal normal 400 normal>) = 10.05
2026-06-26 14:53:13,812 DEBUG matplotlib.font_manager: findfont: score(<Font 'STIXSizeTwoSym' (STIXSizTwoSymBol.ttf) normal normal 700 normal>) = 10.335
2026-06-26 14:53:13,812 DEBUG matplotlib.font_manager: findfont: score(<Font 'STIXSizeTwoSym' (STIXSizTwoSymReg.ttf) normal normal 400 normal>) = 10.05
2026-06-26 14:53:13,812 DEBUG matplotlib.font_manager: findfont: score(<Font 'DejaVu Serif Display' (DejaVuSerifDisplay.ttf) normal normal 400 normal>) = 10.05
2026-06-26 14:53:13,812 DEBUG matplotlib.font_manager: findfont: score(<Font 'DejaVu Sans' (DejaVuSans-Bold.ttf) normal normal 700 normal>) = 10.335
2026-06-26 14:53:13,812 DEBUG matplotlib.font_manager: findfont: score(<Font 'cmex10' (cmex10.ttf) normal normal 400 normal>) = 10.05
2026-06-26 14:53:13,812 DEBUG matplotlib.font_manager: findfont: score(<Font 'STIXNonUnicode' (STIXNonUniBolIta.ttf) italic normal 700 normal>) = 1.335
2026-06-26 14:53:13,812 DEBUG matplotlib.font_manager: findfont: score(<Font 'STIXGeneral' (STIXGeneralBolIta.ttf) italic normal 700 normal>) = 11.335
2026-06-26 14:53:13,812 DEBUG matplotlib.font_manager: findfont: score(<Font 'DejaVu Serif' (DejaVuSerif-Bold.ttf) normal normal 700 normal>) = 10.335
2026-06-26 14:53:13,812 DEBUG matplotlib.font_manager: findfont: score(<Font 'DejaVu Serif' (DejaVuSerif-Italic.ttf) italic normal 400 normal>) = 11.05
2026-06-26 14:53:13,812 DEBUG matplotlib.font_manager: findfont: score(<Font 'DejaVu Serif' (DejaVuSerif.ttf) normal normal 400 normal>) = 10.05
2026-06-26 14:53:13,812 DEBUG matplotlib.font_manager: findfont: score(<Font 'cmr10' (cmr10.ttf) normal normal 400 normal>) = 10.05
2026-06-26 14:53:13,812 DEBUG matplotlib.font_manager: findfont: score(<Font 'DejaVu Sans' (DejaVuSans-Oblique.ttf) oblique normal 400 normal>) = 11.05
2026-06-26 14:53:13,812 DEBUG matplotlib.font_manager: findfont: score(<Font 'DejaVu Sans Mono' (DejaVuSansMono-Oblique.ttf) oblique normal 400 normal>) = 11.05
2026-06-26 14:53:13,812 DEBUG matplotlib.font_manager: findfont: score(<Font 'DejaVu Sans Mono' (DejaVuSansMono-Bold.ttf) normal normal 700 normal>) = 10.335
2026-06-26 14:53:13,812 DEBUG matplotlib.font_manager: findfont: score(<Font 'STIXGeneral' (STIXGeneralItalic.ttf) italic normal 400 normal>) = 11.05
2026-06-26 14:53:13,812 DEBUG matplotlib.font_manager: findfont: score(<Font 'STIXSizeThreeSym' (STIXSizThreeSymBol.ttf) normal normal 700 normal>) = 10.335
2026-06-26 14:53:13,812 DEBUG matplotlib.font_manager: findfont: score(<Font 'STIXGeneral' (STIXGeneralBol.ttf) normal normal 700 normal>) = 10.335
2026-06-26 14:53:13,812 DEBUG matplotlib.font_manager: findfont: score(<Font 'DejaVu Sans' (DejaVuSans-BoldOblique.ttf) oblique normal 700 normal>) = 11.335
2026-06-26 14:53:13,813 DEBUG matplotlib.font_manager: findfont: score(<Font 'STIXSizeFiveSym' (STIXSizFiveSymReg.ttf) normal normal 400 normal>) = 10.05
2026-06-26 14:53:13,813 DEBUG matplotlib.font_manager: findfont: score(<Font 'DejaVu Sans' (DejaVuSans.ttf) normal normal 400 normal>) = 10.05
2026-06-26 14:53:13,813 DEBUG matplotlib.font_manager: findfont: score(<Font 'cmsy10' (cmsy10.ttf) normal normal 400 normal>) = 10.05
2026-06-26 14:53:13,813 DEBUG matplotlib.font_manager: findfont: score(<Font 'STIXNonUnicode' (STIXNonUni.ttf) normal normal 400 normal>) = 0.05
2026-06-26 14:53:13,813 DEBUG matplotlib.font_manager: findfont: score(<Font 'DejaVu Sans Mono' (DejaVuSansMono.ttf) normal normal 400 normal>) = 10.05
2026-06-26 14:53:13,813 DEBUG matplotlib.font_manager: findfont: score(<Font 'DejaVu Sans Display' (DejaVuSansDisplay.ttf) normal normal 400 normal>) = 10.05
2026-06-26 14:53:13,813 DEBUG matplotlib.font_manager: findfont: score(<Font 'cmss10' (cmss10.ttf) normal normal 400 normal>) = 10.05
2026-06-26 14:53:13,813 DEBUG matplotlib.font_manager: findfont: score(<Font 'STIXNonUnicode' (STIXNonUniBol.ttf) normal normal 700 normal>) = 0.33499999999999996
2026-06-26 14:53:13,813 DEBUG matplotlib.font_manager: findfont: score(<Font 'cmb10' (cmb10.ttf) normal normal 400 normal>) = 10.05
2026-06-26 14:53:13,813 DEBUG matplotlib.font_manager: findfont: score(<Font 'cmmi10' (cmmi10.ttf) normal normal 400 normal>) = 10.05
2026-06-26 14:53:13,813 DEBUG matplotlib.font_manager: findfont: score(<Font 'STIXSizeOneSym' (STIXSizOneSymReg.ttf) normal normal 400 normal>) = 10.05
2026-06-26 14:53:13,813 DEBUG matplotlib.font_manager: findfont: score(<Font 'STIXSizeFourSym' (STIXSizFourSymReg.ttf) normal normal 400 normal>) = 10.05
2026-06-26 14:53:13,813 DEBUG matplotlib.font_manager: findfont: score(<Font 'STIXGeneral' (STIXGeneral.ttf) normal normal 400 normal>) = 10.05
2026-06-26 14:53:13,813 DEBUG matplotlib.font_manager: findfont: score(<Font 'STIXNonUnicode' (STIXNonUniIta.ttf) italic normal 400 normal>) = 1.05
2026-06-26 14:53:13,813 DEBUG matplotlib.font_manager: findfont: score(<Font 'DejaVu Serif' (DejaVuSerif-Bold.ttf) normal normal 700 normal>) = 10.335
2026-06-26 14:53:13,813 DEBUG matplotlib.font_manager: findfont: score(<Font 'DejaVu Sans Mono' (DejaVuSansMono-Bold.ttf) normal normal 700 normal>) = 10.335
2026-06-26 14:53:13,813 DEBUG matplotlib.font_manager: findfont: score(<Font 'DejaVu Serif' (DejaVuSerif.ttf) normal normal 400 normal>) = 10.05
2026-06-26 14:53:13,813 DEBUG matplotlib.font_manager: findfont: score(<Font 'DejaVu Sans' (DejaVuSans-Bold.ttf) normal normal 700 normal>) = 10.335
2026-06-26 14:53:13,813 DEBUG matplotlib.font_manager: findfont: score(<Font 'DejaVu Sans Mono' (DejaVuSansMono.ttf) normal normal 400 normal>) = 10.05
2026-06-26 14:53:13,813 DEBUG matplotlib.font_manager: findfont: score(<Font 'DejaVu Sans' (DejaVuSans.ttf) normal normal 400 normal>) = 10.05
2026-06-26 14:53:13,813 DEBUG matplotlib.font_manager: findfont: Matching STIXNonUnicode:style=normal:variant=normal:weight=normal:stretch=normal:size=10.0 to STIXNonUnicode ('/tmp/_MEIF0qp76/matplotlib/mpl-data/fonts/ttf/STIXNonUni.ttf') with score of 0.050000.
2026-06-26 14:53:13,815 DEBUG matplotlib.font_manager: findfont: Matching STIXNonUnicode:style=italic:variant=normal:weight=normal:stretch=normal:size=10.0.
2026-06-26 14:53:13,815 DEBUG matplotlib.font_manager: findfont: score(<Font 'STIXSizeFourSym' (STIXSizFourSymBol.ttf) normal normal 700 normal>) = 11.335
2026-06-26 14:53:13,815 DEBUG matplotlib.font_manager: findfont: score(<Font 'DejaVu Sans Mono' (DejaVuSansMono-BoldOblique.ttf) oblique normal 700 normal>) = 10.434999999999999
2026-06-26 14:53:13,815 DEBUG matplotlib.font_manager: findfont: score(<Font 'STIXSizeOneSym' (STIXSizOneSymBol.ttf) normal normal 700 normal>) = 11.335
2026-06-26 14:53:13,815 DEBUG matplotlib.font_manager: findfont: score(<Font 'DejaVu Serif' (DejaVuSerif-BoldItalic.ttf) italic normal 700 normal>) = 10.335
2026-06-26 14:53:13,815 DEBUG matplotlib.font_manager: findfont: score(<Font 'STIXSizeThreeSym' (STIXSizThreeSymReg.ttf) normal normal 400 normal>) = 11.05
2026-06-26 14:53:13,815 DEBUG matplotlib.font_manager: findfont: score(<Font 'cmtt10' (cmtt10.ttf) normal normal 400 normal>) = 11.05
2026-06-26 14:53:13,815 DEBUG matplotlib.font_manager: findfont: score(<Font 'STIXSizeTwoSym' (STIXSizTwoSymBol.ttf) normal normal 700 normal>) = 11.335
2026-06-26 14:53:13,815 DEBUG matplotlib.font_manager: findfont: score(<Font 'STIXSizeTwoSym' (STIXSizTwoSymReg.ttf) normal normal 400 normal>) = 11.05
2026-06-26 14:53:13,815 DEBUG matplotlib.font_manager: findfont: score(<Font 'DejaVu Serif Display' (DejaVuSerifDisplay.ttf) normal normal 400 normal>) = 11.05
2026-06-26 14:53:13,815 DEBUG matplotlib.font_manager: findfont: score(<Font 'DejaVu Sans' (DejaVuSans-Bold.ttf) normal normal 700 normal>) = 11.335
2026-06-26 14:53:13,815 DEBUG matplotlib.font_manager: findfont: score(<Font 'cmex10' (cmex10.ttf) normal normal 400 normal>) = 11.05
2026-06-26 14:53:13,815 DEBUG matplotlib.font_manager: findfont: score(<Font 'STIXNonUnicode' (STIXNonUniBolIta.ttf) italic normal 700 normal>) = 0.33499999999999996
2026-06-26 14:53:13,816 DEBUG matplotlib.font_manager: findfont: score(<Font 'STIXGeneral' (STIXGeneralBolIta.ttf) italic normal 700 normal>) = 10.335
2026-06-26 14:53:13,816 DEBUG matplotlib.font_manager: findfont: score(<Font 'DejaVu Serif' (DejaVuSerif-Bold.ttf) normal normal 700 normal>) = 11.335
2026-06-26 14:53:13,816 DEBUG matplotlib.font_manager: findfont: score(<Font 'DejaVu Serif' (DejaVuSerif-Italic.ttf) italic normal 400 normal>) = 10.05
2026-06-26 14:53:13,816 DEBUG matplotlib.font_manager: findfont: score(<Font 'DejaVu Serif' (DejaVuSerif.ttf) normal normal 400 normal>) = 11.05
2026-06-26 14:53:13,816 DEBUG matplotlib.font_manager: findfont: score(<Font 'cmr10' (cmr10.ttf) normal normal 400 normal>) = 11.05
2026-06-26 14:53:13,816 DEBUG matplotlib.font_manager: findfont: score(<Font 'DejaVu Sans' (DejaVuSans-Oblique.ttf) oblique normal 400 normal>) = 10.15
2026-06-26 14:53:13,816 DEBUG matplotlib.font_manager: findfont: score(<Font 'DejaVu Sans Mono' (DejaVuSansMono-Oblique.ttf) oblique normal 400 normal>) = 10.15
2026-06-26 14:53:13,816 DEBUG matplotlib.font_manager: findfont: score(<Font 'DejaVu Sans Mono' (DejaVuSansMono-Bold.ttf) normal normal 700 normal>) = 11.335
2026-06-26 14:53:13,816 DEBUG matplotlib.font_manager: findfont: score(<Font 'STIXGeneral' (STIXGeneralItalic.ttf) italic normal 400 normal>) = 10.05
2026-06-26 14:53:13,816 DEBUG matplotlib.font_manager: findfont: score(<Font 'STIXSizeThreeSym' (STIXSizThreeSymBol.ttf) normal normal 700 normal>) = 11.335
2026-06-26 14:53:13,816 DEBUG matplotlib.font_manager: findfont: score(<Font 'STIXGeneral' (STIXGeneralBol.ttf) normal normal 700 normal>) = 11.335
2026-06-26 14:53:13,816 DEBUG matplotlib.font_manager: findfont: score(<Font 'DejaVu Sans' (DejaVuSans-BoldOblique.ttf) oblique normal 700 normal>) = 10.434999999999999
2026-06-26 14:53:13,816 DEBUG matplotlib.font_manager: findfont: score(<Font 'STIXSizeFiveSym' (STIXSizFiveSymReg.ttf) normal normal 400 normal>) = 11.05
2026-06-26 14:53:13,816 DEBUG matplotlib.font_manager: findfont: score(<Font 'DejaVu Sans' (DejaVuSans.ttf) normal normal 400 normal>) = 11.05
2026-06-26 14:53:13,816 DEBUG matplotlib.font_manager: findfont: score(<Font 'cmsy10' (cmsy10.ttf) normal normal 400 normal>) = 11.05
2026-06-26 14:53:13,816 DEBUG matplotlib.font_manager: findfont: score(<Font 'STIXNonUnicode' (STIXNonUni.ttf) normal normal 400 normal>) = 1.05
2026-06-26 14:53:13,816 DEBUG matplotlib.font_manager: findfont: score(<Font 'DejaVu Sans Mono' (DejaVuSansMono.ttf) normal normal 400 normal>) = 11.05
2026-06-26 14:53:13,816 DEBUG matplotlib.font_manager: findfont: score(<Font 'DejaVu Sans Display' (DejaVuSansDisplay.ttf) normal normal 400 normal>) = 11.05
2026-06-26 14:53:13,816 DEBUG matplotlib.font_manager: findfont: score(<Font 'cmss10' (cmss10.ttf) normal normal 400 normal>) = 11.05
2026-06-26 14:53:13,816 DEBUG matplotlib.font_manager: findfont: score(<Font 'STIXNonUnicode' (STIXNonUniBol.ttf) normal normal 700 normal>) = 1.335
2026-06-26 14:53:13,816 DEBUG matplotlib.font_manager: findfont: score(<Font 'cmb10' (cmb10.ttf) normal normal 400 normal>) = 11.05
2026-06-26 14:53:13,816 DEBUG matplotlib.font_manager: findfont: score(<Font 'cmmi10' (cmmi10.ttf) normal normal 400 normal>) = 11.05
2026-06-26 14:53:13,816 DEBUG matplotlib.font_manager: findfont: score(<Font 'STIXSizeOneSym' (STIXSizOneSymReg.ttf) normal normal 400 normal>) = 11.05
2026-06-26 14:53:13,816 DEBUG matplotlib.font_manager: findfont: score(<Font 'STIXSizeFourSym' (STIXSizFourSymReg.ttf) normal normal 400 normal>) = 11.05
2026-06-26 14:53:13,816 DEBUG matplotlib.font_manager: findfont: score(<Font 'STIXGeneral' (STIXGeneral.ttf) normal normal 400 normal>) = 11.05
2026-06-26 14:53:13,816 DEBUG matplotlib.font_manager: findfont: score(<Font 'STIXNonUnicode' (STIXNonUniIta.ttf) italic normal 400 normal>) = 0.05
2026-06-26 14:53:13,816 DEBUG matplotlib.font_manager: findfont: score(<Font 'DejaVu Serif' (DejaVuSerif-Bold.ttf) normal normal 700 normal>) = 11.335
2026-06-26 14:53:13,816 DEBUG matplotlib.font_manager: findfont: score(<Font 'DejaVu Sans Mono' (DejaVuSansMono-Bold.ttf) normal normal 700 normal>) = 11.335
2026-06-26 14:53:13,816 DEBUG matplotlib.font_manager: findfont: score(<Font 'DejaVu Serif' (DejaVuSerif.ttf) normal normal 400 normal>) = 11.05
2026-06-26 14:53:13,816 DEBUG matplotlib.font_manager: findfont: score(<Font 'DejaVu Sans' (DejaVuSans-Bold.ttf) normal normal 700 normal>) = 11.335
2026-06-26 14:53:13,816 DEBUG matplotlib.font_manager: findfont: score(<Font 'DejaVu Sans Mono' (DejaVuSansMono.ttf) normal normal 400 normal>) = 11.05
2026-06-26 14:53:13,816 DEBUG matplotlib.font_manager: findfont: score(<Font 'DejaVu Sans' (DejaVuSans.ttf) normal normal 400 normal>) = 11.05
2026-06-26 14:53:13,817 DEBUG matplotlib.font_manager: findfont: Matching STIXNonUnicode:style=italic:variant=normal:weight=normal:stretch=normal:size=10.0 to STIXNonUnicode ('/tmp/_MEIF0qp76/matplotlib/mpl-data/fonts/ttf/STIXNonUniIta.ttf') with score of 0.050000.
2026-06-26 14:53:13,818 DEBUG matplotlib.font_manager: findfont: Matching STIXNonUnicode:style=normal:variant=normal:weight=bold:stretch=normal:size=10.0.
2026-06-26 14:53:13,818 DEBUG matplotlib.font_manager: findfont: score(<Font 'STIXSizeFourSym' (STIXSizFourSymBol.ttf) normal normal 700 normal>) = 10.05
2026-06-26 14:53:13,818 DEBUG matplotlib.font_manager: findfont: score(<Font 'DejaVu Sans Mono' (DejaVuSansMono-BoldOblique.ttf) oblique normal 700 normal>) = 11.05
2026-06-26 14:53:13,818 DEBUG matplotlib.font_manager: findfont: score(<Font 'STIXSizeOneSym' (STIXSizOneSymBol.ttf) normal normal 700 normal>) = 10.05
2026-06-26 14:53:13,818 DEBUG matplotlib.font_manager: findfont: score(<Font 'DejaVu Serif' (DejaVuSerif-BoldItalic.ttf) italic normal 700 normal>) = 11.05
2026-06-26 14:53:13,818 DEBUG matplotlib.font_manager: findfont: score(<Font 'STIXSizeThreeSym' (STIXSizThreeSymReg.ttf) normal normal 400 normal>) = 10.335
2026-06-26 14:53:13,818 DEBUG matplotlib.font_manager: findfont: score(<Font 'cmtt10' (cmtt10.ttf) normal normal 400 normal>) = 10.335
2026-06-26 14:53:13,818 DEBUG matplotlib.font_manager: findfont: score(<Font 'STIXSizeTwoSym' (STIXSizTwoSymBol.ttf) normal normal 700 normal>) = 10.05
2026-06-26 14:53:13,818 DEBUG matplotlib.font_manager: findfont: score(<Font 'STIXSizeTwoSym' (STIXSizTwoSymReg.ttf) normal normal 400 normal>) = 10.335
2026-06-26 14:53:13,818 DEBUG matplotlib.font_manager: findfont: score(<Font 'DejaVu Serif Display' (DejaVuSerifDisplay.ttf) normal normal 400 normal>) = 10.335
2026-06-26 14:53:13,818 DEBUG matplotlib.font_manager: findfont: score(<Font 'DejaVu Sans' (DejaVuSans-Bold.ttf) normal normal 700 normal>) = 10.05
2026-06-26 14:53:13,818 DEBUG matplotlib.font_manager: findfont: score(<Font 'cmex10' (cmex10.ttf) normal normal 400 normal>) = 10.335
2026-06-26 14:53:13,818 DEBUG matplotlib.font_manager: findfont: score(<Font 'STIXNonUnicode' (STIXNonUniBolIta.ttf) italic normal 700 normal>) = 1.05
2026-06-26 14:53:13,819 DEBUG matplotlib.font_manager: findfont: score(<Font 'STIXGeneral' (STIXGeneralBolIta.ttf) italic normal 700 normal>) = 11.05
2026-06-26 14:53:13,819 DEBUG matplotlib.font_manager: findfont: score(<Font 'DejaVu Serif' (DejaVuSerif-Bold.ttf) normal normal 700 normal>) = 10.05
2026-06-26 14:53:13,819 DEBUG matplotlib.font_manager: findfont: score(<Font 'DejaVu Serif' (DejaVuSerif-Italic.ttf) italic normal 400 normal>) = 11.335
2026-06-26 14:53:13,819 DEBUG matplotlib.font_manager: findfont: score(<Font 'DejaVu Serif' (DejaVuSerif.ttf) normal normal 400 normal>) = 10.335
2026-06-26 14:53:13,819 DEBUG matplotlib.font_manager: findfont: score(<Font 'cmr10' (cmr10.ttf) normal normal 400 normal>) = 10.335
2026-06-26 14:53:13,819 DEBUG matplotlib.font_manager: findfont: score(<Font 'DejaVu Sans' (DejaVuSans-Oblique.ttf) oblique normal 400 normal>) = 11.335
2026-06-26 14:53:13,819 DEBUG matplotlib.font_manager: findfont: score(<Font 'DejaVu Sans Mono' (DejaVuSansMono-Oblique.ttf) oblique normal 400 normal>) = 11.335
2026-06-26 14:53:13,819 DEBUG matplotlib.font_manager: findfont: score(<Font 'DejaVu Sans Mono' (DejaVuSansMono-Bold.ttf) normal normal 700 normal>) = 10.05
2026-06-26 14:53:13,819 DEBUG matplotlib.font_manager: findfont: score(<Font 'STIXGeneral' (STIXGeneralItalic.ttf) italic normal 400 normal>) = 11.335
2026-06-26 14:53:13,819 DEBUG matplotlib.font_manager: findfont: score(<Font 'STIXSizeThreeSym' (STIXSizThreeSymBol.ttf) normal normal 700 normal>) = 10.05
2026-06-26 14:53:13,819 DEBUG matplotlib.font_manager: findfont: score(<Font 'STIXGeneral' (STIXGeneralBol.ttf) normal normal 700 normal>) = 10.05
2026-06-26 14:53:13,819 DEBUG matplotlib.font_manager: findfont: score(<Font 'DejaVu Sans' (DejaVuSans-BoldOblique.ttf) oblique normal 700 normal>) = 11.05
2026-06-26 14:53:13,819 DEBUG matplotlib.font_manager: findfont: score(<Font 'STIXSizeFiveSym' (STIXSizFiveSymReg.ttf) normal normal 400 normal>) = 10.335
2026-06-26 14:53:13,819 DEBUG matplotlib.font_manager: findfont: score(<Font 'DejaVu Sans' (DejaVuSans.ttf) normal normal 400 normal>) = 10.335
2026-06-26 14:53:13,819 DEBUG matplotlib.font_manager: findfont: score(<Font 'cmsy10' (cmsy10.ttf) normal normal 400 normal>) = 10.335
2026-06-26 14:53:13,819 DEBUG matplotlib.font_manager: findfont: score(<Font 'STIXNonUnicode' (STIXNonUni.ttf) normal normal 400 normal>) = 0.33499999999999996
2026-06-26 14:53:13,819 DEBUG matplotlib.font_manager: findfont: score(<Font 'DejaVu Sans Mono' (DejaVuSansMono.ttf) normal normal 400 normal>) = 10.335
2026-06-26 14:53:13,819 DEBUG matplotlib.font_manager: findfont: score(<Font 'DejaVu Sans Display' (DejaVuSansDisplay.ttf) normal normal 400 normal>) = 10.335
2026-06-26 14:53:13,819 DEBUG matplotlib.font_manager: findfont: score(<Font 'cmss10' (cmss10.ttf) normal normal 400 normal>) = 10.335
2026-06-26 14:53:13,819 DEBUG matplotlib.font_manager: findfont: score(<Font 'STIXNonUnicode' (STIXNonUniBol.ttf) normal normal 700 normal>) = 0.05
2026-06-26 14:53:13,819 DEBUG matplotlib.font_manager: findfont: score(<Font 'cmb10' (cmb10.ttf) normal normal 400 normal>) = 10.335
2026-06-26 14:53:13,819 DEBUG matplotlib.font_manager: findfont: score(<Font 'cmmi10' (cmmi10.ttf) normal normal 400 normal>) = 10.335
2026-06-26 14:53:13,819 DEBUG matplotlib.font_manager: findfont: score(<Font 'STIXSizeOneSym' (STIXSizOneSymReg.ttf) normal normal 400 normal>) = 10.335
2026-06-26 14:53:13,819 DEBUG matplotlib.font_manager: findfont: score(<Font 'STIXSizeFourSym' (STIXSizFourSymReg.ttf) normal normal 400 normal>) = 10.335
2026-06-26 14:53:13,819 DEBUG matplotlib.font_manager: findfont: score(<Font 'STIXGeneral' (STIXGeneral.ttf) normal normal 400 normal>) = 10.335
2026-06-26 14:53:13,819 DEBUG matplotlib.font_manager: findfont: score(<Font 'STIXNonUnicode' (STIXNonUniIta.ttf) italic normal 400 normal>) = 1.335
2026-06-26 14:53:13,819 DEBUG matplotlib.font_manager: findfont: score(<Font 'DejaVu Serif' (DejaVuSerif-Bold.ttf) normal normal 700 normal>) = 10.05
2026-06-26 14:53:13,819 DEBUG matplotlib.font_manager: findfont: score(<Font 'DejaVu Sans Mono' (DejaVuSansMono-Bold.ttf) normal normal 700 normal>) = 10.05
2026-06-26 14:53:13,819 DEBUG matplotlib.font_manager: findfont: score(<Font 'DejaVu Serif' (DejaVuSerif.ttf) normal normal 400 normal>) = 10.335
2026-06-26 14:53:13,819 DEBUG matplotlib.font_manager: findfont: score(<Font 'DejaVu Sans' (DejaVuSans-Bold.ttf) normal normal 700 normal>) = 10.05
2026-06-26 14:53:13,819 DEBUG matplotlib.font_manager: findfont: score(<Font 'DejaVu Sans Mono' (DejaVuSansMono.ttf) normal normal 400 normal>) = 10.335
2026-06-26 14:53:13,819 DEBUG matplotlib.font_manager: findfont: score(<Font 'DejaVu Sans' (DejaVuSans.ttf) normal normal 400 normal>) = 10.335
2026-06-26 14:53:13,820 DEBUG matplotlib.font_manager: findfont: Matching STIXNonUnicode:style=normal:variant=normal:weight=bold:stretch=normal:size=10.0 to STIXNonUnicode ('/tmp/_MEIF0qp76/matplotlib/mpl-data/fonts/ttf/STIXNonUniBol.ttf') with score of 0.050000.
2026-06-26 14:53:13,821 DEBUG matplotlib.font_manager: findfont: Matching STIXSizeOneSym:style=normal:variant=normal:weight=normal:stretch=normal:size=10.0.
2026-06-26 14:53:13,821 DEBUG matplotlib.font_manager: findfont: score(<Font 'STIXSizeFourSym' (STIXSizFourSymBol.ttf) normal normal 700 normal>) = 10.335
2026-06-26 14:53:13,821 DEBUG matplotlib.font_manager: findfont: score(<Font 'DejaVu Sans Mono' (DejaVuSansMono-BoldOblique.ttf) oblique normal 700 normal>) = 11.335
2026-06-26 14:53:13,821 DEBUG matplotlib.font_manager: findfont: score(<Font 'STIXSizeOneSym' (STIXSizOneSymBol.ttf) normal normal 700 normal>) = 0.33499999999999996
2026-06-26 14:53:13,821 DEBUG matplotlib.font_manager: findfont: score(<Font 'DejaVu Serif' (DejaVuSerif-BoldItalic.ttf) italic normal 700 normal>) = 11.335
2026-06-26 14:53:13,821 DEBUG matplotlib.font_manager: findfont: score(<Font 'STIXSizeThreeSym' (STIXSizThreeSymReg.ttf) normal normal 400 normal>) = 10.05
2026-06-26 14:53:13,821 DEBUG matplotlib.font_manager: findfont: score(<Font 'cmtt10' (cmtt10.ttf) normal normal 400 normal>) = 10.05
2026-06-26 14:53:13,821 DEBUG matplotlib.font_manager: findfont: score(<Font 'STIXSizeTwoSym' (STIXSizTwoSymBol.ttf) normal normal 700 normal>) = 10.335
2026-06-26 14:53:13,821 DEBUG matplotlib.font_manager: findfont: score(<Font 'STIXSizeTwoSym' (STIXSizTwoSymReg.ttf) normal normal 400 normal>) = 10.05
2026-06-26 14:53:13,821 DEBUG matplotlib.font_manager: findfont: score(<Font 'DejaVu Serif Display' (DejaVuSerifDisplay.ttf) normal normal 400 normal>) = 10.05
2026-06-26 14:53:13,821 DEBUG matplotlib.font_manager: findfont: score(<Font 'DejaVu Sans' (DejaVuSans-Bold.ttf) normal normal 700 normal>) = 10.335
2026-06-26 14:53:13,821 DEBUG matplotlib.font_manager: findfont: score(<Font 'cmex10' (cmex10.ttf) normal normal 400 normal>) = 10.05
2026-06-26 14:53:13,821 DEBUG matplotlib.font_manager: findfont: score(<Font 'STIXNonUnicode' (STIXNonUniBolIta.ttf) italic normal 700 normal>) = 11.335
2026-06-26 14:53:13,821 DEBUG matplotlib.font_manager: findfont: score(<Font 'STIXGeneral' (STIXGeneralBolIta.ttf) italic normal 700 normal>) = 11.335
2026-06-26 14:53:13,821 DEBUG matplotlib.font_manager: findfont: score(<Font 'DejaVu Serif' (DejaVuSerif-Bold.ttf) normal normal 700 normal>) = 10.335
2026-06-26 14:53:13,821 DEBUG matplotlib.font_manager: findfont: score(<Font 'DejaVu Serif' (DejaVuSerif-Italic.ttf) italic normal 400 normal>) = 11.05
2026-06-26 14:53:13,821 DEBUG matplotlib.font_manager: findfont: score(<Font 'DejaVu Serif' (DejaVuSerif.ttf) normal normal 400 normal>) = 10.05
2026-06-26 14:53:13,821 DEBUG matplotlib.font_manager: findfont: score(<Font 'cmr10' (cmr10.ttf) normal normal 400 normal>) = 10.05
2026-06-26 14:53:13,821 DEBUG matplotlib.font_manager: findfont: score(<Font 'DejaVu Sans' (DejaVuSans-Oblique.ttf) oblique normal 400 normal>) = 11.05
2026-06-26 14:53:13,822 DEBUG matplotlib.font_manager: findfont: score(<Font 'DejaVu Sans Mono' (DejaVuSansMono-Oblique.ttf) oblique normal 400 normal>) = 11.05
2026-06-26 14:53:13,822 DEBUG matplotlib.font_manager: findfont: score(<Font 'DejaVu Sans Mono' (DejaVuSansMono-Bold.ttf) normal normal 700 normal>) = 10.335
2026-06-26 14:53:13,822 DEBUG matplotlib.font_manager: findfont: score(<Font 'STIXGeneral' (STIXGeneralItalic.ttf) italic normal 400 normal>) = 11.05
2026-06-26 14:53:13,822 DEBUG matplotlib.font_manager: findfont: score(<Font 'STIXSizeThreeSym' (STIXSizThreeSymBol.ttf) normal normal 700 normal>) = 10.335
2026-06-26 14:53:13,822 DEBUG matplotlib.font_manager: findfont: score(<Font 'STIXGeneral' (STIXGeneralBol.ttf) normal normal 700 normal>) = 10.335
2026-06-26 14:53:13,822 DEBUG matplotlib.font_manager: findfont: score(<Font 'DejaVu Sans' (DejaVuSans-BoldOblique.ttf) oblique normal 700 normal>) = 11.335
2026-06-26 14:53:13,822 DEBUG matplotlib.font_manager: findfont: score(<Font 'STIXSizeFiveSym' (STIXSizFiveSymReg.ttf) normal normal 400 normal>) = 10.05
2026-06-26 14:53:13,822 DEBUG matplotlib.font_manager: findfont: score(<Font 'DejaVu Sans' (DejaVuSans.ttf) normal normal 400 normal>) = 10.05
2026-06-26 14:53:13,822 DEBUG matplotlib.font_manager: findfont: score(<Font 'cmsy10' (cmsy10.ttf) normal normal 400 normal>) = 10.05
2026-06-26 14:53:13,822 DEBUG matplotlib.font_manager: findfont: score(<Font 'STIXNonUnicode' (STIXNonUni.ttf) normal normal 400 normal>) = 10.05
2026-06-26 14:53:13,822 DEBUG matplotlib.font_manager: findfont: score(<Font 'DejaVu Sans Mono' (DejaVuSansMono.ttf) normal normal 400 normal>) = 10.05
2026-06-26 14:53:13,822 DEBUG matplotlib.font_manager: findfont: score(<Font 'DejaVu Sans Display' (DejaVuSansDisplay.ttf) normal normal 400 normal>) = 10.05
2026-06-26 14:53:13,822 DEBUG matplotlib.font_manager: findfont: score(<Font 'cmss10' (cmss10.ttf) normal normal 400 normal>) = 10.05
2026-06-26 14:53:13,822 DEBUG matplotlib.font_manager: findfont: score(<Font 'STIXNonUnicode' (STIXNonUniBol.ttf) normal normal 700 normal>) = 10.335
2026-06-26 14:53:13,822 DEBUG matplotlib.font_manager: findfont: score(<Font 'cmb10' (cmb10.ttf) normal normal 400 normal>) = 10.05
2026-06-26 14:53:13,822 DEBUG matplotlib.font_manager: findfont: score(<Font 'cmmi10' (cmmi10.ttf) normal normal 400 normal>) = 10.05
2026-06-26 14:53:13,822 DEBUG matplotlib.font_manager: findfont: score(<Font 'STIXSizeOneSym' (STIXSizOneSymReg.ttf) normal normal 400 normal>) = 0.05
2026-06-26 14:53:13,822 DEBUG matplotlib.font_manager: findfont: score(<Font 'STIXSizeFourSym' (STIXSizFourSymReg.ttf) normal normal 400 normal>) = 10.05
2026-06-26 14:53:13,822 DEBUG matplotlib.font_manager: findfont: score(<Font 'STIXGeneral' (STIXGeneral.ttf) normal normal 400 normal>) = 10.05
2026-06-26 14:53:13,822 DEBUG matplotlib.font_manager: findfont: score(<Font 'STIXNonUnicode' (STIXNonUniIta.ttf) italic normal 400 normal>) = 11.05
2026-06-26 14:53:13,822 DEBUG matplotlib.font_manager: findfont: score(<Font 'DejaVu Serif' (DejaVuSerif-Bold.ttf) normal normal 700 normal>) = 10.335
2026-06-26 14:53:13,822 DEBUG matplotlib.font_manager: findfont: score(<Font 'DejaVu Sans Mono' (DejaVuSansMono-Bold.ttf) normal normal 700 normal>) = 10.335
2026-06-26 14:53:13,822 DEBUG matplotlib.font_manager: findfont: score(<Font 'DejaVu Serif' (DejaVuSerif.ttf) normal normal 400 normal>) = 10.05
2026-06-26 14:53:13,822 DEBUG matplotlib.font_manager: findfont: score(<Font 'DejaVu Sans' (DejaVuSans-Bold.ttf) normal normal 700 normal>) = 10.335
2026-06-26 14:53:13,822 DEBUG matplotlib.font_manager: findfont: score(<Font 'DejaVu Sans Mono' (DejaVuSansMono.ttf) normal normal 400 normal>) = 10.05
2026-06-26 14:53:13,822 DEBUG matplotlib.font_manager: findfont: score(<Font 'DejaVu Sans' (DejaVuSans.ttf) normal normal 400 normal>) = 10.05
2026-06-26 14:53:13,822 DEBUG matplotlib.font_manager: findfont: Matching STIXSizeOneSym:style=normal:variant=normal:weight=normal:stretch=normal:size=10.0 to STIXSizeOneSym ('/tmp/_MEIF0qp76/matplotlib/mpl-data/fonts/ttf/STIXSizOneSymReg.ttf') with score of 0.050000.
2026-06-26 14:53:13,823 DEBUG matplotlib.font_manager: findfont: Matching STIXSizeTwoSym:style=normal:variant=normal:weight=normal:stretch=normal:size=10.0.
2026-06-26 14:53:13,823 DEBUG matplotlib.font_manager: findfont: score(<Font 'STIXSizeFourSym' (STIXSizFourSymBol.ttf) normal normal 700 normal>) = 10.335
2026-06-26 14:53:13,823 DEBUG matplotlib.font_manager: findfont: score(<Font 'DejaVu Sans Mono' (DejaVuSansMono-BoldOblique.ttf) oblique normal 700 normal>) = 11.335
2026-06-26 14:53:13,823 DEBUG matplotlib.font_manager: findfont: score(<Font 'STIXSizeOneSym' (STIXSizOneSymBol.ttf) normal normal 700 normal>) = 10.335
2026-06-26 14:53:13,823 DEBUG matplotlib.font_manager: findfont: score(<Font 'DejaVu Serif' (DejaVuSerif-BoldItalic.ttf) italic normal 700 normal>) = 11.335
2026-06-26 14:53:13,823 DEBUG matplotlib.font_manager: findfont: score(<Font 'STIXSizeThreeSym' (STIXSizThreeSymReg.ttf) normal normal 400 normal>) = 10.05
2026-06-26 14:53:13,823 DEBUG matplotlib.font_manager: findfont: score(<Font 'cmtt10' (cmtt10.ttf) normal normal 400 normal>) = 10.05
2026-06-26 14:53:13,823 DEBUG matplotlib.font_manager: findfont: score(<Font 'STIXSizeTwoSym' (STIXSizTwoSymBol.ttf) normal normal 700 normal>) = 0.33499999999999996
2026-06-26 14:53:13,823 DEBUG matplotlib.font_manager: findfont: score(<Font 'STIXSizeTwoSym' (STIXSizTwoSymReg.ttf) normal normal 400 normal>) = 0.05
2026-06-26 14:53:13,823 DEBUG matplotlib.font_manager: findfont: score(<Font 'DejaVu Serif Display' (DejaVuSerifDisplay.ttf) normal normal 400 normal>) = 10.05
2026-06-26 14:53:13,823 DEBUG matplotlib.font_manager: findfont: score(<Font 'DejaVu Sans' (DejaVuSans-Bold.ttf) normal normal 700 normal>) = 10.335
2026-06-26 14:53:13,823 DEBUG matplotlib.font_manager: findfont: score(<Font 'cmex10' (cmex10.ttf) normal normal 400 normal>) = 10.05
2026-06-26 14:53:13,823 DEBUG matplotlib.font_manager: findfont: score(<Font 'STIXNonUnicode' (STIXNonUniBolIta.ttf) italic normal 700 normal>) = 11.335
2026-06-26 14:53:13,823 DEBUG matplotlib.font_manager: findfont: score(<Font 'STIXGeneral' (STIXGeneralBolIta.ttf) italic normal 700 normal>) = 11.335
2026-06-26 14:53:13,823 DEBUG matplotlib.font_manager: findfont: score(<Font 'DejaVu Serif' (DejaVuSerif-Bold.ttf) normal normal 700 normal>) = 10.335
2026-06-26 14:53:13,823 DEBUG matplotlib.font_manager: findfont: score(<Font 'DejaVu Serif' (DejaVuSerif-Italic.ttf) italic normal 400 normal>) = 11.05
2026-06-26 14:53:13,823 DEBUG matplotlib.font_manager: findfont: score(<Font 'DejaVu Serif' (DejaVuSerif.ttf) normal normal 400 normal>) = 10.05
2026-06-26 14:53:13,823 DEBUG matplotlib.font_manager: findfont: score(<Font 'cmr10' (cmr10.ttf) normal normal 400 normal>) = 10.05
2026-06-26 14:53:13,823 DEBUG matplotlib.font_manager: findfont: score(<Font 'DejaVu Sans' (DejaVuSans-Oblique.ttf) oblique normal 400 normal>) = 11.05
2026-06-26 14:53:13,823 DEBUG matplotlib.font_manager: findfont: score(<Font 'DejaVu Sans Mono' (DejaVuSansMono-Oblique.ttf) oblique normal 400 normal>) = 11.05
2026-06-26 14:53:13,823 DEBUG matplotlib.font_manager: findfont: score(<Font 'DejaVu Sans Mono' (DejaVuSansMono-Bold.ttf) normal normal 700 normal>) = 10.335
2026-06-26 14:53:13,824 DEBUG matplotlib.font_manager: findfont: score(<Font 'STIXGeneral' (STIXGeneralItalic.ttf) italic normal 400 normal>) = 11.05
2026-06-26 14:53:13,824 DEBUG matplotlib.font_manager: findfont: score(<Font 'STIXSizeThreeSym' (STIXSizThreeSymBol.ttf) normal normal 700 normal>) = 10.335
2026-06-26 14:53:13,824 DEBUG matplotlib.font_manager: findfont: score(<Font 'STIXGeneral' (STIXGeneralBol.ttf) normal normal 700 normal>) = 10.335
2026-06-26 14:53:13,824 DEBUG matplotlib.font_manager: findfont: score(<Font 'DejaVu Sans' (DejaVuSans-BoldOblique.ttf) oblique normal 700 normal>) = 11.335
2026-06-26 14:53:13,824 DEBUG matplotlib.font_manager: findfont: score(<Font 'STIXSizeFiveSym' (STIXSizFiveSymReg.ttf) normal normal 400 normal>) = 10.05
2026-06-26 14:53:13,824 DEBUG matplotlib.font_manager: findfont: score(<Font 'DejaVu Sans' (DejaVuSans.ttf) normal normal 400 normal>) = 10.05
2026-06-26 14:53:13,824 DEBUG matplotlib.font_manager: findfont: score(<Font 'cmsy10' (cmsy10.ttf) normal normal 400 normal>) = 10.05
2026-06-26 14:53:13,824 DEBUG matplotlib.font_manager: findfont: score(<Font 'STIXNonUnicode' (STIXNonUni.ttf) normal normal 400 normal>) = 10.05
2026-06-26 14:53:13,824 DEBUG matplotlib.font_manager: findfont: score(<Font 'DejaVu Sans Mono' (DejaVuSansMono.ttf) normal normal 400 normal>) = 10.05
2026-06-26 14:53:13,824 DEBUG matplotlib.font_manager: findfont: score(<Font 'DejaVu Sans Display' (DejaVuSansDisplay.ttf) normal normal 400 normal>) = 10.05
2026-06-26 14:53:13,824 DEBUG matplotlib.font_manager: findfont: score(<Font 'cmss10' (cmss10.ttf) normal normal 400 normal>) = 10.05
2026-06-26 14:53:13,824 DEBUG matplotlib.font_manager: findfont: score(<Font 'STIXNonUnicode' (STIXNonUniBol.ttf) normal normal 700 normal>) = 10.335
2026-06-26 14:53:13,824 DEBUG matplotlib.font_manager: findfont: score(<Font 'cmb10' (cmb10.ttf) normal normal 400 normal>) = 10.05
2026-06-26 14:53:13,824 DEBUG matplotlib.font_manager: findfont: score(<Font 'cmmi10' (cmmi10.ttf) normal normal 400 normal>) = 10.05
2026-06-26 14:53:13,824 DEBUG matplotlib.font_manager: findfont: score(<Font 'STIXSizeOneSym' (STIXSizOneSymReg.ttf) normal normal 400 normal>) = 10.05
2026-06-26 14:53:13,824 DEBUG matplotlib.font_manager: findfont: score(<Font 'STIXSizeFourSym' (STIXSizFourSymReg.ttf) normal normal 400 normal>) = 10.05
2026-06-26 14:53:13,824 DEBUG matplotlib.font_manager: findfont: score(<Font 'STIXGeneral' (STIXGeneral.ttf) normal normal 400 normal>) = 10.05
2026-06-26 14:53:13,824 DEBUG matplotlib.font_manager: findfont: score(<Font 'STIXNonUnicode' (STIXNonUniIta.ttf) italic normal 400 normal>) = 11.05
2026-06-26 14:53:13,824 DEBUG matplotlib.font_manager: findfont: score(<Font 'DejaVu Serif' (DejaVuSerif-Bold.ttf) normal normal 700 normal>) = 10.335
2026-06-26 14:53:13,824 DEBUG matplotlib.font_manager: findfont: score(<Font 'DejaVu Sans Mono' (DejaVuSansMono-Bold.ttf) normal normal 700 normal>) = 10.335
2026-06-26 14:53:13,824 DEBUG matplotlib.font_manager: findfont: score(<Font 'DejaVu Serif' (DejaVuSerif.ttf) normal normal 400 normal>) = 10.05
2026-06-26 14:53:13,824 DEBUG matplotlib.font_manager: findfont: score(<Font 'DejaVu Sans' (DejaVuSans-Bold.ttf) normal normal 700 normal>) = 10.335
2026-06-26 14:53:13,824 DEBUG matplotlib.font_manager: findfont: score(<Font 'DejaVu Sans Mono' (DejaVuSansMono.ttf) normal normal 400 normal>) = 10.05
2026-06-26 14:53:13,824 DEBUG matplotlib.font_manager: findfont: score(<Font 'DejaVu Sans' (DejaVuSans.ttf) normal normal 400 normal>) = 10.05
2026-06-26 14:53:13,824 DEBUG matplotlib.font_manager: findfont: Matching STIXSizeTwoSym:style=normal:variant=normal:weight=normal:stretch=normal:size=10.0 to STIXSizeTwoSym ('/tmp/_MEIF0qp76/matplotlib/mpl-data/fonts/ttf/STIXSizTwoSymReg.ttf') with score of 0.050000.
2026-06-26 14:53:13,825 DEBUG matplotlib.font_manager: findfont: Matching STIXSizeThreeSym:style=normal:variant=normal:weight=normal:stretch=normal:size=10.0.
2026-06-26 14:53:13,825 DEBUG matplotlib.font_manager: findfont: score(<Font 'STIXSizeFourSym' (STIXSizFourSymBol.ttf) normal normal 700 normal>) = 10.335
2026-06-26 14:53:13,825 DEBUG matplotlib.font_manager: findfont: score(<Font 'DejaVu Sans Mono' (DejaVuSansMono-BoldOblique.ttf) oblique normal 700 normal>) = 11.335
2026-06-26 14:53:13,825 DEBUG matplotlib.font_manager: findfont: score(<Font 'STIXSizeOneSym' (STIXSizOneSymBol.ttf) normal normal 700 normal>) = 10.335
2026-06-26 14:53:13,825 DEBUG matplotlib.font_manager: findfont: score(<Font 'DejaVu Serif' (DejaVuSerif-BoldItalic.ttf) italic normal 700 normal>) = 11.335
2026-06-26 14:53:13,825 DEBUG matplotlib.font_manager: findfont: score(<Font 'STIXSizeThreeSym' (STIXSizThreeSymReg.ttf) normal normal 400 normal>) = 0.05
2026-06-26 14:53:13,826 DEBUG matplotlib.font_manager: findfont: score(<Font 'cmtt10' (cmtt10.ttf) normal normal 400 normal>) = 10.05
2026-06-26 14:53:13,826 DEBUG matplotlib.font_manager: findfont: score(<Font 'STIXSizeTwoSym' (STIXSizTwoSymBol.ttf) normal normal 700 normal>) = 10.335
2026-06-26 14:53:13,826 DEBUG matplotlib.font_manager: findfont: score(<Font 'STIXSizeTwoSym' (STIXSizTwoSymReg.ttf) normal normal 400 normal>) = 10.05
2026-06-26 14:53:13,826 DEBUG matplotlib.font_manager: findfont: score(<Font 'DejaVu Serif Display' (DejaVuSerifDisplay.ttf) normal normal 400 normal>) = 10.05
2026-06-26 14:53:13,826 DEBUG matplotlib.font_manager: findfont: score(<Font 'DejaVu Sans' (DejaVuSans-Bold.ttf) normal normal 700 normal>) = 10.335
2026-06-26 14:53:13,826 DEBUG matplotlib.font_manager: findfont: score(<Font 'cmex10' (cmex10.ttf) normal normal 400 normal>) = 10.05
2026-06-26 14:53:13,826 DEBUG matplotlib.font_manager: findfont: score(<Font 'STIXNonUnicode' (STIXNonUniBolIta.ttf) italic normal 700 normal>) = 11.335
2026-06-26 14:53:13,826 DEBUG matplotlib.font_manager: findfont: score(<Font 'STIXGeneral' (STIXGeneralBolIta.ttf) italic normal 700 normal>) = 11.335
2026-06-26 14:53:13,826 DEBUG matplotlib.font_manager: findfont: score(<Font 'DejaVu Serif' (DejaVuSerif-Bold.ttf) normal normal 700 normal>) = 10.335
2026-06-26 14:53:13,826 DEBUG matplotlib.font_manager: findfont: score(<Font 'DejaVu Serif' (DejaVuSerif-Italic.ttf) italic normal 400 normal>) = 11.05
2026-06-26 14:53:13,826 DEBUG matplotlib.font_manager: findfont: score(<Font 'DejaVu Serif' (DejaVuSerif.ttf) normal normal 400 normal>) = 10.05
2026-06-26 14:53:13,826 DEBUG matplotlib.font_manager: findfont: score(<Font 'cmr10' (cmr10.ttf) normal normal 400 normal>) = 10.05
2026-06-26 14:53:13,826 DEBUG matplotlib.font_manager: findfont: score(<Font 'DejaVu Sans' (DejaVuSans-Oblique.ttf) oblique normal 400 normal>) = 11.05
2026-06-26 14:53:13,826 DEBUG matplotlib.font_manager: findfont: score(<Font 'DejaVu Sans Mono' (DejaVuSansMono-Oblique.ttf) oblique normal 400 normal>) = 11.05
2026-06-26 14:53:13,826 DEBUG matplotlib.font_manager: findfont: score(<Font 'DejaVu Sans Mono' (DejaVuSansMono-Bold.ttf) normal normal 700 normal>) = 10.335
2026-06-26 14:53:13,826 DEBUG matplotlib.font_manager: findfont: score(<Font 'STIXGeneral' (STIXGeneralItalic.ttf) italic normal 400 normal>) = 11.05
2026-06-26 14:53:13,826 DEBUG matplotlib.font_manager: findfont: score(<Font 'STIXSizeThreeSym' (STIXSizThreeSymBol.ttf) normal normal 700 normal>) = 0.33499999999999996
2026-06-26 14:53:13,826 DEBUG matplotlib.font_manager: findfont: score(<Font 'STIXGeneral' (STIXGeneralBol.ttf) normal normal 700 normal>) = 10.335
2026-06-26 14:53:13,826 DEBUG matplotlib.font_manager: findfont: score(<Font 'DejaVu Sans' (DejaVuSans-BoldOblique.ttf) oblique normal 700 normal>) = 11.335
2026-06-26 14:53:13,826 DEBUG matplotlib.font_manager: findfont: score(<Font 'STIXSizeFiveSym' (STIXSizFiveSymReg.ttf) normal normal 400 normal>) = 10.05
2026-06-26 14:53:13,826 DEBUG matplotlib.font_manager: findfont: score(<Font 'DejaVu Sans' (DejaVuSans.ttf) normal normal 400 normal>) = 10.05
2026-06-26 14:53:13,826 DEBUG matplotlib.font_manager: findfont: score(<Font 'cmsy10' (cmsy10.ttf) normal normal 400 normal>) = 10.05
2026-06-26 14:53:13,826 DEBUG matplotlib.font_manager: findfont: score(<Font 'STIXNonUnicode' (STIXNonUni.ttf) normal normal 400 normal>) = 10.05
2026-06-26 14:53:13,826 DEBUG matplotlib.font_manager: findfont: score(<Font 'DejaVu Sans Mono' (DejaVuSansMono.ttf) normal normal 400 normal>) = 10.05
2026-06-26 14:53:13,826 DEBUG matplotlib.font_manager: findfont: score(<Font 'DejaVu Sans Display' (DejaVuSansDisplay.ttf) normal normal 400 normal>) = 10.05
2026-06-26 14:53:13,826 DEBUG matplotlib.font_manager: findfont: score(<Font 'cmss10' (cmss10.ttf) normal normal 400 normal>) = 10.05
2026-06-26 14:53:13,826 DEBUG matplotlib.font_manager: findfont: score(<Font 'STIXNonUnicode' (STIXNonUniBol.ttf) normal normal 700 normal>) = 10.335
2026-06-26 14:53:13,826 DEBUG matplotlib.font_manager: findfont: score(<Font 'cmb10' (cmb10.ttf) normal normal 400 normal>) = 10.05
2026-06-26 14:53:13,826 DEBUG matplotlib.font_manager: findfont: score(<Font 'cmmi10' (cmmi10.ttf) normal normal 400 normal>) = 10.05
2026-06-26 14:53:13,826 DEBUG matplotlib.font_manager: findfont: score(<Font 'STIXSizeOneSym' (STIXSizOneSymReg.ttf) normal normal 400 normal>) = 10.05
2026-06-26 14:53:13,826 DEBUG matplotlib.font_manager: findfont: score(<Font 'STIXSizeFourSym' (STIXSizFourSymReg.ttf) normal normal 400 normal>) = 10.05
2026-06-26 14:53:13,827 DEBUG matplotlib.font_manager: findfont: score(<Font 'STIXGeneral' (STIXGeneral.ttf) normal normal 400 normal>) = 10.05
2026-06-26 14:53:13,827 DEBUG matplotlib.font_manager: findfont: score(<Font 'STIXNonUnicode' (STIXNonUniIta.ttf) italic normal 400 normal>) = 11.05
2026-06-26 14:53:13,827 DEBUG matplotlib.font_manager: findfont: score(<Font 'DejaVu Serif' (DejaVuSerif-Bold.ttf) normal normal 700 normal>) = 10.335
2026-06-26 14:53:13,827 DEBUG matplotlib.font_manager: findfont: score(<Font 'DejaVu Sans Mono' (DejaVuSansMono-Bold.ttf) normal normal 700 normal>) = 10.335
2026-06-26 14:53:13,827 DEBUG matplotlib.font_manager: findfont: score(<Font 'DejaVu Serif' (DejaVuSerif.ttf) normal normal 400 normal>) = 10.05
2026-06-26 14:53:13,827 DEBUG matplotlib.font_manager: findfont: score(<Font 'DejaVu Sans' (DejaVuSans-Bold.ttf) normal normal 700 normal>) = 10.335
2026-06-26 14:53:13,827 DEBUG matplotlib.font_manager: findfont: score(<Font 'DejaVu Sans Mono' (DejaVuSansMono.ttf) normal normal 400 normal>) = 10.05
2026-06-26 14:53:13,827 DEBUG matplotlib.font_manager: findfont: score(<Font 'DejaVu Sans' (DejaVuSans.ttf) normal normal 400 normal>) = 10.05
2026-06-26 14:53:13,827 DEBUG matplotlib.font_manager: findfont: Matching STIXSizeThreeSym:style=normal:variant=normal:weight=normal:stretch=normal:size=10.0 to STIXSizeThreeSym ('/tmp/_MEIF0qp76/matplotlib/mpl-data/fonts/ttf/STIXSizThreeSymReg.ttf') with score of 0.050000.
2026-06-26 14:53:13,828 DEBUG matplotlib.font_manager: findfont: Matching STIXSizeFourSym:style=normal:variant=normal:weight=normal:stretch=normal:size=10.0.
2026-06-26 14:53:13,828 DEBUG matplotlib.font_manager: findfont: score(<Font 'STIXSizeFourSym' (STIXSizFourSymBol.ttf) normal normal 700 normal>) = 0.33499999999999996
2026-06-26 14:53:13,828 DEBUG matplotlib.font_manager: findfont: score(<Font 'DejaVu Sans Mono' (DejaVuSansMono-BoldOblique.ttf) oblique normal 700 normal>) = 11.335
2026-06-26 14:53:13,828 DEBUG matplotlib.font_manager: findfont: score(<Font 'STIXSizeOneSym' (STIXSizOneSymBol.ttf) normal normal 700 normal>) = 10.335
2026-06-26 14:53:13,828 DEBUG matplotlib.font_manager: findfont: score(<Font 'DejaVu Serif' (DejaVuSerif-BoldItalic.ttf) italic normal 700 normal>) = 11.335
2026-06-26 14:53:13,828 DEBUG matplotlib.font_manager: findfont: score(<Font 'STIXSizeThreeSym' (STIXSizThreeSymReg.ttf) normal normal 400 normal>) = 10.05
2026-06-26 14:53:13,828 DEBUG matplotlib.font_manager: findfont: score(<Font 'cmtt10' (cmtt10.ttf) normal normal 400 normal>) = 10.05
2026-06-26 14:53:13,828 DEBUG matplotlib.font_manager: findfont: score(<Font 'STIXSizeTwoSym' (STIXSizTwoSymBol.ttf) normal normal 700 normal>) = 10.335
2026-06-26 14:53:13,828 DEBUG matplotlib.font_manager: findfont: score(<Font 'STIXSizeTwoSym' (STIXSizTwoSymReg.ttf) normal normal 400 normal>) = 10.05
2026-06-26 14:53:13,828 DEBUG matplotlib.font_manager: findfont: score(<Font 'DejaVu Serif Display' (DejaVuSerifDisplay.ttf) normal normal 400 normal>) = 10.05
2026-06-26 14:53:13,828 DEBUG matplotlib.font_manager: findfont: score(<Font 'DejaVu Sans' (DejaVuSans-Bold.ttf) normal normal 700 normal>) = 10.335
2026-06-26 14:53:13,828 DEBUG matplotlib.font_manager: findfont: score(<Font 'cmex10' (cmex10.ttf) normal normal 400 normal>) = 10.05
2026-06-26 14:53:13,828 DEBUG matplotlib.font_manager: findfont: score(<Font 'STIXNonUnicode' (STIXNonUniBolIta.ttf) italic normal 700 normal>) = 11.335
2026-06-26 14:53:13,829 DEBUG matplotlib.font_manager: findfont: score(<Font 'STIXGeneral' (STIXGeneralBolIta.ttf) italic normal 700 normal>) = 11.335
2026-06-26 14:53:13,829 DEBUG matplotlib.font_manager: findfont: score(<Font 'DejaVu Serif' (DejaVuSerif-Bold.ttf) normal normal 700 normal>) = 10.335
2026-06-26 14:53:13,829 DEBUG matplotlib.font_manager: findfont: score(<Font 'DejaVu Serif' (DejaVuSerif-Italic.ttf) italic normal 400 normal>) = 11.05
2026-06-26 14:53:13,829 DEBUG matplotlib.font_manager: findfont: score(<Font 'DejaVu Serif' (DejaVuSerif.ttf) normal normal 400 normal>) = 10.05
2026-06-26 14:53:13,829 DEBUG matplotlib.font_manager: findfont: score(<Font 'cmr10' (cmr10.ttf) normal normal 400 normal>) = 10.05
2026-06-26 14:53:13,829 DEBUG matplotlib.font_manager: findfont: score(<Font 'DejaVu Sans' (DejaVuSans-Oblique.ttf) oblique normal 400 normal>) = 11.05
2026-06-26 14:53:13,829 DEBUG matplotlib.font_manager: findfont: score(<Font 'DejaVu Sans Mono' (DejaVuSansMono-Oblique.ttf) oblique normal 400 normal>) = 11.05
2026-06-26 14:53:13,829 DEBUG matplotlib.font_manager: findfont: score(<Font 'DejaVu Sans Mono' (DejaVuSansMono-Bold.ttf) normal normal 700 normal>) = 10.335
2026-06-26 14:53:13,829 DEBUG matplotlib.font_manager: findfont: score(<Font 'STIXGeneral' (STIXGeneralItalic.ttf) italic normal 400 normal>) = 11.05
2026-06-26 14:53:13,829 DEBUG matplotlib.font_manager: findfont: score(<Font 'STIXSizeThreeSym' (STIXSizThreeSymBol.ttf) normal normal 700 normal>) = 10.335
2026-06-26 14:53:13,829 DEBUG matplotlib.font_manager: findfont: score(<Font 'STIXGeneral' (STIXGeneralBol.ttf) normal normal 700 normal>) = 10.335
2026-06-26 14:53:13,829 DEBUG matplotlib.font_manager: findfont: score(<Font 'DejaVu Sans' (DejaVuSans-BoldOblique.ttf) oblique normal 700 normal>) = 11.335
2026-06-26 14:53:13,829 DEBUG matplotlib.font_manager: findfont: score(<Font 'STIXSizeFiveSym' (STIXSizFiveSymReg.ttf) normal normal 400 normal>) = 10.05
2026-06-26 14:53:13,829 DEBUG matplotlib.font_manager: findfont: score(<Font 'DejaVu Sans' (DejaVuSans.ttf) normal normal 400 normal>) = 10.05
2026-06-26 14:53:13,829 DEBUG matplotlib.font_manager: findfont: score(<Font 'cmsy10' (cmsy10.ttf) normal normal 400 normal>) = 10.05
2026-06-26 14:53:13,829 DEBUG matplotlib.font_manager: findfont: score(<Font 'STIXNonUnicode' (STIXNonUni.ttf) normal normal 400 normal>) = 10.05
2026-06-26 14:53:13,829 DEBUG matplotlib.font_manager: findfont: score(<Font 'DejaVu Sans Mono' (DejaVuSansMono.ttf) normal normal 400 normal>) = 10.05
2026-06-26 14:53:13,829 DEBUG matplotlib.font_manager: findfont: score(<Font 'DejaVu Sans Display' (DejaVuSansDisplay.ttf) normal normal 400 normal>) = 10.05
2026-06-26 14:53:13,829 DEBUG matplotlib.font_manager: findfont: score(<Font 'cmss10' (cmss10.ttf) normal normal 400 normal>) = 10.05
2026-06-26 14:53:13,829 DEBUG matplotlib.font_manager: findfont: score(<Font 'STIXNonUnicode' (STIXNonUniBol.ttf) normal normal 700 normal>) = 10.335
2026-06-26 14:53:13,829 DEBUG matplotlib.font_manager: findfont: score(<Font 'cmb10' (cmb10.ttf) normal normal 400 normal>) = 10.05
2026-06-26 14:53:13,829 DEBUG matplotlib.font_manager: findfont: score(<Font 'cmmi10' (cmmi10.ttf) normal normal 400 normal>) = 10.05
2026-06-26 14:53:13,829 DEBUG matplotlib.font_manager: findfont: score(<Font 'STIXSizeOneSym' (STIXSizOneSymReg.ttf) normal normal 400 normal>) = 10.05
2026-06-26 14:53:13,829 DEBUG matplotlib.font_manager: findfont: score(<Font 'STIXSizeFourSym' (STIXSizFourSymReg.ttf) normal normal 400 normal>) = 0.05
2026-06-26 14:53:13,829 DEBUG matplotlib.font_manager: findfont: score(<Font 'STIXGeneral' (STIXGeneral.ttf) normal normal 400 normal>) = 10.05
2026-06-26 14:53:13,829 DEBUG matplotlib.font_manager: findfont: score(<Font 'STIXNonUnicode' (STIXNonUniIta.ttf) italic normal 400 normal>) = 11.05
2026-06-26 14:53:13,829 DEBUG matplotlib.font_manager: findfont: score(<Font 'DejaVu Serif' (DejaVuSerif-Bold.ttf) normal normal 700 normal>) = 10.335
2026-06-26 14:53:13,829 DEBUG matplotlib.font_manager: findfont: score(<Font 'DejaVu Sans Mono' (DejaVuSansMono-Bold.ttf) normal normal 700 normal>) = 10.335
2026-06-26 14:53:13,829 DEBUG matplotlib.font_manager: findfont: score(<Font 'DejaVu Serif' (DejaVuSerif.ttf) normal normal 400 normal>) = 10.05
2026-06-26 14:53:13,829 DEBUG matplotlib.font_manager: findfont: score(<Font 'DejaVu Sans' (DejaVuSans-Bold.ttf) normal normal 700 normal>) = 10.335
2026-06-26 14:53:13,829 DEBUG matplotlib.font_manager: findfont: score(<Font 'DejaVu Sans Mono' (DejaVuSansMono.ttf) normal normal 400 normal>) = 10.05
2026-06-26 14:53:13,829 DEBUG matplotlib.font_manager: findfont: score(<Font 'DejaVu Sans' (DejaVuSans.ttf) normal normal 400 normal>) = 10.05
2026-06-26 14:53:13,830 DEBUG matplotlib.font_manager: findfont: Matching STIXSizeFourSym:style=normal:variant=normal:weight=normal:stretch=normal:size=10.0 to STIXSizeFourSym ('/tmp/_MEIF0qp76/matplotlib/mpl-data/fonts/ttf/STIXSizFourSymReg.ttf') with score of 0.050000.
2026-06-26 14:53:13,830 DEBUG matplotlib.font_manager: findfont: Matching STIXSizeFiveSym:style=normal:variant=normal:weight=normal:stretch=normal:size=10.0.
2026-06-26 14:53:13,830 DEBUG matplotlib.font_manager: findfont: score(<Font 'STIXSizeFourSym' (STIXSizFourSymBol.ttf) normal normal 700 normal>) = 10.335
2026-06-26 14:53:13,830 DEBUG matplotlib.font_manager: findfont: score(<Font 'DejaVu Sans Mono' (DejaVuSansMono-BoldOblique.ttf) oblique normal 700 normal>) = 11.335
2026-06-26 14:53:13,830 DEBUG matplotlib.font_manager: findfont: score(<Font 'STIXSizeOneSym' (STIXSizOneSymBol.ttf) normal normal 700 normal>) = 10.335
2026-06-26 14:53:13,830 DEBUG matplotlib.font_manager: findfont: score(<Font 'DejaVu Serif' (DejaVuSerif-BoldItalic.ttf) italic normal 700 normal>) = 11.335
2026-06-26 14:53:13,830 DEBUG matplotlib.font_manager: findfont: score(<Font 'STIXSizeThreeSym' (STIXSizThreeSymReg.ttf) normal normal 400 normal>) = 10.05
2026-06-26 14:53:13,830 DEBUG matplotlib.font_manager: findfont: score(<Font 'cmtt10' (cmtt10.ttf) normal normal 400 normal>) = 10.05
2026-06-26 14:53:13,830 DEBUG matplotlib.font_manager: findfont: score(<Font 'STIXSizeTwoSym' (STIXSizTwoSymBol.ttf) normal normal 700 normal>) = 10.335
2026-06-26 14:53:13,831 DEBUG matplotlib.font_manager: findfont: score(<Font 'STIXSizeTwoSym' (STIXSizTwoSymReg.ttf) normal normal 400 normal>) = 10.05
2026-06-26 14:53:13,831 DEBUG matplotlib.font_manager: findfont: score(<Font 'DejaVu Serif Display' (DejaVuSerifDisplay.ttf) normal normal 400 normal>) = 10.05
2026-06-26 14:53:13,831 DEBUG matplotlib.font_manager: findfont: score(<Font 'DejaVu Sans' (DejaVuSans-Bold.ttf) normal normal 700 normal>) = 10.335
2026-06-26 14:53:13,831 DEBUG matplotlib.font_manager: findfont: score(<Font 'cmex10' (cmex10.ttf) normal normal 400 normal>) = 10.05
2026-06-26 14:53:13,831 DEBUG matplotlib.font_manager: findfont: score(<Font 'STIXNonUnicode' (STIXNonUniBolIta.ttf) italic normal 700 normal>) = 11.335
2026-06-26 14:53:13,831 DEBUG matplotlib.font_manager: findfont: score(<Font 'STIXGeneral' (STIXGeneralBolIta.ttf) italic normal 700 normal>) = 11.335
2026-06-26 14:53:13,831 DEBUG matplotlib.font_manager: findfont: score(<Font 'DejaVu Serif' (DejaVuSerif-Bold.ttf) normal normal 700 normal>) = 10.335
2026-06-26 14:53:13,831 DEBUG matplotlib.font_manager: findfont: score(<Font 'DejaVu Serif' (DejaVuSerif-Italic.ttf) italic normal 400 normal>) = 11.05
2026-06-26 14:53:13,831 DEBUG matplotlib.font_manager: findfont: score(<Font 'DejaVu Serif' (DejaVuSerif.ttf) normal normal 400 normal>) = 10.05
2026-06-26 14:53:13,831 DEBUG matplotlib.font_manager: findfont: score(<Font 'cmr10' (cmr10.ttf) normal normal 400 normal>) = 10.05
2026-06-26 14:53:13,831 DEBUG matplotlib.font_manager: findfont: score(<Font 'DejaVu Sans' (DejaVuSans-Oblique.ttf) oblique normal 400 normal>) = 11.05
2026-06-26 14:53:13,831 DEBUG matplotlib.font_manager: findfont: score(<Font 'DejaVu Sans Mono' (DejaVuSansMono-Oblique.ttf) oblique normal 400 normal>) = 11.05
2026-06-26 14:53:13,832 DEBUG matplotlib.font_manager: findfont: score(<Font 'DejaVu Sans Mono' (DejaVuSansMono-Bold.ttf) normal normal 700 normal>) = 10.335
2026-06-26 14:53:13,832 DEBUG matplotlib.font_manager: findfont: score(<Font 'STIXGeneral' (STIXGeneralItalic.ttf) italic normal 400 normal>) = 11.05
2026-06-26 14:53:13,832 DEBUG matplotlib.font_manager: findfont: score(<Font 'STIXSizeThreeSym' (STIXSizThreeSymBol.ttf) normal normal 700 normal>) = 10.335
2026-06-26 14:53:13,832 DEBUG matplotlib.font_manager: findfont: score(<Font 'STIXGeneral' (STIXGeneralBol.ttf) normal normal 700 normal>) = 10.335
2026-06-26 14:53:13,832 DEBUG matplotlib.font_manager: findfont: score(<Font 'DejaVu Sans' (DejaVuSans-BoldOblique.ttf) oblique normal 700 normal>) = 11.335
2026-06-26 14:53:13,832 DEBUG matplotlib.font_manager: findfont: score(<Font 'STIXSizeFiveSym' (STIXSizFiveSymReg.ttf) normal normal 400 normal>) = 0.05
2026-06-26 14:53:13,832 DEBUG matplotlib.font_manager: findfont: score(<Font 'DejaVu Sans' (DejaVuSans.ttf) normal normal 400 normal>) = 10.05
2026-06-26 14:53:13,832 DEBUG matplotlib.font_manager: findfont: score(<Font 'cmsy10' (cmsy10.ttf) normal normal 400 normal>) = 10.05
2026-06-26 14:53:13,832 DEBUG matplotlib.font_manager: findfont: score(<Font 'STIXNonUnicode' (STIXNonUni.ttf) normal normal 400 normal>) = 10.05
2026-06-26 14:53:13,832 DEBUG matplotlib.font_manager: findfont: score(<Font 'DejaVu Sans Mono' (DejaVuSansMono.ttf) normal normal 400 normal>) = 10.05
2026-06-26 14:53:13,832 DEBUG matplotlib.font_manager: findfont: score(<Font 'DejaVu Sans Display' (DejaVuSansDisplay.ttf) normal normal 400 normal>) = 10.05
2026-06-26 14:53:13,832 DEBUG matplotlib.font_manager: findfont: score(<Font 'cmss10' (cmss10.ttf) normal normal 400 normal>) = 10.05
2026-06-26 14:53:13,832 DEBUG matplotlib.font_manager: findfont: score(<Font 'STIXNonUnicode' (STIXNonUniBol.ttf) normal normal 700 normal>) = 10.335
2026-06-26 14:53:13,832 DEBUG matplotlib.font_manager: findfont: score(<Font 'cmb10' (cmb10.ttf) normal normal 400 normal>) = 10.05
2026-06-26 14:53:13,832 DEBUG matplotlib.font_manager: findfont: score(<Font 'cmmi10' (cmmi10.ttf) normal normal 400 normal>) = 10.05
2026-06-26 14:53:13,832 DEBUG matplotlib.font_manager: findfont: score(<Font 'STIXSizeOneSym' (STIXSizOneSymReg.ttf) normal normal 400 normal>) = 10.05
2026-06-26 14:53:13,832 DEBUG matplotlib.font_manager: findfont: score(<Font 'STIXSizeFourSym' (STIXSizFourSymReg.ttf) normal normal 400 normal>) = 10.05
2026-06-26 14:53:13,832 DEBUG matplotlib.font_manager: findfont: score(<Font 'STIXGeneral' (STIXGeneral.ttf) normal normal 400 normal>) = 10.05
2026-06-26 14:53:13,832 DEBUG matplotlib.font_manager: findfont: score(<Font 'STIXNonUnicode' (STIXNonUniIta.ttf) italic normal 400 normal>) = 11.05
2026-06-26 14:53:13,832 DEBUG matplotlib.font_manager: findfont: score(<Font 'DejaVu Serif' (DejaVuSerif-Bold.ttf) normal normal 700 normal>) = 10.335
2026-06-26 14:53:13,832 DEBUG matplotlib.font_manager: findfont: score(<Font 'DejaVu Sans Mono' (DejaVuSansMono-Bold.ttf) normal normal 700 normal>) = 10.335
2026-06-26 14:53:13,832 DEBUG matplotlib.font_manager: findfont: score(<Font 'DejaVu Serif' (DejaVuSerif.ttf) normal normal 400 normal>) = 10.05
2026-06-26 14:53:13,832 DEBUG matplotlib.font_manager: findfont: score(<Font 'DejaVu Sans' (DejaVuSans-Bold.ttf) normal normal 700 normal>) = 10.335
2026-06-26 14:53:13,832 DEBUG matplotlib.font_manager: findfont: score(<Font 'DejaVu Sans Mono' (DejaVuSansMono.ttf) normal normal 400 normal>) = 10.05
2026-06-26 14:53:13,832 DEBUG matplotlib.font_manager: findfont: score(<Font 'DejaVu Sans' (DejaVuSans.ttf) normal normal 400 normal>) = 10.05
2026-06-26 14:53:13,832 DEBUG matplotlib.font_manager: findfont: Matching STIXSizeFiveSym:style=normal:variant=normal:weight=normal:stretch=normal:size=10.0 to STIXSizeFiveSym ('/tmp/_MEIF0qp76/matplotlib/mpl-data/fonts/ttf/STIXSizFiveSymReg.ttf') with score of 0.050000.
2026-06-26 14:53:13,834 DEBUG matplotlib.font_manager: findfont: Matching cmsy10:style=normal:variant=normal:weight=normal:stretch=normal:size=10.0.
2026-06-26 14:53:13,835 DEBUG matplotlib.font_manager: findfont: score(<Font 'STIXSizeFourSym' (STIXSizFourSymBol.ttf) normal normal 700 normal>) = 10.335
2026-06-26 14:53:13,835 DEBUG matplotlib.font_manager: findfont: score(<Font 'DejaVu Sans Mono' (DejaVuSansMono-BoldOblique.ttf) oblique normal 700 normal>) = 11.335
2026-06-26 14:53:13,835 DEBUG matplotlib.font_manager: findfont: score(<Font 'STIXSizeOneSym' (STIXSizOneSymBol.ttf) normal normal 700 normal>) = 10.335
2026-06-26 14:53:13,835 DEBUG matplotlib.font_manager: findfont: score(<Font 'DejaVu Serif' (DejaVuSerif-BoldItalic.ttf) italic normal 700 normal>) = 11.335
2026-06-26 14:53:13,835 DEBUG matplotlib.font_manager: findfont: score(<Font 'STIXSizeThreeSym' (STIXSizThreeSymReg.ttf) normal normal 400 normal>) = 10.05
2026-06-26 14:53:13,835 DEBUG matplotlib.font_manager: findfont: score(<Font 'cmtt10' (cmtt10.ttf) normal normal 400 normal>) = 10.05
2026-06-26 14:53:13,835 DEBUG matplotlib.font_manager: findfont: score(<Font 'STIXSizeTwoSym' (STIXSizTwoSymBol.ttf) normal normal 700 normal>) = 10.335
2026-06-26 14:53:13,835 DEBUG matplotlib.font_manager: findfont: score(<Font 'STIXSizeTwoSym' (STIXSizTwoSymReg.ttf) normal normal 400 normal>) = 10.05
2026-06-26 14:53:13,835 DEBUG matplotlib.font_manager: findfont: score(<Font 'DejaVu Serif Display' (DejaVuSerifDisplay.ttf) normal normal 400 normal>) = 10.05
2026-06-26 14:53:13,835 DEBUG matplotlib.font_manager: findfont: score(<Font 'DejaVu Sans' (DejaVuSans-Bold.ttf) normal normal 700 normal>) = 10.335
2026-06-26 14:53:13,835 DEBUG matplotlib.font_manager: findfont: score(<Font 'cmex10' (cmex10.ttf) normal normal 400 normal>) = 10.05
2026-06-26 14:53:13,835 DEBUG matplotlib.font_manager: findfont: score(<Font 'STIXNonUnicode' (STIXNonUniBolIta.ttf) italic normal 700 normal>) = 11.335
2026-06-26 14:53:13,835 DEBUG matplotlib.font_manager: findfont: score(<Font 'STIXGeneral' (STIXGeneralBolIta.ttf) italic normal 700 normal>) = 11.335
2026-06-26 14:53:13,835 DEBUG matplotlib.font_manager: findfont: score(<Font 'DejaVu Serif' (DejaVuSerif-Bold.ttf) normal normal 700 normal>) = 10.335
2026-06-26 14:53:13,835 DEBUG matplotlib.font_manager: findfont: score(<Font 'DejaVu Serif' (DejaVuSerif-Italic.ttf) italic normal 400 normal>) = 11.05
2026-06-26 14:53:13,835 DEBUG matplotlib.font_manager: findfont: score(<Font 'DejaVu Serif' (DejaVuSerif.ttf) normal normal 400 normal>) = 10.05
2026-06-26 14:53:13,835 DEBUG matplotlib.font_manager: findfont: score(<Font 'cmr10' (cmr10.ttf) normal normal 400 normal>) = 10.05
2026-06-26 14:53:13,835 DEBUG matplotlib.font_manager: findfont: score(<Font 'DejaVu Sans' (DejaVuSans-Oblique.ttf) oblique normal 400 normal>) = 11.05
2026-06-26 14:53:13,835 DEBUG matplotlib.font_manager: findfont: score(<Font 'DejaVu Sans Mono' (DejaVuSansMono-Oblique.ttf) oblique normal 400 normal>) = 11.05
2026-06-26 14:53:13,835 DEBUG matplotlib.font_manager: findfont: score(<Font 'DejaVu Sans Mono' (DejaVuSansMono-Bold.ttf) normal normal 700 normal>) = 10.335
2026-06-26 14:53:13,835 DEBUG matplotlib.font_manager: findfont: score(<Font 'STIXGeneral' (STIXGeneralItalic.ttf) italic normal 400 normal>) = 11.05
2026-06-26 14:53:13,835 DEBUG matplotlib.font_manager: findfont: score(<Font 'STIXSizeThreeSym' (STIXSizThreeSymBol.ttf) normal normal 700 normal>) = 10.335
2026-06-26 14:53:13,835 DEBUG matplotlib.font_manager: findfont: score(<Font 'STIXGeneral' (STIXGeneralBol.ttf) normal normal 700 normal>) = 10.335
2026-06-26 14:53:13,835 DEBUG matplotlib.font_manager: findfont: score(<Font 'DejaVu Sans' (DejaVuSans-BoldOblique.ttf) oblique normal 700 normal>) = 11.335
2026-06-26 14:53:13,835 DEBUG matplotlib.font_manager: findfont: score(<Font 'STIXSizeFiveSym' (STIXSizFiveSymReg.ttf) normal normal 400 normal>) = 10.05
2026-06-26 14:53:13,835 DEBUG matplotlib.font_manager: findfont: score(<Font 'DejaVu Sans' (DejaVuSans.ttf) normal normal 400 normal>) = 10.05
2026-06-26 14:53:13,835 DEBUG matplotlib.font_manager: findfont: score(<Font 'cmsy10' (cmsy10.ttf) normal normal 400 normal>) = 0.05
2026-06-26 14:53:13,835 DEBUG matplotlib.font_manager: findfont: score(<Font 'STIXNonUnicode' (STIXNonUni.ttf) normal normal 400 normal>) = 10.05
2026-06-26 14:53:13,835 DEBUG matplotlib.font_manager: findfont: score(<Font 'DejaVu Sans Mono' (DejaVuSansMono.ttf) normal normal 400 normal>) = 10.05
2026-06-26 14:53:13,835 DEBUG matplotlib.font_manager: findfont: score(<Font 'DejaVu Sans Display' (DejaVuSansDisplay.ttf) normal normal 400 normal>) = 10.05
2026-06-26 14:53:13,835 DEBUG matplotlib.font_manager: findfont: score(<Font 'cmss10' (cmss10.ttf) normal normal 400 normal>) = 10.05
2026-06-26 14:53:13,835 DEBUG matplotlib.font_manager: findfont: score(<Font 'STIXNonUnicode' (STIXNonUniBol.ttf) normal normal 700 normal>) = 10.335
2026-06-26 14:53:13,835 DEBUG matplotlib.font_manager: findfont: score(<Font 'cmb10' (cmb10.ttf) normal normal 400 normal>) = 10.05
2026-06-26 14:53:13,836 DEBUG matplotlib.font_manager: findfont: score(<Font 'cmmi10' (cmmi10.ttf) normal normal 400 normal>) = 10.05
2026-06-26 14:53:13,836 DEBUG matplotlib.font_manager: findfont: score(<Font 'STIXSizeOneSym' (STIXSizOneSymReg.ttf) normal normal 400 normal>) = 10.05
2026-06-26 14:53:13,836 DEBUG matplotlib.font_manager: findfont: score(<Font 'STIXSizeFourSym' (STIXSizFourSymReg.ttf) normal normal 400 normal>) = 10.05
2026-06-26 14:53:13,836 DEBUG matplotlib.font_manager: findfont: score(<Font 'STIXGeneral' (STIXGeneral.ttf) normal normal 400 normal>) = 10.05
2026-06-26 14:53:13,836 DEBUG matplotlib.font_manager: findfont: score(<Font 'STIXNonUnicode' (STIXNonUniIta.ttf) italic normal 400 normal>) = 11.05
2026-06-26 14:53:13,836 DEBUG matplotlib.font_manager: findfont: score(<Font 'DejaVu Serif' (DejaVuSerif-Bold.ttf) normal normal 700 normal>) = 10.335
2026-06-26 14:53:13,836 DEBUG matplotlib.font_manager: findfont: score(<Font 'DejaVu Sans Mono' (DejaVuSansMono-Bold.ttf) normal normal 700 normal>) = 10.335
2026-06-26 14:53:13,836 DEBUG matplotlib.font_manager: findfont: score(<Font 'DejaVu Serif' (DejaVuSerif.ttf) normal normal 400 normal>) = 10.05
2026-06-26 14:53:13,836 DEBUG matplotlib.font_manager: findfont: score(<Font 'DejaVu Sans' (DejaVuSans-Bold.ttf) normal normal 700 normal>) = 10.335
2026-06-26 14:53:13,836 DEBUG matplotlib.font_manager: findfont: score(<Font 'DejaVu Sans Mono' (DejaVuSansMono.ttf) normal normal 400 normal>) = 10.05
2026-06-26 14:53:13,836 DEBUG matplotlib.font_manager: findfont: score(<Font 'DejaVu Sans' (DejaVuSans.ttf) normal normal 400 normal>) = 10.05
2026-06-26 14:53:13,836 DEBUG matplotlib.font_manager: findfont: Matching cmsy10:style=normal:variant=normal:weight=normal:stretch=normal:size=10.0 to cmsy10 ('/tmp/_MEIF0qp76/matplotlib/mpl-data/fonts/ttf/cmsy10.ttf') with score of 0.050000.
2026-06-26 14:53:13,836 DEBUG matplotlib.font_manager: findfont: Matching cmr10:style=normal:variant=normal:weight=normal:stretch=normal:size=10.0.
2026-06-26 14:53:13,836 DEBUG matplotlib.font_manager: findfont: score(<Font 'STIXSizeFourSym' (STIXSizFourSymBol.ttf) normal normal 700 normal>) = 10.335
2026-06-26 14:53:13,836 DEBUG matplotlib.font_manager: findfont: score(<Font 'DejaVu Sans Mono' (DejaVuSansMono-BoldOblique.ttf) oblique normal 700 normal>) = 11.335
2026-06-26 14:53:13,836 DEBUG matplotlib.font_manager: findfont: score(<Font 'STIXSizeOneSym' (STIXSizOneSymBol.ttf) normal normal 700 normal>) = 10.335
2026-06-26 14:53:13,836 DEBUG matplotlib.font_manager: findfont: score(<Font 'DejaVu Serif' (DejaVuSerif-BoldItalic.ttf) italic normal 700 normal>) = 11.335
2026-06-26 14:53:13,836 DEBUG matplotlib.font_manager: findfont: score(<Font 'STIXSizeThreeSym' (STIXSizThreeSymReg.ttf) normal normal 400 normal>) = 10.05
2026-06-26 14:53:13,836 DEBUG matplotlib.font_manager: findfont: score(<Font 'cmtt10' (cmtt10.ttf) normal normal 400 normal>) = 10.05
2026-06-26 14:53:13,836 DEBUG matplotlib.font_manager: findfont: score(<Font 'STIXSizeTwoSym' (STIXSizTwoSymBol.ttf) normal normal 700 normal>) = 10.335
2026-06-26 14:53:13,836 DEBUG matplotlib.font_manager: findfont: score(<Font 'STIXSizeTwoSym' (STIXSizTwoSymReg.ttf) normal normal 400 normal>) = 10.05
2026-06-26 14:53:13,836 DEBUG matplotlib.font_manager: findfont: score(<Font 'DejaVu Serif Display' (DejaVuSerifDisplay.ttf) normal normal 400 normal>) = 10.05
2026-06-26 14:53:13,836 DEBUG matplotlib.font_manager: findfont: score(<Font 'DejaVu Sans' (DejaVuSans-Bold.ttf) normal normal 700 normal>) = 10.335
2026-06-26 14:53:13,836 DEBUG matplotlib.font_manager: findfont: score(<Font 'cmex10' (cmex10.ttf) normal normal 400 normal>) = 10.05
2026-06-26 14:53:13,836 DEBUG matplotlib.font_manager: findfont: score(<Font 'STIXNonUnicode' (STIXNonUniBolIta.ttf) italic normal 700 normal>) = 11.335
2026-06-26 14:53:13,837 DEBUG matplotlib.font_manager: findfont: score(<Font 'STIXGeneral' (STIXGeneralBolIta.ttf) italic normal 700 normal>) = 11.335
2026-06-26 14:53:13,837 DEBUG matplotlib.font_manager: findfont: score(<Font 'DejaVu Serif' (DejaVuSerif-Bold.ttf) normal normal 700 normal>) = 10.335
2026-06-26 14:53:13,837 DEBUG matplotlib.font_manager: findfont: score(<Font 'DejaVu Serif' (DejaVuSerif-Italic.ttf) italic normal 400 normal>) = 11.05
2026-06-26 14:53:13,837 DEBUG matplotlib.font_manager: findfont: score(<Font 'DejaVu Serif' (DejaVuSerif.ttf) normal normal 400 normal>) = 10.05
2026-06-26 14:53:13,837 DEBUG matplotlib.font_manager: findfont: score(<Font 'cmr10' (cmr10.ttf) normal normal 400 normal>) = 0.05
2026-06-26 14:53:13,837 DEBUG matplotlib.font_manager: findfont: score(<Font 'DejaVu Sans' (DejaVuSans-Oblique.ttf) oblique normal 400 normal>) = 11.05
2026-06-26 14:53:13,837 DEBUG matplotlib.font_manager: findfont: score(<Font 'DejaVu Sans Mono' (DejaVuSansMono-Oblique.ttf) oblique normal 400 normal>) = 11.05
2026-06-26 14:53:13,837 DEBUG matplotlib.font_manager: findfont: score(<Font 'DejaVu Sans Mono' (DejaVuSansMono-Bold.ttf) normal normal 700 normal>) = 10.335
2026-06-26 14:53:13,837 DEBUG matplotlib.font_manager: findfont: score(<Font 'STIXGeneral' (STIXGeneralItalic.ttf) italic normal 400 normal>) = 11.05
2026-06-26 14:53:13,837 DEBUG matplotlib.font_manager: findfont: score(<Font 'STIXSizeThreeSym' (STIXSizThreeSymBol.ttf) normal normal 700 normal>) = 10.335
2026-06-26 14:53:13,837 DEBUG matplotlib.font_manager: findfont: score(<Font 'STIXGeneral' (STIXGeneralBol.ttf) normal normal 700 normal>) = 10.335
2026-06-26 14:53:13,837 DEBUG matplotlib.font_manager: findfont: score(<Font 'DejaVu Sans' (DejaVuSans-BoldOblique.ttf) oblique normal 700 normal>) = 11.335
2026-06-26 14:53:13,837 DEBUG matplotlib.font_manager: findfont: score(<Font 'STIXSizeFiveSym' (STIXSizFiveSymReg.ttf) normal normal 400 normal>) = 10.05
2026-06-26 14:53:13,837 DEBUG matplotlib.font_manager: findfont: score(<Font 'DejaVu Sans' (DejaVuSans.ttf) normal normal 400 normal>) = 10.05
2026-06-26 14:53:13,837 DEBUG matplotlib.font_manager: findfont: score(<Font 'cmsy10' (cmsy10.ttf) normal normal 400 normal>) = 10.05
2026-06-26 14:53:13,837 DEBUG matplotlib.font_manager: findfont: score(<Font 'STIXNonUnicode' (STIXNonUni.ttf) normal normal 400 normal>) = 10.05
2026-06-26 14:53:13,837 DEBUG matplotlib.font_manager: findfont: score(<Font 'DejaVu Sans Mono' (DejaVuSansMono.ttf) normal normal 400 normal>) = 10.05
2026-06-26 14:53:13,837 DEBUG matplotlib.font_manager: findfont: score(<Font 'DejaVu Sans Display' (DejaVuSansDisplay.ttf) normal normal 400 normal>) = 10.05
2026-06-26 14:53:13,837 DEBUG matplotlib.font_manager: findfont: score(<Font 'cmss10' (cmss10.ttf) normal normal 400 normal>) = 10.05
2026-06-26 14:53:13,837 DEBUG matplotlib.font_manager: findfont: score(<Font 'STIXNonUnicode' (STIXNonUniBol.ttf) normal normal 700 normal>) = 10.335
2026-06-26 14:53:13,837 DEBUG matplotlib.font_manager: findfont: score(<Font 'cmb10' (cmb10.ttf) normal normal 400 normal>) = 10.05
2026-06-26 14:53:13,837 DEBUG matplotlib.font_manager: findfont: score(<Font 'cmmi10' (cmmi10.ttf) normal normal 400 normal>) = 10.05
2026-06-26 14:53:13,837 DEBUG matplotlib.font_manager: findfont: score(<Font 'STIXSizeOneSym' (STIXSizOneSymReg.ttf) normal normal 400 normal>) = 10.05
2026-06-26 14:53:13,837 DEBUG matplotlib.font_manager: findfont: score(<Font 'STIXSizeFourSym' (STIXSizFourSymReg.ttf) normal normal 400 normal>) = 10.05
2026-06-26 14:53:13,837 DEBUG matplotlib.font_manager: findfont: score(<Font 'STIXGeneral' (STIXGeneral.ttf) normal normal 400 normal>) = 10.05
2026-06-26 14:53:13,837 DEBUG matplotlib.font_manager: findfont: score(<Font 'STIXNonUnicode' (STIXNonUniIta.ttf) italic normal 400 normal>) = 11.05
2026-06-26 14:53:13,837 DEBUG matplotlib.font_manager: findfont: score(<Font 'DejaVu Serif' (DejaVuSerif-Bold.ttf) normal normal 700 normal>) = 10.335
2026-06-26 14:53:13,837 DEBUG matplotlib.font_manager: findfont: score(<Font 'DejaVu Sans Mono' (DejaVuSansMono-Bold.ttf) normal normal 700 normal>) = 10.335
2026-06-26 14:53:13,837 DEBUG matplotlib.font_manager: findfont: score(<Font 'DejaVu Serif' (DejaVuSerif.ttf) normal normal 400 normal>) = 10.05
2026-06-26 14:53:13,837 DEBUG matplotlib.font_manager: findfont: score(<Font 'DejaVu Sans' (DejaVuSans-Bold.ttf) normal normal 700 normal>) = 10.335
2026-06-26 14:53:13,837 DEBUG matplotlib.font_manager: findfont: score(<Font 'DejaVu Sans Mono' (DejaVuSansMono.ttf) normal normal 400 normal>) = 10.05
2026-06-26 14:53:13,837 DEBUG matplotlib.font_manager: findfont: score(<Font 'DejaVu Sans' (DejaVuSans.ttf) normal normal 400 normal>) = 10.05
2026-06-26 14:53:13,837 DEBUG matplotlib.font_manager: findfont: Matching cmr10:style=normal:variant=normal:weight=normal:stretch=normal:size=10.0 to cmr10 ('/tmp/_MEIF0qp76/matplotlib/mpl-data/fonts/ttf/cmr10.ttf') with score of 0.050000.
2026-06-26 14:53:13,838 DEBUG matplotlib.font_manager: findfont: Matching cmtt10:style=normal:variant=normal:weight=normal:stretch=normal:size=10.0.
2026-06-26 14:53:13,838 DEBUG matplotlib.font_manager: findfont: score(<Font 'STIXSizeFourSym' (STIXSizFourSymBol.ttf) normal normal 700 normal>) = 10.335
2026-06-26 14:53:13,838 DEBUG matplotlib.font_manager: findfont: score(<Font 'DejaVu Sans Mono' (DejaVuSansMono-BoldOblique.ttf) oblique normal 700 normal>) = 11.335
2026-06-26 14:53:13,838 DEBUG matplotlib.font_manager: findfont: score(<Font 'STIXSizeOneSym' (STIXSizOneSymBol.ttf) normal normal 700 normal>) = 10.335
2026-06-26 14:53:13,838 DEBUG matplotlib.font_manager: findfont: score(<Font 'DejaVu Serif' (DejaVuSerif-BoldItalic.ttf) italic normal 700 normal>) = 11.335
2026-06-26 14:53:13,838 DEBUG matplotlib.font_manager: findfont: score(<Font 'STIXSizeThreeSym' (STIXSizThreeSymReg.ttf) normal normal 400 normal>) = 10.05
2026-06-26 14:53:13,838 DEBUG matplotlib.font_manager: findfont: score(<Font 'cmtt10' (cmtt10.ttf) normal normal 400 normal>) = 0.05
2026-06-26 14:53:13,838 DEBUG matplotlib.font_manager: findfont: score(<Font 'STIXSizeTwoSym' (STIXSizTwoSymBol.ttf) normal normal 700 normal>) = 10.335
2026-06-26 14:53:13,838 DEBUG matplotlib.font_manager: findfont: score(<Font 'STIXSizeTwoSym' (STIXSizTwoSymReg.ttf) normal normal 400 normal>) = 10.05
2026-06-26 14:53:13,838 DEBUG matplotlib.font_manager: findfont: score(<Font 'DejaVu Serif Display' (DejaVuSerifDisplay.ttf) normal normal 400 normal>) = 10.05
2026-06-26 14:53:13,838 DEBUG matplotlib.font_manager: findfont: score(<Font 'DejaVu Sans' (DejaVuSans-Bold.ttf) normal normal 700 normal>) = 10.335
2026-06-26 14:53:13,838 DEBUG matplotlib.font_manager: findfont: score(<Font 'cmex10' (cmex10.ttf) normal normal 400 normal>) = 10.05
2026-06-26 14:53:13,838 DEBUG matplotlib.font_manager: findfont: score(<Font 'STIXNonUnicode' (STIXNonUniBolIta.ttf) italic normal 700 normal>) = 11.335
2026-06-26 14:53:13,838 DEBUG matplotlib.font_manager: findfont: score(<Font 'STIXGeneral' (STIXGeneralBolIta.ttf) italic normal 700 normal>) = 11.335
2026-06-26 14:53:13,838 DEBUG matplotlib.font_manager: findfont: score(<Font 'DejaVu Serif' (DejaVuSerif-Bold.ttf) normal normal 700 normal>) = 10.335
2026-06-26 14:53:13,838 DEBUG matplotlib.font_manager: findfont: score(<Font 'DejaVu Serif' (DejaVuSerif-Italic.ttf) italic normal 400 normal>) = 11.05
2026-06-26 14:53:13,838 DEBUG matplotlib.font_manager: findfont: score(<Font 'DejaVu Serif' (DejaVuSerif.ttf) normal normal 400 normal>) = 10.05
2026-06-26 14:53:13,838 DEBUG matplotlib.font_manager: findfont: score(<Font 'cmr10' (cmr10.ttf) normal normal 400 normal>) = 10.05
2026-06-26 14:53:13,838 DEBUG matplotlib.font_manager: findfont: score(<Font 'DejaVu Sans' (DejaVuSans-Oblique.ttf) oblique normal 400 normal>) = 11.05
2026-06-26 14:53:13,838 DEBUG matplotlib.font_manager: findfont: score(<Font 'DejaVu Sans Mono' (DejaVuSansMono-Oblique.ttf) oblique normal 400 normal>) = 11.05
2026-06-26 14:53:13,838 DEBUG matplotlib.font_manager: findfont: score(<Font 'DejaVu Sans Mono' (DejaVuSansMono-Bold.ttf) normal normal 700 normal>) = 10.335
2026-06-26 14:53:13,838 DEBUG matplotlib.font_manager: findfont: score(<Font 'STIXGeneral' (STIXGeneralItalic.ttf) italic normal 400 normal>) = 11.05
2026-06-26 14:53:13,838 DEBUG matplotlib.font_manager: findfont: score(<Font 'STIXSizeThreeSym' (STIXSizThreeSymBol.ttf) normal normal 700 normal>) = 10.335
2026-06-26 14:53:13,838 DEBUG matplotlib.font_manager: findfont: score(<Font 'STIXGeneral' (STIXGeneralBol.ttf) normal normal 700 normal>) = 10.335
2026-06-26 14:53:13,838 DEBUG matplotlib.font_manager: findfont: score(<Font 'DejaVu Sans' (DejaVuSans-BoldOblique.ttf) oblique normal 700 normal>) = 11.335
2026-06-26 14:53:13,838 DEBUG matplotlib.font_manager: findfont: score(<Font 'STIXSizeFiveSym' (STIXSizFiveSymReg.ttf) normal normal 400 normal>) = 10.05
2026-06-26 14:53:13,838 DEBUG matplotlib.font_manager: findfont: score(<Font 'DejaVu Sans' (DejaVuSans.ttf) normal normal 400 normal>) = 10.05
2026-06-26 14:53:13,839 DEBUG matplotlib.font_manager: findfont: score(<Font 'cmsy10' (cmsy10.ttf) normal normal 400 normal>) = 10.05
2026-06-26 14:53:13,839 DEBUG matplotlib.font_manager: findfont: score(<Font 'STIXNonUnicode' (STIXNonUni.ttf) normal normal 400 normal>) = 10.05
2026-06-26 14:53:13,839 DEBUG matplotlib.font_manager: findfont: score(<Font 'DejaVu Sans Mono' (DejaVuSansMono.ttf) normal normal 400 normal>) = 10.05
2026-06-26 14:53:13,839 DEBUG matplotlib.font_manager: findfont: score(<Font 'DejaVu Sans Display' (DejaVuSansDisplay.ttf) normal normal 400 normal>) = 10.05
2026-06-26 14:53:13,839 DEBUG matplotlib.font_manager: findfont: score(<Font 'cmss10' (cmss10.ttf) normal normal 400 normal>) = 10.05
2026-06-26 14:53:13,839 DEBUG matplotlib.font_manager: findfont: score(<Font 'STIXNonUnicode' (STIXNonUniBol.ttf) normal normal 700 normal>) = 10.335
2026-06-26 14:53:13,839 DEBUG matplotlib.font_manager: findfont: score(<Font 'cmb10' (cmb10.ttf) normal normal 400 normal>) = 10.05
2026-06-26 14:53:13,839 DEBUG matplotlib.font_manager: findfont: score(<Font 'cmmi10' (cmmi10.ttf) normal normal 400 normal>) = 10.05
2026-06-26 14:53:13,839 DEBUG matplotlib.font_manager: findfont: score(<Font 'STIXSizeOneSym' (STIXSizOneSymReg.ttf) normal normal 400 normal>) = 10.05
2026-06-26 14:53:13,839 DEBUG matplotlib.font_manager: findfont: score(<Font 'STIXSizeFourSym' (STIXSizFourSymReg.ttf) normal normal 400 normal>) = 10.05
2026-06-26 14:53:13,839 DEBUG matplotlib.font_manager: findfont: score(<Font 'STIXGeneral' (STIXGeneral.ttf) normal normal 400 normal>) = 10.05
2026-06-26 14:53:13,839 DEBUG matplotlib.font_manager: findfont: score(<Font 'STIXNonUnicode' (STIXNonUniIta.ttf) italic normal 400 normal>) = 11.05
2026-06-26 14:53:13,839 DEBUG matplotlib.font_manager: findfont: score(<Font 'DejaVu Serif' (DejaVuSerif-Bold.ttf) normal normal 700 normal>) = 10.335
2026-06-26 14:53:13,839 DEBUG matplotlib.font_manager: findfont: score(<Font 'DejaVu Sans Mono' (DejaVuSansMono-Bold.ttf) normal normal 700 normal>) = 10.335
2026-06-26 14:53:13,839 DEBUG matplotlib.font_manager: findfont: score(<Font 'DejaVu Serif' (DejaVuSerif.ttf) normal normal 400 normal>) = 10.05
2026-06-26 14:53:13,839 DEBUG matplotlib.font_manager: findfont: score(<Font 'DejaVu Sans' (DejaVuSans-Bold.ttf) normal normal 700 normal>) = 10.335
2026-06-26 14:53:13,839 DEBUG matplotlib.font_manager: findfont: score(<Font 'DejaVu Sans Mono' (DejaVuSansMono.ttf) normal normal 400 normal>) = 10.05
2026-06-26 14:53:13,839 DEBUG matplotlib.font_manager: findfont: score(<Font 'DejaVu Sans' (DejaVuSans.ttf) normal normal 400 normal>) = 10.05
2026-06-26 14:53:13,839 DEBUG matplotlib.font_manager: findfont: Matching cmtt10:style=normal:variant=normal:weight=normal:stretch=normal:size=10.0 to cmtt10 ('/tmp/_MEIF0qp76/matplotlib/mpl-data/fonts/ttf/cmtt10.ttf') with score of 0.050000.
2026-06-26 14:53:13,839 DEBUG matplotlib.font_manager: findfont: Matching cmmi10:style=normal:variant=normal:weight=normal:stretch=normal:size=10.0.
2026-06-26 14:53:13,839 DEBUG matplotlib.font_manager: findfont: score(<Font 'STIXSizeFourSym' (STIXSizFourSymBol.ttf) normal normal 700 normal>) = 10.335
2026-06-26 14:53:13,839 DEBUG matplotlib.font_manager: findfont: score(<Font 'DejaVu Sans Mono' (DejaVuSansMono-BoldOblique.ttf) oblique normal 700 normal>) = 11.335
2026-06-26 14:53:13,839 DEBUG matplotlib.font_manager: findfont: score(<Font 'STIXSizeOneSym' (STIXSizOneSymBol.ttf) normal normal 700 normal>) = 10.335
2026-06-26 14:53:13,839 DEBUG matplotlib.font_manager: findfont: score(<Font 'DejaVu Serif' (DejaVuSerif-BoldItalic.ttf) italic normal 700 normal>) = 11.335
2026-06-26 14:53:13,839 DEBUG matplotlib.font_manager: findfont: score(<Font 'STIXSizeThreeSym' (STIXSizThreeSymReg.ttf) normal normal 400 normal>) = 10.05
2026-06-26 14:53:13,839 DEBUG matplotlib.font_manager: findfont: score(<Font 'cmtt10' (cmtt10.ttf) normal normal 400 normal>) = 10.05
2026-06-26 14:53:13,840 DEBUG matplotlib.font_manager: findfont: score(<Font 'STIXSizeTwoSym' (STIXSizTwoSymBol.ttf) normal normal 700 normal>) = 10.335
2026-06-26 14:53:13,840 DEBUG matplotlib.font_manager: findfont: score(<Font 'STIXSizeTwoSym' (STIXSizTwoSymReg.ttf) normal normal 400 normal>) = 10.05
2026-06-26 14:53:13,840 DEBUG matplotlib.font_manager: findfont: score(<Font 'DejaVu Serif Display' (DejaVuSerifDisplay.ttf) normal normal 400 normal>) = 10.05
2026-06-26 14:53:13,840 DEBUG matplotlib.font_manager: findfont: score(<Font 'DejaVu Sans' (DejaVuSans-Bold.ttf) normal normal 700 normal>) = 10.335
2026-06-26 14:53:13,840 DEBUG matplotlib.font_manager: findfont: score(<Font 'cmex10' (cmex10.ttf) normal normal 400 normal>) = 10.05
2026-06-26 14:53:13,840 DEBUG matplotlib.font_manager: findfont: score(<Font 'STIXNonUnicode' (STIXNonUniBolIta.ttf) italic normal 700 normal>) = 11.335
2026-06-26 14:53:13,840 DEBUG matplotlib.font_manager: findfont: score(<Font 'STIXGeneral' (STIXGeneralBolIta.ttf) italic normal 700 normal>) = 11.335
2026-06-26 14:53:13,840 DEBUG matplotlib.font_manager: findfont: score(<Font 'DejaVu Serif' (DejaVuSerif-Bold.ttf) normal normal 700 normal>) = 10.335
2026-06-26 14:53:13,840 DEBUG matplotlib.font_manager: findfont: score(<Font 'DejaVu Serif' (DejaVuSerif-Italic.ttf) italic normal 400 normal>) = 11.05
2026-06-26 14:53:13,840 DEBUG matplotlib.font_manager: findfont: score(<Font 'DejaVu Serif' (DejaVuSerif.ttf) normal normal 400 normal>) = 10.05
2026-06-26 14:53:13,840 DEBUG matplotlib.font_manager: findfont: score(<Font 'cmr10' (cmr10.ttf) normal normal 400 normal>) = 10.05
2026-06-26 14:53:13,840 DEBUG matplotlib.font_manager: findfont: score(<Font 'DejaVu Sans' (DejaVuSans-Oblique.ttf) oblique normal 400 normal>) = 11.05
2026-06-26 14:53:13,840 DEBUG matplotlib.font_manager: findfont: score(<Font 'DejaVu Sans Mono' (DejaVuSansMono-Oblique.ttf) oblique normal 400 normal>) = 11.05
2026-06-26 14:53:13,840 DEBUG matplotlib.font_manager: findfont: score(<Font 'DejaVu Sans Mono' (DejaVuSansMono-Bold.ttf) normal normal 700 normal>) = 10.335
2026-06-26 14:53:13,840 DEBUG matplotlib.font_manager: findfont: score(<Font 'STIXGeneral' (STIXGeneralItalic.ttf) italic normal 400 normal>) = 11.05
2026-06-26 14:53:13,840 DEBUG matplotlib.font_manager: findfont: score(<Font 'STIXSizeThreeSym' (STIXSizThreeSymBol.ttf) normal normal 700 normal>) = 10.335
2026-06-26 14:53:13,840 DEBUG matplotlib.font_manager: findfont: score(<Font 'STIXGeneral' (STIXGeneralBol.ttf) normal normal 700 normal>) = 10.335
2026-06-26 14:53:13,840 DEBUG matplotlib.font_manager: findfont: score(<Font 'DejaVu Sans' (DejaVuSans-BoldOblique.ttf) oblique normal 700 normal>) = 11.335
2026-06-26 14:53:13,840 DEBUG matplotlib.font_manager: findfont: score(<Font 'STIXSizeFiveSym' (STIXSizFiveSymReg.ttf) normal normal 400 normal>) = 10.05
2026-06-26 14:53:13,840 DEBUG matplotlib.font_manager: findfont: score(<Font 'DejaVu Sans' (DejaVuSans.ttf) normal normal 400 normal>) = 10.05
2026-06-26 14:53:13,840 DEBUG matplotlib.font_manager: findfont: score(<Font 'cmsy10' (cmsy10.ttf) normal normal 400 normal>) = 10.05
2026-06-26 14:53:13,840 DEBUG matplotlib.font_manager: findfont: score(<Font 'STIXNonUnicode' (STIXNonUni.ttf) normal normal 400 normal>) = 10.05
2026-06-26 14:53:13,840 DEBUG matplotlib.font_manager: findfont: score(<Font 'DejaVu Sans Mono' (DejaVuSansMono.ttf) normal normal 400 normal>) = 10.05
2026-06-26 14:53:13,840 DEBUG matplotlib.font_manager: findfont: score(<Font 'DejaVu Sans Display' (DejaVuSansDisplay.ttf) normal normal 400 normal>) = 10.05
2026-06-26 14:53:13,840 DEBUG matplotlib.font_manager: findfont: score(<Font 'cmss10' (cmss10.ttf) normal normal 400 normal>) = 10.05
2026-06-26 14:53:13,840 DEBUG matplotlib.font_manager: findfont: score(<Font 'STIXNonUnicode' (STIXNonUniBol.ttf) normal normal 700 normal>) = 10.335
2026-06-26 14:53:13,840 DEBUG matplotlib.font_manager: findfont: score(<Font 'cmb10' (cmb10.ttf) normal normal 400 normal>) = 10.05
2026-06-26 14:53:13,840 DEBUG matplotlib.font_manager: findfont: score(<Font 'cmmi10' (cmmi10.ttf) normal normal 400 normal>) = 0.05
2026-06-26 14:53:13,840 DEBUG matplotlib.font_manager: findfont: score(<Font 'STIXSizeOneSym' (STIXSizOneSymReg.ttf) normal normal 400 normal>) = 10.05
2026-06-26 14:53:13,840 DEBUG matplotlib.font_manager: findfont: score(<Font 'STIXSizeFourSym' (STIXSizFourSymReg.ttf) normal normal 400 normal>) = 10.05
2026-06-26 14:53:13,840 DEBUG matplotlib.font_manager: findfont: score(<Font 'STIXGeneral' (STIXGeneral.ttf) normal normal 400 normal>) = 10.05
2026-06-26 14:53:13,840 DEBUG matplotlib.font_manager: findfont: score(<Font 'STIXNonUnicode' (STIXNonUniIta.ttf) italic normal 400 normal>) = 11.05
2026-06-26 14:53:13,840 DEBUG matplotlib.font_manager: findfont: score(<Font 'DejaVu Serif' (DejaVuSerif-Bold.ttf) normal normal 700 normal>) = 10.335
2026-06-26 14:53:13,840 DEBUG matplotlib.font_manager: findfont: score(<Font 'DejaVu Sans Mono' (DejaVuSansMono-Bold.ttf) normal normal 700 normal>) = 10.335
2026-06-26 14:53:13,841 DEBUG matplotlib.font_manager: findfont: score(<Font 'DejaVu Serif' (DejaVuSerif.ttf) normal normal 400 normal>) = 10.05
2026-06-26 14:53:13,841 DEBUG matplotlib.font_manager: findfont: score(<Font 'DejaVu Sans' (DejaVuSans-Bold.ttf) normal normal 700 normal>) = 10.335
2026-06-26 14:53:13,841 DEBUG matplotlib.font_manager: findfont: score(<Font 'DejaVu Sans Mono' (DejaVuSansMono.ttf) normal normal 400 normal>) = 10.05
2026-06-26 14:53:13,841 DEBUG matplotlib.font_manager: findfont: score(<Font 'DejaVu Sans' (DejaVuSans.ttf) normal normal 400 normal>) = 10.05
2026-06-26 14:53:13,841 DEBUG matplotlib.font_manager: findfont: Matching cmmi10:style=normal:variant=normal:weight=normal:stretch=normal:size=10.0 to cmmi10 ('/tmp/_MEIF0qp76/matplotlib/mpl-data/fonts/ttf/cmmi10.ttf') with score of 0.050000.
2026-06-26 14:53:13,841 DEBUG matplotlib.font_manager: findfont: Matching cmb10:style=normal:variant=normal:weight=normal:stretch=normal:size=10.0.
2026-06-26 14:53:13,841 DEBUG matplotlib.font_manager: findfont: score(<Font 'STIXSizeFourSym' (STIXSizFourSymBol.ttf) normal normal 700 normal>) = 10.335
2026-06-26 14:53:13,841 DEBUG matplotlib.font_manager: findfont: score(<Font 'DejaVu Sans Mono' (DejaVuSansMono-BoldOblique.ttf) oblique normal 700 normal>) = 11.335
2026-06-26 14:53:13,841 DEBUG matplotlib.font_manager: findfont: score(<Font 'STIXSizeOneSym' (STIXSizOneSymBol.ttf) normal normal 700 normal>) = 10.335
2026-06-26 14:53:13,841 DEBUG matplotlib.font_manager: findfont: score(<Font 'DejaVu Serif' (DejaVuSerif-BoldItalic.ttf) italic normal 700 normal>) = 11.335
2026-06-26 14:53:13,841 DEBUG matplotlib.font_manager: findfont: score(<Font 'STIXSizeThreeSym' (STIXSizThreeSymReg.ttf) normal normal 400 normal>) = 10.05
2026-06-26 14:53:13,841 DEBUG matplotlib.font_manager: findfont: score(<Font 'cmtt10' (cmtt10.ttf) normal normal 400 normal>) = 10.05
2026-06-26 14:53:13,841 DEBUG matplotlib.font_manager: findfont: score(<Font 'STIXSizeTwoSym' (STIXSizTwoSymBol.ttf) normal normal 700 normal>) = 10.335
2026-06-26 14:53:13,841 DEBUG matplotlib.font_manager: findfont: score(<Font 'STIXSizeTwoSym' (STIXSizTwoSymReg.ttf) normal normal 400 normal>) = 10.05
2026-06-26 14:53:13,841 DEBUG matplotlib.font_manager: findfont: score(<Font 'DejaVu Serif Display' (DejaVuSerifDisplay.ttf) normal normal 400 normal>) = 10.05
2026-06-26 14:53:13,841 DEBUG matplotlib.font_manager: findfont: score(<Font 'DejaVu Sans' (DejaVuSans-Bold.ttf) normal normal 700 normal>) = 10.335
2026-06-26 14:53:13,841 DEBUG matplotlib.font_manager: findfont: score(<Font 'cmex10' (cmex10.ttf) normal normal 400 normal>) = 10.05
2026-06-26 14:53:13,841 DEBUG matplotlib.font_manager: findfont: score(<Font 'STIXNonUnicode' (STIXNonUniBolIta.ttf) italic normal 700 normal>) = 11.335
2026-06-26 14:53:13,841 DEBUG matplotlib.font_manager: findfont: score(<Font 'STIXGeneral' (STIXGeneralBolIta.ttf) italic normal 700 normal>) = 11.335
2026-06-26 14:53:13,841 DEBUG matplotlib.font_manager: findfont: score(<Font 'DejaVu Serif' (DejaVuSerif-Bold.ttf) normal normal 700 normal>) = 10.335
2026-06-26 14:53:13,841 DEBUG matplotlib.font_manager: findfont: score(<Font 'DejaVu Serif' (DejaVuSerif-Italic.ttf) italic normal 400 normal>) = 11.05
2026-06-26 14:53:13,841 DEBUG matplotlib.font_manager: findfont: score(<Font 'DejaVu Serif' (DejaVuSerif.ttf) normal normal 400 normal>) = 10.05
2026-06-26 14:53:13,841 DEBUG matplotlib.font_manager: findfont: score(<Font 'cmr10' (cmr10.ttf) normal normal 400 normal>) = 10.05
2026-06-26 14:53:13,841 DEBUG matplotlib.font_manager: findfont: score(<Font 'DejaVu Sans' (DejaVuSans-Oblique.ttf) oblique normal 400 normal>) = 11.05
2026-06-26 14:53:13,841 DEBUG matplotlib.font_manager: findfont: score(<Font 'DejaVu Sans Mono' (DejaVuSansMono-Oblique.ttf) oblique normal 400 normal>) = 11.05
2026-06-26 14:53:13,841 DEBUG matplotlib.font_manager: findfont: score(<Font 'DejaVu Sans Mono' (DejaVuSansMono-Bold.ttf) normal normal 700 normal>) = 10.335
2026-06-26 14:53:13,842 DEBUG matplotlib.font_manager: findfont: score(<Font 'STIXGeneral' (STIXGeneralItalic.ttf) italic normal 400 normal>) = 11.05
2026-06-26 14:53:13,842 DEBUG matplotlib.font_manager: findfont: score(<Font 'STIXSizeThreeSym' (STIXSizThreeSymBol.ttf) normal normal 700 normal>) = 10.335
2026-06-26 14:53:13,842 DEBUG matplotlib.font_manager: findfont: score(<Font 'STIXGeneral' (STIXGeneralBol.ttf) normal normal 700 normal>) = 10.335
2026-06-26 14:53:13,842 DEBUG matplotlib.font_manager: findfont: score(<Font 'DejaVu Sans' (DejaVuSans-BoldOblique.ttf) oblique normal 700 normal>) = 11.335
2026-06-26 14:53:13,842 DEBUG matplotlib.font_manager: findfont: score(<Font 'STIXSizeFiveSym' (STIXSizFiveSymReg.ttf) normal normal 400 normal>) = 10.05
2026-06-26 14:53:13,842 DEBUG matplotlib.font_manager: findfont: score(<Font 'DejaVu Sans' (DejaVuSans.ttf) normal normal 400 normal>) = 10.05
2026-06-26 14:53:13,842 DEBUG matplotlib.font_manager: findfont: score(<Font 'cmsy10' (cmsy10.ttf) normal normal 400 normal>) = 10.05
2026-06-26 14:53:13,842 DEBUG matplotlib.font_manager: findfont: score(<Font 'STIXNonUnicode' (STIXNonUni.ttf) normal normal 400 normal>) = 10.05
2026-06-26 14:53:13,842 DEBUG matplotlib.font_manager: findfont: score(<Font 'DejaVu Sans Mono' (DejaVuSansMono.ttf) normal normal 400 normal>) = 10.05
2026-06-26 14:53:13,842 DEBUG matplotlib.font_manager: findfont: score(<Font 'DejaVu Sans Display' (DejaVuSansDisplay.ttf) normal normal 400 normal>) = 10.05
2026-06-26 14:53:13,842 DEBUG matplotlib.font_manager: findfont: score(<Font 'cmss10' (cmss10.ttf) normal normal 400 normal>) = 10.05
2026-06-26 14:53:13,842 DEBUG matplotlib.font_manager: findfont: score(<Font 'STIXNonUnicode' (STIXNonUniBol.ttf) normal normal 700 normal>) = 10.335
2026-06-26 14:53:13,842 DEBUG matplotlib.font_manager: findfont: score(<Font 'cmb10' (cmb10.ttf) normal normal 400 normal>) = 0.05
2026-06-26 14:53:13,842 DEBUG matplotlib.font_manager: findfont: score(<Font 'cmmi10' (cmmi10.ttf) normal normal 400 normal>) = 10.05
2026-06-26 14:53:13,842 DEBUG matplotlib.font_manager: findfont: score(<Font 'STIXSizeOneSym' (STIXSizOneSymReg.ttf) normal normal 400 normal>) = 10.05
2026-06-26 14:53:13,842 DEBUG matplotlib.font_manager: findfont: score(<Font 'STIXSizeFourSym' (STIXSizFourSymReg.ttf) normal normal 400 normal>) = 10.05
2026-06-26 14:53:13,842 DEBUG matplotlib.font_manager: findfont: score(<Font 'STIXGeneral' (STIXGeneral.ttf) normal normal 400 normal>) = 10.05
2026-06-26 14:53:13,842 DEBUG matplotlib.font_manager: findfont: score(<Font 'STIXNonUnicode' (STIXNonUniIta.ttf) italic normal 400 normal>) = 11.05
2026-06-26 14:53:13,842 DEBUG matplotlib.font_manager: findfont: score(<Font 'DejaVu Serif' (DejaVuSerif-Bold.ttf) normal normal 700 normal>) = 10.335
2026-06-26 14:53:13,842 DEBUG matplotlib.font_manager: findfont: score(<Font 'DejaVu Sans Mono' (DejaVuSansMono-Bold.ttf) normal normal 700 normal>) = 10.335
2026-06-26 14:53:13,842 DEBUG matplotlib.font_manager: findfont: score(<Font 'DejaVu Serif' (DejaVuSerif.ttf) normal normal 400 normal>) = 10.05
2026-06-26 14:53:13,842 DEBUG matplotlib.font_manager: findfont: score(<Font 'DejaVu Sans' (DejaVuSans-Bold.ttf) normal normal 700 normal>) = 10.335
2026-06-26 14:53:13,842 DEBUG matplotlib.font_manager: findfont: score(<Font 'DejaVu Sans Mono' (DejaVuSansMono.ttf) normal normal 400 normal>) = 10.05
2026-06-26 14:53:13,842 DEBUG matplotlib.font_manager: findfont: score(<Font 'DejaVu Sans' (DejaVuSans.ttf) normal normal 400 normal>) = 10.05
2026-06-26 14:53:13,842 DEBUG matplotlib.font_manager: findfont: Matching cmb10:style=normal:variant=normal:weight=normal:stretch=normal:size=10.0 to cmb10 ('/tmp/_MEIF0qp76/matplotlib/mpl-data/fonts/ttf/cmb10.ttf') with score of 0.050000.
2026-06-26 14:53:13,843 DEBUG matplotlib.font_manager: findfont: Matching cmss10:style=normal:variant=normal:weight=normal:stretch=normal:size=10.0.
2026-06-26 14:53:13,843 DEBUG matplotlib.font_manager: findfont: score(<Font 'STIXSizeFourSym' (STIXSizFourSymBol.ttf) normal normal 700 normal>) = 10.335
2026-06-26 14:53:13,843 DEBUG matplotlib.font_manager: findfont: score(<Font 'DejaVu Sans Mono' (DejaVuSansMono-BoldOblique.ttf) oblique normal 700 normal>) = 11.335
2026-06-26 14:53:13,843 DEBUG matplotlib.font_manager: findfont: score(<Font 'STIXSizeOneSym' (STIXSizOneSymBol.ttf) normal normal 700 normal>) = 10.335
2026-06-26 14:53:13,843 DEBUG matplotlib.font_manager: findfont: score(<Font 'DejaVu Serif' (DejaVuSerif-BoldItalic.ttf) italic normal 700 normal>) = 11.335
2026-06-26 14:53:13,843 DEBUG matplotlib.font_manager: findfont: score(<Font 'STIXSizeThreeSym' (STIXSizThreeSymReg.ttf) normal normal 400 normal>) = 10.05
2026-06-26 14:53:13,843 DEBUG matplotlib.font_manager: findfont: score(<Font 'cmtt10' (cmtt10.ttf) normal normal 400 normal>) = 10.05
2026-06-26 14:53:13,843 DEBUG matplotlib.font_manager: findfont: score(<Font 'STIXSizeTwoSym' (STIXSizTwoSymBol.ttf) normal normal 700 normal>) = 10.335
2026-06-26 14:53:13,843 DEBUG matplotlib.font_manager: findfont: score(<Font 'STIXSizeTwoSym' (STIXSizTwoSymReg.ttf) normal normal 400 normal>) = 10.05
2026-06-26 14:53:13,843 DEBUG matplotlib.font_manager: findfont: score(<Font 'DejaVu Serif Display' (DejaVuSerifDisplay.ttf) normal normal 400 normal>) = 10.05
2026-06-26 14:53:13,843 DEBUG matplotlib.font_manager: findfont: score(<Font 'DejaVu Sans' (DejaVuSans-Bold.ttf) normal normal 700 normal>) = 10.335
2026-06-26 14:53:13,843 DEBUG matplotlib.font_manager: findfont: score(<Font 'cmex10' (cmex10.ttf) normal normal 400 normal>) = 10.05
2026-06-26 14:53:13,843 DEBUG matplotlib.font_manager: findfont: score(<Font 'STIXNonUnicode' (STIXNonUniBolIta.ttf) italic normal 700 normal>) = 11.335
2026-06-26 14:53:13,843 DEBUG matplotlib.font_manager: findfont: score(<Font 'STIXGeneral' (STIXGeneralBolIta.ttf) italic normal 700 normal>) = 11.335
2026-06-26 14:53:13,843 DEBUG matplotlib.font_manager: findfont: score(<Font 'DejaVu Serif' (DejaVuSerif-Bold.ttf) normal normal 700 normal>) = 10.335
2026-06-26 14:53:13,843 DEBUG matplotlib.font_manager: findfont: score(<Font 'DejaVu Serif' (DejaVuSerif-Italic.ttf) italic normal 400 normal>) = 11.05
2026-06-26 14:53:13,843 DEBUG matplotlib.font_manager: findfont: score(<Font 'DejaVu Serif' (DejaVuSerif.ttf) normal normal 400 normal>) = 10.05
2026-06-26 14:53:13,843 DEBUG matplotlib.font_manager: findfont: score(<Font 'cmr10' (cmr10.ttf) normal normal 400 normal>) = 10.05
2026-06-26 14:53:13,843 DEBUG matplotlib.font_manager: findfont: score(<Font 'DejaVu Sans' (DejaVuSans-Oblique.ttf) oblique normal 400 normal>) = 11.05
2026-06-26 14:53:13,843 DEBUG matplotlib.font_manager: findfont: score(<Font 'DejaVu Sans Mono' (DejaVuSansMono-Oblique.ttf) oblique normal 400 normal>) = 11.05
2026-06-26 14:53:13,843 DEBUG matplotlib.font_manager: findfont: score(<Font 'DejaVu Sans Mono' (DejaVuSansMono-Bold.ttf) normal normal 700 normal>) = 10.335
2026-06-26 14:53:13,843 DEBUG matplotlib.font_manager: findfont: score(<Font 'STIXGeneral' (STIXGeneralItalic.ttf) italic normal 400 normal>) = 11.05
2026-06-26 14:53:13,843 DEBUG matplotlib.font_manager: findfont: score(<Font 'STIXSizeThreeSym' (STIXSizThreeSymBol.ttf) normal normal 700 normal>) = 10.335
2026-06-26 14:53:13,843 DEBUG matplotlib.font_manager: findfont: score(<Font 'STIXGeneral' (STIXGeneralBol.ttf) normal normal 700 normal>) = 10.335
2026-06-26 14:53:13,843 DEBUG matplotlib.font_manager: findfont: score(<Font 'DejaVu Sans' (DejaVuSans-BoldOblique.ttf) oblique normal 700 normal>) = 11.335
2026-06-26 14:53:13,844 DEBUG matplotlib.font_manager: findfont: score(<Font 'STIXSizeFiveSym' (STIXSizFiveSymReg.ttf) normal normal 400 normal>) = 10.05
2026-06-26 14:53:13,844 DEBUG matplotlib.font_manager: findfont: score(<Font 'DejaVu Sans' (DejaVuSans.ttf) normal normal 400 normal>) = 10.05
2026-06-26 14:53:13,844 DEBUG matplotlib.font_manager: findfont: score(<Font 'cmsy10' (cmsy10.ttf) normal normal 400 normal>) = 10.05
2026-06-26 14:53:13,844 DEBUG matplotlib.font_manager: findfont: score(<Font 'STIXNonUnicode' (STIXNonUni.ttf) normal normal 400 normal>) = 10.05
2026-06-26 14:53:13,844 DEBUG matplotlib.font_manager: findfont: score(<Font 'DejaVu Sans Mono' (DejaVuSansMono.ttf) normal normal 400 normal>) = 10.05
2026-06-26 14:53:13,844 DEBUG matplotlib.font_manager: findfont: score(<Font 'DejaVu Sans Display' (DejaVuSansDisplay.ttf) normal normal 400 normal>) = 10.05
2026-06-26 14:53:13,844 DEBUG matplotlib.font_manager: findfont: score(<Font 'cmss10' (cmss10.ttf) normal normal 400 normal>) = 0.05
2026-06-26 14:53:13,844 DEBUG matplotlib.font_manager: findfont: score(<Font 'STIXNonUnicode' (STIXNonUniBol.ttf) normal normal 700 normal>) = 10.335
2026-06-26 14:53:13,844 DEBUG matplotlib.font_manager: findfont: score(<Font 'cmb10' (cmb10.ttf) normal normal 400 normal>) = 10.05
2026-06-26 14:53:13,844 DEBUG matplotlib.font_manager: findfont: score(<Font 'cmmi10' (cmmi10.ttf) normal normal 400 normal>) = 10.05
2026-06-26 14:53:13,844 DEBUG matplotlib.font_manager: findfont: score(<Font 'STIXSizeOneSym' (STIXSizOneSymReg.ttf) normal normal 400 normal>) = 10.05
2026-06-26 14:53:13,844 DEBUG matplotlib.font_manager: findfont: score(<Font 'STIXSizeFourSym' (STIXSizFourSymReg.ttf) normal normal 400 normal>) = 10.05
2026-06-26 14:53:13,844 DEBUG matplotlib.font_manager: findfont: score(<Font 'STIXGeneral' (STIXGeneral.ttf) normal normal 400 normal>) = 10.05
2026-06-26 14:53:13,844 DEBUG matplotlib.font_manager: findfont: score(<Font 'STIXNonUnicode' (STIXNonUniIta.ttf) italic normal 400 normal>) = 11.05
2026-06-26 14:53:13,844 DEBUG matplotlib.font_manager: findfont: score(<Font 'DejaVu Serif' (DejaVuSerif-Bold.ttf) normal normal 700 normal>) = 10.335
2026-06-26 14:53:13,844 DEBUG matplotlib.font_manager: findfont: score(<Font 'DejaVu Sans Mono' (DejaVuSansMono-Bold.ttf) normal normal 700 normal>) = 10.335
2026-06-26 14:53:13,844 DEBUG matplotlib.font_manager: findfont: score(<Font 'DejaVu Serif' (DejaVuSerif.ttf) normal normal 400 normal>) = 10.05
2026-06-26 14:53:13,844 DEBUG matplotlib.font_manager: findfont: score(<Font 'DejaVu Sans' (DejaVuSans-Bold.ttf) normal normal 700 normal>) = 10.335
2026-06-26 14:53:13,844 DEBUG matplotlib.font_manager: findfont: score(<Font 'DejaVu Sans Mono' (DejaVuSansMono.ttf) normal normal 400 normal>) = 10.05
2026-06-26 14:53:13,844 DEBUG matplotlib.font_manager: findfont: score(<Font 'DejaVu Sans' (DejaVuSans.ttf) normal normal 400 normal>) = 10.05
2026-06-26 14:53:13,844 DEBUG matplotlib.font_manager: findfont: Matching cmss10:style=normal:variant=normal:weight=normal:stretch=normal:size=10.0 to cmss10 ('/tmp/_MEIF0qp76/matplotlib/mpl-data/fonts/ttf/cmss10.ttf') with score of 0.050000.
2026-06-26 14:53:13,844 DEBUG matplotlib.font_manager: findfont: Matching cmex10:style=normal:variant=normal:weight=normal:stretch=normal:size=10.0.
2026-06-26 14:53:13,844 DEBUG matplotlib.font_manager: findfont: score(<Font 'STIXSizeFourSym' (STIXSizFourSymBol.ttf) normal normal 700 normal>) = 10.335
2026-06-26 14:53:13,844 DEBUG matplotlib.font_manager: findfont: score(<Font 'DejaVu Sans Mono' (DejaVuSansMono-BoldOblique.ttf) oblique normal 700 normal>) = 11.335
2026-06-26 14:53:13,844 DEBUG matplotlib.font_manager: findfont: score(<Font 'STIXSizeOneSym' (STIXSizOneSymBol.ttf) normal normal 700 normal>) = 10.335
2026-06-26 14:53:13,845 DEBUG matplotlib.font_manager: findfont: score(<Font 'DejaVu Serif' (DejaVuSerif-BoldItalic.ttf) italic normal 700 normal>) = 11.335
2026-06-26 14:53:13,845 DEBUG matplotlib.font_manager: findfont: score(<Font 'STIXSizeThreeSym' (STIXSizThreeSymReg.ttf) normal normal 400 normal>) = 10.05
2026-06-26 14:53:13,845 DEBUG matplotlib.font_manager: findfont: score(<Font 'cmtt10' (cmtt10.ttf) normal normal 400 normal>) = 10.05
2026-06-26 14:53:13,845 DEBUG matplotlib.font_manager: findfont: score(<Font 'STIXSizeTwoSym' (STIXSizTwoSymBol.ttf) normal normal 700 normal>) = 10.335
2026-06-26 14:53:13,845 DEBUG matplotlib.font_manager: findfont: score(<Font 'STIXSizeTwoSym' (STIXSizTwoSymReg.ttf) normal normal 400 normal>) = 10.05
2026-06-26 14:53:13,845 DEBUG matplotlib.font_manager: findfont: score(<Font 'DejaVu Serif Display' (DejaVuSerifDisplay.ttf) normal normal 400 normal>) = 10.05
2026-06-26 14:53:13,845 DEBUG matplotlib.font_manager: findfont: score(<Font 'DejaVu Sans' (DejaVuSans-Bold.ttf) normal normal 700 normal>) = 10.335
2026-06-26 14:53:13,845 DEBUG matplotlib.font_manager: findfont: score(<Font 'cmex10' (cmex10.ttf) normal normal 400 normal>) = 0.05
2026-06-26 14:53:13,845 DEBUG matplotlib.font_manager: findfont: score(<Font 'STIXNonUnicode' (STIXNonUniBolIta.ttf) italic normal 700 normal>) = 11.335
2026-06-26 14:53:13,845 DEBUG matplotlib.font_manager: findfont: score(<Font 'STIXGeneral' (STIXGeneralBolIta.ttf) italic normal 700 normal>) = 11.335
2026-06-26 14:53:13,845 DEBUG matplotlib.font_manager: findfont: score(<Font 'DejaVu Serif' (DejaVuSerif-Bold.ttf) normal normal 700 normal>) = 10.335
2026-06-26 14:53:13,845 DEBUG matplotlib.font_manager: findfont: score(<Font 'DejaVu Serif' (DejaVuSerif-Italic.ttf) italic normal 400 normal>) = 11.05
2026-06-26 14:53:13,845 DEBUG matplotlib.font_manager: findfont: score(<Font 'DejaVu Serif' (DejaVuSerif.ttf) normal normal 400 normal>) = 10.05
2026-06-26 14:53:13,845 DEBUG matplotlib.font_manager: findfont: score(<Font 'cmr10' (cmr10.ttf) normal normal 400 normal>) = 10.05
2026-06-26 14:53:13,845 DEBUG matplotlib.font_manager: findfont: score(<Font 'DejaVu Sans' (DejaVuSans-Oblique.ttf) oblique normal 400 normal>) = 11.05
2026-06-26 14:53:13,845 DEBUG matplotlib.font_manager: findfont: score(<Font 'DejaVu Sans Mono' (DejaVuSansMono-Oblique.ttf) oblique normal 400 normal>) = 11.05
2026-06-26 14:53:13,845 DEBUG matplotlib.font_manager: findfont: score(<Font 'DejaVu Sans Mono' (DejaVuSansMono-Bold.ttf) normal normal 700 normal>) = 10.335
2026-06-26 14:53:13,845 DEBUG matplotlib.font_manager: findfont: score(<Font 'STIXGeneral' (STIXGeneralItalic.ttf) italic normal 400 normal>) = 11.05
2026-06-26 14:53:13,845 DEBUG matplotlib.font_manager: findfont: score(<Font 'STIXSizeThreeSym' (STIXSizThreeSymBol.ttf) normal normal 700 normal>) = 10.335
2026-06-26 14:53:13,845 DEBUG matplotlib.font_manager: findfont: score(<Font 'STIXGeneral' (STIXGeneralBol.ttf) normal normal 700 normal>) = 10.335
2026-06-26 14:53:13,845 DEBUG matplotlib.font_manager: findfont: score(<Font 'DejaVu Sans' (DejaVuSans-BoldOblique.ttf) oblique normal 700 normal>) = 11.335
2026-06-26 14:53:13,845 DEBUG matplotlib.font_manager: findfont: score(<Font 'STIXSizeFiveSym' (STIXSizFiveSymReg.ttf) normal normal 400 normal>) = 10.05
2026-06-26 14:53:13,845 DEBUG matplotlib.font_manager: findfont: score(<Font 'DejaVu Sans' (DejaVuSans.ttf) normal normal 400 normal>) = 10.05
2026-06-26 14:53:13,845 DEBUG matplotlib.font_manager: findfont: score(<Font 'cmsy10' (cmsy10.ttf) normal normal 400 normal>) = 10.05
2026-06-26 14:53:13,845 DEBUG matplotlib.font_manager: findfont: score(<Font 'STIXNonUnicode' (STIXNonUni.ttf) normal normal 400 normal>) = 10.05
2026-06-26 14:53:13,845 DEBUG matplotlib.font_manager: findfont: score(<Font 'DejaVu Sans Mono' (DejaVuSansMono.ttf) normal normal 400 normal>) = 10.05
2026-06-26 14:53:13,845 DEBUG matplotlib.font_manager: findfont: score(<Font 'DejaVu Sans Display' (DejaVuSansDisplay.ttf) normal normal 400 normal>) = 10.05
2026-06-26 14:53:13,845 DEBUG matplotlib.font_manager: findfont: score(<Font 'cmss10' (cmss10.ttf) normal normal 400 normal>) = 10.05
2026-06-26 14:53:13,845 DEBUG matplotlib.font_manager: findfont: score(<Font 'STIXNonUnicode' (STIXNonUniBol.ttf) normal normal 700 normal>) = 10.335
2026-06-26 14:53:13,845 DEBUG matplotlib.font_manager: findfont: score(<Font 'cmb10' (cmb10.ttf) normal normal 400 normal>) = 10.05
2026-06-26 14:53:13,845 DEBUG matplotlib.font_manager: findfont: score(<Font 'cmmi10' (cmmi10.ttf) normal normal 400 normal>) = 10.05
2026-06-26 14:53:13,845 DEBUG matplotlib.font_manager: findfont: score(<Font 'STIXSizeOneSym' (STIXSizOneSymReg.ttf) normal normal 400 normal>) = 10.05
2026-06-26 14:53:13,845 DEBUG matplotlib.font_manager: findfont: score(<Font 'STIXSizeFourSym' (STIXSizFourSymReg.ttf) normal normal 400 normal>) = 10.05
2026-06-26 14:53:13,845 DEBUG matplotlib.font_manager: findfont: score(<Font 'STIXGeneral' (STIXGeneral.ttf) normal normal 400 normal>) = 10.05
2026-06-26 14:53:13,845 DEBUG matplotlib.font_manager: findfont: score(<Font 'STIXNonUnicode' (STIXNonUniIta.ttf) italic normal 400 normal>) = 11.05
2026-06-26 14:53:13,846 DEBUG matplotlib.font_manager: findfont: score(<Font 'DejaVu Serif' (DejaVuSerif-Bold.ttf) normal normal 700 normal>) = 10.335
2026-06-26 14:53:13,846 DEBUG matplotlib.font_manager: findfont: score(<Font 'DejaVu Sans Mono' (DejaVuSansMono-Bold.ttf) normal normal 700 normal>) = 10.335
2026-06-26 14:53:13,846 DEBUG matplotlib.font_manager: findfont: score(<Font 'DejaVu Serif' (DejaVuSerif.ttf) normal normal 400 normal>) = 10.05
2026-06-26 14:53:13,846 DEBUG matplotlib.font_manager: findfont: score(<Font 'DejaVu Sans' (DejaVuSans-Bold.ttf) normal normal 700 normal>) = 10.335
2026-06-26 14:53:13,846 DEBUG matplotlib.font_manager: findfont: score(<Font 'DejaVu Sans Mono' (DejaVuSansMono.ttf) normal normal 400 normal>) = 10.05
2026-06-26 14:53:13,846 DEBUG matplotlib.font_manager: findfont: score(<Font 'DejaVu Sans' (DejaVuSans.ttf) normal normal 400 normal>) = 10.05
2026-06-26 14:53:13,846 DEBUG matplotlib.font_manager: findfont: Matching cmex10:style=normal:variant=normal:weight=normal:stretch=normal:size=10.0 to cmex10 ('/tmp/_MEIF0qp76/matplotlib/mpl-data/fonts/ttf/cmex10.ttf') with score of 0.050000.
2026-06-26 14:53:13,846 DEBUG matplotlib.font_manager: findfont: Matching DejaVu Sans:style=normal:variant=normal:weight=normal:stretch=normal:size=10.0.
2026-06-26 14:53:13,846 DEBUG matplotlib.font_manager: findfont: score(<Font 'STIXSizeFourSym' (STIXSizFourSymBol.ttf) normal normal 700 normal>) = 10.335
2026-06-26 14:53:13,846 DEBUG matplotlib.font_manager: findfont: score(<Font 'DejaVu Sans Mono' (DejaVuSansMono-BoldOblique.ttf) oblique normal 700 normal>) = 11.335
2026-06-26 14:53:13,846 DEBUG matplotlib.font_manager: findfont: score(<Font 'STIXSizeOneSym' (STIXSizOneSymBol.ttf) normal normal 700 normal>) = 10.335
2026-06-26 14:53:13,846 DEBUG matplotlib.font_manager: findfont: score(<Font 'DejaVu Serif' (DejaVuSerif-BoldItalic.ttf) italic normal 700 normal>) = 11.335
2026-06-26 14:53:13,846 DEBUG matplotlib.font_manager: findfont: score(<Font 'STIXSizeThreeSym' (STIXSizThreeSymReg.ttf) normal normal 400 normal>) = 10.05
2026-06-26 14:53:13,846 DEBUG matplotlib.font_manager: findfont: score(<Font 'cmtt10' (cmtt10.ttf) normal normal 400 normal>) = 10.05
2026-06-26 14:53:13,846 DEBUG matplotlib.font_manager: findfont: score(<Font 'STIXSizeTwoSym' (STIXSizTwoSymBol.ttf) normal normal 700 normal>) = 10.335
2026-06-26 14:53:13,846 DEBUG matplotlib.font_manager: findfont: score(<Font 'STIXSizeTwoSym' (STIXSizTwoSymReg.ttf) normal normal 400 normal>) = 10.05
2026-06-26 14:53:13,846 DEBUG matplotlib.font_manager: findfont: score(<Font 'DejaVu Serif Display' (DejaVuSerifDisplay.ttf) normal normal 400 normal>) = 10.05
2026-06-26 14:53:13,846 DEBUG matplotlib.font_manager: findfont: score(<Font 'DejaVu Sans' (DejaVuSans-Bold.ttf) normal normal 700 normal>) = 0.33499999999999996
2026-06-26 14:53:13,846 DEBUG matplotlib.font_manager: findfont: score(<Font 'cmex10' (cmex10.ttf) normal normal 400 normal>) = 10.05
2026-06-26 14:53:13,846 DEBUG matplotlib.font_manager: findfont: score(<Font 'STIXNonUnicode' (STIXNonUniBolIta.ttf) italic normal 700 normal>) = 11.335
2026-06-26 14:53:13,846 DEBUG matplotlib.font_manager: findfont: score(<Font 'STIXGeneral' (STIXGeneralBolIta.ttf) italic normal 700 normal>) = 11.335
2026-06-26 14:53:13,846 DEBUG matplotlib.font_manager: findfont: score(<Font 'DejaVu Serif' (DejaVuSerif-Bold.ttf) normal normal 700 normal>) = 10.335
2026-06-26 14:53:13,847 DEBUG matplotlib.font_manager: findfont: score(<Font 'DejaVu Serif' (DejaVuSerif-Italic.ttf) italic normal 400 normal>) = 11.05
2026-06-26 14:53:13,847 DEBUG matplotlib.font_manager: findfont: score(<Font 'DejaVu Serif' (DejaVuSerif.ttf) normal normal 400 normal>) = 10.05
2026-06-26 14:53:13,847 DEBUG matplotlib.font_manager: findfont: score(<Font 'cmr10' (cmr10.ttf) normal normal 400 normal>) = 10.05
2026-06-26 14:53:13,847 DEBUG matplotlib.font_manager: findfont: score(<Font 'DejaVu Sans' (DejaVuSans-Oblique.ttf) oblique normal 400 normal>) = 1.05
2026-06-26 14:53:13,847 DEBUG matplotlib.font_manager: findfont: score(<Font 'DejaVu Sans Mono' (DejaVuSansMono-Oblique.ttf) oblique normal 400 normal>) = 11.05
2026-06-26 14:53:13,847 DEBUG matplotlib.font_manager: findfont: score(<Font 'DejaVu Sans Mono' (DejaVuSansMono-Bold.ttf) normal normal 700 normal>) = 10.335
2026-06-26 14:53:13,847 DEBUG matplotlib.font_manager: findfont: score(<Font 'STIXGeneral' (STIXGeneralItalic.ttf) italic normal 400 normal>) = 11.05
2026-06-26 14:53:13,847 DEBUG matplotlib.font_manager: findfont: score(<Font 'STIXSizeThreeSym' (STIXSizThreeSymBol.ttf) normal normal 700 normal>) = 10.335
2026-06-26 14:53:13,847 DEBUG matplotlib.font_manager: findfont: score(<Font 'STIXGeneral' (STIXGeneralBol.ttf) normal normal 700 normal>) = 10.335
2026-06-26 14:53:13,847 DEBUG matplotlib.font_manager: findfont: score(<Font 'DejaVu Sans' (DejaVuSans-BoldOblique.ttf) oblique normal 700 normal>) = 1.335
2026-06-26 14:53:13,847 DEBUG matplotlib.font_manager: findfont: score(<Font 'STIXSizeFiveSym' (STIXSizFiveSymReg.ttf) normal normal 400 normal>) = 10.05
2026-06-26 14:53:13,847 DEBUG matplotlib.font_manager: findfont: score(<Font 'DejaVu Sans' (DejaVuSans.ttf) normal normal 400 normal>) = 0.05
2026-06-26 14:53:13,847 DEBUG matplotlib.font_manager: findfont: score(<Font 'cmsy10' (cmsy10.ttf) normal normal 400 normal>) = 10.05
2026-06-26 14:53:13,847 DEBUG matplotlib.font_manager: findfont: score(<Font 'STIXNonUnicode' (STIXNonUni.ttf) normal normal 400 normal>) = 10.05
2026-06-26 14:53:13,847 DEBUG matplotlib.font_manager: findfont: score(<Font 'DejaVu Sans Mono' (DejaVuSansMono.ttf) normal normal 400 normal>) = 10.05
2026-06-26 14:53:13,847 DEBUG matplotlib.font_manager: findfont: score(<Font 'DejaVu Sans Display' (DejaVuSansDisplay.ttf) normal normal 400 normal>) = 10.05
2026-06-26 14:53:13,847 DEBUG matplotlib.font_manager: findfont: score(<Font 'cmss10' (cmss10.ttf) normal normal 400 normal>) = 10.05
2026-06-26 14:53:13,847 DEBUG matplotlib.font_manager: findfont: score(<Font 'STIXNonUnicode' (STIXNonUniBol.ttf) normal normal 700 normal>) = 10.335
2026-06-26 14:53:13,847 DEBUG matplotlib.font_manager: findfont: score(<Font 'cmb10' (cmb10.ttf) normal normal 400 normal>) = 10.05
2026-06-26 14:53:13,847 DEBUG matplotlib.font_manager: findfont: score(<Font 'cmmi10' (cmmi10.ttf) normal normal 400 normal>) = 10.05
2026-06-26 14:53:13,847 DEBUG matplotlib.font_manager: findfont: score(<Font 'STIXSizeOneSym' (STIXSizOneSymReg.ttf) normal normal 400 normal>) = 10.05
2026-06-26 14:53:13,847 DEBUG matplotlib.font_manager: findfont: score(<Font 'STIXSizeFourSym' (STIXSizFourSymReg.ttf) normal normal 400 normal>) = 10.05
2026-06-26 14:53:13,847 DEBUG matplotlib.font_manager: findfont: score(<Font 'STIXGeneral' (STIXGeneral.ttf) normal normal 400 normal>) = 10.05
2026-06-26 14:53:13,847 DEBUG matplotlib.font_manager: findfont: score(<Font 'STIXNonUnicode' (STIXNonUniIta.ttf) italic normal 400 normal>) = 11.05
2026-06-26 14:53:13,847 DEBUG matplotlib.font_manager: findfont: score(<Font 'DejaVu Serif' (DejaVuSerif-Bold.ttf) normal normal 700 normal>) = 10.335
2026-06-26 14:53:13,847 DEBUG matplotlib.font_manager: findfont: score(<Font 'DejaVu Sans Mono' (DejaVuSansMono-Bold.ttf) normal normal 700 normal>) = 10.335
2026-06-26 14:53:13,847 DEBUG matplotlib.font_manager: findfont: score(<Font 'DejaVu Serif' (DejaVuSerif.ttf) normal normal 400 normal>) = 10.05
2026-06-26 14:53:13,847 DEBUG matplotlib.font_manager: findfont: score(<Font 'DejaVu Sans' (DejaVuSans-Bold.ttf) normal normal 700 normal>) = 0.33499999999999996
2026-06-26 14:53:13,847 DEBUG matplotlib.font_manager: findfont: score(<Font 'DejaVu Sans Mono' (DejaVuSansMono.ttf) normal normal 400 normal>) = 10.05
2026-06-26 14:53:13,847 DEBUG matplotlib.font_manager: findfont: score(<Font 'DejaVu Sans' (DejaVuSans.ttf) normal normal 400 normal>) = 0.05
2026-06-26 14:53:13,847 DEBUG matplotlib.font_manager: findfont: Matching DejaVu Sans:style=normal:variant=normal:weight=normal:stretch=normal:size=10.0 to DejaVu Sans ('/tmp/_MEIF0qp76/matplotlib/mpl-data/fonts/ttf/DejaVuSans.ttf') with score of 0.050000.
2026-06-26 14:53:13,848 DEBUG matplotlib.font_manager: findfont: Matching DejaVu Sans:style=italic:variant=normal:weight=normal:stretch=normal:size=10.0.
2026-06-26 14:53:13,848 DEBUG matplotlib.font_manager: findfont: score(<Font 'STIXSizeFourSym' (STIXSizFourSymBol.ttf) normal normal 700 normal>) = 11.335
2026-06-26 14:53:13,848 DEBUG matplotlib.font_manager: findfont: score(<Font 'DejaVu Sans Mono' (DejaVuSansMono-BoldOblique.ttf) oblique normal 700 normal>) = 10.434999999999999
2026-06-26 14:53:13,848 DEBUG matplotlib.font_manager: findfont: score(<Font 'STIXSizeOneSym' (STIXSizOneSymBol.ttf) normal normal 700 normal>) = 11.335
2026-06-26 14:53:13,848 DEBUG matplotlib.font_manager: findfont: score(<Font 'DejaVu Serif' (DejaVuSerif-BoldItalic.ttf) italic normal 700 normal>) = 10.335
2026-06-26 14:53:13,848 DEBUG matplotlib.font_manager: findfont: score(<Font 'STIXSizeThreeSym' (STIXSizThreeSymReg.ttf) normal normal 400 normal>) = 11.05
2026-06-26 14:53:13,848 DEBUG matplotlib.font_manager: findfont: score(<Font 'cmtt10' (cmtt10.ttf) normal normal 400 normal>) = 11.05
2026-06-26 14:53:13,848 DEBUG matplotlib.font_manager: findfont: score(<Font 'STIXSizeTwoSym' (STIXSizTwoSymBol.ttf) normal normal 700 normal>) = 11.335
2026-06-26 14:53:13,848 DEBUG matplotlib.font_manager: findfont: score(<Font 'STIXSizeTwoSym' (STIXSizTwoSymReg.ttf) normal normal 400 normal>) = 11.05
2026-06-26 14:53:13,848 DEBUG matplotlib.font_manager: findfont: score(<Font 'DejaVu Serif Display' (DejaVuSerifDisplay.ttf) normal normal 400 normal>) = 11.05
2026-06-26 14:53:13,848 DEBUG matplotlib.font_manager: findfont: score(<Font 'DejaVu Sans' (DejaVuSans-Bold.ttf) normal normal 700 normal>) = 1.335
2026-06-26 14:53:13,848 DEBUG matplotlib.font_manager: findfont: score(<Font 'cmex10' (cmex10.ttf) normal normal 400 normal>) = 11.05
2026-06-26 14:53:13,848 DEBUG matplotlib.font_manager: findfont: score(<Font 'STIXNonUnicode' (STIXNonUniBolIta.ttf) italic normal 700 normal>) = 10.335
2026-06-26 14:53:13,848 DEBUG matplotlib.font_manager: findfont: score(<Font 'STIXGeneral' (STIXGeneralBolIta.ttf) italic normal 700 normal>) = 10.335
2026-06-26 14:53:13,848 DEBUG matplotlib.font_manager: findfont: score(<Font 'DejaVu Serif' (DejaVuSerif-Bold.ttf) normal normal 700 normal>) = 11.335
2026-06-26 14:53:13,848 DEBUG matplotlib.font_manager: findfont: score(<Font 'DejaVu Serif' (DejaVuSerif-Italic.ttf) italic normal 400 normal>) = 10.05
2026-06-26 14:53:13,848 DEBUG matplotlib.font_manager: findfont: score(<Font 'DejaVu Serif' (DejaVuSerif.ttf) normal normal 400 normal>) = 11.05
2026-06-26 14:53:13,848 DEBUG matplotlib.font_manager: findfont: score(<Font 'cmr10' (cmr10.ttf) normal normal 400 normal>) = 11.05
2026-06-26 14:53:13,848 DEBUG matplotlib.font_manager: findfont: score(<Font 'DejaVu Sans' (DejaVuSans-Oblique.ttf) oblique normal 400 normal>) = 0.15000000000000002
2026-06-26 14:53:13,848 DEBUG matplotlib.font_manager: findfont: score(<Font 'DejaVu Sans Mono' (DejaVuSansMono-Oblique.ttf) oblique normal 400 normal>) = 10.15
2026-06-26 14:53:13,848 DEBUG matplotlib.font_manager: findfont: score(<Font 'DejaVu Sans Mono' (DejaVuSansMono-Bold.ttf) normal normal 700 normal>) = 11.335
2026-06-26 14:53:13,848 DEBUG matplotlib.font_manager: findfont: score(<Font 'STIXGeneral' (STIXGeneralItalic.ttf) italic normal 400 normal>) = 10.05
2026-06-26 14:53:13,848 DEBUG matplotlib.font_manager: findfont: score(<Font 'STIXSizeThreeSym' (STIXSizThreeSymBol.ttf) normal normal 700 normal>) = 11.335
2026-06-26 14:53:13,848 DEBUG matplotlib.font_manager: findfont: score(<Font 'STIXGeneral' (STIXGeneralBol.ttf) normal normal 700 normal>) = 11.335
2026-06-26 14:53:13,848 DEBUG matplotlib.font_manager: findfont: score(<Font 'DejaVu Sans' (DejaVuSans-BoldOblique.ttf) oblique normal 700 normal>) = 0.43499999999999994
2026-06-26 14:53:13,849 DEBUG matplotlib.font_manager: findfont: score(<Font 'STIXSizeFiveSym' (STIXSizFiveSymReg.ttf) normal normal 400 normal>) = 11.05
2026-06-26 14:53:13,849 DEBUG matplotlib.font_manager: findfont: score(<Font 'DejaVu Sans' (DejaVuSans.ttf) normal normal 400 normal>) = 1.05
2026-06-26 14:53:13,849 DEBUG matplotlib.font_manager: findfont: score(<Font 'cmsy10' (cmsy10.ttf) normal normal 400 normal>) = 11.05
2026-06-26 14:53:13,849 DEBUG matplotlib.font_manager: findfont: score(<Font 'STIXNonUnicode' (STIXNonUni.ttf) normal normal 400 normal>) = 11.05
2026-06-26 14:53:13,849 DEBUG matplotlib.font_manager: findfont: score(<Font 'DejaVu Sans Mono' (DejaVuSansMono.ttf) normal normal 400 normal>) = 11.05
2026-06-26 14:53:13,849 DEBUG matplotlib.font_manager: findfont: score(<Font 'DejaVu Sans Display' (DejaVuSansDisplay.ttf) normal normal 400 normal>) = 11.05
2026-06-26 14:53:13,849 DEBUG matplotlib.font_manager: findfont: score(<Font 'cmss10' (cmss10.ttf) normal normal 400 normal>) = 11.05
2026-06-26 14:53:13,849 DEBUG matplotlib.font_manager: findfont: score(<Font 'STIXNonUnicode' (STIXNonUniBol.ttf) normal normal 700 normal>) = 11.335
2026-06-26 14:53:13,849 DEBUG matplotlib.font_manager: findfont: score(<Font 'cmb10' (cmb10.ttf) normal normal 400 normal>) = 11.05
2026-06-26 14:53:13,849 DEBUG matplotlib.font_manager: findfont: score(<Font 'cmmi10' (cmmi10.ttf) normal normal 400 normal>) = 11.05
2026-06-26 14:53:13,849 DEBUG matplotlib.font_manager: findfont: score(<Font 'STIXSizeOneSym' (STIXSizOneSymReg.ttf) normal normal 400 normal>) = 11.05
2026-06-26 14:53:13,849 DEBUG matplotlib.font_manager: findfont: score(<Font 'STIXSizeFourSym' (STIXSizFourSymReg.ttf) normal normal 400 normal>) = 11.05
2026-06-26 14:53:13,849 DEBUG matplotlib.font_manager: findfont: score(<Font 'STIXGeneral' (STIXGeneral.ttf) normal normal 400 normal>) = 11.05
2026-06-26 14:53:13,849 DEBUG matplotlib.font_manager: findfont: score(<Font 'STIXNonUnicode' (STIXNonUniIta.ttf) italic normal 400 normal>) = 10.05
2026-06-26 14:53:13,849 DEBUG matplotlib.font_manager: findfont: score(<Font 'DejaVu Serif' (DejaVuSerif-Bold.ttf) normal normal 700 normal>) = 11.335
2026-06-26 14:53:13,849 DEBUG matplotlib.font_manager: findfont: score(<Font 'DejaVu Sans Mono' (DejaVuSansMono-Bold.ttf) normal normal 700 normal>) = 11.335
2026-06-26 14:53:13,849 DEBUG matplotlib.font_manager: findfont: score(<Font 'DejaVu Serif' (DejaVuSerif.ttf) normal normal 400 normal>) = 11.05
2026-06-26 14:53:13,849 DEBUG matplotlib.font_manager: findfont: score(<Font 'DejaVu Sans' (DejaVuSans-Bold.ttf) normal normal 700 normal>) = 1.335
2026-06-26 14:53:13,849 DEBUG matplotlib.font_manager: findfont: score(<Font 'DejaVu Sans Mono' (DejaVuSansMono.ttf) normal normal 400 normal>) = 11.05
2026-06-26 14:53:13,849 DEBUG matplotlib.font_manager: findfont: score(<Font 'DejaVu Sans' (DejaVuSans.ttf) normal normal 400 normal>) = 1.05
2026-06-26 14:53:13,849 DEBUG matplotlib.font_manager: findfont: Matching DejaVu Sans:style=italic:variant=normal:weight=normal:stretch=normal:size=10.0 to DejaVu Sans ('/tmp/_MEIF0qp76/matplotlib/mpl-data/fonts/ttf/DejaVuSans-Oblique.ttf') with score of 0.150000.
2026-06-26 14:53:13,849 DEBUG matplotlib.font_manager: findfont: Matching DejaVu Sans:style=normal:variant=normal:weight=bold:stretch=normal:size=10.0.
2026-06-26 14:53:13,850 DEBUG matplotlib.font_manager: findfont: score(<Font 'STIXSizeFourSym' (STIXSizFourSymBol.ttf) normal normal 700 normal>) = 10.05
2026-06-26 14:53:13,850 DEBUG matplotlib.font_manager: findfont: score(<Font 'DejaVu Sans Mono' (DejaVuSansMono-BoldOblique.ttf) oblique normal 700 normal>) = 11.05
2026-06-26 14:53:13,850 DEBUG matplotlib.font_manager: findfont: score(<Font 'STIXSizeOneSym' (STIXSizOneSymBol.ttf) normal normal 700 normal>) = 10.05
2026-06-26 14:53:13,850 DEBUG matplotlib.font_manager: findfont: score(<Font 'DejaVu Serif' (DejaVuSerif-BoldItalic.ttf) italic normal 700 normal>) = 11.05
2026-06-26 14:53:13,850 DEBUG matplotlib.font_manager: findfont: score(<Font 'STIXSizeThreeSym' (STIXSizThreeSymReg.ttf) normal normal 400 normal>) = 10.335
2026-06-26 14:53:13,850 DEBUG matplotlib.font_manager: findfont: score(<Font 'cmtt10' (cmtt10.ttf) normal normal 400 normal>) = 10.335
2026-06-26 14:53:13,850 DEBUG matplotlib.font_manager: findfont: score(<Font 'STIXSizeTwoSym' (STIXSizTwoSymBol.ttf) normal normal 700 normal>) = 10.05
2026-06-26 14:53:13,850 DEBUG matplotlib.font_manager: findfont: score(<Font 'STIXSizeTwoSym' (STIXSizTwoSymReg.ttf) normal normal 400 normal>) = 10.335
2026-06-26 14:53:13,850 DEBUG matplotlib.font_manager: findfont: score(<Font 'DejaVu Serif Display' (DejaVuSerifDisplay.ttf) normal normal 400 normal>) = 10.335
2026-06-26 14:53:13,850 DEBUG matplotlib.font_manager: findfont: score(<Font 'DejaVu Sans' (DejaVuSans-Bold.ttf) normal normal 700 normal>) = 0.05
2026-06-26 14:53:13,850 DEBUG matplotlib.font_manager: findfont: score(<Font 'cmex10' (cmex10.ttf) normal normal 400 normal>) = 10.335
2026-06-26 14:53:13,850 DEBUG matplotlib.font_manager: findfont: score(<Font 'STIXNonUnicode' (STIXNonUniBolIta.ttf) italic normal 700 normal>) = 11.05
2026-06-26 14:53:13,850 DEBUG matplotlib.font_manager: findfont: score(<Font 'STIXGeneral' (STIXGeneralBolIta.ttf) italic normal 700 normal>) = 11.05
2026-06-26 14:53:13,850 DEBUG matplotlib.font_manager: findfont: score(<Font 'DejaVu Serif' (DejaVuSerif-Bold.ttf) normal normal 700 normal>) = 10.05
2026-06-26 14:53:13,850 DEBUG matplotlib.font_manager: findfont: score(<Font 'DejaVu Serif' (DejaVuSerif-Italic.ttf) italic normal 400 normal>) = 11.335
2026-06-26 14:53:13,850 DEBUG matplotlib.font_manager: findfont: score(<Font 'DejaVu Serif' (DejaVuSerif.ttf) normal normal 400 normal>) = 10.335
2026-06-26 14:53:13,850 DEBUG matplotlib.font_manager: findfont: score(<Font 'cmr10' (cmr10.ttf) normal normal 400 normal>) = 10.335
2026-06-26 14:53:13,850 DEBUG matplotlib.font_manager: findfont: score(<Font 'DejaVu Sans' (DejaVuSans-Oblique.ttf) oblique normal 400 normal>) = 1.335
2026-06-26 14:53:13,850 DEBUG matplotlib.font_manager: findfont: score(<Font 'DejaVu Sans Mono' (DejaVuSansMono-Oblique.ttf) oblique normal 400 normal>) = 11.335
2026-06-26 14:53:13,850 DEBUG matplotlib.font_manager: findfont: score(<Font 'DejaVu Sans Mono' (DejaVuSansMono-Bold.ttf) normal normal 700 normal>) = 10.05
2026-06-26 14:53:13,850 DEBUG matplotlib.font_manager: findfont: score(<Font 'STIXGeneral' (STIXGeneralItalic.ttf) italic normal 400 normal>) = 11.335
2026-06-26 14:53:13,850 DEBUG matplotlib.font_manager: findfont: score(<Font 'STIXSizeThreeSym' (STIXSizThreeSymBol.ttf) normal normal 700 normal>) = 10.05
2026-06-26 14:53:13,850 DEBUG matplotlib.font_manager: findfont: score(<Font 'STIXGeneral' (STIXGeneralBol.ttf) normal normal 700 normal>) = 10.05
2026-06-26 14:53:13,850 DEBUG matplotlib.font_manager: findfont: score(<Font 'DejaVu Sans' (DejaVuSans-BoldOblique.ttf) oblique normal 700 normal>) = 1.05
2026-06-26 14:53:13,850 DEBUG matplotlib.font_manager: findfont: score(<Font 'STIXSizeFiveSym' (STIXSizFiveSymReg.ttf) normal normal 400 normal>) = 10.335
2026-06-26 14:53:13,850 DEBUG matplotlib.font_manager: findfont: score(<Font 'DejaVu Sans' (DejaVuSans.ttf) normal normal 400 normal>) = 0.33499999999999996
2026-06-26 14:53:13,850 DEBUG matplotlib.font_manager: findfont: score(<Font 'cmsy10' (cmsy10.ttf) normal normal 400 normal>) = 10.335
2026-06-26 14:53:13,850 DEBUG matplotlib.font_manager: findfont: score(<Font 'STIXNonUnicode' (STIXNonUni.ttf) normal normal 400 normal>) = 10.335
2026-06-26 14:53:13,850 DEBUG matplotlib.font_manager: findfont: score(<Font 'DejaVu Sans Mono' (DejaVuSansMono.ttf) normal normal 400 normal>) = 10.335
2026-06-26 14:53:13,850 DEBUG matplotlib.font_manager: findfont: score(<Font 'DejaVu Sans Display' (DejaVuSansDisplay.ttf) normal normal 400 normal>) = 10.335
2026-06-26 14:53:13,850 DEBUG matplotlib.font_manager: findfont: score(<Font 'cmss10' (cmss10.ttf) normal normal 400 normal>) = 10.335
2026-06-26 14:53:13,850 DEBUG matplotlib.font_manager: findfont: score(<Font 'STIXNonUnicode' (STIXNonUniBol.ttf) normal normal 700 normal>) = 10.05
2026-06-26 14:53:13,850 DEBUG matplotlib.font_manager: findfont: score(<Font 'cmb10' (cmb10.ttf) normal normal 400 normal>) = 10.335
2026-06-26 14:53:13,851 DEBUG matplotlib.font_manager: findfont: score(<Font 'cmmi10' (cmmi10.ttf) normal normal 400 normal>) = 10.335
2026-06-26 14:53:13,851 DEBUG matplotlib.font_manager: findfont: score(<Font 'STIXSizeOneSym' (STIXSizOneSymReg.ttf) normal normal 400 normal>) = 10.335
2026-06-26 14:53:13,851 DEBUG matplotlib.font_manager: findfont: score(<Font 'STIXSizeFourSym' (STIXSizFourSymReg.ttf) normal normal 400 normal>) = 10.335
2026-06-26 14:53:13,851 DEBUG matplotlib.font_manager: findfont: score(<Font 'STIXGeneral' (STIXGeneral.ttf) normal normal 400 normal>) = 10.335
2026-06-26 14:53:13,851 DEBUG matplotlib.font_manager: findfont: score(<Font 'STIXNonUnicode' (STIXNonUniIta.ttf) italic normal 400 normal>) = 11.335
2026-06-26 14:53:13,851 DEBUG matplotlib.font_manager: findfont: score(<Font 'DejaVu Serif' (DejaVuSerif-Bold.ttf) normal normal 700 normal>) = 10.05
2026-06-26 14:53:13,851 DEBUG matplotlib.font_manager: findfont: score(<Font 'DejaVu Sans Mono' (DejaVuSansMono-Bold.ttf) normal normal 700 normal>) = 10.05
2026-06-26 14:53:13,851 DEBUG matplotlib.font_manager: findfont: score(<Font 'DejaVu Serif' (DejaVuSerif.ttf) normal normal 400 normal>) = 10.335
2026-06-26 14:53:13,851 DEBUG matplotlib.font_manager: findfont: score(<Font 'DejaVu Sans' (DejaVuSans-Bold.ttf) normal normal 700 normal>) = 0.05
2026-06-26 14:53:13,851 DEBUG matplotlib.font_manager: findfont: score(<Font 'DejaVu Sans Mono' (DejaVuSansMono.ttf) normal normal 400 normal>) = 10.335
2026-06-26 14:53:13,851 DEBUG matplotlib.font_manager: findfont: score(<Font 'DejaVu Sans' (DejaVuSans.ttf) normal normal 400 normal>) = 0.33499999999999996
2026-06-26 14:53:13,851 DEBUG matplotlib.font_manager: findfont: Matching DejaVu Sans:style=normal:variant=normal:weight=bold:stretch=normal:size=10.0 to DejaVu Sans ('/tmp/_MEIF0qp76/matplotlib/mpl-data/fonts/ttf/DejaVuSans-Bold.ttf') with score of 0.050000.
2026-06-26 14:53:13,851 DEBUG matplotlib.font_manager: findfont: Matching DejaVu Sans Mono:style=normal:variant=normal:weight=normal:stretch=normal:size=10.0.
2026-06-26 14:53:13,851 DEBUG matplotlib.font_manager: findfont: score(<Font 'STIXSizeFourSym' (STIXSizFourSymBol.ttf) normal normal 700 normal>) = 10.335
2026-06-26 14:53:13,851 DEBUG matplotlib.font_manager: findfont: score(<Font 'DejaVu Sans Mono' (DejaVuSansMono-BoldOblique.ttf) oblique normal 700 normal>) = 1.335
2026-06-26 14:53:13,851 DEBUG matplotlib.font_manager: findfont: score(<Font 'STIXSizeOneSym' (STIXSizOneSymBol.ttf) normal normal 700 normal>) = 10.335
2026-06-26 14:53:13,851 DEBUG matplotlib.font_manager: findfont: score(<Font 'DejaVu Serif' (DejaVuSerif-BoldItalic.ttf) italic normal 700 normal>) = 11.335
2026-06-26 14:53:13,851 DEBUG matplotlib.font_manager: findfont: score(<Font 'STIXSizeThreeSym' (STIXSizThreeSymReg.ttf) normal normal 400 normal>) = 10.05
2026-06-26 14:53:13,851 DEBUG matplotlib.font_manager: findfont: score(<Font 'cmtt10' (cmtt10.ttf) normal normal 400 normal>) = 10.05
2026-06-26 14:53:13,851 DEBUG matplotlib.font_manager: findfont: score(<Font 'STIXSizeTwoSym' (STIXSizTwoSymBol.ttf) normal normal 700 normal>) = 10.335
2026-06-26 14:53:13,851 DEBUG matplotlib.font_manager: findfont: score(<Font 'STIXSizeTwoSym' (STIXSizTwoSymReg.ttf) normal normal 400 normal>) = 10.05
2026-06-26 14:53:13,851 DEBUG matplotlib.font_manager: findfont: score(<Font 'DejaVu Serif Display' (DejaVuSerifDisplay.ttf) normal normal 400 normal>) = 10.05
2026-06-26 14:53:13,851 DEBUG matplotlib.font_manager: findfont: score(<Font 'DejaVu Sans' (DejaVuSans-Bold.ttf) normal normal 700 normal>) = 10.335
2026-06-26 14:53:13,852 DEBUG matplotlib.font_manager: findfont: score(<Font 'cmex10' (cmex10.ttf) normal normal 400 normal>) = 10.05
2026-06-26 14:53:13,852 DEBUG matplotlib.font_manager: findfont: score(<Font 'STIXNonUnicode' (STIXNonUniBolIta.ttf) italic normal 700 normal>) = 11.335
2026-06-26 14:53:13,852 DEBUG matplotlib.font_manager: findfont: score(<Font 'STIXGeneral' (STIXGeneralBolIta.ttf) italic normal 700 normal>) = 11.335
2026-06-26 14:53:13,852 DEBUG matplotlib.font_manager: findfont: score(<Font 'DejaVu Serif' (DejaVuSerif-Bold.ttf) normal normal 700 normal>) = 10.335
2026-06-26 14:53:13,852 DEBUG matplotlib.font_manager: findfont: score(<Font 'DejaVu Serif' (DejaVuSerif-Italic.ttf) italic normal 400 normal>) = 11.05
2026-06-26 14:53:13,852 DEBUG matplotlib.font_manager: findfont: score(<Font 'DejaVu Serif' (DejaVuSerif.ttf) normal normal 400 normal>) = 10.05
2026-06-26 14:53:13,852 DEBUG matplotlib.font_manager: findfont: score(<Font 'cmr10' (cmr10.ttf) normal normal 400 normal>) = 10.05
2026-06-26 14:53:13,852 DEBUG matplotlib.font_manager: findfont: score(<Font 'DejaVu Sans' (DejaVuSans-Oblique.ttf) oblique normal 400 normal>) = 11.05
2026-06-26 14:53:13,852 DEBUG matplotlib.font_manager: findfont: score(<Font 'DejaVu Sans Mono' (DejaVuSansMono-Oblique.ttf) oblique normal 400 normal>) = 1.05
2026-06-26 14:53:13,852 DEBUG matplotlib.font_manager: findfont: score(<Font 'DejaVu Sans Mono' (DejaVuSansMono-Bold.ttf) normal normal 700 normal>) = 0.33499999999999996
2026-06-26 14:53:13,852 DEBUG matplotlib.font_manager: findfont: score(<Font 'STIXGeneral' (STIXGeneralItalic.ttf) italic normal 400 normal>) = 11.05
2026-06-26 14:53:13,852 DEBUG matplotlib.font_manager: findfont: score(<Font 'STIXSizeThreeSym' (STIXSizThreeSymBol.ttf) normal normal 700 normal>) = 10.335
2026-06-26 14:53:13,852 DEBUG matplotlib.font_manager: findfont: score(<Font 'STIXGeneral' (STIXGeneralBol.ttf) normal normal 700 normal>) = 10.335
2026-06-26 14:53:13,852 DEBUG matplotlib.font_manager: findfont: score(<Font 'DejaVu Sans' (DejaVuSans-BoldOblique.ttf) oblique normal 700 normal>) = 11.335
2026-06-26 14:53:13,852 DEBUG matplotlib.font_manager: findfont: score(<Font 'STIXSizeFiveSym' (STIXSizFiveSymReg.ttf) normal normal 400 normal>) = 10.05
2026-06-26 14:53:13,852 DEBUG matplotlib.font_manager: findfont: score(<Font 'DejaVu Sans' (DejaVuSans.ttf) normal normal 400 normal>) = 10.05
2026-06-26 14:53:13,852 DEBUG matplotlib.font_manager: findfont: score(<Font 'cmsy10' (cmsy10.ttf) normal normal 400 normal>) = 10.05
2026-06-26 14:53:13,852 DEBUG matplotlib.font_manager: findfont: score(<Font 'STIXNonUnicode' (STIXNonUni.ttf) normal normal 400 normal>) = 10.05
2026-06-26 14:53:13,852 DEBUG matplotlib.font_manager: findfont: score(<Font 'DejaVu Sans Mono' (DejaVuSansMono.ttf) normal normal 400 normal>) = 0.05
2026-06-26 14:53:13,852 DEBUG matplotlib.font_manager: findfont: score(<Font 'DejaVu Sans Display' (DejaVuSansDisplay.ttf) normal normal 400 normal>) = 10.05
2026-06-26 14:53:13,852 DEBUG matplotlib.font_manager: findfont: score(<Font 'cmss10' (cmss10.ttf) normal normal 400 normal>) = 10.05
2026-06-26 14:53:13,852 DEBUG matplotlib.font_manager: findfont: score(<Font 'STIXNonUnicode' (STIXNonUniBol.ttf) normal normal 700 normal>) = 10.335
2026-06-26 14:53:13,852 DEBUG matplotlib.font_manager: findfont: score(<Font 'cmb10' (cmb10.ttf) normal normal 400 normal>) = 10.05
2026-06-26 14:53:13,852 DEBUG matplotlib.font_manager: findfont: score(<Font 'cmmi10' (cmmi10.ttf) normal normal 400 normal>) = 10.05
2026-06-26 14:53:13,852 DEBUG matplotlib.font_manager: findfont: score(<Font 'STIXSizeOneSym' (STIXSizOneSymReg.ttf) normal normal 400 normal>) = 10.05
2026-06-26 14:53:13,852 DEBUG matplotlib.font_manager: findfont: score(<Font 'STIXSizeFourSym' (STIXSizFourSymReg.ttf) normal normal 400 normal>) = 10.05
2026-06-26 14:53:13,852 DEBUG matplotlib.font_manager: findfont: score(<Font 'STIXGeneral' (STIXGeneral.ttf) normal normal 400 normal>) = 10.05
2026-06-26 14:53:13,852 DEBUG matplotlib.font_manager: findfont: score(<Font 'STIXNonUnicode' (STIXNonUniIta.ttf) italic normal 400 normal>) = 11.05
2026-06-26 14:53:13,852 DEBUG matplotlib.font_manager: findfont: score(<Font 'DejaVu Serif' (DejaVuSerif-Bold.ttf) normal normal 700 normal>) = 10.335
2026-06-26 14:53:13,852 DEBUG matplotlib.font_manager: findfont: score(<Font 'DejaVu Sans Mono' (DejaVuSansMono-Bold.ttf) normal normal 700 normal>) = 0.33499999999999996
2026-06-26 14:53:13,852 DEBUG matplotlib.font_manager: findfont: score(<Font 'DejaVu Serif' (DejaVuSerif.ttf) normal normal 400 normal>) = 10.05
2026-06-26 14:53:13,852 DEBUG matplotlib.font_manager: findfont: score(<Font 'DejaVu Sans' (DejaVuSans-Bold.ttf) normal normal 700 normal>) = 10.335
2026-06-26 14:53:13,852 DEBUG matplotlib.font_manager: findfont: score(<Font 'DejaVu Sans Mono' (DejaVuSansMono.ttf) normal normal 400 normal>) = 0.05
2026-06-26 14:53:13,852 DEBUG matplotlib.font_manager: findfont: score(<Font 'DejaVu Sans' (DejaVuSans.ttf) normal normal 400 normal>) = 10.05
2026-06-26 14:53:13,853 DEBUG matplotlib.font_manager: findfont: Matching DejaVu Sans Mono:style=normal:variant=normal:weight=normal:stretch=normal:size=10.0 to DejaVu Sans Mono ('/tmp/_MEIF0qp76/matplotlib/mpl-data/fonts/ttf/DejaVuSansMono.ttf') with score of 0.050000.
2026-06-26 14:53:13,853 DEBUG matplotlib.font_manager: findfont: Matching DejaVu Sans Display:style=normal:variant=normal:weight=normal:stretch=normal:size=10.0.
2026-06-26 14:53:13,853 DEBUG matplotlib.font_manager: findfont: score(<Font 'STIXSizeFourSym' (STIXSizFourSymBol.ttf) normal normal 700 normal>) = 10.335
2026-06-26 14:53:13,853 DEBUG matplotlib.font_manager: findfont: score(<Font 'DejaVu Sans Mono' (DejaVuSansMono-BoldOblique.ttf) oblique normal 700 normal>) = 11.335
2026-06-26 14:53:13,853 DEBUG matplotlib.font_manager: findfont: score(<Font 'STIXSizeOneSym' (STIXSizOneSymBol.ttf) normal normal 700 normal>) = 10.335
2026-06-26 14:53:13,853 DEBUG matplotlib.font_manager: findfont: score(<Font 'DejaVu Serif' (DejaVuSerif-BoldItalic.ttf) italic normal 700 normal>) = 11.335
2026-06-26 14:53:13,853 DEBUG matplotlib.font_manager: findfont: score(<Font 'STIXSizeThreeSym' (STIXSizThreeSymReg.ttf) normal normal 400 normal>) = 10.05
2026-06-26 14:53:13,853 DEBUG matplotlib.font_manager: findfont: score(<Font 'cmtt10' (cmtt10.ttf) normal normal 400 normal>) = 10.05
2026-06-26 14:53:13,853 DEBUG matplotlib.font_manager: findfont: score(<Font 'STIXSizeTwoSym' (STIXSizTwoSymBol.ttf) normal normal 700 normal>) = 10.335
2026-06-26 14:53:13,853 DEBUG matplotlib.font_manager: findfont: score(<Font 'STIXSizeTwoSym' (STIXSizTwoSymReg.ttf) normal normal 400 normal>) = 10.05
2026-06-26 14:53:13,853 DEBUG matplotlib.font_manager: findfont: score(<Font 'DejaVu Serif Display' (DejaVuSerifDisplay.ttf) normal normal 400 normal>) = 10.05
2026-06-26 14:53:13,853 DEBUG matplotlib.font_manager: findfont: score(<Font 'DejaVu Sans' (DejaVuSans-Bold.ttf) normal normal 700 normal>) = 10.335
2026-06-26 14:53:13,853 DEBUG matplotlib.font_manager: findfont: score(<Font 'cmex10' (cmex10.ttf) normal normal 400 normal>) = 10.05
2026-06-26 14:53:13,853 DEBUG matplotlib.font_manager: findfont: score(<Font 'STIXNonUnicode' (STIXNonUniBolIta.ttf) italic normal 700 normal>) = 11.335
2026-06-26 14:53:13,853 DEBUG matplotlib.font_manager: findfont: score(<Font 'STIXGeneral' (STIXGeneralBolIta.ttf) italic normal 700 normal>) = 11.335
2026-06-26 14:53:13,853 DEBUG matplotlib.font_manager: findfont: score(<Font 'DejaVu Serif' (DejaVuSerif-Bold.ttf) normal normal 700 normal>) = 10.335
2026-06-26 14:53:13,853 DEBUG matplotlib.font_manager: findfont: score(<Font 'DejaVu Serif' (DejaVuSerif-Italic.ttf) italic normal 400 normal>) = 11.05
2026-06-26 14:53:13,853 DEBUG matplotlib.font_manager: findfont: score(<Font 'DejaVu Serif' (DejaVuSerif.ttf) normal normal 400 normal>) = 10.05
2026-06-26 14:53:13,853 DEBUG matplotlib.font_manager: findfont: score(<Font 'cmr10' (cmr10.ttf) normal normal 400 normal>) = 10.05
2026-06-26 14:53:13,853 DEBUG matplotlib.font_manager: findfont: score(<Font 'DejaVu Sans' (DejaVuSans-Oblique.ttf) oblique normal 400 normal>) = 11.05
2026-06-26 14:53:13,853 DEBUG matplotlib.font_manager: findfont: score(<Font 'DejaVu Sans Mono' (DejaVuSansMono-Oblique.ttf) oblique normal 400 normal>) = 11.05
2026-06-26 14:53:13,853 DEBUG matplotlib.font_manager: findfont: score(<Font 'DejaVu Sans Mono' (DejaVuSansMono-Bold.ttf) normal normal 700 normal>) = 10.335
2026-06-26 14:53:13,853 DEBUG matplotlib.font_manager: findfont: score(<Font 'STIXGeneral' (STIXGeneralItalic.ttf) italic normal 400 normal>) = 11.05
2026-06-26 14:53:13,853 DEBUG matplotlib.font_manager: findfont: score(<Font 'STIXSizeThreeSym' (STIXSizThreeSymBol.ttf) normal normal 700 normal>) = 10.335
2026-06-26 14:53:13,853 DEBUG matplotlib.font_manager: findfont: score(<Font 'STIXGeneral' (STIXGeneralBol.ttf) normal normal 700 normal>) = 10.335
2026-06-26 14:53:13,854 DEBUG matplotlib.font_manager: findfont: score(<Font 'DejaVu Sans' (DejaVuSans-BoldOblique.ttf) oblique normal 700 normal>) = 11.335
2026-06-26 14:53:13,854 DEBUG matplotlib.font_manager: findfont: score(<Font 'STIXSizeFiveSym' (STIXSizFiveSymReg.ttf) normal normal 400 normal>) = 10.05
2026-06-26 14:53:13,854 DEBUG matplotlib.font_manager: findfont: score(<Font 'DejaVu Sans' (DejaVuSans.ttf) normal normal 400 normal>) = 10.05
2026-06-26 14:53:13,854 DEBUG matplotlib.font_manager: findfont: score(<Font 'cmsy10' (cmsy10.ttf) normal normal 400 normal>) = 10.05
2026-06-26 14:53:13,854 DEBUG matplotlib.font_manager: findfont: score(<Font 'STIXNonUnicode' (STIXNonUni.ttf) normal normal 400 normal>) = 10.05
2026-06-26 14:53:13,854 DEBUG matplotlib.font_manager: findfont: score(<Font 'DejaVu Sans Mono' (DejaVuSansMono.ttf) normal normal 400 normal>) = 10.05
2026-06-26 14:53:13,854 DEBUG matplotlib.font_manager: findfont: score(<Font 'DejaVu Sans Display' (DejaVuSansDisplay.ttf) normal normal 400 normal>) = 0.05
2026-06-26 14:53:13,854 DEBUG matplotlib.font_manager: findfont: score(<Font 'cmss10' (cmss10.ttf) normal normal 400 normal>) = 10.05
2026-06-26 14:53:13,854 DEBUG matplotlib.font_manager: findfont: score(<Font 'STIXNonUnicode' (STIXNonUniBol.ttf) normal normal 700 normal>) = 10.335
2026-06-26 14:53:13,854 DEBUG matplotlib.font_manager: findfont: score(<Font 'cmb10' (cmb10.ttf) normal normal 400 normal>) = 10.05
2026-06-26 14:53:13,854 DEBUG matplotlib.font_manager: findfont: score(<Font 'cmmi10' (cmmi10.ttf) normal normal 400 normal>) = 10.05
2026-06-26 14:53:13,854 DEBUG matplotlib.font_manager: findfont: score(<Font 'STIXSizeOneSym' (STIXSizOneSymReg.ttf) normal normal 400 normal>) = 10.05
2026-06-26 14:53:13,854 DEBUG matplotlib.font_manager: findfont: score(<Font 'STIXSizeFourSym' (STIXSizFourSymReg.ttf) normal normal 400 normal>) = 10.05
2026-06-26 14:53:13,854 DEBUG matplotlib.font_manager: findfont: score(<Font 'STIXGeneral' (STIXGeneral.ttf) normal normal 400 normal>) = 10.05
2026-06-26 14:53:13,854 DEBUG matplotlib.font_manager: findfont: score(<Font 'STIXNonUnicode' (STIXNonUniIta.ttf) italic normal 400 normal>) = 11.05
2026-06-26 14:53:13,854 DEBUG matplotlib.font_manager: findfont: score(<Font 'DejaVu Serif' (DejaVuSerif-Bold.ttf) normal normal 700 normal>) = 10.335
2026-06-26 14:53:13,854 DEBUG matplotlib.font_manager: findfont: score(<Font 'DejaVu Sans Mono' (DejaVuSansMono-Bold.ttf) normal normal 700 normal>) = 10.335
2026-06-26 14:53:13,854 DEBUG matplotlib.font_manager: findfont: score(<Font 'DejaVu Serif' (DejaVuSerif.ttf) normal normal 400 normal>) = 10.05
2026-06-26 14:53:13,854 DEBUG matplotlib.font_manager: findfont: score(<Font 'DejaVu Sans' (DejaVuSans-Bold.ttf) normal normal 700 normal>) = 10.335
2026-06-26 14:53:13,854 DEBUG matplotlib.font_manager: findfont: score(<Font 'DejaVu Sans Mono' (DejaVuSansMono.ttf) normal normal 400 normal>) = 10.05
2026-06-26 14:53:13,854 DEBUG matplotlib.font_manager: findfont: score(<Font 'DejaVu Sans' (DejaVuSans.ttf) normal normal 400 normal>) = 10.05
2026-06-26 14:53:13,854 DEBUG matplotlib.font_manager: findfont: Matching DejaVu Sans Display:style=normal:variant=normal:weight=normal:stretch=normal:size=10.0 to DejaVu Sans Display ('/tmp/_MEIF0qp76/matplotlib/mpl-data/fonts/ttf/DejaVuSansDisplay.ttf') with score of 0.050000.
2026-06-26 14:53:14,013 DEBUG matplotlib.ticker: vmin 1e-05 vmax 13487.104010777435
2026-06-26 14:53:14,013 DEBUG matplotlib.ticker: ticklocs array([], dtype=float64)
2026-06-26 14:53:14,017 DEBUG matplotlib.ticker: vmin 0.00044668359215096305 vmax 22387.21138568338
2026-06-26 14:53:14,017 DEBUG matplotlib.ticker: ticklocs array([2.e-05, 3.e-05, 4.e-05, 5.e-05, 6.e-05, 7.e-05, 8.e-05, 9.e-05,
       2.e-04, 3.e-04, 4.e-04, 5.e-04, 6.e-04, 7.e-04, 8.e-04, 9.e-04,
       2.e-03, 3.e-03, 4.e-03, 5.e-03, 6.e-03, 7.e-03, 8.e-03, 9.e-03,
       2.e-02, 3.e-02, 4.e-02, 5.e-02, 6.e-02, 7.e-02, 8.e-02, 9.e-02,
       2.e-01, 3.e-01, 4.e-01, 5.e-01, 6.e-01, 7.e-01, 8.e-01, 9.e-01,
       2.e+00, 3.e+00, 4.e+00, 5.e+00, 6.e+00, 7.e+00, 8.e+00, 9.e+00,
       2.e+01, 3.e+01, 4.e+01, 5.e+01, 6.e+01, 7.e+01, 8.e+01, 9.e+01,
       2.e+02, 3.e+02, 4.e+02, 5.e+02, 6.e+02, 7.e+02, 8.e+02, 9.e+02,
       2.e+03, 3.e+03, 4.e+03, 5.e+03, 6.e+03, 7.e+03, 8.e+03, 9.e+03,
       2.e+04, 3.e+04, 4.e+04, 5.e+04, 6.e+04, 7.e+04, 8.e+04, 9.e+04,
       2.e+05, 3.e+05, 4.e+05, 5.e+05, 6.e+05, 7.e+05, 8.e+05, 9.e+05,
       2.e+06, 3.e+06, 4.e+06, 5.e+06, 6.e+06, 7.e+06, 8.e+06, 9.e+06])
2026-06-26 14:53:14,119 DEBUG matplotlib.ticker: vmin 0.00044668359215096305 vmax 22387.21138568338
2026-06-26 14:53:14,120 DEBUG matplotlib.ticker: ticklocs array([2.e-05, 3.e-05, 4.e-05, 5.e-05, 6.e-05, 7.e-05, 8.e-05, 9.e-05,
       2.e-04, 3.e-04, 4.e-04, 5.e-04, 6.e-04, 7.e-04, 8.e-04, 9.e-04,
       2.e-03, 3.e-03, 4.e-03, 5.e-03, 6.e-03, 7.e-03, 8.e-03, 9.e-03,
       2.e-02, 3.e-02, 4.e-02, 5.e-02, 6.e-02, 7.e-02, 8.e-02, 9.e-02,
       2.e-01, 3.e-01, 4.e-01, 5.e-01, 6.e-01, 7.e-01, 8.e-01, 9.e-01,
       2.e+00, 3.e+00, 4.e+00, 5.e+00, 6.e+00, 7.e+00, 8.e+00, 9.e+00,
       2.e+01, 3.e+01, 4.e+01, 5.e+01, 6.e+01, 7.e+01, 8.e+01, 9.e+01,
       2.e+02, 3.e+02, 4.e+02, 5.e+02, 6.e+02, 7.e+02, 8.e+02, 9.e+02,
       2.e+03, 3.e+03, 4.e+03, 5.e+03, 6.e+03, 7.e+03, 8.e+03, 9.e+03,
       2.e+04, 3.e+04, 4.e+04, 5.e+04, 6.e+04, 7.e+04, 8.e+04, 9.e+04,
       2.e+05, 3.e+05, 4.e+05, 5.e+05, 6.e+05, 7.e+05, 8.e+05, 9.e+05,
       2.e+06, 3.e+06, 4.e+06, 5.e+06, 6.e+06, 7.e+06, 8.e+06, 9.e+06])
2026-06-26 14:53:14,215 DEBUG matplotlib.ticker: vmin 1e-05 vmax 13487.104010777435
2026-06-26 14:53:14,215 DEBUG matplotlib.ticker: ticklocs array([], dtype=float64)
2026-06-26 14:53:14,220 DEBUG matplotlib.ticker: vmin 1e-05 vmax 13487.104010777435
2026-06-26 14:53:14,220 DEBUG matplotlib.ticker: ticklocs array([], dtype=float64)
2026-06-26 14:53:14,223 DEBUG matplotlib.ticker: vmin 0.00044668359215096305 vmax 22387.21138568338
2026-06-26 14:53:14,223 DEBUG matplotlib.ticker: ticklocs array([2.e-05, 3.e-05, 4.e-05, 5.e-05, 6.e-05, 7.e-05, 8.e-05, 9.e-05,
       2.e-04, 3.e-04, 4.e-04, 5.e-04, 6.e-04, 7.e-04, 8.e-04, 9.e-04,
       2.e-03, 3.e-03, 4.e-03, 5.e-03, 6.e-03, 7.e-03, 8.e-03, 9.e-03,
       2.e-02, 3.e-02, 4.e-02, 5.e-02, 6.e-02, 7.e-02, 8.e-02, 9.e-02,
       2.e-01, 3.e-01, 4.e-01, 5.e-01, 6.e-01, 7.e-01, 8.e-01, 9.e-01,
       2.e+00, 3.e+00, 4.e+00, 5.e+00, 6.e+00, 7.e+00, 8.e+00, 9.e+00,
       2.e+01, 3.e+01, 4.e+01, 5.e+01, 6.e+01, 7.e+01, 8.e+01, 9.e+01,
       2.e+02, 3.e+02, 4.e+02, 5.e+02, 6.e+02, 7.e+02, 8.e+02, 9.e+02,
       2.e+03, 3.e+03, 4.e+03, 5.e+03, 6.e+03, 7.e+03, 8.e+03, 9.e+03,
       2.e+04, 3.e+04, 4.e+04, 5.e+04, 6.e+04, 7.e+04, 8.e+04, 9.e+04,
       2.e+05, 3.e+05, 4.e+05, 5.e+05, 6.e+05, 7.e+05, 8.e+05, 9.e+05,
       2.e+06, 3.e+06, 4.e+06, 5.e+06, 6.e+06, 7.e+06, 8.e+06, 9.e+06])
2026-06-26 14:53:14,247 DEBUG matplotlib.ticker: vmin 0.00044668359215096305 vmax 22387.21138568338
2026-06-26 14:53:14,247 DEBUG matplotlib.ticker: ticklocs array([2.e-05, 3.e-05, 4.e-05, 5.e-05, 6.e-05, 7.e-05, 8.e-05, 9.e-05,
       2.e-04, 3.e-04, 4.e-04, 5.e-04, 6.e-04, 7.e-04, 8.e-04, 9.e-04,
       2.e-03, 3.e-03, 4.e-03, 5.e-03, 6.e-03, 7.e-03, 8.e-03, 9.e-03,
       2.e-02, 3.e-02, 4.e-02, 5.e-02, 6.e-02, 7.e-02, 8.e-02, 9.e-02,
       2.e-01, 3.e-01, 4.e-01, 5.e-01, 6.e-01, 7.e-01, 8.e-01, 9.e-01,
       2.e+00, 3.e+00, 4.e+00, 5.e+00, 6.e+00, 7.e+00, 8.e+00, 9.e+00,
       2.e+01, 3.e+01, 4.e+01, 5.e+01, 6.e+01, 7.e+01, 8.e+01, 9.e+01,
       2.e+02, 3.e+02, 4.e+02, 5.e+02, 6.e+02, 7.e+02, 8.e+02, 9.e+02,
       2.e+03, 3.e+03, 4.e+03, 5.e+03, 6.e+03, 7.e+03, 8.e+03, 9.e+03,
       2.e+04, 3.e+04, 4.e+04, 5.e+04, 6.e+04, 7.e+04, 8.e+04, 9.e+04,
       2.e+05, 3.e+05, 4.e+05, 5.e+05, 6.e+05, 7.e+05, 8.e+05, 9.e+05,
       2.e+06, 3.e+06, 4.e+06, 5.e+06, 6.e+06, 7.e+06, 8.e+06, 9.e+06])
2026-06-26 14:53:14,288 INFO common.report_asm: report infomation: ##############################
Sub-module: Summary
------------------------------
Name: Total Instructions
Description: number of all instructions
Value: 1,047,182,800
------------------------------
Name: Compute Instructions
Description: number of compute instructions
Value: 1,010,232,745
------------------------------
Name: Memory Instructions
Description: number of memory instructions
Value: 36,950,055
------------------------------
Name: Total Cycles
Description: cycles use by kernel
Value: 3,537,785.93(Kcycles)
------------------------------
Name: Memory Access per Second
Description: memory access per second
Value: 60,574.94(MB/s)
------------------------------
Name: Average AP busy cycles
Description: Average busy cycles per AP
Value: 16,142,678.55
------------------------------
Name: AP busy Duty
Description: average AP busy duty of total cycles
Value: 0.47%
------------------------------
Name: Compute Instructions busy Duty
Description: Compute Instructions busy duty of total AP cycles
Value: 60.54%
##############################
Sub-module: CE Statistics
------------------------------
Name: WORKGROUPS
Description: ce send workgroup
Value: 578,985.0
------------------------------
Name: WAVES
Description: ce send waves
Value: 2,315,940.0
------------------------------
Name: Average Wave life cycles
Description: average life cycles per wave from start to end
Value: 1,952.94
##############################
Sub-module: ISU Statistics
------------------------------
Name: Compute Instructions Cycles Rate
Description: rate between compute instructions cycles
Value: {
    "data": {
        "MTE_4CYCLES": 3269889752.0,
        "MTE_16CYCLES": 3026777344.0,
        "MMA_16CYCLES": 0.0,
        "MMA_32CYCLES": 0.0
    },
    "filename": "/mnt/opt_test/engram_hash_run/profile-artifacts/engram_hash_v9_best/mcprofiler_raw_best/Compute_Instructions_Cycles_Rate20260626145312674.png"
}
------------------------------
Name: DPC Computing cycles comparison
Description: Comparison on AP computing cycles
Value: {
    "data": {
        "0": 509304284.0,
        "1": 508502064.0,
        "2": 511286992.0,
        "3": 511331584.0,
        "4": 506651744.0,
        "5": 469257568.0,
        "6": 505992364.0,
        "7": 504255164.0
    },
    "filename": "/mnt/opt_test/engram_hash_run/profile-artifacts/engram_hash_v9_best/mcprofiler_raw_best/DPC_Computing_cycles_comparison20260626145312772.png"
}
------------------------------
Name: ISU stall cycles layout
Description: ISU stall cycles layout
Value: {
    "data": {
        "wsm_stall": 0.0,
        "vls_pipeline_stall": 38053714.0,
        "vls_wdata_stall": 16324656.0,
        "valu_stall": 0.0
    },
    "filename": "/mnt/opt_test/engram_hash_run/profile-artifacts/engram_hash_v9_best/mcprofiler_raw_best/ISU_stall_cycles_layout20260626145312985.png"
}
------------------------------
Name: Instructions Comparison
Description: Comparison between all instructions
Value: {
    "data": {
        "MTE": 829295761.0,
        "MMA": 0.0,
        "STE": 129460182.0,
        "GVM": 25226911.0,
        "BSM": 0.0,
        "LDU": 11723144.0,
        "MISC": 51476802.0
    },
    "filename": "/mnt/opt_test/engram_hash_run/profile-artifacts/engram_hash_v9_best/mcprofiler_raw_best/Instructions_Comparison20260626145312873.png"
}
##############################
Sub-module: Memory Statistics
------------------------------
Name: Global Read Instructions
Description: Number of global read instructions in all APs
Value: 21,148,892
------------------------------
Name: Global Write Instructions
Description: Number of global write instructions in all APs
Value: 4,077,951
------------------------------
Name: Global Atomic Instructions
Description: Number of global atomic instructions in all APs
Value: 0.0
------------------------------
Name: Private Read Instructions
Description: Number of private read instructions in all APs
Value: 0
------------------------------
Name: Private Write Instructions
Description: Number of private write instructions in all APs
Value: 0
------------------------------
Name: Constant Read Instructions
Description: Number of smem instructions in all APs
Value: 11,723,144
------------------------------
Name: Constant Read SL1 Instructions
Description: Num of LDU instructions in all SL1s
Value: 7,170,520
------------------------------
Name: Constant Read L2 Instructions
Description: Num of SL1 data miss requests
Value: 54,425
------------------------------
Name: Constant SL1 Hit Rate
Description: Total LDU instructions hit rate in all SL1s
Value: 99.24%
------------------------------
Name: VL1 Read Instructions
Description: total read instructions in all VL1s
Value: 21,148,892
------------------------------
Name: VL1 Write Instructions
Description: total write instructions in all VL1s
Value: 4,077,951
------------------------------
Name: VL1 Atomic Instructions
Description: total atomic instructions in all VL1s
Value: 0.0
------------------------------
Name: VL1 Hit Rate
Description: hit rate of all instructions in all VL1s
Value: 93.49%
------------------------------
Name: L2C Read Instructions
Description: total read instructions in all L2Cs
Value: 32,418,172
------------------------------
Name: L2C Write Instructions
Description: total write instructions in all L2Cs
Value: 74,137,894
------------------------------
Name: L2C Atomic Instructions
Description: total atomic instructions in all L2Cs
Value: 0.0
------------------------------
Name: L2C Hit Rate
Description: hit rate of all instructions in all L2Cs
Value: 77.65%
------------------------------
Name: Total Atomic Instructions
Description: total atomic instructions in memory access, include global atomic and shared memory atomic
Value: 0.0
------------------------------
Name: Dnoc Read Req
Description: number of dnoc read requests
Value: 992,210.0
------------------------------
Name: Dnoc Write Req
Description: number of dnoc write requests
Value: 8,232,859.0
------------------------------
Name: Global Memory Read bytes
Description: bytes read from global memory
Value: 112,858,560.0byte
------------------------------
Name: Global Memory Write bytes
Description: bytes write from global memory
Value: 1,051,493,728.0byte
------------------------------
Name: Dnoc Read Average Latency
Description: average latency of dnoc read request
Value: 200.61
------------------------------
Name: Memory Data Flow Chart
Description: 
Value: {
    "data": {
        "vl1c": 93.49162044802544,
        "l2c": 77.65175825918443,
        "sl1": 99.24087877489636,
        "global_kernel_rd": 21148892,
        "global_kernel_wr": 4077951,
        "private_kernel_rd": 0,
        "private_kernel_wr": 0,
        "generic_kernel_rd": 0,
        "generic_kernel_wr": 0,
        "const_kernel_rd": 11723144,
        "shared_kernel_rd": 0,
        "shared_kernel_wr": 0,
        "Ggeneric_vl1c_rd": 21148892,
        "Ggeneric_vl1c_wr": 4077951,
        "const_sl1c_rd": 7170520,
        "sl1_l2c_rd": 54425,
        "vl1c_l2c_rd": 32418172,
        "vl1c_l2c_wr": 74137894,
        "l2c_Gmemory_rd": null,
        "l2c_Gmemory_wr": null
    },
    "filename": "/mnt/opt_test/engram_hash_run/profile-artifacts/engram_hash_v9_best/mcprofiler_raw_best/Memory_Data_Flow_Chart20260626145313090.png"
}
------------------------------
Name: Dnoc Read Latency Histogram
Description: histogram of dnoc read latency
Value: {
    "data": {
        "0-255": 914481.0,
        "256-511": 56357.0,
        "512-1k": 10113.0,
        "1k-2k": 2139.0,
        "2k-": 0.0
    },
    "filename": "/mnt/opt_test/engram_hash_run/profile-artifacts/engram_hash_v9_best/mcprofiler_raw_best/Dnoc_Read_Latency_Histogram20260626145313286.png"
}
------------------------------
Name: VL1 partition stall cycles layout
Description: VL1 partition access stall cycles layout
Value: {
    "data": {
        "pt0": 0.0,
        "pt1": 0.0,
        "pt2": 0.0,
        "pt3": 0.0
    },
    "filename": "/mnt/opt_test/engram_hash_run/profile-artifacts/engram_hash_v9_best/mcprofiler_raw_best/VL1_partition_stall_cycles_layout20260626145313382.png"
}
##############################
Sub-module: Workgroup Memory
------------------------------
Name: load instructions
Description: number of total workgroup memory load instructions
Value: 0.0
------------------------------
Name: store instructions
Description: number of total workgroup memory write instructions
Value: 0.0
------------------------------
Name: atomic instructions
Description: number of total workgroup memory atomic instructions
Value: 0.0
------------------------------
Name: total instructions
Description: number of total workgroup memory instructions
Value: 0.0
------------------------------
Name: average latency per load instruction
Description: average latency per WG-load from issue to mem-ops done
Value: 0
------------------------------
Name: average latency per store instruction
Description: average latency per WG-store from issue to memops done
Value: 0
------------------------------
Name: average latency per atomic instruction
Description: average latency per WG-atom from issue to memops done
Value: 0
------------------------------
Name: average latency of all stages per instruction
Description: average latency of all WG-inst from issue to memops done
Value: 0
------------------------------
Name: average cycles per load instruction
Description: average cycles per WG-load when issuing (with bank conflict)
Value: 0
------------------------------
Name: average cycles per store instruction
Description: average cycles per WG-store when issuing (with bank conflict)
Value: 0
------------------------------
Name: average cycles per atomic instruction
Description: average cycles per WG-atom when issuing (with bank conflict)
Value: 0
------------------------------
Name: average conflict cycles per instruction
Description: average conflict cycles per WG-inst when bank conflict happens
Value: 0
------------------------------
Name: average cycles per instruction
Description: average cycles per WG-inst when issuing (with bank conflict)
Value: 0
------------------------------
Name: shared memory access efficiency
Description: Proportion of NON-CONFLICT access
Value: 0%
##############################
Sub-module: Occupancy
------------------------------
Name: Achieved waves
Description: number of achieved waves
Value: 2,293,672.0
------------------------------
Name: Dispatched waves
Description: number of dispatched waves
Value: 2,315,940.0
##############################
Sub-module: GPU Throughput Statistics
------------------------------
Name: AP active cycles
Description: number of wave instruction cycles executed on the AP
Value: 1,662,695,891.0
------------------------------
Name: AP MTE Duty ratio
Description: MTE Duty ratio relative to AP active
Value: 52.01%
------------------------------
Name: AP STE Duty ratio
Description: STE Duty ratio relative to AP active
Value: 7.79%
------------------------------
Name: AP MMA Duty ratio
Description: MMA Duty ratio relative to AP active
Value: 0.0%
------------------------------
Name: VLS Duty ratio
Description: VLS Duty ratio relative to AP active
Value: 0.0%
------------------------------
Name: L2C Duty ratio
Description: L2C Duty ratio relative to L2C active
Value: 2.87%
##############################
Sub-module: Compute workload
------------------------------
Name: instruction per cycle
Description: The number of instructions per busy cycle across all sub-unit instances
Value: 63.47
------------------------------
Name: instruction throughput
Description: The percent of achieved instructions and theoretical instructions during all busy cycles 
Value: 0.61
------------------------------
Name: instruction throughput efficiency
Description: The percentage of the maximum instruction throughput achieved during all busy cycles 
Value: 15.26%
##############################
Sub-module: Instruction Statistics
------------------------------
Name: instruction number
Description: The total number of instructions
Value: 1,047,182,800.0
------------------------------
Name: instructions per AP
Description: The number of instructions per PEU
Value: 10,069,065.38
##############################
Sub-module: Internal
------------------------------
Name: RoofLine
Description: 
Value: {
    "processed_data": {
        "all_ops": 51942294912.0,
        "all_memacs": 1164352288.0,
        "during": 16498104.0,
        "block_num": 104,
        "vl1_memacs": 5936220236.0,
        "l2c_memacs": 2967974912.0
    },
    "data": {
        "all_ops": 51942294912.0,
        "all_memacs": 1164352288.0,
        "block_num": 104,
        "during": 16498104.0,
        "core_clk": 1.125,
        "MAX_Flops_base": 0.117,
        "case_flops": 3.541927107260325,
        "MAX_Bandwith": 1843.2,
        "MAX_I": 260.0,
        "case_I": 44.61046321403372,
        "case_bandwith": 79.39677941174331,
        "case_VL1_I": 8.750061966535165,
        "case_L2C_I": 17.500921150643475,
        "mc_clk": 0.9
    },
    "filename": "/mnt/opt_test/engram_hash_run/profile-artifacts/engram_hash_v9_best/mcprofiler_raw_best/RoofLine20260626145313688.png"
}
2026-06-26 14:53:14,300 DEBUG PIL.PngImagePlugin: STREAM b'IHDR' 16 13
2026-06-26 14:53:14,300 DEBUG PIL.PngImagePlugin: STREAM b'tEXt' 41 57
2026-06-26 14:53:14,300 DEBUG PIL.PngImagePlugin: STREAM b'pHYs' 110 9
2026-06-26 14:53:14,300 DEBUG PIL.PngImagePlugin: STREAM b'IDAT' 131 34986
2026-06-26 14:53:14,352 DEBUG PIL.PngImagePlugin: STREAM b'IHDR' 16 13
2026-06-26 14:53:14,352 DEBUG PIL.PngImagePlugin: STREAM b'tEXt' 41 57
2026-06-26 14:53:14,352 DEBUG PIL.PngImagePlugin: STREAM b'pHYs' 110 9
2026-06-26 14:53:14,352 DEBUG PIL.PngImagePlugin: STREAM b'IDAT' 131 60384
2026-06-26 14:53:14,412 DEBUG PIL.PngImagePlugin: STREAM b'IHDR' 16 13
2026-06-26 14:53:14,412 DEBUG PIL.PngImagePlugin: STREAM b'tEXt' 41 57
2026-06-26 14:53:14,412 DEBUG PIL.PngImagePlugin: STREAM b'pHYs' 110 9
2026-06-26 14:53:14,412 DEBUG PIL.PngImagePlugin: STREAM b'IDAT' 131 33779
2026-06-26 14:53:14,461 DEBUG PIL.PngImagePlugin: STREAM b'IHDR' 16 13
2026-06-26 14:53:14,462 DEBUG PIL.PngImagePlugin: STREAM b'tEXt' 41 57
2026-06-26 14:53:14,462 DEBUG PIL.PngImagePlugin: STREAM b'pHYs' 110 9
2026-06-26 14:53:14,462 DEBUG PIL.PngImagePlugin: STREAM b'IDAT' 131 25035
2026-06-26 14:53:14,514 DEBUG PIL.PngImagePlugin: STREAM b'IHDR' 16 13
2026-06-26 14:53:14,514 DEBUG PIL.PngImagePlugin: STREAM b'tEXt' 41 57
2026-06-26 14:53:14,514 DEBUG PIL.PngImagePlugin: STREAM b'pHYs' 110 9
2026-06-26 14:53:14,514 DEBUG PIL.PngImagePlugin: STREAM b'IDAT' 131 57096
2026-06-26 14:53:14,574 DEBUG PIL.PngImagePlugin: STREAM b'IHDR' 16 13
2026-06-26 14:53:14,575 DEBUG PIL.PngImagePlugin: STREAM b'tEXt' 41 57
2026-06-26 14:53:14,575 DEBUG PIL.PngImagePlugin: STREAM b'pHYs' 110 9
2026-06-26 14:53:14,575 DEBUG PIL.PngImagePlugin: STREAM b'IDAT' 131 23939
2026-06-26 14:53:14,624 DEBUG PIL.PngImagePlugin: STREAM b'IHDR' 16 13
2026-06-26 14:53:14,624 DEBUG PIL.PngImagePlugin: STREAM b'tEXt' 41 57
2026-06-26 14:53:14,624 DEBUG PIL.PngImagePlugin: STREAM b'pHYs' 110 9
2026-06-26 14:53:14,624 DEBUG PIL.PngImagePlugin: STREAM b'IDAT' 131 10280
2026-06-26 14:53:14,669 DEBUG PIL.PngImagePlugin: STREAM b'IHDR' 16 13
2026-06-26 14:53:14,669 DEBUG PIL.PngImagePlugin: STREAM b'tEXt' 41 57
2026-06-26 14:53:14,669 DEBUG PIL.PngImagePlugin: STREAM b'pHYs' 110 9
2026-06-26 14:53:14,669 DEBUG PIL.PngImagePlugin: STREAM b'IDAT' 131 65536
2026-06-26 14:53:14,865 INFO phttp.server_backend: complete task 32267cbd-cae5-4429-9dda-968249fcc4ed
2026-06-26 14:53:17,446 DEBUG urllib3.connectionpool: Starting new HTTP connection (1): 127.0.0.1:50123
2026-06-26 14:53:17,450 INFO werkzeug: 127.0.0.1 - - [26/Jun/2026 14:53:17] "GET /perf_progress?exec_id=32267cbd-cae5-4429-9dda-968249fcc4ed HTTP/1.1" 200 -
2026-06-26 14:53:17,450 DEBUG urllib3.connectionpool: http://127.0.0.1:50123 "GET /perf_progress?exec_id=32267cbd-cae5-4429-9dda-968249fcc4ed HTTP/1.1" 200 9874
2026-06-26 14:53:22,457 DEBUG urllib3.connectionpool: Starting new HTTP connection (1): 127.0.0.1:50123
2026-06-26 14:53:22,461 INFO werkzeug: 127.0.0.1 - - [26/Jun/2026 14:53:22] "GET /perf_progress?exec_id=32267cbd-cae5-4429-9dda-968249fcc4ed HTTP/1.1" 200 -
2026-06-26 14:53:22,461 DEBUG urllib3.connectionpool: http://127.0.0.1:50123 "GET /perf_progress?exec_id=32267cbd-cae5-4429-9dda-968249fcc4ed HTTP/1.1" 200 9874
2026-06-26 14:53:27,468 DEBUG urllib3.connectionpool: Starting new HTTP connection (1): 127.0.0.1:50123
2026-06-26 14:53:27,472 INFO werkzeug: 127.0.0.1 - - [26/Jun/2026 14:53:27] "GET /perf_progress?exec_id=32267cbd-cae5-4429-9dda-968249fcc4ed HTTP/1.1" 200 -
2026-06-26 14:53:27,472 DEBUG urllib3.connectionpool: http://127.0.0.1:50123 "GET /perf_progress?exec_id=32267cbd-cae5-4429-9dda-968249fcc4ed HTTP/1.1" 200 9869
2026-06-26 14:53:35,480 DEBUG urllib3.connectionpool: Starting new HTTP connection (1): 127.0.0.1:50123
2026-06-26 14:53:35,482 ERROR phttp.http_server: remove .pkey failed
2026-06-26 14:53:35,482 INFO werkzeug: 127.0.0.1 - - [26/Jun/2026 14:53:35] "GET /stop HTTP/1.1" 200 -
2026-06-26 14:53:35,483 DEBUG urllib3.connectionpool: http://127.0.0.1:50123 "GET /stop HTTP/1.1" 200 29
