2026-06-26 16:58:53,914 DEBUG matplotlib: (private) matplotlib data path: /tmp/_MEIOlvj2w/matplotlib/mpl-data
2026-06-26 16:58:53,915 DEBUG matplotlib: matplotlib data path: /tmp/_MEIOlvj2w/matplotlib/mpl-data
2026-06-26 16:58:53,918 DEBUG matplotlib: CONFIGDIR=/tmp/tmpq05kvlrd
2026-06-26 16:58:53,920 DEBUG matplotlib: matplotlib version 3.3.4
2026-06-26 16:58:53,920 DEBUG matplotlib: interactive is False
2026-06-26 16:58:53,920 DEBUG matplotlib: platform is linux
2026-06-26 16:58:53,920 DEBUG matplotlib: loaded modules: ['builtins', 'sys', '_frozen_importlib', '_imp', '_warnings', '_thread', '_weakref', '_frozen_importlib_external', '_io', 'marshal', 'posix', 'zipimport', 'encodings', 'codecs', '_codecs', 'encodings.aliases', 'encodings.ascii', '_signal', '__main__', 'encodings.utf_8', 'encodings.latin_1', 'io', 'abc', '_weakrefset', '_bootlocale', '_locale', 'struct', '_struct', 'pyimod01_os_path', 'pyimod02_archive', 'zlib', 'pyimod03_importers', 'pyimod04_ctypes', 'os', 'errno', 'stat', '_stat', 'posixpath', 'genericpath', 'os.path', '_collections_abc', 'ctypes', '_ctypes', 'ctypes._endian', 'pkgutil', 'collections', 'operator', '_operator', 'keyword', 'heapq', '_heapq', 'itertools', 'reprlib', '_collections', 'functools', '_functools', 'types', 'collections.abc', 'weakref', 'importlib', 'importlib._bootstrap', 'importlib._bootstrap_external', 'warnings', 'importlib.util', 'importlib.abc', 'importlib.machinery', 'contextlib', 'inspect', 'ast', '_ast', 'dis', 'opcode', '_opcode', 'enum', 'linecache', 'tokenize', 're', 'sre_compile', '_sre', 'sre_parse', 'sre_constants', 'copyreg', 'token', 'pathlib', 'fnmatch', 'ntpath', 'urllib', 'urllib.parse', 'pkg_resources', 'time', 'zipfile', 'shutil', 'bz2', '_compression', 'threading', 'traceback', '_bz2', 'lzma', '_lzma', 'pwd', 'grp', 'binascii', 'platform', 'subprocess', 'signal', '_posixsubprocess', 'select', 'selectors', 'math', 'plistlib', 'datetime', '_datetime', 'xml', 'xml.parsers', 'xml.parsers.expat', 'pyexpat.errors', 'pyexpat.model', 'pyexpat', 'xml.parsers.expat.model', 'xml.parsers.expat.errors', 'email', 'email.parser', 'email.feedparser', 'email.errors', 'email._policybase', 'email.header', 'email.quoprimime', 'string', '_string', 'email.base64mime', 'base64', 'email.charset', 'email.encoders', 'quopri', 'email.utils', 'random', 'hashlib', '_hashlib', '_blake2', '_sha3', 'bisect', '_bisect', '_random', 'socket', '_socket', 'email._parseaddr', 'calendar', 'locale', 'tempfile', 'textwrap', 'pkg_resources.extern', 'pkg_resources._vendor', 'pkg_resources._vendor.appdirs', 'pkg_resources.extern.appdirs', 'pkg_resources._vendor.packaging', 'pkg_resources._vendor.packaging.__about__', 'pkg_resources.extern.packaging', 'pkg_resources.extern.packaging.version', 'typing', 'typing.io', 'typing.re', 'pkg_resources.extern.packaging._structures', 'pkg_resources.extern.packaging.specifiers', 'pkg_resources.extern.packaging.utils', 'pkg_resources.extern.packaging.tags', 'logging', 'atexit', 'sysconfig', 'pkg_resources._vendor.packaging._manylinux', 'pkg_resources._vendor.packaging._musllinux', 'pkg_resources.extern.packaging.requirements', 'pkg_resources._vendor.pyparsing', 'copy', 'pprint', 'pkg_resources.extern.pyparsing', 'pkg_resources.extern.packaging.markers', 'multiprocessing', 'multiprocessing.context', 'multiprocessing.process', 'multiprocessing.reduction', 'pickle', '_compat_pickle', '_pickle', 'array', '__mp_main__', 'multiprocessing.spawn', 'runpy', 'multiprocessing.util', 'multiprocessing.popen_fork', 'multiprocessing.popen_spawn_posix', 'concurrent', 'concurrent.futures', 'concurrent.futures._base', 'concurrent.futures.process', 'queue', 'multiprocessing.connection', '_multiprocessing', 'concurrent.futures.thread', 'argparse', 'gettext', 'common', 'common.api_common', 'json', 'json.decoder', 'json.scanner', '_json', 'json.encoder', 'paramiko', 'paramiko._version', 'paramiko.transport', 'cryptography', 'cryptography.__about__', 'cryptography.utils', 'cryptography.hazmat', 'cryptography.hazmat.backends', 'cryptography.hazmat.primitives', 'cryptography.hazmat.primitives.ciphers', 'cryptography.hazmat.primitives._cipheralgorithm', 'cryptography.hazmat.primitives.ciphers.base', 'cryptography.exceptions', 'cryptography.hazmat.primitives.ciphers.modes', 'cryptography.hazmat.primitives.ciphers.algorithms', 'paramiko.util', 'paramiko.common', 'paramiko.config', 'getpass', 'termios', 'shlex', 'paramiko.ssh_exception', 'paramiko.auth_handler', 'paramiko.message', 'paramiko.server', 'paramiko.ssh_gss', 'paramiko.channel', 'paramiko.file', 'paramiko.buffered_pipe', 'paramiko.pipe', 'paramiko.compress', 'paramiko.dsskey', 'cryptography.hazmat.primitives.hashes', 'cryptography.hazmat.primitives.serialization', 'cryptography.hazmat.primitives._serialization', 'cryptography.hazmat.primitives.serialization.base', 'cryptography.hazmat.primitives.asymmetric', 'cryptography.hazmat.primitives.asymmetric.dh', 'cryptography.hazmat.primitives.asymmetric.types', 'cryptography.hazmat.primitives.asymmetric.dsa', 'cryptography.hazmat.primitives.asymmetric.utils', 'cryptography.hazmat.bindings', '_cffi_backend', '_openssl.lib', '_openssl', 'cryptography.hazmat.bindings._rust', 'cryptography.hazmat.primitives.asymmetric.ec', 'cryptography.hazmat._oid', 'cryptography.hazmat.primitives.asymmetric.ed448', 'cryptography.hazmat.primitives.asymmetric.ed25519', 'cryptography.hazmat.primitives.asymmetric.rsa', 'cryptography.hazmat.primitives._asymmetric', 'cryptography.hazmat.primitives.asymmetric.x448', 'cryptography.hazmat.primitives.asymmetric.x25519', 'cryptography.hazmat.primitives.serialization.ssh', 'cryptography.hazmat.primitives.asymmetric.padding', 'bcrypt', '__future__', 'hmac', 'bcrypt.__about__', 'bcrypt._bcrypt', 'paramiko.ber', 'paramiko.sftp', 'paramiko.pkey', 'paramiko.ed25519key', 'nacl', 'nacl.signing', 'nacl.bindings', 'nacl.bindings.crypto_aead', 'nacl.exceptions', '_sodium.lib', '_sodium', 'nacl._sodium', 'nacl.bindings.crypto_box', 'nacl.bindings.crypto_core', 'nacl.bindings.crypto_generichash', 'nacl.bindings.crypto_hash', 'nacl.bindings.crypto_kx', 'nacl.bindings.crypto_pwhash', 'nacl.bindings.crypto_scalarmult', 'nacl.bindings.crypto_secretbox', 'nacl.bindings.crypto_secretstream', 'nacl.bindings.crypto_shorthash', 'nacl.bindings.crypto_sign', 'nacl.bindings.randombytes', 'nacl.bindings.sodium_core', 'nacl.bindings.utils', 'nacl.encoding', 'nacl.public', 'nacl.utils', 'paramiko.kex_curve25519', 'cryptography.hazmat.primitives.constant_time', 'paramiko.kex_gex', 'paramiko.kex_group1', 'paramiko.kex_group14', 'paramiko.kex_group16', 'paramiko.kex_ecdh_nist', 'paramiko.kex_gss', 'paramiko.packet', 'paramiko.primes', 'paramiko.rsakey', 'paramiko.ecdsakey', 'paramiko.sftp_client', 'paramiko.sftp_attr', 'paramiko.sftp_file', 'cryptography.hazmat.backends.openssl', 'cryptography.hazmat.backends.openssl.backend', 'cryptography.x509', 'cryptography.x509.certificate_transparency', 'cryptography.x509.base', 'cryptography.x509.extensions', 'ipaddress', 'cryptography.x509.general_name', 'cryptography.x509.name', 'cryptography.x509.oid', 'cryptography.hazmat.backends.openssl.aead', 'cryptography.hazmat.backends.openssl.ciphers', 'cryptography.hazmat.backends.openssl.cmac', 'cryptography.hazmat.backends.openssl.dh', 'cryptography.hazmat.backends.openssl.dsa', 'cryptography.hazmat.backends.openssl.utils', 'cryptography.hazmat.backends.openssl.ec', 'cryptography.hazmat.backends.openssl.ed448', 'cryptography.hazmat.backends.openssl.ed25519', 'cryptography.hazmat.backends.openssl.hashes', 'cryptography.hazmat.backends.openssl.hmac', 'cryptography.hazmat.backends.openssl.poly1305', 'cryptography.hazmat.backends.openssl.rsa', 'cryptography.hazmat.backends.openssl.x448', 'cryptography.hazmat.bindings.openssl', 'cryptography.hazmat.bindings.openssl.binding', 'cryptography.hazmat.bindings.openssl._conditional', 'cryptography.hazmat.primitives.kdf', 'cryptography.hazmat.primitives.kdf.scrypt', 'cryptography.hazmat.primitives.serialization.pkcs12', 'paramiko.client', 'paramiko.agent', 'paramiko.hostkeys', 'paramiko.auth_strategy', 'paramiko.sftp_server', 'paramiko.sftp_si', 'paramiko.sftp_handle', 'paramiko.proxy', 'sshtunnel', 'socketserver', 'utils', 'utils.exceptions', 'utils.logging', 'utils.complier', 'utils.rawdata_elements', 'common.pc_piechart', 'matplotlib', 'distutils', 'distutils.version', 'matplotlib.cbook', 'gzip', 'numpy', 'numpy._globals', 'numpy.__config__', 'numpy.version', 'numpy._distributor_init', 'numpy.core', 'numpy.core.multiarray', 'numpy.core.overrides', 'numpy.core._multiarray_umath', 'numpy.compat', 'numpy.compat._inspect', 'numpy.compat.py3k', 'numpy.core.umath', 'numpy.core.numerictypes', 'numbers', 'numpy.core._string_helpers', 'numpy.core._type_aliases', 'numpy.core._dtype', 'numpy.core.numeric', 'numpy.core.shape_base', 'numpy.core._asarray', 'numpy.core.fromnumeric', 'numpy.core._methods', 'numpy.core._exceptions', 'numpy.core._ufunc_config', 'numpy.core.arrayprint', 'numpy.core.defchararray', 'numpy.core.records', 'numpy.core.memmap', 'numpy.core.function_base', 'numpy.core.machar', 'numpy.core.getlimits', 'numpy.core.einsumfunc', 'numpy.core._add_newdocs', 'numpy.core._multiarray_tests', 'numpy.core._dtype_ctypes', 'numpy.core._internal', 'numpy._pytesttester', 'numpy.lib', 'numpy.lib.mixins', 'numpy.lib.scimath', 'numpy.lib.type_check', 'numpy.lib.ufunclike', 'numpy.lib.index_tricks', 'numpy.matrixlib', 'numpy.matrixlib.defmatrix', 'numpy.linalg', 'numpy.linalg.linalg', 'numpy.lib.twodim_base', 'numpy.linalg.lapack_lite', 'numpy.linalg._umath_linalg', 'numpy.lib.function_base', 'numpy.lib.histograms', 'numpy.lib.stride_tricks', 'numpy.lib.nanfunctions', 'numpy.lib.shape_base', 'numpy.lib.polynomial', 'numpy.lib.utils', 'numpy.lib.arraysetops', 'numpy.lib.npyio', 'numpy.lib.format', 'numpy.lib._datasource', 'numpy.lib._iotools', 'numpy.lib.financial', 'decimal', '_decimal', 'numpy.lib.arrayterator', 'numpy.lib.arraypad', 'numpy.lib._version', 'numpy.fft', 'numpy.fft._pocketfft', 'numpy.fft._pocketfft_internal', 'numpy.fft.helper', 'numpy.polynomial', 'numpy.polynomial.polynomial', 'numpy.polynomial.polyutils', 'numpy.polynomial._polybase', 'numpy.polynomial.chebyshev', 'numpy.polynomial.legendre', 'numpy.polynomial.hermite', 'numpy.polynomial.hermite_e', 'numpy.polynomial.laguerre', 'numpy.random', 'numpy.random._pickle', 'numpy.random.mtrand', 'cython_runtime', 'numpy.random.bit_generator', '_cython_0_29_21', 'numpy.random._common', 'secrets', 'numpy.random._bounded_integers', 'numpy.random._mt19937', 'numpy.random._philox', 'numpy.random._pcg64', 'numpy.random._sfc64', 'numpy.random._generator', 'numpy.ctypeslib', 'numpy.ma', 'numpy.ma.core', 'numpy.ma.extras', 'numpy.testing', 'unittest', 'unittest.result', 'unittest.util', 'unittest.case', 'difflib', 'unittest.suite', 'unittest.loader', 'unittest.main', 'unittest.runner', 'unittest.signals', 'numpy.testing._private', 'numpy.testing._private.utils', 'gc', 'numpy.testing._private.decorators', 'numpy.testing._private.nosetester', 'matplotlib.cbook.deprecation', 'matplotlib.rcsetup', 'matplotlib.animation', 'uuid', 'ctypes.util', 'matplotlib._animation_data', 'matplotlib.fontconfig_pattern', 'pyparsing', 'pyparsing.util', 'pyparsing.exceptions', 'pyparsing.unicode', 'pyparsing.actions', 'pyparsing.core', 'pyparsing.results', 'pyparsing.helpers', 'html', 'html.entities', 'pyparsing.testing', 'pyparsing.common', 'matplotlib.colors', 'matplotlib.docstring', 'matplotlib._color_data', 'cycler', 'matplotlib._version', 'matplotlib.ft2font', 'dateutil', 'dateutil._version', 'kiwisolver']
2026-06-26 16:58:53,955 DEBUG matplotlib: CACHEDIR=/tmp/tmpq05kvlrd
2026-06-26 16:58:53,955 INFO matplotlib.font_manager: Generating new fontManager, this may take some time...
2026-06-26 16:58:53,955 DEBUG matplotlib.font_manager: font search path [PosixPath('/tmp/_MEIOlvj2w/matplotlib/mpl-data/fonts/ttf'), PosixPath('/tmp/_MEIOlvj2w/matplotlib/mpl-data/fonts/afm'), PosixPath('/tmp/_MEIOlvj2w/matplotlib/mpl-data/fonts/pdfcorefonts')]
2026-06-26 16:58:54,243 DEBUG matplotlib.pyplot: Loaded backend agg version unknown.
2026-06-26 16:58:55,153 DEBUG urllib3.connectionpool: Starting new HTTP connection (1): 127.0.0.1:50123
2026-06-26 16:58:55,153 INFO common.api_common: load json file /opt/mcProfiler-linux/config/workgroup_memory.pcd error, so try to decrypt: Expecting value: line 1 column 1 (char 0)
2026-06-26 16:58:55,154 INFO common.api_common: load json file /opt/mcProfiler-linux/config/summary.pcd error, so try to decrypt: Expecting value: line 1 column 1 (char 0)
2026-06-26 16:58:55,155 INFO common.api_common: load json file /opt/mcProfiler-linux/config/occupancy.pcd error, so try to decrypt: Expecting value: line 1 column 1 (char 0)
2026-06-26 16:58:55,155 INFO common.api_common: load json file /opt/mcProfiler-linux/config/memory_statistics.pcd error, so try to decrypt: Expecting value: line 1 column 1 (char 0)
2026-06-26 16:58:55,156 INFO common.api_common: load json file /opt/mcProfiler-linux/config/isu_statistics.pcd error, so try to decrypt: Expecting value: line 1 column 1 (char 0)
2026-06-26 16:58:55,156 INFO common.api_common: load json file /opt/mcProfiler-linux/config/internal.pcd error, so try to decrypt: Expecting value: line 1 column 1 (char 0)
2026-06-26 16:58:55,156 INFO common.api_common: load json file /opt/mcProfiler-linux/config/instruction_statistics.pcd error, so try to decrypt: Expecting value: line 1 column 1 (char 0)
2026-06-26 16:58:55,157 INFO common.api_common: load json file /opt/mcProfiler-linux/config/gpu_throughput_statistics.pcd error, so try to decrypt: Expecting value: line 1 column 1 (char 0)
2026-06-26 16:58:55,157 INFO common.api_common: load json file /opt/mcProfiler-linux/config/compute_workload.pcd error, so try to decrypt: Expecting value: line 1 column 1 (char 0)
2026-06-26 16:58:55,157 INFO common.api_common: load json file /opt/mcProfiler-linux/config/ce_statistics.pcd error, so try to decrypt: Expecting value: line 1 column 1 (char 0)
2026-06-26 16:58:55,165 INFO werkzeug:  * Running on http://127.0.0.1:50123/ (Press CTRL+C to quit)
2026-06-26 16:58:55,656 DEBUG urllib3.connectionpool: Starting new HTTP connection (1): 127.0.0.1:50123
2026-06-26 16:58:55,659 INFO werkzeug: 127.0.0.1 - - [26/Jun/2026 16:58:55] "GET / HTTP/1.1" 200 -
2026-06-26 16:58:55,660 DEBUG urllib3.connectionpool: http://127.0.0.1:50123 "GET / HTTP/1.1" 200 29
2026-06-26 16:58:55,661 DEBUG urllib3.connectionpool: Starting new HTTP connection (1): 127.0.0.1:50123
2026-06-26 16:58:55,662 INFO werkzeug: 127.0.0.1 - - [26/Jun/2026 16:58:55] "GET /show_metrics HTTP/1.1" 200 -
2026-06-26 16:58:55,663 DEBUG urllib3.connectionpool: http://127.0.0.1:50123 "GET /show_metrics HTTP/1.1" 200 1989
2026-06-26 16:58:55,664 DEBUG urllib3.connectionpool: Starting new HTTP connection (1): 127.0.0.1:50123
2026-06-26 16:58:55,678 INFO phttp.http_server: start a new perf exec thread
2026-06-26 16:58:55,678 INFO phttp.server_backend: start perf_exec
2026-06-26 16:58:55,678 INFO phttp.http_server: new exec cbc5b9a4-a672-48e2-a8ee-fcae5e264ab0:('export MACA_PATH=/opt/maca/; export LD_LIBRARY_PATH=/opt/maca/lib/:${LD_LIBRARY_PATH}; ./test_maca 0 1 2', 'head_compute_mix_bwd_v0_baseline', ['WORKGROUPS', 'WAVES', 'Average Wave life cycles', 'instruction per cycle', 'instruction throughput', 'instruction throughput efficiency', 'AP active cycles', 'AP MTE Duty ratio', 'AP STE Duty ratio', 'AP MMA Duty ratio', 'VLS Duty ratio', 'L2C Duty ratio', 'Compute Instructions Cycles Rate', 'DPC Computing cycles comparison', 'Instructions Comparison', 'ISU stall cycles layout', 'instruction number', 'instructions per AP', 'RoofLine', 'Global Read Instructions', 'Global Write Instructions', 'Global Atomic Instructions', 'Private Read Instructions', 'Private Write Instructions', 'Constant Read Instructions', 'Constant Read SL1 Instructions', 'Constant Read L2 Instructions', 'Constant SL1 Hit Rate', 'VL1 Read Instructions', 'VL1 Write Instructions', 'VL1 Atomic Instructions', 'VL1 Hit Rate', 'L2C Read Instructions', 'L2C Write Instructions', 'L2C Atomic Instructions', 'L2C Hit Rate', 'Total Atomic Instructions', 'Dnoc Read Req', 'Dnoc Write Req', 'Global Memory Read bytes', 'Global Memory Write bytes', 'Memory Data Flow Chart', 'Dnoc Read Average Latency', 'Dnoc Read Latency Histogram', 'VL1 partition stall cycles layout', 'Achieved waves', 'Dispatched waves', 'Total Instructions', 'Compute Instructions', 'Memory Instructions', 'Total Cycles', 'Memory Access per Second', 'Average AP busy cycles', 'AP busy Duty', 'Compute Instructions busy Duty', 'load instructions', 'store instructions', 'atomic instructions', 'total instructions', 'average latency per load instruction', 'average latency per store instruction', 'average latency per atomic instruction', 'average latency of all stages per instruction', 'average cycles per load instruction', 'average cycles per store instruction', 'average cycles per atomic instruction', 'average conflict cycles per instruction', 'average cycles per instruction', 'shared memory access efficiency'])
2026-06-26 16:58:55,680 INFO werkzeug: 127.0.0.1 - - [26/Jun/2026 16:58:55] "POST /perf_exec HTTP/1.1" 200 -
2026-06-26 16:58:55,680 INFO common.api_common: ret_code cmdline_str: env
2026-06-26 16:58:55,681 DEBUG urllib3.connectionpool: http://127.0.0.1:50123 "POST /perf_exec HTTP/1.1" 200 51
2026-06-26 16:58:55,691 INFO common.api_common: ret_code cmdline_str: ls /sys/devices/virtual/mxcd/
2026-06-26 16:58:55,698 INFO common.api_common: ret_code cmdline_str: ls /sys/devices/virtual/mxcd/mxcd/layout/nodes/
2026-06-26 16:58:55,704 INFO phttp.server_backend: get_device_info.layout nodes: ['0', '1', '2', '3', '4', '5', '6', '7', '8', '9']
2026-06-26 16:58:55,704 INFO common.api_common: ret_code cmdline_str: cat /sys/devices/virtual/mxcd/mxcd/layout/nodes//0/gpu_id
2026-06-26 16:58:55,710 INFO phttp.server_backend: get_device_info.node 0 gpu_id 0
2026-06-26 16:58:55,710 INFO common.api_common: ret_code cmdline_str: cat /sys/devices/virtual/mxcd/mxcd/layout/nodes//1/gpu_id
2026-06-26 16:58:55,715 INFO phttp.server_backend: get_device_info.node 1 gpu_id 0
2026-06-26 16:58:55,715 INFO common.api_common: ret_code cmdline_str: cat /sys/devices/virtual/mxcd/mxcd/layout/nodes//2/gpu_id
2026-06-26 16:58:55,720 INFO phttp.server_backend: get_device_info.node 2 gpu_id 64198
2026-06-26 16:58:55,721 INFO phttp.server_backend: get_device_info.using node id 2
2026-06-26 16:58:55,721 INFO common.api_common: ret_code cmdline_str: cat /sys/devices/virtual/mxcd/mxcd/layout/nodes//3/gpu_id
2026-06-26 16:58:55,726 INFO phttp.server_backend: get_device_info.node 3 gpu_id 27143
2026-06-26 16:58:55,726 INFO phttp.server_backend: get_device_info.using node id 3
2026-06-26 16:58:55,726 INFO common.api_common: ret_code cmdline_str: cat /sys/devices/virtual/mxcd/mxcd/layout/nodes//4/gpu_id
2026-06-26 16:58:55,731 INFO phttp.server_backend: get_device_info.node 4 gpu_id 22597
2026-06-26 16:58:55,731 INFO phttp.server_backend: get_device_info.using node id 4
2026-06-26 16:58:55,731 INFO common.api_common: ret_code cmdline_str: cat /sys/devices/virtual/mxcd/mxcd/layout/nodes//5/gpu_id
2026-06-26 16:58:55,736 INFO phttp.server_backend: get_device_info.node 5 gpu_id 24589
2026-06-26 16:58:55,736 INFO phttp.server_backend: get_device_info.using node id 5
2026-06-26 16:58:55,736 INFO common.api_common: ret_code cmdline_str: cat /sys/devices/virtual/mxcd/mxcd/layout/nodes//6/gpu_id
2026-06-26 16:58:55,741 INFO phttp.server_backend: get_device_info.node 6 gpu_id 18772
2026-06-26 16:58:55,741 INFO phttp.server_backend: get_device_info.using node id 6
2026-06-26 16:58:55,741 INFO common.api_common: ret_code cmdline_str: cat /sys/devices/virtual/mxcd/mxcd/layout/nodes//7/gpu_id
2026-06-26 16:58:55,746 INFO phttp.server_backend: get_device_info.node 7 gpu_id 61138
2026-06-26 16:58:55,747 INFO phttp.server_backend: get_device_info.using node id 7
2026-06-26 16:58:55,747 INFO common.api_common: ret_code cmdline_str: cat /sys/devices/virtual/mxcd/mxcd/layout/nodes//8/gpu_id
2026-06-26 16:58:55,752 INFO phttp.server_backend: get_device_info.node 8 gpu_id 8082
2026-06-26 16:58:55,752 INFO phttp.server_backend: get_device_info.using node id 8
2026-06-26 16:58:55,752 INFO common.api_common: ret_code cmdline_str: cat /sys/devices/virtual/mxcd/mxcd/layout/nodes//9/gpu_id
2026-06-26 16:58:55,757 INFO phttp.server_backend: get_device_info.node 9 gpu_id 11728
2026-06-26 16:58:55,757 INFO phttp.server_backend: get_device_info.using node id 9
2026-06-26 16:58:55,757 INFO common.api_common: ret_code cmdline_str: cat /sys/devices/virtual/mxcd/mxcd/layout/nodes//2/properties
2026-06-26 16:58:55,762 ERROR phttp.server_backend: get_device_info.parse 2 device info vbios_version 1.25.1.0 error.
2026-06-26 16:58:55,762 ERROR phttp.server_backend: get_device_info.parse 2 device info  error.
2026-06-26 16:58:55,762 INFO common.api_common: ret_code cmdline_str: cat /sys/devices/virtual/mxcd/mxcd/layout/nodes//3/properties
2026-06-26 16:58:55,767 ERROR phttp.server_backend: get_device_info.parse 3 device info vbios_version 1.25.1.0 error.
2026-06-26 16:58:55,767 ERROR phttp.server_backend: get_device_info.parse 3 device info  error.
2026-06-26 16:58:55,767 INFO common.api_common: ret_code cmdline_str: cat /sys/devices/virtual/mxcd/mxcd/layout/nodes//4/properties
2026-06-26 16:58:55,772 ERROR phttp.server_backend: get_device_info.parse 4 device info vbios_version 1.25.1.0 error.
2026-06-26 16:58:55,772 ERROR phttp.server_backend: get_device_info.parse 4 device info  error.
2026-06-26 16:58:55,773 ERROR phttp.server_backend: get_device_info.parse 4 device info  error.
2026-06-26 16:58:55,773 INFO common.api_common: ret_code cmdline_str: cat /sys/devices/virtual/mxcd/mxcd/layout/nodes//5/properties
2026-06-26 16:58:55,777 ERROR phttp.server_backend: get_device_info.parse 5 device info vbios_version 1.25.1.0 error.
2026-06-26 16:58:55,778 ERROR phttp.server_backend: get_device_info.parse 5 device info  error.
2026-06-26 16:58:55,778 INFO common.api_common: ret_code cmdline_str: cat /sys/devices/virtual/mxcd/mxcd/layout/nodes//6/properties
2026-06-26 16:58:55,783 ERROR phttp.server_backend: get_device_info.parse 6 device info vbios_version 1.25.1.0 error.
2026-06-26 16:58:55,783 ERROR phttp.server_backend: get_device_info.parse 6 device info  error.
2026-06-26 16:58:55,783 INFO common.api_common: ret_code cmdline_str: cat /sys/devices/virtual/mxcd/mxcd/layout/nodes//7/properties
2026-06-26 16:58:55,788 ERROR phttp.server_backend: get_device_info.parse 7 device info vbios_version 1.25.1.0 error.
2026-06-26 16:58:55,788 ERROR phttp.server_backend: get_device_info.parse 7 device info  error.
2026-06-26 16:58:55,788 INFO common.api_common: ret_code cmdline_str: cat /sys/devices/virtual/mxcd/mxcd/layout/nodes//8/properties
2026-06-26 16:58:55,793 ERROR phttp.server_backend: get_device_info.parse 8 device info vbios_version 1.25.1.0 error.
2026-06-26 16:58:55,793 ERROR phttp.server_backend: get_device_info.parse 8 device info  error.
2026-06-26 16:58:55,793 ERROR phttp.server_backend: get_device_info.parse 8 device info  error.
2026-06-26 16:58:55,793 INFO common.api_common: ret_code cmdline_str: cat /sys/devices/virtual/mxcd/mxcd/layout/nodes//9/properties
2026-06-26 16:58:55,798 ERROR phttp.server_backend: get_device_info.parse 9 device info vbios_version 1.25.1.0 error.
2026-06-26 16:58:55,798 ERROR phttp.server_backend: get_device_info.parse 9 device info  error.
2026-06-26 16:58:55,798 ERROR phttp.server_backend: get_device_info.parse 9 device info  error.
2026-06-26 16:58:55,798 INFO phttp.server_backend: get_device_info.device_info: {'2': {'gpu_id': '64198', 'cpu_cores_count': 0, 'mem_banks_count': 1, 'direct_link_count': 4, 'indirect_link_count': 8, 'vendor_id': 39321, 'device_id': 16385, 'drm_render_minor': 128, 'isa_major': 10, 'isa_minor': 0, 'is_vf': 0, 'max_vf_nums': 8, 'domain': 0, 'location_id': 2048, 'num_sdma_engines': 5, 'num_sdma_queues_per_engine': 9, 'num_vpue_cores': 1, 'num_vpud_cores': 8, 'caches_count': 157, 'peu_id_base': 0, 'peu_count': 416, 'max_waves_per_peu': 8, 'wsm_size_in_kb': 64, 'wave_front_size': 64, 'dpc_count': 8, 'dpc0_ap_mask': 8191, 'dpc1_ap_mask': 73727, 'dpc2_ap_mask': 139263, 'dpc3_ap_mask': 204799, 'dpc4_ap_mask': 270335, 'dpc5_ap_mask': 344061, 'dpc6_ap_mask': 401407, 'dpc7_ap_mask': 466943, 'dpc_arrays': 1, 'ap_per_dpc': 13, 'peu_per_ap': 4, 'pri_mem_per_thread': 4, 'max_slots_private_ap': 32, 'num_ce_queues': 16, 'max_engine_clk_gpu': 1600, 'max_engine_clk_cpu': 3600, 'mgpu_id': 0, 'topology_id': 2, 'socket_id': 2, 'hbmecc': 1, 'local_mem_size': 68719476736, 'capability': 4432512, 'maxprocess': 10}, '3': {'gpu_id': '27143', 'cpu_cores_count': 0, 'mem_banks_count': 1, 'direct_link_count': 4, 'indirect_link_count': 8, 'vendor_id': 39321, 'device_id': 16385, 'drm_render_minor': 129, 'isa_major': 10, 'isa_minor': 0, 'is_vf': 0, 'max_vf_nums': 8, 'domain': 0, 'location_id': 2304, 'num_sdma_engines': 5, 'num_sdma_queues_per_engine': 9, 'num_vpue_cores': 1, 'num_vpud_cores': 8, 'caches_count': 157, 'peu_id_base': 0, 'peu_count': 416, 'max_waves_per_peu': 8, 'wsm_size_in_kb': 64, 'wave_front_size': 64, 'dpc_count': 8, 'dpc0_ap_mask': 8191, 'dpc1_ap_mask': 73727, 'dpc2_ap_mask': 139263, 'dpc3_ap_mask': 204799, 'dpc4_ap_mask': 270335, 'dpc5_ap_mask': 344062, 'dpc6_ap_mask': 401407, 'dpc7_ap_mask': 474623, 'dpc_arrays': 1, 'ap_per_dpc': 13, 'peu_per_ap': 4, 'pri_mem_per_thread': 4, 'max_slots_private_ap': 32, 'num_ce_queues': 16, 'max_engine_clk_gpu': 1600, 'max_engine_clk_cpu': 3600, 'mgpu_id': 0, 'topology_id': 2, 'socket_id': 0, 'hbmecc': 1, 'local_mem_size': 68719476736, 'capability': 4432512, 'maxprocess': 10}, '4': {'gpu_id': '22597', 'cpu_cores_count': 0, 'mem_banks_count': 1, 'direct_link_count': 4, 'indirect_link_count': 8, 'vendor_id': 39321, 'device_id': 16385, 'drm_render_minor': 130, 'isa_major': 10, 'isa_minor': 0, 'is_vf': 0, 'max_vf_nums': 8, 'domain': 0, 'location_id': 3584, 'num_sdma_engines': 5, 'num_sdma_queues_per_engine': 9, 'num_vpue_cores': 1, 'num_vpud_cores': 8, 'caches_count': 157, 'peu_id_base': 0, 'peu_count': 416, 'max_waves_per_peu': 8, 'wsm_size_in_kb': 64, 'wave_front_size': 64, 'dpc_count': 8, 'dpc0_ap_mask': 8191, 'dpc1_ap_mask': 73727, 'dpc2_ap_mask': 139263, 'dpc3_ap_mask': 204799, 'dpc4_ap_mask': 270335, 'dpc5_ap_mask': 335871, 'dpc6_ap_mask': 401407, 'dpc7_ap_mask': 466943, 'dpc_arrays': 1, 'ap_per_dpc': 13, 'peu_per_ap': 4, 'pri_mem_per_thread': 4, 'max_slots_private_ap': 32, 'num_ce_queues': 16, 'max_engine_clk_gpu': 1600, 'max_engine_clk_cpu': 3600, 'mgpu_id': 0, 'topology_id': 2, 'socket_id': 3, 'hbmecc': 1, 'local_mem_size': 68719476736, 'capability': 4432512, 'maxprocess': 10}, '5': {'gpu_id': '24589', 'cpu_cores_count': 0, 'mem_banks_count': 1, 'direct_link_count': 4, 'indirect_link_count': 8, 'vendor_id': 39321, 'device_id': 16385, 'drm_render_minor': 131, 'isa_major': 10, 'isa_minor': 0, 'is_vf': 0, 'max_vf_nums': 8, 'domain': 0, 'location_id': 4352, 'num_sdma_engines': 5, 'num_sdma_queues_per_engine': 9, 'num_vpue_cores': 1, 'num_vpud_cores': 8, 'caches_count': 157, 'peu_id_base': 0, 'peu_count': 416, 'max_waves_per_peu': 8, 'wsm_size_in_kb': 64, 'wave_front_size': 64, 'dpc_count': 8, 'dpc0_ap_mask': 8191, 'dpc1_ap_mask': 73727, 'dpc2_ap_mask': 139263, 'dpc3_ap_mask': 204799, 'dpc4_ap_mask': 270335, 'dpc5_ap_mask': 335871, 'dpc6_ap_mask': 401407, 'dpc7_ap_mask': 466943, 'dpc_arrays': 1, 'ap_per_dpc': 13, 'peu_per_ap': 4, 'pri_mem_per_thread': 4, 'max_slots_private_ap': 32, 'num_ce_queues': 16, 'max_engine_clk_gpu': 1600, 'max_engine_clk_cpu': 3600, 'mgpu_id': 0, 'topology_id': 2, 'socket_id': 1, 'hbmecc': 1, 'local_mem_size': 68719476736, 'capability': 4432512, 'maxprocess': 10}, '6': {'gpu_id': '18772', 'cpu_cores_count': 0, 'mem_banks_count': 1, 'direct_link_count': 4, 'indirect_link_count': 8, 'vendor_id': 39321, 'device_id': 16385, 'drm_render_minor': 132, 'isa_major': 10, 'isa_minor': 0, 'is_vf': 0, 'max_vf_nums': 8, 'domain': 0, 'location_id': 12800, 'num_sdma_engines': 5, 'num_sdma_queues_per_engine': 9, 'num_vpue_cores': 1, 'num_vpud_cores': 8, 'caches_count': 157, 'peu_id_base': 0, 'peu_count': 416, 'max_waves_per_peu': 8, 'wsm_size_in_kb': 64, 'wave_front_size': 64, 'dpc_count': 8, 'dpc0_ap_mask': 8191, 'dpc1_ap_mask': 73727, 'dpc2_ap_mask': 139263, 'dpc3_ap_mask': 204799, 'dpc4_ap_mask': 270335, 'dpc5_ap_mask': 335871, 'dpc6_ap_mask': 407551, 'dpc7_ap_mask': 466943, 'dpc_arrays': 1, 'ap_per_dpc': 13, 'peu_per_ap': 4, 'pri_mem_per_thread': 4, 'max_slots_private_ap': 32, 'num_ce_queues': 16, 'max_engine_clk_gpu': 1600, 'max_engine_clk_cpu': 3600, 'mgpu_id': 0, 'topology_id': 2, 'socket_id': 0, 'hbmecc': 1, 'local_mem_size': 68719476736, 'capability': 4432512, 'maxprocess': 10}, '7': {'gpu_id': '61138', 'cpu_cores_count': 0, 'mem_banks_count': 1, 'direct_link_count': 4, 'indirect_link_count': 8, 'vendor_id': 39321, 'device_id': 16385, 'drm_render_minor': 133, 'isa_major': 10, 'isa_minor': 0, 'is_vf': 0, 'max_vf_nums': 8, 'domain': 0, 'location_id': 14336, 'num_sdma_engines': 5, 'num_sdma_queues_per_engine': 9, 'num_vpue_cores': 1, 'num_vpud_cores': 8, 'caches_count': 157, 'peu_id_base': 0, 'peu_count': 416, 'max_waves_per_peu': 8, 'wsm_size_in_kb': 64, 'wave_front_size': 64, 'dpc_count': 8, 'dpc0_ap_mask': 8191, 'dpc1_ap_mask': 73727, 'dpc2_ap_mask': 139263, 'dpc3_ap_mask': 204799, 'dpc4_ap_mask': 270335, 'dpc5_ap_mask': 335871, 'dpc6_ap_mask': 401407, 'dpc7_ap_mask': 466943, 'dpc_arrays': 1, 'ap_per_dpc': 13, 'peu_per_ap': 4, 'pri_mem_per_thread': 4, 'max_slots_private_ap': 32, 'num_ce_queues': 16, 'max_engine_clk_gpu': 1600, 'max_engine_clk_cpu': 3600, 'mgpu_id': 0, 'topology_id': 2, 'socket_id': 2, 'hbmecc': 1, 'local_mem_size': 68719476736, 'capability': 4432512, 'maxprocess': 10}, '8': {'gpu_id': '8082', 'cpu_cores_count': 0, 'mem_banks_count': 1, 'direct_link_count': 4, 'indirect_link_count': 8, 'vendor_id': 39321, 'device_id': 16385, 'drm_render_minor': 134, 'isa_major': 10, 'isa_minor': 0, 'is_vf': 0, 'max_vf_nums': 8, 'domain': 0, 'location_id': 15104, 'num_sdma_engines': 5, 'num_sdma_queues_per_engine': 9, 'num_vpue_cores': 1, 'num_vpud_cores': 8, 'caches_count': 157, 'peu_id_base': 0, 'peu_count': 416, 'max_waves_per_peu': 8, 'wsm_size_in_kb': 64, 'wave_front_size': 64, 'dpc_count': 8, 'dpc0_ap_mask': 8191, 'dpc1_ap_mask': 73727, 'dpc2_ap_mask': 139263, 'dpc3_ap_mask': 204799, 'dpc4_ap_mask': 270335, 'dpc5_ap_mask': 344031, 'dpc6_ap_mask': 401407, 'dpc7_ap_mask': 466943, 'dpc_arrays': 1, 'ap_per_dpc': 13, 'peu_per_ap': 4, 'pri_mem_per_thread': 4, 'max_slots_private_ap': 32, 'num_ce_queues': 16, 'max_engine_clk_gpu': 1600, 'max_engine_clk_cpu': 3600, 'mgpu_id': 0, 'topology_id': 2, 'socket_id': 3, 'hbmecc': 1, 'local_mem_size': 68719476736, 'capability': 4432512, 'maxprocess': 10}, '9': {'gpu_id': '11728', 'cpu_cores_count': 0, 'mem_banks_count': 1, 'direct_link_count': 4, 'indirect_link_count': 8, 'vendor_id': 39321, 'device_id': 16385, 'drm_render_minor': 135, 'isa_major': 10, 'isa_minor': 0, 'is_vf': 0, 'max_vf_nums': 8, 'domain': 0, 'location_id': 15360, 'num_sdma_engines': 5, 'num_sdma_queues_per_engine': 9, 'num_vpue_cores': 1, 'num_vpud_cores': 8, 'caches_count': 157, 'peu_id_base': 0, 'peu_count': 416, 'max_waves_per_peu': 8, 'wsm_size_in_kb': 64, 'wave_front_size': 64, 'dpc_count': 8, 'dpc0_ap_mask': 8191, 'dpc1_ap_mask': 73727, 'dpc2_ap_mask': 139263, 'dpc3_ap_mask': 204799, 'dpc4_ap_mask': 270335, 'dpc5_ap_mask': 335871, 'dpc6_ap_mask': 401407, 'dpc7_ap_mask': 466943, 'dpc_arrays': 1, 'ap_per_dpc': 13, 'peu_per_ap': 4, 'pri_mem_per_thread': 4, 'max_slots_private_ap': 32, 'num_ce_queues': 16, 'max_engine_clk_gpu': 1600, 'max_engine_clk_cpu': 3600, 'mgpu_id': 0, 'topology_id': 2, 'socket_id': 1, 'hbmecc': 1, 'local_mem_size': 68719476736, 'capability': 4432512, 'maxprocess': 10}}
2026-06-26 16:58:55,798 INFO phttp.server_backend: start generate batch files
2026-06-26 16:58:55,799 INFO utils.complier: analyse  formula:[]
2026-06-26 16:58:55,799 INFO utils.complier: analyse  formula:[{'type': 'PRE_VAR', 'value': '@compute_instructions'}, {'type': 'PRE_VAR', 'value': '@memory_instructions'}]
2026-06-26 16:58:55,799 INFO utils.complier: analyse  formula:[]
2026-06-26 16:58:55,800 INFO utils.complier: analyse  formula:[]
2026-06-26 16:58:55,800 INFO utils.complier: analyse  formula:[{'type': 'PRE_VAR', 'value': '@compute_instructions'}]
2026-06-26 16:58:55,800 INFO utils.complier: analyse  formula:[]
2026-06-26 16:58:55,800 INFO utils.complier: analyse  formula:[]
2026-06-26 16:58:55,800 INFO utils.complier: analyse  formula:[{'type': 'PRE_VAR', 'value': '@memory_instructions'}]
2026-06-26 16:58:55,800 INFO utils.complier: analyse  formula:[]
2026-06-26 16:58:55,800 INFO utils.complier: analyse  formula:[{'type': 'VARIABLE', 'value': '{{CE.CE_PERF_BUSY_CYCLES}}'}]
2026-06-26 16:58:55,800 INFO utils.complier: analyse  formula:[]
2026-06-26 16:58:55,800 INFO utils.complier: analyse  formula:[]
2026-06-26 16:58:55,800 INFO utils.complier: analyse  formula:[{'type': 'VARIABLE', 'value': '{{L2C.perf_dnoc_rdreq_32B}}'}, {'type': 'VARIABLE', 'value': '{{L2C.perf_dnoc_rdreq_64B}}'}, {'type': 'VARIABLE', 'value': '{{L2C.perf_dnoc_rdreq_128B}}'}, {'type': 'VARIABLE', 'value': '{{L2C.perf_dnoc_wrreq_32B_low}}'}, {'type': 'VARIABLE', 'value': '{{L2C.perf_dnoc_wrreq_32B_high}}'}, {'type': 'VARIABLE', 'value': '{{L2C.perf_dnoc_wrreq_64B}}'}, {'type': 'VARIABLE', 'value': '{{L2C.perf_dnoc_wrreq_128B}}'}, {'type': 'VARIABLE', 'value': '{{ISU.AP_PERF_ISU_AP_BUSY}}'}]
2026-06-26 16:58:55,801 INFO utils.complier: analyse  formula:[]
2026-06-26 16:58:55,801 INFO utils.complier: analyse  formula:[]
2026-06-26 16:58:55,801 INFO utils.complier: analyse  formula:[{'type': 'VARIABLE', 'value': '{{ISU.AP_PERF_ISU_AP_BUSY}}'}]
2026-06-26 16:58:55,802 INFO utils.complier: analyse  formula:[]
2026-06-26 16:58:55,802 INFO utils.complier: analyse  formula:[]
2026-06-26 16:58:55,802 INFO utils.complier: analyse  formula:[{'type': 'VARIABLE', 'value': '{{ISU.AP_PERF_ISU_AP_BUSY}}'}, {'type': 'VARIABLE', 'value': '{{CE.CE_PERF_BUSY_CYCLES}}'}]
2026-06-26 16:58:55,802 INFO utils.complier: analyse  formula:[]
2026-06-26 16:58:55,802 INFO utils.complier: analyse  formula:[]
2026-06-26 16:58:55,802 INFO utils.complier: analyse  formula:[{'type': 'VARIABLE', 'value': '{{ISU.AP_PERF_INST_CYCLES_VALU}}'}, {'type': 'VARIABLE', 'value': '{{ISU.AP_PERF_INST_CYCLES_MMA}}'}, {'type': 'VARIABLE', 'value': '{{ISU.AP_PERF_ISU_AP_BUSY}}'}]
2026-06-26 16:58:55,802 INFO utils.complier: analyse  formula:[]
2026-06-26 16:58:55,803 INFO utils.complier: analyse  formula:[]
2026-06-26 16:58:55,803 INFO utils.complier: analyse  formula:[{'type': 'VARIABLE', 'value': '{{CE.CE_PERF_SEND_RM_WORKGROUPS}}'}]
2026-06-26 16:58:55,803 INFO utils.complier: analyse  formula:[]
2026-06-26 16:58:55,803 INFO utils.complier: analyse  formula:[]
2026-06-26 16:58:55,803 INFO utils.complier: analyse  formula:[{'type': 'VARIABLE', 'value': '{{CE.CE_PERF_SEND_RM_WAVES}}'}]
2026-06-26 16:58:55,803 INFO utils.complier: analyse  formula:[]
2026-06-26 16:58:55,803 INFO utils.complier: analyse  formula:[]
2026-06-26 16:58:55,803 INFO utils.complier: analyse  formula:[{'type': 'VARIABLE', 'value': '{{RM.RM_PERF_WAVES_InFlight_Level_P0}}'}, {'type': 'VARIABLE', 'value': '{{RM.RM_PERF_WAVES_InFlight_Level_P1}}'}, {'type': 'VARIABLE', 'value': '{{RM.RM_PERF_WAVES_InFlight_Level_P2}}'}, {'type': 'VARIABLE', 'value': '{{RM.RM_PERF_WAVES_InFlight_Level_P3}}'}, {'type': 'VARIABLE', 'value': '{{CE.CE_PERF_SEND_RM_WAVES}}'}]
2026-06-26 16:58:55,803 INFO utils.complier: analyse  formula:[]
2026-06-26 16:58:55,803 INFO utils.complier: analyse  formula:[]
2026-06-26 16:58:55,804 INFO utils.complier: analyse  formula:[{'type': 'VARIABLE', 'value': '{{ISU.AP_PERF_INST_CYCLES_VALU_4CYCLES}}'}, {'type': 'VARIABLE', 'value': '{{ISU.AP_PERF_INST_CYCLES_VALU_16CYCLES}}'}, {'type': 'VARIABLE', 'value': '{{ISU.AP_PERF_INST_CYCLES_MMA_16CYCLES}}'}, {'type': 'VARIABLE', 'value': '{{ISU.AP_PERF_INST_CYCLES_MMA_32CYCLES}}'}]
2026-06-26 16:58:55,805 INFO utils.complier: analyse  formula:[]
2026-06-26 16:58:55,806 INFO utils.complier: analyse  formula:[]
2026-06-26 16:58:55,806 INFO utils.complier: analyse  formula:[{'type': 'VARIABLE_DICT', 'value': '{{{ISU.AP_PERF_INST_CYCLES_MMA}}}'}, {'type': 'VARIABLE_DICT', 'value': '{{{ISU.AP_PERF_INST_CYCLES_MMA}}}'}, {'type': 'VARIABLE_DICT', 'value': '{{{ISU.AP_PERF_INST_CYCLES_VALU}}}'}]
2026-06-26 16:58:55,807 INFO utils.complier: analyse  formula:[]
2026-06-26 16:58:55,807 INFO utils.complier: analyse  formula:[]
2026-06-26 16:58:55,808 INFO utils.complier: analyse  formula:[{'type': 'VARIABLE', 'value': '{{ISU.AP_PERF_INSTS_VALU}}'}, {'type': 'VARIABLE', 'value': '{{ISU.AP_PERF_INSTS_MMA}}'}, {'type': 'VARIABLE', 'value': '{{ISU.AP_PERF_INSTS_SALU}}'}, {'type': 'VARIABLE', 'value': '{{ISU.AP_PERF_INSTS_GVM}}'}, {'type': 'VARIABLE', 'value': '{{ISU.AP_PERF_INSTS_BSM}}'}, {'type': 'VARIABLE', 'value': '{{ISU.AP_PERF_INSTS_LDU}}'}, {'type': 'VARIABLE', 'value': '{{ISU.AP_PERF_INST_MISC}}'}]
2026-06-26 16:58:55,809 INFO utils.complier: analyse  formula:[]
2026-06-26 16:58:55,809 INFO utils.complier: analyse  formula:[]
2026-06-26 16:58:55,810 INFO utils.complier: analyse  formula:[{'type': 'VARIABLE', 'value': '{{ISU.AP_PERF_ISU_ARB_WSM_STALL}}'}, {'type': 'VARIABLE', 'value': '{{ISU.AP_PERF_ISU_ARB_VLS_STALL}}'}, {'type': 'VARIABLE', 'value': '{{ISU.AP_PERF_ISU_ARB_DATA_STALL}}'}, {'type': 'VARIABLE', 'value': '{{ISU.AP_PERF_ISU_ARB_VALU_STALL}}'}]
2026-06-26 16:58:55,811 INFO utils.complier: analyse  formula:[]
2026-06-26 16:58:55,812 INFO utils.complier: analyse  formula:[]
2026-06-26 16:58:55,812 INFO utils.complier: analyse  formula:[]
2026-06-26 16:58:55,812 INFO utils.complier: analyse  formula:[{'type': 'PRE_VAR', 'value': '@global_insts_rd'}]
2026-06-26 16:58:55,812 INFO utils.complier: analyse  formula:[]
2026-06-26 16:58:55,812 INFO utils.complier: analyse  formula:[]
2026-06-26 16:58:55,812 INFO utils.complier: analyse  formula:[{'type': 'PRE_VAR', 'value': '@global_insts_wr'}]
2026-06-26 16:58:55,812 INFO utils.complier: analyse  formula:[]
2026-06-26 16:58:55,812 INFO utils.complier: analyse  formula:[{'type': 'VARIABLE', 'value': '{{ISU.AP_PERF_INST_GLOBAL_ATOMIC}}'}, {'type': 'VARIABLE', 'value': '{{ISU.AP_PERF_INST_GLOBAL_ATOMIC_64}}'}]
2026-06-26 16:58:55,812 INFO utils.complier: analyse  formula:[]
2026-06-26 16:58:55,812 INFO utils.complier: analyse  formula:[]
2026-06-26 16:58:55,812 INFO utils.complier: analyse  formula:[]
2026-06-26 16:58:55,812 INFO utils.complier: analyse  formula:[{'type': 'PRE_VAR', 'value': '@private_insts_rd'}]
2026-06-26 16:58:55,812 INFO utils.complier: analyse  formula:[]
2026-06-26 16:58:55,812 INFO utils.complier: analyse  formula:[]
2026-06-26 16:58:55,812 INFO utils.complier: analyse  formula:[{'type': 'PRE_VAR', 'value': '@private_insts_wr'}]
2026-06-26 16:58:55,812 INFO utils.complier: analyse  formula:[]
2026-06-26 16:58:55,812 INFO utils.complier: analyse  formula:[]
2026-06-26 16:58:55,812 INFO utils.complier: analyse  formula:[{'type': 'PRE_VAR', 'value': '@ldu_insts_rd'}]
2026-06-26 16:58:55,813 INFO utils.complier: analyse  formula:[]
2026-06-26 16:58:55,813 INFO utils.complier: analyse  formula:[]
2026-06-26 16:58:55,813 INFO utils.complier: analyse  formula:[{'type': 'PRE_VAR', 'value': '@sl1_rd'}]
2026-06-26 16:58:55,813 INFO utils.complier: analyse  formula:[]
2026-06-26 16:58:55,813 INFO utils.complier: analyse  formula:[]
2026-06-26 16:58:55,813 INFO utils.complier: analyse  formula:[{'type': 'PRE_VAR', 'value': '@sl1_l2c_rd'}]
2026-06-26 16:58:55,813 INFO utils.complier: analyse  formula:[]
2026-06-26 16:58:55,813 INFO utils.complier: analyse  formula:[]
2026-06-26 16:58:55,813 INFO utils.complier: analyse  formula:[{'type': 'PRE_VAR', 'value': '@sl1_hit_rate'}]
2026-06-26 16:58:55,813 INFO utils.complier: analyse  formula:[]
2026-06-26 16:58:55,813 INFO utils.complier: analyse  formula:[]
2026-06-26 16:58:55,813 INFO utils.complier: analyse  formula:[{'type': 'PRE_VAR', 'value': '@vl1_insts_rd'}]
2026-06-26 16:58:55,813 INFO utils.complier: analyse  formula:[]
2026-06-26 16:58:55,813 INFO utils.complier: analyse  formula:[]
2026-06-26 16:58:55,813 INFO utils.complier: analyse  formula:[{'type': 'PRE_VAR', 'value': '@vl1_insts_wr'}]
2026-06-26 16:58:55,813 INFO utils.complier: analyse  formula:[]
2026-06-26 16:58:55,813 INFO utils.complier: analyse  formula:[{'type': 'VARIABLE', 'value': '{{VL1.p_total_atomic_instruction_event}}'}]
2026-06-26 16:58:55,813 INFO utils.complier: analyse  formula:[]
2026-06-26 16:58:55,813 INFO utils.complier: analyse  formula:[]
2026-06-26 16:58:55,813 INFO utils.complier: analyse  formula:[]
2026-06-26 16:58:55,813 INFO utils.complier: analyse  formula:[{'type': 'PRE_VAR', 'value': '@vl1_hit_rate'}]
2026-06-26 16:58:55,813 INFO utils.complier: analyse  formula:[]
2026-06-26 16:58:55,814 INFO utils.complier: analyse  formula:[]
2026-06-26 16:58:55,814 INFO utils.complier: analyse  formula:[{'type': 'PRE_VAR', 'value': '@l2c_insts_rd'}]
2026-06-26 16:58:55,814 INFO utils.complier: analyse  formula:[]
2026-06-26 16:58:55,814 INFO utils.complier: analyse  formula:[]
2026-06-26 16:58:55,814 INFO utils.complier: analyse  formula:[{'type': 'PRE_VAR', 'value': '@l2c_insts_wr'}]
2026-06-26 16:58:55,814 INFO utils.complier: analyse  formula:[]
2026-06-26 16:58:55,814 INFO utils.complier: analyse  formula:[{'type': 'VARIABLE', 'value': '{{L2C.perf_atomic_req}}'}]
2026-06-26 16:58:55,814 INFO utils.complier: analyse  formula:[]
2026-06-26 16:58:55,814 INFO utils.complier: analyse  formula:[]
2026-06-26 16:58:55,814 INFO utils.complier: analyse  formula:[]
2026-06-26 16:58:55,814 INFO utils.complier: analyse  formula:[{'type': 'PRE_VAR', 'value': '@l2c_hit_rate'}]
2026-06-26 16:58:55,814 INFO utils.complier: analyse  formula:[]
2026-06-26 16:58:55,814 INFO utils.complier: analyse  formula:[{'type': 'VARIABLE', 'value': '{{ISU.AP_PERF_INSTS_GVM_ATOMIC}}'}, {'type': 'VARIABLE', 'value': '{{ISU.AP_PERF_INST_BSM_ATOMIC}}'}]
2026-06-26 16:58:55,814 INFO utils.complier: analyse  formula:[]
2026-06-26 16:58:55,814 INFO utils.complier: analyse  formula:[]
2026-06-26 16:58:55,814 INFO utils.complier: analyse  formula:[{'type': 'VARIABLE', 'value': '{{L2C.perf_dnoc_rdreq}}'}]
2026-06-26 16:58:55,814 INFO utils.complier: analyse  formula:[]
2026-06-26 16:58:55,814 INFO utils.complier: analyse  formula:[]
2026-06-26 16:58:55,814 INFO utils.complier: analyse  formula:[{'type': 'VARIABLE', 'value': '{{L2C.perf_dnoc_wrreq}}'}]
2026-06-26 16:58:55,815 INFO utils.complier: analyse  formula:[]
2026-06-26 16:58:55,815 INFO utils.complier: analyse  formula:[]
2026-06-26 16:58:55,815 INFO utils.complier: analyse  formula:[{'type': 'VARIABLE', 'value': '{{L2C.perf_dnoc_rdreq_32B}}'}, {'type': 'VARIABLE', 'value': '{{L2C.perf_dnoc_rdreq_64B}}'}, {'type': 'VARIABLE', 'value': '{{L2C.perf_dnoc_rdreq_128B}}'}]
2026-06-26 16:58:55,815 INFO utils.complier: analyse  formula:[]
2026-06-26 16:58:55,815 INFO utils.complier: analyse  formula:[]
2026-06-26 16:58:55,815 INFO utils.complier: analyse  formula:[{'type': 'VARIABLE', 'value': '{{L2C.perf_dnoc_wrreq_32B_low}}'}, {'type': 'VARIABLE', 'value': '{{L2C.perf_dnoc_wrreq_32B_high}}'}, {'type': 'VARIABLE', 'value': '{{L2C.perf_dnoc_wrreq_64B}}'}, {'type': 'VARIABLE', 'value': '{{L2C.perf_dnoc_wrreq_128B}}'}]
2026-06-26 16:58:55,815 INFO utils.complier: analyse  formula:[]
2026-06-26 16:58:55,815 INFO utils.complier: analyse  formula:[]
2026-06-26 16:58:55,819 INFO utils.complier: analyse  formula:[]
2026-06-26 16:58:55,822 INFO utils.complier: analyse  formula:[{'type': 'PRE_VAR', 'value': '@vl1_hit_rate'}, {'type': 'PRE_VAR', 'value': '@l2c_hit_rate'}, {'type': 'PRE_VAR', 'value': '@sl1_hit_rate'}, {'type': 'PRE_VAR', 'value': '@global_insts_rd'}, {'type': 'PRE_VAR', 'value': '@global_insts_wr'}, {'type': 'PRE_VAR', 'value': '@private_insts_rd'}, {'type': 'PRE_VAR', 'value': '@private_insts_wr'}, {'type': 'PRE_VAR', 'value': '@generic_insts_rd'}, {'type': 'PRE_VAR', 'value': '@generic_insts_wr'}, {'type': 'PRE_VAR', 'value': '@ldu_insts_rd'}, {'type': 'PRE_VAR', 'value': '@bsm_insts_rd'}, {'type': 'PRE_VAR', 'value': '@bsm_insts_wr'}, {'type': 'PRE_VAR', 'value': '@vl1_insts_rd'}, {'type': 'PRE_VAR', 'value': '@vl1_insts_wr'}, {'type': 'PRE_VAR', 'value': '@sl1_rd'}, {'type': 'PRE_VAR', 'value': '@sl1_l2c_rd'}, {'type': 'PRE_VAR', 'value': '@l2c_insts_rd'}, {'type': 'PRE_VAR', 'value': '@l2c_insts_wr'}]
2026-06-26 16:58:55,825 INFO utils.complier: analyse  formula:[]
2026-06-26 16:58:55,825 INFO utils.complier: analyse  formula:[{'type': 'VARIABLE', 'value': '{{L2C.perf_dnoc_rdreq_inflight_level}}'}, {'type': 'VARIABLE', 'value': '{{L2C.perf_dnoc_rdreq}}'}]
2026-06-26 16:58:55,825 INFO utils.complier: analyse  formula:[]
2026-06-26 16:58:55,825 INFO utils.complier: analyse  formula:[]
2026-06-26 16:58:55,826 INFO utils.complier: analyse  formula:[{'type': 'VARIABLE', 'value': '{{L2C.perf_dnoc_rd_histogram_0_255}}'}, {'type': 'VARIABLE', 'value': '{{L2C.perf_dnoc_rd_histogram_256_511}}'}, {'type': 'VARIABLE', 'value': '{{L2C.perf_dnoc_rd_histogram_512_1K}}'}, {'type': 'VARIABLE', 'value': '{{L2C.perf_dnoc_rd_histogram_1K_2K}}'}, {'type': 'VARIABLE', 'value': '{{L2C.perf_dnoc_rd_histogram_2K_INF}}'}]
2026-06-26 16:58:55,826 INFO utils.complier: analyse  formula:[]
2026-06-26 16:58:55,827 INFO utils.complier: analyse  formula:[]
2026-06-26 16:58:55,827 INFO utils.complier: analyse  formula:[{'type': 'VARIABLE', 'value': '{{VL1.p_stall_due_oldest_pt0}}'}, {'type': 'VARIABLE', 'value': '{{VL1.p_stall_due_oldest_pt1}}'}, {'type': 'VARIABLE', 'value': '{{VL1.p_stall_due_oldest_pt2}}'}, {'type': 'VARIABLE', 'value': '{{VL1.p_stall_due_oldest_pt3}}'}]
2026-06-26 16:58:55,827 INFO utils.complier: analyse  formula:[]
2026-06-26 16:58:55,828 INFO utils.complier: analyse  formula:[]
2026-06-26 16:58:55,828 INFO utils.complier: analyse  formula:[{'type': 'VARIABLE', 'value': '{{ISU.AP_PERF_INST_BSM_RD}}'}]
2026-06-26 16:58:55,828 INFO utils.complier: analyse  formula:[]
2026-06-26 16:58:55,828 INFO utils.complier: analyse  formula:[]
2026-06-26 16:58:55,828 INFO utils.complier: analyse  formula:[{'type': 'VARIABLE', 'value': '{{ISU.AP_PERF_INST_BSM_WR}}'}]
2026-06-26 16:58:55,828 INFO utils.complier: analyse  formula:[]
2026-06-26 16:58:55,828 INFO utils.complier: analyse  formula:[]
2026-06-26 16:58:55,828 INFO utils.complier: analyse  formula:[{'type': 'VARIABLE', 'value': '{{ISU.AP_PERF_INST_BSM_ATOMIC}}'}]
2026-06-26 16:58:55,828 INFO utils.complier: analyse  formula:[]
2026-06-26 16:58:55,828 INFO utils.complier: analyse  formula:[]
2026-06-26 16:58:55,828 INFO utils.complier: analyse  formula:[{'type': 'VARIABLE', 'value': '{{ISU.AP_PERF_INSTS_BSM}}'}]
2026-06-26 16:58:55,828 INFO utils.complier: analyse  formula:[]
2026-06-26 16:58:55,828 INFO utils.complier: analyse  formula:[]
2026-06-26 16:58:55,828 INFO utils.complier: analyse  formula:[{'type': 'VARIABLE', 'value': '{{ISU.AP_PERF_BSM_READ_INFLIGHT_LEVEL}}'}, {'type': 'VARIABLE', 'value': '{{ISU.AP_PERF_INST_BSM_RD}}'}, {'type': 'VARIABLE', 'value': '{{ISU.AP_PERF_INST_BSM_RD}}'}]
2026-06-26 16:58:55,829 INFO utils.complier: analyse  formula:[]
2026-06-26 16:58:55,829 INFO utils.complier: analyse  formula:[]
2026-06-26 16:58:55,829 INFO utils.complier: analyse  formula:[{'type': 'VARIABLE', 'value': '{{ISU.AP_PERF_BSM_WR_INFLIGHT_LEVEL}}'}, {'type': 'VARIABLE', 'value': '{{ISU.AP_PERF_INST_BSM_WR}}'}, {'type': 'VARIABLE', 'value': '{{ISU.AP_PERF_INST_BSM_WR}}'}]
2026-06-26 16:58:55,829 INFO utils.complier: analyse  formula:[]
2026-06-26 16:58:55,829 INFO utils.complier: analyse  formula:[]
2026-06-26 16:58:55,829 INFO utils.complier: analyse  formula:[{'type': 'VARIABLE', 'value': '{{ISU.AP_PERF_BSM_ATOMIC_INFLIGHT_LEVEL}}'}, {'type': 'VARIABLE', 'value': '{{ISU.AP_PERF_INST_BSM_ATOMIC}}'}, {'type': 'VARIABLE', 'value': '{{ISU.AP_PERF_INST_BSM_ATOMIC}}'}]
2026-06-26 16:58:55,829 INFO utils.complier: analyse  formula:[]
2026-06-26 16:58:55,830 INFO utils.complier: analyse  formula:[]
2026-06-26 16:58:55,830 INFO utils.complier: analyse  formula:[{'type': 'VARIABLE', 'value': '{{ISU.AP_PERF_BSM_INFLIGHT_LEVEL_IN_AP}}'}, {'type': 'VARIABLE', 'value': '{{ISU.AP_PERF_BSM_INFLIGHT_LEVEL}}'}, {'type': 'VARIABLE', 'value': '{{ISU.AP_PERF_INSTS_BSM}}'}, {'type': 'VARIABLE', 'value': '{{ISU.AP_PERF_INSTS_BSM}}'}]
2026-06-26 16:58:55,830 INFO utils.complier: analyse  formula:[]
2026-06-26 16:58:55,830 INFO utils.complier: analyse  formula:[]
2026-06-26 16:58:55,830 INFO utils.complier: analyse  formula:[{'type': 'VARIABLE', 'value': '{{ISU.AP_PERF_BSM_RD_CYCLES}}'}, {'type': 'VARIABLE', 'value': '{{ISU.AP_PERF_INST_BSM_RD}}'}, {'type': 'VARIABLE', 'value': '{{ISU.AP_PERF_INST_BSM_RD}}'}]
2026-06-26 16:58:55,830 INFO utils.complier: analyse  formula:[]
2026-06-26 16:58:55,831 INFO utils.complier: analyse  formula:[]
2026-06-26 16:58:55,831 INFO utils.complier: analyse  formula:[{'type': 'VARIABLE', 'value': '{{ISU.AP_PERF_BSM_WR_CYCLES}}'}, {'type': 'VARIABLE', 'value': '{{ISU.AP_PERF_INST_BSM_WR}}'}, {'type': 'VARIABLE', 'value': '{{ISU.AP_PERF_INST_BSM_WR}}'}]
2026-06-26 16:58:55,831 INFO utils.complier: analyse  formula:[]
2026-06-26 16:58:55,831 INFO utils.complier: analyse  formula:[]
2026-06-26 16:58:55,831 INFO utils.complier: analyse  formula:[{'type': 'VARIABLE', 'value': '{{ISU.AP_PERF_BSM_ATOMIC_CYCLES}}'}, {'type': 'VARIABLE', 'value': '{{ISU.AP_PERF_INST_BSM_ATOMIC}}'}, {'type': 'VARIABLE', 'value': '{{ISU.AP_PERF_INST_BSM_ATOMIC}}'}]
2026-06-26 16:58:55,831 INFO utils.complier: analyse  formula:[]
2026-06-26 16:58:55,831 INFO utils.complier: analyse  formula:[]
2026-06-26 16:58:55,832 INFO utils.complier: analyse  formula:[{'type': 'VARIABLE', 'value': '{{ISU.AP_PERF_BSM_CONFLICT_CYCLES}}'}, {'type': 'VARIABLE', 'value': '{{ISU.AP_PERF_INSTS_BSM}}'}, {'type': 'VARIABLE', 'value': '{{ISU.AP_PERF_INSTS_BSM}}'}]
2026-06-26 16:58:55,832 INFO utils.complier: analyse  formula:[]
2026-06-26 16:58:55,832 INFO utils.complier: analyse  formula:[]
2026-06-26 16:58:55,832 INFO utils.complier: analyse  formula:[{'type': 'VARIABLE', 'value': '{{ISU.AP_PERF_BSM_RD_CYCLES}}'}, {'type': 'VARIABLE', 'value': '{{ISU.AP_PERF_BSM_WR_CYCLES}}'}, {'type': 'VARIABLE', 'value': '{{ISU.AP_PERF_BSM_ATOMIC_CYCLES}}'}, {'type': 'VARIABLE', 'value': '{{ISU.AP_PERF_INSTS_BSM}}'}, {'type': 'VARIABLE', 'value': '{{ISU.AP_PERF_INSTS_BSM}}'}]
2026-06-26 16:58:55,832 INFO utils.complier: analyse  formula:[]
2026-06-26 16:58:55,832 INFO utils.complier: analyse  formula:[]
2026-06-26 16:58:55,833 INFO utils.complier: analyse  formula:[{'type': 'VARIABLE', 'value': '{{ISU.AP_PERF_BSM_RD_CYCLES}}'}, {'type': 'VARIABLE', 'value': '{{ISU.AP_PERF_BSM_WR_CYCLES}}'}, {'type': 'VARIABLE', 'value': '{{ISU.AP_PERF_BSM_ATOMIC_CYCLES}}'}, {'type': 'VARIABLE', 'value': '{{ISU.AP_PERF_BSM_CONFLICT_CYCLES}}'}]
2026-06-26 16:58:55,833 INFO utils.complier: analyse  formula:[]
2026-06-26 16:58:55,833 INFO utils.complier: analyse  formula:[]
2026-06-26 16:58:55,833 INFO utils.complier: analyse  formula:[{'type': 'VARIABLE', 'value': '{{ISU.AP_PERF_WAVES}}'}]
2026-06-26 16:58:55,834 INFO utils.complier: analyse  formula:[]
2026-06-26 16:58:55,834 INFO utils.complier: analyse  formula:[]
2026-06-26 16:58:55,834 INFO utils.complier: analyse  formula:[{'type': 'VARIABLE', 'value': '{{RM.RM_PERF_DISPATCHED_WAVES_P0}}'}, {'type': 'VARIABLE', 'value': '{{RM.RM_PERF_DISPATCHED_WAVES_P1}}'}, {'type': 'VARIABLE', 'value': '{{RM.RM_PERF_DISPATCHED_WAVES_P2}}'}, {'type': 'VARIABLE', 'value': '{{RM.RM_PERF_DISPATCHED_WAVES_P3}}'}]
2026-06-26 16:58:55,834 INFO utils.complier: analyse  formula:[]
2026-06-26 16:58:55,834 INFO utils.complier: analyse  formula:[]
2026-06-26 16:58:55,834 INFO utils.complier: analyse  formula:[{'type': 'VARIABLE', 'value': '{{ISU.AP_PERF_ISU_AP_BUSY}}'}]
2026-06-26 16:58:55,834 INFO utils.complier: analyse  formula:[]
2026-06-26 16:58:55,834 INFO utils.complier: analyse  formula:[]
2026-06-26 16:58:55,834 INFO utils.complier: analyse  formula:[{'type': 'VARIABLE', 'value': '{{ISU.AP_PERF_INST_TRANS_FP16}}'}, {'type': 'VARIABLE', 'value': '{{ISU.AP_PERF_INST_TRANS_FP32}}'}, {'type': 'VARIABLE', 'value': '{{ISU.AP_PERF_MTE_PI_SEG_SEL_F64}}'}, {'type': 'VARIABLE', 'value': '{{ISU.AP_PERF_INST_CYCLES_VALU_4CYCLES}}'}, {'type': 'VARIABLE', 'value': '{{ISU.AP_PERF_ISU_AP_BUSY}}'}]
2026-06-26 16:58:55,835 INFO utils.complier: analyse  formula:[]
2026-06-26 16:58:55,835 INFO utils.complier: analyse  formula:[]
2026-06-26 16:58:55,835 INFO utils.complier: analyse  formula:[{'type': 'VARIABLE', 'value': '{{ISU.AP_PERF_INSTS_SALU}}'}, {'type': 'VARIABLE', 'value': '{{ISU.AP_PERF_ISU_AP_BUSY}}'}]
2026-06-26 16:58:55,835 INFO utils.complier: analyse  formula:[]
2026-06-26 16:58:55,835 INFO utils.complier: analyse  formula:[]
2026-06-26 16:58:55,835 INFO utils.complier: analyse  formula:[{'type': 'VARIABLE', 'value': '{{ISU.AP_PERF_INST_CYCLES_MMA}}'}, {'type': 'VARIABLE', 'value': '{{ISU.AP_PERF_ISU_AP_BUSY}}'}]
2026-06-26 16:58:55,835 INFO utils.complier: analyse  formula:[]
2026-06-26 16:58:55,835 INFO utils.complier: analyse  formula:[]
2026-06-26 16:58:55,836 INFO utils.complier: analyse  formula:[{'type': 'VARIABLE', 'value': '{{VLS.PERFEVENT_VLS_ACTIVE}}'}, {'type': 'VARIABLE', 'value': '{{ISU.AP_PERF_ISU_AP_BUSY}}'}]
2026-06-26 16:58:55,836 INFO utils.complier: analyse  formula:[]
2026-06-26 16:58:55,836 INFO utils.complier: analyse  formula:[]
2026-06-26 16:58:55,836 INFO utils.complier: analyse  formula:[{'type': 'VARIABLE', 'value': '{{L2C.perf_req}}'}, {'type': 'VARIABLE', 'value': '{{L2C.1_b1}}'}]
2026-06-26 16:58:55,836 INFO utils.complier: analyse  formula:[]
2026-06-26 16:58:55,836 INFO utils.complier: analyse  formula:[]
2026-06-26 16:58:55,836 INFO utils.complier: analyse  formula:[{'type': 'VARIABLE', 'value': '{{ISU.AP_PERF_ISU_AP_BUSY}}'}]
2026-06-26 16:58:55,836 INFO utils.complier: analyse  formula:[{'type': 'PRE_VAR', 'value': '@total_instruction_num'}]
2026-06-26 16:58:55,836 INFO utils.complier: analyse  formula:[]
2026-06-26 16:58:55,837 INFO utils.complier: analyse  formula:[{'type': 'VARIABLE_DICT', 'value': '{{{ISU.AP_PERF_INSTS_VALU}}}'}, {'type': 'VARIABLE', 'value': '{{ISU.AP_PERF_ISU_AP_BUSY}}'}]
2026-06-26 16:58:55,837 INFO utils.complier: analyse  formula:[{'type': 'PRE_VAR', 'value': '@total_instruction_num'}]
2026-06-26 16:58:55,837 INFO utils.complier: analyse  formula:[]
2026-06-26 16:58:55,837 INFO utils.complier: analyse  formula:[{'type': 'VARIABLE_DICT', 'value': '{{{ISU.AP_PERF_INSTS_VALU}}}'}, {'type': 'VARIABLE', 'value': '{{ISU.AP_PERF_ISU_AP_BUSY}}'}]
2026-06-26 16:58:55,838 INFO utils.complier: analyse  formula:[{'type': 'PRE_VAR', 'value': '@total_instruction_num'}]
2026-06-26 16:58:55,838 INFO utils.complier: analyse  formula:[]
2026-06-26 16:58:55,838 INFO utils.complier: analyse  formula:[{'type': 'VARIABLE', 'value': '{{ISU.AP_PERF_INSTS_VALU}}'}, {'type': 'VARIABLE', 'value': '{{ISU.AP_PERF_INSTS_MMA}}'}, {'type': 'VARIABLE', 'value': '{{ISU.AP_PERF_INSTS_SALU}}'}, {'type': 'VARIABLE', 'value': '{{ISU.AP_PERF_INSTS_GVM}}'}, {'type': 'VARIABLE', 'value': '{{ISU.AP_PERF_INSTS_BSM}}'}, {'type': 'VARIABLE', 'value': '{{ISU.AP_PERF_INSTS_LDU}}'}, {'type': 'VARIABLE', 'value': '{{ISU.AP_PERF_INST_MISC}}'}, {'type': 'VARIABLE', 'value': '{{ISU.AP_PERF_ISU_AP_BUSY}}'}]
2026-06-26 16:58:55,838 INFO utils.complier: analyse  formula:[]
2026-06-26 16:58:55,839 INFO utils.complier: analyse  formula:[]
2026-06-26 16:58:55,839 INFO utils.complier: analyse  formula:[{'type': 'VARIABLE_DICT', 'value': '{{{ISU.AP_PERF_INSTS_VALU}}}'}, {'type': 'VARIABLE', 'value': '{{ISU.AP_PERF_INSTS_VALU}}'}, {'type': 'VARIABLE', 'value': '{{ISU.AP_PERF_INSTS_MMA}}'}, {'type': 'VARIABLE', 'value': '{{ISU.AP_PERF_INSTS_SALU}}'}, {'type': 'VARIABLE', 'value': '{{ISU.AP_PERF_INSTS_GVM}}'}, {'type': 'VARIABLE', 'value': '{{ISU.AP_PERF_INSTS_BSM}}'}, {'type': 'VARIABLE', 'value': '{{ISU.AP_PERF_INSTS_LDU}}'}, {'type': 'VARIABLE', 'value': '{{ISU.AP_PERF_INST_MISC}}'}, {'type': 'VARIABLE', 'value': '{{ISU.AP_PERF_ISU_AP_BUSY}}'}]
2026-06-26 16:58:55,839 INFO utils.complier: analyse  formula:[]
2026-06-26 16:58:55,840 INFO utils.complier: analyse  formula:[]
2026-06-26 16:58:55,842 INFO utils.complier: analyse  formula:[{'type': 'VARIABLE', 'value': '{{ISU.AP_PERF_INSTS_VALU}}'}, {'type': 'VARIABLE', 'value': '{{ISU.AP_PERF_INST_FMA_F32}}'}, {'type': 'VARIABLE', 'value': '{{ISU.AP_PERF_INST_FMA_F64}}'}, {'type': 'VARIABLE', 'value': '{{ISU.AP_PERF_INST_TRANS_FP16}}'}, {'type': 'VARIABLE', 'value': '{{ISU.AP_PERF_INST_TRANS_FP32}}'}, {'type': 'VARIABLE', 'value': '{{ISU.AP_PERF_MTE_PI_SEG_SEL_F64}}'}, {'type': 'VARIABLE', 'value': '{{ISU.AP_PERF_MTE_PI_SEG_SEL_F64}}'}, {'type': 'VARIABLE', 'value': '{{ISU.AP_PERF_INST_FMA_F32}}'}, {'type': 'VARIABLE', 'value': '{{ISU.AP_PERF_INST_FMA_F64}}'}, {'type': 'VARIABLE', 'value': '{{ISU.AP_PERF_INST_TRANS_FP16}}'}, {'type': 'VARIABLE', 'value': '{{ISU.AP_PERF_INST_TRANS_FP32}}'}, {'type': 'VARIABLE', 'value': '{{ISU.AP_PERF_INST_MMA_INT8}}'}, {'type': 'VARIABLE', 'value': '{{ISU.AP_PERF_INST_MMA_FP16}}'}, {'type': 'VARIABLE', 'value': '{{ISU.AP_PERF_INST_MMA_BF16}}'}, {'type': 'VARIABLE', 'value': '{{ISU.AP_PERF_INST_MMA_TF32}}'}, {'type': 'VARIABLE', 'value': '{{ISU.AP_PERF_INST_MMA_F32}}'}, {'type': 'VARIABLE', 'value': '{{ISU.AP_PERF_INST_MMA_F64}}'}, {'type': 'VARIABLE', 'value': '{{ISU.AP_PERF_INST_MMA_TF64}}'}, {'type': 'VARIABLE', 'value': '{{L2C.perf_dnoc_rdreq_32B}}'}, {'type': 'VARIABLE', 'value': '{{L2C.perf_dnoc_rdreq_64B}}'}, {'type': 'VARIABLE', 'value': '{{L2C.perf_dnoc_rdreq_128B}}'}, {'type': 'VARIABLE', 'value': '{{L2C.perf_dnoc_wrreq_32B_low}}'}, {'type': 'VARIABLE', 'value': '{{L2C.perf_dnoc_wrreq_32B_high}}'}, {'type': 'VARIABLE', 'value': '{{L2C.perf_dnoc_wrreq_64B}}'}, {'type': 'VARIABLE', 'value': '{{L2C.perf_dnoc_wrreq_128B}}'}, {'type': 'VARIABLE', 'value': '{{VL1.p_perf_thread_req_cnt}}'}, {'type': 'VARIABLE', 'value': '{{VL1.perf_inflt_rd_req}}'}, {'type': 'VARIABLE', 'value': '{{ISU.AP_PERF_ISU_AP_BUSY}}'}, {'type': 'VARIABLE_DICT', 'value': '{{{ISU.AP_PERF_ISU_AP_BUSY}}}'}]
2026-06-26 16:58:55,845 INFO utils.complier: analyse  formula:[]
2026-06-26 16:58:55,847 INFO utils.complier: analyse  formula:[]
2026-06-26 16:58:55,847 INFO utils.complier: analyse  formula:[{'type': 'VARIABLE', 'value': '{{ISU.AP_PERF_INSTS_VALU}}'}, {'type': 'VARIABLE', 'value': '{{ISU.AP_PERF_INSTS_MMA}}'}, {'type': 'VARIABLE', 'value': '{{ISU.AP_PERF_INSTS_SALU}}'}, {'type': 'VARIABLE', 'value': '{{ISU.AP_PERF_INST_MISC}}'}]
2026-06-26 16:58:55,848 INFO utils.complier: analyse  formula:[]
2026-06-26 16:58:55,848 INFO utils.complier: analyse  formula:[{'type': 'VARIABLE', 'value': '{{ISU.AP_PERF_INSTS_GVM}}'}, {'type': 'VARIABLE', 'value': '{{ISU.AP_PERF_INSTS_BSM}}'}, {'type': 'VARIABLE', 'value': '{{ISU.AP_PERF_INSTS_LDU}}'}]
2026-06-26 16:58:55,848 INFO utils.complier: analyse  formula:[]
2026-06-26 16:58:55,848 INFO utils.complier: analyse  formula:[{'type': 'VARIABLE', 'value': '{{ISU.AP_PERF_INST_GLOBAL_RD}}'}]
2026-06-26 16:58:55,848 INFO utils.complier: analyse  formula:[]
2026-06-26 16:58:55,848 INFO utils.complier: analyse  formula:[{'type': 'VARIABLE', 'value': '{{ISU.AP_PERF_INST_GLOBAL_WR}}'}]
2026-06-26 16:58:55,848 INFO utils.complier: analyse  formula:[]
2026-06-26 16:58:55,848 INFO utils.complier: analyse  formula:[{'type': 'VARIABLE', 'value': '{{ISU.AP_PERF_INST_PRIVATE_RD}}'}]
2026-06-26 16:58:55,848 INFO utils.complier: analyse  formula:[]
2026-06-26 16:58:55,848 INFO utils.complier: analyse  formula:[{'type': 'VARIABLE', 'value': '{{ISU.AP_PERF_INST_PRIVATE_WR}}'}]
2026-06-26 16:58:55,848 INFO utils.complier: analyse  formula:[]
2026-06-26 16:58:55,848 INFO utils.complier: analyse  formula:[{'type': 'VARIABLE', 'value': '{{ISU.AP_PERF_INST_GENERIC_RD}}'}]
2026-06-26 16:58:55,848 INFO utils.complier: analyse  formula:[]
2026-06-26 16:58:55,848 INFO utils.complier: analyse  formula:[{'type': 'VARIABLE', 'value': '{{ISU.AP_PERF_INST_GENERIC_WR}}'}]
2026-06-26 16:58:55,848 INFO utils.complier: analyse  formula:[]
2026-06-26 16:58:55,848 INFO utils.complier: analyse  formula:[{'type': 'VARIABLE', 'value': '{{ISU.AP_PERF_INSTS_LDU}}'}]
2026-06-26 16:58:55,848 INFO utils.complier: analyse  formula:[]
2026-06-26 16:58:55,849 INFO utils.complier: analyse  formula:[{'type': 'VARIABLE', 'value': '{{ISU.AP_PERF_INST_BSM_RD}}'}]
2026-06-26 16:58:55,849 INFO utils.complier: analyse  formula:[]
2026-06-26 16:58:55,849 INFO utils.complier: analyse  formula:[{'type': 'VARIABLE', 'value': '{{ISU.AP_PERF_INST_BSM_WR}}'}]
2026-06-26 16:58:55,849 INFO utils.complier: analyse  formula:[]
2026-06-26 16:58:55,849 INFO utils.complier: analyse  formula:[{'type': 'VARIABLE', 'value': '{{VL1.p_total_read_instruction_event}}'}]
2026-06-26 16:58:55,849 INFO utils.complier: analyse  formula:[]
2026-06-26 16:58:55,849 INFO utils.complier: analyse  formula:[{'type': 'VARIABLE', 'value': '{{VL1.p_total_write_instruction_event}}'}]
2026-06-26 16:58:55,849 INFO utils.complier: analyse  formula:[]
2026-06-26 16:58:55,849 INFO utils.complier: analyse  formula:[{'type': 'VARIABLE', 'value': '{{VL1.p_perf_thread_req_cnt}}'}, {'type': 'VARIABLE', 'value': '{{VL1.p_perf_miss_cnt}}'}, {'type': 'VARIABLE', 'value': '{{VL1.p_perf_thread_req_cnt}}'}]
2026-06-26 16:58:55,849 INFO utils.complier: analyse  formula:[]
2026-06-26 16:58:55,849 INFO utils.complier: analyse  formula:[{'type': 'VARIABLE', 'value': '{{L2C.perf_rd_req}}'}]
2026-06-26 16:58:55,849 INFO utils.complier: analyse  formula:[]
2026-06-26 16:58:55,849 INFO utils.complier: analyse  formula:[{'type': 'VARIABLE', 'value': '{{L2C.perf_wr_req}}'}]
2026-06-26 16:58:55,850 INFO utils.complier: analyse  formula:[]
2026-06-26 16:58:55,850 INFO utils.complier: analyse  formula:[{'type': 'VARIABLE', 'value': '{{L2C.perf_hit}}'}, {'type': 'VARIABLE', 'value': '{{L2C.perf_sector_hit}}'}, {'type': 'VARIABLE', 'value': '{{L2C.perf_miss}}'}]
2026-06-26 16:58:55,850 INFO utils.complier: analyse  formula:[]
2026-06-26 16:58:55,850 INFO utils.complier: analyse  formula:[{'type': 'VARIABLE', 'value': '{{SL1.sl1_kcache_total_hit_event}}'}, {'type': 'VARIABLE', 'value': '{{SL1.sl1_kcache_total_hit_on_miss_event}}'}, {'type': 'VARIABLE', 'value': '{{SL1.sl1_kcache_total_miss_event}}'}]
2026-06-26 16:58:55,850 INFO utils.complier: analyse  formula:[]
2026-06-26 16:58:55,850 INFO utils.complier: analyse  formula:[{'type': 'VARIABLE', 'value': '{{SL1.sl1_kcache_rd}}'}]
2026-06-26 16:58:55,850 INFO utils.complier: analyse  formula:[]
2026-06-26 16:58:55,850 INFO utils.complier: analyse  formula:[{'type': 'VARIABLE', 'value': '{{SL1.sl1_kcache_l2_rd}}'}]
2026-06-26 16:58:55,850 INFO utils.complier: analyse  formula:[]
2026-06-26 16:58:55,851 INFO utils.complier: analyse  formula:[{'type': 'VARIABLE', 'value': '{{ISU.AP_PERF_INSTS_VALU}}'}, {'type': 'VARIABLE', 'value': '{{ISU.AP_PERF_INSTS_MMA}}'}, {'type': 'VARIABLE', 'value': '{{ISU.AP_PERF_INSTS_SALU}}'}, {'type': 'VARIABLE', 'value': '{{ISU.AP_PERF_INSTS_GVM}}'}, {'type': 'VARIABLE', 'value': '{{ISU.AP_PERF_INSTS_BSM}}'}, {'type': 'VARIABLE', 'value': '{{ISU.AP_PERF_INSTS_LDU}}'}, {'type': 'VARIABLE', 'value': '{{ISU.AP_PERF_INST_MISC}}'}]
2026-06-26 16:58:55,851 INFO utils.complier: analyse  formula:[]
2026-06-26 16:58:55,851 INFO common.api_common: f_var:ISU.AP_PERF_INST_PRIVATE_RD
2026-06-26 16:58:55,851 INFO common.api_common: f_var:RM.RM_PERF_DISPATCHED_WAVES_P0
2026-06-26 16:58:55,851 INFO common.api_common: f_var:VL1.perf_inflt_rd_req
2026-06-26 16:58:55,851 INFO common.api_common: f_var:ISU.AP_PERF_INST_MMA_FP16
2026-06-26 16:58:55,851 INFO common.api_common: f_var:ISU.AP_PERF_INSTS_LDU
2026-06-26 16:58:55,851 INFO common.api_common: f_var:VL1.p_perf_miss_cnt
2026-06-26 16:58:55,851 INFO common.api_common: f_var:L2C.perf_dnoc_rd_histogram_512_1K
2026-06-26 16:58:55,851 INFO common.api_common: f_var:ISU.AP_PERF_INST_TRANS_FP16
2026-06-26 16:58:55,851 INFO common.api_common: f_var:L2C.perf_dnoc_rd_histogram_256_511
2026-06-26 16:58:55,851 INFO common.api_common: f_var:ISU.AP_PERF_INST_MMA_BF16
2026-06-26 16:58:55,851 INFO common.api_common: f_var:RM.RM_PERF_WAVES_InFlight_Level_P1
2026-06-26 16:58:55,851 INFO common.api_common: f_var:VL1.p_stall_due_oldest_pt2
2026-06-26 16:58:55,851 INFO common.api_common: f_var:RM.RM_PERF_WAVES_InFlight_Level_P3
2026-06-26 16:58:55,851 INFO common.api_common: f_var:L2C.perf_dnoc_rdreq_32B
2026-06-26 16:58:55,851 INFO common.api_common: f_var:VLS.PERFEVENT_VLS_ACTIVE
2026-06-26 16:58:55,851 INFO common.api_common: f_var:ISU.AP_PERF_INST_MMA_INT8
2026-06-26 16:58:55,851 INFO common.api_common: f_var:ISU.AP_PERF_BSM_INFLIGHT_LEVEL
2026-06-26 16:58:55,851 INFO common.api_common: f_var:ISU.AP_PERF_ISU_ARB_VALU_STALL
2026-06-26 16:58:55,851 INFO common.api_common: f_var:ISU.AP_PERF_BSM_WR_CYCLES
2026-06-26 16:58:55,851 INFO common.api_common: f_var:RM.RM_PERF_WAVES_InFlight_Level_P2
2026-06-26 16:58:55,851 INFO common.api_common: f_var:ISU.AP_PERF_BSM_ATOMIC_INFLIGHT_LEVEL
2026-06-26 16:58:55,851 INFO common.api_common: f_var:CE.CE_PERF_BUSY_CYCLES
2026-06-26 16:58:55,851 INFO common.api_common: f_var:ISU.AP_PERF_WAVES
2026-06-26 16:58:55,851 INFO common.api_common: f_var:L2C.perf_wr_req
2026-06-26 16:58:55,851 INFO common.api_common: f_var:ISU.AP_PERF_INST_CYCLES_MMA_16CYCLES
2026-06-26 16:58:55,851 INFO common.api_common: f_var:ISU.AP_PERF_INSTS_GVM_ATOMIC
2026-06-26 16:58:55,851 INFO common.api_common: f_var:ISU.AP_PERF_INST_MMA_F32
2026-06-26 16:58:55,851 INFO common.api_common: f_var:VL1.p_total_read_instruction_event
2026-06-26 16:58:55,851 INFO common.api_common: f_var:ISU.AP_PERF_INST_GENERIC_WR
2026-06-26 16:58:55,851 INFO common.api_common: f_var:ISU.AP_PERF_INSTS_VALU
2026-06-26 16:58:55,851 INFO common.api_common: f_var:ISU.AP_PERF_INST_FMA_F32
2026-06-26 16:58:55,851 INFO common.api_common: f_var:L2C.perf_dnoc_wrreq_32B_low
2026-06-26 16:58:55,851 INFO common.api_common: f_var:ISU.AP_PERF_INST_CYCLES_VALU
2026-06-26 16:58:55,851 INFO common.api_common: f_var:ISU.AP_PERF_BSM_READ_INFLIGHT_LEVEL
2026-06-26 16:58:55,851 INFO common.api_common: f_var:L2C.perf_atomic_req
2026-06-26 16:58:55,851 INFO common.api_common: f_var:ISU.AP_PERF_INST_BSM_ATOMIC
2026-06-26 16:58:55,851 INFO common.api_common: f_var:ISU.AP_PERF_INST_MMA_TF64
2026-06-26 16:58:55,851 INFO common.api_common: f_var:L2C.1_b1
2026-06-26 16:58:55,851 INFO common.api_common: f_var:ISU.AP_PERF_ISU_AP_BUSY
2026-06-26 16:58:55,851 INFO common.api_common: f_var:RM.RM_PERF_DISPATCHED_WAVES_P1
2026-06-26 16:58:55,852 INFO common.api_common: f_var:ISU.AP_PERF_INSTS_SALU
2026-06-26 16:58:55,852 INFO common.api_common: f_var:VL1.p_stall_due_oldest_pt3
2026-06-26 16:58:55,852 INFO common.api_common: f_var:ISU.AP_PERF_INST_CYCLES_VALU_16CYCLES
2026-06-26 16:58:55,852 INFO common.api_common: f_var:L2C.perf_hit
2026-06-26 16:58:55,852 INFO common.api_common: f_var:L2C.perf_req
2026-06-26 16:58:55,852 INFO common.api_common: f_var:L2C.perf_dnoc_rd_histogram_1K_2K
2026-06-26 16:58:55,852 INFO common.api_common: f_var:SL1.sl1_kcache_l2_rd
2026-06-26 16:58:55,852 INFO common.api_common: f_var:CE.CE_PERF_SEND_RM_WORKGROUPS
2026-06-26 16:58:55,852 INFO common.api_common: f_var:ISU.AP_PERF_INST_GLOBAL_ATOMIC
2026-06-26 16:58:55,852 INFO common.api_common: f_var:SL1.sl1_kcache_total_hit_event
2026-06-26 16:58:55,852 INFO common.api_common: f_var:ISU.AP_PERF_BSM_WR_INFLIGHT_LEVEL
2026-06-26 16:58:55,852 INFO common.api_common: f_var:L2C.perf_sector_hit
2026-06-26 16:58:55,852 INFO common.api_common: f_var:L2C.perf_dnoc_rdreq_64B
2026-06-26 16:58:55,852 INFO common.api_common: f_var:ISU.AP_PERF_INST_FMA_F64
2026-06-26 16:58:55,852 INFO common.api_common: f_var:L2C.perf_miss
2026-06-26 16:58:55,852 INFO common.api_common: f_var:L2C.perf_rd_req
2026-06-26 16:58:55,852 INFO common.api_common: f_var:VL1.p_total_write_instruction_event
2026-06-26 16:58:55,852 INFO common.api_common: f_var:ISU.AP_PERF_MTE_PI_SEG_SEL_F64
2026-06-26 16:58:55,852 INFO common.api_common: f_var:ISU.AP_PERF_INST_MMA_F64
2026-06-26 16:58:55,852 INFO common.api_common: f_var:ISU.AP_PERF_INST_PRIVATE_WR
2026-06-26 16:58:55,852 INFO common.api_common: f_var:ISU.AP_PERF_ISU_ARB_DATA_STALL
2026-06-26 16:58:55,852 INFO common.api_common: f_var:ISU.AP_PERF_INST_GLOBAL_WR
2026-06-26 16:58:55,852 INFO common.api_common: f_var:ISU.AP_PERF_INST_CYCLES_MMA
2026-06-26 16:58:55,852 INFO common.api_common: f_var:L2C.perf_dnoc_rdreq
2026-06-26 16:58:55,852 INFO common.api_common: f_var:ISU.AP_PERF_BSM_INFLIGHT_LEVEL_IN_AP
2026-06-26 16:58:55,852 INFO common.api_common: f_var:SL1.sl1_kcache_total_miss_event
2026-06-26 16:58:55,852 INFO common.api_common: f_var:ISU.AP_PERF_INST_GLOBAL_RD
2026-06-26 16:58:55,852 INFO common.api_common: f_var:ISU.AP_PERF_ISU_ARB_VLS_STALL
2026-06-26 16:58:55,852 INFO common.api_common: f_var:L2C.perf_dnoc_rd_histogram_2K_INF
2026-06-26 16:58:55,852 INFO common.api_common: f_var:RM.RM_PERF_WAVES_InFlight_Level_P0
2026-06-26 16:58:55,852 INFO common.api_common: f_var:VL1.p_total_atomic_instruction_event
2026-06-26 16:58:55,852 INFO common.api_common: f_var:L2C.perf_dnoc_rdreq_inflight_level
2026-06-26 16:58:55,852 INFO common.api_common: f_var:L2C.perf_dnoc_wrreq
2026-06-26 16:58:55,852 INFO common.api_common: f_var:L2C.perf_dnoc_wrreq_64B
2026-06-26 16:58:55,852 INFO common.api_common: f_var:VL1.p_stall_due_oldest_pt0
2026-06-26 16:58:55,852 INFO common.api_common: f_var:ISU.AP_PERF_BSM_RD_CYCLES
2026-06-26 16:58:55,852 INFO common.api_common: f_var:ISU.AP_PERF_INST_CYCLES_VALU_4CYCLES
2026-06-26 16:58:55,852 INFO common.api_common: f_var:ISU.AP_PERF_ISU_ARB_WSM_STALL
2026-06-26 16:58:55,852 INFO common.api_common: f_var:ISU.AP_PERF_INST_GENERIC_RD
2026-06-26 16:58:55,852 INFO common.api_common: f_var:ISU.AP_PERF_INST_MISC
2026-06-26 16:58:55,852 INFO common.api_common: f_var:ISU.AP_PERF_INST_TRANS_FP32
2026-06-26 16:58:55,852 INFO common.api_common: f_var:ISU.AP_PERF_INST_GLOBAL_ATOMIC_64
2026-06-26 16:58:55,852 INFO common.api_common: f_var:L2C.perf_dnoc_wrreq_128B
2026-06-26 16:58:55,852 INFO common.api_common: f_var:CE.CE_PERF_SEND_RM_WAVES
2026-06-26 16:58:55,852 INFO common.api_common: f_var:L2C.perf_dnoc_rdreq_128B
2026-06-26 16:58:55,852 INFO common.api_common: f_var:ISU.AP_PERF_INST_BSM_RD
2026-06-26 16:58:55,852 INFO common.api_common: f_var:ISU.AP_PERF_INSTS_MMA
2026-06-26 16:58:55,852 INFO common.api_common: f_var:ISU.AP_PERF_INSTS_GVM
2026-06-26 16:58:55,852 INFO common.api_common: f_var:VL1.p_stall_due_oldest_pt1
2026-06-26 16:58:55,852 INFO common.api_common: f_var:L2C.perf_dnoc_rd_histogram_0_255
2026-06-26 16:58:55,852 INFO common.api_common: f_var:L2C.perf_dnoc_wrreq_32B_high
2026-06-26 16:58:55,852 INFO common.api_common: f_var:ISU.AP_PERF_BSM_ATOMIC_CYCLES
2026-06-26 16:58:55,852 INFO common.api_common: f_var:SL1.sl1_kcache_total_hit_on_miss_event
2026-06-26 16:58:55,852 INFO common.api_common: f_var:SL1.sl1_kcache_rd
2026-06-26 16:58:55,852 INFO common.api_common: f_var:RM.RM_PERF_DISPATCHED_WAVES_P2
2026-06-26 16:58:55,852 INFO common.api_common: f_var:ISU.AP_PERF_BSM_CONFLICT_CYCLES
2026-06-26 16:58:55,853 INFO common.api_common: f_var:VL1.p_perf_thread_req_cnt
2026-06-26 16:58:55,853 INFO common.api_common: f_var:ISU.AP_PERF_INST_MMA_TF32
2026-06-26 16:58:55,853 INFO common.api_common: f_var:ISU.AP_PERF_INST_CYCLES_MMA_32CYCLES
2026-06-26 16:58:55,853 INFO common.api_common: f_var:ISU.AP_PERF_INST_BSM_WR
2026-06-26 16:58:55,853 INFO common.api_common: f_var:ISU.AP_PERF_INSTS_BSM
2026-06-26 16:58:55,853 INFO common.api_common: f_var:RM.RM_PERF_DISPATCHED_WAVES_P3
2026-06-26 16:58:55,854 INFO tools.events_generator.batches_generator: output path is: /home/ailab/maca-vendor-workspace/maca_c_opt/workspace/head_compute_mix_bwd_run/profile-artifacts/head_compute_mix_bwd_v0_baseline/mcprofiler_raw_baseline
2026-06-26 16:58:55,854 INFO tools.events_generator.batches_generator: generate event_batch_1.json successfully!
2026-06-26 16:58:55,854 INFO tools.events_generator.batches_generator: generate event_batch_2.json successfully!
2026-06-26 16:58:55,854 INFO tools.events_generator.batches_generator: generate event_batch_3.json successfully!
2026-06-26 16:58:55,855 INFO tools.events_generator.batches_generator: generate event_batch_4.json successfully!
2026-06-26 16:58:55,855 INFO tools.events_generator.batches_generator: generate event_batch_5.json successfully!
2026-06-26 16:58:55,855 INFO tools.events_generator.batches_generator: generate event_batch_6.json successfully!
2026-06-26 16:58:55,855 INFO tools.events_generator.batches_generator: generate event_batch_7.json successfully!
2026-06-26 16:58:55,855 INFO tools.events_generator.batches_generator: generate event_batch_8.json successfully!
2026-06-26 16:58:55,856 INFO phttp.server_backend: generate batch files done
2026-06-26 16:58:55,856 INFO common.api_common: ret_code cmdline_str: rm -f /root/mcRpcPort.ini
2026-06-26 16:58:55,863 INFO common.api_common: ret_code cmdline_str: cp /home/ailab/maca-vendor-workspace/maca_c_opt/workspace/head_compute_mix_bwd_run/profile-artifacts/head_compute_mix_bwd_v0_baseline/mcprofiler_raw_baseline/event_batch_1.json /home/ailab/maca-vendor-workspace/maca_c_opt/workspace/head_compute_mix_bwd_run/profile-artifacts/head_compute_mix_bwd_v0_baseline/mcprofiler_raw_baseline/mcProfiler.json
2026-06-26 16:58:55,870 INFO common.api_common: ret_code cmdline_str: export MCTX_TARGET_INIT=true; export MACA_ETC_PATH=/home/ailab/maca-vendor-workspace/maca_c_opt/workspace/head_compute_mix_bwd_run/profile-artifacts/head_compute_mix_bwd_v0_baseline/mcprofiler_raw_baseline; export MXLOG_LEVEL=info; export MACA_PATH=/opt/maca/; export LD_LIBRARY_PATH=/opt/maca/lib/:${LD_LIBRARY_PATH}; ./test_maca 0 1 2
2026-06-26 16:58:55,870 INFO common.api_common: ret_code cmdline_str: cat /root/mcRpcPort.ini
2026-06-26 16:58:55,875 WARNING phttp.server_backend: get_srvrpc_port get rpc server ports failed: cannot retrieve rpc server port.
2026-06-26 16:58:56,076 INFO common.api_common: ret_code cmdline_str: cat /root/mcRpcPort.ini
2026-06-26 16:58:56,493 INFO common.api_common: ret_code cmdline_str: cat /root/mcRpcPort.ini
2026-06-26 16:58:56,496 INFO prpc_client.mctool_client: MctxStreamProfilerCountDataGet Start
2026-06-26 16:58:56,497 INFO prpc_client.mctool_client: MctxStreamProfilerCountDataGet Loop
2026-06-26 16:58:57,302 INFO common.api_common: ret_code cmdline_str: cat /root/mcRpcPort.ini
2026-06-26 16:58:58,911 INFO common.api_common: ret_code cmdline_str: cat /root/mcRpcPort.ini
2026-06-26 16:58:59,025 INFO prpc_client.mctool_client: MctxStreamProfilerCountDataGet Loop
2026-06-26 16:59:00,694 DEBUG urllib3.connectionpool: Starting new HTTP connection (1): 127.0.0.1:50123
2026-06-26 16:59:00,699 INFO werkzeug: 127.0.0.1 - - [26/Jun/2026 16:59:00] "GET /perf_progress?exec_id=cbc5b9a4-a672-48e2-a8ee-fcae5e264ab0 HTTP/1.1" 200 -
2026-06-26 16:59:00,699 DEBUG urllib3.connectionpool: http://127.0.0.1:50123 "GET /perf_progress?exec_id=cbc5b9a4-a672-48e2-a8ee-fcae5e264ab0 HTTP/1.1" 200 2521
2026-06-26 16:59:02,125 INFO common.api_common: ret_code cmdline_str: rm -f /root/mcRpcPort.ini
2026-06-26 16:59:02,132 INFO common.api_common: ret_code cmdline_str: cp /home/ailab/maca-vendor-workspace/maca_c_opt/workspace/head_compute_mix_bwd_run/profile-artifacts/head_compute_mix_bwd_v0_baseline/mcprofiler_raw_baseline/event_batch_2.json /home/ailab/maca-vendor-workspace/maca_c_opt/workspace/head_compute_mix_bwd_run/profile-artifacts/head_compute_mix_bwd_v0_baseline/mcprofiler_raw_baseline/mcProfiler.json
2026-06-26 16:59:02,140 INFO common.api_common: ret_code cmdline_str: export MCTX_TARGET_INIT=true; export MACA_ETC_PATH=/home/ailab/maca-vendor-workspace/maca_c_opt/workspace/head_compute_mix_bwd_run/profile-artifacts/head_compute_mix_bwd_v0_baseline/mcprofiler_raw_baseline; export MXLOG_LEVEL=info; export MACA_PATH=/opt/maca/; export LD_LIBRARY_PATH=/opt/maca/lib/:${LD_LIBRARY_PATH}; ./test_maca 0 1 2
2026-06-26 16:59:02,140 INFO common.api_common: ret_code cmdline_str: cat /root/mcRpcPort.ini
2026-06-26 16:59:02,148 WARNING phttp.server_backend: get_srvrpc_port get rpc server ports failed: cannot retrieve rpc server port.
2026-06-26 16:59:02,349 INFO common.api_common: ret_code cmdline_str: cat /root/mcRpcPort.ini
2026-06-26 16:59:02,759 INFO common.api_common: ret_code cmdline_str: cat /root/mcRpcPort.ini
2026-06-26 16:59:02,760 INFO prpc_client.mctool_client: MctxStreamProfilerCountDataGet Start
2026-06-26 16:59:02,763 INFO prpc_client.mctool_client: MctxStreamProfilerCountDataGet Loop
2026-06-26 16:59:03,568 INFO common.api_common: ret_code cmdline_str: cat /root/mcRpcPort.ini
2026-06-26 16:59:05,178 INFO common.api_common: ret_code cmdline_str: cat /root/mcRpcPort.ini
2026-06-26 16:59:05,290 INFO prpc_client.mctool_client: MctxStreamProfilerCountDataGet Loop
2026-06-26 16:59:05,704 DEBUG urllib3.connectionpool: Starting new HTTP connection (1): 127.0.0.1:50123
2026-06-26 16:59:05,709 INFO werkzeug: 127.0.0.1 - - [26/Jun/2026 16:59:05] "GET /perf_progress?exec_id=cbc5b9a4-a672-48e2-a8ee-fcae5e264ab0 HTTP/1.1" 200 -
2026-06-26 16:59:05,710 DEBUG urllib3.connectionpool: http://127.0.0.1:50123 "GET /perf_progress?exec_id=cbc5b9a4-a672-48e2-a8ee-fcae5e264ab0 HTTP/1.1" 200 2521
2026-06-26 16:59:08,391 INFO common.api_common: ret_code cmdline_str: rm -f /root/mcRpcPort.ini
2026-06-26 16:59:08,398 INFO common.api_common: ret_code cmdline_str: cp /home/ailab/maca-vendor-workspace/maca_c_opt/workspace/head_compute_mix_bwd_run/profile-artifacts/head_compute_mix_bwd_v0_baseline/mcprofiler_raw_baseline/event_batch_3.json /home/ailab/maca-vendor-workspace/maca_c_opt/workspace/head_compute_mix_bwd_run/profile-artifacts/head_compute_mix_bwd_v0_baseline/mcprofiler_raw_baseline/mcProfiler.json
2026-06-26 16:59:08,405 INFO common.api_common: ret_code cmdline_str: export MCTX_TARGET_INIT=true; export MACA_ETC_PATH=/home/ailab/maca-vendor-workspace/maca_c_opt/workspace/head_compute_mix_bwd_run/profile-artifacts/head_compute_mix_bwd_v0_baseline/mcprofiler_raw_baseline; export MXLOG_LEVEL=info; export MACA_PATH=/opt/maca/; export LD_LIBRARY_PATH=/opt/maca/lib/:${LD_LIBRARY_PATH}; ./test_maca 0 1 2
2026-06-26 16:59:08,406 INFO common.api_common: ret_code cmdline_str: cat /root/mcRpcPort.ini
2026-06-26 16:59:08,411 WARNING phttp.server_backend: get_srvrpc_port get rpc server ports failed: cannot retrieve rpc server port.
2026-06-26 16:59:08,612 INFO common.api_common: ret_code cmdline_str: cat /root/mcRpcPort.ini
2026-06-26 16:59:09,023 INFO common.api_common: ret_code cmdline_str: cat /root/mcRpcPort.ini
2026-06-26 16:59:09,024 INFO prpc_client.mctool_client: MctxStreamProfilerCountDataGet Start
2026-06-26 16:59:09,027 INFO prpc_client.mctool_client: MctxStreamProfilerCountDataGet Loop
2026-06-26 16:59:09,832 INFO common.api_common: ret_code cmdline_str: cat /root/mcRpcPort.ini
2026-06-26 16:59:10,717 DEBUG urllib3.connectionpool: Starting new HTTP connection (1): 127.0.0.1:50123
2026-06-26 16:59:10,723 INFO werkzeug: 127.0.0.1 - - [26/Jun/2026 16:59:10] "GET /perf_progress?exec_id=cbc5b9a4-a672-48e2-a8ee-fcae5e264ab0 HTTP/1.1" 200 -
2026-06-26 16:59:10,723 DEBUG urllib3.connectionpool: http://127.0.0.1:50123 "GET /perf_progress?exec_id=cbc5b9a4-a672-48e2-a8ee-fcae5e264ab0 HTTP/1.1" 200 9960
2026-06-26 16:59:11,442 INFO common.api_common: ret_code cmdline_str: cat /root/mcRpcPort.ini
2026-06-26 16:59:11,564 INFO prpc_client.mctool_client: MctxStreamProfilerCountDataGet Loop
2026-06-26 16:59:14,654 INFO common.api_common: ret_code cmdline_str: rm -f /root/mcRpcPort.ini
2026-06-26 16:59:14,662 INFO common.api_common: ret_code cmdline_str: cp /home/ailab/maca-vendor-workspace/maca_c_opt/workspace/head_compute_mix_bwd_run/profile-artifacts/head_compute_mix_bwd_v0_baseline/mcprofiler_raw_baseline/event_batch_4.json /home/ailab/maca-vendor-workspace/maca_c_opt/workspace/head_compute_mix_bwd_run/profile-artifacts/head_compute_mix_bwd_v0_baseline/mcprofiler_raw_baseline/mcProfiler.json
2026-06-26 16:59:14,669 INFO common.api_common: ret_code cmdline_str: export MCTX_TARGET_INIT=true; export MACA_ETC_PATH=/home/ailab/maca-vendor-workspace/maca_c_opt/workspace/head_compute_mix_bwd_run/profile-artifacts/head_compute_mix_bwd_v0_baseline/mcprofiler_raw_baseline; export MXLOG_LEVEL=info; export MACA_PATH=/opt/maca/; export LD_LIBRARY_PATH=/opt/maca/lib/:${LD_LIBRARY_PATH}; ./test_maca 0 1 2
2026-06-26 16:59:14,669 INFO common.api_common: ret_code cmdline_str: cat /root/mcRpcPort.ini
2026-06-26 16:59:14,675 WARNING phttp.server_backend: get_srvrpc_port get rpc server ports failed: cannot retrieve rpc server port.
2026-06-26 16:59:14,876 INFO common.api_common: ret_code cmdline_str: cat /root/mcRpcPort.ini
2026-06-26 16:59:15,286 INFO common.api_common: ret_code cmdline_str: cat /root/mcRpcPort.ini
2026-06-26 16:59:15,287 INFO prpc_client.mctool_client: MctxStreamProfilerCountDataGet Start
2026-06-26 16:59:15,287 INFO prpc_client.mctool_client: MctxStreamProfilerCountDataGet Loop
2026-06-26 16:59:15,731 DEBUG urllib3.connectionpool: Starting new HTTP connection (1): 127.0.0.1:50123
2026-06-26 16:59:15,736 INFO werkzeug: 127.0.0.1 - - [26/Jun/2026 16:59:15] "GET /perf_progress?exec_id=cbc5b9a4-a672-48e2-a8ee-fcae5e264ab0 HTTP/1.1" 200 -
2026-06-26 16:59:15,737 DEBUG urllib3.connectionpool: http://127.0.0.1:50123 "GET /perf_progress?exec_id=cbc5b9a4-a672-48e2-a8ee-fcae5e264ab0 HTTP/1.1" 200 9960
2026-06-26 16:59:16,095 INFO common.api_common: ret_code cmdline_str: cat /root/mcRpcPort.ini
2026-06-26 16:59:17,705 INFO common.api_common: ret_code cmdline_str: cat /root/mcRpcPort.ini
2026-06-26 16:59:17,827 INFO prpc_client.mctool_client: MctxStreamProfilerCountDataGet Loop
2026-06-26 16:59:20,744 DEBUG urllib3.connectionpool: Starting new HTTP connection (1): 127.0.0.1:50123
2026-06-26 16:59:20,750 INFO werkzeug: 127.0.0.1 - - [26/Jun/2026 16:59:20] "GET /perf_progress?exec_id=cbc5b9a4-a672-48e2-a8ee-fcae5e264ab0 HTTP/1.1" 200 -
2026-06-26 16:59:20,750 DEBUG urllib3.connectionpool: http://127.0.0.1:50123 "GET /perf_progress?exec_id=cbc5b9a4-a672-48e2-a8ee-fcae5e264ab0 HTTP/1.1" 200 9960
2026-06-26 16:59:20,917 INFO common.api_common: ret_code cmdline_str: rm -f /root/mcRpcPort.ini
2026-06-26 16:59:20,925 INFO common.api_common: ret_code cmdline_str: cp /home/ailab/maca-vendor-workspace/maca_c_opt/workspace/head_compute_mix_bwd_run/profile-artifacts/head_compute_mix_bwd_v0_baseline/mcprofiler_raw_baseline/event_batch_5.json /home/ailab/maca-vendor-workspace/maca_c_opt/workspace/head_compute_mix_bwd_run/profile-artifacts/head_compute_mix_bwd_v0_baseline/mcprofiler_raw_baseline/mcProfiler.json
2026-06-26 16:59:20,932 INFO common.api_common: ret_code cmdline_str: export MCTX_TARGET_INIT=true; export MACA_ETC_PATH=/home/ailab/maca-vendor-workspace/maca_c_opt/workspace/head_compute_mix_bwd_run/profile-artifacts/head_compute_mix_bwd_v0_baseline/mcprofiler_raw_baseline; export MXLOG_LEVEL=info; export MACA_PATH=/opt/maca/; export LD_LIBRARY_PATH=/opt/maca/lib/:${LD_LIBRARY_PATH}; ./test_maca 0 1 2
2026-06-26 16:59:20,932 INFO common.api_common: ret_code cmdline_str: cat /root/mcRpcPort.ini
2026-06-26 16:59:20,940 WARNING phttp.server_backend: get_srvrpc_port get rpc server ports failed: cannot retrieve rpc server port.
2026-06-26 16:59:21,141 INFO common.api_common: ret_code cmdline_str: cat /root/mcRpcPort.ini
2026-06-26 16:59:21,552 INFO common.api_common: ret_code cmdline_str: cat /root/mcRpcPort.ini
2026-06-26 16:59:21,552 INFO prpc_client.mctool_client: MctxStreamProfilerCountDataGet Start
2026-06-26 16:59:21,556 INFO prpc_client.mctool_client: MctxStreamProfilerCountDataGet Loop
2026-06-26 16:59:22,360 INFO common.api_common: ret_code cmdline_str: cat /root/mcRpcPort.ini
2026-06-26 16:59:23,970 INFO common.api_common: ret_code cmdline_str: cat /root/mcRpcPort.ini
2026-06-26 16:59:24,093 INFO prpc_client.mctool_client: MctxStreamProfilerCountDataGet Loop
2026-06-26 16:59:25,758 DEBUG urllib3.connectionpool: Starting new HTTP connection (1): 127.0.0.1:50123
2026-06-26 16:59:25,763 INFO werkzeug: 127.0.0.1 - - [26/Jun/2026 16:59:25] "GET /perf_progress?exec_id=cbc5b9a4-a672-48e2-a8ee-fcae5e264ab0 HTTP/1.1" 200 -
2026-06-26 16:59:25,763 DEBUG urllib3.connectionpool: http://127.0.0.1:50123 "GET /perf_progress?exec_id=cbc5b9a4-a672-48e2-a8ee-fcae5e264ab0 HTTP/1.1" 200 9960
2026-06-26 16:59:27,182 INFO common.api_common: ret_code cmdline_str: rm -f /root/mcRpcPort.ini
2026-06-26 16:59:27,190 INFO common.api_common: ret_code cmdline_str: cp /home/ailab/maca-vendor-workspace/maca_c_opt/workspace/head_compute_mix_bwd_run/profile-artifacts/head_compute_mix_bwd_v0_baseline/mcprofiler_raw_baseline/event_batch_6.json /home/ailab/maca-vendor-workspace/maca_c_opt/workspace/head_compute_mix_bwd_run/profile-artifacts/head_compute_mix_bwd_v0_baseline/mcprofiler_raw_baseline/mcProfiler.json
2026-06-26 16:59:27,197 INFO common.api_common: ret_code cmdline_str: export MCTX_TARGET_INIT=true; export MACA_ETC_PATH=/home/ailab/maca-vendor-workspace/maca_c_opt/workspace/head_compute_mix_bwd_run/profile-artifacts/head_compute_mix_bwd_v0_baseline/mcprofiler_raw_baseline; export MXLOG_LEVEL=info; export MACA_PATH=/opt/maca/; export LD_LIBRARY_PATH=/opt/maca/lib/:${LD_LIBRARY_PATH}; ./test_maca 0 1 2
2026-06-26 16:59:27,197 INFO common.api_common: ret_code cmdline_str: cat /root/mcRpcPort.ini
2026-06-26 16:59:27,203 WARNING phttp.server_backend: get_srvrpc_port get rpc server ports failed: cannot retrieve rpc server port.
2026-06-26 16:59:27,404 INFO common.api_common: ret_code cmdline_str: cat /root/mcRpcPort.ini
2026-06-26 16:59:27,815 INFO common.api_common: ret_code cmdline_str: cat /root/mcRpcPort.ini
2026-06-26 16:59:27,818 INFO prpc_client.mctool_client: MctxStreamProfilerCountDataGet Start
2026-06-26 16:59:27,819 INFO prpc_client.mctool_client: MctxStreamProfilerCountDataGet Loop
2026-06-26 16:59:28,624 INFO common.api_common: ret_code cmdline_str: cat /root/mcRpcPort.ini
2026-06-26 16:59:30,233 INFO common.api_common: ret_code cmdline_str: cat /root/mcRpcPort.ini
2026-06-26 16:59:30,356 INFO prpc_client.mctool_client: MctxStreamProfilerCountDataGet Loop
2026-06-26 16:59:30,771 DEBUG urllib3.connectionpool: Starting new HTTP connection (1): 127.0.0.1:50123
2026-06-26 16:59:30,776 INFO werkzeug: 127.0.0.1 - - [26/Jun/2026 16:59:30] "GET /perf_progress?exec_id=cbc5b9a4-a672-48e2-a8ee-fcae5e264ab0 HTTP/1.1" 200 -
2026-06-26 16:59:30,777 DEBUG urllib3.connectionpool: http://127.0.0.1:50123 "GET /perf_progress?exec_id=cbc5b9a4-a672-48e2-a8ee-fcae5e264ab0 HTTP/1.1" 200 9960
2026-06-26 16:59:33,446 INFO common.api_common: ret_code cmdline_str: rm -f /root/mcRpcPort.ini
2026-06-26 16:59:33,453 INFO common.api_common: ret_code cmdline_str: cp /home/ailab/maca-vendor-workspace/maca_c_opt/workspace/head_compute_mix_bwd_run/profile-artifacts/head_compute_mix_bwd_v0_baseline/mcprofiler_raw_baseline/event_batch_7.json /home/ailab/maca-vendor-workspace/maca_c_opt/workspace/head_compute_mix_bwd_run/profile-artifacts/head_compute_mix_bwd_v0_baseline/mcprofiler_raw_baseline/mcProfiler.json
2026-06-26 16:59:33,460 INFO common.api_common: ret_code cmdline_str: export MCTX_TARGET_INIT=true; export MACA_ETC_PATH=/home/ailab/maca-vendor-workspace/maca_c_opt/workspace/head_compute_mix_bwd_run/profile-artifacts/head_compute_mix_bwd_v0_baseline/mcprofiler_raw_baseline; export MXLOG_LEVEL=info; export MACA_PATH=/opt/maca/; export LD_LIBRARY_PATH=/opt/maca/lib/:${LD_LIBRARY_PATH}; ./test_maca 0 1 2
2026-06-26 16:59:33,460 INFO common.api_common: ret_code cmdline_str: cat /root/mcRpcPort.ini
2026-06-26 16:59:33,466 WARNING phttp.server_backend: get_srvrpc_port get rpc server ports failed: cannot retrieve rpc server port.
2026-06-26 16:59:33,667 INFO common.api_common: ret_code cmdline_str: cat /root/mcRpcPort.ini
2026-06-26 16:59:34,078 INFO common.api_common: ret_code cmdline_str: cat /root/mcRpcPort.ini
2026-06-26 16:59:34,078 INFO prpc_client.mctool_client: MctxStreamProfilerCountDataGet Start
2026-06-26 16:59:34,082 INFO prpc_client.mctool_client: MctxStreamProfilerCountDataGet Loop
2026-06-26 16:59:34,886 INFO common.api_common: ret_code cmdline_str: cat /root/mcRpcPort.ini
2026-06-26 16:59:35,785 DEBUG urllib3.connectionpool: Starting new HTTP connection (1): 127.0.0.1:50123
2026-06-26 16:59:35,790 INFO werkzeug: 127.0.0.1 - - [26/Jun/2026 16:59:35] "GET /perf_progress?exec_id=cbc5b9a4-a672-48e2-a8ee-fcae5e264ab0 HTTP/1.1" 200 -
2026-06-26 16:59:35,790 DEBUG urllib3.connectionpool: http://127.0.0.1:50123 "GET /perf_progress?exec_id=cbc5b9a4-a672-48e2-a8ee-fcae5e264ab0 HTTP/1.1" 200 9960
2026-06-26 16:59:36,496 INFO common.api_common: ret_code cmdline_str: cat /root/mcRpcPort.ini
2026-06-26 16:59:36,618 INFO prpc_client.mctool_client: MctxStreamProfilerCountDataGet Loop
2026-06-26 16:59:39,709 INFO common.api_common: ret_code cmdline_str: rm -f /root/mcRpcPort.ini
2026-06-26 16:59:39,716 INFO common.api_common: ret_code cmdline_str: cp /home/ailab/maca-vendor-workspace/maca_c_opt/workspace/head_compute_mix_bwd_run/profile-artifacts/head_compute_mix_bwd_v0_baseline/mcprofiler_raw_baseline/event_batch_8.json /home/ailab/maca-vendor-workspace/maca_c_opt/workspace/head_compute_mix_bwd_run/profile-artifacts/head_compute_mix_bwd_v0_baseline/mcprofiler_raw_baseline/mcProfiler.json
2026-06-26 16:59:39,724 INFO common.api_common: ret_code cmdline_str: export MCTX_TARGET_INIT=true; export MACA_ETC_PATH=/home/ailab/maca-vendor-workspace/maca_c_opt/workspace/head_compute_mix_bwd_run/profile-artifacts/head_compute_mix_bwd_v0_baseline/mcprofiler_raw_baseline; export MXLOG_LEVEL=info; export MACA_PATH=/opt/maca/; export LD_LIBRARY_PATH=/opt/maca/lib/:${LD_LIBRARY_PATH}; ./test_maca 0 1 2
2026-06-26 16:59:39,724 INFO common.api_common: ret_code cmdline_str: cat /root/mcRpcPort.ini
2026-06-26 16:59:39,731 WARNING phttp.server_backend: get_srvrpc_port get rpc server ports failed: cannot retrieve rpc server port.
2026-06-26 16:59:39,932 INFO common.api_common: ret_code cmdline_str: cat /root/mcRpcPort.ini
2026-06-26 16:59:40,343 INFO common.api_common: ret_code cmdline_str: cat /root/mcRpcPort.ini
2026-06-26 16:59:40,344 INFO prpc_client.mctool_client: MctxStreamProfilerCountDataGet Start
2026-06-26 16:59:40,347 INFO prpc_client.mctool_client: MctxStreamProfilerCountDataGet Loop
2026-06-26 16:59:40,798 DEBUG urllib3.connectionpool: Starting new HTTP connection (1): 127.0.0.1:50123
2026-06-26 16:59:40,803 INFO werkzeug: 127.0.0.1 - - [26/Jun/2026 16:59:40] "GET /perf_progress?exec_id=cbc5b9a4-a672-48e2-a8ee-fcae5e264ab0 HTTP/1.1" 200 -
2026-06-26 16:59:40,804 DEBUG urllib3.connectionpool: http://127.0.0.1:50123 "GET /perf_progress?exec_id=cbc5b9a4-a672-48e2-a8ee-fcae5e264ab0 HTTP/1.1" 200 9960
2026-06-26 16:59:41,152 INFO common.api_common: ret_code cmdline_str: cat /root/mcRpcPort.ini
2026-06-26 16:59:42,761 INFO common.api_common: ret_code cmdline_str: cat /root/mcRpcPort.ini
2026-06-26 16:59:42,871 INFO prpc_client.mctool_client: MctxStreamProfilerCountDataGet Loop
2026-06-26 16:59:45,811 DEBUG urllib3.connectionpool: Starting new HTTP connection (1): 127.0.0.1:50123
2026-06-26 16:59:45,817 INFO werkzeug: 127.0.0.1 - - [26/Jun/2026 16:59:45] "GET /perf_progress?exec_id=cbc5b9a4-a672-48e2-a8ee-fcae5e264ab0 HTTP/1.1" 200 -
2026-06-26 16:59:45,817 DEBUG urllib3.connectionpool: http://127.0.0.1:50123 "GET /perf_progress?exec_id=cbc5b9a4-a672-48e2-a8ee-fcae5e264ab0 HTTP/1.1" 200 9960
2026-06-26 16:59:46,006 INFO phttp.server_backend: profiling task cbc5b9a4-a672-48e2-a8ee-fcae5e264ab0
2026-06-26 16:59:46,007 INFO utils.complier: analyse  formula:[{'type': 'VARIABLE', 'value': '{{ISU.AP_PERF_INSTS_VALU}}'}, {'type': 'VARIABLE', 'value': '{{ISU.AP_PERF_INSTS_MMA}}'}, {'type': 'VARIABLE', 'value': '{{ISU.AP_PERF_INSTS_SALU}}'}, {'type': 'VARIABLE', 'value': '{{ISU.AP_PERF_INST_MISC}}'}]
2026-06-26 16:59:46,007 INFO utils.complier: analyse  formula:[]
2026-06-26 16:59:46,007 INFO utils.complier: analyse  formula:[]
2026-06-26 16:59:46,008 INFO utils.complier: analyse  formula:[{'type': 'PROC_VAR', 'value': '$RET'}]
2026-06-26 16:59:46,008 INFO utils.complier: analyse  formula:[]
2026-06-26 16:59:46,009 INFO utils.complier: analyse  formula:[{'type': 'VARIABLE', 'value': '{{ISU.AP_PERF_INSTS_VALU}}'}, {'type': 'VARIABLE', 'value': '{{ISU.AP_PERF_INSTS_MMA}}'}, {'type': 'VARIABLE', 'value': '{{ISU.AP_PERF_INSTS_SALU}}'}, {'type': 'VARIABLE', 'value': '{{ISU.AP_PERF_INST_MISC}}'}]
2026-06-26 16:59:46,009 INFO utils.complier: analyse  formula:[]
2026-06-26 16:59:46,010 INFO utils.complier: analyse  formula:[]
2026-06-26 16:59:46,010 INFO utils.complier: analyse  formula:[{'type': 'VARIABLE', 'value': '{{ISU.AP_PERF_INSTS_GVM}}'}, {'type': 'VARIABLE', 'value': '{{ISU.AP_PERF_INSTS_BSM}}'}, {'type': 'VARIABLE', 'value': '{{ISU.AP_PERF_INSTS_LDU}}'}]
2026-06-26 16:59:46,010 INFO utils.complier: analyse  formula:[]
2026-06-26 16:59:46,010 INFO utils.complier: analyse  formula:[]
2026-06-26 16:59:46,011 INFO utils.complier: analyse  formula:[{'type': 'PROC_VAR', 'value': '$RET'}]
2026-06-26 16:59:46,011 INFO utils.complier: analyse  formula:[]
2026-06-26 16:59:46,011 INFO utils.complier: analyse  formula:[{'type': 'VARIABLE', 'value': '{{ISU.AP_PERF_INSTS_GVM}}'}, {'type': 'VARIABLE', 'value': '{{ISU.AP_PERF_INSTS_BSM}}'}, {'type': 'VARIABLE', 'value': '{{ISU.AP_PERF_INSTS_LDU}}'}]
2026-06-26 16:59:46,012 INFO utils.complier: analyse  formula:[]
2026-06-26 16:59:46,013 INFO utils.complier: analyse  formula:[]
2026-06-26 16:59:46,013 INFO utils.complier: analyse  formula:[]
2026-06-26 16:59:46,013 INFO utils.complier: analyse  formula:[{'type': 'UMD_VARIABLE', 'value': '{TRACER.dur}'}]
2026-06-26 16:59:46,013 INFO utils.complier: analyse  formula:[]
2026-06-26 16:59:46,013 ERROR utils.pc_base: get_varvalues failed: 'TRACER'
2026-06-26 16:59:46,013 ERROR utils.pc_base: cannot calculate: 'TRACER'
2026-06-26 16:59:46,013 INFO utils.complier: analyse  formula:[{'type': 'VARIABLE', 'value': '{{ISU.AP_PERF_ISU_AP_BUSY}}'}]
2026-06-26 16:59:46,014 INFO utils.complier: analyse  formula:[{'type': 'UMD_VARIABLE', 'value': '{TRACER.dur}'}]
2026-06-26 16:59:46,014 INFO utils.complier: analyse  formula:[]
2026-06-26 16:59:46,014 ERROR utils.pc_base: get_varvalues failed: 'TRACER'
2026-06-26 16:59:46,014 ERROR utils.pc_base: cannot calculate: 'TRACER'
2026-06-26 16:59:46,014 INFO utils.complier: analyse  formula:[{'type': 'VARIABLE', 'value': '{{ISU.AP_PERF_INST_GLOBAL_RD}}'}]
2026-06-26 16:59:46,014 INFO utils.complier: analyse  formula:[]
2026-06-26 16:59:46,014 INFO utils.complier: analyse  formula:[]
2026-06-26 16:59:46,014 INFO utils.complier: analyse  formula:[{'type': 'PROC_VAR', 'value': '$RET'}]
2026-06-26 16:59:46,015 INFO utils.complier: analyse  formula:[]
2026-06-26 16:59:46,015 INFO utils.complier: analyse  formula:[{'type': 'VARIABLE', 'value': '{{ISU.AP_PERF_INST_GLOBAL_RD}}'}]
2026-06-26 16:59:46,015 INFO utils.complier: analyse  formula:[]
2026-06-26 16:59:46,015 INFO utils.complier: analyse  formula:[]
2026-06-26 16:59:46,015 INFO utils.complier: analyse  formula:[{'type': 'VARIABLE', 'value': '{{ISU.AP_PERF_INST_GLOBAL_WR}}'}]
2026-06-26 16:59:46,015 INFO utils.complier: analyse  formula:[]
2026-06-26 16:59:46,015 INFO utils.complier: analyse  formula:[]
2026-06-26 16:59:46,016 INFO utils.complier: analyse  formula:[{'type': 'PROC_VAR', 'value': '$RET'}]
2026-06-26 16:59:46,016 INFO utils.complier: analyse  formula:[]
2026-06-26 16:59:46,016 INFO utils.complier: analyse  formula:[{'type': 'VARIABLE', 'value': '{{ISU.AP_PERF_INST_GLOBAL_WR}}'}]
2026-06-26 16:59:46,016 INFO utils.complier: analyse  formula:[]
2026-06-26 16:59:46,016 INFO utils.complier: analyse  formula:[]
2026-06-26 16:59:46,016 INFO utils.complier: analyse  formula:[{'type': 'VARIABLE', 'value': '{{ISU.AP_PERF_INST_PRIVATE_RD}}'}]
2026-06-26 16:59:46,016 INFO utils.complier: analyse  formula:[]
2026-06-26 16:59:46,016 INFO utils.complier: analyse  formula:[]
2026-06-26 16:59:46,017 INFO utils.complier: analyse  formula:[{'type': 'PROC_VAR', 'value': '$RET'}]
2026-06-26 16:59:46,017 INFO utils.complier: analyse  formula:[]
2026-06-26 16:59:46,017 INFO utils.complier: analyse  formula:[{'type': 'VARIABLE', 'value': '{{ISU.AP_PERF_INST_PRIVATE_RD}}'}]
2026-06-26 16:59:46,017 INFO utils.complier: analyse  formula:[]
2026-06-26 16:59:46,017 INFO utils.complier: analyse  formula:[]
2026-06-26 16:59:46,017 INFO utils.complier: analyse  formula:[{'type': 'VARIABLE', 'value': '{{ISU.AP_PERF_INST_PRIVATE_WR}}'}]
2026-06-26 16:59:46,017 INFO utils.complier: analyse  formula:[]
2026-06-26 16:59:46,017 INFO utils.complier: analyse  formula:[]
2026-06-26 16:59:46,018 INFO utils.complier: analyse  formula:[{'type': 'PROC_VAR', 'value': '$RET'}]
2026-06-26 16:59:46,018 INFO utils.complier: analyse  formula:[]
2026-06-26 16:59:46,018 INFO utils.complier: analyse  formula:[{'type': 'VARIABLE', 'value': '{{ISU.AP_PERF_INST_PRIVATE_WR}}'}]
2026-06-26 16:59:46,018 INFO utils.complier: analyse  formula:[]
2026-06-26 16:59:46,018 INFO utils.complier: analyse  formula:[]
2026-06-26 16:59:46,018 INFO utils.complier: analyse  formula:[{'type': 'VARIABLE', 'value': '{{ISU.AP_PERF_INST_GENERIC_RD}}'}]
2026-06-26 16:59:46,018 INFO utils.complier: analyse  formula:[]
2026-06-26 16:59:46,019 INFO utils.complier: analyse  formula:[]
2026-06-26 16:59:46,019 INFO utils.complier: analyse  formula:[{'type': 'PROC_VAR', 'value': '$RET'}]
2026-06-26 16:59:46,019 INFO utils.complier: analyse  formula:[]
2026-06-26 16:59:46,019 INFO utils.complier: analyse  formula:[{'type': 'VARIABLE', 'value': '{{ISU.AP_PERF_INST_GENERIC_RD}}'}]
2026-06-26 16:59:46,020 INFO utils.complier: analyse  formula:[]
2026-06-26 16:59:46,020 INFO utils.complier: analyse  formula:[]
2026-06-26 16:59:46,020 INFO utils.complier: analyse  formula:[{'type': 'VARIABLE', 'value': '{{ISU.AP_PERF_INST_GENERIC_WR}}'}]
2026-06-26 16:59:46,020 INFO utils.complier: analyse  formula:[]
2026-06-26 16:59:46,020 INFO utils.complier: analyse  formula:[]
2026-06-26 16:59:46,021 INFO utils.complier: analyse  formula:[{'type': 'PROC_VAR', 'value': '$RET'}]
2026-06-26 16:59:46,021 INFO utils.complier: analyse  formula:[]
2026-06-26 16:59:46,021 INFO utils.complier: analyse  formula:[{'type': 'VARIABLE', 'value': '{{ISU.AP_PERF_INST_GENERIC_WR}}'}]
2026-06-26 16:59:46,021 INFO utils.complier: analyse  formula:[]
2026-06-26 16:59:46,021 INFO utils.complier: analyse  formula:[]
2026-06-26 16:59:46,021 INFO utils.complier: analyse  formula:[{'type': 'VARIABLE', 'value': '{{ISU.AP_PERF_INSTS_LDU}}'}]
2026-06-26 16:59:46,021 INFO utils.complier: analyse  formula:[]
2026-06-26 16:59:46,022 INFO utils.complier: analyse  formula:[]
2026-06-26 16:59:46,022 INFO utils.complier: analyse  formula:[{'type': 'PROC_VAR', 'value': '$RET'}]
2026-06-26 16:59:46,022 INFO utils.complier: analyse  formula:[]
2026-06-26 16:59:46,022 INFO utils.complier: analyse  formula:[{'type': 'VARIABLE', 'value': '{{ISU.AP_PERF_INSTS_LDU}}'}]
2026-06-26 16:59:46,022 INFO utils.complier: analyse  formula:[]
2026-06-26 16:59:46,022 INFO utils.complier: analyse  formula:[]
2026-06-26 16:59:46,022 INFO utils.complier: analyse  formula:[{'type': 'VARIABLE', 'value': '{{ISU.AP_PERF_INST_BSM_RD}}'}]
2026-06-26 16:59:46,023 INFO utils.complier: analyse  formula:[]
2026-06-26 16:59:46,023 INFO utils.complier: analyse  formula:[]
2026-06-26 16:59:46,023 INFO utils.complier: analyse  formula:[{'type': 'PROC_VAR', 'value': '$RET'}]
2026-06-26 16:59:46,023 INFO utils.complier: analyse  formula:[]
2026-06-26 16:59:46,023 INFO utils.complier: analyse  formula:[{'type': 'VARIABLE', 'value': '{{ISU.AP_PERF_INST_BSM_RD}}'}]
2026-06-26 16:59:46,023 INFO utils.complier: analyse  formula:[]
2026-06-26 16:59:46,023 INFO utils.complier: analyse  formula:[]
2026-06-26 16:59:46,024 INFO utils.complier: analyse  formula:[{'type': 'VARIABLE', 'value': '{{ISU.AP_PERF_INST_BSM_WR}}'}]
2026-06-26 16:59:46,024 INFO utils.complier: analyse  formula:[]
2026-06-26 16:59:46,024 INFO utils.complier: analyse  formula:[]
2026-06-26 16:59:46,024 INFO utils.complier: analyse  formula:[{'type': 'PROC_VAR', 'value': '$RET'}]
2026-06-26 16:59:46,024 INFO utils.complier: analyse  formula:[]
2026-06-26 16:59:46,024 INFO utils.complier: analyse  formula:[{'type': 'VARIABLE', 'value': '{{ISU.AP_PERF_INST_BSM_WR}}'}]
2026-06-26 16:59:46,024 INFO utils.complier: analyse  formula:[]
2026-06-26 16:59:46,025 INFO utils.complier: analyse  formula:[]
2026-06-26 16:59:46,025 INFO utils.complier: analyse  formula:[{'type': 'VARIABLE', 'value': '{{VL1.p_total_read_instruction_event}}'}]
2026-06-26 16:59:46,025 INFO utils.complier: analyse  formula:[]
2026-06-26 16:59:46,025 INFO utils.complier: analyse  formula:[]
2026-06-26 16:59:46,025 INFO utils.complier: analyse  formula:[{'type': 'PROC_VAR', 'value': '$RET'}]
2026-06-26 16:59:46,025 INFO utils.complier: analyse  formula:[]
2026-06-26 16:59:46,025 INFO utils.complier: analyse  formula:[{'type': 'VARIABLE', 'value': '{{VL1.p_total_read_instruction_event}}'}]
2026-06-26 16:59:46,025 INFO utils.complier: analyse  formula:[]
2026-06-26 16:59:46,026 INFO utils.complier: analyse  formula:[]
2026-06-26 16:59:46,026 INFO utils.complier: analyse  formula:[{'type': 'VARIABLE', 'value': '{{VL1.p_total_write_instruction_event}}'}]
2026-06-26 16:59:46,026 INFO utils.complier: analyse  formula:[]
2026-06-26 16:59:46,026 INFO utils.complier: analyse  formula:[]
2026-06-26 16:59:46,026 INFO utils.complier: analyse  formula:[{'type': 'PROC_VAR', 'value': '$RET'}]
2026-06-26 16:59:46,026 INFO utils.complier: analyse  formula:[]
2026-06-26 16:59:46,026 INFO utils.complier: analyse  formula:[{'type': 'VARIABLE', 'value': '{{VL1.p_total_write_instruction_event}}'}]
2026-06-26 16:59:46,027 INFO utils.complier: analyse  formula:[]
2026-06-26 16:59:46,027 INFO utils.complier: analyse  formula:[]
2026-06-26 16:59:46,027 INFO utils.complier: analyse  formula:[{'type': 'VARIABLE', 'value': '{{VL1.p_perf_thread_req_cnt}}'}, {'type': 'VARIABLE', 'value': '{{VL1.p_perf_miss_cnt}}'}, {'type': 'VARIABLE', 'value': '{{VL1.p_perf_thread_req_cnt}}'}]
2026-06-26 16:59:46,027 INFO utils.complier: analyse  formula:[]
2026-06-26 16:59:46,028 INFO utils.complier: analyse  formula:[]
2026-06-26 16:59:46,029 INFO utils.complier: analyse  formula:[{'type': 'PROC_VAR', 'value': '$vl1hit'}, {'type': 'PROC_VAR', 'value': '$RET'}, {'type': 'PROC_VAR', 'value': '$vl1hit'}]
2026-06-26 16:59:46,029 INFO utils.complier: analyse  formula:[]
2026-06-26 16:59:46,030 INFO utils.complier: analyse  formula:[{'type': 'VARIABLE', 'value': '{{VL1.p_perf_thread_req_cnt}}'}, {'type': 'VARIABLE', 'value': '{{VL1.p_perf_miss_cnt}}'}, {'type': 'VARIABLE', 'value': '{{VL1.p_perf_thread_req_cnt}}'}]
2026-06-26 16:59:46,030 INFO utils.complier: analyse  formula:[]
2026-06-26 16:59:46,031 INFO utils.complier: analyse  formula:[]
2026-06-26 16:59:46,031 INFO utils.complier: analyse  formula:[{'type': 'VARIABLE', 'value': '{{L2C.perf_rd_req}}'}]
2026-06-26 16:59:46,031 INFO utils.complier: analyse  formula:[]
2026-06-26 16:59:46,031 INFO utils.complier: analyse  formula:[]
2026-06-26 16:59:46,031 INFO utils.complier: analyse  formula:[{'type': 'PROC_VAR', 'value': '$RET'}]
2026-06-26 16:59:46,032 INFO utils.complier: analyse  formula:[]
2026-06-26 16:59:46,032 INFO utils.complier: analyse  formula:[{'type': 'VARIABLE', 'value': '{{L2C.perf_rd_req}}'}]
2026-06-26 16:59:46,032 INFO utils.complier: analyse  formula:[]
2026-06-26 16:59:46,032 INFO utils.complier: analyse  formula:[]
2026-06-26 16:59:46,032 INFO utils.complier: analyse  formula:[{'type': 'VARIABLE', 'value': '{{L2C.perf_wr_req}}'}]
2026-06-26 16:59:46,032 INFO utils.complier: analyse  formula:[]
2026-06-26 16:59:46,032 INFO utils.complier: analyse  formula:[]
2026-06-26 16:59:46,032 INFO utils.complier: analyse  formula:[{'type': 'PROC_VAR', 'value': '$RET'}]
2026-06-26 16:59:46,033 INFO utils.complier: analyse  formula:[]
2026-06-26 16:59:46,033 INFO utils.complier: analyse  formula:[{'type': 'VARIABLE', 'value': '{{L2C.perf_wr_req}}'}]
2026-06-26 16:59:46,033 INFO utils.complier: analyse  formula:[]
2026-06-26 16:59:46,033 INFO utils.complier: analyse  formula:[]
2026-06-26 16:59:46,033 INFO utils.complier: analyse  formula:[{'type': 'VARIABLE', 'value': '{{L2C.perf_hit}}'}, {'type': 'VARIABLE', 'value': '{{L2C.perf_sector_hit}}'}, {'type': 'VARIABLE', 'value': '{{L2C.perf_miss}}'}]
2026-06-26 16:59:46,033 INFO utils.complier: analyse  formula:[]
2026-06-26 16:59:46,034 INFO utils.complier: analyse  formula:[]
2026-06-26 16:59:46,034 INFO utils.complier: analyse  formula:[{'type': 'PROC_VAR', 'value': '$hit_events'}, {'type': 'PROC_VAR', 'value': '$RET'}, {'type': 'PROC_VAR', 'value': '$hit_events'}, {'type': 'PROC_VAR', 'value': '$hit_events'}]
2026-06-26 16:59:46,035 INFO utils.complier: analyse  formula:[]
2026-06-26 16:59:46,035 INFO utils.complier: analyse  formula:[{'type': 'VARIABLE', 'value': '{{L2C.perf_hit}}'}, {'type': 'VARIABLE', 'value': '{{L2C.perf_sector_hit}}'}, {'type': 'VARIABLE', 'value': '{{L2C.perf_miss}}'}]
2026-06-26 16:59:46,036 INFO utils.complier: analyse  formula:[]
2026-06-26 16:59:46,037 INFO utils.complier: analyse  formula:[]
2026-06-26 16:59:46,037 INFO utils.complier: analyse  formula:[{'type': 'VARIABLE', 'value': '{{SL1.sl1_kcache_total_hit_event}}'}, {'type': 'VARIABLE', 'value': '{{SL1.sl1_kcache_total_hit_on_miss_event}}'}, {'type': 'VARIABLE', 'value': '{{SL1.sl1_kcache_total_miss_event}}'}]
2026-06-26 16:59:46,037 INFO utils.complier: analyse  formula:[]
2026-06-26 16:59:46,037 INFO utils.complier: analyse  formula:[]
2026-06-26 16:59:46,038 INFO utils.complier: analyse  formula:[{'type': 'PROC_VAR', 'value': '$hit'}, {'type': 'PROC_VAR', 'value': '$RET'}, {'type': 'PROC_VAR', 'value': '$hit'}, {'type': 'PROC_VAR', 'value': '$hit'}]
2026-06-26 16:59:46,038 INFO utils.complier: analyse  formula:[]
2026-06-26 16:59:46,039 INFO utils.complier: analyse  formula:[{'type': 'VARIABLE', 'value': '{{SL1.sl1_kcache_total_hit_event}}'}, {'type': 'VARIABLE', 'value': '{{SL1.sl1_kcache_total_hit_on_miss_event}}'}, {'type': 'VARIABLE', 'value': '{{SL1.sl1_kcache_total_miss_event}}'}]
2026-06-26 16:59:46,039 INFO utils.complier: analyse  formula:[]
2026-06-26 16:59:46,040 INFO utils.complier: analyse  formula:[]
2026-06-26 16:59:46,040 INFO utils.complier: analyse  formula:[{'type': 'VARIABLE', 'value': '{{SL1.sl1_kcache_rd}}'}]
2026-06-26 16:59:46,040 INFO utils.complier: analyse  formula:[]
2026-06-26 16:59:46,040 INFO utils.complier: analyse  formula:[]
2026-06-26 16:59:46,040 INFO utils.complier: analyse  formula:[{'type': 'PROC_VAR', 'value': '$RET'}]
2026-06-26 16:59:46,041 INFO utils.complier: analyse  formula:[]
2026-06-26 16:59:46,041 INFO utils.complier: analyse  formula:[{'type': 'VARIABLE', 'value': '{{SL1.sl1_kcache_rd}}'}]
2026-06-26 16:59:46,041 INFO utils.complier: analyse  formula:[]
2026-06-26 16:59:46,041 INFO utils.complier: analyse  formula:[]
2026-06-26 16:59:46,041 INFO utils.complier: analyse  formula:[{'type': 'VARIABLE', 'value': '{{SL1.sl1_kcache_l2_rd}}'}]
2026-06-26 16:59:46,041 INFO utils.complier: analyse  formula:[]
2026-06-26 16:59:46,041 INFO utils.complier: analyse  formula:[]
2026-06-26 16:59:46,041 INFO utils.complier: analyse  formula:[{'type': 'PROC_VAR', 'value': '$RET'}]
2026-06-26 16:59:46,042 INFO utils.complier: analyse  formula:[]
2026-06-26 16:59:46,042 INFO utils.complier: analyse  formula:[{'type': 'VARIABLE', 'value': '{{SL1.sl1_kcache_l2_rd}}'}]
2026-06-26 16:59:46,042 INFO utils.complier: analyse  formula:[]
2026-06-26 16:59:46,042 INFO utils.complier: analyse  formula:[]
2026-06-26 16:59:46,042 INFO utils.complier: analyse  formula:[{'type': 'VARIABLE', 'value': '{{ISU.AP_PERF_INSTS_VALU}}'}, {'type': 'VARIABLE', 'value': '{{ISU.AP_PERF_INSTS_MMA}}'}, {'type': 'VARIABLE', 'value': '{{ISU.AP_PERF_INSTS_SALU}}'}, {'type': 'VARIABLE', 'value': '{{ISU.AP_PERF_INSTS_GVM}}'}, {'type': 'VARIABLE', 'value': '{{ISU.AP_PERF_INSTS_BSM}}'}, {'type': 'VARIABLE', 'value': '{{ISU.AP_PERF_INSTS_LDU}}'}, {'type': 'VARIABLE', 'value': '{{ISU.AP_PERF_INST_MISC}}'}]
2026-06-26 16:59:46,042 INFO utils.complier: analyse  formula:[]
2026-06-26 16:59:46,043 INFO utils.complier: analyse  formula:[]
2026-06-26 16:59:46,045 INFO utils.complier: analyse  formula:[{'type': 'PROC_VAR', 'value': '$RET'}]
2026-06-26 16:59:46,045 INFO utils.complier: analyse  formula:[]
2026-06-26 16:59:46,045 INFO utils.complier: analyse  formula:[{'type': 'VARIABLE', 'value': '{{ISU.AP_PERF_INSTS_VALU}}'}, {'type': 'VARIABLE', 'value': '{{ISU.AP_PERF_INSTS_MMA}}'}, {'type': 'VARIABLE', 'value': '{{ISU.AP_PERF_INSTS_SALU}}'}, {'type': 'VARIABLE', 'value': '{{ISU.AP_PERF_INSTS_GVM}}'}, {'type': 'VARIABLE', 'value': '{{ISU.AP_PERF_INSTS_BSM}}'}, {'type': 'VARIABLE', 'value': '{{ISU.AP_PERF_INSTS_LDU}}'}, {'type': 'VARIABLE', 'value': '{{ISU.AP_PERF_INST_MISC}}'}]
2026-06-26 16:59:46,046 INFO utils.complier: analyse  formula:[]
2026-06-26 16:59:46,047 INFO utils.complier: analyse  formula:[]
2026-06-26 16:59:46,047 INFO utils.complier: analyse  formula:[]
2026-06-26 16:59:46,047 INFO utils.complier: analyse  formula:[]
2026-06-26 16:59:46,047 INFO utils.complier: analyse  formula:[{'type': 'PRE_VAR', 'value': '@compute_instructions'}, {'type': 'PRE_VAR', 'value': '@memory_instructions'}]
2026-06-26 16:59:46,047 INFO utils.complier: analyse  formula:[{'type': 'PROC_VAR', 'value': '$RET'}]
2026-06-26 16:59:46,047 INFO utils.complier: analyse  formula:[]
2026-06-26 16:59:46,048 INFO utils.complier: analyse  formula:[]
2026-06-26 16:59:46,048 INFO utils.complier: analyse  formula:[{'type': 'PRE_VAR', 'value': '@compute_instructions'}, {'type': 'PRE_VAR', 'value': '@memory_instructions'}]
2026-06-26 16:59:46,048 INFO utils.complier: analyse  formula:[]
2026-06-26 16:59:46,048 INFO utils.complier: analyse  formula:[]
2026-06-26 16:59:46,048 INFO utils.complier: analyse  formula:[]
2026-06-26 16:59:46,048 INFO utils.complier: analyse  formula:[{'type': 'PRE_VAR', 'value': '@compute_instructions'}]
2026-06-26 16:59:46,048 INFO utils.complier: analyse  formula:[{'type': 'PROC_VAR', 'value': '$RET'}]
2026-06-26 16:59:46,048 INFO utils.complier: analyse  formula:[]
2026-06-26 16:59:46,048 INFO utils.complier: analyse  formula:[]
2026-06-26 16:59:46,048 INFO utils.complier: analyse  formula:[{'type': 'PRE_VAR', 'value': '@compute_instructions'}]
2026-06-26 16:59:46,049 INFO utils.complier: analyse  formula:[]
2026-06-26 16:59:46,049 INFO utils.complier: analyse  formula:[]
2026-06-26 16:59:46,049 INFO utils.complier: analyse  formula:[]
2026-06-26 16:59:46,049 INFO utils.complier: analyse  formula:[{'type': 'PRE_VAR', 'value': '@memory_instructions'}]
2026-06-26 16:59:46,049 INFO utils.complier: analyse  formula:[{'type': 'PROC_VAR', 'value': '$RET'}]
2026-06-26 16:59:46,049 INFO utils.complier: analyse  formula:[]
2026-06-26 16:59:46,049 INFO utils.complier: analyse  formula:[]
2026-06-26 16:59:46,049 INFO utils.complier: analyse  formula:[{'type': 'PRE_VAR', 'value': '@memory_instructions'}]
2026-06-26 16:59:46,049 INFO utils.complier: analyse  formula:[]
2026-06-26 16:59:46,049 INFO utils.complier: analyse  formula:[{'type': 'VARIABLE', 'value': '{{CE.CE_PERF_BUSY_CYCLES}}'}]
2026-06-26 16:59:46,050 INFO utils.complier: analyse  formula:[]
2026-06-26 16:59:46,050 INFO utils.complier: analyse  formula:[]
2026-06-26 16:59:46,050 INFO utils.complier: analyse  formula:[{'type': 'PROC_VAR', 'value': '$RET'}]
2026-06-26 16:59:46,050 INFO utils.complier: analyse  formula:[]
2026-06-26 16:59:46,050 INFO utils.complier: analyse  formula:[{'type': 'VARIABLE', 'value': '{{CE.CE_PERF_BUSY_CYCLES}}'}]
2026-06-26 16:59:46,050 INFO utils.complier: analyse  formula:[]
2026-06-26 16:59:46,050 INFO utils.complier: analyse  formula:[]
2026-06-26 16:59:46,051 INFO utils.complier: analyse  formula:[{'type': 'VARIABLE', 'value': '{{L2C.perf_dnoc_rdreq_32B}}'}, {'type': 'VARIABLE', 'value': '{{L2C.perf_dnoc_rdreq_64B}}'}, {'type': 'VARIABLE', 'value': '{{L2C.perf_dnoc_rdreq_128B}}'}, {'type': 'VARIABLE', 'value': '{{L2C.perf_dnoc_wrreq_32B_low}}'}, {'type': 'VARIABLE', 'value': '{{L2C.perf_dnoc_wrreq_32B_high}}'}, {'type': 'VARIABLE', 'value': '{{L2C.perf_dnoc_wrreq_64B}}'}, {'type': 'VARIABLE', 'value': '{{L2C.perf_dnoc_wrreq_128B}}'}, {'type': 'VARIABLE', 'value': '{{ISU.AP_PERF_ISU_AP_BUSY}}'}]
2026-06-26 16:59:46,051 INFO utils.complier: analyse  formula:[]
2026-06-26 16:59:46,051 INFO utils.complier: analyse  formula:[]
2026-06-26 16:59:46,052 INFO utils.complier: analyse  formula:[{'type': 'PROC_VAR', 'value': '$ma'}, {'type': 'PROC_VAR', 'value': '$RET'}, {'type': 'PROC_VAR', 'value': '$ma'}]
2026-06-26 16:59:46,053 INFO utils.complier: analyse  formula:[]
2026-06-26 16:59:46,054 INFO utils.complier: analyse  formula:[{'type': 'VARIABLE', 'value': '{{L2C.perf_dnoc_rdreq_32B}}'}, {'type': 'VARIABLE', 'value': '{{L2C.perf_dnoc_rdreq_64B}}'}, {'type': 'VARIABLE', 'value': '{{L2C.perf_dnoc_rdreq_128B}}'}, {'type': 'VARIABLE', 'value': '{{L2C.perf_dnoc_wrreq_32B_low}}'}, {'type': 'VARIABLE', 'value': '{{L2C.perf_dnoc_wrreq_32B_high}}'}, {'type': 'VARIABLE', 'value': '{{L2C.perf_dnoc_wrreq_64B}}'}, {'type': 'VARIABLE', 'value': '{{L2C.perf_dnoc_wrreq_128B}}'}, {'type': 'VARIABLE', 'value': '{{ISU.AP_PERF_ISU_AP_BUSY}}'}]
2026-06-26 16:59:46,055 INFO utils.complier: analyse  formula:[]
2026-06-26 16:59:46,056 INFO utils.complier: analyse  formula:[]
2026-06-26 16:59:46,056 INFO utils.complier: analyse  formula:[{'type': 'VARIABLE', 'value': '{{ISU.AP_PERF_ISU_AP_BUSY}}'}]
2026-06-26 16:59:46,056 INFO utils.complier: analyse  formula:[]
2026-06-26 16:59:46,057 INFO utils.complier: analyse  formula:[]
2026-06-26 16:59:46,057 INFO utils.complier: analyse  formula:[{'type': 'PROC_VAR', 'value': '$valid_ap_busy'}, {'type': 'PROC_VAR', 'value': '$RET'}, {'type': 'PROC_VAR', 'value': '$valid_ap_busy'}, {'type': 'PROC_VAR', 'value': '$valid_ap_busy'}]
2026-06-26 16:59:46,058 INFO utils.complier: analyse  formula:[]
2026-06-26 16:59:46,059 INFO utils.complier: analyse  formula:[{'type': 'VARIABLE', 'value': '{{ISU.AP_PERF_ISU_AP_BUSY}}'}]
2026-06-26 16:59:46,060 INFO utils.complier: analyse  formula:[]
2026-06-26 16:59:46,060 INFO utils.complier: analyse  formula:[]
2026-06-26 16:59:46,061 INFO utils.complier: analyse  formula:[{'type': 'VARIABLE', 'value': '{{ISU.AP_PERF_ISU_AP_BUSY}}'}, {'type': 'VARIABLE', 'value': '{{CE.CE_PERF_BUSY_CYCLES}}'}]
2026-06-26 16:59:46,061 INFO utils.complier: analyse  formula:[]
2026-06-26 16:59:46,061 INFO utils.complier: analyse  formula:[]
2026-06-26 16:59:46,061 INFO utils.complier: analyse  formula:[{'type': 'PROC_VAR', 'value': '$RET'}]
2026-06-26 16:59:46,061 INFO utils.complier: analyse  formula:[]
2026-06-26 16:59:46,061 INFO utils.complier: analyse  formula:[{'type': 'VARIABLE', 'value': '{{ISU.AP_PERF_ISU_AP_BUSY}}'}, {'type': 'VARIABLE', 'value': '{{CE.CE_PERF_BUSY_CYCLES}}'}]
2026-06-26 16:59:46,062 INFO utils.complier: analyse  formula:[]
2026-06-26 16:59:46,062 INFO utils.complier: analyse  formula:[]
2026-06-26 16:59:46,062 INFO utils.complier: analyse  formula:[{'type': 'VARIABLE', 'value': '{{ISU.AP_PERF_INST_CYCLES_VALU}}'}, {'type': 'VARIABLE', 'value': '{{ISU.AP_PERF_INST_CYCLES_MMA}}'}, {'type': 'VARIABLE', 'value': '{{ISU.AP_PERF_ISU_AP_BUSY}}'}]
2026-06-26 16:59:46,062 INFO utils.complier: analyse  formula:[]
2026-06-26 16:59:46,062 INFO utils.complier: analyse  formula:[]
2026-06-26 16:59:46,063 INFO utils.complier: analyse  formula:[{'type': 'PROC_VAR', 'value': '$RET'}]
2026-06-26 16:59:46,063 INFO utils.complier: analyse  formula:[]
2026-06-26 16:59:46,064 INFO utils.complier: analyse  formula:[{'type': 'VARIABLE', 'value': '{{ISU.AP_PERF_INST_CYCLES_VALU}}'}, {'type': 'VARIABLE', 'value': '{{ISU.AP_PERF_INST_CYCLES_MMA}}'}, {'type': 'VARIABLE', 'value': '{{ISU.AP_PERF_ISU_AP_BUSY}}'}]
2026-06-26 16:59:46,064 INFO utils.complier: analyse  formula:[]
2026-06-26 16:59:46,064 INFO utils.complier: analyse  formula:[]
2026-06-26 16:59:46,065 INFO utils.complier: analyse  formula:[{'type': 'VARIABLE', 'value': '{{CE.CE_PERF_SEND_RM_WORKGROUPS}}'}]
2026-06-26 16:59:46,065 INFO utils.complier: analyse  formula:[]
2026-06-26 16:59:46,065 INFO utils.complier: analyse  formula:[]
2026-06-26 16:59:46,065 INFO utils.complier: analyse  formula:[{'type': 'PROC_VAR', 'value': '$RET'}]
2026-06-26 16:59:46,065 INFO utils.complier: analyse  formula:[]
2026-06-26 16:59:46,065 INFO utils.complier: analyse  formula:[{'type': 'VARIABLE', 'value': '{{CE.CE_PERF_SEND_RM_WORKGROUPS}}'}]
2026-06-26 16:59:46,065 INFO utils.complier: analyse  formula:[]
2026-06-26 16:59:46,065 INFO utils.complier: analyse  formula:[]
2026-06-26 16:59:46,065 INFO utils.complier: analyse  formula:[{'type': 'VARIABLE', 'value': '{{CE.CE_PERF_SEND_RM_WAVES}}'}]
2026-06-26 16:59:46,065 INFO utils.complier: analyse  formula:[]
2026-06-26 16:59:46,066 INFO utils.complier: analyse  formula:[]
2026-06-26 16:59:46,066 INFO utils.complier: analyse  formula:[{'type': 'PROC_VAR', 'value': '$RET'}]
2026-06-26 16:59:46,066 INFO utils.complier: analyse  formula:[]
2026-06-26 16:59:46,066 INFO utils.complier: analyse  formula:[{'type': 'VARIABLE', 'value': '{{CE.CE_PERF_SEND_RM_WAVES}}'}]
2026-06-26 16:59:46,066 INFO utils.complier: analyse  formula:[]
2026-06-26 16:59:46,066 INFO utils.complier: analyse  formula:[]
2026-06-26 16:59:46,066 INFO utils.complier: analyse  formula:[{'type': 'VARIABLE', 'value': '{{RM.RM_PERF_WAVES_InFlight_Level_P0}}'}, {'type': 'VARIABLE', 'value': '{{RM.RM_PERF_WAVES_InFlight_Level_P1}}'}, {'type': 'VARIABLE', 'value': '{{RM.RM_PERF_WAVES_InFlight_Level_P2}}'}, {'type': 'VARIABLE', 'value': '{{RM.RM_PERF_WAVES_InFlight_Level_P3}}'}, {'type': 'VARIABLE', 'value': '{{CE.CE_PERF_SEND_RM_WAVES}}'}]
2026-06-26 16:59:46,067 INFO utils.complier: analyse  formula:[]
2026-06-26 16:59:46,067 INFO utils.complier: analyse  formula:[]
2026-06-26 16:59:46,067 INFO utils.complier: analyse  formula:[{'type': 'PROC_VAR', 'value': '$RET'}]
2026-06-26 16:59:46,067 INFO utils.complier: analyse  formula:[]
2026-06-26 16:59:46,067 INFO utils.complier: analyse  formula:[{'type': 'VARIABLE', 'value': '{{RM.RM_PERF_WAVES_InFlight_Level_P0}}'}, {'type': 'VARIABLE', 'value': '{{RM.RM_PERF_WAVES_InFlight_Level_P1}}'}, {'type': 'VARIABLE', 'value': '{{RM.RM_PERF_WAVES_InFlight_Level_P2}}'}, {'type': 'VARIABLE', 'value': '{{RM.RM_PERF_WAVES_InFlight_Level_P3}}'}, {'type': 'VARIABLE', 'value': '{{CE.CE_PERF_SEND_RM_WAVES}}'}]
2026-06-26 16:59:46,068 INFO utils.complier: analyse  formula:[]
2026-06-26 16:59:46,069 INFO utils.complier: analyse  formula:[]
2026-06-26 16:59:46,069 INFO utils.complier: analyse  formula:[{'type': 'VARIABLE', 'value': '{{ISU.AP_PERF_INST_CYCLES_VALU_4CYCLES}}'}, {'type': 'VARIABLE', 'value': '{{ISU.AP_PERF_INST_CYCLES_VALU_16CYCLES}}'}, {'type': 'VARIABLE', 'value': '{{ISU.AP_PERF_INST_CYCLES_MMA_16CYCLES}}'}, {'type': 'VARIABLE', 'value': '{{ISU.AP_PERF_INST_CYCLES_MMA_32CYCLES}}'}]
2026-06-26 16:59:46,070 INFO utils.complier: analyse  formula:[]
2026-06-26 16:59:46,071 INFO utils.complier: analyse  formula:[]
2026-06-26 16:59:46,073 INFO utils.complier: analyse  formula:[{'type': 'PROC_VAR', 'value': '$valu_4'}, {'type': 'PROC_VAR', 'value': '$valu_16'}, {'type': 'PROC_VAR', 'value': '$mma_16'}, {'type': 'PROC_VAR', 'value': '$mma_32'}, {'type': 'PROC_VAR', 'value': '$RET'}, {'type': 'PROC_VAR', 'value': '$valu_4'}, {'type': 'PROC_VAR', 'value': '$valu_16'}, {'type': 'PROC_VAR', 'value': '$mma_16'}, {'type': 'PROC_VAR', 'value': '$mma_32'}]
2026-06-26 16:59:46,074 INFO utils.complier: analyse  formula:[]
2026-06-26 16:59:46,076 INFO utils.complier: analyse  formula:[{'type': 'VARIABLE', 'value': '{{ISU.AP_PERF_INST_CYCLES_VALU_4CYCLES}}'}, {'type': 'VARIABLE', 'value': '{{ISU.AP_PERF_INST_CYCLES_VALU_16CYCLES}}'}, {'type': 'VARIABLE', 'value': '{{ISU.AP_PERF_INST_CYCLES_MMA_16CYCLES}}'}, {'type': 'VARIABLE', 'value': '{{ISU.AP_PERF_INST_CYCLES_MMA_32CYCLES}}'}]
2026-06-26 16:59:46,078 INFO utils.complier: analyse  formula:[]
2026-06-26 16:59:46,079 INFO utils.complier: analyse  formula:[]
2026-06-26 16:59:46,106 DEBUG matplotlib.font_manager: findfont: Matching sans\-serif:style=normal:variant=normal:weight=normal:stretch=normal:size=12.0.
2026-06-26 16:59:46,108 DEBUG matplotlib.font_manager: findfont: score(<Font 'STIXSizeThreeSym' (STIXSizThreeSymBol.ttf) normal normal 700 normal>) = 10.335
2026-06-26 16:59:46,108 DEBUG matplotlib.font_manager: findfont: score(<Font 'cmmi10' (cmmi10.ttf) normal normal 400 normal>) = 10.05
2026-06-26 16:59:46,108 DEBUG matplotlib.font_manager: findfont: score(<Font 'DejaVu Sans Display' (DejaVuSansDisplay.ttf) normal normal 400 normal>) = 10.05
2026-06-26 16:59:46,108 DEBUG matplotlib.font_manager: findfont: score(<Font 'DejaVu Serif' (DejaVuSerif-Italic.ttf) italic normal 400 normal>) = 11.05
2026-06-26 16:59:46,108 DEBUG matplotlib.font_manager: findfont: score(<Font 'STIXSizeFourSym' (STIXSizFourSymBol.ttf) normal normal 700 normal>) = 10.335
2026-06-26 16:59:46,108 DEBUG matplotlib.font_manager: findfont: score(<Font 'cmss10' (cmss10.ttf) normal normal 400 normal>) = 10.05
2026-06-26 16:59:46,108 DEBUG matplotlib.font_manager: findfont: score(<Font 'STIXNonUnicode' (STIXNonUniBolIta.ttf) italic normal 700 normal>) = 11.335
2026-06-26 16:59:46,108 DEBUG matplotlib.font_manager: findfont: score(<Font 'STIXGeneral' (STIXGeneralBol.ttf) normal normal 700 normal>) = 10.335
2026-06-26 16:59:46,108 DEBUG matplotlib.font_manager: findfont: score(<Font 'STIXNonUnicode' (STIXNonUni.ttf) normal normal 400 normal>) = 10.05
2026-06-26 16:59:46,108 DEBUG matplotlib.font_manager: findfont: score(<Font 'cmex10' (cmex10.ttf) normal normal 400 normal>) = 10.05
2026-06-26 16:59:46,108 DEBUG matplotlib.font_manager: findfont: score(<Font 'DejaVu Sans' (DejaVuSans-Oblique.ttf) oblique normal 400 normal>) = 1.05
2026-06-26 16:59:46,108 DEBUG matplotlib.font_manager: findfont: score(<Font 'STIXSizeOneSym' (STIXSizOneSymReg.ttf) normal normal 400 normal>) = 10.05
2026-06-26 16:59:46,108 DEBUG matplotlib.font_manager: findfont: score(<Font 'STIXSizeTwoSym' (STIXSizTwoSymBol.ttf) normal normal 700 normal>) = 10.335
2026-06-26 16:59:46,108 DEBUG matplotlib.font_manager: findfont: score(<Font 'STIXNonUnicode' (STIXNonUniIta.ttf) italic normal 400 normal>) = 11.05
2026-06-26 16:59:46,108 DEBUG matplotlib.font_manager: findfont: score(<Font 'STIXNonUnicode' (STIXNonUniBol.ttf) normal normal 700 normal>) = 10.335
2026-06-26 16:59:46,108 DEBUG matplotlib.font_manager: findfont: score(<Font 'cmb10' (cmb10.ttf) normal normal 400 normal>) = 10.05
2026-06-26 16:59:46,109 DEBUG matplotlib.font_manager: findfont: score(<Font 'STIXSizeFiveSym' (STIXSizFiveSymReg.ttf) normal normal 400 normal>) = 10.05
2026-06-26 16:59:46,109 DEBUG matplotlib.font_manager: findfont: score(<Font 'DejaVu Serif' (DejaVuSerif.ttf) normal normal 400 normal>) = 10.05
2026-06-26 16:59:46,109 DEBUG matplotlib.font_manager: findfont: score(<Font 'DejaVu Sans Mono' (DejaVuSansMono-Bold.ttf) normal normal 700 normal>) = 10.335
2026-06-26 16:59:46,109 DEBUG matplotlib.font_manager: findfont: score(<Font 'DejaVu Sans Mono' (DejaVuSansMono.ttf) normal normal 400 normal>) = 10.05
2026-06-26 16:59:46,109 DEBUG matplotlib.font_manager: findfont: score(<Font 'DejaVu Serif' (DejaVuSerif-BoldItalic.ttf) italic normal 700 normal>) = 11.335
2026-06-26 16:59:46,109 DEBUG matplotlib.font_manager: findfont: score(<Font 'STIXSizeOneSym' (STIXSizOneSymBol.ttf) normal normal 700 normal>) = 10.335
2026-06-26 16:59:46,109 DEBUG matplotlib.font_manager: findfont: score(<Font 'cmtt10' (cmtt10.ttf) normal normal 400 normal>) = 10.05
2026-06-26 16:59:46,109 DEBUG matplotlib.font_manager: findfont: score(<Font 'DejaVu Sans Mono' (DejaVuSansMono-Oblique.ttf) oblique normal 400 normal>) = 11.05
2026-06-26 16:59:46,109 DEBUG matplotlib.font_manager: findfont: score(<Font 'DejaVu Sans' (DejaVuSans-BoldOblique.ttf) oblique normal 700 normal>) = 1.335
2026-06-26 16:59:46,109 DEBUG matplotlib.font_manager: findfont: score(<Font 'DejaVu Sans' (DejaVuSans-Bold.ttf) normal normal 700 normal>) = 0.33499999999999996
2026-06-26 16:59:46,109 DEBUG matplotlib.font_manager: findfont: score(<Font 'STIXSizeFourSym' (STIXSizFourSymReg.ttf) normal normal 400 normal>) = 10.05
2026-06-26 16:59:46,109 DEBUG matplotlib.font_manager: findfont: score(<Font 'STIXGeneral' (STIXGeneralBolIta.ttf) italic normal 700 normal>) = 11.335
2026-06-26 16:59:46,109 DEBUG matplotlib.font_manager: findfont: score(<Font 'STIXGeneral' (STIXGeneral.ttf) normal normal 400 normal>) = 10.05
2026-06-26 16:59:46,109 DEBUG matplotlib.font_manager: findfont: score(<Font 'cmsy10' (cmsy10.ttf) normal normal 400 normal>) = 10.05
2026-06-26 16:59:46,109 DEBUG matplotlib.font_manager: findfont: score(<Font 'STIXSizeTwoSym' (STIXSizTwoSymReg.ttf) normal normal 400 normal>) = 10.05
2026-06-26 16:59:46,109 DEBUG matplotlib.font_manager: findfont: score(<Font 'STIXGeneral' (STIXGeneralItalic.ttf) italic normal 400 normal>) = 11.05
2026-06-26 16:59:46,109 DEBUG matplotlib.font_manager: findfont: score(<Font 'DejaVu Serif' (DejaVuSerif-Bold.ttf) normal normal 700 normal>) = 10.335
2026-06-26 16:59:46,109 DEBUG matplotlib.font_manager: findfont: score(<Font 'STIXSizeThreeSym' (STIXSizThreeSymReg.ttf) normal normal 400 normal>) = 10.05
2026-06-26 16:59:46,109 DEBUG matplotlib.font_manager: findfont: score(<Font 'cmr10' (cmr10.ttf) normal normal 400 normal>) = 10.05
2026-06-26 16:59:46,109 DEBUG matplotlib.font_manager: findfont: score(<Font 'DejaVu Sans Mono' (DejaVuSansMono-BoldOblique.ttf) oblique normal 700 normal>) = 11.335
2026-06-26 16:59:46,109 DEBUG matplotlib.font_manager: findfont: score(<Font 'DejaVu Sans' (DejaVuSans.ttf) normal normal 400 normal>) = 0.05
2026-06-26 16:59:46,109 DEBUG matplotlib.font_manager: findfont: score(<Font 'DejaVu Serif Display' (DejaVuSerifDisplay.ttf) normal normal 400 normal>) = 10.05
2026-06-26 16:59:46,109 DEBUG matplotlib.font_manager: findfont: score(<Font 'DejaVu Sans' (DejaVuSans.ttf) normal normal 400 normal>) = 0.05
2026-06-26 16:59:46,110 DEBUG matplotlib.font_manager: findfont: score(<Font 'DejaVu Sans Mono' (DejaVuSansMono.ttf) normal normal 400 normal>) = 10.05
2026-06-26 16:59:46,110 DEBUG matplotlib.font_manager: findfont: score(<Font 'DejaVu Serif' (DejaVuSerif-Bold.ttf) normal normal 700 normal>) = 10.335
2026-06-26 16:59:46,110 DEBUG matplotlib.font_manager: findfont: score(<Font 'DejaVu Sans' (DejaVuSans-Bold.ttf) normal normal 700 normal>) = 0.33499999999999996
2026-06-26 16:59:46,110 DEBUG matplotlib.font_manager: findfont: score(<Font 'DejaVu Sans Mono' (DejaVuSansMono-Bold.ttf) normal normal 700 normal>) = 10.335
2026-06-26 16:59:46,110 DEBUG matplotlib.font_manager: findfont: score(<Font 'DejaVu Serif' (DejaVuSerif.ttf) normal normal 400 normal>) = 10.05
2026-06-26 16:59:46,110 DEBUG matplotlib.font_manager: findfont: Matching sans\-serif:style=normal:variant=normal:weight=normal:stretch=normal:size=12.0 to DejaVu Sans ('/tmp/_MEIOlvj2w/matplotlib/mpl-data/fonts/ttf/DejaVuSans.ttf') with score of 0.050000.
2026-06-26 16:59:46,115 DEBUG matplotlib.font_manager: findfont: Matching sans\-serif:style=normal:variant=normal:weight=normal:stretch=normal:size=10.0.
2026-06-26 16:59:46,115 DEBUG matplotlib.font_manager: findfont: score(<Font 'STIXSizeThreeSym' (STIXSizThreeSymBol.ttf) normal normal 700 normal>) = 10.335
2026-06-26 16:59:46,115 DEBUG matplotlib.font_manager: findfont: score(<Font 'cmmi10' (cmmi10.ttf) normal normal 400 normal>) = 10.05
2026-06-26 16:59:46,115 DEBUG matplotlib.font_manager: findfont: score(<Font 'DejaVu Sans Display' (DejaVuSansDisplay.ttf) normal normal 400 normal>) = 10.05
2026-06-26 16:59:46,115 DEBUG matplotlib.font_manager: findfont: score(<Font 'DejaVu Serif' (DejaVuSerif-Italic.ttf) italic normal 400 normal>) = 11.05
2026-06-26 16:59:46,115 DEBUG matplotlib.font_manager: findfont: score(<Font 'STIXSizeFourSym' (STIXSizFourSymBol.ttf) normal normal 700 normal>) = 10.335
2026-06-26 16:59:46,115 DEBUG matplotlib.font_manager: findfont: score(<Font 'cmss10' (cmss10.ttf) normal normal 400 normal>) = 10.05
2026-06-26 16:59:46,115 DEBUG matplotlib.font_manager: findfont: score(<Font 'STIXNonUnicode' (STIXNonUniBolIta.ttf) italic normal 700 normal>) = 11.335
2026-06-26 16:59:46,116 DEBUG matplotlib.font_manager: findfont: score(<Font 'STIXGeneral' (STIXGeneralBol.ttf) normal normal 700 normal>) = 10.335
2026-06-26 16:59:46,116 DEBUG matplotlib.font_manager: findfont: score(<Font 'STIXNonUnicode' (STIXNonUni.ttf) normal normal 400 normal>) = 10.05
2026-06-26 16:59:46,116 DEBUG matplotlib.font_manager: findfont: score(<Font 'cmex10' (cmex10.ttf) normal normal 400 normal>) = 10.05
2026-06-26 16:59:46,116 DEBUG matplotlib.font_manager: findfont: score(<Font 'DejaVu Sans' (DejaVuSans-Oblique.ttf) oblique normal 400 normal>) = 1.05
2026-06-26 16:59:46,116 DEBUG matplotlib.font_manager: findfont: score(<Font 'STIXSizeOneSym' (STIXSizOneSymReg.ttf) normal normal 400 normal>) = 10.05
2026-06-26 16:59:46,116 DEBUG matplotlib.font_manager: findfont: score(<Font 'STIXSizeTwoSym' (STIXSizTwoSymBol.ttf) normal normal 700 normal>) = 10.335
2026-06-26 16:59:46,116 DEBUG matplotlib.font_manager: findfont: score(<Font 'STIXNonUnicode' (STIXNonUniIta.ttf) italic normal 400 normal>) = 11.05
2026-06-26 16:59:46,116 DEBUG matplotlib.font_manager: findfont: score(<Font 'STIXNonUnicode' (STIXNonUniBol.ttf) normal normal 700 normal>) = 10.335
2026-06-26 16:59:46,116 DEBUG matplotlib.font_manager: findfont: score(<Font 'cmb10' (cmb10.ttf) normal normal 400 normal>) = 10.05
2026-06-26 16:59:46,116 DEBUG matplotlib.font_manager: findfont: score(<Font 'STIXSizeFiveSym' (STIXSizFiveSymReg.ttf) normal normal 400 normal>) = 10.05
2026-06-26 16:59:46,116 DEBUG matplotlib.font_manager: findfont: score(<Font 'DejaVu Serif' (DejaVuSerif.ttf) normal normal 400 normal>) = 10.05
2026-06-26 16:59:46,116 DEBUG matplotlib.font_manager: findfont: score(<Font 'DejaVu Sans Mono' (DejaVuSansMono-Bold.ttf) normal normal 700 normal>) = 10.335
2026-06-26 16:59:46,116 DEBUG matplotlib.font_manager: findfont: score(<Font 'DejaVu Sans Mono' (DejaVuSansMono.ttf) normal normal 400 normal>) = 10.05
2026-06-26 16:59:46,116 DEBUG matplotlib.font_manager: findfont: score(<Font 'DejaVu Serif' (DejaVuSerif-BoldItalic.ttf) italic normal 700 normal>) = 11.335
2026-06-26 16:59:46,116 DEBUG matplotlib.font_manager: findfont: score(<Font 'STIXSizeOneSym' (STIXSizOneSymBol.ttf) normal normal 700 normal>) = 10.335
2026-06-26 16:59:46,116 DEBUG matplotlib.font_manager: findfont: score(<Font 'cmtt10' (cmtt10.ttf) normal normal 400 normal>) = 10.05
2026-06-26 16:59:46,116 DEBUG matplotlib.font_manager: findfont: score(<Font 'DejaVu Sans Mono' (DejaVuSansMono-Oblique.ttf) oblique normal 400 normal>) = 11.05
2026-06-26 16:59:46,116 DEBUG matplotlib.font_manager: findfont: score(<Font 'DejaVu Sans' (DejaVuSans-BoldOblique.ttf) oblique normal 700 normal>) = 1.335
2026-06-26 16:59:46,116 DEBUG matplotlib.font_manager: findfont: score(<Font 'DejaVu Sans' (DejaVuSans-Bold.ttf) normal normal 700 normal>) = 0.33499999999999996
2026-06-26 16:59:46,116 DEBUG matplotlib.font_manager: findfont: score(<Font 'STIXSizeFourSym' (STIXSizFourSymReg.ttf) normal normal 400 normal>) = 10.05
2026-06-26 16:59:46,116 DEBUG matplotlib.font_manager: findfont: score(<Font 'STIXGeneral' (STIXGeneralBolIta.ttf) italic normal 700 normal>) = 11.335
2026-06-26 16:59:46,116 DEBUG matplotlib.font_manager: findfont: score(<Font 'STIXGeneral' (STIXGeneral.ttf) normal normal 400 normal>) = 10.05
2026-06-26 16:59:46,116 DEBUG matplotlib.font_manager: findfont: score(<Font 'cmsy10' (cmsy10.ttf) normal normal 400 normal>) = 10.05
2026-06-26 16:59:46,116 DEBUG matplotlib.font_manager: findfont: score(<Font 'STIXSizeTwoSym' (STIXSizTwoSymReg.ttf) normal normal 400 normal>) = 10.05
2026-06-26 16:59:46,116 DEBUG matplotlib.font_manager: findfont: score(<Font 'STIXGeneral' (STIXGeneralItalic.ttf) italic normal 400 normal>) = 11.05
2026-06-26 16:59:46,116 DEBUG matplotlib.font_manager: findfont: score(<Font 'DejaVu Serif' (DejaVuSerif-Bold.ttf) normal normal 700 normal>) = 10.335
2026-06-26 16:59:46,116 DEBUG matplotlib.font_manager: findfont: score(<Font 'STIXSizeThreeSym' (STIXSizThreeSymReg.ttf) normal normal 400 normal>) = 10.05
2026-06-26 16:59:46,116 DEBUG matplotlib.font_manager: findfont: score(<Font 'cmr10' (cmr10.ttf) normal normal 400 normal>) = 10.05
2026-06-26 16:59:46,116 DEBUG matplotlib.font_manager: findfont: score(<Font 'DejaVu Sans Mono' (DejaVuSansMono-BoldOblique.ttf) oblique normal 700 normal>) = 11.335
2026-06-26 16:59:46,116 DEBUG matplotlib.font_manager: findfont: score(<Font 'DejaVu Sans' (DejaVuSans.ttf) normal normal 400 normal>) = 0.05
2026-06-26 16:59:46,116 DEBUG matplotlib.font_manager: findfont: score(<Font 'DejaVu Serif Display' (DejaVuSerifDisplay.ttf) normal normal 400 normal>) = 10.05
2026-06-26 16:59:46,117 DEBUG matplotlib.font_manager: findfont: score(<Font 'DejaVu Sans' (DejaVuSans.ttf) normal normal 400 normal>) = 0.05
2026-06-26 16:59:46,117 DEBUG matplotlib.font_manager: findfont: score(<Font 'DejaVu Sans Mono' (DejaVuSansMono.ttf) normal normal 400 normal>) = 10.05
2026-06-26 16:59:46,117 DEBUG matplotlib.font_manager: findfont: score(<Font 'DejaVu Serif' (DejaVuSerif-Bold.ttf) normal normal 700 normal>) = 10.335
2026-06-26 16:59:46,117 DEBUG matplotlib.font_manager: findfont: score(<Font 'DejaVu Sans' (DejaVuSans-Bold.ttf) normal normal 700 normal>) = 0.33499999999999996
2026-06-26 16:59:46,117 DEBUG matplotlib.font_manager: findfont: score(<Font 'DejaVu Sans Mono' (DejaVuSansMono-Bold.ttf) normal normal 700 normal>) = 10.335
2026-06-26 16:59:46,117 DEBUG matplotlib.font_manager: findfont: score(<Font 'DejaVu Serif' (DejaVuSerif.ttf) normal normal 400 normal>) = 10.05
2026-06-26 16:59:46,117 DEBUG matplotlib.font_manager: findfont: Matching sans\-serif:style=normal:variant=normal:weight=normal:stretch=normal:size=10.0 to DejaVu Sans ('/tmp/_MEIOlvj2w/matplotlib/mpl-data/fonts/ttf/DejaVuSans.ttf') with score of 0.050000.
2026-06-26 16:59:46,182 INFO utils.complier: analyse  formula:[{'type': 'VARIABLE_DICT', 'value': '{{{ISU.AP_PERF_INST_CYCLES_MMA}}}'}, {'type': 'VARIABLE_DICT', 'value': '{{{ISU.AP_PERF_INST_CYCLES_MMA}}}'}, {'type': 'VARIABLE_DICT', 'value': '{{{ISU.AP_PERF_INST_CYCLES_VALU}}}'}]
2026-06-26 16:59:46,183 INFO utils.complier: analyse  formula:[]
2026-06-26 16:59:46,183 INFO utils.complier: analyse  formula:[]
2026-06-26 16:59:46,184 INFO utils.complier: analyse  formula:[{'type': 'PROC_VAR', 'value': '$dpcs'}, {'type': 'PROC_VAR', 'value': '$RET'}, {'type': 'PROC_VAR', 'value': '$dpcs'}]
2026-06-26 16:59:46,185 INFO utils.complier: analyse  formula:[{'type': 'VARIABLE_DICT', 'value': '{{{ISU.AP_PERF_INST_CYCLES_MMA}}}'}, {'type': 'VARIABLE_DICT', 'value': '{{{ISU.AP_PERF_INST_CYCLES_MMA}}}'}, {'type': 'VARIABLE_DICT', 'value': '{{{ISU.AP_PERF_INST_CYCLES_VALU}}}'}]
2026-06-26 16:59:46,185 INFO utils.complier: analyse  formula:[]
2026-06-26 16:59:46,186 INFO utils.complier: analyse  formula:[]
2026-06-26 16:59:46,187 INFO utils.complier: analyse  formula:[]
2026-06-26 16:59:46,276 INFO utils.complier: analyse  formula:[{'type': 'VARIABLE', 'value': '{{ISU.AP_PERF_INSTS_VALU}}'}, {'type': 'VARIABLE', 'value': '{{ISU.AP_PERF_INSTS_MMA}}'}, {'type': 'VARIABLE', 'value': '{{ISU.AP_PERF_INSTS_SALU}}'}, {'type': 'VARIABLE', 'value': '{{ISU.AP_PERF_INSTS_GVM}}'}, {'type': 'VARIABLE', 'value': '{{ISU.AP_PERF_INSTS_BSM}}'}, {'type': 'VARIABLE', 'value': '{{ISU.AP_PERF_INSTS_LDU}}'}, {'type': 'VARIABLE', 'value': '{{ISU.AP_PERF_INST_MISC}}'}]
2026-06-26 16:59:46,277 INFO utils.complier: analyse  formula:[]
2026-06-26 16:59:46,278 INFO utils.complier: analyse  formula:[]
2026-06-26 16:59:46,281 INFO utils.complier: analyse  formula:[{'type': 'PROC_VAR', 'value': '$valu'}, {'type': 'PROC_VAR', 'value': '$mma'}, {'type': 'PROC_VAR', 'value': '$salu'}, {'type': 'PROC_VAR', 'value': '$gvm'}, {'type': 'PROC_VAR', 'value': '$bsm'}, {'type': 'PROC_VAR', 'value': '$ldu'}, {'type': 'PROC_VAR', 'value': '$misc'}, {'type': 'PROC_VAR', 'value': '$RET'}, {'type': 'PROC_VAR', 'value': '$valu'}, {'type': 'PROC_VAR', 'value': '$mma'}, {'type': 'PROC_VAR', 'value': '$salu'}, {'type': 'PROC_VAR', 'value': '$gvm'}, {'type': 'PROC_VAR', 'value': '$bsm'}, {'type': 'PROC_VAR', 'value': '$ldu'}, {'type': 'PROC_VAR', 'value': '$misc'}]
2026-06-26 16:59:46,282 INFO utils.complier: analyse  formula:[]
2026-06-26 16:59:46,284 INFO utils.complier: analyse  formula:[{'type': 'VARIABLE', 'value': '{{ISU.AP_PERF_INSTS_VALU}}'}, {'type': 'VARIABLE', 'value': '{{ISU.AP_PERF_INSTS_MMA}}'}, {'type': 'VARIABLE', 'value': '{{ISU.AP_PERF_INSTS_SALU}}'}, {'type': 'VARIABLE', 'value': '{{ISU.AP_PERF_INSTS_GVM}}'}, {'type': 'VARIABLE', 'value': '{{ISU.AP_PERF_INSTS_BSM}}'}, {'type': 'VARIABLE', 'value': '{{ISU.AP_PERF_INSTS_LDU}}'}, {'type': 'VARIABLE', 'value': '{{ISU.AP_PERF_INST_MISC}}'}]
2026-06-26 16:59:46,287 INFO utils.complier: analyse  formula:[]
2026-06-26 16:59:46,289 INFO utils.complier: analyse  formula:[]
2026-06-26 16:59:46,386 INFO utils.complier: analyse  formula:[{'type': 'VARIABLE', 'value': '{{ISU.AP_PERF_ISU_ARB_WSM_STALL}}'}, {'type': 'VARIABLE', 'value': '{{ISU.AP_PERF_ISU_ARB_VLS_STALL}}'}, {'type': 'VARIABLE', 'value': '{{ISU.AP_PERF_ISU_ARB_DATA_STALL}}'}, {'type': 'VARIABLE', 'value': '{{ISU.AP_PERF_ISU_ARB_VALU_STALL}}'}]
2026-06-26 16:59:46,386 INFO utils.complier: analyse  formula:[]
2026-06-26 16:59:46,387 INFO utils.complier: analyse  formula:[]
2026-06-26 16:59:46,389 INFO utils.complier: analyse  formula:[{'type': 'PROC_VAR', 'value': '$RET'}]
2026-06-26 16:59:46,390 INFO utils.complier: analyse  formula:[]
2026-06-26 16:59:46,390 INFO utils.complier: analyse  formula:[{'type': 'VARIABLE', 'value': '{{ISU.AP_PERF_ISU_ARB_WSM_STALL}}'}, {'type': 'VARIABLE', 'value': '{{ISU.AP_PERF_ISU_ARB_VLS_STALL}}'}, {'type': 'VARIABLE', 'value': '{{ISU.AP_PERF_ISU_ARB_DATA_STALL}}'}, {'type': 'VARIABLE', 'value': '{{ISU.AP_PERF_ISU_ARB_VALU_STALL}}'}]
2026-06-26 16:59:46,391 INFO utils.complier: analyse  formula:[]
2026-06-26 16:59:46,392 INFO utils.complier: analyse  formula:[]
2026-06-26 16:59:46,463 INFO utils.complier: analyse  formula:[]
2026-06-26 16:59:46,463 INFO utils.complier: analyse  formula:[]
2026-06-26 16:59:46,463 INFO utils.complier: analyse  formula:[{'type': 'PRE_VAR', 'value': '@global_insts_rd'}]
2026-06-26 16:59:46,463 INFO utils.complier: analyse  formula:[{'type': 'PROC_VAR', 'value': '$RET'}]
2026-06-26 16:59:46,463 INFO utils.complier: analyse  formula:[]
2026-06-26 16:59:46,463 INFO utils.complier: analyse  formula:[]
2026-06-26 16:59:46,463 INFO utils.complier: analyse  formula:[{'type': 'PRE_VAR', 'value': '@global_insts_rd'}]
2026-06-26 16:59:46,463 INFO utils.complier: analyse  formula:[]
2026-06-26 16:59:46,464 INFO utils.complier: analyse  formula:[]
2026-06-26 16:59:46,464 INFO utils.complier: analyse  formula:[]
2026-06-26 16:59:46,464 INFO utils.complier: analyse  formula:[{'type': 'PRE_VAR', 'value': '@global_insts_wr'}]
2026-06-26 16:59:46,464 INFO utils.complier: analyse  formula:[{'type': 'PROC_VAR', 'value': '$RET'}]
2026-06-26 16:59:46,464 INFO utils.complier: analyse  formula:[]
2026-06-26 16:59:46,464 INFO utils.complier: analyse  formula:[]
2026-06-26 16:59:46,464 INFO utils.complier: analyse  formula:[{'type': 'PRE_VAR', 'value': '@global_insts_wr'}]
2026-06-26 16:59:46,464 INFO utils.complier: analyse  formula:[]
2026-06-26 16:59:46,464 INFO utils.complier: analyse  formula:[{'type': 'VARIABLE', 'value': '{{ISU.AP_PERF_INST_GLOBAL_ATOMIC}}'}, {'type': 'VARIABLE', 'value': '{{ISU.AP_PERF_INST_GLOBAL_ATOMIC_64}}'}]
2026-06-26 16:59:46,464 INFO utils.complier: analyse  formula:[]
2026-06-26 16:59:46,464 INFO utils.complier: analyse  formula:[]
2026-06-26 16:59:46,465 INFO utils.complier: analyse  formula:[{'type': 'PROC_VAR', 'value': '$RET'}]
2026-06-26 16:59:46,465 INFO utils.complier: analyse  formula:[]
2026-06-26 16:59:46,465 INFO utils.complier: analyse  formula:[{'type': 'VARIABLE', 'value': '{{ISU.AP_PERF_INST_GLOBAL_ATOMIC}}'}, {'type': 'VARIABLE', 'value': '{{ISU.AP_PERF_INST_GLOBAL_ATOMIC_64}}'}]
2026-06-26 16:59:46,466 INFO utils.complier: analyse  formula:[]
2026-06-26 16:59:46,466 INFO utils.complier: analyse  formula:[]
2026-06-26 16:59:46,466 INFO utils.complier: analyse  formula:[]
2026-06-26 16:59:46,466 INFO utils.complier: analyse  formula:[]
2026-06-26 16:59:46,466 INFO utils.complier: analyse  formula:[{'type': 'PRE_VAR', 'value': '@private_insts_rd'}]
2026-06-26 16:59:46,466 INFO utils.complier: analyse  formula:[{'type': 'PROC_VAR', 'value': '$RET'}]
2026-06-26 16:59:46,466 INFO utils.complier: analyse  formula:[]
2026-06-26 16:59:46,466 INFO utils.complier: analyse  formula:[]
2026-06-26 16:59:46,466 INFO utils.complier: analyse  formula:[{'type': 'PRE_VAR', 'value': '@private_insts_rd'}]
2026-06-26 16:59:46,467 INFO utils.complier: analyse  formula:[]
2026-06-26 16:59:46,467 INFO utils.complier: analyse  formula:[]
2026-06-26 16:59:46,467 INFO utils.complier: analyse  formula:[]
2026-06-26 16:59:46,467 INFO utils.complier: analyse  formula:[{'type': 'PRE_VAR', 'value': '@private_insts_wr'}]
2026-06-26 16:59:46,467 INFO utils.complier: analyse  formula:[{'type': 'PROC_VAR', 'value': '$RET'}]
2026-06-26 16:59:46,467 INFO utils.complier: analyse  formula:[]
2026-06-26 16:59:46,467 INFO utils.complier: analyse  formula:[]
2026-06-26 16:59:46,467 INFO utils.complier: analyse  formula:[{'type': 'PRE_VAR', 'value': '@private_insts_wr'}]
2026-06-26 16:59:46,467 INFO utils.complier: analyse  formula:[]
2026-06-26 16:59:46,467 INFO utils.complier: analyse  formula:[]
2026-06-26 16:59:46,467 INFO utils.complier: analyse  formula:[]
2026-06-26 16:59:46,467 INFO utils.complier: analyse  formula:[{'type': 'PRE_VAR', 'value': '@ldu_insts_rd'}]
2026-06-26 16:59:46,468 INFO utils.complier: analyse  formula:[{'type': 'PROC_VAR', 'value': '$RET'}]
2026-06-26 16:59:46,468 INFO utils.complier: analyse  formula:[]
2026-06-26 16:59:46,468 INFO utils.complier: analyse  formula:[]
2026-06-26 16:59:46,468 INFO utils.complier: analyse  formula:[{'type': 'PRE_VAR', 'value': '@ldu_insts_rd'}]
2026-06-26 16:59:46,468 INFO utils.complier: analyse  formula:[]
2026-06-26 16:59:46,468 INFO utils.complier: analyse  formula:[]
2026-06-26 16:59:46,468 INFO utils.complier: analyse  formula:[]
2026-06-26 16:59:46,468 INFO utils.complier: analyse  formula:[{'type': 'PRE_VAR', 'value': '@sl1_rd'}]
2026-06-26 16:59:46,468 INFO utils.complier: analyse  formula:[{'type': 'PROC_VAR', 'value': '$RET'}]
2026-06-26 16:59:46,468 INFO utils.complier: analyse  formula:[]
2026-06-26 16:59:46,468 INFO utils.complier: analyse  formula:[]
2026-06-26 16:59:46,469 INFO utils.complier: analyse  formula:[{'type': 'PRE_VAR', 'value': '@sl1_rd'}]
2026-06-26 16:59:46,469 INFO utils.complier: analyse  formula:[]
2026-06-26 16:59:46,469 INFO utils.complier: analyse  formula:[]
2026-06-26 16:59:46,469 INFO utils.complier: analyse  formula:[]
2026-06-26 16:59:46,469 INFO utils.complier: analyse  formula:[{'type': 'PRE_VAR', 'value': '@sl1_l2c_rd'}]
2026-06-26 16:59:46,469 INFO utils.complier: analyse  formula:[{'type': 'PROC_VAR', 'value': '$RET'}]
2026-06-26 16:59:46,469 INFO utils.complier: analyse  formula:[]
2026-06-26 16:59:46,469 INFO utils.complier: analyse  formula:[]
2026-06-26 16:59:46,469 INFO utils.complier: analyse  formula:[{'type': 'PRE_VAR', 'value': '@sl1_l2c_rd'}]
2026-06-26 16:59:46,469 INFO utils.complier: analyse  formula:[]
2026-06-26 16:59:46,469 INFO utils.complier: analyse  formula:[]
2026-06-26 16:59:46,469 INFO utils.complier: analyse  formula:[]
2026-06-26 16:59:46,470 INFO utils.complier: analyse  formula:[{'type': 'PRE_VAR', 'value': '@sl1_hit_rate'}]
2026-06-26 16:59:46,470 INFO utils.complier: analyse  formula:[{'type': 'PROC_VAR', 'value': '$RET'}]
2026-06-26 16:59:46,470 INFO utils.complier: analyse  formula:[]
2026-06-26 16:59:46,470 INFO utils.complier: analyse  formula:[]
2026-06-26 16:59:46,470 INFO utils.complier: analyse  formula:[{'type': 'PRE_VAR', 'value': '@sl1_hit_rate'}]
2026-06-26 16:59:46,470 INFO utils.complier: analyse  formula:[]
2026-06-26 16:59:46,470 INFO utils.complier: analyse  formula:[]
2026-06-26 16:59:46,470 INFO utils.complier: analyse  formula:[]
2026-06-26 16:59:46,470 INFO utils.complier: analyse  formula:[{'type': 'PRE_VAR', 'value': '@vl1_insts_rd'}]
2026-06-26 16:59:46,470 INFO utils.complier: analyse  formula:[{'type': 'PROC_VAR', 'value': '$RET'}]
2026-06-26 16:59:46,470 INFO utils.complier: analyse  formula:[]
2026-06-26 16:59:46,470 INFO utils.complier: analyse  formula:[]
2026-06-26 16:59:46,471 INFO utils.complier: analyse  formula:[{'type': 'PRE_VAR', 'value': '@vl1_insts_rd'}]
2026-06-26 16:59:46,471 INFO utils.complier: analyse  formula:[]
2026-06-26 16:59:46,471 INFO utils.complier: analyse  formula:[]
2026-06-26 16:59:46,471 INFO utils.complier: analyse  formula:[]
2026-06-26 16:59:46,471 INFO utils.complier: analyse  formula:[{'type': 'PRE_VAR', 'value': '@vl1_insts_wr'}]
2026-06-26 16:59:46,471 INFO utils.complier: analyse  formula:[{'type': 'PROC_VAR', 'value': '$RET'}]
2026-06-26 16:59:46,471 INFO utils.complier: analyse  formula:[]
2026-06-26 16:59:46,471 INFO utils.complier: analyse  formula:[]
2026-06-26 16:59:46,471 INFO utils.complier: analyse  formula:[{'type': 'PRE_VAR', 'value': '@vl1_insts_wr'}]
2026-06-26 16:59:46,471 INFO utils.complier: analyse  formula:[]
2026-06-26 16:59:46,471 INFO utils.complier: analyse  formula:[{'type': 'VARIABLE', 'value': '{{VL1.p_total_atomic_instruction_event}}'}]
2026-06-26 16:59:46,472 INFO utils.complier: analyse  formula:[]
2026-06-26 16:59:46,472 INFO utils.complier: analyse  formula:[]
2026-06-26 16:59:46,472 INFO utils.complier: analyse  formula:[{'type': 'PROC_VAR', 'value': '$RET'}]
2026-06-26 16:59:46,472 INFO utils.complier: analyse  formula:[]
2026-06-26 16:59:46,472 INFO utils.complier: analyse  formula:[{'type': 'VARIABLE', 'value': '{{VL1.p_total_atomic_instruction_event}}'}]
2026-06-26 16:59:46,472 INFO utils.complier: analyse  formula:[]
2026-06-26 16:59:46,472 INFO utils.complier: analyse  formula:[]
2026-06-26 16:59:46,473 INFO utils.complier: analyse  formula:[]
2026-06-26 16:59:46,473 INFO utils.complier: analyse  formula:[]
2026-06-26 16:59:46,473 INFO utils.complier: analyse  formula:[{'type': 'PRE_VAR', 'value': '@vl1_hit_rate'}]
2026-06-26 16:59:46,473 INFO utils.complier: analyse  formula:[{'type': 'PROC_VAR', 'value': '$RET'}]
2026-06-26 16:59:46,473 INFO utils.complier: analyse  formula:[]
2026-06-26 16:59:46,473 INFO utils.complier: analyse  formula:[]
2026-06-26 16:59:46,473 INFO utils.complier: analyse  formula:[{'type': 'PRE_VAR', 'value': '@vl1_hit_rate'}]
2026-06-26 16:59:46,473 INFO utils.complier: analyse  formula:[]
2026-06-26 16:59:46,473 INFO utils.complier: analyse  formula:[]
2026-06-26 16:59:46,473 INFO utils.complier: analyse  formula:[]
2026-06-26 16:59:46,473 INFO utils.complier: analyse  formula:[{'type': 'PRE_VAR', 'value': '@l2c_insts_rd'}]
2026-06-26 16:59:46,473 INFO utils.complier: analyse  formula:[{'type': 'PROC_VAR', 'value': '$RET'}]
2026-06-26 16:59:46,473 INFO utils.complier: analyse  formula:[]
2026-06-26 16:59:46,474 INFO utils.complier: analyse  formula:[]
2026-06-26 16:59:46,474 INFO utils.complier: analyse  formula:[{'type': 'PRE_VAR', 'value': '@l2c_insts_rd'}]
2026-06-26 16:59:46,474 INFO utils.complier: analyse  formula:[]
2026-06-26 16:59:46,474 INFO utils.complier: analyse  formula:[]
2026-06-26 16:59:46,474 INFO utils.complier: analyse  formula:[]
2026-06-26 16:59:46,474 INFO utils.complier: analyse  formula:[{'type': 'PRE_VAR', 'value': '@l2c_insts_wr'}]
2026-06-26 16:59:46,474 INFO utils.complier: analyse  formula:[{'type': 'PROC_VAR', 'value': '$RET'}]
2026-06-26 16:59:46,474 INFO utils.complier: analyse  formula:[]
2026-06-26 16:59:46,474 INFO utils.complier: analyse  formula:[]
2026-06-26 16:59:46,474 INFO utils.complier: analyse  formula:[{'type': 'PRE_VAR', 'value': '@l2c_insts_wr'}]
2026-06-26 16:59:46,475 INFO utils.complier: analyse  formula:[]
2026-06-26 16:59:46,475 INFO utils.complier: analyse  formula:[{'type': 'VARIABLE', 'value': '{{L2C.perf_atomic_req}}'}]
2026-06-26 16:59:46,475 INFO utils.complier: analyse  formula:[]
2026-06-26 16:59:46,475 INFO utils.complier: analyse  formula:[]
2026-06-26 16:59:46,475 INFO utils.complier: analyse  formula:[{'type': 'PROC_VAR', 'value': '$RET'}]
2026-06-26 16:59:46,475 INFO utils.complier: analyse  formula:[]
2026-06-26 16:59:46,475 INFO utils.complier: analyse  formula:[{'type': 'VARIABLE', 'value': '{{L2C.perf_atomic_req}}'}]
2026-06-26 16:59:46,475 INFO utils.complier: analyse  formula:[]
2026-06-26 16:59:46,476 INFO utils.complier: analyse  formula:[]
2026-06-26 16:59:46,476 INFO utils.complier: analyse  formula:[]
2026-06-26 16:59:46,476 INFO utils.complier: analyse  formula:[]
2026-06-26 16:59:46,476 INFO utils.complier: analyse  formula:[{'type': 'PRE_VAR', 'value': '@l2c_hit_rate'}]
2026-06-26 16:59:46,476 INFO utils.complier: analyse  formula:[{'type': 'PROC_VAR', 'value': '$RET'}]
2026-06-26 16:59:46,476 INFO utils.complier: analyse  formula:[]
2026-06-26 16:59:46,476 INFO utils.complier: analyse  formula:[]
2026-06-26 16:59:46,476 INFO utils.complier: analyse  formula:[{'type': 'PRE_VAR', 'value': '@l2c_hit_rate'}]
2026-06-26 16:59:46,476 INFO utils.complier: analyse  formula:[]
2026-06-26 16:59:46,476 INFO utils.complier: analyse  formula:[{'type': 'VARIABLE', 'value': '{{ISU.AP_PERF_INSTS_GVM_ATOMIC}}'}, {'type': 'VARIABLE', 'value': '{{ISU.AP_PERF_INST_BSM_ATOMIC}}'}]
2026-06-26 16:59:46,476 INFO utils.complier: analyse  formula:[]
2026-06-26 16:59:46,476 INFO utils.complier: analyse  formula:[]
2026-06-26 16:59:46,477 INFO utils.complier: analyse  formula:[{'type': 'PROC_VAR', 'value': '$RET'}]
2026-06-26 16:59:46,477 INFO utils.complier: analyse  formula:[]
2026-06-26 16:59:46,477 INFO utils.complier: analyse  formula:[{'type': 'VARIABLE', 'value': '{{ISU.AP_PERF_INSTS_GVM_ATOMIC}}'}, {'type': 'VARIABLE', 'value': '{{ISU.AP_PERF_INST_BSM_ATOMIC}}'}]
2026-06-26 16:59:46,478 INFO utils.complier: analyse  formula:[]
2026-06-26 16:59:46,478 INFO utils.complier: analyse  formula:[]
2026-06-26 16:59:46,478 INFO utils.complier: analyse  formula:[{'type': 'VARIABLE', 'value': '{{L2C.perf_dnoc_rdreq}}'}]
2026-06-26 16:59:46,478 INFO utils.complier: analyse  formula:[]
2026-06-26 16:59:46,478 INFO utils.complier: analyse  formula:[]
2026-06-26 16:59:46,478 INFO utils.complier: analyse  formula:[{'type': 'PROC_VAR', 'value': '$RET'}]
2026-06-26 16:59:46,478 INFO utils.complier: analyse  formula:[]
2026-06-26 16:59:46,478 INFO utils.complier: analyse  formula:[{'type': 'VARIABLE', 'value': '{{L2C.perf_dnoc_rdreq}}'}]
2026-06-26 16:59:46,479 INFO utils.complier: analyse  formula:[]
2026-06-26 16:59:46,479 INFO utils.complier: analyse  formula:[]
2026-06-26 16:59:46,479 INFO utils.complier: analyse  formula:[{'type': 'VARIABLE', 'value': '{{L2C.perf_dnoc_wrreq}}'}]
2026-06-26 16:59:46,479 INFO utils.complier: analyse  formula:[]
2026-06-26 16:59:46,479 INFO utils.complier: analyse  formula:[]
2026-06-26 16:59:46,479 INFO utils.complier: analyse  formula:[{'type': 'PROC_VAR', 'value': '$RET'}]
2026-06-26 16:59:46,479 INFO utils.complier: analyse  formula:[]
2026-06-26 16:59:46,479 INFO utils.complier: analyse  formula:[{'type': 'VARIABLE', 'value': '{{L2C.perf_dnoc_wrreq}}'}]
2026-06-26 16:59:46,479 INFO utils.complier: analyse  formula:[]
2026-06-26 16:59:46,480 INFO utils.complier: analyse  formula:[]
2026-06-26 16:59:46,480 INFO utils.complier: analyse  formula:[{'type': 'VARIABLE', 'value': '{{L2C.perf_dnoc_rdreq_32B}}'}, {'type': 'VARIABLE', 'value': '{{L2C.perf_dnoc_rdreq_64B}}'}, {'type': 'VARIABLE', 'value': '{{L2C.perf_dnoc_rdreq_128B}}'}]
2026-06-26 16:59:46,480 INFO utils.complier: analyse  formula:[]
2026-06-26 16:59:46,480 INFO utils.complier: analyse  formula:[]
2026-06-26 16:59:46,480 INFO utils.complier: analyse  formula:[{'type': 'PROC_VAR', 'value': '$RET'}]
2026-06-26 16:59:46,481 INFO utils.complier: analyse  formula:[]
2026-06-26 16:59:46,481 INFO utils.complier: analyse  formula:[{'type': 'VARIABLE', 'value': '{{L2C.perf_dnoc_rdreq_32B}}'}, {'type': 'VARIABLE', 'value': '{{L2C.perf_dnoc_rdreq_64B}}'}, {'type': 'VARIABLE', 'value': '{{L2C.perf_dnoc_rdreq_128B}}'}]
2026-06-26 16:59:46,481 INFO utils.complier: analyse  formula:[]
2026-06-26 16:59:46,482 INFO utils.complier: analyse  formula:[]
2026-06-26 16:59:46,482 INFO utils.complier: analyse  formula:[{'type': 'VARIABLE', 'value': '{{L2C.perf_dnoc_wrreq_32B_low}}'}, {'type': 'VARIABLE', 'value': '{{L2C.perf_dnoc_wrreq_32B_high}}'}, {'type': 'VARIABLE', 'value': '{{L2C.perf_dnoc_wrreq_64B}}'}, {'type': 'VARIABLE', 'value': '{{L2C.perf_dnoc_wrreq_128B}}'}]
2026-06-26 16:59:46,482 INFO utils.complier: analyse  formula:[]
2026-06-26 16:59:46,482 INFO utils.complier: analyse  formula:[]
2026-06-26 16:59:46,483 INFO utils.complier: analyse  formula:[{'type': 'PROC_VAR', 'value': '$RET'}]
2026-06-26 16:59:46,483 INFO utils.complier: analyse  formula:[]
2026-06-26 16:59:46,483 INFO utils.complier: analyse  formula:[{'type': 'VARIABLE', 'value': '{{L2C.perf_dnoc_wrreq_32B_low}}'}, {'type': 'VARIABLE', 'value': '{{L2C.perf_dnoc_wrreq_32B_high}}'}, {'type': 'VARIABLE', 'value': '{{L2C.perf_dnoc_wrreq_64B}}'}, {'type': 'VARIABLE', 'value': '{{L2C.perf_dnoc_wrreq_128B}}'}]
2026-06-26 16:59:46,483 INFO utils.complier: analyse  formula:[]
2026-06-26 16:59:46,484 INFO utils.complier: analyse  formula:[]
2026-06-26 16:59:46,487 INFO utils.complier: analyse  formula:[]
2026-06-26 16:59:46,490 INFO utils.complier: analyse  formula:[]
2026-06-26 16:59:46,494 INFO utils.complier: analyse  formula:[{'type': 'PRE_VAR', 'value': '@vl1_hit_rate'}, {'type': 'PRE_VAR', 'value': '@l2c_hit_rate'}, {'type': 'PRE_VAR', 'value': '@sl1_hit_rate'}, {'type': 'PRE_VAR', 'value': '@global_insts_rd'}, {'type': 'PRE_VAR', 'value': '@global_insts_wr'}, {'type': 'PRE_VAR', 'value': '@private_insts_rd'}, {'type': 'PRE_VAR', 'value': '@private_insts_wr'}, {'type': 'PRE_VAR', 'value': '@generic_insts_rd'}, {'type': 'PRE_VAR', 'value': '@generic_insts_wr'}, {'type': 'PRE_VAR', 'value': '@ldu_insts_rd'}, {'type': 'PRE_VAR', 'value': '@bsm_insts_rd'}, {'type': 'PRE_VAR', 'value': '@bsm_insts_wr'}, {'type': 'PRE_VAR', 'value': '@vl1_insts_rd'}, {'type': 'PRE_VAR', 'value': '@vl1_insts_wr'}, {'type': 'PRE_VAR', 'value': '@sl1_rd'}, {'type': 'PRE_VAR', 'value': '@sl1_l2c_rd'}, {'type': 'PRE_VAR', 'value': '@l2c_insts_rd'}, {'type': 'PRE_VAR', 'value': '@l2c_insts_wr'}]
2026-06-26 16:59:46,509 INFO utils.complier: analyse  formula:[{'type': 'PROC_VAR', 'value': '$RET'}]
2026-06-26 16:59:46,512 INFO utils.complier: analyse  formula:[]
2026-06-26 16:59:46,515 INFO utils.complier: analyse  formula:[]
2026-06-26 16:59:46,519 INFO utils.complier: analyse  formula:[{'type': 'PRE_VAR', 'value': '@vl1_hit_rate'}, {'type': 'PRE_VAR', 'value': '@l2c_hit_rate'}, {'type': 'PRE_VAR', 'value': '@sl1_hit_rate'}, {'type': 'PRE_VAR', 'value': '@global_insts_rd'}, {'type': 'PRE_VAR', 'value': '@global_insts_wr'}, {'type': 'PRE_VAR', 'value': '@private_insts_rd'}, {'type': 'PRE_VAR', 'value': '@private_insts_wr'}, {'type': 'PRE_VAR', 'value': '@generic_insts_rd'}, {'type': 'PRE_VAR', 'value': '@generic_insts_wr'}, {'type': 'PRE_VAR', 'value': '@ldu_insts_rd'}, {'type': 'PRE_VAR', 'value': '@bsm_insts_rd'}, {'type': 'PRE_VAR', 'value': '@bsm_insts_wr'}, {'type': 'PRE_VAR', 'value': '@vl1_insts_rd'}, {'type': 'PRE_VAR', 'value': '@vl1_insts_wr'}, {'type': 'PRE_VAR', 'value': '@sl1_rd'}, {'type': 'PRE_VAR', 'value': '@sl1_l2c_rd'}, {'type': 'PRE_VAR', 'value': '@l2c_insts_rd'}, {'type': 'PRE_VAR', 'value': '@l2c_insts_wr'}]
2026-06-26 16:59:46,523 INFO utils.complier: analyse  formula:[]
2026-06-26 16:59:46,600 DEBUG matplotlib.font_manager: findfont: Matching sans\-serif:style=normal:variant=normal:weight=normal:stretch=normal:size=5.789999999999999.
2026-06-26 16:59:46,600 DEBUG matplotlib.font_manager: findfont: score(<Font 'STIXSizeThreeSym' (STIXSizThreeSymBol.ttf) normal normal 700 normal>) = 10.335
2026-06-26 16:59:46,600 DEBUG matplotlib.font_manager: findfont: score(<Font 'cmmi10' (cmmi10.ttf) normal normal 400 normal>) = 10.05
2026-06-26 16:59:46,600 DEBUG matplotlib.font_manager: findfont: score(<Font 'DejaVu Sans Display' (DejaVuSansDisplay.ttf) normal normal 400 normal>) = 10.05
2026-06-26 16:59:46,600 DEBUG matplotlib.font_manager: findfont: score(<Font 'DejaVu Serif' (DejaVuSerif-Italic.ttf) italic normal 400 normal>) = 11.05
2026-06-26 16:59:46,600 DEBUG matplotlib.font_manager: findfont: score(<Font 'STIXSizeFourSym' (STIXSizFourSymBol.ttf) normal normal 700 normal>) = 10.335
2026-06-26 16:59:46,600 DEBUG matplotlib.font_manager: findfont: score(<Font 'cmss10' (cmss10.ttf) normal normal 400 normal>) = 10.05
2026-06-26 16:59:46,600 DEBUG matplotlib.font_manager: findfont: score(<Font 'STIXNonUnicode' (STIXNonUniBolIta.ttf) italic normal 700 normal>) = 11.335
2026-06-26 16:59:46,600 DEBUG matplotlib.font_manager: findfont: score(<Font 'STIXGeneral' (STIXGeneralBol.ttf) normal normal 700 normal>) = 10.335
2026-06-26 16:59:46,600 DEBUG matplotlib.font_manager: findfont: score(<Font 'STIXNonUnicode' (STIXNonUni.ttf) normal normal 400 normal>) = 10.05
2026-06-26 16:59:46,600 DEBUG matplotlib.font_manager: findfont: score(<Font 'cmex10' (cmex10.ttf) normal normal 400 normal>) = 10.05
2026-06-26 16:59:46,600 DEBUG matplotlib.font_manager: findfont: score(<Font 'DejaVu Sans' (DejaVuSans-Oblique.ttf) oblique normal 400 normal>) = 1.05
2026-06-26 16:59:46,600 DEBUG matplotlib.font_manager: findfont: score(<Font 'STIXSizeOneSym' (STIXSizOneSymReg.ttf) normal normal 400 normal>) = 10.05
2026-06-26 16:59:46,600 DEBUG matplotlib.font_manager: findfont: score(<Font 'STIXSizeTwoSym' (STIXSizTwoSymBol.ttf) normal normal 700 normal>) = 10.335
2026-06-26 16:59:46,600 DEBUG matplotlib.font_manager: findfont: score(<Font 'STIXNonUnicode' (STIXNonUniIta.ttf) italic normal 400 normal>) = 11.05
2026-06-26 16:59:46,600 DEBUG matplotlib.font_manager: findfont: score(<Font 'STIXNonUnicode' (STIXNonUniBol.ttf) normal normal 700 normal>) = 10.335
2026-06-26 16:59:46,600 DEBUG matplotlib.font_manager: findfont: score(<Font 'cmb10' (cmb10.ttf) normal normal 400 normal>) = 10.05
2026-06-26 16:59:46,600 DEBUG matplotlib.font_manager: findfont: score(<Font 'STIXSizeFiveSym' (STIXSizFiveSymReg.ttf) normal normal 400 normal>) = 10.05
2026-06-26 16:59:46,600 DEBUG matplotlib.font_manager: findfont: score(<Font 'DejaVu Serif' (DejaVuSerif.ttf) normal normal 400 normal>) = 10.05
2026-06-26 16:59:46,600 DEBUG matplotlib.font_manager: findfont: score(<Font 'DejaVu Sans Mono' (DejaVuSansMono-Bold.ttf) normal normal 700 normal>) = 10.335
2026-06-26 16:59:46,600 DEBUG matplotlib.font_manager: findfont: score(<Font 'DejaVu Sans Mono' (DejaVuSansMono.ttf) normal normal 400 normal>) = 10.05
2026-06-26 16:59:46,600 DEBUG matplotlib.font_manager: findfont: score(<Font 'DejaVu Serif' (DejaVuSerif-BoldItalic.ttf) italic normal 700 normal>) = 11.335
2026-06-26 16:59:46,601 DEBUG matplotlib.font_manager: findfont: score(<Font 'STIXSizeOneSym' (STIXSizOneSymBol.ttf) normal normal 700 normal>) = 10.335
2026-06-26 16:59:46,601 DEBUG matplotlib.font_manager: findfont: score(<Font 'cmtt10' (cmtt10.ttf) normal normal 400 normal>) = 10.05
2026-06-26 16:59:46,601 DEBUG matplotlib.font_manager: findfont: score(<Font 'DejaVu Sans Mono' (DejaVuSansMono-Oblique.ttf) oblique normal 400 normal>) = 11.05
2026-06-26 16:59:46,601 DEBUG matplotlib.font_manager: findfont: score(<Font 'DejaVu Sans' (DejaVuSans-BoldOblique.ttf) oblique normal 700 normal>) = 1.335
2026-06-26 16:59:46,601 DEBUG matplotlib.font_manager: findfont: score(<Font 'DejaVu Sans' (DejaVuSans-Bold.ttf) normal normal 700 normal>) = 0.33499999999999996
2026-06-26 16:59:46,601 DEBUG matplotlib.font_manager: findfont: score(<Font 'STIXSizeFourSym' (STIXSizFourSymReg.ttf) normal normal 400 normal>) = 10.05
2026-06-26 16:59:46,601 DEBUG matplotlib.font_manager: findfont: score(<Font 'STIXGeneral' (STIXGeneralBolIta.ttf) italic normal 700 normal>) = 11.335
2026-06-26 16:59:46,601 DEBUG matplotlib.font_manager: findfont: score(<Font 'STIXGeneral' (STIXGeneral.ttf) normal normal 400 normal>) = 10.05
2026-06-26 16:59:46,601 DEBUG matplotlib.font_manager: findfont: score(<Font 'cmsy10' (cmsy10.ttf) normal normal 400 normal>) = 10.05
2026-06-26 16:59:46,601 DEBUG matplotlib.font_manager: findfont: score(<Font 'STIXSizeTwoSym' (STIXSizTwoSymReg.ttf) normal normal 400 normal>) = 10.05
2026-06-26 16:59:46,601 DEBUG matplotlib.font_manager: findfont: score(<Font 'STIXGeneral' (STIXGeneralItalic.ttf) italic normal 400 normal>) = 11.05
2026-06-26 16:59:46,601 DEBUG matplotlib.font_manager: findfont: score(<Font 'DejaVu Serif' (DejaVuSerif-Bold.ttf) normal normal 700 normal>) = 10.335
2026-06-26 16:59:46,601 DEBUG matplotlib.font_manager: findfont: score(<Font 'STIXSizeThreeSym' (STIXSizThreeSymReg.ttf) normal normal 400 normal>) = 10.05
2026-06-26 16:59:46,601 DEBUG matplotlib.font_manager: findfont: score(<Font 'cmr10' (cmr10.ttf) normal normal 400 normal>) = 10.05
2026-06-26 16:59:46,601 DEBUG matplotlib.font_manager: findfont: score(<Font 'DejaVu Sans Mono' (DejaVuSansMono-BoldOblique.ttf) oblique normal 700 normal>) = 11.335
2026-06-26 16:59:46,601 DEBUG matplotlib.font_manager: findfont: score(<Font 'DejaVu Sans' (DejaVuSans.ttf) normal normal 400 normal>) = 0.05
2026-06-26 16:59:46,601 DEBUG matplotlib.font_manager: findfont: score(<Font 'DejaVu Serif Display' (DejaVuSerifDisplay.ttf) normal normal 400 normal>) = 10.05
2026-06-26 16:59:46,601 DEBUG matplotlib.font_manager: findfont: score(<Font 'DejaVu Sans' (DejaVuSans.ttf) normal normal 400 normal>) = 0.05
2026-06-26 16:59:46,601 DEBUG matplotlib.font_manager: findfont: score(<Font 'DejaVu Sans Mono' (DejaVuSansMono.ttf) normal normal 400 normal>) = 10.05
2026-06-26 16:59:46,601 DEBUG matplotlib.font_manager: findfont: score(<Font 'DejaVu Serif' (DejaVuSerif-Bold.ttf) normal normal 700 normal>) = 10.335
2026-06-26 16:59:46,601 DEBUG matplotlib.font_manager: findfont: score(<Font 'DejaVu Sans' (DejaVuSans-Bold.ttf) normal normal 700 normal>) = 0.33499999999999996
2026-06-26 16:59:46,601 DEBUG matplotlib.font_manager: findfont: score(<Font 'DejaVu Sans Mono' (DejaVuSansMono-Bold.ttf) normal normal 700 normal>) = 10.335
2026-06-26 16:59:46,601 DEBUG matplotlib.font_manager: findfont: score(<Font 'DejaVu Serif' (DejaVuSerif.ttf) normal normal 400 normal>) = 10.05
2026-06-26 16:59:46,601 DEBUG matplotlib.font_manager: findfont: Matching sans\-serif:style=normal:variant=normal:weight=normal:stretch=normal:size=5.789999999999999 to DejaVu Sans ('/tmp/_MEIOlvj2w/matplotlib/mpl-data/fonts/ttf/DejaVuSans.ttf') with score of 0.050000.
2026-06-26 16:59:46,685 INFO utils.complier: analyse  formula:[{'type': 'VARIABLE', 'value': '{{L2C.perf_dnoc_rdreq_inflight_level}}'}, {'type': 'VARIABLE', 'value': '{{L2C.perf_dnoc_rdreq}}'}]
2026-06-26 16:59:46,685 INFO utils.complier: analyse  formula:[]
2026-06-26 16:59:46,686 INFO utils.complier: analyse  formula:[]
2026-06-26 16:59:46,686 INFO utils.complier: analyse  formula:[{'type': 'PROC_VAR', 'value': '$RET'}]
2026-06-26 16:59:46,686 INFO utils.complier: analyse  formula:[]
2026-06-26 16:59:46,686 INFO utils.complier: analyse  formula:[{'type': 'VARIABLE', 'value': '{{L2C.perf_dnoc_rdreq_inflight_level}}'}, {'type': 'VARIABLE', 'value': '{{L2C.perf_dnoc_rdreq}}'}]
2026-06-26 16:59:46,686 INFO utils.complier: analyse  formula:[]
2026-06-26 16:59:46,687 INFO utils.complier: analyse  formula:[]
2026-06-26 16:59:46,687 INFO utils.complier: analyse  formula:[{'type': 'VARIABLE', 'value': '{{L2C.perf_dnoc_rd_histogram_0_255}}'}, {'type': 'VARIABLE', 'value': '{{L2C.perf_dnoc_rd_histogram_256_511}}'}, {'type': 'VARIABLE', 'value': '{{L2C.perf_dnoc_rd_histogram_512_1K}}'}, {'type': 'VARIABLE', 'value': '{{L2C.perf_dnoc_rd_histogram_1K_2K}}'}, {'type': 'VARIABLE', 'value': '{{L2C.perf_dnoc_rd_histogram_2K_INF}}'}]
2026-06-26 16:59:46,688 INFO utils.complier: analyse  formula:[]
2026-06-26 16:59:46,688 INFO utils.complier: analyse  formula:[]
2026-06-26 16:59:46,689 INFO utils.complier: analyse  formula:[{'type': 'PROC_VAR', 'value': '$RET'}]
2026-06-26 16:59:46,689 INFO utils.complier: analyse  formula:[]
2026-06-26 16:59:46,690 INFO utils.complier: analyse  formula:[{'type': 'VARIABLE', 'value': '{{L2C.perf_dnoc_rd_histogram_0_255}}'}, {'type': 'VARIABLE', 'value': '{{L2C.perf_dnoc_rd_histogram_256_511}}'}, {'type': 'VARIABLE', 'value': '{{L2C.perf_dnoc_rd_histogram_512_1K}}'}, {'type': 'VARIABLE', 'value': '{{L2C.perf_dnoc_rd_histogram_1K_2K}}'}, {'type': 'VARIABLE', 'value': '{{L2C.perf_dnoc_rd_histogram_2K_INF}}'}]
2026-06-26 16:59:46,691 INFO utils.complier: analyse  formula:[]
2026-06-26 16:59:46,691 INFO utils.complier: analyse  formula:[]
2026-06-26 16:59:46,781 INFO utils.complier: analyse  formula:[{'type': 'VARIABLE', 'value': '{{VL1.p_stall_due_oldest_pt0}}'}, {'type': 'VARIABLE', 'value': '{{VL1.p_stall_due_oldest_pt1}}'}, {'type': 'VARIABLE', 'value': '{{VL1.p_stall_due_oldest_pt2}}'}, {'type': 'VARIABLE', 'value': '{{VL1.p_stall_due_oldest_pt3}}'}]
2026-06-26 16:59:46,781 INFO utils.complier: analyse  formula:[]
2026-06-26 16:59:46,782 INFO utils.complier: analyse  formula:[]
2026-06-26 16:59:46,783 INFO utils.complier: analyse  formula:[{'type': 'PROC_VAR', 'value': '$RET'}]
2026-06-26 16:59:46,783 INFO utils.complier: analyse  formula:[]
2026-06-26 16:59:46,784 INFO utils.complier: analyse  formula:[{'type': 'VARIABLE', 'value': '{{VL1.p_stall_due_oldest_pt0}}'}, {'type': 'VARIABLE', 'value': '{{VL1.p_stall_due_oldest_pt1}}'}, {'type': 'VARIABLE', 'value': '{{VL1.p_stall_due_oldest_pt2}}'}, {'type': 'VARIABLE', 'value': '{{VL1.p_stall_due_oldest_pt3}}'}]
2026-06-26 16:59:46,784 INFO utils.complier: analyse  formula:[]
2026-06-26 16:59:46,785 INFO utils.complier: analyse  formula:[]
2026-06-26 16:59:46,829 INFO utils.complier: analyse  formula:[{'type': 'VARIABLE', 'value': '{{ISU.AP_PERF_INST_BSM_RD}}'}]
2026-06-26 16:59:46,829 INFO utils.complier: analyse  formula:[]
2026-06-26 16:59:46,830 INFO utils.complier: analyse  formula:[]
2026-06-26 16:59:46,830 INFO utils.complier: analyse  formula:[{'type': 'PROC_VAR', 'value': '$RET'}]
2026-06-26 16:59:46,830 INFO utils.complier: analyse  formula:[]
2026-06-26 16:59:46,830 INFO utils.complier: analyse  formula:[{'type': 'VARIABLE', 'value': '{{ISU.AP_PERF_INST_BSM_RD}}'}]
2026-06-26 16:59:46,830 INFO utils.complier: analyse  formula:[]
2026-06-26 16:59:46,831 INFO utils.complier: analyse  formula:[]
2026-06-26 16:59:46,831 INFO utils.complier: analyse  formula:[{'type': 'VARIABLE', 'value': '{{ISU.AP_PERF_INST_BSM_WR}}'}]
2026-06-26 16:59:46,831 INFO utils.complier: analyse  formula:[]
2026-06-26 16:59:46,831 INFO utils.complier: analyse  formula:[]
2026-06-26 16:59:46,831 INFO utils.complier: analyse  formula:[{'type': 'PROC_VAR', 'value': '$RET'}]
2026-06-26 16:59:46,831 INFO utils.complier: analyse  formula:[]
2026-06-26 16:59:46,831 INFO utils.complier: analyse  formula:[{'type': 'VARIABLE', 'value': '{{ISU.AP_PERF_INST_BSM_WR}}'}]
2026-06-26 16:59:46,831 INFO utils.complier: analyse  formula:[]
2026-06-26 16:59:46,832 INFO utils.complier: analyse  formula:[]
2026-06-26 16:59:46,832 INFO utils.complier: analyse  formula:[{'type': 'VARIABLE', 'value': '{{ISU.AP_PERF_INST_BSM_ATOMIC}}'}]
2026-06-26 16:59:46,832 INFO utils.complier: analyse  formula:[]
2026-06-26 16:59:46,832 INFO utils.complier: analyse  formula:[]
2026-06-26 16:59:46,832 INFO utils.complier: analyse  formula:[{'type': 'PROC_VAR', 'value': '$RET'}]
2026-06-26 16:59:46,832 INFO utils.complier: analyse  formula:[]
2026-06-26 16:59:46,832 INFO utils.complier: analyse  formula:[{'type': 'VARIABLE', 'value': '{{ISU.AP_PERF_INST_BSM_ATOMIC}}'}]
2026-06-26 16:59:46,833 INFO utils.complier: analyse  formula:[]
2026-06-26 16:59:46,833 INFO utils.complier: analyse  formula:[]
2026-06-26 16:59:46,833 INFO utils.complier: analyse  formula:[{'type': 'VARIABLE', 'value': '{{ISU.AP_PERF_INSTS_BSM}}'}]
2026-06-26 16:59:46,833 INFO utils.complier: analyse  formula:[]
2026-06-26 16:59:46,833 INFO utils.complier: analyse  formula:[]
2026-06-26 16:59:46,833 INFO utils.complier: analyse  formula:[{'type': 'PROC_VAR', 'value': '$RET'}]
2026-06-26 16:59:46,833 INFO utils.complier: analyse  formula:[]
2026-06-26 16:59:46,833 INFO utils.complier: analyse  formula:[{'type': 'VARIABLE', 'value': '{{ISU.AP_PERF_INSTS_BSM}}'}]
2026-06-26 16:59:46,834 INFO utils.complier: analyse  formula:[]
2026-06-26 16:59:46,834 INFO utils.complier: analyse  formula:[]
2026-06-26 16:59:46,834 INFO utils.complier: analyse  formula:[{'type': 'VARIABLE', 'value': '{{ISU.AP_PERF_BSM_READ_INFLIGHT_LEVEL}}'}, {'type': 'VARIABLE', 'value': '{{ISU.AP_PERF_INST_BSM_RD}}'}, {'type': 'VARIABLE', 'value': '{{ISU.AP_PERF_INST_BSM_RD}}'}]
2026-06-26 16:59:46,834 INFO utils.complier: analyse  formula:[]
2026-06-26 16:59:46,834 INFO utils.complier: analyse  formula:[]
2026-06-26 16:59:46,835 INFO utils.complier: analyse  formula:[{'type': 'PROC_VAR', 'value': '$RET'}]
2026-06-26 16:59:46,835 INFO utils.complier: analyse  formula:[]
2026-06-26 16:59:46,835 INFO utils.complier: analyse  formula:[{'type': 'VARIABLE', 'value': '{{ISU.AP_PERF_BSM_READ_INFLIGHT_LEVEL}}'}, {'type': 'VARIABLE', 'value': '{{ISU.AP_PERF_INST_BSM_RD}}'}, {'type': 'VARIABLE', 'value': '{{ISU.AP_PERF_INST_BSM_RD}}'}]
2026-06-26 16:59:46,836 INFO utils.complier: analyse  formula:[]
2026-06-26 16:59:46,836 INFO utils.complier: analyse  formula:[]
2026-06-26 16:59:46,836 INFO utils.complier: analyse  formula:[{'type': 'VARIABLE', 'value': '{{ISU.AP_PERF_BSM_WR_INFLIGHT_LEVEL}}'}, {'type': 'VARIABLE', 'value': '{{ISU.AP_PERF_INST_BSM_WR}}'}, {'type': 'VARIABLE', 'value': '{{ISU.AP_PERF_INST_BSM_WR}}'}]
2026-06-26 16:59:46,836 INFO utils.complier: analyse  formula:[]
2026-06-26 16:59:46,837 INFO utils.complier: analyse  formula:[]
2026-06-26 16:59:46,837 INFO utils.complier: analyse  formula:[{'type': 'PROC_VAR', 'value': '$RET'}]
2026-06-26 16:59:46,837 INFO utils.complier: analyse  formula:[]
2026-06-26 16:59:46,837 INFO utils.complier: analyse  formula:[{'type': 'VARIABLE', 'value': '{{ISU.AP_PERF_BSM_WR_INFLIGHT_LEVEL}}'}, {'type': 'VARIABLE', 'value': '{{ISU.AP_PERF_INST_BSM_WR}}'}, {'type': 'VARIABLE', 'value': '{{ISU.AP_PERF_INST_BSM_WR}}'}]
2026-06-26 16:59:46,838 INFO utils.complier: analyse  formula:[]
2026-06-26 16:59:46,838 INFO utils.complier: analyse  formula:[]
2026-06-26 16:59:46,838 INFO utils.complier: analyse  formula:[{'type': 'VARIABLE', 'value': '{{ISU.AP_PERF_BSM_ATOMIC_INFLIGHT_LEVEL}}'}, {'type': 'VARIABLE', 'value': '{{ISU.AP_PERF_INST_BSM_ATOMIC}}'}, {'type': 'VARIABLE', 'value': '{{ISU.AP_PERF_INST_BSM_ATOMIC}}'}]
2026-06-26 16:59:46,839 INFO utils.complier: analyse  formula:[]
2026-06-26 16:59:46,839 INFO utils.complier: analyse  formula:[]
2026-06-26 16:59:46,839 INFO utils.complier: analyse  formula:[{'type': 'PROC_VAR', 'value': '$RET'}]
2026-06-26 16:59:46,840 INFO utils.complier: analyse  formula:[]
2026-06-26 16:59:46,840 INFO utils.complier: analyse  formula:[{'type': 'VARIABLE', 'value': '{{ISU.AP_PERF_BSM_ATOMIC_INFLIGHT_LEVEL}}'}, {'type': 'VARIABLE', 'value': '{{ISU.AP_PERF_INST_BSM_ATOMIC}}'}, {'type': 'VARIABLE', 'value': '{{ISU.AP_PERF_INST_BSM_ATOMIC}}'}]
2026-06-26 16:59:46,840 INFO utils.complier: analyse  formula:[]
2026-06-26 16:59:46,841 INFO utils.complier: analyse  formula:[]
2026-06-26 16:59:46,841 INFO utils.complier: analyse  formula:[{'type': 'VARIABLE', 'value': '{{ISU.AP_PERF_BSM_INFLIGHT_LEVEL_IN_AP}}'}, {'type': 'VARIABLE', 'value': '{{ISU.AP_PERF_BSM_INFLIGHT_LEVEL}}'}, {'type': 'VARIABLE', 'value': '{{ISU.AP_PERF_INSTS_BSM}}'}, {'type': 'VARIABLE', 'value': '{{ISU.AP_PERF_INSTS_BSM}}'}]
2026-06-26 16:59:46,841 INFO utils.complier: analyse  formula:[]
2026-06-26 16:59:46,841 INFO utils.complier: analyse  formula:[]
2026-06-26 16:59:46,843 INFO utils.complier: analyse  formula:[{'type': 'PROC_VAR', 'value': '$RET'}]
2026-06-26 16:59:46,843 INFO utils.complier: analyse  formula:[]
2026-06-26 16:59:46,843 INFO utils.complier: analyse  formula:[{'type': 'VARIABLE', 'value': '{{ISU.AP_PERF_BSM_INFLIGHT_LEVEL_IN_AP}}'}, {'type': 'VARIABLE', 'value': '{{ISU.AP_PERF_BSM_INFLIGHT_LEVEL}}'}, {'type': 'VARIABLE', 'value': '{{ISU.AP_PERF_INSTS_BSM}}'}, {'type': 'VARIABLE', 'value': '{{ISU.AP_PERF_INSTS_BSM}}'}]
2026-06-26 16:59:46,844 INFO utils.complier: analyse  formula:[]
2026-06-26 16:59:46,844 INFO utils.complier: analyse  formula:[]
2026-06-26 16:59:46,845 INFO utils.complier: analyse  formula:[{'type': 'VARIABLE', 'value': '{{ISU.AP_PERF_BSM_RD_CYCLES}}'}, {'type': 'VARIABLE', 'value': '{{ISU.AP_PERF_INST_BSM_RD}}'}, {'type': 'VARIABLE', 'value': '{{ISU.AP_PERF_INST_BSM_RD}}'}]
2026-06-26 16:59:46,845 INFO utils.complier: analyse  formula:[]
2026-06-26 16:59:46,845 INFO utils.complier: analyse  formula:[]
2026-06-26 16:59:46,845 INFO utils.complier: analyse  formula:[{'type': 'PROC_VAR', 'value': '$RET'}]
2026-06-26 16:59:46,846 INFO utils.complier: analyse  formula:[]
2026-06-26 16:59:46,846 INFO utils.complier: analyse  formula:[{'type': 'VARIABLE', 'value': '{{ISU.AP_PERF_BSM_RD_CYCLES}}'}, {'type': 'VARIABLE', 'value': '{{ISU.AP_PERF_INST_BSM_RD}}'}, {'type': 'VARIABLE', 'value': '{{ISU.AP_PERF_INST_BSM_RD}}'}]
2026-06-26 16:59:46,846 INFO utils.complier: analyse  formula:[]
2026-06-26 16:59:46,847 INFO utils.complier: analyse  formula:[]
2026-06-26 16:59:46,847 INFO utils.complier: analyse  formula:[{'type': 'VARIABLE', 'value': '{{ISU.AP_PERF_BSM_WR_CYCLES}}'}, {'type': 'VARIABLE', 'value': '{{ISU.AP_PERF_INST_BSM_WR}}'}, {'type': 'VARIABLE', 'value': '{{ISU.AP_PERF_INST_BSM_WR}}'}]
2026-06-26 16:59:46,847 INFO utils.complier: analyse  formula:[]
2026-06-26 16:59:46,847 INFO utils.complier: analyse  formula:[]
2026-06-26 16:59:46,848 INFO utils.complier: analyse  formula:[{'type': 'PROC_VAR', 'value': '$RET'}]
2026-06-26 16:59:46,848 INFO utils.complier: analyse  formula:[]
2026-06-26 16:59:46,848 INFO utils.complier: analyse  formula:[{'type': 'VARIABLE', 'value': '{{ISU.AP_PERF_BSM_WR_CYCLES}}'}, {'type': 'VARIABLE', 'value': '{{ISU.AP_PERF_INST_BSM_WR}}'}, {'type': 'VARIABLE', 'value': '{{ISU.AP_PERF_INST_BSM_WR}}'}]
2026-06-26 16:59:46,849 INFO utils.complier: analyse  formula:[]
2026-06-26 16:59:46,849 INFO utils.complier: analyse  formula:[]
2026-06-26 16:59:46,849 INFO utils.complier: analyse  formula:[{'type': 'VARIABLE', 'value': '{{ISU.AP_PERF_BSM_ATOMIC_CYCLES}}'}, {'type': 'VARIABLE', 'value': '{{ISU.AP_PERF_INST_BSM_ATOMIC}}'}, {'type': 'VARIABLE', 'value': '{{ISU.AP_PERF_INST_BSM_ATOMIC}}'}]
2026-06-26 16:59:46,849 INFO utils.complier: analyse  formula:[]
2026-06-26 16:59:46,849 INFO utils.complier: analyse  formula:[]
2026-06-26 16:59:46,925 INFO utils.complier: analyse  formula:[{'type': 'PROC_VAR', 'value': '$RET'}]
2026-06-26 16:59:46,926 INFO utils.complier: analyse  formula:[]
2026-06-26 16:59:46,926 INFO utils.complier: analyse  formula:[{'type': 'VARIABLE', 'value': '{{ISU.AP_PERF_BSM_ATOMIC_CYCLES}}'}, {'type': 'VARIABLE', 'value': '{{ISU.AP_PERF_INST_BSM_ATOMIC}}'}, {'type': 'VARIABLE', 'value': '{{ISU.AP_PERF_INST_BSM_ATOMIC}}'}]
2026-06-26 16:59:46,926 INFO utils.complier: analyse  formula:[]
2026-06-26 16:59:46,927 INFO utils.complier: analyse  formula:[]
2026-06-26 16:59:46,927 INFO utils.complier: analyse  formula:[{'type': 'VARIABLE', 'value': '{{ISU.AP_PERF_BSM_CONFLICT_CYCLES}}'}, {'type': 'VARIABLE', 'value': '{{ISU.AP_PERF_INSTS_BSM}}'}, {'type': 'VARIABLE', 'value': '{{ISU.AP_PERF_INSTS_BSM}}'}]
2026-06-26 16:59:46,927 INFO utils.complier: analyse  formula:[]
2026-06-26 16:59:46,927 INFO utils.complier: analyse  formula:[]
2026-06-26 16:59:46,928 INFO utils.complier: analyse  formula:[{'type': 'PROC_VAR', 'value': '$RET'}]
2026-06-26 16:59:46,928 INFO utils.complier: analyse  formula:[]
2026-06-26 16:59:46,928 INFO utils.complier: analyse  formula:[{'type': 'VARIABLE', 'value': '{{ISU.AP_PERF_BSM_CONFLICT_CYCLES}}'}, {'type': 'VARIABLE', 'value': '{{ISU.AP_PERF_INSTS_BSM}}'}, {'type': 'VARIABLE', 'value': '{{ISU.AP_PERF_INSTS_BSM}}'}]
2026-06-26 16:59:46,929 INFO utils.complier: analyse  formula:[]
2026-06-26 16:59:46,929 INFO utils.complier: analyse  formula:[]
2026-06-26 16:59:46,929 INFO utils.complier: analyse  formula:[{'type': 'VARIABLE', 'value': '{{ISU.AP_PERF_BSM_RD_CYCLES}}'}, {'type': 'VARIABLE', 'value': '{{ISU.AP_PERF_BSM_WR_CYCLES}}'}, {'type': 'VARIABLE', 'value': '{{ISU.AP_PERF_BSM_ATOMIC_CYCLES}}'}, {'type': 'VARIABLE', 'value': '{{ISU.AP_PERF_INSTS_BSM}}'}, {'type': 'VARIABLE', 'value': '{{ISU.AP_PERF_INSTS_BSM}}'}]
2026-06-26 16:59:46,929 INFO utils.complier: analyse  formula:[]
2026-06-26 16:59:46,930 INFO utils.complier: analyse  formula:[]
2026-06-26 16:59:46,931 INFO utils.complier: analyse  formula:[{'type': 'PROC_VAR', 'value': '$RET'}]
2026-06-26 16:59:46,931 INFO utils.complier: analyse  formula:[]
2026-06-26 16:59:46,931 INFO utils.complier: analyse  formula:[{'type': 'VARIABLE', 'value': '{{ISU.AP_PERF_BSM_RD_CYCLES}}'}, {'type': 'VARIABLE', 'value': '{{ISU.AP_PERF_BSM_WR_CYCLES}}'}, {'type': 'VARIABLE', 'value': '{{ISU.AP_PERF_BSM_ATOMIC_CYCLES}}'}, {'type': 'VARIABLE', 'value': '{{ISU.AP_PERF_INSTS_BSM}}'}, {'type': 'VARIABLE', 'value': '{{ISU.AP_PERF_INSTS_BSM}}'}]
2026-06-26 16:59:46,932 INFO utils.complier: analyse  formula:[]
2026-06-26 16:59:46,932 INFO utils.complier: analyse  formula:[]
2026-06-26 16:59:46,933 INFO utils.complier: analyse  formula:[{'type': 'VARIABLE', 'value': '{{ISU.AP_PERF_BSM_RD_CYCLES}}'}, {'type': 'VARIABLE', 'value': '{{ISU.AP_PERF_BSM_WR_CYCLES}}'}, {'type': 'VARIABLE', 'value': '{{ISU.AP_PERF_BSM_ATOMIC_CYCLES}}'}, {'type': 'VARIABLE', 'value': '{{ISU.AP_PERF_BSM_CONFLICT_CYCLES}}'}]
2026-06-26 16:59:46,933 INFO utils.complier: analyse  formula:[]
2026-06-26 16:59:46,933 INFO utils.complier: analyse  formula:[]
2026-06-26 16:59:46,935 INFO utils.complier: analyse  formula:[{'type': 'PROC_VAR', 'value': '$all_cycle'}, {'type': 'PROC_VAR', 'value': '$conflict_cycle'}, {'type': 'PROC_VAR', 'value': '$rate'}, {'type': 'PROC_VAR', 'value': '$all_cycle'}, {'type': 'PROC_VAR', 'value': '$conflict_cycle'}, {'type': 'PROC_VAR', 'value': '$all_cycle'}, {'type': 'PROC_VAR', 'value': '$all_cycle'}, {'type': 'PROC_VAR', 'value': '$RET'}, {'type': 'PROC_VAR', 'value': '$rate'}]
2026-06-26 16:59:46,936 INFO utils.complier: analyse  formula:[]
2026-06-26 16:59:46,937 INFO utils.complier: analyse  formula:[{'type': 'VARIABLE', 'value': '{{ISU.AP_PERF_BSM_RD_CYCLES}}'}, {'type': 'VARIABLE', 'value': '{{ISU.AP_PERF_BSM_WR_CYCLES}}'}, {'type': 'VARIABLE', 'value': '{{ISU.AP_PERF_BSM_ATOMIC_CYCLES}}'}, {'type': 'VARIABLE', 'value': '{{ISU.AP_PERF_BSM_CONFLICT_CYCLES}}'}]
2026-06-26 16:59:46,939 INFO utils.complier: analyse  formula:[]
2026-06-26 16:59:46,940 INFO utils.complier: analyse  formula:[]
2026-06-26 16:59:46,940 INFO utils.complier: analyse  formula:[{'type': 'VARIABLE', 'value': '{{ISU.AP_PERF_WAVES}}'}]
2026-06-26 16:59:46,940 INFO utils.complier: analyse  formula:[]
2026-06-26 16:59:46,941 INFO utils.complier: analyse  formula:[]
2026-06-26 16:59:46,941 INFO utils.complier: analyse  formula:[{'type': 'PROC_VAR', 'value': '$RET'}]
2026-06-26 16:59:46,941 INFO utils.complier: analyse  formula:[]
2026-06-26 16:59:46,941 INFO utils.complier: analyse  formula:[{'type': 'VARIABLE', 'value': '{{ISU.AP_PERF_WAVES}}'}]
2026-06-26 16:59:46,941 INFO utils.complier: analyse  formula:[]
2026-06-26 16:59:46,941 INFO utils.complier: analyse  formula:[]
2026-06-26 16:59:46,942 INFO utils.complier: analyse  formula:[{'type': 'VARIABLE', 'value': '{{RM.RM_PERF_DISPATCHED_WAVES_P0}}'}, {'type': 'VARIABLE', 'value': '{{RM.RM_PERF_DISPATCHED_WAVES_P1}}'}, {'type': 'VARIABLE', 'value': '{{RM.RM_PERF_DISPATCHED_WAVES_P2}}'}, {'type': 'VARIABLE', 'value': '{{RM.RM_PERF_DISPATCHED_WAVES_P3}}'}]
2026-06-26 16:59:46,942 INFO utils.complier: analyse  formula:[]
2026-06-26 16:59:46,942 INFO utils.complier: analyse  formula:[]
2026-06-26 16:59:46,942 INFO utils.complier: analyse  formula:[{'type': 'PROC_VAR', 'value': '$RET'}]
2026-06-26 16:59:46,942 INFO utils.complier: analyse  formula:[]
2026-06-26 16:59:46,942 INFO utils.complier: analyse  formula:[{'type': 'VARIABLE', 'value': '{{RM.RM_PERF_DISPATCHED_WAVES_P0}}'}, {'type': 'VARIABLE', 'value': '{{RM.RM_PERF_DISPATCHED_WAVES_P1}}'}, {'type': 'VARIABLE', 'value': '{{RM.RM_PERF_DISPATCHED_WAVES_P2}}'}, {'type': 'VARIABLE', 'value': '{{RM.RM_PERF_DISPATCHED_WAVES_P3}}'}]
2026-06-26 16:59:46,943 INFO utils.complier: analyse  formula:[]
2026-06-26 16:59:46,943 INFO utils.complier: analyse  formula:[]
2026-06-26 16:59:46,943 INFO utils.complier: analyse  formula:[{'type': 'VARIABLE', 'value': '{{ISU.AP_PERF_ISU_AP_BUSY}}'}]
2026-06-26 16:59:46,943 INFO utils.complier: analyse  formula:[]
2026-06-26 16:59:46,944 INFO utils.complier: analyse  formula:[]
2026-06-26 16:59:46,944 INFO utils.complier: analyse  formula:[{'type': 'PROC_VAR', 'value': '$RET'}]
2026-06-26 16:59:46,944 INFO utils.complier: analyse  formula:[]
2026-06-26 16:59:46,944 INFO utils.complier: analyse  formula:[{'type': 'VARIABLE', 'value': '{{ISU.AP_PERF_ISU_AP_BUSY}}'}]
2026-06-26 16:59:46,944 INFO utils.complier: analyse  formula:[]
2026-06-26 16:59:46,944 INFO utils.complier: analyse  formula:[]
2026-06-26 16:59:46,945 INFO utils.complier: analyse  formula:[{'type': 'VARIABLE', 'value': '{{ISU.AP_PERF_INST_TRANS_FP16}}'}, {'type': 'VARIABLE', 'value': '{{ISU.AP_PERF_INST_TRANS_FP32}}'}, {'type': 'VARIABLE', 'value': '{{ISU.AP_PERF_MTE_PI_SEG_SEL_F64}}'}, {'type': 'VARIABLE', 'value': '{{ISU.AP_PERF_INST_CYCLES_VALU_4CYCLES}}'}, {'type': 'VARIABLE', 'value': '{{ISU.AP_PERF_ISU_AP_BUSY}}'}]
2026-06-26 16:59:46,945 INFO utils.complier: analyse  formula:[]
2026-06-26 16:59:46,945 INFO utils.complier: analyse  formula:[]
2026-06-26 16:59:46,947 INFO utils.complier: analyse  formula:[{'type': 'PROC_VAR', 'value': '$ap_trans_real'}, {'type': 'PROC_VAR', 'value': '$ap_perf_inst_cycles_valu_real_16'}, {'type': 'PROC_VAR', 'value': '$ap_trans_real'}, {'type': 'PROC_VAR', 'value': '$ap_perf_inst_cycles_valu_real'}, {'type': 'PROC_VAR', 'value': '$ap_perf_inst_cycles_valu_real_16'}, {'type': 'PROC_VAR', 'value': '$RET'}, {'type': 'PROC_VAR', 'value': '$ap_perf_inst_cycles_valu_real'}]
2026-06-26 16:59:46,948 INFO utils.complier: analyse  formula:[]
2026-06-26 16:59:46,950 INFO utils.complier: analyse  formula:[{'type': 'VARIABLE', 'value': '{{ISU.AP_PERF_INST_TRANS_FP16}}'}, {'type': 'VARIABLE', 'value': '{{ISU.AP_PERF_INST_TRANS_FP32}}'}, {'type': 'VARIABLE', 'value': '{{ISU.AP_PERF_MTE_PI_SEG_SEL_F64}}'}, {'type': 'VARIABLE', 'value': '{{ISU.AP_PERF_INST_CYCLES_VALU_4CYCLES}}'}, {'type': 'VARIABLE', 'value': '{{ISU.AP_PERF_ISU_AP_BUSY}}'}]
2026-06-26 16:59:46,953 INFO utils.complier: analyse  formula:[]
2026-06-26 16:59:46,955 INFO utils.complier: analyse  formula:[]
2026-06-26 16:59:46,955 INFO utils.complier: analyse  formula:[{'type': 'VARIABLE', 'value': '{{ISU.AP_PERF_INSTS_SALU}}'}, {'type': 'VARIABLE', 'value': '{{ISU.AP_PERF_ISU_AP_BUSY}}'}]
2026-06-26 16:59:46,955 INFO utils.complier: analyse  formula:[]
2026-06-26 16:59:46,955 INFO utils.complier: analyse  formula:[]
2026-06-26 16:59:46,956 INFO utils.complier: analyse  formula:[{'type': 'PROC_VAR', 'value': '$RET'}]
2026-06-26 16:59:46,956 INFO utils.complier: analyse  formula:[]
2026-06-26 16:59:46,956 INFO utils.complier: analyse  formula:[{'type': 'VARIABLE', 'value': '{{ISU.AP_PERF_INSTS_SALU}}'}, {'type': 'VARIABLE', 'value': '{{ISU.AP_PERF_ISU_AP_BUSY}}'}]
2026-06-26 16:59:46,956 INFO utils.complier: analyse  formula:[]
2026-06-26 16:59:46,956 INFO utils.complier: analyse  formula:[]
2026-06-26 16:59:46,957 INFO utils.complier: analyse  formula:[{'type': 'VARIABLE', 'value': '{{ISU.AP_PERF_INST_CYCLES_MMA}}'}, {'type': 'VARIABLE', 'value': '{{ISU.AP_PERF_ISU_AP_BUSY}}'}]
2026-06-26 16:59:46,957 INFO utils.complier: analyse  formula:[]
2026-06-26 16:59:46,957 INFO utils.complier: analyse  formula:[]
2026-06-26 16:59:46,957 INFO utils.complier: analyse  formula:[{'type': 'PROC_VAR', 'value': '$RET'}]
2026-06-26 16:59:46,957 INFO utils.complier: analyse  formula:[]
2026-06-26 16:59:46,958 INFO utils.complier: analyse  formula:[{'type': 'VARIABLE', 'value': '{{ISU.AP_PERF_INST_CYCLES_MMA}}'}, {'type': 'VARIABLE', 'value': '{{ISU.AP_PERF_ISU_AP_BUSY}}'}]
2026-06-26 16:59:46,958 INFO utils.complier: analyse  formula:[]
2026-06-26 16:59:46,958 INFO utils.complier: analyse  formula:[]
2026-06-26 16:59:46,958 INFO utils.complier: analyse  formula:[{'type': 'VARIABLE', 'value': '{{VLS.PERFEVENT_VLS_ACTIVE}}'}, {'type': 'VARIABLE', 'value': '{{ISU.AP_PERF_ISU_AP_BUSY}}'}]
2026-06-26 16:59:46,958 INFO utils.complier: analyse  formula:[]
2026-06-26 16:59:46,959 INFO utils.complier: analyse  formula:[]
2026-06-26 16:59:46,959 INFO utils.complier: analyse  formula:[{'type': 'PROC_VAR', 'value': '$RET'}]
2026-06-26 16:59:46,959 INFO utils.complier: analyse  formula:[]
2026-06-26 16:59:46,959 INFO utils.complier: analyse  formula:[{'type': 'VARIABLE', 'value': '{{VLS.PERFEVENT_VLS_ACTIVE}}'}, {'type': 'VARIABLE', 'value': '{{ISU.AP_PERF_ISU_AP_BUSY}}'}]
2026-06-26 16:59:46,960 INFO utils.complier: analyse  formula:[]
2026-06-26 16:59:46,960 INFO utils.complier: analyse  formula:[]
2026-06-26 16:59:46,960 INFO utils.complier: analyse  formula:[{'type': 'VARIABLE', 'value': '{{L2C.perf_req}}'}, {'type': 'VARIABLE', 'value': '{{L2C.1_b1}}'}]
2026-06-26 16:59:46,960 INFO utils.complier: analyse  formula:[]
2026-06-26 16:59:46,960 INFO utils.complier: analyse  formula:[]
2026-06-26 16:59:46,960 INFO utils.complier: analyse  formula:[{'type': 'PROC_VAR', 'value': '$RET'}]
2026-06-26 16:59:46,961 INFO utils.complier: analyse  formula:[]
2026-06-26 16:59:46,961 INFO utils.complier: analyse  formula:[{'type': 'VARIABLE', 'value': '{{L2C.perf_req}}'}, {'type': 'VARIABLE', 'value': '{{L2C.1_b1}}'}]
2026-06-26 16:59:46,961 INFO utils.complier: analyse  formula:[]
2026-06-26 16:59:46,961 INFO utils.complier: analyse  formula:[]
2026-06-26 16:59:46,961 INFO utils.complier: analyse  formula:[{'type': 'VARIABLE', 'value': '{{ISU.AP_PERF_ISU_AP_BUSY}}'}]
2026-06-26 16:59:46,962 INFO utils.complier: analyse  formula:[]
2026-06-26 16:59:46,962 INFO utils.complier: analyse  formula:[{'type': 'PRE_VAR', 'value': '@total_instruction_num'}]
2026-06-26 16:59:46,962 INFO utils.complier: analyse  formula:[{'type': 'PROC_VAR', 'value': '$max_ap_cycle'}, {'type': 'PROC_VAR', 'value': '$RET'}, {'type': 'PROC_VAR', 'value': '$max_ap_cycle'}]
2026-06-26 16:59:46,962 INFO utils.complier: analyse  formula:[]
2026-06-26 16:59:46,963 INFO utils.complier: analyse  formula:[{'type': 'VARIABLE', 'value': '{{ISU.AP_PERF_ISU_AP_BUSY}}'}]
2026-06-26 16:59:46,963 INFO utils.complier: analyse  formula:[{'type': 'PRE_VAR', 'value': '@total_instruction_num'}]
2026-06-26 16:59:46,964 INFO utils.complier: analyse  formula:[]
2026-06-26 16:59:46,964 INFO utils.complier: analyse  formula:[{'type': 'VARIABLE_DICT', 'value': '{{{ISU.AP_PERF_INSTS_VALU}}}'}, {'type': 'VARIABLE', 'value': '{{ISU.AP_PERF_ISU_AP_BUSY}}'}]
2026-06-26 16:59:46,965 INFO utils.complier: analyse  formula:[]
2026-06-26 16:59:46,965 INFO utils.complier: analyse  formula:[{'type': 'PRE_VAR', 'value': '@total_instruction_num'}]
2026-06-26 16:59:46,966 INFO utils.complier: analyse  formula:[{'type': 'PROC_VAR', 'value': '$ap_num'}, {'type': 'PROC_VAR', 'value': '$max_ap_cycle'}, {'type': 'PROC_VAR', 'value': '$RET'}, {'type': 'PROC_VAR', 'value': '$max_ap_cycle'}, {'type': 'PROC_VAR', 'value': '$ap_num'}]
2026-06-26 16:59:46,966 INFO utils.complier: analyse  formula:[{'type': 'VARIABLE_DICT', 'value': '{{{ISU.AP_PERF_INSTS_VALU}}}'}]
2026-06-26 16:59:46,967 INFO utils.complier: analyse  formula:[{'type': 'VARIABLE', 'value': '{{ISU.AP_PERF_ISU_AP_BUSY}}'}]
2026-06-26 16:59:46,968 INFO utils.complier: analyse  formula:[{'type': 'PRE_VAR', 'value': '@total_instruction_num'}]
2026-06-26 16:59:46,969 INFO utils.complier: analyse  formula:[]
2026-06-26 16:59:46,969 INFO utils.complier: analyse  formula:[{'type': 'VARIABLE_DICT', 'value': '{{{ISU.AP_PERF_INSTS_VALU}}}'}, {'type': 'VARIABLE', 'value': '{{ISU.AP_PERF_ISU_AP_BUSY}}'}]
2026-06-26 16:59:46,970 INFO utils.complier: analyse  formula:[]
2026-06-26 16:59:46,970 INFO utils.complier: analyse  formula:[{'type': 'PRE_VAR', 'value': '@total_instruction_num'}]
2026-06-26 16:59:46,971 INFO utils.complier: analyse  formula:[{'type': 'PROC_VAR', 'value': '$ap_num'}, {'type': 'PROC_VAR', 'value': '$max_ap_cycle'}, {'type': 'PROC_VAR', 'value': '$RET'}, {'type': 'PROC_VAR', 'value': '$max_ap_cycle'}, {'type': 'PROC_VAR', 'value': '$ap_num'}]
2026-06-26 16:59:46,972 INFO utils.complier: analyse  formula:[{'type': 'VARIABLE_DICT', 'value': '{{{ISU.AP_PERF_INSTS_VALU}}}'}]
2026-06-26 16:59:46,972 INFO utils.complier: analyse  formula:[{'type': 'VARIABLE', 'value': '{{ISU.AP_PERF_ISU_AP_BUSY}}'}]
2026-06-26 16:59:46,973 INFO utils.complier: analyse  formula:[{'type': 'PRE_VAR', 'value': '@total_instruction_num'}]
2026-06-26 16:59:46,974 INFO utils.complier: analyse  formula:[]
2026-06-26 16:59:46,975 INFO utils.complier: analyse  formula:[{'type': 'VARIABLE', 'value': '{{ISU.AP_PERF_INSTS_VALU}}'}, {'type': 'VARIABLE', 'value': '{{ISU.AP_PERF_INSTS_MMA}}'}, {'type': 'VARIABLE', 'value': '{{ISU.AP_PERF_INSTS_SALU}}'}, {'type': 'VARIABLE', 'value': '{{ISU.AP_PERF_INSTS_GVM}}'}, {'type': 'VARIABLE', 'value': '{{ISU.AP_PERF_INSTS_BSM}}'}, {'type': 'VARIABLE', 'value': '{{ISU.AP_PERF_INSTS_LDU}}'}, {'type': 'VARIABLE', 'value': '{{ISU.AP_PERF_INST_MISC}}'}, {'type': 'VARIABLE', 'value': '{{ISU.AP_PERF_ISU_AP_BUSY}}'}]
2026-06-26 16:59:46,975 INFO utils.complier: analyse  formula:[]
2026-06-26 16:59:46,975 INFO utils.complier: analyse  formula:[]
2026-06-26 16:59:46,977 INFO utils.complier: analyse  formula:[{'type': 'PROC_VAR', 'value': '$RET'}, {'type': 'PROC_VAR', 'value': '$max_ap_cycle'}]
2026-06-26 16:59:46,977 INFO utils.complier: analyse  formula:[]
2026-06-26 16:59:46,978 INFO utils.complier: analyse  formula:[{'type': 'VARIABLE', 'value': '{{ISU.AP_PERF_INSTS_VALU}}'}, {'type': 'VARIABLE', 'value': '{{ISU.AP_PERF_INSTS_MMA}}'}, {'type': 'VARIABLE', 'value': '{{ISU.AP_PERF_INSTS_SALU}}'}, {'type': 'VARIABLE', 'value': '{{ISU.AP_PERF_INSTS_GVM}}'}, {'type': 'VARIABLE', 'value': '{{ISU.AP_PERF_INSTS_BSM}}'}, {'type': 'VARIABLE', 'value': '{{ISU.AP_PERF_INSTS_LDU}}'}, {'type': 'VARIABLE', 'value': '{{ISU.AP_PERF_INST_MISC}}'}, {'type': 'VARIABLE', 'value': '{{ISU.AP_PERF_ISU_AP_BUSY}}'}]
2026-06-26 16:59:46,979 INFO utils.complier: analyse  formula:[]
2026-06-26 16:59:46,980 INFO utils.complier: analyse  formula:[]
2026-06-26 16:59:46,980 INFO utils.complier: analyse  formula:[{'type': 'VARIABLE_DICT', 'value': '{{{ISU.AP_PERF_INSTS_VALU}}}'}, {'type': 'VARIABLE', 'value': '{{ISU.AP_PERF_INSTS_VALU}}'}, {'type': 'VARIABLE', 'value': '{{ISU.AP_PERF_INSTS_MMA}}'}, {'type': 'VARIABLE', 'value': '{{ISU.AP_PERF_INSTS_SALU}}'}, {'type': 'VARIABLE', 'value': '{{ISU.AP_PERF_INSTS_GVM}}'}, {'type': 'VARIABLE', 'value': '{{ISU.AP_PERF_INSTS_BSM}}'}, {'type': 'VARIABLE', 'value': '{{ISU.AP_PERF_INSTS_LDU}}'}, {'type': 'VARIABLE', 'value': '{{ISU.AP_PERF_INST_MISC}}'}, {'type': 'VARIABLE', 'value': '{{ISU.AP_PERF_ISU_AP_BUSY}}'}]
2026-06-26 16:59:46,981 INFO utils.complier: analyse  formula:[]
2026-06-26 16:59:46,981 INFO utils.complier: analyse  formula:[]
2026-06-26 16:59:46,983 INFO utils.complier: analyse  formula:[{'type': 'PROC_VAR', 'value': '$ap_num'}, {'type': 'PROC_VAR', 'value': '$Total_Num'}, {'type': 'PROC_VAR', 'value': '$max_ap_cycle'}, {'type': 'PROC_VAR', 'value': '$RET'}, {'type': 'PROC_VAR', 'value': '$Total_Num'}, {'type': 'PROC_VAR', 'value': '$ap_num'}]
2026-06-26 16:59:46,984 INFO utils.complier: analyse  formula:[{'type': 'VARIABLE_DICT', 'value': '{{{ISU.AP_PERF_INSTS_VALU}}}'}]
2026-06-26 16:59:46,985 INFO utils.complier: analyse  formula:[{'type': 'VARIABLE', 'value': '{{ISU.AP_PERF_INSTS_VALU}}'}, {'type': 'VARIABLE', 'value': '{{ISU.AP_PERF_INSTS_MMA}}'}, {'type': 'VARIABLE', 'value': '{{ISU.AP_PERF_INSTS_SALU}}'}, {'type': 'VARIABLE', 'value': '{{ISU.AP_PERF_INSTS_GVM}}'}, {'type': 'VARIABLE', 'value': '{{ISU.AP_PERF_INSTS_BSM}}'}, {'type': 'VARIABLE', 'value': '{{ISU.AP_PERF_INSTS_LDU}}'}, {'type': 'VARIABLE', 'value': '{{ISU.AP_PERF_INST_MISC}}'}, {'type': 'VARIABLE', 'value': '{{ISU.AP_PERF_ISU_AP_BUSY}}'}]
2026-06-26 16:59:46,987 INFO utils.complier: analyse  formula:[]
2026-06-26 16:59:46,988 INFO utils.complier: analyse  formula:[]
2026-06-26 16:59:46,991 INFO utils.complier: analyse  formula:[{'type': 'VARIABLE', 'value': '{{ISU.AP_PERF_INSTS_VALU}}'}, {'type': 'VARIABLE', 'value': '{{ISU.AP_PERF_INST_FMA_F32}}'}, {'type': 'VARIABLE', 'value': '{{ISU.AP_PERF_INST_FMA_F64}}'}, {'type': 'VARIABLE', 'value': '{{ISU.AP_PERF_INST_TRANS_FP16}}'}, {'type': 'VARIABLE', 'value': '{{ISU.AP_PERF_INST_TRANS_FP32}}'}, {'type': 'VARIABLE', 'value': '{{ISU.AP_PERF_MTE_PI_SEG_SEL_F64}}'}, {'type': 'VARIABLE', 'value': '{{ISU.AP_PERF_MTE_PI_SEG_SEL_F64}}'}, {'type': 'VARIABLE', 'value': '{{ISU.AP_PERF_INST_FMA_F32}}'}, {'type': 'VARIABLE', 'value': '{{ISU.AP_PERF_INST_FMA_F64}}'}, {'type': 'VARIABLE', 'value': '{{ISU.AP_PERF_INST_TRANS_FP16}}'}, {'type': 'VARIABLE', 'value': '{{ISU.AP_PERF_INST_TRANS_FP32}}'}, {'type': 'VARIABLE', 'value': '{{ISU.AP_PERF_INST_MMA_INT8}}'}, {'type': 'VARIABLE', 'value': '{{ISU.AP_PERF_INST_MMA_FP16}}'}, {'type': 'VARIABLE', 'value': '{{ISU.AP_PERF_INST_MMA_BF16}}'}, {'type': 'VARIABLE', 'value': '{{ISU.AP_PERF_INST_MMA_TF32}}'}, {'type': 'VARIABLE', 'value': '{{ISU.AP_PERF_INST_MMA_F32}}'}, {'type': 'VARIABLE', 'value': '{{ISU.AP_PERF_INST_MMA_F64}}'}, {'type': 'VARIABLE', 'value': '{{ISU.AP_PERF_INST_MMA_TF64}}'}, {'type': 'VARIABLE', 'value': '{{L2C.perf_dnoc_rdreq_32B}}'}, {'type': 'VARIABLE', 'value': '{{L2C.perf_dnoc_rdreq_64B}}'}, {'type': 'VARIABLE', 'value': '{{L2C.perf_dnoc_rdreq_128B}}'}, {'type': 'VARIABLE', 'value': '{{L2C.perf_dnoc_wrreq_32B_low}}'}, {'type': 'VARIABLE', 'value': '{{L2C.perf_dnoc_wrreq_32B_high}}'}, {'type': 'VARIABLE', 'value': '{{L2C.perf_dnoc_wrreq_64B}}'}, {'type': 'VARIABLE', 'value': '{{L2C.perf_dnoc_wrreq_128B}}'}, {'type': 'VARIABLE', 'value': '{{VL1.p_perf_thread_req_cnt}}'}, {'type': 'VARIABLE', 'value': '{{VL1.perf_inflt_rd_req}}'}, {'type': 'VARIABLE', 'value': '{{ISU.AP_PERF_ISU_AP_BUSY}}'}, {'type': 'VARIABLE_DICT', 'value': '{{{ISU.AP_PERF_ISU_AP_BUSY}}}'}]
2026-06-26 16:59:46,993 INFO utils.complier: analyse  formula:[]
2026-06-26 16:59:46,996 INFO utils.complier: analyse  formula:[]
2026-06-26 16:59:47,002 INFO utils.complier: analyse  formula:[{'type': 'PROC_VAR', 'value': '$valu_inst_all'}, {'type': 'PROC_VAR', 'value': '$valu_64'}, {'type': 'PROC_VAR', 'value': '$valu_inst_all'}, {'type': 'PROC_VAR', 'value': '$fma_128'}, {'type': 'PROC_VAR', 'value': '$trans_16'}, {'type': 'PROC_VAR', 'value': '$mma_4k'}, {'type': 'PROC_VAR', 'value': '$mma_2k'}, {'type': 'PROC_VAR', 'value': '$mma_1k'}, {'type': 'PROC_VAR', 'value': '$mma_256'}, {'type': 'PROC_VAR', 'value': '$all_ops'}, {'type': 'PROC_VAR', 'value': '$fma_128'}, {'type': 'PROC_VAR', 'value': '$trans_16'}, {'type': 'PROC_VAR', 'value': '$mma_4k'}, {'type': 'PROC_VAR', 'value': '$mma_2k'}, {'type': 'PROC_VAR', 'value': '$mma_1k'}, {'type': 'PROC_VAR', 'value': '$mma_256'}, {'type': 'PROC_VAR', 'value': '$valu_64'}, {'type': 'PROC_VAR', 'value': '$all_memacs'}, {'type': 'PROC_VAR', 'value': '$vl1_memacs'}, {'type': 'PROC_VAR', 'value': '$l2c_memacs'}, {'type': 'PROC_VAR', 'value': '$during'}, {'type': 'PROC_VAR', 'value': '$ap_num'}, {'type': 'PROC_VAR', 'value': '$RET'}, {'type': 'PROC_VAR', 'value': '$all_ops'}, {'type': 'PROC_VAR', 'value': '$all_memacs'}, {'type': 'PROC_VAR', 'value': '$during'}, {'type': 'PROC_VAR', 'value': '$ap_num'}, {'type': 'PROC_VAR', 'value': '$vl1_memacs'}, {'type': 'PROC_VAR', 'value': '$l2c_memacs'}]
2026-06-26 16:59:47,008 INFO utils.complier: analyse  formula:[{'type': 'VARIABLE_DICT', 'value': '{{{ISU.AP_PERF_ISU_AP_BUSY}}}'}]
2026-06-26 16:59:47,013 INFO utils.complier: analyse  formula:[{'type': 'VARIABLE', 'value': '{{ISU.AP_PERF_INSTS_VALU}}'}, {'type': 'VARIABLE', 'value': '{{ISU.AP_PERF_INST_FMA_F32}}'}, {'type': 'VARIABLE', 'value': '{{ISU.AP_PERF_INST_FMA_F64}}'}, {'type': 'VARIABLE', 'value': '{{ISU.AP_PERF_INST_TRANS_FP16}}'}, {'type': 'VARIABLE', 'value': '{{ISU.AP_PERF_INST_TRANS_FP32}}'}, {'type': 'VARIABLE', 'value': '{{ISU.AP_PERF_MTE_PI_SEG_SEL_F64}}'}, {'type': 'VARIABLE', 'value': '{{ISU.AP_PERF_MTE_PI_SEG_SEL_F64}}'}, {'type': 'VARIABLE', 'value': '{{ISU.AP_PERF_INST_FMA_F32}}'}, {'type': 'VARIABLE', 'value': '{{ISU.AP_PERF_INST_FMA_F64}}'}, {'type': 'VARIABLE', 'value': '{{ISU.AP_PERF_INST_TRANS_FP16}}'}, {'type': 'VARIABLE', 'value': '{{ISU.AP_PERF_INST_TRANS_FP32}}'}, {'type': 'VARIABLE', 'value': '{{ISU.AP_PERF_INST_MMA_INT8}}'}, {'type': 'VARIABLE', 'value': '{{ISU.AP_PERF_INST_MMA_FP16}}'}, {'type': 'VARIABLE', 'value': '{{ISU.AP_PERF_INST_MMA_BF16}}'}, {'type': 'VARIABLE', 'value': '{{ISU.AP_PERF_INST_MMA_TF32}}'}, {'type': 'VARIABLE', 'value': '{{ISU.AP_PERF_INST_MMA_F32}}'}, {'type': 'VARIABLE', 'value': '{{ISU.AP_PERF_INST_MMA_F64}}'}, {'type': 'VARIABLE', 'value': '{{ISU.AP_PERF_INST_MMA_TF64}}'}, {'type': 'VARIABLE', 'value': '{{L2C.perf_dnoc_rdreq_32B}}'}, {'type': 'VARIABLE', 'value': '{{L2C.perf_dnoc_rdreq_64B}}'}, {'type': 'VARIABLE', 'value': '{{L2C.perf_dnoc_rdreq_128B}}'}, {'type': 'VARIABLE', 'value': '{{L2C.perf_dnoc_wrreq_32B_low}}'}, {'type': 'VARIABLE', 'value': '{{L2C.perf_dnoc_wrreq_32B_high}}'}, {'type': 'VARIABLE', 'value': '{{L2C.perf_dnoc_wrreq_64B}}'}, {'type': 'VARIABLE', 'value': '{{L2C.perf_dnoc_wrreq_128B}}'}, {'type': 'VARIABLE', 'value': '{{VL1.p_perf_thread_req_cnt}}'}, {'type': 'VARIABLE', 'value': '{{VL1.perf_inflt_rd_req}}'}, {'type': 'VARIABLE', 'value': '{{ISU.AP_PERF_ISU_AP_BUSY}}'}]
2026-06-26 16:59:47,021 INFO utils.complier: analyse  formula:[]
2026-06-26 16:59:47,028 INFO utils.complier: analyse  formula:[]
2026-06-26 16:59:47,068 DEBUG matplotlib.ticker: vmin 1e-05 vmax 13487.104010777435
2026-06-26 16:59:47,068 DEBUG matplotlib.ticker: ticklocs array([], dtype=float64)
2026-06-26 16:59:47,070 DEBUG matplotlib.font_manager: findfont: Matching STIXGeneral:style=normal:variant=normal:weight=normal:stretch=normal:size=10.0.
2026-06-26 16:59:47,070 DEBUG matplotlib.font_manager: findfont: score(<Font 'STIXSizeThreeSym' (STIXSizThreeSymBol.ttf) normal normal 700 normal>) = 10.335
2026-06-26 16:59:47,070 DEBUG matplotlib.font_manager: findfont: score(<Font 'cmmi10' (cmmi10.ttf) normal normal 400 normal>) = 10.05
2026-06-26 16:59:47,070 DEBUG matplotlib.font_manager: findfont: score(<Font 'DejaVu Sans Display' (DejaVuSansDisplay.ttf) normal normal 400 normal>) = 10.05
2026-06-26 16:59:47,070 DEBUG matplotlib.font_manager: findfont: score(<Font 'DejaVu Serif' (DejaVuSerif-Italic.ttf) italic normal 400 normal>) = 11.05
2026-06-26 16:59:47,070 DEBUG matplotlib.font_manager: findfont: score(<Font 'STIXSizeFourSym' (STIXSizFourSymBol.ttf) normal normal 700 normal>) = 10.335
2026-06-26 16:59:47,070 DEBUG matplotlib.font_manager: findfont: score(<Font 'cmss10' (cmss10.ttf) normal normal 400 normal>) = 10.05
2026-06-26 16:59:47,070 DEBUG matplotlib.font_manager: findfont: score(<Font 'STIXNonUnicode' (STIXNonUniBolIta.ttf) italic normal 700 normal>) = 11.335
2026-06-26 16:59:47,070 DEBUG matplotlib.font_manager: findfont: score(<Font 'STIXGeneral' (STIXGeneralBol.ttf) normal normal 700 normal>) = 0.33499999999999996
2026-06-26 16:59:47,070 DEBUG matplotlib.font_manager: findfont: score(<Font 'STIXNonUnicode' (STIXNonUni.ttf) normal normal 400 normal>) = 10.05
2026-06-26 16:59:47,070 DEBUG matplotlib.font_manager: findfont: score(<Font 'cmex10' (cmex10.ttf) normal normal 400 normal>) = 10.05
2026-06-26 16:59:47,070 DEBUG matplotlib.font_manager: findfont: score(<Font 'DejaVu Sans' (DejaVuSans-Oblique.ttf) oblique normal 400 normal>) = 11.05
2026-06-26 16:59:47,070 DEBUG matplotlib.font_manager: findfont: score(<Font 'STIXSizeOneSym' (STIXSizOneSymReg.ttf) normal normal 400 normal>) = 10.05
2026-06-26 16:59:47,070 DEBUG matplotlib.font_manager: findfont: score(<Font 'STIXSizeTwoSym' (STIXSizTwoSymBol.ttf) normal normal 700 normal>) = 10.335
2026-06-26 16:59:47,070 DEBUG matplotlib.font_manager: findfont: score(<Font 'STIXNonUnicode' (STIXNonUniIta.ttf) italic normal 400 normal>) = 11.05
2026-06-26 16:59:47,071 DEBUG matplotlib.font_manager: findfont: score(<Font 'STIXNonUnicode' (STIXNonUniBol.ttf) normal normal 700 normal>) = 10.335
2026-06-26 16:59:47,071 DEBUG matplotlib.font_manager: findfont: score(<Font 'cmb10' (cmb10.ttf) normal normal 400 normal>) = 10.05
2026-06-26 16:59:47,071 DEBUG matplotlib.font_manager: findfont: score(<Font 'STIXSizeFiveSym' (STIXSizFiveSymReg.ttf) normal normal 400 normal>) = 10.05
2026-06-26 16:59:47,071 DEBUG matplotlib.font_manager: findfont: score(<Font 'DejaVu Serif' (DejaVuSerif.ttf) normal normal 400 normal>) = 10.05
2026-06-26 16:59:47,071 DEBUG matplotlib.font_manager: findfont: score(<Font 'DejaVu Sans Mono' (DejaVuSansMono-Bold.ttf) normal normal 700 normal>) = 10.335
2026-06-26 16:59:47,071 DEBUG matplotlib.font_manager: findfont: score(<Font 'DejaVu Sans Mono' (DejaVuSansMono.ttf) normal normal 400 normal>) = 10.05
2026-06-26 16:59:47,071 DEBUG matplotlib.font_manager: findfont: score(<Font 'DejaVu Serif' (DejaVuSerif-BoldItalic.ttf) italic normal 700 normal>) = 11.335
2026-06-26 16:59:47,071 DEBUG matplotlib.font_manager: findfont: score(<Font 'STIXSizeOneSym' (STIXSizOneSymBol.ttf) normal normal 700 normal>) = 10.335
2026-06-26 16:59:47,071 DEBUG matplotlib.font_manager: findfont: score(<Font 'cmtt10' (cmtt10.ttf) normal normal 400 normal>) = 10.05
2026-06-26 16:59:47,071 DEBUG matplotlib.font_manager: findfont: score(<Font 'DejaVu Sans Mono' (DejaVuSansMono-Oblique.ttf) oblique normal 400 normal>) = 11.05
2026-06-26 16:59:47,071 DEBUG matplotlib.font_manager: findfont: score(<Font 'DejaVu Sans' (DejaVuSans-BoldOblique.ttf) oblique normal 700 normal>) = 11.335
2026-06-26 16:59:47,071 DEBUG matplotlib.font_manager: findfont: score(<Font 'DejaVu Sans' (DejaVuSans-Bold.ttf) normal normal 700 normal>) = 10.335
2026-06-26 16:59:47,071 DEBUG matplotlib.font_manager: findfont: score(<Font 'STIXSizeFourSym' (STIXSizFourSymReg.ttf) normal normal 400 normal>) = 10.05
2026-06-26 16:59:47,071 DEBUG matplotlib.font_manager: findfont: score(<Font 'STIXGeneral' (STIXGeneralBolIta.ttf) italic normal 700 normal>) = 1.335
2026-06-26 16:59:47,071 DEBUG matplotlib.font_manager: findfont: score(<Font 'STIXGeneral' (STIXGeneral.ttf) normal normal 400 normal>) = 0.05
2026-06-26 16:59:47,071 DEBUG matplotlib.font_manager: findfont: score(<Font 'cmsy10' (cmsy10.ttf) normal normal 400 normal>) = 10.05
2026-06-26 16:59:47,071 DEBUG matplotlib.font_manager: findfont: score(<Font 'STIXSizeTwoSym' (STIXSizTwoSymReg.ttf) normal normal 400 normal>) = 10.05
2026-06-26 16:59:47,071 DEBUG matplotlib.font_manager: findfont: score(<Font 'STIXGeneral' (STIXGeneralItalic.ttf) italic normal 400 normal>) = 1.05
2026-06-26 16:59:47,071 DEBUG matplotlib.font_manager: findfont: score(<Font 'DejaVu Serif' (DejaVuSerif-Bold.ttf) normal normal 700 normal>) = 10.335
2026-06-26 16:59:47,071 DEBUG matplotlib.font_manager: findfont: score(<Font 'STIXSizeThreeSym' (STIXSizThreeSymReg.ttf) normal normal 400 normal>) = 10.05
2026-06-26 16:59:47,071 DEBUG matplotlib.font_manager: findfont: score(<Font 'cmr10' (cmr10.ttf) normal normal 400 normal>) = 10.05
2026-06-26 16:59:47,071 DEBUG matplotlib.font_manager: findfont: score(<Font 'DejaVu Sans Mono' (DejaVuSansMono-BoldOblique.ttf) oblique normal 700 normal>) = 11.335
2026-06-26 16:59:47,071 DEBUG matplotlib.font_manager: findfont: score(<Font 'DejaVu Sans' (DejaVuSans.ttf) normal normal 400 normal>) = 10.05
2026-06-26 16:59:47,071 DEBUG matplotlib.font_manager: findfont: score(<Font 'DejaVu Serif Display' (DejaVuSerifDisplay.ttf) normal normal 400 normal>) = 10.05
2026-06-26 16:59:47,071 DEBUG matplotlib.font_manager: findfont: score(<Font 'DejaVu Sans' (DejaVuSans.ttf) normal normal 400 normal>) = 10.05
2026-06-26 16:59:47,071 DEBUG matplotlib.font_manager: findfont: score(<Font 'DejaVu Sans Mono' (DejaVuSansMono.ttf) normal normal 400 normal>) = 10.05
2026-06-26 16:59:47,071 DEBUG matplotlib.font_manager: findfont: score(<Font 'DejaVu Serif' (DejaVuSerif-Bold.ttf) normal normal 700 normal>) = 10.335
2026-06-26 16:59:47,071 DEBUG matplotlib.font_manager: findfont: score(<Font 'DejaVu Sans' (DejaVuSans-Bold.ttf) normal normal 700 normal>) = 10.335
2026-06-26 16:59:47,071 DEBUG matplotlib.font_manager: findfont: score(<Font 'DejaVu Sans Mono' (DejaVuSansMono-Bold.ttf) normal normal 700 normal>) = 10.335
2026-06-26 16:59:47,071 DEBUG matplotlib.font_manager: findfont: score(<Font 'DejaVu Serif' (DejaVuSerif.ttf) normal normal 400 normal>) = 10.05
2026-06-26 16:59:47,071 DEBUG matplotlib.font_manager: findfont: Matching STIXGeneral:style=normal:variant=normal:weight=normal:stretch=normal:size=10.0 to STIXGeneral ('/tmp/_MEIOlvj2w/matplotlib/mpl-data/fonts/ttf/STIXGeneral.ttf') with score of 0.050000.
2026-06-26 16:59:47,072 DEBUG matplotlib.font_manager: findfont: Matching STIXGeneral:style=italic:variant=normal:weight=normal:stretch=normal:size=10.0.
2026-06-26 16:59:47,072 DEBUG matplotlib.font_manager: findfont: score(<Font 'STIXSizeThreeSym' (STIXSizThreeSymBol.ttf) normal normal 700 normal>) = 11.335
2026-06-26 16:59:47,072 DEBUG matplotlib.font_manager: findfont: score(<Font 'cmmi10' (cmmi10.ttf) normal normal 400 normal>) = 11.05
2026-06-26 16:59:47,072 DEBUG matplotlib.font_manager: findfont: score(<Font 'DejaVu Sans Display' (DejaVuSansDisplay.ttf) normal normal 400 normal>) = 11.05
2026-06-26 16:59:47,072 DEBUG matplotlib.font_manager: findfont: score(<Font 'DejaVu Serif' (DejaVuSerif-Italic.ttf) italic normal 400 normal>) = 10.05
2026-06-26 16:59:47,072 DEBUG matplotlib.font_manager: findfont: score(<Font 'STIXSizeFourSym' (STIXSizFourSymBol.ttf) normal normal 700 normal>) = 11.335
2026-06-26 16:59:47,072 DEBUG matplotlib.font_manager: findfont: score(<Font 'cmss10' (cmss10.ttf) normal normal 400 normal>) = 11.05
2026-06-26 16:59:47,072 DEBUG matplotlib.font_manager: findfont: score(<Font 'STIXNonUnicode' (STIXNonUniBolIta.ttf) italic normal 700 normal>) = 10.335
2026-06-26 16:59:47,072 DEBUG matplotlib.font_manager: findfont: score(<Font 'STIXGeneral' (STIXGeneralBol.ttf) normal normal 700 normal>) = 1.335
2026-06-26 16:59:47,072 DEBUG matplotlib.font_manager: findfont: score(<Font 'STIXNonUnicode' (STIXNonUni.ttf) normal normal 400 normal>) = 11.05
2026-06-26 16:59:47,072 DEBUG matplotlib.font_manager: findfont: score(<Font 'cmex10' (cmex10.ttf) normal normal 400 normal>) = 11.05
2026-06-26 16:59:47,072 DEBUG matplotlib.font_manager: findfont: score(<Font 'DejaVu Sans' (DejaVuSans-Oblique.ttf) oblique normal 400 normal>) = 10.15
2026-06-26 16:59:47,072 DEBUG matplotlib.font_manager: findfont: score(<Font 'STIXSizeOneSym' (STIXSizOneSymReg.ttf) normal normal 400 normal>) = 11.05
2026-06-26 16:59:47,072 DEBUG matplotlib.font_manager: findfont: score(<Font 'STIXSizeTwoSym' (STIXSizTwoSymBol.ttf) normal normal 700 normal>) = 11.335
2026-06-26 16:59:47,072 DEBUG matplotlib.font_manager: findfont: score(<Font 'STIXNonUnicode' (STIXNonUniIta.ttf) italic normal 400 normal>) = 10.05
2026-06-26 16:59:47,072 DEBUG matplotlib.font_manager: findfont: score(<Font 'STIXNonUnicode' (STIXNonUniBol.ttf) normal normal 700 normal>) = 11.335
2026-06-26 16:59:47,072 DEBUG matplotlib.font_manager: findfont: score(<Font 'cmb10' (cmb10.ttf) normal normal 400 normal>) = 11.05
2026-06-26 16:59:47,072 DEBUG matplotlib.font_manager: findfont: score(<Font 'STIXSizeFiveSym' (STIXSizFiveSymReg.ttf) normal normal 400 normal>) = 11.05
2026-06-26 16:59:47,072 DEBUG matplotlib.font_manager: findfont: score(<Font 'DejaVu Serif' (DejaVuSerif.ttf) normal normal 400 normal>) = 11.05
2026-06-26 16:59:47,072 DEBUG matplotlib.font_manager: findfont: score(<Font 'DejaVu Sans Mono' (DejaVuSansMono-Bold.ttf) normal normal 700 normal>) = 11.335
2026-06-26 16:59:47,072 DEBUG matplotlib.font_manager: findfont: score(<Font 'DejaVu Sans Mono' (DejaVuSansMono.ttf) normal normal 400 normal>) = 11.05
2026-06-26 16:59:47,072 DEBUG matplotlib.font_manager: findfont: score(<Font 'DejaVu Serif' (DejaVuSerif-BoldItalic.ttf) italic normal 700 normal>) = 10.335
2026-06-26 16:59:47,072 DEBUG matplotlib.font_manager: findfont: score(<Font 'STIXSizeOneSym' (STIXSizOneSymBol.ttf) normal normal 700 normal>) = 11.335
2026-06-26 16:59:47,073 DEBUG matplotlib.font_manager: findfont: score(<Font 'cmtt10' (cmtt10.ttf) normal normal 400 normal>) = 11.05
2026-06-26 16:59:47,073 DEBUG matplotlib.font_manager: findfont: score(<Font 'DejaVu Sans Mono' (DejaVuSansMono-Oblique.ttf) oblique normal 400 normal>) = 10.15
2026-06-26 16:59:47,073 DEBUG matplotlib.font_manager: findfont: score(<Font 'DejaVu Sans' (DejaVuSans-BoldOblique.ttf) oblique normal 700 normal>) = 10.434999999999999
2026-06-26 16:59:47,073 DEBUG matplotlib.font_manager: findfont: score(<Font 'DejaVu Sans' (DejaVuSans-Bold.ttf) normal normal 700 normal>) = 11.335
2026-06-26 16:59:47,073 DEBUG matplotlib.font_manager: findfont: score(<Font 'STIXSizeFourSym' (STIXSizFourSymReg.ttf) normal normal 400 normal>) = 11.05
2026-06-26 16:59:47,073 DEBUG matplotlib.font_manager: findfont: score(<Font 'STIXGeneral' (STIXGeneralBolIta.ttf) italic normal 700 normal>) = 0.33499999999999996
2026-06-26 16:59:47,073 DEBUG matplotlib.font_manager: findfont: score(<Font 'STIXGeneral' (STIXGeneral.ttf) normal normal 400 normal>) = 1.05
2026-06-26 16:59:47,073 DEBUG matplotlib.font_manager: findfont: score(<Font 'cmsy10' (cmsy10.ttf) normal normal 400 normal>) = 11.05
2026-06-26 16:59:47,073 DEBUG matplotlib.font_manager: findfont: score(<Font 'STIXSizeTwoSym' (STIXSizTwoSymReg.ttf) normal normal 400 normal>) = 11.05
2026-06-26 16:59:47,073 DEBUG matplotlib.font_manager: findfont: score(<Font 'STIXGeneral' (STIXGeneralItalic.ttf) italic normal 400 normal>) = 0.05
2026-06-26 16:59:47,073 DEBUG matplotlib.font_manager: findfont: score(<Font 'DejaVu Serif' (DejaVuSerif-Bold.ttf) normal normal 700 normal>) = 11.335
2026-06-26 16:59:47,073 DEBUG matplotlib.font_manager: findfont: score(<Font 'STIXSizeThreeSym' (STIXSizThreeSymReg.ttf) normal normal 400 normal>) = 11.05
2026-06-26 16:59:47,073 DEBUG matplotlib.font_manager: findfont: score(<Font 'cmr10' (cmr10.ttf) normal normal 400 normal>) = 11.05
2026-06-26 16:59:47,073 DEBUG matplotlib.font_manager: findfont: score(<Font 'DejaVu Sans Mono' (DejaVuSansMono-BoldOblique.ttf) oblique normal 700 normal>) = 10.434999999999999
2026-06-26 16:59:47,073 DEBUG matplotlib.font_manager: findfont: score(<Font 'DejaVu Sans' (DejaVuSans.ttf) normal normal 400 normal>) = 11.05
2026-06-26 16:59:47,073 DEBUG matplotlib.font_manager: findfont: score(<Font 'DejaVu Serif Display' (DejaVuSerifDisplay.ttf) normal normal 400 normal>) = 11.05
2026-06-26 16:59:47,073 DEBUG matplotlib.font_manager: findfont: score(<Font 'DejaVu Sans' (DejaVuSans.ttf) normal normal 400 normal>) = 11.05
2026-06-26 16:59:47,073 DEBUG matplotlib.font_manager: findfont: score(<Font 'DejaVu Sans Mono' (DejaVuSansMono.ttf) normal normal 400 normal>) = 11.05
2026-06-26 16:59:47,073 DEBUG matplotlib.font_manager: findfont: score(<Font 'DejaVu Serif' (DejaVuSerif-Bold.ttf) normal normal 700 normal>) = 11.335
2026-06-26 16:59:47,073 DEBUG matplotlib.font_manager: findfont: score(<Font 'DejaVu Sans' (DejaVuSans-Bold.ttf) normal normal 700 normal>) = 11.335
2026-06-26 16:59:47,073 DEBUG matplotlib.font_manager: findfont: score(<Font 'DejaVu Sans Mono' (DejaVuSansMono-Bold.ttf) normal normal 700 normal>) = 11.335
2026-06-26 16:59:47,073 DEBUG matplotlib.font_manager: findfont: score(<Font 'DejaVu Serif' (DejaVuSerif.ttf) normal normal 400 normal>) = 11.05
2026-06-26 16:59:47,073 DEBUG matplotlib.font_manager: findfont: Matching STIXGeneral:style=italic:variant=normal:weight=normal:stretch=normal:size=10.0 to STIXGeneral ('/tmp/_MEIOlvj2w/matplotlib/mpl-data/fonts/ttf/STIXGeneralItalic.ttf') with score of 0.050000.
2026-06-26 16:59:47,074 DEBUG matplotlib.font_manager: findfont: Matching STIXGeneral:style=normal:variant=normal:weight=bold:stretch=normal:size=10.0.
2026-06-26 16:59:47,074 DEBUG matplotlib.font_manager: findfont: score(<Font 'STIXSizeThreeSym' (STIXSizThreeSymBol.ttf) normal normal 700 normal>) = 10.05
2026-06-26 16:59:47,074 DEBUG matplotlib.font_manager: findfont: score(<Font 'cmmi10' (cmmi10.ttf) normal normal 400 normal>) = 10.335
2026-06-26 16:59:47,074 DEBUG matplotlib.font_manager: findfont: score(<Font 'DejaVu Sans Display' (DejaVuSansDisplay.ttf) normal normal 400 normal>) = 10.335
2026-06-26 16:59:47,074 DEBUG matplotlib.font_manager: findfont: score(<Font 'DejaVu Serif' (DejaVuSerif-Italic.ttf) italic normal 400 normal>) = 11.335
2026-06-26 16:59:47,074 DEBUG matplotlib.font_manager: findfont: score(<Font 'STIXSizeFourSym' (STIXSizFourSymBol.ttf) normal normal 700 normal>) = 10.05
2026-06-26 16:59:47,074 DEBUG matplotlib.font_manager: findfont: score(<Font 'cmss10' (cmss10.ttf) normal normal 400 normal>) = 10.335
2026-06-26 16:59:47,074 DEBUG matplotlib.font_manager: findfont: score(<Font 'STIXNonUnicode' (STIXNonUniBolIta.ttf) italic normal 700 normal>) = 11.05
2026-06-26 16:59:47,074 DEBUG matplotlib.font_manager: findfont: score(<Font 'STIXGeneral' (STIXGeneralBol.ttf) normal normal 700 normal>) = 0.05
2026-06-26 16:59:47,074 DEBUG matplotlib.font_manager: findfont: score(<Font 'STIXNonUnicode' (STIXNonUni.ttf) normal normal 400 normal>) = 10.335
2026-06-26 16:59:47,074 DEBUG matplotlib.font_manager: findfont: score(<Font 'cmex10' (cmex10.ttf) normal normal 400 normal>) = 10.335
2026-06-26 16:59:47,074 DEBUG matplotlib.font_manager: findfont: score(<Font 'DejaVu Sans' (DejaVuSans-Oblique.ttf) oblique normal 400 normal>) = 11.335
2026-06-26 16:59:47,074 DEBUG matplotlib.font_manager: findfont: score(<Font 'STIXSizeOneSym' (STIXSizOneSymReg.ttf) normal normal 400 normal>) = 10.335
2026-06-26 16:59:47,074 DEBUG matplotlib.font_manager: findfont: score(<Font 'STIXSizeTwoSym' (STIXSizTwoSymBol.ttf) normal normal 700 normal>) = 10.05
2026-06-26 16:59:47,074 DEBUG matplotlib.font_manager: findfont: score(<Font 'STIXNonUnicode' (STIXNonUniIta.ttf) italic normal 400 normal>) = 11.335
2026-06-26 16:59:47,074 DEBUG matplotlib.font_manager: findfont: score(<Font 'STIXNonUnicode' (STIXNonUniBol.ttf) normal normal 700 normal>) = 10.05
2026-06-26 16:59:47,074 DEBUG matplotlib.font_manager: findfont: score(<Font 'cmb10' (cmb10.ttf) normal normal 400 normal>) = 10.335
2026-06-26 16:59:47,074 DEBUG matplotlib.font_manager: findfont: score(<Font 'STIXSizeFiveSym' (STIXSizFiveSymReg.ttf) normal normal 400 normal>) = 10.335
2026-06-26 16:59:47,074 DEBUG matplotlib.font_manager: findfont: score(<Font 'DejaVu Serif' (DejaVuSerif.ttf) normal normal 400 normal>) = 10.335
2026-06-26 16:59:47,074 DEBUG matplotlib.font_manager: findfont: score(<Font 'DejaVu Sans Mono' (DejaVuSansMono-Bold.ttf) normal normal 700 normal>) = 10.05
2026-06-26 16:59:47,074 DEBUG matplotlib.font_manager: findfont: score(<Font 'DejaVu Sans Mono' (DejaVuSansMono.ttf) normal normal 400 normal>) = 10.335
2026-06-26 16:59:47,074 DEBUG matplotlib.font_manager: findfont: score(<Font 'DejaVu Serif' (DejaVuSerif-BoldItalic.ttf) italic normal 700 normal>) = 11.05
2026-06-26 16:59:47,074 DEBUG matplotlib.font_manager: findfont: score(<Font 'STIXSizeOneSym' (STIXSizOneSymBol.ttf) normal normal 700 normal>) = 10.05
2026-06-26 16:59:47,075 DEBUG matplotlib.font_manager: findfont: score(<Font 'cmtt10' (cmtt10.ttf) normal normal 400 normal>) = 10.335
2026-06-26 16:59:47,075 DEBUG matplotlib.font_manager: findfont: score(<Font 'DejaVu Sans Mono' (DejaVuSansMono-Oblique.ttf) oblique normal 400 normal>) = 11.335
2026-06-26 16:59:47,075 DEBUG matplotlib.font_manager: findfont: score(<Font 'DejaVu Sans' (DejaVuSans-BoldOblique.ttf) oblique normal 700 normal>) = 11.05
2026-06-26 16:59:47,075 DEBUG matplotlib.font_manager: findfont: score(<Font 'DejaVu Sans' (DejaVuSans-Bold.ttf) normal normal 700 normal>) = 10.05
2026-06-26 16:59:47,075 DEBUG matplotlib.font_manager: findfont: score(<Font 'STIXSizeFourSym' (STIXSizFourSymReg.ttf) normal normal 400 normal>) = 10.335
2026-06-26 16:59:47,075 DEBUG matplotlib.font_manager: findfont: score(<Font 'STIXGeneral' (STIXGeneralBolIta.ttf) italic normal 700 normal>) = 1.05
2026-06-26 16:59:47,075 DEBUG matplotlib.font_manager: findfont: score(<Font 'STIXGeneral' (STIXGeneral.ttf) normal normal 400 normal>) = 0.33499999999999996
2026-06-26 16:59:47,075 DEBUG matplotlib.font_manager: findfont: score(<Font 'cmsy10' (cmsy10.ttf) normal normal 400 normal>) = 10.335
2026-06-26 16:59:47,075 DEBUG matplotlib.font_manager: findfont: score(<Font 'STIXSizeTwoSym' (STIXSizTwoSymReg.ttf) normal normal 400 normal>) = 10.335
2026-06-26 16:59:47,075 DEBUG matplotlib.font_manager: findfont: score(<Font 'STIXGeneral' (STIXGeneralItalic.ttf) italic normal 400 normal>) = 1.335
2026-06-26 16:59:47,075 DEBUG matplotlib.font_manager: findfont: score(<Font 'DejaVu Serif' (DejaVuSerif-Bold.ttf) normal normal 700 normal>) = 10.05
2026-06-26 16:59:47,075 DEBUG matplotlib.font_manager: findfont: score(<Font 'STIXSizeThreeSym' (STIXSizThreeSymReg.ttf) normal normal 400 normal>) = 10.335
2026-06-26 16:59:47,075 DEBUG matplotlib.font_manager: findfont: score(<Font 'cmr10' (cmr10.ttf) normal normal 400 normal>) = 10.335
2026-06-26 16:59:47,075 DEBUG matplotlib.font_manager: findfont: score(<Font 'DejaVu Sans Mono' (DejaVuSansMono-BoldOblique.ttf) oblique normal 700 normal>) = 11.05
2026-06-26 16:59:47,075 DEBUG matplotlib.font_manager: findfont: score(<Font 'DejaVu Sans' (DejaVuSans.ttf) normal normal 400 normal>) = 10.335
2026-06-26 16:59:47,075 DEBUG matplotlib.font_manager: findfont: score(<Font 'DejaVu Serif Display' (DejaVuSerifDisplay.ttf) normal normal 400 normal>) = 10.335
2026-06-26 16:59:47,075 DEBUG matplotlib.font_manager: findfont: score(<Font 'DejaVu Sans' (DejaVuSans.ttf) normal normal 400 normal>) = 10.335
2026-06-26 16:59:47,075 DEBUG matplotlib.font_manager: findfont: score(<Font 'DejaVu Sans Mono' (DejaVuSansMono.ttf) normal normal 400 normal>) = 10.335
2026-06-26 16:59:47,075 DEBUG matplotlib.font_manager: findfont: score(<Font 'DejaVu Serif' (DejaVuSerif-Bold.ttf) normal normal 700 normal>) = 10.05
2026-06-26 16:59:47,075 DEBUG matplotlib.font_manager: findfont: score(<Font 'DejaVu Sans' (DejaVuSans-Bold.ttf) normal normal 700 normal>) = 10.05
2026-06-26 16:59:47,075 DEBUG matplotlib.font_manager: findfont: score(<Font 'DejaVu Sans Mono' (DejaVuSansMono-Bold.ttf) normal normal 700 normal>) = 10.05
2026-06-26 16:59:47,075 DEBUG matplotlib.font_manager: findfont: score(<Font 'DejaVu Serif' (DejaVuSerif.ttf) normal normal 400 normal>) = 10.335
2026-06-26 16:59:47,075 DEBUG matplotlib.font_manager: findfont: Matching STIXGeneral:style=normal:variant=normal:weight=bold:stretch=normal:size=10.0 to STIXGeneral ('/tmp/_MEIOlvj2w/matplotlib/mpl-data/fonts/ttf/STIXGeneralBol.ttf') with score of 0.050000.
2026-06-26 16:59:47,075 DEBUG matplotlib.font_manager: findfont: Matching STIXNonUnicode:style=normal:variant=normal:weight=normal:stretch=normal:size=10.0.
2026-06-26 16:59:47,075 DEBUG matplotlib.font_manager: findfont: score(<Font 'STIXSizeThreeSym' (STIXSizThreeSymBol.ttf) normal normal 700 normal>) = 10.335
2026-06-26 16:59:47,076 DEBUG matplotlib.font_manager: findfont: score(<Font 'cmmi10' (cmmi10.ttf) normal normal 400 normal>) = 10.05
2026-06-26 16:59:47,076 DEBUG matplotlib.font_manager: findfont: score(<Font 'DejaVu Sans Display' (DejaVuSansDisplay.ttf) normal normal 400 normal>) = 10.05
2026-06-26 16:59:47,076 DEBUG matplotlib.font_manager: findfont: score(<Font 'DejaVu Serif' (DejaVuSerif-Italic.ttf) italic normal 400 normal>) = 11.05
2026-06-26 16:59:47,076 DEBUG matplotlib.font_manager: findfont: score(<Font 'STIXSizeFourSym' (STIXSizFourSymBol.ttf) normal normal 700 normal>) = 10.335
2026-06-26 16:59:47,076 DEBUG matplotlib.font_manager: findfont: score(<Font 'cmss10' (cmss10.ttf) normal normal 400 normal>) = 10.05
2026-06-26 16:59:47,076 DEBUG matplotlib.font_manager: findfont: score(<Font 'STIXNonUnicode' (STIXNonUniBolIta.ttf) italic normal 700 normal>) = 1.335
2026-06-26 16:59:47,076 DEBUG matplotlib.font_manager: findfont: score(<Font 'STIXGeneral' (STIXGeneralBol.ttf) normal normal 700 normal>) = 10.335
2026-06-26 16:59:47,076 DEBUG matplotlib.font_manager: findfont: score(<Font 'STIXNonUnicode' (STIXNonUni.ttf) normal normal 400 normal>) = 0.05
2026-06-26 16:59:47,076 DEBUG matplotlib.font_manager: findfont: score(<Font 'cmex10' (cmex10.ttf) normal normal 400 normal>) = 10.05
2026-06-26 16:59:47,076 DEBUG matplotlib.font_manager: findfont: score(<Font 'DejaVu Sans' (DejaVuSans-Oblique.ttf) oblique normal 400 normal>) = 11.05
2026-06-26 16:59:47,076 DEBUG matplotlib.font_manager: findfont: score(<Font 'STIXSizeOneSym' (STIXSizOneSymReg.ttf) normal normal 400 normal>) = 10.05
2026-06-26 16:59:47,076 DEBUG matplotlib.font_manager: findfont: score(<Font 'STIXSizeTwoSym' (STIXSizTwoSymBol.ttf) normal normal 700 normal>) = 10.335
2026-06-26 16:59:47,076 DEBUG matplotlib.font_manager: findfont: score(<Font 'STIXNonUnicode' (STIXNonUniIta.ttf) italic normal 400 normal>) = 1.05
2026-06-26 16:59:47,076 DEBUG matplotlib.font_manager: findfont: score(<Font 'STIXNonUnicode' (STIXNonUniBol.ttf) normal normal 700 normal>) = 0.33499999999999996
2026-06-26 16:59:47,076 DEBUG matplotlib.font_manager: findfont: score(<Font 'cmb10' (cmb10.ttf) normal normal 400 normal>) = 10.05
2026-06-26 16:59:47,076 DEBUG matplotlib.font_manager: findfont: score(<Font 'STIXSizeFiveSym' (STIXSizFiveSymReg.ttf) normal normal 400 normal>) = 10.05
2026-06-26 16:59:47,076 DEBUG matplotlib.font_manager: findfont: score(<Font 'DejaVu Serif' (DejaVuSerif.ttf) normal normal 400 normal>) = 10.05
2026-06-26 16:59:47,076 DEBUG matplotlib.font_manager: findfont: score(<Font 'DejaVu Sans Mono' (DejaVuSansMono-Bold.ttf) normal normal 700 normal>) = 10.335
2026-06-26 16:59:47,076 DEBUG matplotlib.font_manager: findfont: score(<Font 'DejaVu Sans Mono' (DejaVuSansMono.ttf) normal normal 400 normal>) = 10.05
2026-06-26 16:59:47,076 DEBUG matplotlib.font_manager: findfont: score(<Font 'DejaVu Serif' (DejaVuSerif-BoldItalic.ttf) italic normal 700 normal>) = 11.335
2026-06-26 16:59:47,076 DEBUG matplotlib.font_manager: findfont: score(<Font 'STIXSizeOneSym' (STIXSizOneSymBol.ttf) normal normal 700 normal>) = 10.335
2026-06-26 16:59:47,076 DEBUG matplotlib.font_manager: findfont: score(<Font 'cmtt10' (cmtt10.ttf) normal normal 400 normal>) = 10.05
2026-06-26 16:59:47,076 DEBUG matplotlib.font_manager: findfont: score(<Font 'DejaVu Sans Mono' (DejaVuSansMono-Oblique.ttf) oblique normal 400 normal>) = 11.05
2026-06-26 16:59:47,076 DEBUG matplotlib.font_manager: findfont: score(<Font 'DejaVu Sans' (DejaVuSans-BoldOblique.ttf) oblique normal 700 normal>) = 11.335
2026-06-26 16:59:47,076 DEBUG matplotlib.font_manager: findfont: score(<Font 'DejaVu Sans' (DejaVuSans-Bold.ttf) normal normal 700 normal>) = 10.335
2026-06-26 16:59:47,076 DEBUG matplotlib.font_manager: findfont: score(<Font 'STIXSizeFourSym' (STIXSizFourSymReg.ttf) normal normal 400 normal>) = 10.05
2026-06-26 16:59:47,076 DEBUG matplotlib.font_manager: findfont: score(<Font 'STIXGeneral' (STIXGeneralBolIta.ttf) italic normal 700 normal>) = 11.335
2026-06-26 16:59:47,076 DEBUG matplotlib.font_manager: findfont: score(<Font 'STIXGeneral' (STIXGeneral.ttf) normal normal 400 normal>) = 10.05
2026-06-26 16:59:47,076 DEBUG matplotlib.font_manager: findfont: score(<Font 'cmsy10' (cmsy10.ttf) normal normal 400 normal>) = 10.05
2026-06-26 16:59:47,076 DEBUG matplotlib.font_manager: findfont: score(<Font 'STIXSizeTwoSym' (STIXSizTwoSymReg.ttf) normal normal 400 normal>) = 10.05
2026-06-26 16:59:47,076 DEBUG matplotlib.font_manager: findfont: score(<Font 'STIXGeneral' (STIXGeneralItalic.ttf) italic normal 400 normal>) = 11.05
2026-06-26 16:59:47,076 DEBUG matplotlib.font_manager: findfont: score(<Font 'DejaVu Serif' (DejaVuSerif-Bold.ttf) normal normal 700 normal>) = 10.335
2026-06-26 16:59:47,076 DEBUG matplotlib.font_manager: findfont: score(<Font 'STIXSizeThreeSym' (STIXSizThreeSymReg.ttf) normal normal 400 normal>) = 10.05
2026-06-26 16:59:47,076 DEBUG matplotlib.font_manager: findfont: score(<Font 'cmr10' (cmr10.ttf) normal normal 400 normal>) = 10.05
2026-06-26 16:59:47,076 DEBUG matplotlib.font_manager: findfont: score(<Font 'DejaVu Sans Mono' (DejaVuSansMono-BoldOblique.ttf) oblique normal 700 normal>) = 11.335
2026-06-26 16:59:47,077 DEBUG matplotlib.font_manager: findfont: score(<Font 'DejaVu Sans' (DejaVuSans.ttf) normal normal 400 normal>) = 10.05
2026-06-26 16:59:47,077 DEBUG matplotlib.font_manager: findfont: score(<Font 'DejaVu Serif Display' (DejaVuSerifDisplay.ttf) normal normal 400 normal>) = 10.05
2026-06-26 16:59:47,077 DEBUG matplotlib.font_manager: findfont: score(<Font 'DejaVu Sans' (DejaVuSans.ttf) normal normal 400 normal>) = 10.05
2026-06-26 16:59:47,077 DEBUG matplotlib.font_manager: findfont: score(<Font 'DejaVu Sans Mono' (DejaVuSansMono.ttf) normal normal 400 normal>) = 10.05
2026-06-26 16:59:47,077 DEBUG matplotlib.font_manager: findfont: score(<Font 'DejaVu Serif' (DejaVuSerif-Bold.ttf) normal normal 700 normal>) = 10.335
2026-06-26 16:59:47,077 DEBUG matplotlib.font_manager: findfont: score(<Font 'DejaVu Sans' (DejaVuSans-Bold.ttf) normal normal 700 normal>) = 10.335
2026-06-26 16:59:47,077 DEBUG matplotlib.font_manager: findfont: score(<Font 'DejaVu Sans Mono' (DejaVuSansMono-Bold.ttf) normal normal 700 normal>) = 10.335
2026-06-26 16:59:47,077 DEBUG matplotlib.font_manager: findfont: score(<Font 'DejaVu Serif' (DejaVuSerif.ttf) normal normal 400 normal>) = 10.05
2026-06-26 16:59:47,077 DEBUG matplotlib.font_manager: findfont: Matching STIXNonUnicode:style=normal:variant=normal:weight=normal:stretch=normal:size=10.0 to STIXNonUnicode ('/tmp/_MEIOlvj2w/matplotlib/mpl-data/fonts/ttf/STIXNonUni.ttf') with score of 0.050000.
2026-06-26 16:59:47,077 DEBUG matplotlib.font_manager: findfont: Matching STIXNonUnicode:style=italic:variant=normal:weight=normal:stretch=normal:size=10.0.
2026-06-26 16:59:47,077 DEBUG matplotlib.font_manager: findfont: score(<Font 'STIXSizeThreeSym' (STIXSizThreeSymBol.ttf) normal normal 700 normal>) = 11.335
2026-06-26 16:59:47,077 DEBUG matplotlib.font_manager: findfont: score(<Font 'cmmi10' (cmmi10.ttf) normal normal 400 normal>) = 11.05
2026-06-26 16:59:47,077 DEBUG matplotlib.font_manager: findfont: score(<Font 'DejaVu Sans Display' (DejaVuSansDisplay.ttf) normal normal 400 normal>) = 11.05
2026-06-26 16:59:47,077 DEBUG matplotlib.font_manager: findfont: score(<Font 'DejaVu Serif' (DejaVuSerif-Italic.ttf) italic normal 400 normal>) = 10.05
2026-06-26 16:59:47,077 DEBUG matplotlib.font_manager: findfont: score(<Font 'STIXSizeFourSym' (STIXSizFourSymBol.ttf) normal normal 700 normal>) = 11.335
2026-06-26 16:59:47,077 DEBUG matplotlib.font_manager: findfont: score(<Font 'cmss10' (cmss10.ttf) normal normal 400 normal>) = 11.05
2026-06-26 16:59:47,077 DEBUG matplotlib.font_manager: findfont: score(<Font 'STIXNonUnicode' (STIXNonUniBolIta.ttf) italic normal 700 normal>) = 0.33499999999999996
2026-06-26 16:59:47,077 DEBUG matplotlib.font_manager: findfont: score(<Font 'STIXGeneral' (STIXGeneralBol.ttf) normal normal 700 normal>) = 11.335
2026-06-26 16:59:47,078 DEBUG matplotlib.font_manager: findfont: score(<Font 'STIXNonUnicode' (STIXNonUni.ttf) normal normal 400 normal>) = 1.05
2026-06-26 16:59:47,078 DEBUG matplotlib.font_manager: findfont: score(<Font 'cmex10' (cmex10.ttf) normal normal 400 normal>) = 11.05
2026-06-26 16:59:47,078 DEBUG matplotlib.font_manager: findfont: score(<Font 'DejaVu Sans' (DejaVuSans-Oblique.ttf) oblique normal 400 normal>) = 10.15
2026-06-26 16:59:47,078 DEBUG matplotlib.font_manager: findfont: score(<Font 'STIXSizeOneSym' (STIXSizOneSymReg.ttf) normal normal 400 normal>) = 11.05
2026-06-26 16:59:47,078 DEBUG matplotlib.font_manager: findfont: score(<Font 'STIXSizeTwoSym' (STIXSizTwoSymBol.ttf) normal normal 700 normal>) = 11.335
2026-06-26 16:59:47,078 DEBUG matplotlib.font_manager: findfont: score(<Font 'STIXNonUnicode' (STIXNonUniIta.ttf) italic normal 400 normal>) = 0.05
2026-06-26 16:59:47,078 DEBUG matplotlib.font_manager: findfont: score(<Font 'STIXNonUnicode' (STIXNonUniBol.ttf) normal normal 700 normal>) = 1.335
2026-06-26 16:59:47,078 DEBUG matplotlib.font_manager: findfont: score(<Font 'cmb10' (cmb10.ttf) normal normal 400 normal>) = 11.05
2026-06-26 16:59:47,078 DEBUG matplotlib.font_manager: findfont: score(<Font 'STIXSizeFiveSym' (STIXSizFiveSymReg.ttf) normal normal 400 normal>) = 11.05
2026-06-26 16:59:47,078 DEBUG matplotlib.font_manager: findfont: score(<Font 'DejaVu Serif' (DejaVuSerif.ttf) normal normal 400 normal>) = 11.05
2026-06-26 16:59:47,078 DEBUG matplotlib.font_manager: findfont: score(<Font 'DejaVu Sans Mono' (DejaVuSansMono-Bold.ttf) normal normal 700 normal>) = 11.335
2026-06-26 16:59:47,078 DEBUG matplotlib.font_manager: findfont: score(<Font 'DejaVu Sans Mono' (DejaVuSansMono.ttf) normal normal 400 normal>) = 11.05
2026-06-26 16:59:47,078 DEBUG matplotlib.font_manager: findfont: score(<Font 'DejaVu Serif' (DejaVuSerif-BoldItalic.ttf) italic normal 700 normal>) = 10.335
2026-06-26 16:59:47,078 DEBUG matplotlib.font_manager: findfont: score(<Font 'STIXSizeOneSym' (STIXSizOneSymBol.ttf) normal normal 700 normal>) = 11.335
2026-06-26 16:59:47,078 DEBUG matplotlib.font_manager: findfont: score(<Font 'cmtt10' (cmtt10.ttf) normal normal 400 normal>) = 11.05
2026-06-26 16:59:47,078 DEBUG matplotlib.font_manager: findfont: score(<Font 'DejaVu Sans Mono' (DejaVuSansMono-Oblique.ttf) oblique normal 400 normal>) = 10.15
2026-06-26 16:59:47,078 DEBUG matplotlib.font_manager: findfont: score(<Font 'DejaVu Sans' (DejaVuSans-BoldOblique.ttf) oblique normal 700 normal>) = 10.434999999999999
2026-06-26 16:59:47,078 DEBUG matplotlib.font_manager: findfont: score(<Font 'DejaVu Sans' (DejaVuSans-Bold.ttf) normal normal 700 normal>) = 11.335
2026-06-26 16:59:47,078 DEBUG matplotlib.font_manager: findfont: score(<Font 'STIXSizeFourSym' (STIXSizFourSymReg.ttf) normal normal 400 normal>) = 11.05
2026-06-26 16:59:47,078 DEBUG matplotlib.font_manager: findfont: score(<Font 'STIXGeneral' (STIXGeneralBolIta.ttf) italic normal 700 normal>) = 10.335
2026-06-26 16:59:47,078 DEBUG matplotlib.font_manager: findfont: score(<Font 'STIXGeneral' (STIXGeneral.ttf) normal normal 400 normal>) = 11.05
2026-06-26 16:59:47,078 DEBUG matplotlib.font_manager: findfont: score(<Font 'cmsy10' (cmsy10.ttf) normal normal 400 normal>) = 11.05
2026-06-26 16:59:47,078 DEBUG matplotlib.font_manager: findfont: score(<Font 'STIXSizeTwoSym' (STIXSizTwoSymReg.ttf) normal normal 400 normal>) = 11.05
2026-06-26 16:59:47,078 DEBUG matplotlib.font_manager: findfont: score(<Font 'STIXGeneral' (STIXGeneralItalic.ttf) italic normal 400 normal>) = 10.05
2026-06-26 16:59:47,078 DEBUG matplotlib.font_manager: findfont: score(<Font 'DejaVu Serif' (DejaVuSerif-Bold.ttf) normal normal 700 normal>) = 11.335
2026-06-26 16:59:47,078 DEBUG matplotlib.font_manager: findfont: score(<Font 'STIXSizeThreeSym' (STIXSizThreeSymReg.ttf) normal normal 400 normal>) = 11.05
2026-06-26 16:59:47,078 DEBUG matplotlib.font_manager: findfont: score(<Font 'cmr10' (cmr10.ttf) normal normal 400 normal>) = 11.05
2026-06-26 16:59:47,078 DEBUG matplotlib.font_manager: findfont: score(<Font 'DejaVu Sans Mono' (DejaVuSansMono-BoldOblique.ttf) oblique normal 700 normal>) = 10.434999999999999
2026-06-26 16:59:47,078 DEBUG matplotlib.font_manager: findfont: score(<Font 'DejaVu Sans' (DejaVuSans.ttf) normal normal 400 normal>) = 11.05
2026-06-26 16:59:47,078 DEBUG matplotlib.font_manager: findfont: score(<Font 'DejaVu Serif Display' (DejaVuSerifDisplay.ttf) normal normal 400 normal>) = 11.05
2026-06-26 16:59:47,078 DEBUG matplotlib.font_manager: findfont: score(<Font 'DejaVu Sans' (DejaVuSans.ttf) normal normal 400 normal>) = 11.05
2026-06-26 16:59:47,078 DEBUG matplotlib.font_manager: findfont: score(<Font 'DejaVu Sans Mono' (DejaVuSansMono.ttf) normal normal 400 normal>) = 11.05
2026-06-26 16:59:47,078 DEBUG matplotlib.font_manager: findfont: score(<Font 'DejaVu Serif' (DejaVuSerif-Bold.ttf) normal normal 700 normal>) = 11.335
2026-06-26 16:59:47,078 DEBUG matplotlib.font_manager: findfont: score(<Font 'DejaVu Sans' (DejaVuSans-Bold.ttf) normal normal 700 normal>) = 11.335
2026-06-26 16:59:47,079 DEBUG matplotlib.font_manager: findfont: score(<Font 'DejaVu Sans Mono' (DejaVuSansMono-Bold.ttf) normal normal 700 normal>) = 11.335
2026-06-26 16:59:47,079 DEBUG matplotlib.font_manager: findfont: score(<Font 'DejaVu Serif' (DejaVuSerif.ttf) normal normal 400 normal>) = 11.05
2026-06-26 16:59:47,079 DEBUG matplotlib.font_manager: findfont: Matching STIXNonUnicode:style=italic:variant=normal:weight=normal:stretch=normal:size=10.0 to STIXNonUnicode ('/tmp/_MEIOlvj2w/matplotlib/mpl-data/fonts/ttf/STIXNonUniIta.ttf') with score of 0.050000.
2026-06-26 16:59:47,079 DEBUG matplotlib.font_manager: findfont: Matching STIXNonUnicode:style=normal:variant=normal:weight=bold:stretch=normal:size=10.0.
2026-06-26 16:59:47,079 DEBUG matplotlib.font_manager: findfont: score(<Font 'STIXSizeThreeSym' (STIXSizThreeSymBol.ttf) normal normal 700 normal>) = 10.05
2026-06-26 16:59:47,079 DEBUG matplotlib.font_manager: findfont: score(<Font 'cmmi10' (cmmi10.ttf) normal normal 400 normal>) = 10.335
2026-06-26 16:59:47,079 DEBUG matplotlib.font_manager: findfont: score(<Font 'DejaVu Sans Display' (DejaVuSansDisplay.ttf) normal normal 400 normal>) = 10.335
2026-06-26 16:59:47,079 DEBUG matplotlib.font_manager: findfont: score(<Font 'DejaVu Serif' (DejaVuSerif-Italic.ttf) italic normal 400 normal>) = 11.335
2026-06-26 16:59:47,079 DEBUG matplotlib.font_manager: findfont: score(<Font 'STIXSizeFourSym' (STIXSizFourSymBol.ttf) normal normal 700 normal>) = 10.05
2026-06-26 16:59:47,079 DEBUG matplotlib.font_manager: findfont: score(<Font 'cmss10' (cmss10.ttf) normal normal 400 normal>) = 10.335
2026-06-26 16:59:47,079 DEBUG matplotlib.font_manager: findfont: score(<Font 'STIXNonUnicode' (STIXNonUniBolIta.ttf) italic normal 700 normal>) = 1.05
2026-06-26 16:59:47,079 DEBUG matplotlib.font_manager: findfont: score(<Font 'STIXGeneral' (STIXGeneralBol.ttf) normal normal 700 normal>) = 10.05
2026-06-26 16:59:47,079 DEBUG matplotlib.font_manager: findfont: score(<Font 'STIXNonUnicode' (STIXNonUni.ttf) normal normal 400 normal>) = 0.33499999999999996
2026-06-26 16:59:47,079 DEBUG matplotlib.font_manager: findfont: score(<Font 'cmex10' (cmex10.ttf) normal normal 400 normal>) = 10.335
2026-06-26 16:59:47,079 DEBUG matplotlib.font_manager: findfont: score(<Font 'DejaVu Sans' (DejaVuSans-Oblique.ttf) oblique normal 400 normal>) = 11.335
2026-06-26 16:59:47,079 DEBUG matplotlib.font_manager: findfont: score(<Font 'STIXSizeOneSym' (STIXSizOneSymReg.ttf) normal normal 400 normal>) = 10.335
2026-06-26 16:59:47,079 DEBUG matplotlib.font_manager: findfont: score(<Font 'STIXSizeTwoSym' (STIXSizTwoSymBol.ttf) normal normal 700 normal>) = 10.05
2026-06-26 16:59:47,079 DEBUG matplotlib.font_manager: findfont: score(<Font 'STIXNonUnicode' (STIXNonUniIta.ttf) italic normal 400 normal>) = 1.335
2026-06-26 16:59:47,079 DEBUG matplotlib.font_manager: findfont: score(<Font 'STIXNonUnicode' (STIXNonUniBol.ttf) normal normal 700 normal>) = 0.05
2026-06-26 16:59:47,079 DEBUG matplotlib.font_manager: findfont: score(<Font 'cmb10' (cmb10.ttf) normal normal 400 normal>) = 10.335
2026-06-26 16:59:47,079 DEBUG matplotlib.font_manager: findfont: score(<Font 'STIXSizeFiveSym' (STIXSizFiveSymReg.ttf) normal normal 400 normal>) = 10.335
2026-06-26 16:59:47,080 DEBUG matplotlib.font_manager: findfont: score(<Font 'DejaVu Serif' (DejaVuSerif.ttf) normal normal 400 normal>) = 10.335
2026-06-26 16:59:47,080 DEBUG matplotlib.font_manager: findfont: score(<Font 'DejaVu Sans Mono' (DejaVuSansMono-Bold.ttf) normal normal 700 normal>) = 10.05
2026-06-26 16:59:47,080 DEBUG matplotlib.font_manager: findfont: score(<Font 'DejaVu Sans Mono' (DejaVuSansMono.ttf) normal normal 400 normal>) = 10.335
2026-06-26 16:59:47,080 DEBUG matplotlib.font_manager: findfont: score(<Font 'DejaVu Serif' (DejaVuSerif-BoldItalic.ttf) italic normal 700 normal>) = 11.05
2026-06-26 16:59:47,080 DEBUG matplotlib.font_manager: findfont: score(<Font 'STIXSizeOneSym' (STIXSizOneSymBol.ttf) normal normal 700 normal>) = 10.05
2026-06-26 16:59:47,080 DEBUG matplotlib.font_manager: findfont: score(<Font 'cmtt10' (cmtt10.ttf) normal normal 400 normal>) = 10.335
2026-06-26 16:59:47,080 DEBUG matplotlib.font_manager: findfont: score(<Font 'DejaVu Sans Mono' (DejaVuSansMono-Oblique.ttf) oblique normal 400 normal>) = 11.335
2026-06-26 16:59:47,080 DEBUG matplotlib.font_manager: findfont: score(<Font 'DejaVu Sans' (DejaVuSans-BoldOblique.ttf) oblique normal 700 normal>) = 11.05
2026-06-26 16:59:47,080 DEBUG matplotlib.font_manager: findfont: score(<Font 'DejaVu Sans' (DejaVuSans-Bold.ttf) normal normal 700 normal>) = 10.05
2026-06-26 16:59:47,080 DEBUG matplotlib.font_manager: findfont: score(<Font 'STIXSizeFourSym' (STIXSizFourSymReg.ttf) normal normal 400 normal>) = 10.335
2026-06-26 16:59:47,080 DEBUG matplotlib.font_manager: findfont: score(<Font 'STIXGeneral' (STIXGeneralBolIta.ttf) italic normal 700 normal>) = 11.05
2026-06-26 16:59:47,080 DEBUG matplotlib.font_manager: findfont: score(<Font 'STIXGeneral' (STIXGeneral.ttf) normal normal 400 normal>) = 10.335
2026-06-26 16:59:47,080 DEBUG matplotlib.font_manager: findfont: score(<Font 'cmsy10' (cmsy10.ttf) normal normal 400 normal>) = 10.335
2026-06-26 16:59:47,080 DEBUG matplotlib.font_manager: findfont: score(<Font 'STIXSizeTwoSym' (STIXSizTwoSymReg.ttf) normal normal 400 normal>) = 10.335
2026-06-26 16:59:47,080 DEBUG matplotlib.font_manager: findfont: score(<Font 'STIXGeneral' (STIXGeneralItalic.ttf) italic normal 400 normal>) = 11.335
2026-06-26 16:59:47,080 DEBUG matplotlib.font_manager: findfont: score(<Font 'DejaVu Serif' (DejaVuSerif-Bold.ttf) normal normal 700 normal>) = 10.05
2026-06-26 16:59:47,080 DEBUG matplotlib.font_manager: findfont: score(<Font 'STIXSizeThreeSym' (STIXSizThreeSymReg.ttf) normal normal 400 normal>) = 10.335
2026-06-26 16:59:47,080 DEBUG matplotlib.font_manager: findfont: score(<Font 'cmr10' (cmr10.ttf) normal normal 400 normal>) = 10.335
2026-06-26 16:59:47,080 DEBUG matplotlib.font_manager: findfont: score(<Font 'DejaVu Sans Mono' (DejaVuSansMono-BoldOblique.ttf) oblique normal 700 normal>) = 11.05
2026-06-26 16:59:47,080 DEBUG matplotlib.font_manager: findfont: score(<Font 'DejaVu Sans' (DejaVuSans.ttf) normal normal 400 normal>) = 10.335
2026-06-26 16:59:47,080 DEBUG matplotlib.font_manager: findfont: score(<Font 'DejaVu Serif Display' (DejaVuSerifDisplay.ttf) normal normal 400 normal>) = 10.335
2026-06-26 16:59:47,080 DEBUG matplotlib.font_manager: findfont: score(<Font 'DejaVu Sans' (DejaVuSans.ttf) normal normal 400 normal>) = 10.335
2026-06-26 16:59:47,080 DEBUG matplotlib.font_manager: findfont: score(<Font 'DejaVu Sans Mono' (DejaVuSansMono.ttf) normal normal 400 normal>) = 10.335
2026-06-26 16:59:47,080 DEBUG matplotlib.font_manager: findfont: score(<Font 'DejaVu Serif' (DejaVuSerif-Bold.ttf) normal normal 700 normal>) = 10.05
2026-06-26 16:59:47,080 DEBUG matplotlib.font_manager: findfont: score(<Font 'DejaVu Sans' (DejaVuSans-Bold.ttf) normal normal 700 normal>) = 10.05
2026-06-26 16:59:47,080 DEBUG matplotlib.font_manager: findfont: score(<Font 'DejaVu Sans Mono' (DejaVuSansMono-Bold.ttf) normal normal 700 normal>) = 10.05
2026-06-26 16:59:47,080 DEBUG matplotlib.font_manager: findfont: score(<Font 'DejaVu Serif' (DejaVuSerif.ttf) normal normal 400 normal>) = 10.335
2026-06-26 16:59:47,080 DEBUG matplotlib.font_manager: findfont: Matching STIXNonUnicode:style=normal:variant=normal:weight=bold:stretch=normal:size=10.0 to STIXNonUnicode ('/tmp/_MEIOlvj2w/matplotlib/mpl-data/fonts/ttf/STIXNonUniBol.ttf') with score of 0.050000.
2026-06-26 16:59:47,081 DEBUG matplotlib.font_manager: findfont: Matching STIXSizeOneSym:style=normal:variant=normal:weight=normal:stretch=normal:size=10.0.
2026-06-26 16:59:47,081 DEBUG matplotlib.font_manager: findfont: score(<Font 'STIXSizeThreeSym' (STIXSizThreeSymBol.ttf) normal normal 700 normal>) = 10.335
2026-06-26 16:59:47,081 DEBUG matplotlib.font_manager: findfont: score(<Font 'cmmi10' (cmmi10.ttf) normal normal 400 normal>) = 10.05
2026-06-26 16:59:47,081 DEBUG matplotlib.font_manager: findfont: score(<Font 'DejaVu Sans Display' (DejaVuSansDisplay.ttf) normal normal 400 normal>) = 10.05
2026-06-26 16:59:47,081 DEBUG matplotlib.font_manager: findfont: score(<Font 'DejaVu Serif' (DejaVuSerif-Italic.ttf) italic normal 400 normal>) = 11.05
2026-06-26 16:59:47,081 DEBUG matplotlib.font_manager: findfont: score(<Font 'STIXSizeFourSym' (STIXSizFourSymBol.ttf) normal normal 700 normal>) = 10.335
2026-06-26 16:59:47,081 DEBUG matplotlib.font_manager: findfont: score(<Font 'cmss10' (cmss10.ttf) normal normal 400 normal>) = 10.05
2026-06-26 16:59:47,081 DEBUG matplotlib.font_manager: findfont: score(<Font 'STIXNonUnicode' (STIXNonUniBolIta.ttf) italic normal 700 normal>) = 11.335
2026-06-26 16:59:47,081 DEBUG matplotlib.font_manager: findfont: score(<Font 'STIXGeneral' (STIXGeneralBol.ttf) normal normal 700 normal>) = 10.335
2026-06-26 16:59:47,081 DEBUG matplotlib.font_manager: findfont: score(<Font 'STIXNonUnicode' (STIXNonUni.ttf) normal normal 400 normal>) = 10.05
2026-06-26 16:59:47,081 DEBUG matplotlib.font_manager: findfont: score(<Font 'cmex10' (cmex10.ttf) normal normal 400 normal>) = 10.05
2026-06-26 16:59:47,081 DEBUG matplotlib.font_manager: findfont: score(<Font 'DejaVu Sans' (DejaVuSans-Oblique.ttf) oblique normal 400 normal>) = 11.05
2026-06-26 16:59:47,081 DEBUG matplotlib.font_manager: findfont: score(<Font 'STIXSizeOneSym' (STIXSizOneSymReg.ttf) normal normal 400 normal>) = 0.05
2026-06-26 16:59:47,081 DEBUG matplotlib.font_manager: findfont: score(<Font 'STIXSizeTwoSym' (STIXSizTwoSymBol.ttf) normal normal 700 normal>) = 10.335
2026-06-26 16:59:47,081 DEBUG matplotlib.font_manager: findfont: score(<Font 'STIXNonUnicode' (STIXNonUniIta.ttf) italic normal 400 normal>) = 11.05
2026-06-26 16:59:47,081 DEBUG matplotlib.font_manager: findfont: score(<Font 'STIXNonUnicode' (STIXNonUniBol.ttf) normal normal 700 normal>) = 10.335
2026-06-26 16:59:47,081 DEBUG matplotlib.font_manager: findfont: score(<Font 'cmb10' (cmb10.ttf) normal normal 400 normal>) = 10.05
2026-06-26 16:59:47,081 DEBUG matplotlib.font_manager: findfont: score(<Font 'STIXSizeFiveSym' (STIXSizFiveSymReg.ttf) normal normal 400 normal>) = 10.05
2026-06-26 16:59:47,081 DEBUG matplotlib.font_manager: findfont: score(<Font 'DejaVu Serif' (DejaVuSerif.ttf) normal normal 400 normal>) = 10.05
2026-06-26 16:59:47,081 DEBUG matplotlib.font_manager: findfont: score(<Font 'DejaVu Sans Mono' (DejaVuSansMono-Bold.ttf) normal normal 700 normal>) = 10.335
2026-06-26 16:59:47,081 DEBUG matplotlib.font_manager: findfont: score(<Font 'DejaVu Sans Mono' (DejaVuSansMono.ttf) normal normal 400 normal>) = 10.05
2026-06-26 16:59:47,081 DEBUG matplotlib.font_manager: findfont: score(<Font 'DejaVu Serif' (DejaVuSerif-BoldItalic.ttf) italic normal 700 normal>) = 11.335
2026-06-26 16:59:47,081 DEBUG matplotlib.font_manager: findfont: score(<Font 'STIXSizeOneSym' (STIXSizOneSymBol.ttf) normal normal 700 normal>) = 0.33499999999999996
2026-06-26 16:59:47,081 DEBUG matplotlib.font_manager: findfont: score(<Font 'cmtt10' (cmtt10.ttf) normal normal 400 normal>) = 10.05
2026-06-26 16:59:47,081 DEBUG matplotlib.font_manager: findfont: score(<Font 'DejaVu Sans Mono' (DejaVuSansMono-Oblique.ttf) oblique normal 400 normal>) = 11.05
2026-06-26 16:59:47,081 DEBUG matplotlib.font_manager: findfont: score(<Font 'DejaVu Sans' (DejaVuSans-BoldOblique.ttf) oblique normal 700 normal>) = 11.335
2026-06-26 16:59:47,081 DEBUG matplotlib.font_manager: findfont: score(<Font 'DejaVu Sans' (DejaVuSans-Bold.ttf) normal normal 700 normal>) = 10.335
2026-06-26 16:59:47,081 DEBUG matplotlib.font_manager: findfont: score(<Font 'STIXSizeFourSym' (STIXSizFourSymReg.ttf) normal normal 400 normal>) = 10.05
2026-06-26 16:59:47,081 DEBUG matplotlib.font_manager: findfont: score(<Font 'STIXGeneral' (STIXGeneralBolIta.ttf) italic normal 700 normal>) = 11.335
2026-06-26 16:59:47,081 DEBUG matplotlib.font_manager: findfont: score(<Font 'STIXGeneral' (STIXGeneral.ttf) normal normal 400 normal>) = 10.05
2026-06-26 16:59:47,081 DEBUG matplotlib.font_manager: findfont: score(<Font 'cmsy10' (cmsy10.ttf) normal normal 400 normal>) = 10.05
2026-06-26 16:59:47,082 DEBUG matplotlib.font_manager: findfont: score(<Font 'STIXSizeTwoSym' (STIXSizTwoSymReg.ttf) normal normal 400 normal>) = 10.05
2026-06-26 16:59:47,082 DEBUG matplotlib.font_manager: findfont: score(<Font 'STIXGeneral' (STIXGeneralItalic.ttf) italic normal 400 normal>) = 11.05
2026-06-26 16:59:47,082 DEBUG matplotlib.font_manager: findfont: score(<Font 'DejaVu Serif' (DejaVuSerif-Bold.ttf) normal normal 700 normal>) = 10.335
2026-06-26 16:59:47,082 DEBUG matplotlib.font_manager: findfont: score(<Font 'STIXSizeThreeSym' (STIXSizThreeSymReg.ttf) normal normal 400 normal>) = 10.05
2026-06-26 16:59:47,082 DEBUG matplotlib.font_manager: findfont: score(<Font 'cmr10' (cmr10.ttf) normal normal 400 normal>) = 10.05
2026-06-26 16:59:47,082 DEBUG matplotlib.font_manager: findfont: score(<Font 'DejaVu Sans Mono' (DejaVuSansMono-BoldOblique.ttf) oblique normal 700 normal>) = 11.335
2026-06-26 16:59:47,082 DEBUG matplotlib.font_manager: findfont: score(<Font 'DejaVu Sans' (DejaVuSans.ttf) normal normal 400 normal>) = 10.05
2026-06-26 16:59:47,082 DEBUG matplotlib.font_manager: findfont: score(<Font 'DejaVu Serif Display' (DejaVuSerifDisplay.ttf) normal normal 400 normal>) = 10.05
2026-06-26 16:59:47,082 DEBUG matplotlib.font_manager: findfont: score(<Font 'DejaVu Sans' (DejaVuSans.ttf) normal normal 400 normal>) = 10.05
2026-06-26 16:59:47,082 DEBUG matplotlib.font_manager: findfont: score(<Font 'DejaVu Sans Mono' (DejaVuSansMono.ttf) normal normal 400 normal>) = 10.05
2026-06-26 16:59:47,082 DEBUG matplotlib.font_manager: findfont: score(<Font 'DejaVu Serif' (DejaVuSerif-Bold.ttf) normal normal 700 normal>) = 10.335
2026-06-26 16:59:47,082 DEBUG matplotlib.font_manager: findfont: score(<Font 'DejaVu Sans' (DejaVuSans-Bold.ttf) normal normal 700 normal>) = 10.335
2026-06-26 16:59:47,082 DEBUG matplotlib.font_manager: findfont: score(<Font 'DejaVu Sans Mono' (DejaVuSansMono-Bold.ttf) normal normal 700 normal>) = 10.335
2026-06-26 16:59:47,082 DEBUG matplotlib.font_manager: findfont: score(<Font 'DejaVu Serif' (DejaVuSerif.ttf) normal normal 400 normal>) = 10.05
2026-06-26 16:59:47,082 DEBUG matplotlib.font_manager: findfont: Matching STIXSizeOneSym:style=normal:variant=normal:weight=normal:stretch=normal:size=10.0 to STIXSizeOneSym ('/tmp/_MEIOlvj2w/matplotlib/mpl-data/fonts/ttf/STIXSizOneSymReg.ttf') with score of 0.050000.
2026-06-26 16:59:47,082 DEBUG matplotlib.font_manager: findfont: Matching STIXSizeTwoSym:style=normal:variant=normal:weight=normal:stretch=normal:size=10.0.
2026-06-26 16:59:47,082 DEBUG matplotlib.font_manager: findfont: score(<Font 'STIXSizeThreeSym' (STIXSizThreeSymBol.ttf) normal normal 700 normal>) = 10.335
2026-06-26 16:59:47,082 DEBUG matplotlib.font_manager: findfont: score(<Font 'cmmi10' (cmmi10.ttf) normal normal 400 normal>) = 10.05
2026-06-26 16:59:47,082 DEBUG matplotlib.font_manager: findfont: score(<Font 'DejaVu Sans Display' (DejaVuSansDisplay.ttf) normal normal 400 normal>) = 10.05
2026-06-26 16:59:47,082 DEBUG matplotlib.font_manager: findfont: score(<Font 'DejaVu Serif' (DejaVuSerif-Italic.ttf) italic normal 400 normal>) = 11.05
2026-06-26 16:59:47,082 DEBUG matplotlib.font_manager: findfont: score(<Font 'STIXSizeFourSym' (STIXSizFourSymBol.ttf) normal normal 700 normal>) = 10.335
2026-06-26 16:59:47,082 DEBUG matplotlib.font_manager: findfont: score(<Font 'cmss10' (cmss10.ttf) normal normal 400 normal>) = 10.05
2026-06-26 16:59:47,082 DEBUG matplotlib.font_manager: findfont: score(<Font 'STIXNonUnicode' (STIXNonUniBolIta.ttf) italic normal 700 normal>) = 11.335
2026-06-26 16:59:47,082 DEBUG matplotlib.font_manager: findfont: score(<Font 'STIXGeneral' (STIXGeneralBol.ttf) normal normal 700 normal>) = 10.335
2026-06-26 16:59:47,082 DEBUG matplotlib.font_manager: findfont: score(<Font 'STIXNonUnicode' (STIXNonUni.ttf) normal normal 400 normal>) = 10.05
2026-06-26 16:59:47,082 DEBUG matplotlib.font_manager: findfont: score(<Font 'cmex10' (cmex10.ttf) normal normal 400 normal>) = 10.05
2026-06-26 16:59:47,082 DEBUG matplotlib.font_manager: findfont: score(<Font 'DejaVu Sans' (DejaVuSans-Oblique.ttf) oblique normal 400 normal>) = 11.05
2026-06-26 16:59:47,083 DEBUG matplotlib.font_manager: findfont: score(<Font 'STIXSizeOneSym' (STIXSizOneSymReg.ttf) normal normal 400 normal>) = 10.05
2026-06-26 16:59:47,083 DEBUG matplotlib.font_manager: findfont: score(<Font 'STIXSizeTwoSym' (STIXSizTwoSymBol.ttf) normal normal 700 normal>) = 0.33499999999999996
2026-06-26 16:59:47,083 DEBUG matplotlib.font_manager: findfont: score(<Font 'STIXNonUnicode' (STIXNonUniIta.ttf) italic normal 400 normal>) = 11.05
2026-06-26 16:59:47,083 DEBUG matplotlib.font_manager: findfont: score(<Font 'STIXNonUnicode' (STIXNonUniBol.ttf) normal normal 700 normal>) = 10.335
2026-06-26 16:59:47,083 DEBUG matplotlib.font_manager: findfont: score(<Font 'cmb10' (cmb10.ttf) normal normal 400 normal>) = 10.05
2026-06-26 16:59:47,083 DEBUG matplotlib.font_manager: findfont: score(<Font 'STIXSizeFiveSym' (STIXSizFiveSymReg.ttf) normal normal 400 normal>) = 10.05
2026-06-26 16:59:47,083 DEBUG matplotlib.font_manager: findfont: score(<Font 'DejaVu Serif' (DejaVuSerif.ttf) normal normal 400 normal>) = 10.05
2026-06-26 16:59:47,083 DEBUG matplotlib.font_manager: findfont: score(<Font 'DejaVu Sans Mono' (DejaVuSansMono-Bold.ttf) normal normal 700 normal>) = 10.335
2026-06-26 16:59:47,083 DEBUG matplotlib.font_manager: findfont: score(<Font 'DejaVu Sans Mono' (DejaVuSansMono.ttf) normal normal 400 normal>) = 10.05
2026-06-26 16:59:47,083 DEBUG matplotlib.font_manager: findfont: score(<Font 'DejaVu Serif' (DejaVuSerif-BoldItalic.ttf) italic normal 700 normal>) = 11.335
2026-06-26 16:59:47,083 DEBUG matplotlib.font_manager: findfont: score(<Font 'STIXSizeOneSym' (STIXSizOneSymBol.ttf) normal normal 700 normal>) = 10.335
2026-06-26 16:59:47,083 DEBUG matplotlib.font_manager: findfont: score(<Font 'cmtt10' (cmtt10.ttf) normal normal 400 normal>) = 10.05
2026-06-26 16:59:47,083 DEBUG matplotlib.font_manager: findfont: score(<Font 'DejaVu Sans Mono' (DejaVuSansMono-Oblique.ttf) oblique normal 400 normal>) = 11.05
2026-06-26 16:59:47,083 DEBUG matplotlib.font_manager: findfont: score(<Font 'DejaVu Sans' (DejaVuSans-BoldOblique.ttf) oblique normal 700 normal>) = 11.335
2026-06-26 16:59:47,083 DEBUG matplotlib.font_manager: findfont: score(<Font 'DejaVu Sans' (DejaVuSans-Bold.ttf) normal normal 700 normal>) = 10.335
2026-06-26 16:59:47,083 DEBUG matplotlib.font_manager: findfont: score(<Font 'STIXSizeFourSym' (STIXSizFourSymReg.ttf) normal normal 400 normal>) = 10.05
2026-06-26 16:59:47,083 DEBUG matplotlib.font_manager: findfont: score(<Font 'STIXGeneral' (STIXGeneralBolIta.ttf) italic normal 700 normal>) = 11.335
2026-06-26 16:59:47,083 DEBUG matplotlib.font_manager: findfont: score(<Font 'STIXGeneral' (STIXGeneral.ttf) normal normal 400 normal>) = 10.05
2026-06-26 16:59:47,083 DEBUG matplotlib.font_manager: findfont: score(<Font 'cmsy10' (cmsy10.ttf) normal normal 400 normal>) = 10.05
2026-06-26 16:59:47,083 DEBUG matplotlib.font_manager: findfont: score(<Font 'STIXSizeTwoSym' (STIXSizTwoSymReg.ttf) normal normal 400 normal>) = 0.05
2026-06-26 16:59:47,083 DEBUG matplotlib.font_manager: findfont: score(<Font 'STIXGeneral' (STIXGeneralItalic.ttf) italic normal 400 normal>) = 11.05
2026-06-26 16:59:47,083 DEBUG matplotlib.font_manager: findfont: score(<Font 'DejaVu Serif' (DejaVuSerif-Bold.ttf) normal normal 700 normal>) = 10.335
2026-06-26 16:59:47,083 DEBUG matplotlib.font_manager: findfont: score(<Font 'STIXSizeThreeSym' (STIXSizThreeSymReg.ttf) normal normal 400 normal>) = 10.05
2026-06-26 16:59:47,083 DEBUG matplotlib.font_manager: findfont: score(<Font 'cmr10' (cmr10.ttf) normal normal 400 normal>) = 10.05
2026-06-26 16:59:47,083 DEBUG matplotlib.font_manager: findfont: score(<Font 'DejaVu Sans Mono' (DejaVuSansMono-BoldOblique.ttf) oblique normal 700 normal>) = 11.335
2026-06-26 16:59:47,083 DEBUG matplotlib.font_manager: findfont: score(<Font 'DejaVu Sans' (DejaVuSans.ttf) normal normal 400 normal>) = 10.05
2026-06-26 16:59:47,083 DEBUG matplotlib.font_manager: findfont: score(<Font 'DejaVu Serif Display' (DejaVuSerifDisplay.ttf) normal normal 400 normal>) = 10.05
2026-06-26 16:59:47,083 DEBUG matplotlib.font_manager: findfont: score(<Font 'DejaVu Sans' (DejaVuSans.ttf) normal normal 400 normal>) = 10.05
2026-06-26 16:59:47,083 DEBUG matplotlib.font_manager: findfont: score(<Font 'DejaVu Sans Mono' (DejaVuSansMono.ttf) normal normal 400 normal>) = 10.05
2026-06-26 16:59:47,083 DEBUG matplotlib.font_manager: findfont: score(<Font 'DejaVu Serif' (DejaVuSerif-Bold.ttf) normal normal 700 normal>) = 10.335
2026-06-26 16:59:47,083 DEBUG matplotlib.font_manager: findfont: score(<Font 'DejaVu Sans' (DejaVuSans-Bold.ttf) normal normal 700 normal>) = 10.335
2026-06-26 16:59:47,083 DEBUG matplotlib.font_manager: findfont: score(<Font 'DejaVu Sans Mono' (DejaVuSansMono-Bold.ttf) normal normal 700 normal>) = 10.335
2026-06-26 16:59:47,083 DEBUG matplotlib.font_manager: findfont: score(<Font 'DejaVu Serif' (DejaVuSerif.ttf) normal normal 400 normal>) = 10.05
2026-06-26 16:59:47,083 DEBUG matplotlib.font_manager: findfont: Matching STIXSizeTwoSym:style=normal:variant=normal:weight=normal:stretch=normal:size=10.0 to STIXSizeTwoSym ('/tmp/_MEIOlvj2w/matplotlib/mpl-data/fonts/ttf/STIXSizTwoSymReg.ttf') with score of 0.050000.
2026-06-26 16:59:47,084 DEBUG matplotlib.font_manager: findfont: Matching STIXSizeThreeSym:style=normal:variant=normal:weight=normal:stretch=normal:size=10.0.
2026-06-26 16:59:47,084 DEBUG matplotlib.font_manager: findfont: score(<Font 'STIXSizeThreeSym' (STIXSizThreeSymBol.ttf) normal normal 700 normal>) = 0.33499999999999996
2026-06-26 16:59:47,084 DEBUG matplotlib.font_manager: findfont: score(<Font 'cmmi10' (cmmi10.ttf) normal normal 400 normal>) = 10.05
2026-06-26 16:59:47,084 DEBUG matplotlib.font_manager: findfont: score(<Font 'DejaVu Sans Display' (DejaVuSansDisplay.ttf) normal normal 400 normal>) = 10.05
2026-06-26 16:59:47,084 DEBUG matplotlib.font_manager: findfont: score(<Font 'DejaVu Serif' (DejaVuSerif-Italic.ttf) italic normal 400 normal>) = 11.05
2026-06-26 16:59:47,084 DEBUG matplotlib.font_manager: findfont: score(<Font 'STIXSizeFourSym' (STIXSizFourSymBol.ttf) normal normal 700 normal>) = 10.335
2026-06-26 16:59:47,084 DEBUG matplotlib.font_manager: findfont: score(<Font 'cmss10' (cmss10.ttf) normal normal 400 normal>) = 10.05
2026-06-26 16:59:47,084 DEBUG matplotlib.font_manager: findfont: score(<Font 'STIXNonUnicode' (STIXNonUniBolIta.ttf) italic normal 700 normal>) = 11.335
2026-06-26 16:59:47,084 DEBUG matplotlib.font_manager: findfont: score(<Font 'STIXGeneral' (STIXGeneralBol.ttf) normal normal 700 normal>) = 10.335
2026-06-26 16:59:47,084 DEBUG matplotlib.font_manager: findfont: score(<Font 'STIXNonUnicode' (STIXNonUni.ttf) normal normal 400 normal>) = 10.05
2026-06-26 16:59:47,084 DEBUG matplotlib.font_manager: findfont: score(<Font 'cmex10' (cmex10.ttf) normal normal 400 normal>) = 10.05
2026-06-26 16:59:47,084 DEBUG matplotlib.font_manager: findfont: score(<Font 'DejaVu Sans' (DejaVuSans-Oblique.ttf) oblique normal 400 normal>) = 11.05
2026-06-26 16:59:47,084 DEBUG matplotlib.font_manager: findfont: score(<Font 'STIXSizeOneSym' (STIXSizOneSymReg.ttf) normal normal 400 normal>) = 10.05
2026-06-26 16:59:47,084 DEBUG matplotlib.font_manager: findfont: score(<Font 'STIXSizeTwoSym' (STIXSizTwoSymBol.ttf) normal normal 700 normal>) = 10.335
2026-06-26 16:59:47,084 DEBUG matplotlib.font_manager: findfont: score(<Font 'STIXNonUnicode' (STIXNonUniIta.ttf) italic normal 400 normal>) = 11.05
2026-06-26 16:59:47,084 DEBUG matplotlib.font_manager: findfont: score(<Font 'STIXNonUnicode' (STIXNonUniBol.ttf) normal normal 700 normal>) = 10.335
2026-06-26 16:59:47,084 DEBUG matplotlib.font_manager: findfont: score(<Font 'cmb10' (cmb10.ttf) normal normal 400 normal>) = 10.05
2026-06-26 16:59:47,084 DEBUG matplotlib.font_manager: findfont: score(<Font 'STIXSizeFiveSym' (STIXSizFiveSymReg.ttf) normal normal 400 normal>) = 10.05
2026-06-26 16:59:47,084 DEBUG matplotlib.font_manager: findfont: score(<Font 'DejaVu Serif' (DejaVuSerif.ttf) normal normal 400 normal>) = 10.05
2026-06-26 16:59:47,084 DEBUG matplotlib.font_manager: findfont: score(<Font 'DejaVu Sans Mono' (DejaVuSansMono-Bold.ttf) normal normal 700 normal>) = 10.335
2026-06-26 16:59:47,084 DEBUG matplotlib.font_manager: findfont: score(<Font 'DejaVu Sans Mono' (DejaVuSansMono.ttf) normal normal 400 normal>) = 10.05
2026-06-26 16:59:47,084 DEBUG matplotlib.font_manager: findfont: score(<Font 'DejaVu Serif' (DejaVuSerif-BoldItalic.ttf) italic normal 700 normal>) = 11.335
2026-06-26 16:59:47,084 DEBUG matplotlib.font_manager: findfont: score(<Font 'STIXSizeOneSym' (STIXSizOneSymBol.ttf) normal normal 700 normal>) = 10.335
2026-06-26 16:59:47,084 DEBUG matplotlib.font_manager: findfont: score(<Font 'cmtt10' (cmtt10.ttf) normal normal 400 normal>) = 10.05
2026-06-26 16:59:47,084 DEBUG matplotlib.font_manager: findfont: score(<Font 'DejaVu Sans Mono' (DejaVuSansMono-Oblique.ttf) oblique normal 400 normal>) = 11.05
2026-06-26 16:59:47,084 DEBUG matplotlib.font_manager: findfont: score(<Font 'DejaVu Sans' (DejaVuSans-BoldOblique.ttf) oblique normal 700 normal>) = 11.335
2026-06-26 16:59:47,085 DEBUG matplotlib.font_manager: findfont: score(<Font 'DejaVu Sans' (DejaVuSans-Bold.ttf) normal normal 700 normal>) = 10.335
2026-06-26 16:59:47,085 DEBUG matplotlib.font_manager: findfont: score(<Font 'STIXSizeFourSym' (STIXSizFourSymReg.ttf) normal normal 400 normal>) = 10.05
2026-06-26 16:59:47,085 DEBUG matplotlib.font_manager: findfont: score(<Font 'STIXGeneral' (STIXGeneralBolIta.ttf) italic normal 700 normal>) = 11.335
2026-06-26 16:59:47,085 DEBUG matplotlib.font_manager: findfont: score(<Font 'STIXGeneral' (STIXGeneral.ttf) normal normal 400 normal>) = 10.05
2026-06-26 16:59:47,085 DEBUG matplotlib.font_manager: findfont: score(<Font 'cmsy10' (cmsy10.ttf) normal normal 400 normal>) = 10.05
2026-06-26 16:59:47,085 DEBUG matplotlib.font_manager: findfont: score(<Font 'STIXSizeTwoSym' (STIXSizTwoSymReg.ttf) normal normal 400 normal>) = 10.05
2026-06-26 16:59:47,085 DEBUG matplotlib.font_manager: findfont: score(<Font 'STIXGeneral' (STIXGeneralItalic.ttf) italic normal 400 normal>) = 11.05
2026-06-26 16:59:47,085 DEBUG matplotlib.font_manager: findfont: score(<Font 'DejaVu Serif' (DejaVuSerif-Bold.ttf) normal normal 700 normal>) = 10.335
2026-06-26 16:59:47,085 DEBUG matplotlib.font_manager: findfont: score(<Font 'STIXSizeThreeSym' (STIXSizThreeSymReg.ttf) normal normal 400 normal>) = 0.05
2026-06-26 16:59:47,085 DEBUG matplotlib.font_manager: findfont: score(<Font 'cmr10' (cmr10.ttf) normal normal 400 normal>) = 10.05
2026-06-26 16:59:47,085 DEBUG matplotlib.font_manager: findfont: score(<Font 'DejaVu Sans Mono' (DejaVuSansMono-BoldOblique.ttf) oblique normal 700 normal>) = 11.335
2026-06-26 16:59:47,085 DEBUG matplotlib.font_manager: findfont: score(<Font 'DejaVu Sans' (DejaVuSans.ttf) normal normal 400 normal>) = 10.05
2026-06-26 16:59:47,085 DEBUG matplotlib.font_manager: findfont: score(<Font 'DejaVu Serif Display' (DejaVuSerifDisplay.ttf) normal normal 400 normal>) = 10.05
2026-06-26 16:59:47,085 DEBUG matplotlib.font_manager: findfont: score(<Font 'DejaVu Sans' (DejaVuSans.ttf) normal normal 400 normal>) = 10.05
2026-06-26 16:59:47,085 DEBUG matplotlib.font_manager: findfont: score(<Font 'DejaVu Sans Mono' (DejaVuSansMono.ttf) normal normal 400 normal>) = 10.05
2026-06-26 16:59:47,085 DEBUG matplotlib.font_manager: findfont: score(<Font 'DejaVu Serif' (DejaVuSerif-Bold.ttf) normal normal 700 normal>) = 10.335
2026-06-26 16:59:47,085 DEBUG matplotlib.font_manager: findfont: score(<Font 'DejaVu Sans' (DejaVuSans-Bold.ttf) normal normal 700 normal>) = 10.335
2026-06-26 16:59:47,085 DEBUG matplotlib.font_manager: findfont: score(<Font 'DejaVu Sans Mono' (DejaVuSansMono-Bold.ttf) normal normal 700 normal>) = 10.335
2026-06-26 16:59:47,085 DEBUG matplotlib.font_manager: findfont: score(<Font 'DejaVu Serif' (DejaVuSerif.ttf) normal normal 400 normal>) = 10.05
2026-06-26 16:59:47,085 DEBUG matplotlib.font_manager: findfont: Matching STIXSizeThreeSym:style=normal:variant=normal:weight=normal:stretch=normal:size=10.0 to STIXSizeThreeSym ('/tmp/_MEIOlvj2w/matplotlib/mpl-data/fonts/ttf/STIXSizThreeSymReg.ttf') with score of 0.050000.
2026-06-26 16:59:47,085 DEBUG matplotlib.font_manager: findfont: Matching STIXSizeFourSym:style=normal:variant=normal:weight=normal:stretch=normal:size=10.0.
2026-06-26 16:59:47,085 DEBUG matplotlib.font_manager: findfont: score(<Font 'STIXSizeThreeSym' (STIXSizThreeSymBol.ttf) normal normal 700 normal>) = 10.335
2026-06-26 16:59:47,085 DEBUG matplotlib.font_manager: findfont: score(<Font 'cmmi10' (cmmi10.ttf) normal normal 400 normal>) = 10.05
2026-06-26 16:59:47,085 DEBUG matplotlib.font_manager: findfont: score(<Font 'DejaVu Sans Display' (DejaVuSansDisplay.ttf) normal normal 400 normal>) = 10.05
2026-06-26 16:59:47,085 DEBUG matplotlib.font_manager: findfont: score(<Font 'DejaVu Serif' (DejaVuSerif-Italic.ttf) italic normal 400 normal>) = 11.05
2026-06-26 16:59:47,085 DEBUG matplotlib.font_manager: findfont: score(<Font 'STIXSizeFourSym' (STIXSizFourSymBol.ttf) normal normal 700 normal>) = 0.33499999999999996
2026-06-26 16:59:47,086 DEBUG matplotlib.font_manager: findfont: score(<Font 'cmss10' (cmss10.ttf) normal normal 400 normal>) = 10.05
2026-06-26 16:59:47,086 DEBUG matplotlib.font_manager: findfont: score(<Font 'STIXNonUnicode' (STIXNonUniBolIta.ttf) italic normal 700 normal>) = 11.335
2026-06-26 16:59:47,086 DEBUG matplotlib.font_manager: findfont: score(<Font 'STIXGeneral' (STIXGeneralBol.ttf) normal normal 700 normal>) = 10.335
2026-06-26 16:59:47,086 DEBUG matplotlib.font_manager: findfont: score(<Font 'STIXNonUnicode' (STIXNonUni.ttf) normal normal 400 normal>) = 10.05
2026-06-26 16:59:47,086 DEBUG matplotlib.font_manager: findfont: score(<Font 'cmex10' (cmex10.ttf) normal normal 400 normal>) = 10.05
2026-06-26 16:59:47,086 DEBUG matplotlib.font_manager: findfont: score(<Font 'DejaVu Sans' (DejaVuSans-Oblique.ttf) oblique normal 400 normal>) = 11.05
2026-06-26 16:59:47,086 DEBUG matplotlib.font_manager: findfont: score(<Font 'STIXSizeOneSym' (STIXSizOneSymReg.ttf) normal normal 400 normal>) = 10.05
2026-06-26 16:59:47,086 DEBUG matplotlib.font_manager: findfont: score(<Font 'STIXSizeTwoSym' (STIXSizTwoSymBol.ttf) normal normal 700 normal>) = 10.335
2026-06-26 16:59:47,086 DEBUG matplotlib.font_manager: findfont: score(<Font 'STIXNonUnicode' (STIXNonUniIta.ttf) italic normal 400 normal>) = 11.05
2026-06-26 16:59:47,086 DEBUG matplotlib.font_manager: findfont: score(<Font 'STIXNonUnicode' (STIXNonUniBol.ttf) normal normal 700 normal>) = 10.335
2026-06-26 16:59:47,086 DEBUG matplotlib.font_manager: findfont: score(<Font 'cmb10' (cmb10.ttf) normal normal 400 normal>) = 10.05
2026-06-26 16:59:47,086 DEBUG matplotlib.font_manager: findfont: score(<Font 'STIXSizeFiveSym' (STIXSizFiveSymReg.ttf) normal normal 400 normal>) = 10.05
2026-06-26 16:59:47,086 DEBUG matplotlib.font_manager: findfont: score(<Font 'DejaVu Serif' (DejaVuSerif.ttf) normal normal 400 normal>) = 10.05
2026-06-26 16:59:47,086 DEBUG matplotlib.font_manager: findfont: score(<Font 'DejaVu Sans Mono' (DejaVuSansMono-Bold.ttf) normal normal 700 normal>) = 10.335
2026-06-26 16:59:47,086 DEBUG matplotlib.font_manager: findfont: score(<Font 'DejaVu Sans Mono' (DejaVuSansMono.ttf) normal normal 400 normal>) = 10.05
2026-06-26 16:59:47,086 DEBUG matplotlib.font_manager: findfont: score(<Font 'DejaVu Serif' (DejaVuSerif-BoldItalic.ttf) italic normal 700 normal>) = 11.335
2026-06-26 16:59:47,086 DEBUG matplotlib.font_manager: findfont: score(<Font 'STIXSizeOneSym' (STIXSizOneSymBol.ttf) normal normal 700 normal>) = 10.335
2026-06-26 16:59:47,086 DEBUG matplotlib.font_manager: findfont: score(<Font 'cmtt10' (cmtt10.ttf) normal normal 400 normal>) = 10.05
2026-06-26 16:59:47,086 DEBUG matplotlib.font_manager: findfont: score(<Font 'DejaVu Sans Mono' (DejaVuSansMono-Oblique.ttf) oblique normal 400 normal>) = 11.05
2026-06-26 16:59:47,086 DEBUG matplotlib.font_manager: findfont: score(<Font 'DejaVu Sans' (DejaVuSans-BoldOblique.ttf) oblique normal 700 normal>) = 11.335
2026-06-26 16:59:47,086 DEBUG matplotlib.font_manager: findfont: score(<Font 'DejaVu Sans' (DejaVuSans-Bold.ttf) normal normal 700 normal>) = 10.335
2026-06-26 16:59:47,086 DEBUG matplotlib.font_manager: findfont: score(<Font 'STIXSizeFourSym' (STIXSizFourSymReg.ttf) normal normal 400 normal>) = 0.05
2026-06-26 16:59:47,086 DEBUG matplotlib.font_manager: findfont: score(<Font 'STIXGeneral' (STIXGeneralBolIta.ttf) italic normal 700 normal>) = 11.335
2026-06-26 16:59:47,086 DEBUG matplotlib.font_manager: findfont: score(<Font 'STIXGeneral' (STIXGeneral.ttf) normal normal 400 normal>) = 10.05
2026-06-26 16:59:47,086 DEBUG matplotlib.font_manager: findfont: score(<Font 'cmsy10' (cmsy10.ttf) normal normal 400 normal>) = 10.05
2026-06-26 16:59:47,086 DEBUG matplotlib.font_manager: findfont: score(<Font 'STIXSizeTwoSym' (STIXSizTwoSymReg.ttf) normal normal 400 normal>) = 10.05
2026-06-26 16:59:47,086 DEBUG matplotlib.font_manager: findfont: score(<Font 'STIXGeneral' (STIXGeneralItalic.ttf) italic normal 400 normal>) = 11.05
2026-06-26 16:59:47,086 DEBUG matplotlib.font_manager: findfont: score(<Font 'DejaVu Serif' (DejaVuSerif-Bold.ttf) normal normal 700 normal>) = 10.335
2026-06-26 16:59:47,086 DEBUG matplotlib.font_manager: findfont: score(<Font 'STIXSizeThreeSym' (STIXSizThreeSymReg.ttf) normal normal 400 normal>) = 10.05
2026-06-26 16:59:47,086 DEBUG matplotlib.font_manager: findfont: score(<Font 'cmr10' (cmr10.ttf) normal normal 400 normal>) = 10.05
2026-06-26 16:59:47,086 DEBUG matplotlib.font_manager: findfont: score(<Font 'DejaVu Sans Mono' (DejaVuSansMono-BoldOblique.ttf) oblique normal 700 normal>) = 11.335
2026-06-26 16:59:47,086 DEBUG matplotlib.font_manager: findfont: score(<Font 'DejaVu Sans' (DejaVuSans.ttf) normal normal 400 normal>) = 10.05
2026-06-26 16:59:47,086 DEBUG matplotlib.font_manager: findfont: score(<Font 'DejaVu Serif Display' (DejaVuSerifDisplay.ttf) normal normal 400 normal>) = 10.05
2026-06-26 16:59:47,086 DEBUG matplotlib.font_manager: findfont: score(<Font 'DejaVu Sans' (DejaVuSans.ttf) normal normal 400 normal>) = 10.05
2026-06-26 16:59:47,086 DEBUG matplotlib.font_manager: findfont: score(<Font 'DejaVu Sans Mono' (DejaVuSansMono.ttf) normal normal 400 normal>) = 10.05
2026-06-26 16:59:47,087 DEBUG matplotlib.font_manager: findfont: score(<Font 'DejaVu Serif' (DejaVuSerif-Bold.ttf) normal normal 700 normal>) = 10.335
2026-06-26 16:59:47,087 DEBUG matplotlib.font_manager: findfont: score(<Font 'DejaVu Sans' (DejaVuSans-Bold.ttf) normal normal 700 normal>) = 10.335
2026-06-26 16:59:47,087 DEBUG matplotlib.font_manager: findfont: score(<Font 'DejaVu Sans Mono' (DejaVuSansMono-Bold.ttf) normal normal 700 normal>) = 10.335
2026-06-26 16:59:47,087 DEBUG matplotlib.font_manager: findfont: score(<Font 'DejaVu Serif' (DejaVuSerif.ttf) normal normal 400 normal>) = 10.05
2026-06-26 16:59:47,087 DEBUG matplotlib.font_manager: findfont: Matching STIXSizeFourSym:style=normal:variant=normal:weight=normal:stretch=normal:size=10.0 to STIXSizeFourSym ('/tmp/_MEIOlvj2w/matplotlib/mpl-data/fonts/ttf/STIXSizFourSymReg.ttf') with score of 0.050000.
2026-06-26 16:59:47,087 DEBUG matplotlib.font_manager: findfont: Matching STIXSizeFiveSym:style=normal:variant=normal:weight=normal:stretch=normal:size=10.0.
2026-06-26 16:59:47,087 DEBUG matplotlib.font_manager: findfont: score(<Font 'STIXSizeThreeSym' (STIXSizThreeSymBol.ttf) normal normal 700 normal>) = 10.335
2026-06-26 16:59:47,087 DEBUG matplotlib.font_manager: findfont: score(<Font 'cmmi10' (cmmi10.ttf) normal normal 400 normal>) = 10.05
2026-06-26 16:59:47,087 DEBUG matplotlib.font_manager: findfont: score(<Font 'DejaVu Sans Display' (DejaVuSansDisplay.ttf) normal normal 400 normal>) = 10.05
2026-06-26 16:59:47,087 DEBUG matplotlib.font_manager: findfont: score(<Font 'DejaVu Serif' (DejaVuSerif-Italic.ttf) italic normal 400 normal>) = 11.05
2026-06-26 16:59:47,087 DEBUG matplotlib.font_manager: findfont: score(<Font 'STIXSizeFourSym' (STIXSizFourSymBol.ttf) normal normal 700 normal>) = 10.335
2026-06-26 16:59:47,087 DEBUG matplotlib.font_manager: findfont: score(<Font 'cmss10' (cmss10.ttf) normal normal 400 normal>) = 10.05
2026-06-26 16:59:47,087 DEBUG matplotlib.font_manager: findfont: score(<Font 'STIXNonUnicode' (STIXNonUniBolIta.ttf) italic normal 700 normal>) = 11.335
2026-06-26 16:59:47,087 DEBUG matplotlib.font_manager: findfont: score(<Font 'STIXGeneral' (STIXGeneralBol.ttf) normal normal 700 normal>) = 10.335
2026-06-26 16:59:47,087 DEBUG matplotlib.font_manager: findfont: score(<Font 'STIXNonUnicode' (STIXNonUni.ttf) normal normal 400 normal>) = 10.05
2026-06-26 16:59:47,087 DEBUG matplotlib.font_manager: findfont: score(<Font 'cmex10' (cmex10.ttf) normal normal 400 normal>) = 10.05
2026-06-26 16:59:47,087 DEBUG matplotlib.font_manager: findfont: score(<Font 'DejaVu Sans' (DejaVuSans-Oblique.ttf) oblique normal 400 normal>) = 11.05
2026-06-26 16:59:47,087 DEBUG matplotlib.font_manager: findfont: score(<Font 'STIXSizeOneSym' (STIXSizOneSymReg.ttf) normal normal 400 normal>) = 10.05
2026-06-26 16:59:47,087 DEBUG matplotlib.font_manager: findfont: score(<Font 'STIXSizeTwoSym' (STIXSizTwoSymBol.ttf) normal normal 700 normal>) = 10.335
2026-06-26 16:59:47,087 DEBUG matplotlib.font_manager: findfont: score(<Font 'STIXNonUnicode' (STIXNonUniIta.ttf) italic normal 400 normal>) = 11.05
2026-06-26 16:59:47,087 DEBUG matplotlib.font_manager: findfont: score(<Font 'STIXNonUnicode' (STIXNonUniBol.ttf) normal normal 700 normal>) = 10.335
2026-06-26 16:59:47,087 DEBUG matplotlib.font_manager: findfont: score(<Font 'cmb10' (cmb10.ttf) normal normal 400 normal>) = 10.05
2026-06-26 16:59:47,087 DEBUG matplotlib.font_manager: findfont: score(<Font 'STIXSizeFiveSym' (STIXSizFiveSymReg.ttf) normal normal 400 normal>) = 0.05
2026-06-26 16:59:47,087 DEBUG matplotlib.font_manager: findfont: score(<Font 'DejaVu Serif' (DejaVuSerif.ttf) normal normal 400 normal>) = 10.05
2026-06-26 16:59:47,087 DEBUG matplotlib.font_manager: findfont: score(<Font 'DejaVu Sans Mono' (DejaVuSansMono-Bold.ttf) normal normal 700 normal>) = 10.335
2026-06-26 16:59:47,088 DEBUG matplotlib.font_manager: findfont: score(<Font 'DejaVu Sans Mono' (DejaVuSansMono.ttf) normal normal 400 normal>) = 10.05
2026-06-26 16:59:47,088 DEBUG matplotlib.font_manager: findfont: score(<Font 'DejaVu Serif' (DejaVuSerif-BoldItalic.ttf) italic normal 700 normal>) = 11.335
2026-06-26 16:59:47,088 DEBUG matplotlib.font_manager: findfont: score(<Font 'STIXSizeOneSym' (STIXSizOneSymBol.ttf) normal normal 700 normal>) = 10.335
2026-06-26 16:59:47,088 DEBUG matplotlib.font_manager: findfont: score(<Font 'cmtt10' (cmtt10.ttf) normal normal 400 normal>) = 10.05
2026-06-26 16:59:47,088 DEBUG matplotlib.font_manager: findfont: score(<Font 'DejaVu Sans Mono' (DejaVuSansMono-Oblique.ttf) oblique normal 400 normal>) = 11.05
2026-06-26 16:59:47,088 DEBUG matplotlib.font_manager: findfont: score(<Font 'DejaVu Sans' (DejaVuSans-BoldOblique.ttf) oblique normal 700 normal>) = 11.335
2026-06-26 16:59:47,088 DEBUG matplotlib.font_manager: findfont: score(<Font 'DejaVu Sans' (DejaVuSans-Bold.ttf) normal normal 700 normal>) = 10.335
2026-06-26 16:59:47,088 DEBUG matplotlib.font_manager: findfont: score(<Font 'STIXSizeFourSym' (STIXSizFourSymReg.ttf) normal normal 400 normal>) = 10.05
2026-06-26 16:59:47,088 DEBUG matplotlib.font_manager: findfont: score(<Font 'STIXGeneral' (STIXGeneralBolIta.ttf) italic normal 700 normal>) = 11.335
2026-06-26 16:59:47,088 DEBUG matplotlib.font_manager: findfont: score(<Font 'STIXGeneral' (STIXGeneral.ttf) normal normal 400 normal>) = 10.05
2026-06-26 16:59:47,088 DEBUG matplotlib.font_manager: findfont: score(<Font 'cmsy10' (cmsy10.ttf) normal normal 400 normal>) = 10.05
2026-06-26 16:59:47,088 DEBUG matplotlib.font_manager: findfont: score(<Font 'STIXSizeTwoSym' (STIXSizTwoSymReg.ttf) normal normal 400 normal>) = 10.05
2026-06-26 16:59:47,088 DEBUG matplotlib.font_manager: findfont: score(<Font 'STIXGeneral' (STIXGeneralItalic.ttf) italic normal 400 normal>) = 11.05
2026-06-26 16:59:47,088 DEBUG matplotlib.font_manager: findfont: score(<Font 'DejaVu Serif' (DejaVuSerif-Bold.ttf) normal normal 700 normal>) = 10.335
2026-06-26 16:59:47,088 DEBUG matplotlib.font_manager: findfont: score(<Font 'STIXSizeThreeSym' (STIXSizThreeSymReg.ttf) normal normal 400 normal>) = 10.05
2026-06-26 16:59:47,088 DEBUG matplotlib.font_manager: findfont: score(<Font 'cmr10' (cmr10.ttf) normal normal 400 normal>) = 10.05
2026-06-26 16:59:47,088 DEBUG matplotlib.font_manager: findfont: score(<Font 'DejaVu Sans Mono' (DejaVuSansMono-BoldOblique.ttf) oblique normal 700 normal>) = 11.335
2026-06-26 16:59:47,088 DEBUG matplotlib.font_manager: findfont: score(<Font 'DejaVu Sans' (DejaVuSans.ttf) normal normal 400 normal>) = 10.05
2026-06-26 16:59:47,088 DEBUG matplotlib.font_manager: findfont: score(<Font 'DejaVu Serif Display' (DejaVuSerifDisplay.ttf) normal normal 400 normal>) = 10.05
2026-06-26 16:59:47,088 DEBUG matplotlib.font_manager: findfont: score(<Font 'DejaVu Sans' (DejaVuSans.ttf) normal normal 400 normal>) = 10.05
2026-06-26 16:59:47,088 DEBUG matplotlib.font_manager: findfont: score(<Font 'DejaVu Sans Mono' (DejaVuSansMono.ttf) normal normal 400 normal>) = 10.05
2026-06-26 16:59:47,088 DEBUG matplotlib.font_manager: findfont: score(<Font 'DejaVu Serif' (DejaVuSerif-Bold.ttf) normal normal 700 normal>) = 10.335
2026-06-26 16:59:47,088 DEBUG matplotlib.font_manager: findfont: score(<Font 'DejaVu Sans' (DejaVuSans-Bold.ttf) normal normal 700 normal>) = 10.335
2026-06-26 16:59:47,088 DEBUG matplotlib.font_manager: findfont: score(<Font 'DejaVu Sans Mono' (DejaVuSansMono-Bold.ttf) normal normal 700 normal>) = 10.335
2026-06-26 16:59:47,088 DEBUG matplotlib.font_manager: findfont: score(<Font 'DejaVu Serif' (DejaVuSerif.ttf) normal normal 400 normal>) = 10.05
2026-06-26 16:59:47,088 DEBUG matplotlib.font_manager: findfont: Matching STIXSizeFiveSym:style=normal:variant=normal:weight=normal:stretch=normal:size=10.0 to STIXSizeFiveSym ('/tmp/_MEIOlvj2w/matplotlib/mpl-data/fonts/ttf/STIXSizFiveSymReg.ttf') with score of 0.050000.
2026-06-26 16:59:47,089 DEBUG matplotlib.font_manager: findfont: Matching cmsy10:style=normal:variant=normal:weight=normal:stretch=normal:size=10.0.
2026-06-26 16:59:47,089 DEBUG matplotlib.font_manager: findfont: score(<Font 'STIXSizeThreeSym' (STIXSizThreeSymBol.ttf) normal normal 700 normal>) = 10.335
2026-06-26 16:59:47,089 DEBUG matplotlib.font_manager: findfont: score(<Font 'cmmi10' (cmmi10.ttf) normal normal 400 normal>) = 10.05
2026-06-26 16:59:47,089 DEBUG matplotlib.font_manager: findfont: score(<Font 'DejaVu Sans Display' (DejaVuSansDisplay.ttf) normal normal 400 normal>) = 10.05
2026-06-26 16:59:47,089 DEBUG matplotlib.font_manager: findfont: score(<Font 'DejaVu Serif' (DejaVuSerif-Italic.ttf) italic normal 400 normal>) = 11.05
2026-06-26 16:59:47,089 DEBUG matplotlib.font_manager: findfont: score(<Font 'STIXSizeFourSym' (STIXSizFourSymBol.ttf) normal normal 700 normal>) = 10.335
2026-06-26 16:59:47,089 DEBUG matplotlib.font_manager: findfont: score(<Font 'cmss10' (cmss10.ttf) normal normal 400 normal>) = 10.05
2026-06-26 16:59:47,089 DEBUG matplotlib.font_manager: findfont: score(<Font 'STIXNonUnicode' (STIXNonUniBolIta.ttf) italic normal 700 normal>) = 11.335
2026-06-26 16:59:47,089 DEBUG matplotlib.font_manager: findfont: score(<Font 'STIXGeneral' (STIXGeneralBol.ttf) normal normal 700 normal>) = 10.335
2026-06-26 16:59:47,089 DEBUG matplotlib.font_manager: findfont: score(<Font 'STIXNonUnicode' (STIXNonUni.ttf) normal normal 400 normal>) = 10.05
2026-06-26 16:59:47,089 DEBUG matplotlib.font_manager: findfont: score(<Font 'cmex10' (cmex10.ttf) normal normal 400 normal>) = 10.05
2026-06-26 16:59:47,089 DEBUG matplotlib.font_manager: findfont: score(<Font 'DejaVu Sans' (DejaVuSans-Oblique.ttf) oblique normal 400 normal>) = 11.05
2026-06-26 16:59:47,089 DEBUG matplotlib.font_manager: findfont: score(<Font 'STIXSizeOneSym' (STIXSizOneSymReg.ttf) normal normal 400 normal>) = 10.05
2026-06-26 16:59:47,089 DEBUG matplotlib.font_manager: findfont: score(<Font 'STIXSizeTwoSym' (STIXSizTwoSymBol.ttf) normal normal 700 normal>) = 10.335
2026-06-26 16:59:47,090 DEBUG matplotlib.font_manager: findfont: score(<Font 'STIXNonUnicode' (STIXNonUniIta.ttf) italic normal 400 normal>) = 11.05
2026-06-26 16:59:47,090 DEBUG matplotlib.font_manager: findfont: score(<Font 'STIXNonUnicode' (STIXNonUniBol.ttf) normal normal 700 normal>) = 10.335
2026-06-26 16:59:47,090 DEBUG matplotlib.font_manager: findfont: score(<Font 'cmb10' (cmb10.ttf) normal normal 400 normal>) = 10.05
2026-06-26 16:59:47,090 DEBUG matplotlib.font_manager: findfont: score(<Font 'STIXSizeFiveSym' (STIXSizFiveSymReg.ttf) normal normal 400 normal>) = 10.05
2026-06-26 16:59:47,090 DEBUG matplotlib.font_manager: findfont: score(<Font 'DejaVu Serif' (DejaVuSerif.ttf) normal normal 400 normal>) = 10.05
2026-06-26 16:59:47,090 DEBUG matplotlib.font_manager: findfont: score(<Font 'DejaVu Sans Mono' (DejaVuSansMono-Bold.ttf) normal normal 700 normal>) = 10.335
2026-06-26 16:59:47,090 DEBUG matplotlib.font_manager: findfont: score(<Font 'DejaVu Sans Mono' (DejaVuSansMono.ttf) normal normal 400 normal>) = 10.05
2026-06-26 16:59:47,090 DEBUG matplotlib.font_manager: findfont: score(<Font 'DejaVu Serif' (DejaVuSerif-BoldItalic.ttf) italic normal 700 normal>) = 11.335
2026-06-26 16:59:47,090 DEBUG matplotlib.font_manager: findfont: score(<Font 'STIXSizeOneSym' (STIXSizOneSymBol.ttf) normal normal 700 normal>) = 10.335
2026-06-26 16:59:47,090 DEBUG matplotlib.font_manager: findfont: score(<Font 'cmtt10' (cmtt10.ttf) normal normal 400 normal>) = 10.05
2026-06-26 16:59:47,090 DEBUG matplotlib.font_manager: findfont: score(<Font 'DejaVu Sans Mono' (DejaVuSansMono-Oblique.ttf) oblique normal 400 normal>) = 11.05
2026-06-26 16:59:47,090 DEBUG matplotlib.font_manager: findfont: score(<Font 'DejaVu Sans' (DejaVuSans-BoldOblique.ttf) oblique normal 700 normal>) = 11.335
2026-06-26 16:59:47,090 DEBUG matplotlib.font_manager: findfont: score(<Font 'DejaVu Sans' (DejaVuSans-Bold.ttf) normal normal 700 normal>) = 10.335
2026-06-26 16:59:47,090 DEBUG matplotlib.font_manager: findfont: score(<Font 'STIXSizeFourSym' (STIXSizFourSymReg.ttf) normal normal 400 normal>) = 10.05
2026-06-26 16:59:47,090 DEBUG matplotlib.font_manager: findfont: score(<Font 'STIXGeneral' (STIXGeneralBolIta.ttf) italic normal 700 normal>) = 11.335
2026-06-26 16:59:47,090 DEBUG matplotlib.font_manager: findfont: score(<Font 'STIXGeneral' (STIXGeneral.ttf) normal normal 400 normal>) = 10.05
2026-06-26 16:59:47,090 DEBUG matplotlib.font_manager: findfont: score(<Font 'cmsy10' (cmsy10.ttf) normal normal 400 normal>) = 0.05
2026-06-26 16:59:47,090 DEBUG matplotlib.font_manager: findfont: score(<Font 'STIXSizeTwoSym' (STIXSizTwoSymReg.ttf) normal normal 400 normal>) = 10.05
2026-06-26 16:59:47,090 DEBUG matplotlib.font_manager: findfont: score(<Font 'STIXGeneral' (STIXGeneralItalic.ttf) italic normal 400 normal>) = 11.05
2026-06-26 16:59:47,090 DEBUG matplotlib.font_manager: findfont: score(<Font 'DejaVu Serif' (DejaVuSerif-Bold.ttf) normal normal 700 normal>) = 10.335
2026-06-26 16:59:47,090 DEBUG matplotlib.font_manager: findfont: score(<Font 'STIXSizeThreeSym' (STIXSizThreeSymReg.ttf) normal normal 400 normal>) = 10.05
2026-06-26 16:59:47,090 DEBUG matplotlib.font_manager: findfont: score(<Font 'cmr10' (cmr10.ttf) normal normal 400 normal>) = 10.05
2026-06-26 16:59:47,090 DEBUG matplotlib.font_manager: findfont: score(<Font 'DejaVu Sans Mono' (DejaVuSansMono-BoldOblique.ttf) oblique normal 700 normal>) = 11.335
2026-06-26 16:59:47,090 DEBUG matplotlib.font_manager: findfont: score(<Font 'DejaVu Sans' (DejaVuSans.ttf) normal normal 400 normal>) = 10.05
2026-06-26 16:59:47,090 DEBUG matplotlib.font_manager: findfont: score(<Font 'DejaVu Serif Display' (DejaVuSerifDisplay.ttf) normal normal 400 normal>) = 10.05
2026-06-26 16:59:47,090 DEBUG matplotlib.font_manager: findfont: score(<Font 'DejaVu Sans' (DejaVuSans.ttf) normal normal 400 normal>) = 10.05
2026-06-26 16:59:47,090 DEBUG matplotlib.font_manager: findfont: score(<Font 'DejaVu Sans Mono' (DejaVuSansMono.ttf) normal normal 400 normal>) = 10.05
2026-06-26 16:59:47,090 DEBUG matplotlib.font_manager: findfont: score(<Font 'DejaVu Serif' (DejaVuSerif-Bold.ttf) normal normal 700 normal>) = 10.335
2026-06-26 16:59:47,090 DEBUG matplotlib.font_manager: findfont: score(<Font 'DejaVu Sans' (DejaVuSans-Bold.ttf) normal normal 700 normal>) = 10.335
2026-06-26 16:59:47,090 DEBUG matplotlib.font_manager: findfont: score(<Font 'DejaVu Sans Mono' (DejaVuSansMono-Bold.ttf) normal normal 700 normal>) = 10.335
2026-06-26 16:59:47,090 DEBUG matplotlib.font_manager: findfont: score(<Font 'DejaVu Serif' (DejaVuSerif.ttf) normal normal 400 normal>) = 10.05
2026-06-26 16:59:47,090 DEBUG matplotlib.font_manager: findfont: Matching cmsy10:style=normal:variant=normal:weight=normal:stretch=normal:size=10.0 to cmsy10 ('/tmp/_MEIOlvj2w/matplotlib/mpl-data/fonts/ttf/cmsy10.ttf') with score of 0.050000.
2026-06-26 16:59:47,091 DEBUG matplotlib.font_manager: findfont: Matching cmr10:style=normal:variant=normal:weight=normal:stretch=normal:size=10.0.
2026-06-26 16:59:47,091 DEBUG matplotlib.font_manager: findfont: score(<Font 'STIXSizeThreeSym' (STIXSizThreeSymBol.ttf) normal normal 700 normal>) = 10.335
2026-06-26 16:59:47,091 DEBUG matplotlib.font_manager: findfont: score(<Font 'cmmi10' (cmmi10.ttf) normal normal 400 normal>) = 10.05
2026-06-26 16:59:47,091 DEBUG matplotlib.font_manager: findfont: score(<Font 'DejaVu Sans Display' (DejaVuSansDisplay.ttf) normal normal 400 normal>) = 10.05
2026-06-26 16:59:47,091 DEBUG matplotlib.font_manager: findfont: score(<Font 'DejaVu Serif' (DejaVuSerif-Italic.ttf) italic normal 400 normal>) = 11.05
2026-06-26 16:59:47,091 DEBUG matplotlib.font_manager: findfont: score(<Font 'STIXSizeFourSym' (STIXSizFourSymBol.ttf) normal normal 700 normal>) = 10.335
2026-06-26 16:59:47,091 DEBUG matplotlib.font_manager: findfont: score(<Font 'cmss10' (cmss10.ttf) normal normal 400 normal>) = 10.05
2026-06-26 16:59:47,091 DEBUG matplotlib.font_manager: findfont: score(<Font 'STIXNonUnicode' (STIXNonUniBolIta.ttf) italic normal 700 normal>) = 11.335
2026-06-26 16:59:47,091 DEBUG matplotlib.font_manager: findfont: score(<Font 'STIXGeneral' (STIXGeneralBol.ttf) normal normal 700 normal>) = 10.335
2026-06-26 16:59:47,091 DEBUG matplotlib.font_manager: findfont: score(<Font 'STIXNonUnicode' (STIXNonUni.ttf) normal normal 400 normal>) = 10.05
2026-06-26 16:59:47,091 DEBUG matplotlib.font_manager: findfont: score(<Font 'cmex10' (cmex10.ttf) normal normal 400 normal>) = 10.05
2026-06-26 16:59:47,091 DEBUG matplotlib.font_manager: findfont: score(<Font 'DejaVu Sans' (DejaVuSans-Oblique.ttf) oblique normal 400 normal>) = 11.05
2026-06-26 16:59:47,091 DEBUG matplotlib.font_manager: findfont: score(<Font 'STIXSizeOneSym' (STIXSizOneSymReg.ttf) normal normal 400 normal>) = 10.05
2026-06-26 16:59:47,091 DEBUG matplotlib.font_manager: findfont: score(<Font 'STIXSizeTwoSym' (STIXSizTwoSymBol.ttf) normal normal 700 normal>) = 10.335
2026-06-26 16:59:47,091 DEBUG matplotlib.font_manager: findfont: score(<Font 'STIXNonUnicode' (STIXNonUniIta.ttf) italic normal 400 normal>) = 11.05
2026-06-26 16:59:47,091 DEBUG matplotlib.font_manager: findfont: score(<Font 'STIXNonUnicode' (STIXNonUniBol.ttf) normal normal 700 normal>) = 10.335
2026-06-26 16:59:47,091 DEBUG matplotlib.font_manager: findfont: score(<Font 'cmb10' (cmb10.ttf) normal normal 400 normal>) = 10.05
2026-06-26 16:59:47,091 DEBUG matplotlib.font_manager: findfont: score(<Font 'STIXSizeFiveSym' (STIXSizFiveSymReg.ttf) normal normal 400 normal>) = 10.05
2026-06-26 16:59:47,091 DEBUG matplotlib.font_manager: findfont: score(<Font 'DejaVu Serif' (DejaVuSerif.ttf) normal normal 400 normal>) = 10.05
2026-06-26 16:59:47,091 DEBUG matplotlib.font_manager: findfont: score(<Font 'DejaVu Sans Mono' (DejaVuSansMono-Bold.ttf) normal normal 700 normal>) = 10.335
2026-06-26 16:59:47,091 DEBUG matplotlib.font_manager: findfont: score(<Font 'DejaVu Sans Mono' (DejaVuSansMono.ttf) normal normal 400 normal>) = 10.05
2026-06-26 16:59:47,091 DEBUG matplotlib.font_manager: findfont: score(<Font 'DejaVu Serif' (DejaVuSerif-BoldItalic.ttf) italic normal 700 normal>) = 11.335
2026-06-26 16:59:47,091 DEBUG matplotlib.font_manager: findfont: score(<Font 'STIXSizeOneSym' (STIXSizOneSymBol.ttf) normal normal 700 normal>) = 10.335
2026-06-26 16:59:47,091 DEBUG matplotlib.font_manager: findfont: score(<Font 'cmtt10' (cmtt10.ttf) normal normal 400 normal>) = 10.05
2026-06-26 16:59:47,091 DEBUG matplotlib.font_manager: findfont: score(<Font 'DejaVu Sans Mono' (DejaVuSansMono-Oblique.ttf) oblique normal 400 normal>) = 11.05
2026-06-26 16:59:47,091 DEBUG matplotlib.font_manager: findfont: score(<Font 'DejaVu Sans' (DejaVuSans-BoldOblique.ttf) oblique normal 700 normal>) = 11.335
2026-06-26 16:59:47,091 DEBUG matplotlib.font_manager: findfont: score(<Font 'DejaVu Sans' (DejaVuSans-Bold.ttf) normal normal 700 normal>) = 10.335
2026-06-26 16:59:47,091 DEBUG matplotlib.font_manager: findfont: score(<Font 'STIXSizeFourSym' (STIXSizFourSymReg.ttf) normal normal 400 normal>) = 10.05
2026-06-26 16:59:47,091 DEBUG matplotlib.font_manager: findfont: score(<Font 'STIXGeneral' (STIXGeneralBolIta.ttf) italic normal 700 normal>) = 11.335
2026-06-26 16:59:47,092 DEBUG matplotlib.font_manager: findfont: score(<Font 'STIXGeneral' (STIXGeneral.ttf) normal normal 400 normal>) = 10.05
2026-06-26 16:59:47,092 DEBUG matplotlib.font_manager: findfont: score(<Font 'cmsy10' (cmsy10.ttf) normal normal 400 normal>) = 10.05
2026-06-26 16:59:47,092 DEBUG matplotlib.font_manager: findfont: score(<Font 'STIXSizeTwoSym' (STIXSizTwoSymReg.ttf) normal normal 400 normal>) = 10.05
2026-06-26 16:59:47,092 DEBUG matplotlib.font_manager: findfont: score(<Font 'STIXGeneral' (STIXGeneralItalic.ttf) italic normal 400 normal>) = 11.05
2026-06-26 16:59:47,092 DEBUG matplotlib.font_manager: findfont: score(<Font 'DejaVu Serif' (DejaVuSerif-Bold.ttf) normal normal 700 normal>) = 10.335
2026-06-26 16:59:47,092 DEBUG matplotlib.font_manager: findfont: score(<Font 'STIXSizeThreeSym' (STIXSizThreeSymReg.ttf) normal normal 400 normal>) = 10.05
2026-06-26 16:59:47,092 DEBUG matplotlib.font_manager: findfont: score(<Font 'cmr10' (cmr10.ttf) normal normal 400 normal>) = 0.05
2026-06-26 16:59:47,092 DEBUG matplotlib.font_manager: findfont: score(<Font 'DejaVu Sans Mono' (DejaVuSansMono-BoldOblique.ttf) oblique normal 700 normal>) = 11.335
2026-06-26 16:59:47,092 DEBUG matplotlib.font_manager: findfont: score(<Font 'DejaVu Sans' (DejaVuSans.ttf) normal normal 400 normal>) = 10.05
2026-06-26 16:59:47,092 DEBUG matplotlib.font_manager: findfont: score(<Font 'DejaVu Serif Display' (DejaVuSerifDisplay.ttf) normal normal 400 normal>) = 10.05
2026-06-26 16:59:47,092 DEBUG matplotlib.font_manager: findfont: score(<Font 'DejaVu Sans' (DejaVuSans.ttf) normal normal 400 normal>) = 10.05
2026-06-26 16:59:47,092 DEBUG matplotlib.font_manager: findfont: score(<Font 'DejaVu Sans Mono' (DejaVuSansMono.ttf) normal normal 400 normal>) = 10.05
2026-06-26 16:59:47,092 DEBUG matplotlib.font_manager: findfont: score(<Font 'DejaVu Serif' (DejaVuSerif-Bold.ttf) normal normal 700 normal>) = 10.335
2026-06-26 16:59:47,092 DEBUG matplotlib.font_manager: findfont: score(<Font 'DejaVu Sans' (DejaVuSans-Bold.ttf) normal normal 700 normal>) = 10.335
2026-06-26 16:59:47,092 DEBUG matplotlib.font_manager: findfont: score(<Font 'DejaVu Sans Mono' (DejaVuSansMono-Bold.ttf) normal normal 700 normal>) = 10.335
2026-06-26 16:59:47,092 DEBUG matplotlib.font_manager: findfont: score(<Font 'DejaVu Serif' (DejaVuSerif.ttf) normal normal 400 normal>) = 10.05
2026-06-26 16:59:47,092 DEBUG matplotlib.font_manager: findfont: Matching cmr10:style=normal:variant=normal:weight=normal:stretch=normal:size=10.0 to cmr10 ('/tmp/_MEIOlvj2w/matplotlib/mpl-data/fonts/ttf/cmr10.ttf') with score of 0.050000.
2026-06-26 16:59:47,092 DEBUG matplotlib.font_manager: findfont: Matching cmtt10:style=normal:variant=normal:weight=normal:stretch=normal:size=10.0.
2026-06-26 16:59:47,092 DEBUG matplotlib.font_manager: findfont: score(<Font 'STIXSizeThreeSym' (STIXSizThreeSymBol.ttf) normal normal 700 normal>) = 10.335
2026-06-26 16:59:47,092 DEBUG matplotlib.font_manager: findfont: score(<Font 'cmmi10' (cmmi10.ttf) normal normal 400 normal>) = 10.05
2026-06-26 16:59:47,092 DEBUG matplotlib.font_manager: findfont: score(<Font 'DejaVu Sans Display' (DejaVuSansDisplay.ttf) normal normal 400 normal>) = 10.05
2026-06-26 16:59:47,092 DEBUG matplotlib.font_manager: findfont: score(<Font 'DejaVu Serif' (DejaVuSerif-Italic.ttf) italic normal 400 normal>) = 11.05
2026-06-26 16:59:47,092 DEBUG matplotlib.font_manager: findfont: score(<Font 'STIXSizeFourSym' (STIXSizFourSymBol.ttf) normal normal 700 normal>) = 10.335
2026-06-26 16:59:47,092 DEBUG matplotlib.font_manager: findfont: score(<Font 'cmss10' (cmss10.ttf) normal normal 400 normal>) = 10.05
2026-06-26 16:59:47,092 DEBUG matplotlib.font_manager: findfont: score(<Font 'STIXNonUnicode' (STIXNonUniBolIta.ttf) italic normal 700 normal>) = 11.335
2026-06-26 16:59:47,092 DEBUG matplotlib.font_manager: findfont: score(<Font 'STIXGeneral' (STIXGeneralBol.ttf) normal normal 700 normal>) = 10.335
2026-06-26 16:59:47,093 DEBUG matplotlib.font_manager: findfont: score(<Font 'STIXNonUnicode' (STIXNonUni.ttf) normal normal 400 normal>) = 10.05
2026-06-26 16:59:47,093 DEBUG matplotlib.font_manager: findfont: score(<Font 'cmex10' (cmex10.ttf) normal normal 400 normal>) = 10.05
2026-06-26 16:59:47,093 DEBUG matplotlib.font_manager: findfont: score(<Font 'DejaVu Sans' (DejaVuSans-Oblique.ttf) oblique normal 400 normal>) = 11.05
2026-06-26 16:59:47,093 DEBUG matplotlib.font_manager: findfont: score(<Font 'STIXSizeOneSym' (STIXSizOneSymReg.ttf) normal normal 400 normal>) = 10.05
2026-06-26 16:59:47,093 DEBUG matplotlib.font_manager: findfont: score(<Font 'STIXSizeTwoSym' (STIXSizTwoSymBol.ttf) normal normal 700 normal>) = 10.335
2026-06-26 16:59:47,093 DEBUG matplotlib.font_manager: findfont: score(<Font 'STIXNonUnicode' (STIXNonUniIta.ttf) italic normal 400 normal>) = 11.05
2026-06-26 16:59:47,093 DEBUG matplotlib.font_manager: findfont: score(<Font 'STIXNonUnicode' (STIXNonUniBol.ttf) normal normal 700 normal>) = 10.335
2026-06-26 16:59:47,093 DEBUG matplotlib.font_manager: findfont: score(<Font 'cmb10' (cmb10.ttf) normal normal 400 normal>) = 10.05
2026-06-26 16:59:47,093 DEBUG matplotlib.font_manager: findfont: score(<Font 'STIXSizeFiveSym' (STIXSizFiveSymReg.ttf) normal normal 400 normal>) = 10.05
2026-06-26 16:59:47,093 DEBUG matplotlib.font_manager: findfont: score(<Font 'DejaVu Serif' (DejaVuSerif.ttf) normal normal 400 normal>) = 10.05
2026-06-26 16:59:47,093 DEBUG matplotlib.font_manager: findfont: score(<Font 'DejaVu Sans Mono' (DejaVuSansMono-Bold.ttf) normal normal 700 normal>) = 10.335
2026-06-26 16:59:47,093 DEBUG matplotlib.font_manager: findfont: score(<Font 'DejaVu Sans Mono' (DejaVuSansMono.ttf) normal normal 400 normal>) = 10.05
2026-06-26 16:59:47,093 DEBUG matplotlib.font_manager: findfont: score(<Font 'DejaVu Serif' (DejaVuSerif-BoldItalic.ttf) italic normal 700 normal>) = 11.335
2026-06-26 16:59:47,093 DEBUG matplotlib.font_manager: findfont: score(<Font 'STIXSizeOneSym' (STIXSizOneSymBol.ttf) normal normal 700 normal>) = 10.335
2026-06-26 16:59:47,093 DEBUG matplotlib.font_manager: findfont: score(<Font 'cmtt10' (cmtt10.ttf) normal normal 400 normal>) = 0.05
2026-06-26 16:59:47,093 DEBUG matplotlib.font_manager: findfont: score(<Font 'DejaVu Sans Mono' (DejaVuSansMono-Oblique.ttf) oblique normal 400 normal>) = 11.05
2026-06-26 16:59:47,093 DEBUG matplotlib.font_manager: findfont: score(<Font 'DejaVu Sans' (DejaVuSans-BoldOblique.ttf) oblique normal 700 normal>) = 11.335
2026-06-26 16:59:47,093 DEBUG matplotlib.font_manager: findfont: score(<Font 'DejaVu Sans' (DejaVuSans-Bold.ttf) normal normal 700 normal>) = 10.335
2026-06-26 16:59:47,093 DEBUG matplotlib.font_manager: findfont: score(<Font 'STIXSizeFourSym' (STIXSizFourSymReg.ttf) normal normal 400 normal>) = 10.05
2026-06-26 16:59:47,093 DEBUG matplotlib.font_manager: findfont: score(<Font 'STIXGeneral' (STIXGeneralBolIta.ttf) italic normal 700 normal>) = 11.335
2026-06-26 16:59:47,093 DEBUG matplotlib.font_manager: findfont: score(<Font 'STIXGeneral' (STIXGeneral.ttf) normal normal 400 normal>) = 10.05
2026-06-26 16:59:47,093 DEBUG matplotlib.font_manager: findfont: score(<Font 'cmsy10' (cmsy10.ttf) normal normal 400 normal>) = 10.05
2026-06-26 16:59:47,093 DEBUG matplotlib.font_manager: findfont: score(<Font 'STIXSizeTwoSym' (STIXSizTwoSymReg.ttf) normal normal 400 normal>) = 10.05
2026-06-26 16:59:47,093 DEBUG matplotlib.font_manager: findfont: score(<Font 'STIXGeneral' (STIXGeneralItalic.ttf) italic normal 400 normal>) = 11.05
2026-06-26 16:59:47,093 DEBUG matplotlib.font_manager: findfont: score(<Font 'DejaVu Serif' (DejaVuSerif-Bold.ttf) normal normal 700 normal>) = 10.335
2026-06-26 16:59:47,093 DEBUG matplotlib.font_manager: findfont: score(<Font 'STIXSizeThreeSym' (STIXSizThreeSymReg.ttf) normal normal 400 normal>) = 10.05
2026-06-26 16:59:47,093 DEBUG matplotlib.font_manager: findfont: score(<Font 'cmr10' (cmr10.ttf) normal normal 400 normal>) = 10.05
2026-06-26 16:59:47,093 DEBUG matplotlib.font_manager: findfont: score(<Font 'DejaVu Sans Mono' (DejaVuSansMono-BoldOblique.ttf) oblique normal 700 normal>) = 11.335
2026-06-26 16:59:47,093 DEBUG matplotlib.font_manager: findfont: score(<Font 'DejaVu Sans' (DejaVuSans.ttf) normal normal 400 normal>) = 10.05
2026-06-26 16:59:47,093 DEBUG matplotlib.font_manager: findfont: score(<Font 'DejaVu Serif Display' (DejaVuSerifDisplay.ttf) normal normal 400 normal>) = 10.05
2026-06-26 16:59:47,093 DEBUG matplotlib.font_manager: findfont: score(<Font 'DejaVu Sans' (DejaVuSans.ttf) normal normal 400 normal>) = 10.05
2026-06-26 16:59:47,093 DEBUG matplotlib.font_manager: findfont: score(<Font 'DejaVu Sans Mono' (DejaVuSansMono.ttf) normal normal 400 normal>) = 10.05
2026-06-26 16:59:47,093 DEBUG matplotlib.font_manager: findfont: score(<Font 'DejaVu Serif' (DejaVuSerif-Bold.ttf) normal normal 700 normal>) = 10.335
2026-06-26 16:59:47,093 DEBUG matplotlib.font_manager: findfont: score(<Font 'DejaVu Sans' (DejaVuSans-Bold.ttf) normal normal 700 normal>) = 10.335
2026-06-26 16:59:47,093 DEBUG matplotlib.font_manager: findfont: score(<Font 'DejaVu Sans Mono' (DejaVuSansMono-Bold.ttf) normal normal 700 normal>) = 10.335
2026-06-26 16:59:47,094 DEBUG matplotlib.font_manager: findfont: score(<Font 'DejaVu Serif' (DejaVuSerif.ttf) normal normal 400 normal>) = 10.05
2026-06-26 16:59:47,094 DEBUG matplotlib.font_manager: findfont: Matching cmtt10:style=normal:variant=normal:weight=normal:stretch=normal:size=10.0 to cmtt10 ('/tmp/_MEIOlvj2w/matplotlib/mpl-data/fonts/ttf/cmtt10.ttf') with score of 0.050000.
2026-06-26 16:59:47,094 DEBUG matplotlib.font_manager: findfont: Matching cmmi10:style=normal:variant=normal:weight=normal:stretch=normal:size=10.0.
2026-06-26 16:59:47,094 DEBUG matplotlib.font_manager: findfont: score(<Font 'STIXSizeThreeSym' (STIXSizThreeSymBol.ttf) normal normal 700 normal>) = 10.335
2026-06-26 16:59:47,094 DEBUG matplotlib.font_manager: findfont: score(<Font 'cmmi10' (cmmi10.ttf) normal normal 400 normal>) = 0.05
2026-06-26 16:59:47,094 DEBUG matplotlib.font_manager: findfont: score(<Font 'DejaVu Sans Display' (DejaVuSansDisplay.ttf) normal normal 400 normal>) = 10.05
2026-06-26 16:59:47,094 DEBUG matplotlib.font_manager: findfont: score(<Font 'DejaVu Serif' (DejaVuSerif-Italic.ttf) italic normal 400 normal>) = 11.05
2026-06-26 16:59:47,094 DEBUG matplotlib.font_manager: findfont: score(<Font 'STIXSizeFourSym' (STIXSizFourSymBol.ttf) normal normal 700 normal>) = 10.335
2026-06-26 16:59:47,094 DEBUG matplotlib.font_manager: findfont: score(<Font 'cmss10' (cmss10.ttf) normal normal 400 normal>) = 10.05
2026-06-26 16:59:47,094 DEBUG matplotlib.font_manager: findfont: score(<Font 'STIXNonUnicode' (STIXNonUniBolIta.ttf) italic normal 700 normal>) = 11.335
2026-06-26 16:59:47,094 DEBUG matplotlib.font_manager: findfont: score(<Font 'STIXGeneral' (STIXGeneralBol.ttf) normal normal 700 normal>) = 10.335
2026-06-26 16:59:47,094 DEBUG matplotlib.font_manager: findfont: score(<Font 'STIXNonUnicode' (STIXNonUni.ttf) normal normal 400 normal>) = 10.05
2026-06-26 16:59:47,094 DEBUG matplotlib.font_manager: findfont: score(<Font 'cmex10' (cmex10.ttf) normal normal 400 normal>) = 10.05
2026-06-26 16:59:47,094 DEBUG matplotlib.font_manager: findfont: score(<Font 'DejaVu Sans' (DejaVuSans-Oblique.ttf) oblique normal 400 normal>) = 11.05
2026-06-26 16:59:47,094 DEBUG matplotlib.font_manager: findfont: score(<Font 'STIXSizeOneSym' (STIXSizOneSymReg.ttf) normal normal 400 normal>) = 10.05
2026-06-26 16:59:47,094 DEBUG matplotlib.font_manager: findfont: score(<Font 'STIXSizeTwoSym' (STIXSizTwoSymBol.ttf) normal normal 700 normal>) = 10.335
2026-06-26 16:59:47,094 DEBUG matplotlib.font_manager: findfont: score(<Font 'STIXNonUnicode' (STIXNonUniIta.ttf) italic normal 400 normal>) = 11.05
2026-06-26 16:59:47,094 DEBUG matplotlib.font_manager: findfont: score(<Font 'STIXNonUnicode' (STIXNonUniBol.ttf) normal normal 700 normal>) = 10.335
2026-06-26 16:59:47,094 DEBUG matplotlib.font_manager: findfont: score(<Font 'cmb10' (cmb10.ttf) normal normal 400 normal>) = 10.05
2026-06-26 16:59:47,094 DEBUG matplotlib.font_manager: findfont: score(<Font 'STIXSizeFiveSym' (STIXSizFiveSymReg.ttf) normal normal 400 normal>) = 10.05
2026-06-26 16:59:47,094 DEBUG matplotlib.font_manager: findfont: score(<Font 'DejaVu Serif' (DejaVuSerif.ttf) normal normal 400 normal>) = 10.05
2026-06-26 16:59:47,094 DEBUG matplotlib.font_manager: findfont: score(<Font 'DejaVu Sans Mono' (DejaVuSansMono-Bold.ttf) normal normal 700 normal>) = 10.335
2026-06-26 16:59:47,094 DEBUG matplotlib.font_manager: findfont: score(<Font 'DejaVu Sans Mono' (DejaVuSansMono.ttf) normal normal 400 normal>) = 10.05
2026-06-26 16:59:47,094 DEBUG matplotlib.font_manager: findfont: score(<Font 'DejaVu Serif' (DejaVuSerif-BoldItalic.ttf) italic normal 700 normal>) = 11.335
2026-06-26 16:59:47,094 DEBUG matplotlib.font_manager: findfont: score(<Font 'STIXSizeOneSym' (STIXSizOneSymBol.ttf) normal normal 700 normal>) = 10.335
2026-06-26 16:59:47,094 DEBUG matplotlib.font_manager: findfont: score(<Font 'cmtt10' (cmtt10.ttf) normal normal 400 normal>) = 10.05
2026-06-26 16:59:47,094 DEBUG matplotlib.font_manager: findfont: score(<Font 'DejaVu Sans Mono' (DejaVuSansMono-Oblique.ttf) oblique normal 400 normal>) = 11.05
2026-06-26 16:59:47,095 DEBUG matplotlib.font_manager: findfont: score(<Font 'DejaVu Sans' (DejaVuSans-BoldOblique.ttf) oblique normal 700 normal>) = 11.335
2026-06-26 16:59:47,095 DEBUG matplotlib.font_manager: findfont: score(<Font 'DejaVu Sans' (DejaVuSans-Bold.ttf) normal normal 700 normal>) = 10.335
2026-06-26 16:59:47,095 DEBUG matplotlib.font_manager: findfont: score(<Font 'STIXSizeFourSym' (STIXSizFourSymReg.ttf) normal normal 400 normal>) = 10.05
2026-06-26 16:59:47,095 DEBUG matplotlib.font_manager: findfont: score(<Font 'STIXGeneral' (STIXGeneralBolIta.ttf) italic normal 700 normal>) = 11.335
2026-06-26 16:59:47,095 DEBUG matplotlib.font_manager: findfont: score(<Font 'STIXGeneral' (STIXGeneral.ttf) normal normal 400 normal>) = 10.05
2026-06-26 16:59:47,095 DEBUG matplotlib.font_manager: findfont: score(<Font 'cmsy10' (cmsy10.ttf) normal normal 400 normal>) = 10.05
2026-06-26 16:59:47,095 DEBUG matplotlib.font_manager: findfont: score(<Font 'STIXSizeTwoSym' (STIXSizTwoSymReg.ttf) normal normal 400 normal>) = 10.05
2026-06-26 16:59:47,095 DEBUG matplotlib.font_manager: findfont: score(<Font 'STIXGeneral' (STIXGeneralItalic.ttf) italic normal 400 normal>) = 11.05
2026-06-26 16:59:47,095 DEBUG matplotlib.font_manager: findfont: score(<Font 'DejaVu Serif' (DejaVuSerif-Bold.ttf) normal normal 700 normal>) = 10.335
2026-06-26 16:59:47,095 DEBUG matplotlib.font_manager: findfont: score(<Font 'STIXSizeThreeSym' (STIXSizThreeSymReg.ttf) normal normal 400 normal>) = 10.05
2026-06-26 16:59:47,095 DEBUG matplotlib.font_manager: findfont: score(<Font 'cmr10' (cmr10.ttf) normal normal 400 normal>) = 10.05
2026-06-26 16:59:47,095 DEBUG matplotlib.font_manager: findfont: score(<Font 'DejaVu Sans Mono' (DejaVuSansMono-BoldOblique.ttf) oblique normal 700 normal>) = 11.335
2026-06-26 16:59:47,095 DEBUG matplotlib.font_manager: findfont: score(<Font 'DejaVu Sans' (DejaVuSans.ttf) normal normal 400 normal>) = 10.05
2026-06-26 16:59:47,095 DEBUG matplotlib.font_manager: findfont: score(<Font 'DejaVu Serif Display' (DejaVuSerifDisplay.ttf) normal normal 400 normal>) = 10.05
2026-06-26 16:59:47,095 DEBUG matplotlib.font_manager: findfont: score(<Font 'DejaVu Sans' (DejaVuSans.ttf) normal normal 400 normal>) = 10.05
2026-06-26 16:59:47,095 DEBUG matplotlib.font_manager: findfont: score(<Font 'DejaVu Sans Mono' (DejaVuSansMono.ttf) normal normal 400 normal>) = 10.05
2026-06-26 16:59:47,095 DEBUG matplotlib.font_manager: findfont: score(<Font 'DejaVu Serif' (DejaVuSerif-Bold.ttf) normal normal 700 normal>) = 10.335
2026-06-26 16:59:47,095 DEBUG matplotlib.font_manager: findfont: score(<Font 'DejaVu Sans' (DejaVuSans-Bold.ttf) normal normal 700 normal>) = 10.335
2026-06-26 16:59:47,095 DEBUG matplotlib.font_manager: findfont: score(<Font 'DejaVu Sans Mono' (DejaVuSansMono-Bold.ttf) normal normal 700 normal>) = 10.335
2026-06-26 16:59:47,095 DEBUG matplotlib.font_manager: findfont: score(<Font 'DejaVu Serif' (DejaVuSerif.ttf) normal normal 400 normal>) = 10.05
2026-06-26 16:59:47,095 DEBUG matplotlib.font_manager: findfont: Matching cmmi10:style=normal:variant=normal:weight=normal:stretch=normal:size=10.0 to cmmi10 ('/tmp/_MEIOlvj2w/matplotlib/mpl-data/fonts/ttf/cmmi10.ttf') with score of 0.050000.
2026-06-26 16:59:47,095 DEBUG matplotlib.font_manager: findfont: Matching cmb10:style=normal:variant=normal:weight=normal:stretch=normal:size=10.0.
2026-06-26 16:59:47,095 DEBUG matplotlib.font_manager: findfont: score(<Font 'STIXSizeThreeSym' (STIXSizThreeSymBol.ttf) normal normal 700 normal>) = 10.335
2026-06-26 16:59:47,095 DEBUG matplotlib.font_manager: findfont: score(<Font 'cmmi10' (cmmi10.ttf) normal normal 400 normal>) = 10.05
2026-06-26 16:59:47,095 DEBUG matplotlib.font_manager: findfont: score(<Font 'DejaVu Sans Display' (DejaVuSansDisplay.ttf) normal normal 400 normal>) = 10.05
2026-06-26 16:59:47,096 DEBUG matplotlib.font_manager: findfont: score(<Font 'DejaVu Serif' (DejaVuSerif-Italic.ttf) italic normal 400 normal>) = 11.05
2026-06-26 16:59:47,096 DEBUG matplotlib.font_manager: findfont: score(<Font 'STIXSizeFourSym' (STIXSizFourSymBol.ttf) normal normal 700 normal>) = 10.335
2026-06-26 16:59:47,096 DEBUG matplotlib.font_manager: findfont: score(<Font 'cmss10' (cmss10.ttf) normal normal 400 normal>) = 10.05
2026-06-26 16:59:47,096 DEBUG matplotlib.font_manager: findfont: score(<Font 'STIXNonUnicode' (STIXNonUniBolIta.ttf) italic normal 700 normal>) = 11.335
2026-06-26 16:59:47,096 DEBUG matplotlib.font_manager: findfont: score(<Font 'STIXGeneral' (STIXGeneralBol.ttf) normal normal 700 normal>) = 10.335
2026-06-26 16:59:47,096 DEBUG matplotlib.font_manager: findfont: score(<Font 'STIXNonUnicode' (STIXNonUni.ttf) normal normal 400 normal>) = 10.05
2026-06-26 16:59:47,096 DEBUG matplotlib.font_manager: findfont: score(<Font 'cmex10' (cmex10.ttf) normal normal 400 normal>) = 10.05
2026-06-26 16:59:47,096 DEBUG matplotlib.font_manager: findfont: score(<Font 'DejaVu Sans' (DejaVuSans-Oblique.ttf) oblique normal 400 normal>) = 11.05
2026-06-26 16:59:47,096 DEBUG matplotlib.font_manager: findfont: score(<Font 'STIXSizeOneSym' (STIXSizOneSymReg.ttf) normal normal 400 normal>) = 10.05
2026-06-26 16:59:47,096 DEBUG matplotlib.font_manager: findfont: score(<Font 'STIXSizeTwoSym' (STIXSizTwoSymBol.ttf) normal normal 700 normal>) = 10.335
2026-06-26 16:59:47,096 DEBUG matplotlib.font_manager: findfont: score(<Font 'STIXNonUnicode' (STIXNonUniIta.ttf) italic normal 400 normal>) = 11.05
2026-06-26 16:59:47,096 DEBUG matplotlib.font_manager: findfont: score(<Font 'STIXNonUnicode' (STIXNonUniBol.ttf) normal normal 700 normal>) = 10.335
2026-06-26 16:59:47,096 DEBUG matplotlib.font_manager: findfont: score(<Font 'cmb10' (cmb10.ttf) normal normal 400 normal>) = 0.05
2026-06-26 16:59:47,096 DEBUG matplotlib.font_manager: findfont: score(<Font 'STIXSizeFiveSym' (STIXSizFiveSymReg.ttf) normal normal 400 normal>) = 10.05
2026-06-26 16:59:47,096 DEBUG matplotlib.font_manager: findfont: score(<Font 'DejaVu Serif' (DejaVuSerif.ttf) normal normal 400 normal>) = 10.05
2026-06-26 16:59:47,096 DEBUG matplotlib.font_manager: findfont: score(<Font 'DejaVu Sans Mono' (DejaVuSansMono-Bold.ttf) normal normal 700 normal>) = 10.335
2026-06-26 16:59:47,096 DEBUG matplotlib.font_manager: findfont: score(<Font 'DejaVu Sans Mono' (DejaVuSansMono.ttf) normal normal 400 normal>) = 10.05
2026-06-26 16:59:47,096 DEBUG matplotlib.font_manager: findfont: score(<Font 'DejaVu Serif' (DejaVuSerif-BoldItalic.ttf) italic normal 700 normal>) = 11.335
2026-06-26 16:59:47,096 DEBUG matplotlib.font_manager: findfont: score(<Font 'STIXSizeOneSym' (STIXSizOneSymBol.ttf) normal normal 700 normal>) = 10.335
2026-06-26 16:59:47,096 DEBUG matplotlib.font_manager: findfont: score(<Font 'cmtt10' (cmtt10.ttf) normal normal 400 normal>) = 10.05
2026-06-26 16:59:47,096 DEBUG matplotlib.font_manager: findfont: score(<Font 'DejaVu Sans Mono' (DejaVuSansMono-Oblique.ttf) oblique normal 400 normal>) = 11.05
2026-06-26 16:59:47,096 DEBUG matplotlib.font_manager: findfont: score(<Font 'DejaVu Sans' (DejaVuSans-BoldOblique.ttf) oblique normal 700 normal>) = 11.335
2026-06-26 16:59:47,096 DEBUG matplotlib.font_manager: findfont: score(<Font 'DejaVu Sans' (DejaVuSans-Bold.ttf) normal normal 700 normal>) = 10.335
2026-06-26 16:59:47,096 DEBUG matplotlib.font_manager: findfont: score(<Font 'STIXSizeFourSym' (STIXSizFourSymReg.ttf) normal normal 400 normal>) = 10.05
2026-06-26 16:59:47,096 DEBUG matplotlib.font_manager: findfont: score(<Font 'STIXGeneral' (STIXGeneralBolIta.ttf) italic normal 700 normal>) = 11.335
2026-06-26 16:59:47,096 DEBUG matplotlib.font_manager: findfont: score(<Font 'STIXGeneral' (STIXGeneral.ttf) normal normal 400 normal>) = 10.05
2026-06-26 16:59:47,096 DEBUG matplotlib.font_manager: findfont: score(<Font 'cmsy10' (cmsy10.ttf) normal normal 400 normal>) = 10.05
2026-06-26 16:59:47,096 DEBUG matplotlib.font_manager: findfont: score(<Font 'STIXSizeTwoSym' (STIXSizTwoSymReg.ttf) normal normal 400 normal>) = 10.05
2026-06-26 16:59:47,096 DEBUG matplotlib.font_manager: findfont: score(<Font 'STIXGeneral' (STIXGeneralItalic.ttf) italic normal 400 normal>) = 11.05
2026-06-26 16:59:47,096 DEBUG matplotlib.font_manager: findfont: score(<Font 'DejaVu Serif' (DejaVuSerif-Bold.ttf) normal normal 700 normal>) = 10.335
2026-06-26 16:59:47,096 DEBUG matplotlib.font_manager: findfont: score(<Font 'STIXSizeThreeSym' (STIXSizThreeSymReg.ttf) normal normal 400 normal>) = 10.05
2026-06-26 16:59:47,096 DEBUG matplotlib.font_manager: findfont: score(<Font 'cmr10' (cmr10.ttf) normal normal 400 normal>) = 10.05
2026-06-26 16:59:47,096 DEBUG matplotlib.font_manager: findfont: score(<Font 'DejaVu Sans Mono' (DejaVuSansMono-BoldOblique.ttf) oblique normal 700 normal>) = 11.335
2026-06-26 16:59:47,096 DEBUG matplotlib.font_manager: findfont: score(<Font 'DejaVu Sans' (DejaVuSans.ttf) normal normal 400 normal>) = 10.05
2026-06-26 16:59:47,096 DEBUG matplotlib.font_manager: findfont: score(<Font 'DejaVu Serif Display' (DejaVuSerifDisplay.ttf) normal normal 400 normal>) = 10.05
2026-06-26 16:59:47,097 DEBUG matplotlib.font_manager: findfont: score(<Font 'DejaVu Sans' (DejaVuSans.ttf) normal normal 400 normal>) = 10.05
2026-06-26 16:59:47,097 DEBUG matplotlib.font_manager: findfont: score(<Font 'DejaVu Sans Mono' (DejaVuSansMono.ttf) normal normal 400 normal>) = 10.05
2026-06-26 16:59:47,097 DEBUG matplotlib.font_manager: findfont: score(<Font 'DejaVu Serif' (DejaVuSerif-Bold.ttf) normal normal 700 normal>) = 10.335
2026-06-26 16:59:47,097 DEBUG matplotlib.font_manager: findfont: score(<Font 'DejaVu Sans' (DejaVuSans-Bold.ttf) normal normal 700 normal>) = 10.335
2026-06-26 16:59:47,097 DEBUG matplotlib.font_manager: findfont: score(<Font 'DejaVu Sans Mono' (DejaVuSansMono-Bold.ttf) normal normal 700 normal>) = 10.335
2026-06-26 16:59:47,097 DEBUG matplotlib.font_manager: findfont: score(<Font 'DejaVu Serif' (DejaVuSerif.ttf) normal normal 400 normal>) = 10.05
2026-06-26 16:59:47,097 DEBUG matplotlib.font_manager: findfont: Matching cmb10:style=normal:variant=normal:weight=normal:stretch=normal:size=10.0 to cmb10 ('/tmp/_MEIOlvj2w/matplotlib/mpl-data/fonts/ttf/cmb10.ttf') with score of 0.050000.
2026-06-26 16:59:47,097 DEBUG matplotlib.font_manager: findfont: Matching cmss10:style=normal:variant=normal:weight=normal:stretch=normal:size=10.0.
2026-06-26 16:59:47,097 DEBUG matplotlib.font_manager: findfont: score(<Font 'STIXSizeThreeSym' (STIXSizThreeSymBol.ttf) normal normal 700 normal>) = 10.335
2026-06-26 16:59:47,097 DEBUG matplotlib.font_manager: findfont: score(<Font 'cmmi10' (cmmi10.ttf) normal normal 400 normal>) = 10.05
2026-06-26 16:59:47,097 DEBUG matplotlib.font_manager: findfont: score(<Font 'DejaVu Sans Display' (DejaVuSansDisplay.ttf) normal normal 400 normal>) = 10.05
2026-06-26 16:59:47,097 DEBUG matplotlib.font_manager: findfont: score(<Font 'DejaVu Serif' (DejaVuSerif-Italic.ttf) italic normal 400 normal>) = 11.05
2026-06-26 16:59:47,097 DEBUG matplotlib.font_manager: findfont: score(<Font 'STIXSizeFourSym' (STIXSizFourSymBol.ttf) normal normal 700 normal>) = 10.335
2026-06-26 16:59:47,097 DEBUG matplotlib.font_manager: findfont: score(<Font 'cmss10' (cmss10.ttf) normal normal 400 normal>) = 0.05
2026-06-26 16:59:47,097 DEBUG matplotlib.font_manager: findfont: score(<Font 'STIXNonUnicode' (STIXNonUniBolIta.ttf) italic normal 700 normal>) = 11.335
2026-06-26 16:59:47,097 DEBUG matplotlib.font_manager: findfont: score(<Font 'STIXGeneral' (STIXGeneralBol.ttf) normal normal 700 normal>) = 10.335
2026-06-26 16:59:47,097 DEBUG matplotlib.font_manager: findfont: score(<Font 'STIXNonUnicode' (STIXNonUni.ttf) normal normal 400 normal>) = 10.05
2026-06-26 16:59:47,097 DEBUG matplotlib.font_manager: findfont: score(<Font 'cmex10' (cmex10.ttf) normal normal 400 normal>) = 10.05
2026-06-26 16:59:47,097 DEBUG matplotlib.font_manager: findfont: score(<Font 'DejaVu Sans' (DejaVuSans-Oblique.ttf) oblique normal 400 normal>) = 11.05
2026-06-26 16:59:47,097 DEBUG matplotlib.font_manager: findfont: score(<Font 'STIXSizeOneSym' (STIXSizOneSymReg.ttf) normal normal 400 normal>) = 10.05
2026-06-26 16:59:47,097 DEBUG matplotlib.font_manager: findfont: score(<Font 'STIXSizeTwoSym' (STIXSizTwoSymBol.ttf) normal normal 700 normal>) = 10.335
2026-06-26 16:59:47,097 DEBUG matplotlib.font_manager: findfont: score(<Font 'STIXNonUnicode' (STIXNonUniIta.ttf) italic normal 400 normal>) = 11.05
2026-06-26 16:59:47,097 DEBUG matplotlib.font_manager: findfont: score(<Font 'STIXNonUnicode' (STIXNonUniBol.ttf) normal normal 700 normal>) = 10.335
2026-06-26 16:59:47,097 DEBUG matplotlib.font_manager: findfont: score(<Font 'cmb10' (cmb10.ttf) normal normal 400 normal>) = 10.05
2026-06-26 16:59:47,097 DEBUG matplotlib.font_manager: findfont: score(<Font 'STIXSizeFiveSym' (STIXSizFiveSymReg.ttf) normal normal 400 normal>) = 10.05
2026-06-26 16:59:47,097 DEBUG matplotlib.font_manager: findfont: score(<Font 'DejaVu Serif' (DejaVuSerif.ttf) normal normal 400 normal>) = 10.05
2026-06-26 16:59:47,098 DEBUG matplotlib.font_manager: findfont: score(<Font 'DejaVu Sans Mono' (DejaVuSansMono-Bold.ttf) normal normal 700 normal>) = 10.335
2026-06-26 16:59:47,098 DEBUG matplotlib.font_manager: findfont: score(<Font 'DejaVu Sans Mono' (DejaVuSansMono.ttf) normal normal 400 normal>) = 10.05
2026-06-26 16:59:47,098 DEBUG matplotlib.font_manager: findfont: score(<Font 'DejaVu Serif' (DejaVuSerif-BoldItalic.ttf) italic normal 700 normal>) = 11.335
2026-06-26 16:59:47,098 DEBUG matplotlib.font_manager: findfont: score(<Font 'STIXSizeOneSym' (STIXSizOneSymBol.ttf) normal normal 700 normal>) = 10.335
2026-06-26 16:59:47,098 DEBUG matplotlib.font_manager: findfont: score(<Font 'cmtt10' (cmtt10.ttf) normal normal 400 normal>) = 10.05
2026-06-26 16:59:47,098 DEBUG matplotlib.font_manager: findfont: score(<Font 'DejaVu Sans Mono' (DejaVuSansMono-Oblique.ttf) oblique normal 400 normal>) = 11.05
2026-06-26 16:59:47,098 DEBUG matplotlib.font_manager: findfont: score(<Font 'DejaVu Sans' (DejaVuSans-BoldOblique.ttf) oblique normal 700 normal>) = 11.335
2026-06-26 16:59:47,098 DEBUG matplotlib.font_manager: findfont: score(<Font 'DejaVu Sans' (DejaVuSans-Bold.ttf) normal normal 700 normal>) = 10.335
2026-06-26 16:59:47,098 DEBUG matplotlib.font_manager: findfont: score(<Font 'STIXSizeFourSym' (STIXSizFourSymReg.ttf) normal normal 400 normal>) = 10.05
2026-06-26 16:59:47,098 DEBUG matplotlib.font_manager: findfont: score(<Font 'STIXGeneral' (STIXGeneralBolIta.ttf) italic normal 700 normal>) = 11.335
2026-06-26 16:59:47,098 DEBUG matplotlib.font_manager: findfont: score(<Font 'STIXGeneral' (STIXGeneral.ttf) normal normal 400 normal>) = 10.05
2026-06-26 16:59:47,098 DEBUG matplotlib.font_manager: findfont: score(<Font 'cmsy10' (cmsy10.ttf) normal normal 400 normal>) = 10.05
2026-06-26 16:59:47,098 DEBUG matplotlib.font_manager: findfont: score(<Font 'STIXSizeTwoSym' (STIXSizTwoSymReg.ttf) normal normal 400 normal>) = 10.05
2026-06-26 16:59:47,098 DEBUG matplotlib.font_manager: findfont: score(<Font 'STIXGeneral' (STIXGeneralItalic.ttf) italic normal 400 normal>) = 11.05
2026-06-26 16:59:47,098 DEBUG matplotlib.font_manager: findfont: score(<Font 'DejaVu Serif' (DejaVuSerif-Bold.ttf) normal normal 700 normal>) = 10.335
2026-06-26 16:59:47,098 DEBUG matplotlib.font_manager: findfont: score(<Font 'STIXSizeThreeSym' (STIXSizThreeSymReg.ttf) normal normal 400 normal>) = 10.05
2026-06-26 16:59:47,098 DEBUG matplotlib.font_manager: findfont: score(<Font 'cmr10' (cmr10.ttf) normal normal 400 normal>) = 10.05
2026-06-26 16:59:47,098 DEBUG matplotlib.font_manager: findfont: score(<Font 'DejaVu Sans Mono' (DejaVuSansMono-BoldOblique.ttf) oblique normal 700 normal>) = 11.335
2026-06-26 16:59:47,098 DEBUG matplotlib.font_manager: findfont: score(<Font 'DejaVu Sans' (DejaVuSans.ttf) normal normal 400 normal>) = 10.05
2026-06-26 16:59:47,098 DEBUG matplotlib.font_manager: findfont: score(<Font 'DejaVu Serif Display' (DejaVuSerifDisplay.ttf) normal normal 400 normal>) = 10.05
2026-06-26 16:59:47,098 DEBUG matplotlib.font_manager: findfont: score(<Font 'DejaVu Sans' (DejaVuSans.ttf) normal normal 400 normal>) = 10.05
2026-06-26 16:59:47,098 DEBUG matplotlib.font_manager: findfont: score(<Font 'DejaVu Sans Mono' (DejaVuSansMono.ttf) normal normal 400 normal>) = 10.05
2026-06-26 16:59:47,098 DEBUG matplotlib.font_manager: findfont: score(<Font 'DejaVu Serif' (DejaVuSerif-Bold.ttf) normal normal 700 normal>) = 10.335
2026-06-26 16:59:47,098 DEBUG matplotlib.font_manager: findfont: score(<Font 'DejaVu Sans' (DejaVuSans-Bold.ttf) normal normal 700 normal>) = 10.335
2026-06-26 16:59:47,098 DEBUG matplotlib.font_manager: findfont: score(<Font 'DejaVu Sans Mono' (DejaVuSansMono-Bold.ttf) normal normal 700 normal>) = 10.335
2026-06-26 16:59:47,098 DEBUG matplotlib.font_manager: findfont: score(<Font 'DejaVu Serif' (DejaVuSerif.ttf) normal normal 400 normal>) = 10.05
2026-06-26 16:59:47,098 DEBUG matplotlib.font_manager: findfont: Matching cmss10:style=normal:variant=normal:weight=normal:stretch=normal:size=10.0 to cmss10 ('/tmp/_MEIOlvj2w/matplotlib/mpl-data/fonts/ttf/cmss10.ttf') with score of 0.050000.
2026-06-26 16:59:47,098 DEBUG matplotlib.font_manager: findfont: Matching cmex10:style=normal:variant=normal:weight=normal:stretch=normal:size=10.0.
2026-06-26 16:59:47,099 DEBUG matplotlib.font_manager: findfont: score(<Font 'STIXSizeThreeSym' (STIXSizThreeSymBol.ttf) normal normal 700 normal>) = 10.335
2026-06-26 16:59:47,099 DEBUG matplotlib.font_manager: findfont: score(<Font 'cmmi10' (cmmi10.ttf) normal normal 400 normal>) = 10.05
2026-06-26 16:59:47,099 DEBUG matplotlib.font_manager: findfont: score(<Font 'DejaVu Sans Display' (DejaVuSansDisplay.ttf) normal normal 400 normal>) = 10.05
2026-06-26 16:59:47,099 DEBUG matplotlib.font_manager: findfont: score(<Font 'DejaVu Serif' (DejaVuSerif-Italic.ttf) italic normal 400 normal>) = 11.05
2026-06-26 16:59:47,099 DEBUG matplotlib.font_manager: findfont: score(<Font 'STIXSizeFourSym' (STIXSizFourSymBol.ttf) normal normal 700 normal>) = 10.335
2026-06-26 16:59:47,099 DEBUG matplotlib.font_manager: findfont: score(<Font 'cmss10' (cmss10.ttf) normal normal 400 normal>) = 10.05
2026-06-26 16:59:47,099 DEBUG matplotlib.font_manager: findfont: score(<Font 'STIXNonUnicode' (STIXNonUniBolIta.ttf) italic normal 700 normal>) = 11.335
2026-06-26 16:59:47,099 DEBUG matplotlib.font_manager: findfont: score(<Font 'STIXGeneral' (STIXGeneralBol.ttf) normal normal 700 normal>) = 10.335
2026-06-26 16:59:47,099 DEBUG matplotlib.font_manager: findfont: score(<Font 'STIXNonUnicode' (STIXNonUni.ttf) normal normal 400 normal>) = 10.05
2026-06-26 16:59:47,099 DEBUG matplotlib.font_manager: findfont: score(<Font 'cmex10' (cmex10.ttf) normal normal 400 normal>) = 0.05
2026-06-26 16:59:47,099 DEBUG matplotlib.font_manager: findfont: score(<Font 'DejaVu Sans' (DejaVuSans-Oblique.ttf) oblique normal 400 normal>) = 11.05
2026-06-26 16:59:47,099 DEBUG matplotlib.font_manager: findfont: score(<Font 'STIXSizeOneSym' (STIXSizOneSymReg.ttf) normal normal 400 normal>) = 10.05
2026-06-26 16:59:47,099 DEBUG matplotlib.font_manager: findfont: score(<Font 'STIXSizeTwoSym' (STIXSizTwoSymBol.ttf) normal normal 700 normal>) = 10.335
2026-06-26 16:59:47,099 DEBUG matplotlib.font_manager: findfont: score(<Font 'STIXNonUnicode' (STIXNonUniIta.ttf) italic normal 400 normal>) = 11.05
2026-06-26 16:59:47,099 DEBUG matplotlib.font_manager: findfont: score(<Font 'STIXNonUnicode' (STIXNonUniBol.ttf) normal normal 700 normal>) = 10.335
2026-06-26 16:59:47,099 DEBUG matplotlib.font_manager: findfont: score(<Font 'cmb10' (cmb10.ttf) normal normal 400 normal>) = 10.05
2026-06-26 16:59:47,099 DEBUG matplotlib.font_manager: findfont: score(<Font 'STIXSizeFiveSym' (STIXSizFiveSymReg.ttf) normal normal 400 normal>) = 10.05
2026-06-26 16:59:47,099 DEBUG matplotlib.font_manager: findfont: score(<Font 'DejaVu Serif' (DejaVuSerif.ttf) normal normal 400 normal>) = 10.05
2026-06-26 16:59:47,099 DEBUG matplotlib.font_manager: findfont: score(<Font 'DejaVu Sans Mono' (DejaVuSansMono-Bold.ttf) normal normal 700 normal>) = 10.335
2026-06-26 16:59:47,099 DEBUG matplotlib.font_manager: findfont: score(<Font 'DejaVu Sans Mono' (DejaVuSansMono.ttf) normal normal 400 normal>) = 10.05
2026-06-26 16:59:47,099 DEBUG matplotlib.font_manager: findfont: score(<Font 'DejaVu Serif' (DejaVuSerif-BoldItalic.ttf) italic normal 700 normal>) = 11.335
2026-06-26 16:59:47,099 DEBUG matplotlib.font_manager: findfont: score(<Font 'STIXSizeOneSym' (STIXSizOneSymBol.ttf) normal normal 700 normal>) = 10.335
2026-06-26 16:59:47,099 DEBUG matplotlib.font_manager: findfont: score(<Font 'cmtt10' (cmtt10.ttf) normal normal 400 normal>) = 10.05
2026-06-26 16:59:47,099 DEBUG matplotlib.font_manager: findfont: score(<Font 'DejaVu Sans Mono' (DejaVuSansMono-Oblique.ttf) oblique normal 400 normal>) = 11.05
2026-06-26 16:59:47,099 DEBUG matplotlib.font_manager: findfont: score(<Font 'DejaVu Sans' (DejaVuSans-BoldOblique.ttf) oblique normal 700 normal>) = 11.335
2026-06-26 16:59:47,099 DEBUG matplotlib.font_manager: findfont: score(<Font 'DejaVu Sans' (DejaVuSans-Bold.ttf) normal normal 700 normal>) = 10.335
2026-06-26 16:59:47,099 DEBUG matplotlib.font_manager: findfont: score(<Font 'STIXSizeFourSym' (STIXSizFourSymReg.ttf) normal normal 400 normal>) = 10.05
2026-06-26 16:59:47,099 DEBUG matplotlib.font_manager: findfont: score(<Font 'STIXGeneral' (STIXGeneralBolIta.ttf) italic normal 700 normal>) = 11.335
2026-06-26 16:59:47,099 DEBUG matplotlib.font_manager: findfont: score(<Font 'STIXGeneral' (STIXGeneral.ttf) normal normal 400 normal>) = 10.05
2026-06-26 16:59:47,099 DEBUG matplotlib.font_manager: findfont: score(<Font 'cmsy10' (cmsy10.ttf) normal normal 400 normal>) = 10.05
2026-06-26 16:59:47,099 DEBUG matplotlib.font_manager: findfont: score(<Font 'STIXSizeTwoSym' (STIXSizTwoSymReg.ttf) normal normal 400 normal>) = 10.05
2026-06-26 16:59:47,099 DEBUG matplotlib.font_manager: findfont: score(<Font 'STIXGeneral' (STIXGeneralItalic.ttf) italic normal 400 normal>) = 11.05
2026-06-26 16:59:47,099 DEBUG matplotlib.font_manager: findfont: score(<Font 'DejaVu Serif' (DejaVuSerif-Bold.ttf) normal normal 700 normal>) = 10.335
2026-06-26 16:59:47,099 DEBUG matplotlib.font_manager: findfont: score(<Font 'STIXSizeThreeSym' (STIXSizThreeSymReg.ttf) normal normal 400 normal>) = 10.05
2026-06-26 16:59:47,100 DEBUG matplotlib.font_manager: findfont: score(<Font 'cmr10' (cmr10.ttf) normal normal 400 normal>) = 10.05
2026-06-26 16:59:47,100 DEBUG matplotlib.font_manager: findfont: score(<Font 'DejaVu Sans Mono' (DejaVuSansMono-BoldOblique.ttf) oblique normal 700 normal>) = 11.335
2026-06-26 16:59:47,100 DEBUG matplotlib.font_manager: findfont: score(<Font 'DejaVu Sans' (DejaVuSans.ttf) normal normal 400 normal>) = 10.05
2026-06-26 16:59:47,100 DEBUG matplotlib.font_manager: findfont: score(<Font 'DejaVu Serif Display' (DejaVuSerifDisplay.ttf) normal normal 400 normal>) = 10.05
2026-06-26 16:59:47,100 DEBUG matplotlib.font_manager: findfont: score(<Font 'DejaVu Sans' (DejaVuSans.ttf) normal normal 400 normal>) = 10.05
2026-06-26 16:59:47,100 DEBUG matplotlib.font_manager: findfont: score(<Font 'DejaVu Sans Mono' (DejaVuSansMono.ttf) normal normal 400 normal>) = 10.05
2026-06-26 16:59:47,100 DEBUG matplotlib.font_manager: findfont: score(<Font 'DejaVu Serif' (DejaVuSerif-Bold.ttf) normal normal 700 normal>) = 10.335
2026-06-26 16:59:47,100 DEBUG matplotlib.font_manager: findfont: score(<Font 'DejaVu Sans' (DejaVuSans-Bold.ttf) normal normal 700 normal>) = 10.335
2026-06-26 16:59:47,100 DEBUG matplotlib.font_manager: findfont: score(<Font 'DejaVu Sans Mono' (DejaVuSansMono-Bold.ttf) normal normal 700 normal>) = 10.335
2026-06-26 16:59:47,100 DEBUG matplotlib.font_manager: findfont: score(<Font 'DejaVu Serif' (DejaVuSerif.ttf) normal normal 400 normal>) = 10.05
2026-06-26 16:59:47,100 DEBUG matplotlib.font_manager: findfont: Matching cmex10:style=normal:variant=normal:weight=normal:stretch=normal:size=10.0 to cmex10 ('/tmp/_MEIOlvj2w/matplotlib/mpl-data/fonts/ttf/cmex10.ttf') with score of 0.050000.
2026-06-26 16:59:47,100 DEBUG matplotlib.font_manager: findfont: Matching DejaVu Sans:style=normal:variant=normal:weight=normal:stretch=normal:size=10.0.
2026-06-26 16:59:47,100 DEBUG matplotlib.font_manager: findfont: score(<Font 'STIXSizeThreeSym' (STIXSizThreeSymBol.ttf) normal normal 700 normal>) = 10.335
2026-06-26 16:59:47,100 DEBUG matplotlib.font_manager: findfont: score(<Font 'cmmi10' (cmmi10.ttf) normal normal 400 normal>) = 10.05
2026-06-26 16:59:47,100 DEBUG matplotlib.font_manager: findfont: score(<Font 'DejaVu Sans Display' (DejaVuSansDisplay.ttf) normal normal 400 normal>) = 10.05
2026-06-26 16:59:47,100 DEBUG matplotlib.font_manager: findfont: score(<Font 'DejaVu Serif' (DejaVuSerif-Italic.ttf) italic normal 400 normal>) = 11.05
2026-06-26 16:59:47,100 DEBUG matplotlib.font_manager: findfont: score(<Font 'STIXSizeFourSym' (STIXSizFourSymBol.ttf) normal normal 700 normal>) = 10.335
2026-06-26 16:59:47,100 DEBUG matplotlib.font_manager: findfont: score(<Font 'cmss10' (cmss10.ttf) normal normal 400 normal>) = 10.05
2026-06-26 16:59:47,100 DEBUG matplotlib.font_manager: findfont: score(<Font 'STIXNonUnicode' (STIXNonUniBolIta.ttf) italic normal 700 normal>) = 11.335
2026-06-26 16:59:47,100 DEBUG matplotlib.font_manager: findfont: score(<Font 'STIXGeneral' (STIXGeneralBol.ttf) normal normal 700 normal>) = 10.335
2026-06-26 16:59:47,100 DEBUG matplotlib.font_manager: findfont: score(<Font 'STIXNonUnicode' (STIXNonUni.ttf) normal normal 400 normal>) = 10.05
2026-06-26 16:59:47,100 DEBUG matplotlib.font_manager: findfont: score(<Font 'cmex10' (cmex10.ttf) normal normal 400 normal>) = 10.05
2026-06-26 16:59:47,101 DEBUG matplotlib.font_manager: findfont: score(<Font 'DejaVu Sans' (DejaVuSans-Oblique.ttf) oblique normal 400 normal>) = 1.05
2026-06-26 16:59:47,101 DEBUG matplotlib.font_manager: findfont: score(<Font 'STIXSizeOneSym' (STIXSizOneSymReg.ttf) normal normal 400 normal>) = 10.05
2026-06-26 16:59:47,101 DEBUG matplotlib.font_manager: findfont: score(<Font 'STIXSizeTwoSym' (STIXSizTwoSymBol.ttf) normal normal 700 normal>) = 10.335
2026-06-26 16:59:47,101 DEBUG matplotlib.font_manager: findfont: score(<Font 'STIXNonUnicode' (STIXNonUniIta.ttf) italic normal 400 normal>) = 11.05
2026-06-26 16:59:47,101 DEBUG matplotlib.font_manager: findfont: score(<Font 'STIXNonUnicode' (STIXNonUniBol.ttf) normal normal 700 normal>) = 10.335
2026-06-26 16:59:47,101 DEBUG matplotlib.font_manager: findfont: score(<Font 'cmb10' (cmb10.ttf) normal normal 400 normal>) = 10.05
2026-06-26 16:59:47,101 DEBUG matplotlib.font_manager: findfont: score(<Font 'STIXSizeFiveSym' (STIXSizFiveSymReg.ttf) normal normal 400 normal>) = 10.05
2026-06-26 16:59:47,101 DEBUG matplotlib.font_manager: findfont: score(<Font 'DejaVu Serif' (DejaVuSerif.ttf) normal normal 400 normal>) = 10.05
2026-06-26 16:59:47,101 DEBUG matplotlib.font_manager: findfont: score(<Font 'DejaVu Sans Mono' (DejaVuSansMono-Bold.ttf) normal normal 700 normal>) = 10.335
2026-06-26 16:59:47,101 DEBUG matplotlib.font_manager: findfont: score(<Font 'DejaVu Sans Mono' (DejaVuSansMono.ttf) normal normal 400 normal>) = 10.05
2026-06-26 16:59:47,101 DEBUG matplotlib.font_manager: findfont: score(<Font 'DejaVu Serif' (DejaVuSerif-BoldItalic.ttf) italic normal 700 normal>) = 11.335
2026-06-26 16:59:47,101 DEBUG matplotlib.font_manager: findfont: score(<Font 'STIXSizeOneSym' (STIXSizOneSymBol.ttf) normal normal 700 normal>) = 10.335
2026-06-26 16:59:47,101 DEBUG matplotlib.font_manager: findfont: score(<Font 'cmtt10' (cmtt10.ttf) normal normal 400 normal>) = 10.05
2026-06-26 16:59:47,101 DEBUG matplotlib.font_manager: findfont: score(<Font 'DejaVu Sans Mono' (DejaVuSansMono-Oblique.ttf) oblique normal 400 normal>) = 11.05
2026-06-26 16:59:47,101 DEBUG matplotlib.font_manager: findfont: score(<Font 'DejaVu Sans' (DejaVuSans-BoldOblique.ttf) oblique normal 700 normal>) = 1.335
2026-06-26 16:59:47,101 DEBUG matplotlib.font_manager: findfont: score(<Font 'DejaVu Sans' (DejaVuSans-Bold.ttf) normal normal 700 normal>) = 0.33499999999999996
2026-06-26 16:59:47,101 DEBUG matplotlib.font_manager: findfont: score(<Font 'STIXSizeFourSym' (STIXSizFourSymReg.ttf) normal normal 400 normal>) = 10.05
2026-06-26 16:59:47,101 DEBUG matplotlib.font_manager: findfont: score(<Font 'STIXGeneral' (STIXGeneralBolIta.ttf) italic normal 700 normal>) = 11.335
2026-06-26 16:59:47,101 DEBUG matplotlib.font_manager: findfont: score(<Font 'STIXGeneral' (STIXGeneral.ttf) normal normal 400 normal>) = 10.05
2026-06-26 16:59:47,101 DEBUG matplotlib.font_manager: findfont: score(<Font 'cmsy10' (cmsy10.ttf) normal normal 400 normal>) = 10.05
2026-06-26 16:59:47,101 DEBUG matplotlib.font_manager: findfont: score(<Font 'STIXSizeTwoSym' (STIXSizTwoSymReg.ttf) normal normal 400 normal>) = 10.05
2026-06-26 16:59:47,101 DEBUG matplotlib.font_manager: findfont: score(<Font 'STIXGeneral' (STIXGeneralItalic.ttf) italic normal 400 normal>) = 11.05
2026-06-26 16:59:47,101 DEBUG matplotlib.font_manager: findfont: score(<Font 'DejaVu Serif' (DejaVuSerif-Bold.ttf) normal normal 700 normal>) = 10.335
2026-06-26 16:59:47,101 DEBUG matplotlib.font_manager: findfont: score(<Font 'STIXSizeThreeSym' (STIXSizThreeSymReg.ttf) normal normal 400 normal>) = 10.05
2026-06-26 16:59:47,101 DEBUG matplotlib.font_manager: findfont: score(<Font 'cmr10' (cmr10.ttf) normal normal 400 normal>) = 10.05
2026-06-26 16:59:47,101 DEBUG matplotlib.font_manager: findfont: score(<Font 'DejaVu Sans Mono' (DejaVuSansMono-BoldOblique.ttf) oblique normal 700 normal>) = 11.335
2026-06-26 16:59:47,101 DEBUG matplotlib.font_manager: findfont: score(<Font 'DejaVu Sans' (DejaVuSans.ttf) normal normal 400 normal>) = 0.05
2026-06-26 16:59:47,101 DEBUG matplotlib.font_manager: findfont: score(<Font 'DejaVu Serif Display' (DejaVuSerifDisplay.ttf) normal normal 400 normal>) = 10.05
2026-06-26 16:59:47,101 DEBUG matplotlib.font_manager: findfont: score(<Font 'DejaVu Sans' (DejaVuSans.ttf) normal normal 400 normal>) = 0.05
2026-06-26 16:59:47,101 DEBUG matplotlib.font_manager: findfont: score(<Font 'DejaVu Sans Mono' (DejaVuSansMono.ttf) normal normal 400 normal>) = 10.05
2026-06-26 16:59:47,101 DEBUG matplotlib.font_manager: findfont: score(<Font 'DejaVu Serif' (DejaVuSerif-Bold.ttf) normal normal 700 normal>) = 10.335
2026-06-26 16:59:47,101 DEBUG matplotlib.font_manager: findfont: score(<Font 'DejaVu Sans' (DejaVuSans-Bold.ttf) normal normal 700 normal>) = 0.33499999999999996
2026-06-26 16:59:47,101 DEBUG matplotlib.font_manager: findfont: score(<Font 'DejaVu Sans Mono' (DejaVuSansMono-Bold.ttf) normal normal 700 normal>) = 10.335
2026-06-26 16:59:47,101 DEBUG matplotlib.font_manager: findfont: score(<Font 'DejaVu Serif' (DejaVuSerif.ttf) normal normal 400 normal>) = 10.05
2026-06-26 16:59:47,101 DEBUG matplotlib.font_manager: findfont: Matching DejaVu Sans:style=normal:variant=normal:weight=normal:stretch=normal:size=10.0 to DejaVu Sans ('/tmp/_MEIOlvj2w/matplotlib/mpl-data/fonts/ttf/DejaVuSans.ttf') with score of 0.050000.
2026-06-26 16:59:47,102 DEBUG matplotlib.font_manager: findfont: Matching DejaVu Sans:style=italic:variant=normal:weight=normal:stretch=normal:size=10.0.
2026-06-26 16:59:47,102 DEBUG matplotlib.font_manager: findfont: score(<Font 'STIXSizeThreeSym' (STIXSizThreeSymBol.ttf) normal normal 700 normal>) = 11.335
2026-06-26 16:59:47,102 DEBUG matplotlib.font_manager: findfont: score(<Font 'cmmi10' (cmmi10.ttf) normal normal 400 normal>) = 11.05
2026-06-26 16:59:47,102 DEBUG matplotlib.font_manager: findfont: score(<Font 'DejaVu Sans Display' (DejaVuSansDisplay.ttf) normal normal 400 normal>) = 11.05
2026-06-26 16:59:47,102 DEBUG matplotlib.font_manager: findfont: score(<Font 'DejaVu Serif' (DejaVuSerif-Italic.ttf) italic normal 400 normal>) = 10.05
2026-06-26 16:59:47,102 DEBUG matplotlib.font_manager: findfont: score(<Font 'STIXSizeFourSym' (STIXSizFourSymBol.ttf) normal normal 700 normal>) = 11.335
2026-06-26 16:59:47,102 DEBUG matplotlib.font_manager: findfont: score(<Font 'cmss10' (cmss10.ttf) normal normal 400 normal>) = 11.05
2026-06-26 16:59:47,102 DEBUG matplotlib.font_manager: findfont: score(<Font 'STIXNonUnicode' (STIXNonUniBolIta.ttf) italic normal 700 normal>) = 10.335
2026-06-26 16:59:47,102 DEBUG matplotlib.font_manager: findfont: score(<Font 'STIXGeneral' (STIXGeneralBol.ttf) normal normal 700 normal>) = 11.335
2026-06-26 16:59:47,102 DEBUG matplotlib.font_manager: findfont: score(<Font 'STIXNonUnicode' (STIXNonUni.ttf) normal normal 400 normal>) = 11.05
2026-06-26 16:59:47,102 DEBUG matplotlib.font_manager: findfont: score(<Font 'cmex10' (cmex10.ttf) normal normal 400 normal>) = 11.05
2026-06-26 16:59:47,102 DEBUG matplotlib.font_manager: findfont: score(<Font 'DejaVu Sans' (DejaVuSans-Oblique.ttf) oblique normal 400 normal>) = 0.15000000000000002
2026-06-26 16:59:47,102 DEBUG matplotlib.font_manager: findfont: score(<Font 'STIXSizeOneSym' (STIXSizOneSymReg.ttf) normal normal 400 normal>) = 11.05
2026-06-26 16:59:47,102 DEBUG matplotlib.font_manager: findfont: score(<Font 'STIXSizeTwoSym' (STIXSizTwoSymBol.ttf) normal normal 700 normal>) = 11.335
2026-06-26 16:59:47,102 DEBUG matplotlib.font_manager: findfont: score(<Font 'STIXNonUnicode' (STIXNonUniIta.ttf) italic normal 400 normal>) = 10.05
2026-06-26 16:59:47,102 DEBUG matplotlib.font_manager: findfont: score(<Font 'STIXNonUnicode' (STIXNonUniBol.ttf) normal normal 700 normal>) = 11.335
2026-06-26 16:59:47,102 DEBUG matplotlib.font_manager: findfont: score(<Font 'cmb10' (cmb10.ttf) normal normal 400 normal>) = 11.05
2026-06-26 16:59:47,102 DEBUG matplotlib.font_manager: findfont: score(<Font 'STIXSizeFiveSym' (STIXSizFiveSymReg.ttf) normal normal 400 normal>) = 11.05
2026-06-26 16:59:47,102 DEBUG matplotlib.font_manager: findfont: score(<Font 'DejaVu Serif' (DejaVuSerif.ttf) normal normal 400 normal>) = 11.05
2026-06-26 16:59:47,102 DEBUG matplotlib.font_manager: findfont: score(<Font 'DejaVu Sans Mono' (DejaVuSansMono-Bold.ttf) normal normal 700 normal>) = 11.335
2026-06-26 16:59:47,102 DEBUG matplotlib.font_manager: findfont: score(<Font 'DejaVu Sans Mono' (DejaVuSansMono.ttf) normal normal 400 normal>) = 11.05
2026-06-26 16:59:47,102 DEBUG matplotlib.font_manager: findfont: score(<Font 'DejaVu Serif' (DejaVuSerif-BoldItalic.ttf) italic normal 700 normal>) = 10.335
2026-06-26 16:59:47,103 DEBUG matplotlib.font_manager: findfont: score(<Font 'STIXSizeOneSym' (STIXSizOneSymBol.ttf) normal normal 700 normal>) = 11.335
2026-06-26 16:59:47,103 DEBUG matplotlib.font_manager: findfont: score(<Font 'cmtt10' (cmtt10.ttf) normal normal 400 normal>) = 11.05
2026-06-26 16:59:47,103 DEBUG matplotlib.font_manager: findfont: score(<Font 'DejaVu Sans Mono' (DejaVuSansMono-Oblique.ttf) oblique normal 400 normal>) = 10.15
2026-06-26 16:59:47,103 DEBUG matplotlib.font_manager: findfont: score(<Font 'DejaVu Sans' (DejaVuSans-BoldOblique.ttf) oblique normal 700 normal>) = 0.43499999999999994
2026-06-26 16:59:47,103 DEBUG matplotlib.font_manager: findfont: score(<Font 'DejaVu Sans' (DejaVuSans-Bold.ttf) normal normal 700 normal>) = 1.335
2026-06-26 16:59:47,103 DEBUG matplotlib.font_manager: findfont: score(<Font 'STIXSizeFourSym' (STIXSizFourSymReg.ttf) normal normal 400 normal>) = 11.05
2026-06-26 16:59:47,103 DEBUG matplotlib.font_manager: findfont: score(<Font 'STIXGeneral' (STIXGeneralBolIta.ttf) italic normal 700 normal>) = 10.335
2026-06-26 16:59:47,103 DEBUG matplotlib.font_manager: findfont: score(<Font 'STIXGeneral' (STIXGeneral.ttf) normal normal 400 normal>) = 11.05
2026-06-26 16:59:47,103 DEBUG matplotlib.font_manager: findfont: score(<Font 'cmsy10' (cmsy10.ttf) normal normal 400 normal>) = 11.05
2026-06-26 16:59:47,103 DEBUG matplotlib.font_manager: findfont: score(<Font 'STIXSizeTwoSym' (STIXSizTwoSymReg.ttf) normal normal 400 normal>) = 11.05
2026-06-26 16:59:47,103 DEBUG matplotlib.font_manager: findfont: score(<Font 'STIXGeneral' (STIXGeneralItalic.ttf) italic normal 400 normal>) = 10.05
2026-06-26 16:59:47,103 DEBUG matplotlib.font_manager: findfont: score(<Font 'DejaVu Serif' (DejaVuSerif-Bold.ttf) normal normal 700 normal>) = 11.335
2026-06-26 16:59:47,103 DEBUG matplotlib.font_manager: findfont: score(<Font 'STIXSizeThreeSym' (STIXSizThreeSymReg.ttf) normal normal 400 normal>) = 11.05
2026-06-26 16:59:47,103 DEBUG matplotlib.font_manager: findfont: score(<Font 'cmr10' (cmr10.ttf) normal normal 400 normal>) = 11.05
2026-06-26 16:59:47,103 DEBUG matplotlib.font_manager: findfont: score(<Font 'DejaVu Sans Mono' (DejaVuSansMono-BoldOblique.ttf) oblique normal 700 normal>) = 10.434999999999999
2026-06-26 16:59:47,103 DEBUG matplotlib.font_manager: findfont: score(<Font 'DejaVu Sans' (DejaVuSans.ttf) normal normal 400 normal>) = 1.05
2026-06-26 16:59:47,103 DEBUG matplotlib.font_manager: findfont: score(<Font 'DejaVu Serif Display' (DejaVuSerifDisplay.ttf) normal normal 400 normal>) = 11.05
2026-06-26 16:59:47,103 DEBUG matplotlib.font_manager: findfont: score(<Font 'DejaVu Sans' (DejaVuSans.ttf) normal normal 400 normal>) = 1.05
2026-06-26 16:59:47,103 DEBUG matplotlib.font_manager: findfont: score(<Font 'DejaVu Sans Mono' (DejaVuSansMono.ttf) normal normal 400 normal>) = 11.05
2026-06-26 16:59:47,103 DEBUG matplotlib.font_manager: findfont: score(<Font 'DejaVu Serif' (DejaVuSerif-Bold.ttf) normal normal 700 normal>) = 11.335
2026-06-26 16:59:47,103 DEBUG matplotlib.font_manager: findfont: score(<Font 'DejaVu Sans' (DejaVuSans-Bold.ttf) normal normal 700 normal>) = 1.335
2026-06-26 16:59:47,103 DEBUG matplotlib.font_manager: findfont: score(<Font 'DejaVu Sans Mono' (DejaVuSansMono-Bold.ttf) normal normal 700 normal>) = 11.335
2026-06-26 16:59:47,103 DEBUG matplotlib.font_manager: findfont: score(<Font 'DejaVu Serif' (DejaVuSerif.ttf) normal normal 400 normal>) = 11.05
2026-06-26 16:59:47,103 DEBUG matplotlib.font_manager: findfont: Matching DejaVu Sans:style=italic:variant=normal:weight=normal:stretch=normal:size=10.0 to DejaVu Sans ('/tmp/_MEIOlvj2w/matplotlib/mpl-data/fonts/ttf/DejaVuSans-Oblique.ttf') with score of 0.150000.
2026-06-26 16:59:47,104 DEBUG matplotlib.font_manager: findfont: Matching DejaVu Sans:style=normal:variant=normal:weight=bold:stretch=normal:size=10.0.
2026-06-26 16:59:47,104 DEBUG matplotlib.font_manager: findfont: score(<Font 'STIXSizeThreeSym' (STIXSizThreeSymBol.ttf) normal normal 700 normal>) = 10.05
2026-06-26 16:59:47,104 DEBUG matplotlib.font_manager: findfont: score(<Font 'cmmi10' (cmmi10.ttf) normal normal 400 normal>) = 10.335
2026-06-26 16:59:47,104 DEBUG matplotlib.font_manager: findfont: score(<Font 'DejaVu Sans Display' (DejaVuSansDisplay.ttf) normal normal 400 normal>) = 10.335
2026-06-26 16:59:47,104 DEBUG matplotlib.font_manager: findfont: score(<Font 'DejaVu Serif' (DejaVuSerif-Italic.ttf) italic normal 400 normal>) = 11.335
2026-06-26 16:59:47,104 DEBUG matplotlib.font_manager: findfont: score(<Font 'STIXSizeFourSym' (STIXSizFourSymBol.ttf) normal normal 700 normal>) = 10.05
2026-06-26 16:59:47,104 DEBUG matplotlib.font_manager: findfont: score(<Font 'cmss10' (cmss10.ttf) normal normal 400 normal>) = 10.335
2026-06-26 16:59:47,104 DEBUG matplotlib.font_manager: findfont: score(<Font 'STIXNonUnicode' (STIXNonUniBolIta.ttf) italic normal 700 normal>) = 11.05
2026-06-26 16:59:47,104 DEBUG matplotlib.font_manager: findfont: score(<Font 'STIXGeneral' (STIXGeneralBol.ttf) normal normal 700 normal>) = 10.05
2026-06-26 16:59:47,104 DEBUG matplotlib.font_manager: findfont: score(<Font 'STIXNonUnicode' (STIXNonUni.ttf) normal normal 400 normal>) = 10.335
2026-06-26 16:59:47,104 DEBUG matplotlib.font_manager: findfont: score(<Font 'cmex10' (cmex10.ttf) normal normal 400 normal>) = 10.335
2026-06-26 16:59:47,104 DEBUG matplotlib.font_manager: findfont: score(<Font 'DejaVu Sans' (DejaVuSans-Oblique.ttf) oblique normal 400 normal>) = 1.335
2026-06-26 16:59:47,104 DEBUG matplotlib.font_manager: findfont: score(<Font 'STIXSizeOneSym' (STIXSizOneSymReg.ttf) normal normal 400 normal>) = 10.335
2026-06-26 16:59:47,104 DEBUG matplotlib.font_manager: findfont: score(<Font 'STIXSizeTwoSym' (STIXSizTwoSymBol.ttf) normal normal 700 normal>) = 10.05
2026-06-26 16:59:47,104 DEBUG matplotlib.font_manager: findfont: score(<Font 'STIXNonUnicode' (STIXNonUniIta.ttf) italic normal 400 normal>) = 11.335
2026-06-26 16:59:47,104 DEBUG matplotlib.font_manager: findfont: score(<Font 'STIXNonUnicode' (STIXNonUniBol.ttf) normal normal 700 normal>) = 10.05
2026-06-26 16:59:47,104 DEBUG matplotlib.font_manager: findfont: score(<Font 'cmb10' (cmb10.ttf) normal normal 400 normal>) = 10.335
2026-06-26 16:59:47,104 DEBUG matplotlib.font_manager: findfont: score(<Font 'STIXSizeFiveSym' (STIXSizFiveSymReg.ttf) normal normal 400 normal>) = 10.335
2026-06-26 16:59:47,104 DEBUG matplotlib.font_manager: findfont: score(<Font 'DejaVu Serif' (DejaVuSerif.ttf) normal normal 400 normal>) = 10.335
2026-06-26 16:59:47,104 DEBUG matplotlib.font_manager: findfont: score(<Font 'DejaVu Sans Mono' (DejaVuSansMono-Bold.ttf) normal normal 700 normal>) = 10.05
2026-06-26 16:59:47,104 DEBUG matplotlib.font_manager: findfont: score(<Font 'DejaVu Sans Mono' (DejaVuSansMono.ttf) normal normal 400 normal>) = 10.335
2026-06-26 16:59:47,104 DEBUG matplotlib.font_manager: findfont: score(<Font 'DejaVu Serif' (DejaVuSerif-BoldItalic.ttf) italic normal 700 normal>) = 11.05
2026-06-26 16:59:47,104 DEBUG matplotlib.font_manager: findfont: score(<Font 'STIXSizeOneSym' (STIXSizOneSymBol.ttf) normal normal 700 normal>) = 10.05
2026-06-26 16:59:47,104 DEBUG matplotlib.font_manager: findfont: score(<Font 'cmtt10' (cmtt10.ttf) normal normal 400 normal>) = 10.335
2026-06-26 16:59:47,104 DEBUG matplotlib.font_manager: findfont: score(<Font 'DejaVu Sans Mono' (DejaVuSansMono-Oblique.ttf) oblique normal 400 normal>) = 11.335
2026-06-26 16:59:47,104 DEBUG matplotlib.font_manager: findfont: score(<Font 'DejaVu Sans' (DejaVuSans-BoldOblique.ttf) oblique normal 700 normal>) = 1.05
2026-06-26 16:59:47,104 DEBUG matplotlib.font_manager: findfont: score(<Font 'DejaVu Sans' (DejaVuSans-Bold.ttf) normal normal 700 normal>) = 0.05
2026-06-26 16:59:47,104 DEBUG matplotlib.font_manager: findfont: score(<Font 'STIXSizeFourSym' (STIXSizFourSymReg.ttf) normal normal 400 normal>) = 10.335
2026-06-26 16:59:47,104 DEBUG matplotlib.font_manager: findfont: score(<Font 'STIXGeneral' (STIXGeneralBolIta.ttf) italic normal 700 normal>) = 11.05
2026-06-26 16:59:47,104 DEBUG matplotlib.font_manager: findfont: score(<Font 'STIXGeneral' (STIXGeneral.ttf) normal normal 400 normal>) = 10.335
2026-06-26 16:59:47,104 DEBUG matplotlib.font_manager: findfont: score(<Font 'cmsy10' (cmsy10.ttf) normal normal 400 normal>) = 10.335
2026-06-26 16:59:47,104 DEBUG matplotlib.font_manager: findfont: score(<Font 'STIXSizeTwoSym' (STIXSizTwoSymReg.ttf) normal normal 400 normal>) = 10.335
2026-06-26 16:59:47,105 DEBUG matplotlib.font_manager: findfont: score(<Font 'STIXGeneral' (STIXGeneralItalic.ttf) italic normal 400 normal>) = 11.335
2026-06-26 16:59:47,105 DEBUG matplotlib.font_manager: findfont: score(<Font 'DejaVu Serif' (DejaVuSerif-Bold.ttf) normal normal 700 normal>) = 10.05
2026-06-26 16:59:47,105 DEBUG matplotlib.font_manager: findfont: score(<Font 'STIXSizeThreeSym' (STIXSizThreeSymReg.ttf) normal normal 400 normal>) = 10.335
2026-06-26 16:59:47,105 DEBUG matplotlib.font_manager: findfont: score(<Font 'cmr10' (cmr10.ttf) normal normal 400 normal>) = 10.335
2026-06-26 16:59:47,105 DEBUG matplotlib.font_manager: findfont: score(<Font 'DejaVu Sans Mono' (DejaVuSansMono-BoldOblique.ttf) oblique normal 700 normal>) = 11.05
2026-06-26 16:59:47,105 DEBUG matplotlib.font_manager: findfont: score(<Font 'DejaVu Sans' (DejaVuSans.ttf) normal normal 400 normal>) = 0.33499999999999996
2026-06-26 16:59:47,105 DEBUG matplotlib.font_manager: findfont: score(<Font 'DejaVu Serif Display' (DejaVuSerifDisplay.ttf) normal normal 400 normal>) = 10.335
2026-06-26 16:59:47,105 DEBUG matplotlib.font_manager: findfont: score(<Font 'DejaVu Sans' (DejaVuSans.ttf) normal normal 400 normal>) = 0.33499999999999996
2026-06-26 16:59:47,105 DEBUG matplotlib.font_manager: findfont: score(<Font 'DejaVu Sans Mono' (DejaVuSansMono.ttf) normal normal 400 normal>) = 10.335
2026-06-26 16:59:47,105 DEBUG matplotlib.font_manager: findfont: score(<Font 'DejaVu Serif' (DejaVuSerif-Bold.ttf) normal normal 700 normal>) = 10.05
2026-06-26 16:59:47,105 DEBUG matplotlib.font_manager: findfont: score(<Font 'DejaVu Sans' (DejaVuSans-Bold.ttf) normal normal 700 normal>) = 0.05
2026-06-26 16:59:47,105 DEBUG matplotlib.font_manager: findfont: score(<Font 'DejaVu Sans Mono' (DejaVuSansMono-Bold.ttf) normal normal 700 normal>) = 10.05
2026-06-26 16:59:47,105 DEBUG matplotlib.font_manager: findfont: score(<Font 'DejaVu Serif' (DejaVuSerif.ttf) normal normal 400 normal>) = 10.335
2026-06-26 16:59:47,105 DEBUG matplotlib.font_manager: findfont: Matching DejaVu Sans:style=normal:variant=normal:weight=bold:stretch=normal:size=10.0 to DejaVu Sans ('/tmp/_MEIOlvj2w/matplotlib/mpl-data/fonts/ttf/DejaVuSans-Bold.ttf') with score of 0.050000.
2026-06-26 16:59:47,105 DEBUG matplotlib.font_manager: findfont: Matching DejaVu Sans Mono:style=normal:variant=normal:weight=normal:stretch=normal:size=10.0.
2026-06-26 16:59:47,105 DEBUG matplotlib.font_manager: findfont: score(<Font 'STIXSizeThreeSym' (STIXSizThreeSymBol.ttf) normal normal 700 normal>) = 10.335
2026-06-26 16:59:47,105 DEBUG matplotlib.font_manager: findfont: score(<Font 'cmmi10' (cmmi10.ttf) normal normal 400 normal>) = 10.05
2026-06-26 16:59:47,105 DEBUG matplotlib.font_manager: findfont: score(<Font 'DejaVu Sans Display' (DejaVuSansDisplay.ttf) normal normal 400 normal>) = 10.05
2026-06-26 16:59:47,105 DEBUG matplotlib.font_manager: findfont: score(<Font 'DejaVu Serif' (DejaVuSerif-Italic.ttf) italic normal 400 normal>) = 11.05
2026-06-26 16:59:47,105 DEBUG matplotlib.font_manager: findfont: score(<Font 'STIXSizeFourSym' (STIXSizFourSymBol.ttf) normal normal 700 normal>) = 10.335
2026-06-26 16:59:47,105 DEBUG matplotlib.font_manager: findfont: score(<Font 'cmss10' (cmss10.ttf) normal normal 400 normal>) = 10.05
2026-06-26 16:59:47,105 DEBUG matplotlib.font_manager: findfont: score(<Font 'STIXNonUnicode' (STIXNonUniBolIta.ttf) italic normal 700 normal>) = 11.335
2026-06-26 16:59:47,105 DEBUG matplotlib.font_manager: findfont: score(<Font 'STIXGeneral' (STIXGeneralBol.ttf) normal normal 700 normal>) = 10.335
2026-06-26 16:59:47,105 DEBUG matplotlib.font_manager: findfont: score(<Font 'STIXNonUnicode' (STIXNonUni.ttf) normal normal 400 normal>) = 10.05
2026-06-26 16:59:47,105 DEBUG matplotlib.font_manager: findfont: score(<Font 'cmex10' (cmex10.ttf) normal normal 400 normal>) = 10.05
2026-06-26 16:59:47,105 DEBUG matplotlib.font_manager: findfont: score(<Font 'DejaVu Sans' (DejaVuSans-Oblique.ttf) oblique normal 400 normal>) = 11.05
2026-06-26 16:59:47,106 DEBUG matplotlib.font_manager: findfont: score(<Font 'STIXSizeOneSym' (STIXSizOneSymReg.ttf) normal normal 400 normal>) = 10.05
2026-06-26 16:59:47,106 DEBUG matplotlib.font_manager: findfont: score(<Font 'STIXSizeTwoSym' (STIXSizTwoSymBol.ttf) normal normal 700 normal>) = 10.335
2026-06-26 16:59:47,106 DEBUG matplotlib.font_manager: findfont: score(<Font 'STIXNonUnicode' (STIXNonUniIta.ttf) italic normal 400 normal>) = 11.05
2026-06-26 16:59:47,106 DEBUG matplotlib.font_manager: findfont: score(<Font 'STIXNonUnicode' (STIXNonUniBol.ttf) normal normal 700 normal>) = 10.335
2026-06-26 16:59:47,106 DEBUG matplotlib.font_manager: findfont: score(<Font 'cmb10' (cmb10.ttf) normal normal 400 normal>) = 10.05
2026-06-26 16:59:47,106 DEBUG matplotlib.font_manager: findfont: score(<Font 'STIXSizeFiveSym' (STIXSizFiveSymReg.ttf) normal normal 400 normal>) = 10.05
2026-06-26 16:59:47,106 DEBUG matplotlib.font_manager: findfont: score(<Font 'DejaVu Serif' (DejaVuSerif.ttf) normal normal 400 normal>) = 10.05
2026-06-26 16:59:47,106 DEBUG matplotlib.font_manager: findfont: score(<Font 'DejaVu Sans Mono' (DejaVuSansMono-Bold.ttf) normal normal 700 normal>) = 0.33499999999999996
2026-06-26 16:59:47,106 DEBUG matplotlib.font_manager: findfont: score(<Font 'DejaVu Sans Mono' (DejaVuSansMono.ttf) normal normal 400 normal>) = 0.05
2026-06-26 16:59:47,106 DEBUG matplotlib.font_manager: findfont: score(<Font 'DejaVu Serif' (DejaVuSerif-BoldItalic.ttf) italic normal 700 normal>) = 11.335
2026-06-26 16:59:47,106 DEBUG matplotlib.font_manager: findfont: score(<Font 'STIXSizeOneSym' (STIXSizOneSymBol.ttf) normal normal 700 normal>) = 10.335
2026-06-26 16:59:47,106 DEBUG matplotlib.font_manager: findfont: score(<Font 'cmtt10' (cmtt10.ttf) normal normal 400 normal>) = 10.05
2026-06-26 16:59:47,106 DEBUG matplotlib.font_manager: findfont: score(<Font 'DejaVu Sans Mono' (DejaVuSansMono-Oblique.ttf) oblique normal 400 normal>) = 1.05
2026-06-26 16:59:47,106 DEBUG matplotlib.font_manager: findfont: score(<Font 'DejaVu Sans' (DejaVuSans-BoldOblique.ttf) oblique normal 700 normal>) = 11.335
2026-06-26 16:59:47,106 DEBUG matplotlib.font_manager: findfont: score(<Font 'DejaVu Sans' (DejaVuSans-Bold.ttf) normal normal 700 normal>) = 10.335
2026-06-26 16:59:47,106 DEBUG matplotlib.font_manager: findfont: score(<Font 'STIXSizeFourSym' (STIXSizFourSymReg.ttf) normal normal 400 normal>) = 10.05
2026-06-26 16:59:47,106 DEBUG matplotlib.font_manager: findfont: score(<Font 'STIXGeneral' (STIXGeneralBolIta.ttf) italic normal 700 normal>) = 11.335
2026-06-26 16:59:47,106 DEBUG matplotlib.font_manager: findfont: score(<Font 'STIXGeneral' (STIXGeneral.ttf) normal normal 400 normal>) = 10.05
2026-06-26 16:59:47,106 DEBUG matplotlib.font_manager: findfont: score(<Font 'cmsy10' (cmsy10.ttf) normal normal 400 normal>) = 10.05
2026-06-26 16:59:47,106 DEBUG matplotlib.font_manager: findfont: score(<Font 'STIXSizeTwoSym' (STIXSizTwoSymReg.ttf) normal normal 400 normal>) = 10.05
2026-06-26 16:59:47,106 DEBUG matplotlib.font_manager: findfont: score(<Font 'STIXGeneral' (STIXGeneralItalic.ttf) italic normal 400 normal>) = 11.05
2026-06-26 16:59:47,106 DEBUG matplotlib.font_manager: findfont: score(<Font 'DejaVu Serif' (DejaVuSerif-Bold.ttf) normal normal 700 normal>) = 10.335
2026-06-26 16:59:47,106 DEBUG matplotlib.font_manager: findfont: score(<Font 'STIXSizeThreeSym' (STIXSizThreeSymReg.ttf) normal normal 400 normal>) = 10.05
2026-06-26 16:59:47,106 DEBUG matplotlib.font_manager: findfont: score(<Font 'cmr10' (cmr10.ttf) normal normal 400 normal>) = 10.05
2026-06-26 16:59:47,106 DEBUG matplotlib.font_manager: findfont: score(<Font 'DejaVu Sans Mono' (DejaVuSansMono-BoldOblique.ttf) oblique normal 700 normal>) = 1.335
2026-06-26 16:59:47,106 DEBUG matplotlib.font_manager: findfont: score(<Font 'DejaVu Sans' (DejaVuSans.ttf) normal normal 400 normal>) = 10.05
2026-06-26 16:59:47,106 DEBUG matplotlib.font_manager: findfont: score(<Font 'DejaVu Serif Display' (DejaVuSerifDisplay.ttf) normal normal 400 normal>) = 10.05
2026-06-26 16:59:47,106 DEBUG matplotlib.font_manager: findfont: score(<Font 'DejaVu Sans' (DejaVuSans.ttf) normal normal 400 normal>) = 10.05
2026-06-26 16:59:47,106 DEBUG matplotlib.font_manager: findfont: score(<Font 'DejaVu Sans Mono' (DejaVuSansMono.ttf) normal normal 400 normal>) = 0.05
2026-06-26 16:59:47,106 DEBUG matplotlib.font_manager: findfont: score(<Font 'DejaVu Serif' (DejaVuSerif-Bold.ttf) normal normal 700 normal>) = 10.335
2026-06-26 16:59:47,106 DEBUG matplotlib.font_manager: findfont: score(<Font 'DejaVu Sans' (DejaVuSans-Bold.ttf) normal normal 700 normal>) = 10.335
2026-06-26 16:59:47,106 DEBUG matplotlib.font_manager: findfont: score(<Font 'DejaVu Sans Mono' (DejaVuSansMono-Bold.ttf) normal normal 700 normal>) = 0.33499999999999996
2026-06-26 16:59:47,106 DEBUG matplotlib.font_manager: findfont: score(<Font 'DejaVu Serif' (DejaVuSerif.ttf) normal normal 400 normal>) = 10.05
2026-06-26 16:59:47,106 DEBUG matplotlib.font_manager: findfont: Matching DejaVu Sans Mono:style=normal:variant=normal:weight=normal:stretch=normal:size=10.0 to DejaVu Sans Mono ('/tmp/_MEIOlvj2w/matplotlib/mpl-data/fonts/ttf/DejaVuSansMono.ttf') with score of 0.050000.
2026-06-26 16:59:47,107 DEBUG matplotlib.font_manager: findfont: Matching DejaVu Sans Display:style=normal:variant=normal:weight=normal:stretch=normal:size=10.0.
2026-06-26 16:59:47,107 DEBUG matplotlib.font_manager: findfont: score(<Font 'STIXSizeThreeSym' (STIXSizThreeSymBol.ttf) normal normal 700 normal>) = 10.335
2026-06-26 16:59:47,107 DEBUG matplotlib.font_manager: findfont: score(<Font 'cmmi10' (cmmi10.ttf) normal normal 400 normal>) = 10.05
2026-06-26 16:59:47,107 DEBUG matplotlib.font_manager: findfont: score(<Font 'DejaVu Sans Display' (DejaVuSansDisplay.ttf) normal normal 400 normal>) = 0.05
2026-06-26 16:59:47,107 DEBUG matplotlib.font_manager: findfont: score(<Font 'DejaVu Serif' (DejaVuSerif-Italic.ttf) italic normal 400 normal>) = 11.05
2026-06-26 16:59:47,107 DEBUG matplotlib.font_manager: findfont: score(<Font 'STIXSizeFourSym' (STIXSizFourSymBol.ttf) normal normal 700 normal>) = 10.335
2026-06-26 16:59:47,107 DEBUG matplotlib.font_manager: findfont: score(<Font 'cmss10' (cmss10.ttf) normal normal 400 normal>) = 10.05
2026-06-26 16:59:47,107 DEBUG matplotlib.font_manager: findfont: score(<Font 'STIXNonUnicode' (STIXNonUniBolIta.ttf) italic normal 700 normal>) = 11.335
2026-06-26 16:59:47,107 DEBUG matplotlib.font_manager: findfont: score(<Font 'STIXGeneral' (STIXGeneralBol.ttf) normal normal 700 normal>) = 10.335
2026-06-26 16:59:47,107 DEBUG matplotlib.font_manager: findfont: score(<Font 'STIXNonUnicode' (STIXNonUni.ttf) normal normal 400 normal>) = 10.05
2026-06-26 16:59:47,107 DEBUG matplotlib.font_manager: findfont: score(<Font 'cmex10' (cmex10.ttf) normal normal 400 normal>) = 10.05
2026-06-26 16:59:47,107 DEBUG matplotlib.font_manager: findfont: score(<Font 'DejaVu Sans' (DejaVuSans-Oblique.ttf) oblique normal 400 normal>) = 11.05
2026-06-26 16:59:47,107 DEBUG matplotlib.font_manager: findfont: score(<Font 'STIXSizeOneSym' (STIXSizOneSymReg.ttf) normal normal 400 normal>) = 10.05
2026-06-26 16:59:47,107 DEBUG matplotlib.font_manager: findfont: score(<Font 'STIXSizeTwoSym' (STIXSizTwoSymBol.ttf) normal normal 700 normal>) = 10.335
2026-06-26 16:59:47,107 DEBUG matplotlib.font_manager: findfont: score(<Font 'STIXNonUnicode' (STIXNonUniIta.ttf) italic normal 400 normal>) = 11.05
2026-06-26 16:59:47,107 DEBUG matplotlib.font_manager: findfont: score(<Font 'STIXNonUnicode' (STIXNonUniBol.ttf) normal normal 700 normal>) = 10.335
2026-06-26 16:59:47,107 DEBUG matplotlib.font_manager: findfont: score(<Font 'cmb10' (cmb10.ttf) normal normal 400 normal>) = 10.05
2026-06-26 16:59:47,107 DEBUG matplotlib.font_manager: findfont: score(<Font 'STIXSizeFiveSym' (STIXSizFiveSymReg.ttf) normal normal 400 normal>) = 10.05
2026-06-26 16:59:47,107 DEBUG matplotlib.font_manager: findfont: score(<Font 'DejaVu Serif' (DejaVuSerif.ttf) normal normal 400 normal>) = 10.05
2026-06-26 16:59:47,107 DEBUG matplotlib.font_manager: findfont: score(<Font 'DejaVu Sans Mono' (DejaVuSansMono-Bold.ttf) normal normal 700 normal>) = 10.335
2026-06-26 16:59:47,107 DEBUG matplotlib.font_manager: findfont: score(<Font 'DejaVu Sans Mono' (DejaVuSansMono.ttf) normal normal 400 normal>) = 10.05
2026-06-26 16:59:47,107 DEBUG matplotlib.font_manager: findfont: score(<Font 'DejaVu Serif' (DejaVuSerif-BoldItalic.ttf) italic normal 700 normal>) = 11.335
2026-06-26 16:59:47,107 DEBUG matplotlib.font_manager: findfont: score(<Font 'STIXSizeOneSym' (STIXSizOneSymBol.ttf) normal normal 700 normal>) = 10.335
2026-06-26 16:59:47,107 DEBUG matplotlib.font_manager: findfont: score(<Font 'cmtt10' (cmtt10.ttf) normal normal 400 normal>) = 10.05
2026-06-26 16:59:47,107 DEBUG matplotlib.font_manager: findfont: score(<Font 'DejaVu Sans Mono' (DejaVuSansMono-Oblique.ttf) oblique normal 400 normal>) = 11.05
2026-06-26 16:59:47,107 DEBUG matplotlib.font_manager: findfont: score(<Font 'DejaVu Sans' (DejaVuSans-BoldOblique.ttf) oblique normal 700 normal>) = 11.335
2026-06-26 16:59:47,107 DEBUG matplotlib.font_manager: findfont: score(<Font 'DejaVu Sans' (DejaVuSans-Bold.ttf) normal normal 700 normal>) = 10.335
2026-06-26 16:59:47,108 DEBUG matplotlib.font_manager: findfont: score(<Font 'STIXSizeFourSym' (STIXSizFourSymReg.ttf) normal normal 400 normal>) = 10.05
2026-06-26 16:59:47,108 DEBUG matplotlib.font_manager: findfont: score(<Font 'STIXGeneral' (STIXGeneralBolIta.ttf) italic normal 700 normal>) = 11.335
2026-06-26 16:59:47,108 DEBUG matplotlib.font_manager: findfont: score(<Font 'STIXGeneral' (STIXGeneral.ttf) normal normal 400 normal>) = 10.05
2026-06-26 16:59:47,108 DEBUG matplotlib.font_manager: findfont: score(<Font 'cmsy10' (cmsy10.ttf) normal normal 400 normal>) = 10.05
2026-06-26 16:59:47,108 DEBUG matplotlib.font_manager: findfont: score(<Font 'STIXSizeTwoSym' (STIXSizTwoSymReg.ttf) normal normal 400 normal>) = 10.05
2026-06-26 16:59:47,108 DEBUG matplotlib.font_manager: findfont: score(<Font 'STIXGeneral' (STIXGeneralItalic.ttf) italic normal 400 normal>) = 11.05
2026-06-26 16:59:47,108 DEBUG matplotlib.font_manager: findfont: score(<Font 'DejaVu Serif' (DejaVuSerif-Bold.ttf) normal normal 700 normal>) = 10.335
2026-06-26 16:59:47,108 DEBUG matplotlib.font_manager: findfont: score(<Font 'STIXSizeThreeSym' (STIXSizThreeSymReg.ttf) normal normal 400 normal>) = 10.05
2026-06-26 16:59:47,108 DEBUG matplotlib.font_manager: findfont: score(<Font 'cmr10' (cmr10.ttf) normal normal 400 normal>) = 10.05
2026-06-26 16:59:47,108 DEBUG matplotlib.font_manager: findfont: score(<Font 'DejaVu Sans Mono' (DejaVuSansMono-BoldOblique.ttf) oblique normal 700 normal>) = 11.335
2026-06-26 16:59:47,108 DEBUG matplotlib.font_manager: findfont: score(<Font 'DejaVu Sans' (DejaVuSans.ttf) normal normal 400 normal>) = 10.05
2026-06-26 16:59:47,108 DEBUG matplotlib.font_manager: findfont: score(<Font 'DejaVu Serif Display' (DejaVuSerifDisplay.ttf) normal normal 400 normal>) = 10.05
2026-06-26 16:59:47,108 DEBUG matplotlib.font_manager: findfont: score(<Font 'DejaVu Sans' (DejaVuSans.ttf) normal normal 400 normal>) = 10.05
2026-06-26 16:59:47,108 DEBUG matplotlib.font_manager: findfont: score(<Font 'DejaVu Sans Mono' (DejaVuSansMono.ttf) normal normal 400 normal>) = 10.05
2026-06-26 16:59:47,108 DEBUG matplotlib.font_manager: findfont: score(<Font 'DejaVu Serif' (DejaVuSerif-Bold.ttf) normal normal 700 normal>) = 10.335
2026-06-26 16:59:47,108 DEBUG matplotlib.font_manager: findfont: score(<Font 'DejaVu Sans' (DejaVuSans-Bold.ttf) normal normal 700 normal>) = 10.335
2026-06-26 16:59:47,108 DEBUG matplotlib.font_manager: findfont: score(<Font 'DejaVu Sans Mono' (DejaVuSansMono-Bold.ttf) normal normal 700 normal>) = 10.335
2026-06-26 16:59:47,108 DEBUG matplotlib.font_manager: findfont: score(<Font 'DejaVu Serif' (DejaVuSerif.ttf) normal normal 400 normal>) = 10.05
2026-06-26 16:59:47,108 DEBUG matplotlib.font_manager: findfont: Matching DejaVu Sans Display:style=normal:variant=normal:weight=normal:stretch=normal:size=10.0 to DejaVu Sans Display ('/tmp/_MEIOlvj2w/matplotlib/mpl-data/fonts/ttf/DejaVuSansDisplay.ttf') with score of 0.050000.
2026-06-26 16:59:47,251 DEBUG matplotlib.ticker: vmin 1e-05 vmax 13487.104010777435
2026-06-26 16:59:47,252 DEBUG matplotlib.ticker: ticklocs array([], dtype=float64)
2026-06-26 16:59:47,255 DEBUG matplotlib.ticker: vmin 0.00044668359215096305 vmax 22387.21138568338
2026-06-26 16:59:47,255 DEBUG matplotlib.ticker: ticklocs array([2.e-05, 3.e-05, 4.e-05, 5.e-05, 6.e-05, 7.e-05, 8.e-05, 9.e-05,
       2.e-04, 3.e-04, 4.e-04, 5.e-04, 6.e-04, 7.e-04, 8.e-04, 9.e-04,
       2.e-03, 3.e-03, 4.e-03, 5.e-03, 6.e-03, 7.e-03, 8.e-03, 9.e-03,
       2.e-02, 3.e-02, 4.e-02, 5.e-02, 6.e-02, 7.e-02, 8.e-02, 9.e-02,
       2.e-01, 3.e-01, 4.e-01, 5.e-01, 6.e-01, 7.e-01, 8.e-01, 9.e-01,
       2.e+00, 3.e+00, 4.e+00, 5.e+00, 6.e+00, 7.e+00, 8.e+00, 9.e+00,
       2.e+01, 3.e+01, 4.e+01, 5.e+01, 6.e+01, 7.e+01, 8.e+01, 9.e+01,
       2.e+02, 3.e+02, 4.e+02, 5.e+02, 6.e+02, 7.e+02, 8.e+02, 9.e+02,
       2.e+03, 3.e+03, 4.e+03, 5.e+03, 6.e+03, 7.e+03, 8.e+03, 9.e+03,
       2.e+04, 3.e+04, 4.e+04, 5.e+04, 6.e+04, 7.e+04, 8.e+04, 9.e+04,
       2.e+05, 3.e+05, 4.e+05, 5.e+05, 6.e+05, 7.e+05, 8.e+05, 9.e+05,
       2.e+06, 3.e+06, 4.e+06, 5.e+06, 6.e+06, 7.e+06, 8.e+06, 9.e+06])
2026-06-26 16:59:47,356 DEBUG matplotlib.ticker: vmin 0.00044668359215096305 vmax 22387.21138568338
2026-06-26 16:59:47,357 DEBUG matplotlib.ticker: ticklocs array([2.e-05, 3.e-05, 4.e-05, 5.e-05, 6.e-05, 7.e-05, 8.e-05, 9.e-05,
       2.e-04, 3.e-04, 4.e-04, 5.e-04, 6.e-04, 7.e-04, 8.e-04, 9.e-04,
       2.e-03, 3.e-03, 4.e-03, 5.e-03, 6.e-03, 7.e-03, 8.e-03, 9.e-03,
       2.e-02, 3.e-02, 4.e-02, 5.e-02, 6.e-02, 7.e-02, 8.e-02, 9.e-02,
       2.e-01, 3.e-01, 4.e-01, 5.e-01, 6.e-01, 7.e-01, 8.e-01, 9.e-01,
       2.e+00, 3.e+00, 4.e+00, 5.e+00, 6.e+00, 7.e+00, 8.e+00, 9.e+00,
       2.e+01, 3.e+01, 4.e+01, 5.e+01, 6.e+01, 7.e+01, 8.e+01, 9.e+01,
       2.e+02, 3.e+02, 4.e+02, 5.e+02, 6.e+02, 7.e+02, 8.e+02, 9.e+02,
       2.e+03, 3.e+03, 4.e+03, 5.e+03, 6.e+03, 7.e+03, 8.e+03, 9.e+03,
       2.e+04, 3.e+04, 4.e+04, 5.e+04, 6.e+04, 7.e+04, 8.e+04, 9.e+04,
       2.e+05, 3.e+05, 4.e+05, 5.e+05, 6.e+05, 7.e+05, 8.e+05, 9.e+05,
       2.e+06, 3.e+06, 4.e+06, 5.e+06, 6.e+06, 7.e+06, 8.e+06, 9.e+06])
2026-06-26 16:59:47,453 DEBUG matplotlib.ticker: vmin 1e-05 vmax 13487.104010777435
2026-06-26 16:59:47,453 DEBUG matplotlib.ticker: ticklocs array([], dtype=float64)
2026-06-26 16:59:47,457 DEBUG matplotlib.ticker: vmin 1e-05 vmax 13487.104010777435
2026-06-26 16:59:47,457 DEBUG matplotlib.ticker: ticklocs array([], dtype=float64)
2026-06-26 16:59:47,460 DEBUG matplotlib.ticker: vmin 0.00044668359215096305 vmax 22387.21138568338
2026-06-26 16:59:47,460 DEBUG matplotlib.ticker: ticklocs array([2.e-05, 3.e-05, 4.e-05, 5.e-05, 6.e-05, 7.e-05, 8.e-05, 9.e-05,
       2.e-04, 3.e-04, 4.e-04, 5.e-04, 6.e-04, 7.e-04, 8.e-04, 9.e-04,
       2.e-03, 3.e-03, 4.e-03, 5.e-03, 6.e-03, 7.e-03, 8.e-03, 9.e-03,
       2.e-02, 3.e-02, 4.e-02, 5.e-02, 6.e-02, 7.e-02, 8.e-02, 9.e-02,
       2.e-01, 3.e-01, 4.e-01, 5.e-01, 6.e-01, 7.e-01, 8.e-01, 9.e-01,
       2.e+00, 3.e+00, 4.e+00, 5.e+00, 6.e+00, 7.e+00, 8.e+00, 9.e+00,
       2.e+01, 3.e+01, 4.e+01, 5.e+01, 6.e+01, 7.e+01, 8.e+01, 9.e+01,
       2.e+02, 3.e+02, 4.e+02, 5.e+02, 6.e+02, 7.e+02, 8.e+02, 9.e+02,
       2.e+03, 3.e+03, 4.e+03, 5.e+03, 6.e+03, 7.e+03, 8.e+03, 9.e+03,
       2.e+04, 3.e+04, 4.e+04, 5.e+04, 6.e+04, 7.e+04, 8.e+04, 9.e+04,
       2.e+05, 3.e+05, 4.e+05, 5.e+05, 6.e+05, 7.e+05, 8.e+05, 9.e+05,
       2.e+06, 3.e+06, 4.e+06, 5.e+06, 6.e+06, 7.e+06, 8.e+06, 9.e+06])
2026-06-26 16:59:47,484 DEBUG matplotlib.ticker: vmin 0.00044668359215096305 vmax 22387.21138568338
2026-06-26 16:59:47,484 DEBUG matplotlib.ticker: ticklocs array([2.e-05, 3.e-05, 4.e-05, 5.e-05, 6.e-05, 7.e-05, 8.e-05, 9.e-05,
       2.e-04, 3.e-04, 4.e-04, 5.e-04, 6.e-04, 7.e-04, 8.e-04, 9.e-04,
       2.e-03, 3.e-03, 4.e-03, 5.e-03, 6.e-03, 7.e-03, 8.e-03, 9.e-03,
       2.e-02, 3.e-02, 4.e-02, 5.e-02, 6.e-02, 7.e-02, 8.e-02, 9.e-02,
       2.e-01, 3.e-01, 4.e-01, 5.e-01, 6.e-01, 7.e-01, 8.e-01, 9.e-01,
       2.e+00, 3.e+00, 4.e+00, 5.e+00, 6.e+00, 7.e+00, 8.e+00, 9.e+00,
       2.e+01, 3.e+01, 4.e+01, 5.e+01, 6.e+01, 7.e+01, 8.e+01, 9.e+01,
       2.e+02, 3.e+02, 4.e+02, 5.e+02, 6.e+02, 7.e+02, 8.e+02, 9.e+02,
       2.e+03, 3.e+03, 4.e+03, 5.e+03, 6.e+03, 7.e+03, 8.e+03, 9.e+03,
       2.e+04, 3.e+04, 4.e+04, 5.e+04, 6.e+04, 7.e+04, 8.e+04, 9.e+04,
       2.e+05, 3.e+05, 4.e+05, 5.e+05, 6.e+05, 7.e+05, 8.e+05, 9.e+05,
       2.e+06, 3.e+06, 4.e+06, 5.e+06, 6.e+06, 7.e+06, 8.e+06, 9.e+06])
2026-06-26 16:59:47,525 INFO common.report_asm: report infomation: ##############################
Sub-module: Summary
------------------------------
Name: Total Instructions
Description: number of all instructions
Value: 139,155
------------------------------
Name: Compute Instructions
Description: number of compute instructions
Value: 132,556
------------------------------
Name: Memory Instructions
Description: number of memory instructions
Value: 6,599
------------------------------
Name: Total Cycles
Description: cycles use by kernel
Value: 3,432,516.86(Kcycles)
------------------------------
Name: Memory Access per Second
Description: memory access per second
Value: 28,342.91(MB/s)
------------------------------
Name: Average AP busy cycles
Description: Average busy cycles per AP
Value: 9,941.96
------------------------------
Name: AP busy Duty
Description: average AP busy duty of total cycles
Value: 0.00%
------------------------------
Name: Compute Instructions busy Duty
Description: Compute Instructions busy duty of total AP cycles
Value: 13.41%
##############################
Sub-module: CE Statistics
------------------------------
Name: WORKGROUPS
Description: ce send workgroup
Value: 55.0
------------------------------
Name: WAVES
Description: ce send waves
Value: 284.0
------------------------------
Name: Average Wave life cycles
Description: average life cycles per wave from start to end
Value: 4,030.98
##############################
Sub-module: ISU Statistics
------------------------------
Name: Compute Instructions Cycles Rate
Description: rate between compute instructions cycles
Value: {
    "data": {
        "MTE_4CYCLES": 251156.0,
        "MTE_16CYCLES": 178176.0,
        "MMA_16CYCLES": 0.0,
        "MMA_32CYCLES": 0.0
    },
    "filename": "/home/ailab/maca-vendor-workspace/maca_c_opt/workspace/head_compute_mix_bwd_run/profile-artifacts/head_compute_mix_bwd_v0_baseline/mcprofiler_raw_baseline/Compute_Instructions_Cycles_Rate20260626165946072.png"
}
------------------------------
Name: DPC Computing cycles comparison
Description: Comparison on AP computing cycles
Value: {
    "data": {
        "0": 34832.0,
        "1": 34832.0,
        "2": 37276.0,
        "3": 37260.0,
        "4": 37276.0,
        "5": 37276.0,
        "6": 37260.0,
        "7": 37260.0
    },
    "filename": "/home/ailab/maca-vendor-workspace/maca_c_opt/workspace/head_compute_mix_bwd_run/profile-artifacts/head_compute_mix_bwd_v0_baseline/mcprofiler_raw_baseline/DPC_Computing_cycles_comparison20260626165946184.png"
}
------------------------------
Name: ISU stall cycles layout
Description: ISU stall cycles layout
Value: {
    "data": {
        "wsm_stall": 3814.0,
        "vls_pipeline_stall": 1024.0,
        "vls_wdata_stall": 2700.0,
        "valu_stall": 0.0
    },
    "filename": "/home/ailab/maca-vendor-workspace/maca_c_opt/workspace/head_compute_mix_bwd_run/profile-artifacts/head_compute_mix_bwd_v0_baseline/mcprofiler_raw_baseline/ISU_stall_cycles_layout20260626165946388.png"
}
------------------------------
Name: Instructions Comparison
Description: Comparison between all instructions
Value: {
    "data": {
        "MTE": 62998.0,
        "MMA": 0.0,
        "STE": 31495.0,
        "GVM": 675.0,
        "BSM": 4304.0,
        "LDU": 1620.0,
        "MISC": 38063.0
    },
    "filename": "/home/ailab/maca-vendor-workspace/maca_c_opt/workspace/head_compute_mix_bwd_run/profile-artifacts/head_compute_mix_bwd_v0_baseline/mcprofiler_raw_baseline/Instructions_Comparison20260626165946279.png"
}
##############################
Sub-module: Memory Statistics
------------------------------
Name: Global Read Instructions
Description: Number of global read instructions in all APs
Value: 384
------------------------------
Name: Global Write Instructions
Description: Number of global write instructions in all APs
Value: 259
------------------------------
Name: Global Atomic Instructions
Description: Number of global atomic instructions in all APs
Value: 32.0
------------------------------
Name: Private Read Instructions
Description: Number of private read instructions in all APs
Value: 0
------------------------------
Name: Private Write Instructions
Description: Number of private write instructions in all APs
Value: 0
------------------------------
Name: Constant Read Instructions
Description: Number of smem instructions in all APs
Value: 1,620
------------------------------
Name: Constant Read SL1 Instructions
Description: Num of LDU instructions in all SL1s
Value: 1,136
------------------------------
Name: Constant Read L2 Instructions
Description: Num of SL1 data miss requests
Value: 58
------------------------------
Name: Constant SL1 Hit Rate
Description: Total LDU instructions hit rate in all SL1s
Value: 94.06%
------------------------------
Name: VL1 Read Instructions
Description: total read instructions in all VL1s
Value: 360
------------------------------
Name: VL1 Write Instructions
Description: total write instructions in all VL1s
Value: 263
------------------------------
Name: VL1 Atomic Instructions
Description: total atomic instructions in all VL1s
Value: 32.0
------------------------------
Name: VL1 Hit Rate
Description: hit rate of all instructions in all VL1s
Value: 92.29%
------------------------------
Name: L2C Read Instructions
Description: total read instructions in all L2Cs
Value: 5,979
------------------------------
Name: L2C Write Instructions
Description: total write instructions in all L2Cs
Value: 2,670
------------------------------
Name: L2C Atomic Instructions
Description: total atomic instructions in all L2Cs
Value: 32.0
------------------------------
Name: L2C Hit Rate
Description: hit rate of all instructions in all L2Cs
Value: 12.07%
------------------------------
Name: Total Atomic Instructions
Description: total atomic instructions in memory access, include global atomic and shared memory atomic
Value: 32.0
------------------------------
Name: Dnoc Read Req
Description: number of dnoc read requests
Value: 4,990.0
------------------------------
Name: Dnoc Write Req
Description: number of dnoc write requests
Value: 1,379.0
------------------------------
Name: Global Memory Read bytes
Description: bytes read from global memory
Value: 351,776.0byte
------------------------------
Name: Global Memory Write bytes
Description: bytes write from global memory
Value: 167,328.0byte
------------------------------
Name: Dnoc Read Average Latency
Description: average latency of dnoc read request
Value: 497.06
------------------------------
Name: Memory Data Flow Chart
Description: 
Value: {
    "data": {
        "vl1c": 92.28913901476392,
        "l2c": 12.071120989026253,
        "sl1": 94.05737704918033,
        "global_kernel_rd": 384,
        "global_kernel_wr": 259,
        "private_kernel_rd": 0,
        "private_kernel_wr": 0,
        "generic_kernel_rd": 0,
        "generic_kernel_wr": 0,
        "const_kernel_rd": 1620,
        "shared_kernel_rd": 2368,
        "shared_kernel_wr": 1936,
        "Ggeneric_vl1c_rd": 360,
        "Ggeneric_vl1c_wr": 263,
        "const_sl1c_rd": 1136,
        "sl1_l2c_rd": 58,
        "vl1c_l2c_rd": 5979,
        "vl1c_l2c_wr": 2670,
        "l2c_Gmemory_rd": null,
        "l2c_Gmemory_wr": null
    },
    "filename": "/home/ailab/maca-vendor-workspace/maca_c_opt/workspace/head_compute_mix_bwd_run/profile-artifacts/head_compute_mix_bwd_v0_baseline/mcprofiler_raw_baseline/Memory_Data_Flow_Chart20260626165946494.png"
}
------------------------------
Name: Dnoc Read Latency Histogram
Description: histogram of dnoc read latency
Value: {
    "data": {
        "0-255": 603.0,
        "256-511": 4.0,
        "512-1k": 71.0,
        "1k-2k": 432.0,
        "2k-": 0.0
    },
    "filename": "/home/ailab/maca-vendor-workspace/maca_c_opt/workspace/head_compute_mix_bwd_run/profile-artifacts/head_compute_mix_bwd_v0_baseline/mcprofiler_raw_baseline/Dnoc_Read_Latency_Histogram20260626165946689.png"
}
------------------------------
Name: VL1 partition stall cycles layout
Description: VL1 partition access stall cycles layout
Value: {
    "data": {
        "pt0": 0.0,
        "pt1": 0.0,
        "pt2": 0.0,
        "pt3": 0.0
    },
    "filename": "/home/ailab/maca-vendor-workspace/maca_c_opt/workspace/head_compute_mix_bwd_run/profile-artifacts/head_compute_mix_bwd_v0_baseline/mcprofiler_raw_baseline/VL1_partition_stall_cycles_layout20260626165946782.png"
}
##############################
Sub-module: Workgroup Memory
------------------------------
Name: load instructions
Description: number of total workgroup memory load instructions
Value: 2,368.0
------------------------------
Name: store instructions
Description: number of total workgroup memory write instructions
Value: 1,936.0
------------------------------
Name: atomic instructions
Description: number of total workgroup memory atomic instructions
Value: 0.0
------------------------------
Name: total instructions
Description: number of total workgroup memory instructions
Value: 4,304.0
------------------------------
Name: average latency per load instruction
Description: average latency per WG-load from issue to mem-ops done
Value: 34.60
------------------------------
Name: average latency per store instruction
Description: average latency per WG-store from issue to memops done
Value: 29.92
------------------------------
Name: average latency per atomic instruction
Description: average latency per WG-atom from issue to memops done
Value: 0
------------------------------
Name: average latency of all stages per instruction
Description: average latency of all WG-inst from issue to memops done
Value: 36.95
------------------------------
Name: average cycles per load instruction
Description: average cycles per WG-load when issuing (with bank conflict)
Value: 2.02
------------------------------
Name: average cycles per store instruction
Description: average cycles per WG-store when issuing (with bank conflict)
Value: 2.0
------------------------------
Name: average cycles per atomic instruction
Description: average cycles per WG-atom when issuing (with bank conflict)
Value: 0
------------------------------
Name: average conflict cycles per instruction
Description: average conflict cycles per WG-inst when bank conflict happens
Value: 0.01
------------------------------
Name: average cycles per instruction
Description: average cycles per WG-inst when issuing (with bank conflict)
Value: 2.01
------------------------------
Name: shared memory access efficiency
Description: Proportion of NON-CONFLICT access
Value: 99.45%
##############################
Sub-module: Occupancy
------------------------------
Name: Achieved waves
Description: number of achieved waves
Value: 284.0
------------------------------
Name: Dispatched waves
Description: number of dispatched waves
Value: 284.0
##############################
Sub-module: GPU Throughput Statistics
------------------------------
Name: AP active cycles
Description: number of wave instruction cycles executed on the AP
Value: 546,808.0
------------------------------
Name: AP MTE Duty ratio
Description: MTE Duty ratio relative to AP active
Value: 11.99%
------------------------------
Name: AP STE Duty ratio
Description: STE Duty ratio relative to AP active
Value: 5.76%
------------------------------
Name: AP MMA Duty ratio
Description: MMA Duty ratio relative to AP active
Value: 0.0%
------------------------------
Name: VLS Duty ratio
Description: VLS Duty ratio relative to AP active
Value: 0.0%
------------------------------
Name: L2C Duty ratio
Description: L2C Duty ratio relative to L2C active
Value: 0.00%
##############################
Sub-module: Compute workload
------------------------------
Name: instruction per cycle
Description: The number of instructions per busy cycle across all sub-unit instances
Value: 8.85
------------------------------
Name: instruction throughput
Description: The percent of achieved instructions and theoretical instructions during all busy cycles 
Value: 0.09
------------------------------
Name: instruction throughput efficiency
Description: The percentage of the maximum instruction throughput achieved during all busy cycles 
Value: 2.13%
##############################
Sub-module: Instruction Statistics
------------------------------
Name: instruction number
Description: The total number of instructions
Value: 139,155.0
------------------------------
Name: instructions per AP
Description: The number of instructions per PEU
Value: 1,338.03
##############################
Sub-module: Internal
------------------------------
Name: RoofLine
Description: 
Value: {
    "processed_data": {
        "all_ops": 3980160.0,
        "all_memacs": 519104.0,
        "during": 15720.0,
        "block_num": 104,
        "vl1_memacs": 164184.0,
        "l2c_memacs": 76800.0
    },
    "data": {
        "all_ops": 3980160.0,
        "all_memacs": 519104.0,
        "block_num": 104,
        "during": 15720.0,
        "core_clk": 1.125,
        "MAX_Flops_base": 0.117,
        "case_flops": 0.28483969465648856,
        "MAX_Bandwith": 1843.2,
        "MAX_I": 260.0,
        "case_I": 7.66736530637406,
        "case_bandwith": 37.149618320610685,
        "case_VL1_I": 24.24206987282561,
        "case_L2C_I": 51.825,
        "mc_clk": 0.9
    },
    "filename": "/home/ailab/maca-vendor-workspace/maca_c_opt/workspace/head_compute_mix_bwd_run/profile-artifacts/head_compute_mix_bwd_v0_baseline/mcprofiler_raw_baseline/RoofLine20260626165946997.png"
}
2026-06-26 16:59:47,537 DEBUG PIL.PngImagePlugin: STREAM b'IHDR' 16 13
2026-06-26 16:59:47,537 DEBUG PIL.PngImagePlugin: STREAM b'tEXt' 41 57
2026-06-26 16:59:47,537 DEBUG PIL.PngImagePlugin: STREAM b'pHYs' 110 9
2026-06-26 16:59:47,537 DEBUG PIL.PngImagePlugin: STREAM b'IDAT' 131 33509
2026-06-26 16:59:47,587 DEBUG PIL.PngImagePlugin: STREAM b'IHDR' 16 13
2026-06-26 16:59:47,587 DEBUG PIL.PngImagePlugin: STREAM b'tEXt' 41 57
2026-06-26 16:59:47,587 DEBUG PIL.PngImagePlugin: STREAM b'pHYs' 110 9
2026-06-26 16:59:47,587 DEBUG PIL.PngImagePlugin: STREAM b'IDAT' 131 55717
2026-06-26 16:59:47,647 DEBUG PIL.PngImagePlugin: STREAM b'IHDR' 16 13
2026-06-26 16:59:47,647 DEBUG PIL.PngImagePlugin: STREAM b'tEXt' 41 57
2026-06-26 16:59:47,647 DEBUG PIL.PngImagePlugin: STREAM b'pHYs' 110 9
2026-06-26 16:59:47,647 DEBUG PIL.PngImagePlugin: STREAM b'IDAT' 131 37490
2026-06-26 16:59:47,699 DEBUG PIL.PngImagePlugin: STREAM b'IHDR' 16 13
2026-06-26 16:59:47,699 DEBUG PIL.PngImagePlugin: STREAM b'tEXt' 41 57
2026-06-26 16:59:47,699 DEBUG PIL.PngImagePlugin: STREAM b'pHYs' 110 9
2026-06-26 16:59:47,699 DEBUG PIL.PngImagePlugin: STREAM b'IDAT' 131 28094
2026-06-26 16:59:47,754 DEBUG PIL.PngImagePlugin: STREAM b'IHDR' 16 13
2026-06-26 16:59:47,755 DEBUG PIL.PngImagePlugin: STREAM b'tEXt' 41 57
2026-06-26 16:59:47,755 DEBUG PIL.PngImagePlugin: STREAM b'pHYs' 110 9
2026-06-26 16:59:47,755 DEBUG PIL.PngImagePlugin: STREAM b'IDAT' 131 57846
2026-06-26 16:59:47,814 DEBUG PIL.PngImagePlugin: STREAM b'IHDR' 16 13
2026-06-26 16:59:47,814 DEBUG PIL.PngImagePlugin: STREAM b'tEXt' 41 57
2026-06-26 16:59:47,814 DEBUG PIL.PngImagePlugin: STREAM b'pHYs' 110 9
2026-06-26 16:59:47,814 DEBUG PIL.PngImagePlugin: STREAM b'IDAT' 131 21967
2026-06-26 16:59:47,864 DEBUG PIL.PngImagePlugin: STREAM b'IHDR' 16 13
2026-06-26 16:59:47,864 DEBUG PIL.PngImagePlugin: STREAM b'tEXt' 41 57
2026-06-26 16:59:47,864 DEBUG PIL.PngImagePlugin: STREAM b'pHYs' 110 9
2026-06-26 16:59:47,864 DEBUG PIL.PngImagePlugin: STREAM b'IDAT' 131 10280
2026-06-26 16:59:47,908 DEBUG PIL.PngImagePlugin: STREAM b'IHDR' 16 13
2026-06-26 16:59:47,908 DEBUG PIL.PngImagePlugin: STREAM b'tEXt' 41 57
2026-06-26 16:59:47,908 DEBUG PIL.PngImagePlugin: STREAM b'pHYs' 110 9
2026-06-26 16:59:47,908 DEBUG PIL.PngImagePlugin: STREAM b'IDAT' 131 65536
2026-06-26 16:59:48,107 INFO phttp.server_backend: complete task cbc5b9a4-a672-48e2-a8ee-fcae5e264ab0
2026-06-26 16:59:50,824 DEBUG urllib3.connectionpool: Starting new HTTP connection (1): 127.0.0.1:50123
2026-06-26 16:59:50,828 INFO werkzeug: 127.0.0.1 - - [26/Jun/2026 16:59:50] "GET /perf_progress?exec_id=cbc5b9a4-a672-48e2-a8ee-fcae5e264ab0 HTTP/1.1" 200 -
2026-06-26 16:59:50,829 DEBUG urllib3.connectionpool: http://127.0.0.1:50123 "GET /perf_progress?exec_id=cbc5b9a4-a672-48e2-a8ee-fcae5e264ab0 HTTP/1.1" 200 9960
2026-06-26 16:59:55,836 DEBUG urllib3.connectionpool: Starting new HTTP connection (1): 127.0.0.1:50123
2026-06-26 16:59:55,839 INFO werkzeug: 127.0.0.1 - - [26/Jun/2026 16:59:55] "GET /perf_progress?exec_id=cbc5b9a4-a672-48e2-a8ee-fcae5e264ab0 HTTP/1.1" 200 -
2026-06-26 16:59:55,840 DEBUG urllib3.connectionpool: http://127.0.0.1:50123 "GET /perf_progress?exec_id=cbc5b9a4-a672-48e2-a8ee-fcae5e264ab0 HTTP/1.1" 200 9960
2026-06-26 17:00:00,844 DEBUG urllib3.connectionpool: Starting new HTTP connection (1): 127.0.0.1:50123
2026-06-26 17:00:00,848 INFO werkzeug: 127.0.0.1 - - [26/Jun/2026 17:00:00] "GET /perf_progress?exec_id=cbc5b9a4-a672-48e2-a8ee-fcae5e264ab0 HTTP/1.1" 200 -
2026-06-26 17:00:00,849 DEBUG urllib3.connectionpool: http://127.0.0.1:50123 "GET /perf_progress?exec_id=cbc5b9a4-a672-48e2-a8ee-fcae5e264ab0 HTTP/1.1" 200 9955
2026-06-26 17:00:08,859 DEBUG urllib3.connectionpool: Starting new HTTP connection (1): 127.0.0.1:50123
2026-06-26 17:00:08,860 ERROR phttp.http_server: remove .pkey failed
2026-06-26 17:00:08,860 INFO werkzeug: 127.0.0.1 - - [26/Jun/2026 17:00:08] "GET /stop HTTP/1.1" 200 -
2026-06-26 17:00:08,861 DEBUG urllib3.connectionpool: http://127.0.0.1:50123 "GET /stop HTTP/1.1" 200 29
2026-06-26 17:00:16,704 DEBUG matplotlib: (private) matplotlib data path: /tmp/_MEIuzV4lk/matplotlib/mpl-data
2026-06-26 17:00:16,704 DEBUG matplotlib: matplotlib data path: /tmp/_MEIuzV4lk/matplotlib/mpl-data
2026-06-26 17:00:16,708 DEBUG matplotlib: CONFIGDIR=/tmp/tmpcznfnky9
2026-06-26 17:00:16,709 DEBUG matplotlib: matplotlib version 3.3.4
2026-06-26 17:00:16,709 DEBUG matplotlib: interactive is False
2026-06-26 17:00:16,710 DEBUG matplotlib: platform is linux
2026-06-26 17:00:16,710 DEBUG matplotlib: loaded modules: ['builtins', 'sys', '_frozen_importlib', '_imp', '_warnings', '_thread', '_weakref', '_frozen_importlib_external', '_io', 'marshal', 'posix', 'zipimport', 'encodings', 'codecs', '_codecs', 'encodings.aliases', 'encodings.ascii', '_signal', '__main__', 'encodings.utf_8', 'encodings.latin_1', 'io', 'abc', '_weakrefset', '_bootlocale', '_locale', 'struct', '_struct', 'pyimod01_os_path', 'pyimod02_archive', 'zlib', 'pyimod03_importers', 'pyimod04_ctypes', 'os', 'errno', 'stat', '_stat', 'posixpath', 'genericpath', 'os.path', '_collections_abc', 'ctypes', '_ctypes', 'ctypes._endian', 'pkgutil', 'collections', 'operator', '_operator', 'keyword', 'heapq', '_heapq', 'itertools', 'reprlib', '_collections', 'functools', '_functools', 'types', 'collections.abc', 'weakref', 'importlib', 'importlib._bootstrap', 'importlib._bootstrap_external', 'warnings', 'importlib.util', 'importlib.abc', 'importlib.machinery', 'contextlib', 'inspect', 'ast', '_ast', 'dis', 'opcode', '_opcode', 'enum', 'linecache', 'tokenize', 're', 'sre_compile', '_sre', 'sre_parse', 'sre_constants', 'copyreg', 'token', 'pathlib', 'fnmatch', 'ntpath', 'urllib', 'urllib.parse', 'pkg_resources', 'time', 'zipfile', 'shutil', 'bz2', '_compression', 'threading', 'traceback', '_bz2', 'lzma', '_lzma', 'pwd', 'grp', 'binascii', 'platform', 'subprocess', 'signal', '_posixsubprocess', 'select', 'selectors', 'math', 'plistlib', 'datetime', '_datetime', 'xml', 'xml.parsers', 'xml.parsers.expat', 'pyexpat.errors', 'pyexpat.model', 'pyexpat', 'xml.parsers.expat.model', 'xml.parsers.expat.errors', 'email', 'email.parser', 'email.feedparser', 'email.errors', 'email._policybase', 'email.header', 'email.quoprimime', 'string', '_string', 'email.base64mime', 'base64', 'email.charset', 'email.encoders', 'quopri', 'email.utils', 'random', 'hashlib', '_hashlib', '_blake2', '_sha3', 'bisect', '_bisect', '_random', 'socket', '_socket', 'email._parseaddr', 'calendar', 'locale', 'tempfile', 'textwrap', 'pkg_resources.extern', 'pkg_resources._vendor', 'pkg_resources._vendor.appdirs', 'pkg_resources.extern.appdirs', 'pkg_resources._vendor.packaging', 'pkg_resources._vendor.packaging.__about__', 'pkg_resources.extern.packaging', 'pkg_resources.extern.packaging.version', 'typing', 'typing.io', 'typing.re', 'pkg_resources.extern.packaging._structures', 'pkg_resources.extern.packaging.specifiers', 'pkg_resources.extern.packaging.utils', 'pkg_resources.extern.packaging.tags', 'logging', 'atexit', 'sysconfig', 'pkg_resources._vendor.packaging._manylinux', 'pkg_resources._vendor.packaging._musllinux', 'pkg_resources.extern.packaging.requirements', 'pkg_resources._vendor.pyparsing', 'copy', 'pprint', 'pkg_resources.extern.pyparsing', 'pkg_resources.extern.packaging.markers', 'multiprocessing', 'multiprocessing.context', 'multiprocessing.process', 'multiprocessing.reduction', 'pickle', '_compat_pickle', '_pickle', 'array', '__mp_main__', 'multiprocessing.spawn', 'runpy', 'multiprocessing.util', 'multiprocessing.popen_fork', 'multiprocessing.popen_spawn_posix', 'concurrent', 'concurrent.futures', 'concurrent.futures._base', 'concurrent.futures.process', 'queue', 'multiprocessing.connection', '_multiprocessing', 'concurrent.futures.thread', 'argparse', 'gettext', 'common', 'common.api_common', 'json', 'json.decoder', 'json.scanner', '_json', 'json.encoder', 'paramiko', 'paramiko._version', 'paramiko.transport', 'cryptography', 'cryptography.__about__', 'cryptography.utils', 'cryptography.hazmat', 'cryptography.hazmat.backends', 'cryptography.hazmat.primitives', 'cryptography.hazmat.primitives.ciphers', 'cryptography.hazmat.primitives._cipheralgorithm', 'cryptography.hazmat.primitives.ciphers.base', 'cryptography.exceptions', 'cryptography.hazmat.primitives.ciphers.modes', 'cryptography.hazmat.primitives.ciphers.algorithms', 'paramiko.util', 'paramiko.common', 'paramiko.config', 'getpass', 'termios', 'shlex', 'paramiko.ssh_exception', 'paramiko.auth_handler', 'paramiko.message', 'paramiko.server', 'paramiko.ssh_gss', 'paramiko.channel', 'paramiko.file', 'paramiko.buffered_pipe', 'paramiko.pipe', 'paramiko.compress', 'paramiko.dsskey', 'cryptography.hazmat.primitives.hashes', 'cryptography.hazmat.primitives.serialization', 'cryptography.hazmat.primitives._serialization', 'cryptography.hazmat.primitives.serialization.base', 'cryptography.hazmat.primitives.asymmetric', 'cryptography.hazmat.primitives.asymmetric.dh', 'cryptography.hazmat.primitives.asymmetric.types', 'cryptography.hazmat.primitives.asymmetric.dsa', 'cryptography.hazmat.primitives.asymmetric.utils', 'cryptography.hazmat.bindings', '_cffi_backend', '_openssl.lib', '_openssl', 'cryptography.hazmat.bindings._rust', 'cryptography.hazmat.primitives.asymmetric.ec', 'cryptography.hazmat._oid', 'cryptography.hazmat.primitives.asymmetric.ed448', 'cryptography.hazmat.primitives.asymmetric.ed25519', 'cryptography.hazmat.primitives.asymmetric.rsa', 'cryptography.hazmat.primitives._asymmetric', 'cryptography.hazmat.primitives.asymmetric.x448', 'cryptography.hazmat.primitives.asymmetric.x25519', 'cryptography.hazmat.primitives.serialization.ssh', 'cryptography.hazmat.primitives.asymmetric.padding', 'bcrypt', '__future__', 'hmac', 'bcrypt.__about__', 'bcrypt._bcrypt', 'paramiko.ber', 'paramiko.sftp', 'paramiko.pkey', 'paramiko.ed25519key', 'nacl', 'nacl.signing', 'nacl.bindings', 'nacl.bindings.crypto_aead', 'nacl.exceptions', '_sodium.lib', '_sodium', 'nacl._sodium', 'nacl.bindings.crypto_box', 'nacl.bindings.crypto_core', 'nacl.bindings.crypto_generichash', 'nacl.bindings.crypto_hash', 'nacl.bindings.crypto_kx', 'nacl.bindings.crypto_pwhash', 'nacl.bindings.crypto_scalarmult', 'nacl.bindings.crypto_secretbox', 'nacl.bindings.crypto_secretstream', 'nacl.bindings.crypto_shorthash', 'nacl.bindings.crypto_sign', 'nacl.bindings.randombytes', 'nacl.bindings.sodium_core', 'nacl.bindings.utils', 'nacl.encoding', 'nacl.public', 'nacl.utils', 'paramiko.kex_curve25519', 'cryptography.hazmat.primitives.constant_time', 'paramiko.kex_gex', 'paramiko.kex_group1', 'paramiko.kex_group14', 'paramiko.kex_group16', 'paramiko.kex_ecdh_nist', 'paramiko.kex_gss', 'paramiko.packet', 'paramiko.primes', 'paramiko.rsakey', 'paramiko.ecdsakey', 'paramiko.sftp_client', 'paramiko.sftp_attr', 'paramiko.sftp_file', 'cryptography.hazmat.backends.openssl', 'cryptography.hazmat.backends.openssl.backend', 'cryptography.x509', 'cryptography.x509.certificate_transparency', 'cryptography.x509.base', 'cryptography.x509.extensions', 'ipaddress', 'cryptography.x509.general_name', 'cryptography.x509.name', 'cryptography.x509.oid', 'cryptography.hazmat.backends.openssl.aead', 'cryptography.hazmat.backends.openssl.ciphers', 'cryptography.hazmat.backends.openssl.cmac', 'cryptography.hazmat.backends.openssl.dh', 'cryptography.hazmat.backends.openssl.dsa', 'cryptography.hazmat.backends.openssl.utils', 'cryptography.hazmat.backends.openssl.ec', 'cryptography.hazmat.backends.openssl.ed448', 'cryptography.hazmat.backends.openssl.ed25519', 'cryptography.hazmat.backends.openssl.hashes', 'cryptography.hazmat.backends.openssl.hmac', 'cryptography.hazmat.backends.openssl.poly1305', 'cryptography.hazmat.backends.openssl.rsa', 'cryptography.hazmat.backends.openssl.x448', 'cryptography.hazmat.bindings.openssl', 'cryptography.hazmat.bindings.openssl.binding', 'cryptography.hazmat.bindings.openssl._conditional', 'cryptography.hazmat.primitives.kdf', 'cryptography.hazmat.primitives.kdf.scrypt', 'cryptography.hazmat.primitives.serialization.pkcs12', 'paramiko.client', 'paramiko.agent', 'paramiko.hostkeys', 'paramiko.auth_strategy', 'paramiko.sftp_server', 'paramiko.sftp_si', 'paramiko.sftp_handle', 'paramiko.proxy', 'sshtunnel', 'socketserver', 'utils', 'utils.exceptions', 'utils.logging', 'utils.complier', 'utils.rawdata_elements', 'common.pc_piechart', 'matplotlib', 'distutils', 'distutils.version', 'matplotlib.cbook', 'gzip', 'numpy', 'numpy._globals', 'numpy.__config__', 'numpy.version', 'numpy._distributor_init', 'numpy.core', 'numpy.core.multiarray', 'numpy.core.overrides', 'numpy.core._multiarray_umath', 'numpy.compat', 'numpy.compat._inspect', 'numpy.compat.py3k', 'numpy.core.umath', 'numpy.core.numerictypes', 'numbers', 'numpy.core._string_helpers', 'numpy.core._type_aliases', 'numpy.core._dtype', 'numpy.core.numeric', 'numpy.core.shape_base', 'numpy.core._asarray', 'numpy.core.fromnumeric', 'numpy.core._methods', 'numpy.core._exceptions', 'numpy.core._ufunc_config', 'numpy.core.arrayprint', 'numpy.core.defchararray', 'numpy.core.records', 'numpy.core.memmap', 'numpy.core.function_base', 'numpy.core.machar', 'numpy.core.getlimits', 'numpy.core.einsumfunc', 'numpy.core._add_newdocs', 'numpy.core._multiarray_tests', 'numpy.core._dtype_ctypes', 'numpy.core._internal', 'numpy._pytesttester', 'numpy.lib', 'numpy.lib.mixins', 'numpy.lib.scimath', 'numpy.lib.type_check', 'numpy.lib.ufunclike', 'numpy.lib.index_tricks', 'numpy.matrixlib', 'numpy.matrixlib.defmatrix', 'numpy.linalg', 'numpy.linalg.linalg', 'numpy.lib.twodim_base', 'numpy.linalg.lapack_lite', 'numpy.linalg._umath_linalg', 'numpy.lib.function_base', 'numpy.lib.histograms', 'numpy.lib.stride_tricks', 'numpy.lib.nanfunctions', 'numpy.lib.shape_base', 'numpy.lib.polynomial', 'numpy.lib.utils', 'numpy.lib.arraysetops', 'numpy.lib.npyio', 'numpy.lib.format', 'numpy.lib._datasource', 'numpy.lib._iotools', 'numpy.lib.financial', 'decimal', '_decimal', 'numpy.lib.arrayterator', 'numpy.lib.arraypad', 'numpy.lib._version', 'numpy.fft', 'numpy.fft._pocketfft', 'numpy.fft._pocketfft_internal', 'numpy.fft.helper', 'numpy.polynomial', 'numpy.polynomial.polynomial', 'numpy.polynomial.polyutils', 'numpy.polynomial._polybase', 'numpy.polynomial.chebyshev', 'numpy.polynomial.legendre', 'numpy.polynomial.hermite', 'numpy.polynomial.hermite_e', 'numpy.polynomial.laguerre', 'numpy.random', 'numpy.random._pickle', 'numpy.random.mtrand', 'cython_runtime', 'numpy.random.bit_generator', '_cython_0_29_21', 'numpy.random._common', 'secrets', 'numpy.random._bounded_integers', 'numpy.random._mt19937', 'numpy.random._philox', 'numpy.random._pcg64', 'numpy.random._sfc64', 'numpy.random._generator', 'numpy.ctypeslib', 'numpy.ma', 'numpy.ma.core', 'numpy.ma.extras', 'numpy.testing', 'unittest', 'unittest.result', 'unittest.util', 'unittest.case', 'difflib', 'unittest.suite', 'unittest.loader', 'unittest.main', 'unittest.runner', 'unittest.signals', 'numpy.testing._private', 'numpy.testing._private.utils', 'gc', 'numpy.testing._private.decorators', 'numpy.testing._private.nosetester', 'matplotlib.cbook.deprecation', 'matplotlib.rcsetup', 'matplotlib.animation', 'uuid', 'ctypes.util', 'matplotlib._animation_data', 'matplotlib.fontconfig_pattern', 'pyparsing', 'pyparsing.util', 'pyparsing.exceptions', 'pyparsing.unicode', 'pyparsing.actions', 'pyparsing.core', 'pyparsing.results', 'pyparsing.helpers', 'html', 'html.entities', 'pyparsing.testing', 'pyparsing.common', 'matplotlib.colors', 'matplotlib.docstring', 'matplotlib._color_data', 'cycler', 'matplotlib._version', 'matplotlib.ft2font', 'dateutil', 'dateutil._version', 'kiwisolver']
2026-06-26 17:00:16,744 DEBUG matplotlib: CACHEDIR=/tmp/tmpcznfnky9
2026-06-26 17:00:16,744 INFO matplotlib.font_manager: Generating new fontManager, this may take some time...
2026-06-26 17:00:16,744 DEBUG matplotlib.font_manager: font search path [PosixPath('/tmp/_MEIuzV4lk/matplotlib/mpl-data/fonts/ttf'), PosixPath('/tmp/_MEIuzV4lk/matplotlib/mpl-data/fonts/afm'), PosixPath('/tmp/_MEIuzV4lk/matplotlib/mpl-data/fonts/pdfcorefonts')]
2026-06-26 17:00:17,031 DEBUG matplotlib.pyplot: Loaded backend agg version unknown.
2026-06-26 17:00:17,931 DEBUG urllib3.connectionpool: Starting new HTTP connection (1): 127.0.0.1:50123
2026-06-26 17:00:17,931 INFO common.api_common: load json file /opt/mcProfiler-linux/config/workgroup_memory.pcd error, so try to decrypt: Expecting value: line 1 column 1 (char 0)
2026-06-26 17:00:17,933 INFO common.api_common: load json file /opt/mcProfiler-linux/config/summary.pcd error, so try to decrypt: Expecting value: line 1 column 1 (char 0)
2026-06-26 17:00:17,933 INFO common.api_common: load json file /opt/mcProfiler-linux/config/occupancy.pcd error, so try to decrypt: Expecting value: line 1 column 1 (char 0)
2026-06-26 17:00:17,933 INFO common.api_common: load json file /opt/mcProfiler-linux/config/memory_statistics.pcd error, so try to decrypt: Expecting value: line 1 column 1 (char 0)
2026-06-26 17:00:17,934 INFO common.api_common: load json file /opt/mcProfiler-linux/config/isu_statistics.pcd error, so try to decrypt: Expecting value: line 1 column 1 (char 0)
2026-06-26 17:00:17,935 INFO common.api_common: load json file /opt/mcProfiler-linux/config/internal.pcd error, so try to decrypt: Expecting value: line 1 column 1 (char 0)
2026-06-26 17:00:17,935 INFO common.api_common: load json file /opt/mcProfiler-linux/config/instruction_statistics.pcd error, so try to decrypt: Expecting value: line 1 column 1 (char 0)
2026-06-26 17:00:17,935 INFO common.api_common: load json file /opt/mcProfiler-linux/config/gpu_throughput_statistics.pcd error, so try to decrypt: Expecting value: line 1 column 1 (char 0)
2026-06-26 17:00:17,935 INFO common.api_common: load json file /opt/mcProfiler-linux/config/compute_workload.pcd error, so try to decrypt: Expecting value: line 1 column 1 (char 0)
2026-06-26 17:00:17,936 INFO common.api_common: load json file /opt/mcProfiler-linux/config/ce_statistics.pcd error, so try to decrypt: Expecting value: line 1 column 1 (char 0)
2026-06-26 17:00:17,943 INFO werkzeug:  * Running on http://127.0.0.1:50123/ (Press CTRL+C to quit)
2026-06-26 17:00:18,434 DEBUG urllib3.connectionpool: Starting new HTTP connection (1): 127.0.0.1:50123
2026-06-26 17:00:18,437 INFO werkzeug: 127.0.0.1 - - [26/Jun/2026 17:00:18] "GET / HTTP/1.1" 200 -
2026-06-26 17:00:18,438 DEBUG urllib3.connectionpool: http://127.0.0.1:50123 "GET / HTTP/1.1" 200 29
2026-06-26 17:00:18,439 DEBUG urllib3.connectionpool: Starting new HTTP connection (1): 127.0.0.1:50123
2026-06-26 17:00:18,440 INFO werkzeug: 127.0.0.1 - - [26/Jun/2026 17:00:18] "GET /show_metrics HTTP/1.1" 200 -
2026-06-26 17:00:18,441 DEBUG urllib3.connectionpool: http://127.0.0.1:50123 "GET /show_metrics HTTP/1.1" 200 1989
2026-06-26 17:00:18,442 DEBUG urllib3.connectionpool: Starting new HTTP connection (1): 127.0.0.1:50123
2026-06-26 17:00:18,456 INFO phttp.http_server: start a new perf exec thread
2026-06-26 17:00:18,457 INFO phttp.server_backend: start perf_exec
2026-06-26 17:00:18,457 INFO phttp.http_server: new exec f7a42721-7329-4f0e-81f3-0189b394263f:('export MACA_PATH=/opt/maca/; export LD_LIBRARY_PATH=/opt/maca/lib/:${LD_LIBRARY_PATH}; ./test_maca 0 1 2', 'head_compute_mix_bwd_v0_baseline', ['WORKGROUPS', 'WAVES', 'Average Wave life cycles', 'instruction per cycle', 'instruction throughput', 'instruction throughput efficiency', 'AP active cycles', 'AP MTE Duty ratio', 'AP STE Duty ratio', 'AP MMA Duty ratio', 'VLS Duty ratio', 'L2C Duty ratio', 'Compute Instructions Cycles Rate', 'DPC Computing cycles comparison', 'Instructions Comparison', 'ISU stall cycles layout', 'instruction number', 'instructions per AP', 'RoofLine', 'Global Read Instructions', 'Global Write Instructions', 'Global Atomic Instructions', 'Private Read Instructions', 'Private Write Instructions', 'Constant Read Instructions', 'Constant Read SL1 Instructions', 'Constant Read L2 Instructions', 'Constant SL1 Hit Rate', 'VL1 Read Instructions', 'VL1 Write Instructions', 'VL1 Atomic Instructions', 'VL1 Hit Rate', 'L2C Read Instructions', 'L2C Write Instructions', 'L2C Atomic Instructions', 'L2C Hit Rate', 'Total Atomic Instructions', 'Dnoc Read Req', 'Dnoc Write Req', 'Global Memory Read bytes', 'Global Memory Write bytes', 'Memory Data Flow Chart', 'Dnoc Read Average Latency', 'Dnoc Read Latency Histogram', 'VL1 partition stall cycles layout', 'Achieved waves', 'Dispatched waves', 'Total Instructions', 'Compute Instructions', 'Memory Instructions', 'Total Cycles', 'Memory Access per Second', 'Average AP busy cycles', 'AP busy Duty', 'Compute Instructions busy Duty', 'load instructions', 'store instructions', 'atomic instructions', 'total instructions', 'average latency per load instruction', 'average latency per store instruction', 'average latency per atomic instruction', 'average latency of all stages per instruction', 'average cycles per load instruction', 'average cycles per store instruction', 'average cycles per atomic instruction', 'average conflict cycles per instruction', 'average cycles per instruction', 'shared memory access efficiency'])
2026-06-26 17:00:18,458 INFO common.api_common: ret_code cmdline_str: env
2026-06-26 17:00:18,460 INFO werkzeug: 127.0.0.1 - - [26/Jun/2026 17:00:18] "POST /perf_exec HTTP/1.1" 200 -
2026-06-26 17:00:18,460 DEBUG urllib3.connectionpool: http://127.0.0.1:50123 "POST /perf_exec HTTP/1.1" 200 51
2026-06-26 17:00:18,470 INFO common.api_common: ret_code cmdline_str: ls /sys/devices/virtual/mxcd/
2026-06-26 17:00:18,476 INFO common.api_common: ret_code cmdline_str: ls /sys/devices/virtual/mxcd/mxcd/layout/nodes/
2026-06-26 17:00:18,482 INFO phttp.server_backend: get_device_info.layout nodes: ['0', '1', '2', '3', '4', '5', '6', '7', '8', '9']
2026-06-26 17:00:18,482 INFO common.api_common: ret_code cmdline_str: cat /sys/devices/virtual/mxcd/mxcd/layout/nodes//0/gpu_id
2026-06-26 17:00:18,487 INFO phttp.server_backend: get_device_info.node 0 gpu_id 0
2026-06-26 17:00:18,487 INFO common.api_common: ret_code cmdline_str: cat /sys/devices/virtual/mxcd/mxcd/layout/nodes//1/gpu_id
2026-06-26 17:00:18,492 INFO phttp.server_backend: get_device_info.node 1 gpu_id 0
2026-06-26 17:00:18,493 INFO common.api_common: ret_code cmdline_str: cat /sys/devices/virtual/mxcd/mxcd/layout/nodes//2/gpu_id
2026-06-26 17:00:18,498 INFO phttp.server_backend: get_device_info.node 2 gpu_id 64198
2026-06-26 17:00:18,498 INFO phttp.server_backend: get_device_info.using node id 2
2026-06-26 17:00:18,498 INFO common.api_common: ret_code cmdline_str: cat /sys/devices/virtual/mxcd/mxcd/layout/nodes//3/gpu_id
2026-06-26 17:00:18,503 INFO phttp.server_backend: get_device_info.node 3 gpu_id 27143
2026-06-26 17:00:18,503 INFO phttp.server_backend: get_device_info.using node id 3
2026-06-26 17:00:18,503 INFO common.api_common: ret_code cmdline_str: cat /sys/devices/virtual/mxcd/mxcd/layout/nodes//4/gpu_id
2026-06-26 17:00:18,508 INFO phttp.server_backend: get_device_info.node 4 gpu_id 22597
2026-06-26 17:00:18,508 INFO phttp.server_backend: get_device_info.using node id 4
2026-06-26 17:00:18,508 INFO common.api_common: ret_code cmdline_str: cat /sys/devices/virtual/mxcd/mxcd/layout/nodes//5/gpu_id
2026-06-26 17:00:18,513 INFO phttp.server_backend: get_device_info.node 5 gpu_id 24589
2026-06-26 17:00:18,513 INFO phttp.server_backend: get_device_info.using node id 5
2026-06-26 17:00:18,513 INFO common.api_common: ret_code cmdline_str: cat /sys/devices/virtual/mxcd/mxcd/layout/nodes//6/gpu_id
2026-06-26 17:00:18,518 INFO phttp.server_backend: get_device_info.node 6 gpu_id 18772
2026-06-26 17:00:18,518 INFO phttp.server_backend: get_device_info.using node id 6
2026-06-26 17:00:18,518 INFO common.api_common: ret_code cmdline_str: cat /sys/devices/virtual/mxcd/mxcd/layout/nodes//7/gpu_id
2026-06-26 17:00:18,523 INFO phttp.server_backend: get_device_info.node 7 gpu_id 61138
2026-06-26 17:00:18,523 INFO phttp.server_backend: get_device_info.using node id 7
2026-06-26 17:00:18,523 INFO common.api_common: ret_code cmdline_str: cat /sys/devices/virtual/mxcd/mxcd/layout/nodes//8/gpu_id
2026-06-26 17:00:18,528 INFO phttp.server_backend: get_device_info.node 8 gpu_id 8082
2026-06-26 17:00:18,528 INFO phttp.server_backend: get_device_info.using node id 8
2026-06-26 17:00:18,528 INFO common.api_common: ret_code cmdline_str: cat /sys/devices/virtual/mxcd/mxcd/layout/nodes//9/gpu_id
2026-06-26 17:00:18,533 INFO phttp.server_backend: get_device_info.node 9 gpu_id 11728
2026-06-26 17:00:18,533 INFO phttp.server_backend: get_device_info.using node id 9
2026-06-26 17:00:18,533 INFO common.api_common: ret_code cmdline_str: cat /sys/devices/virtual/mxcd/mxcd/layout/nodes//2/properties
2026-06-26 17:00:18,538 ERROR phttp.server_backend: get_device_info.parse 2 device info vbios_version 1.25.1.0 error.
2026-06-26 17:00:18,538 INFO common.api_common: ret_code cmdline_str: cat /sys/devices/virtual/mxcd/mxcd/layout/nodes//3/properties
2026-06-26 17:00:18,543 ERROR phttp.server_backend: get_device_info.parse 3 device info vbios_version 1.25.1.0 error.
2026-06-26 17:00:18,543 INFO common.api_common: ret_code cmdline_str: cat /sys/devices/virtual/mxcd/mxcd/layout/nodes//4/properties
2026-06-26 17:00:18,548 ERROR phttp.server_backend: get_device_info.parse 4 device info vbios_version 1.25.1.0 error.
2026-06-26 17:00:18,548 INFO common.api_common: ret_code cmdline_str: cat /sys/devices/virtual/mxcd/mxcd/layout/nodes//5/properties
2026-06-26 17:00:18,553 ERROR phttp.server_backend: get_device_info.parse 5 device info vbios_version 1.25.1.0 error.
2026-06-26 17:00:18,553 ERROR phttp.server_backend: get_device_info.parse 5 device info  error.
2026-06-26 17:00:18,553 INFO common.api_common: ret_code cmdline_str: cat /sys/devices/virtual/mxcd/mxcd/layout/nodes//6/properties
2026-06-26 17:00:18,558 ERROR phttp.server_backend: get_device_info.parse 6 device info vbios_version 1.25.1.0 error.
2026-06-26 17:00:18,558 ERROR phttp.server_backend: get_device_info.parse 6 device info  error.
2026-06-26 17:00:18,558 INFO common.api_common: ret_code cmdline_str: cat /sys/devices/virtual/mxcd/mxcd/layout/nodes//7/properties
2026-06-26 17:00:18,563 ERROR phttp.server_backend: get_device_info.parse 7 device info vbios_version 1.25.1.0 error.
2026-06-26 17:00:18,563 INFO common.api_common: ret_code cmdline_str: cat /sys/devices/virtual/mxcd/mxcd/layout/nodes//8/properties
2026-06-26 17:00:18,568 ERROR phttp.server_backend: get_device_info.parse 8 device info vbios_version 1.25.1.0 error.
2026-06-26 17:00:18,568 ERROR phttp.server_backend: get_device_info.parse 8 device info  error.
2026-06-26 17:00:18,568 INFO common.api_common: ret_code cmdline_str: cat /sys/devices/virtual/mxcd/mxcd/layout/nodes//9/properties
2026-06-26 17:00:18,573 ERROR phttp.server_backend: get_device_info.parse 9 device info vbios_version 1.25.1.0 error.
2026-06-26 17:00:18,573 ERROR phttp.server_backend: get_device_info.parse 9 device info  error.
2026-06-26 17:00:18,573 INFO phttp.server_backend: get_device_info.device_info: {'2': {'gpu_id': '64198', 'cpu_cores_count': 0, 'mem_banks_count': 1, 'direct_link_count': 4, 'indirect_link_count': 8, 'vendor_id': 39321, 'device_id': 16385, 'drm_render_minor': 128, 'isa_major': 10, 'isa_minor': 0, 'is_vf': 0, 'max_vf_nums': 8, 'domain': 0, 'location_id': 2048, 'num_sdma_engines': 5, 'num_sdma_queues_per_engine': 9, 'num_vpue_cores': 1, 'num_vpud_cores': 8, 'caches_count': 157, 'peu_id_base': 0, 'peu_count': 416, 'max_waves_per_peu': 8, 'wsm_size_in_kb': 64, 'wave_front_size': 64, 'dpc_count': 8, 'dpc0_ap_mask': 8191, 'dpc1_ap_mask': 73727, 'dpc2_ap_mask': 139263, 'dpc3_ap_mask': 204799, 'dpc4_ap_mask': 270335, 'dpc5_ap_mask': 344061, 'dpc6_ap_mask': 401407, 'dpc7_ap_mask': 466943, 'dpc_arrays': 1, 'ap_per_dpc': 13, 'peu_per_ap': 4, 'pri_mem_per_thread': 4, 'max_slots_private_ap': 32, 'num_ce_queues': 16, 'max_engine_clk_gpu': 1600, 'max_engine_clk_cpu': 3600, 'mgpu_id': 0, 'topology_id': 2, 'socket_id': 2, 'hbmecc': 1, 'local_mem_size': 68719476736, 'capability': 4432512, 'maxprocess': 10}, '3': {'gpu_id': '27143', 'cpu_cores_count': 0, 'mem_banks_count': 1, 'direct_link_count': 4, 'indirect_link_count': 8, 'vendor_id': 39321, 'device_id': 16385, 'drm_render_minor': 129, 'isa_major': 10, 'isa_minor': 0, 'is_vf': 0, 'max_vf_nums': 8, 'domain': 0, 'location_id': 2304, 'num_sdma_engines': 5, 'num_sdma_queues_per_engine': 9, 'num_vpue_cores': 1, 'num_vpud_cores': 8, 'caches_count': 157, 'peu_id_base': 0, 'peu_count': 416, 'max_waves_per_peu': 8, 'wsm_size_in_kb': 64, 'wave_front_size': 64, 'dpc_count': 8, 'dpc0_ap_mask': 8191, 'dpc1_ap_mask': 73727, 'dpc2_ap_mask': 139263, 'dpc3_ap_mask': 204799, 'dpc4_ap_mask': 270335, 'dpc5_ap_mask': 344062, 'dpc6_ap_mask': 401407, 'dpc7_ap_mask': 474623, 'dpc_arrays': 1, 'ap_per_dpc': 13, 'peu_per_ap': 4, 'pri_mem_per_thread': 4, 'max_slots_private_ap': 32, 'num_ce_queues': 16, 'max_engine_clk_gpu': 1600, 'max_engine_clk_cpu': 3600, 'mgpu_id': 0, 'topology_id': 2, 'socket_id': 0, 'hbmecc': 1, 'local_mem_size': 68719476736, 'capability': 4432512, 'maxprocess': 10}, '4': {'gpu_id': '22597', 'cpu_cores_count': 0, 'mem_banks_count': 1, 'direct_link_count': 4, 'indirect_link_count': 8, 'vendor_id': 39321, 'device_id': 16385, 'drm_render_minor': 130, 'isa_major': 10, 'isa_minor': 0, 'is_vf': 0, 'max_vf_nums': 8, 'domain': 0, 'location_id': 3584, 'num_sdma_engines': 5, 'num_sdma_queues_per_engine': 9, 'num_vpue_cores': 1, 'num_vpud_cores': 8, 'caches_count': 157, 'peu_id_base': 0, 'peu_count': 416, 'max_waves_per_peu': 8, 'wsm_size_in_kb': 64, 'wave_front_size': 64, 'dpc_count': 8, 'dpc0_ap_mask': 8191, 'dpc1_ap_mask': 73727, 'dpc2_ap_mask': 139263, 'dpc3_ap_mask': 204799, 'dpc4_ap_mask': 270335, 'dpc5_ap_mask': 335871, 'dpc6_ap_mask': 401407, 'dpc7_ap_mask': 466943, 'dpc_arrays': 1, 'ap_per_dpc': 13, 'peu_per_ap': 4, 'pri_mem_per_thread': 4, 'max_slots_private_ap': 32, 'num_ce_queues': 16, 'max_engine_clk_gpu': 1600, 'max_engine_clk_cpu': 3600, 'mgpu_id': 0, 'topology_id': 2, 'socket_id': 3, 'hbmecc': 1, 'local_mem_size': 68719476736, 'capability': 4432512, 'maxprocess': 10}, '5': {'gpu_id': '24589', 'cpu_cores_count': 0, 'mem_banks_count': 1, 'direct_link_count': 4, 'indirect_link_count': 8, 'vendor_id': 39321, 'device_id': 16385, 'drm_render_minor': 131, 'isa_major': 10, 'isa_minor': 0, 'is_vf': 0, 'max_vf_nums': 8, 'domain': 0, 'location_id': 4352, 'num_sdma_engines': 5, 'num_sdma_queues_per_engine': 9, 'num_vpue_cores': 1, 'num_vpud_cores': 8, 'caches_count': 157, 'peu_id_base': 0, 'peu_count': 416, 'max_waves_per_peu': 8, 'wsm_size_in_kb': 64, 'wave_front_size': 64, 'dpc_count': 8, 'dpc0_ap_mask': 8191, 'dpc1_ap_mask': 73727, 'dpc2_ap_mask': 139263, 'dpc3_ap_mask': 204799, 'dpc4_ap_mask': 270335, 'dpc5_ap_mask': 335871, 'dpc6_ap_mask': 401407, 'dpc7_ap_mask': 466943, 'dpc_arrays': 1, 'ap_per_dpc': 13, 'peu_per_ap': 4, 'pri_mem_per_thread': 4, 'max_slots_private_ap': 32, 'num_ce_queues': 16, 'max_engine_clk_gpu': 1600, 'max_engine_clk_cpu': 3600, 'mgpu_id': 0, 'topology_id': 2, 'socket_id': 1, 'hbmecc': 1, 'local_mem_size': 68719476736, 'capability': 4432512, 'maxprocess': 10}, '6': {'gpu_id': '18772', 'cpu_cores_count': 0, 'mem_banks_count': 1, 'direct_link_count': 4, 'indirect_link_count': 8, 'vendor_id': 39321, 'device_id': 16385, 'drm_render_minor': 132, 'isa_major': 10, 'isa_minor': 0, 'is_vf': 0, 'max_vf_nums': 8, 'domain': 0, 'location_id': 12800, 'num_sdma_engines': 5, 'num_sdma_queues_per_engine': 9, 'num_vpue_cores': 1, 'num_vpud_cores': 8, 'caches_count': 157, 'peu_id_base': 0, 'peu_count': 416, 'max_waves_per_peu': 8, 'wsm_size_in_kb': 64, 'wave_front_size': 64, 'dpc_count': 8, 'dpc0_ap_mask': 8191, 'dpc1_ap_mask': 73727, 'dpc2_ap_mask': 139263, 'dpc3_ap_mask': 204799, 'dpc4_ap_mask': 270335, 'dpc5_ap_mask': 335871, 'dpc6_ap_mask': 407551, 'dpc7_ap_mask': 466943, 'dpc_arrays': 1, 'ap_per_dpc': 13, 'peu_per_ap': 4, 'pri_mem_per_thread': 4, 'max_slots_private_ap': 32, 'num_ce_queues': 16, 'max_engine_clk_gpu': 1600, 'max_engine_clk_cpu': 3600, 'mgpu_id': 0, 'topology_id': 2, 'socket_id': 0, 'hbmecc': 1, 'local_mem_size': 68719476736, 'capability': 4432512, 'maxprocess': 10}, '7': {'gpu_id': '61138', 'cpu_cores_count': 0, 'mem_banks_count': 1, 'direct_link_count': 4, 'indirect_link_count': 8, 'vendor_id': 39321, 'device_id': 16385, 'drm_render_minor': 133, 'isa_major': 10, 'isa_minor': 0, 'is_vf': 0, 'max_vf_nums': 8, 'domain': 0, 'location_id': 14336, 'num_sdma_engines': 5, 'num_sdma_queues_per_engine': 9, 'num_vpue_cores': 1, 'num_vpud_cores': 8, 'caches_count': 157, 'peu_id_base': 0, 'peu_count': 416, 'max_waves_per_peu': 8, 'wsm_size_in_kb': 64, 'wave_front_size': 64, 'dpc_count': 8, 'dpc0_ap_mask': 8191, 'dpc1_ap_mask': 73727, 'dpc2_ap_mask': 139263, 'dpc3_ap_mask': 204799, 'dpc4_ap_mask': 270335, 'dpc5_ap_mask': 335871, 'dpc6_ap_mask': 401407, 'dpc7_ap_mask': 466943, 'dpc_arrays': 1, 'ap_per_dpc': 13, 'peu_per_ap': 4, 'pri_mem_per_thread': 4, 'max_slots_private_ap': 32, 'num_ce_queues': 16, 'max_engine_clk_gpu': 1600, 'max_engine_clk_cpu': 3600, 'mgpu_id': 0, 'topology_id': 2, 'socket_id': 2, 'hbmecc': 1, 'local_mem_size': 68719476736, 'capability': 4432512, 'maxprocess': 10}, '8': {'gpu_id': '8082', 'cpu_cores_count': 0, 'mem_banks_count': 1, 'direct_link_count': 4, 'indirect_link_count': 8, 'vendor_id': 39321, 'device_id': 16385, 'drm_render_minor': 134, 'isa_major': 10, 'isa_minor': 0, 'is_vf': 0, 'max_vf_nums': 8, 'domain': 0, 'location_id': 15104, 'num_sdma_engines': 5, 'num_sdma_queues_per_engine': 9, 'num_vpue_cores': 1, 'num_vpud_cores': 8, 'caches_count': 157, 'peu_id_base': 0, 'peu_count': 416, 'max_waves_per_peu': 8, 'wsm_size_in_kb': 64, 'wave_front_size': 64, 'dpc_count': 8, 'dpc0_ap_mask': 8191, 'dpc1_ap_mask': 73727, 'dpc2_ap_mask': 139263, 'dpc3_ap_mask': 204799, 'dpc4_ap_mask': 270335, 'dpc5_ap_mask': 344031, 'dpc6_ap_mask': 401407, 'dpc7_ap_mask': 466943, 'dpc_arrays': 1, 'ap_per_dpc': 13, 'peu_per_ap': 4, 'pri_mem_per_thread': 4, 'max_slots_private_ap': 32, 'num_ce_queues': 16, 'max_engine_clk_gpu': 1600, 'max_engine_clk_cpu': 3600, 'mgpu_id': 0, 'topology_id': 2, 'socket_id': 3, 'hbmecc': 1, 'local_mem_size': 68719476736, 'capability': 4432512, 'maxprocess': 10}, '9': {'gpu_id': '11728', 'cpu_cores_count': 0, 'mem_banks_count': 1, 'direct_link_count': 4, 'indirect_link_count': 8, 'vendor_id': 39321, 'device_id': 16385, 'drm_render_minor': 135, 'isa_major': 10, 'isa_minor': 0, 'is_vf': 0, 'max_vf_nums': 8, 'domain': 0, 'location_id': 15360, 'num_sdma_engines': 5, 'num_sdma_queues_per_engine': 9, 'num_vpue_cores': 1, 'num_vpud_cores': 8, 'caches_count': 157, 'peu_id_base': 0, 'peu_count': 416, 'max_waves_per_peu': 8, 'wsm_size_in_kb': 64, 'wave_front_size': 64, 'dpc_count': 8, 'dpc0_ap_mask': 8191, 'dpc1_ap_mask': 73727, 'dpc2_ap_mask': 139263, 'dpc3_ap_mask': 204799, 'dpc4_ap_mask': 270335, 'dpc5_ap_mask': 335871, 'dpc6_ap_mask': 401407, 'dpc7_ap_mask': 466943, 'dpc_arrays': 1, 'ap_per_dpc': 13, 'peu_per_ap': 4, 'pri_mem_per_thread': 4, 'max_slots_private_ap': 32, 'num_ce_queues': 16, 'max_engine_clk_gpu': 1600, 'max_engine_clk_cpu': 3600, 'mgpu_id': 0, 'topology_id': 2, 'socket_id': 1, 'hbmecc': 1, 'local_mem_size': 68719476736, 'capability': 4432512, 'maxprocess': 10}}
2026-06-26 17:00:18,574 INFO phttp.server_backend: start generate batch files
2026-06-26 17:00:18,575 INFO utils.complier: analyse  formula:[]
2026-06-26 17:00:18,575 INFO utils.complier: analyse  formula:[{'type': 'PRE_VAR', 'value': '@compute_instructions'}, {'type': 'PRE_VAR', 'value': '@memory_instructions'}]
2026-06-26 17:00:18,575 INFO utils.complier: analyse  formula:[]
2026-06-26 17:00:18,575 INFO utils.complier: analyse  formula:[]
2026-06-26 17:00:18,575 INFO utils.complier: analyse  formula:[{'type': 'PRE_VAR', 'value': '@compute_instructions'}]
2026-06-26 17:00:18,575 INFO utils.complier: analyse  formula:[]
2026-06-26 17:00:18,575 INFO utils.complier: analyse  formula:[]
2026-06-26 17:00:18,575 INFO utils.complier: analyse  formula:[{'type': 'PRE_VAR', 'value': '@memory_instructions'}]
2026-06-26 17:00:18,575 INFO utils.complier: analyse  formula:[]
2026-06-26 17:00:18,575 INFO utils.complier: analyse  formula:[{'type': 'VARIABLE', 'value': '{{CE.CE_PERF_BUSY_CYCLES}}'}]
2026-06-26 17:00:18,575 INFO utils.complier: analyse  formula:[]
2026-06-26 17:00:18,575 INFO utils.complier: analyse  formula:[]
2026-06-26 17:00:18,576 INFO utils.complier: analyse  formula:[{'type': 'VARIABLE', 'value': '{{L2C.perf_dnoc_rdreq_32B}}'}, {'type': 'VARIABLE', 'value': '{{L2C.perf_dnoc_rdreq_64B}}'}, {'type': 'VARIABLE', 'value': '{{L2C.perf_dnoc_rdreq_128B}}'}, {'type': 'VARIABLE', 'value': '{{L2C.perf_dnoc_wrreq_32B_low}}'}, {'type': 'VARIABLE', 'value': '{{L2C.perf_dnoc_wrreq_32B_high}}'}, {'type': 'VARIABLE', 'value': '{{L2C.perf_dnoc_wrreq_64B}}'}, {'type': 'VARIABLE', 'value': '{{L2C.perf_dnoc_wrreq_128B}}'}, {'type': 'VARIABLE', 'value': '{{ISU.AP_PERF_ISU_AP_BUSY}}'}]
2026-06-26 17:00:18,576 INFO utils.complier: analyse  formula:[]
2026-06-26 17:00:18,576 INFO utils.complier: analyse  formula:[]
2026-06-26 17:00:18,577 INFO utils.complier: analyse  formula:[{'type': 'VARIABLE', 'value': '{{ISU.AP_PERF_ISU_AP_BUSY}}'}]
2026-06-26 17:00:18,577 INFO utils.complier: analyse  formula:[]
2026-06-26 17:00:18,577 INFO utils.complier: analyse  formula:[]
2026-06-26 17:00:18,577 INFO utils.complier: analyse  formula:[{'type': 'VARIABLE', 'value': '{{ISU.AP_PERF_ISU_AP_BUSY}}'}, {'type': 'VARIABLE', 'value': '{{CE.CE_PERF_BUSY_CYCLES}}'}]
2026-06-26 17:00:18,577 INFO utils.complier: analyse  formula:[]
2026-06-26 17:00:18,577 INFO utils.complier: analyse  formula:[]
2026-06-26 17:00:18,578 INFO utils.complier: analyse  formula:[{'type': 'VARIABLE', 'value': '{{ISU.AP_PERF_INST_CYCLES_VALU}}'}, {'type': 'VARIABLE', 'value': '{{ISU.AP_PERF_INST_CYCLES_MMA}}'}, {'type': 'VARIABLE', 'value': '{{ISU.AP_PERF_ISU_AP_BUSY}}'}]
2026-06-26 17:00:18,578 INFO utils.complier: analyse  formula:[]
2026-06-26 17:00:18,578 INFO utils.complier: analyse  formula:[]
2026-06-26 17:00:18,578 INFO utils.complier: analyse  formula:[{'type': 'VARIABLE', 'value': '{{CE.CE_PERF_SEND_RM_WORKGROUPS}}'}]
2026-06-26 17:00:18,578 INFO utils.complier: analyse  formula:[]
2026-06-26 17:00:18,578 INFO utils.complier: analyse  formula:[]
2026-06-26 17:00:18,578 INFO utils.complier: analyse  formula:[{'type': 'VARIABLE', 'value': '{{CE.CE_PERF_SEND_RM_WAVES}}'}]
2026-06-26 17:00:18,578 INFO utils.complier: analyse  formula:[]
2026-06-26 17:00:18,578 INFO utils.complier: analyse  formula:[]
2026-06-26 17:00:18,578 INFO utils.complier: analyse  formula:[{'type': 'VARIABLE', 'value': '{{RM.RM_PERF_WAVES_InFlight_Level_P0}}'}, {'type': 'VARIABLE', 'value': '{{RM.RM_PERF_WAVES_InFlight_Level_P1}}'}, {'type': 'VARIABLE', 'value': '{{RM.RM_PERF_WAVES_InFlight_Level_P2}}'}, {'type': 'VARIABLE', 'value': '{{RM.RM_PERF_WAVES_InFlight_Level_P3}}'}, {'type': 'VARIABLE', 'value': '{{CE.CE_PERF_SEND_RM_WAVES}}'}]
2026-06-26 17:00:18,578 INFO utils.complier: analyse  formula:[]
2026-06-26 17:00:18,579 INFO utils.complier: analyse  formula:[]
2026-06-26 17:00:18,579 INFO utils.complier: analyse  formula:[{'type': 'VARIABLE', 'value': '{{ISU.AP_PERF_INST_CYCLES_VALU_4CYCLES}}'}, {'type': 'VARIABLE', 'value': '{{ISU.AP_PERF_INST_CYCLES_VALU_16CYCLES}}'}, {'type': 'VARIABLE', 'value': '{{ISU.AP_PERF_INST_CYCLES_MMA_16CYCLES}}'}, {'type': 'VARIABLE', 'value': '{{ISU.AP_PERF_INST_CYCLES_MMA_32CYCLES}}'}]
2026-06-26 17:00:18,580 INFO utils.complier: analyse  formula:[]
2026-06-26 17:00:18,581 INFO utils.complier: analyse  formula:[]
2026-06-26 17:00:18,581 INFO utils.complier: analyse  formula:[{'type': 'VARIABLE_DICT', 'value': '{{{ISU.AP_PERF_INST_CYCLES_MMA}}}'}, {'type': 'VARIABLE_DICT', 'value': '{{{ISU.AP_PERF_INST_CYCLES_MMA}}}'}, {'type': 'VARIABLE_DICT', 'value': '{{{ISU.AP_PERF_INST_CYCLES_VALU}}}'}]
2026-06-26 17:00:18,582 INFO utils.complier: analyse  formula:[]
2026-06-26 17:00:18,582 INFO utils.complier: analyse  formula:[]
2026-06-26 17:00:18,583 INFO utils.complier: analyse  formula:[{'type': 'VARIABLE', 'value': '{{ISU.AP_PERF_INSTS_VALU}}'}, {'type': 'VARIABLE', 'value': '{{ISU.AP_PERF_INSTS_MMA}}'}, {'type': 'VARIABLE', 'value': '{{ISU.AP_PERF_INSTS_SALU}}'}, {'type': 'VARIABLE', 'value': '{{ISU.AP_PERF_INSTS_GVM}}'}, {'type': 'VARIABLE', 'value': '{{ISU.AP_PERF_INSTS_BSM}}'}, {'type': 'VARIABLE', 'value': '{{ISU.AP_PERF_INSTS_LDU}}'}, {'type': 'VARIABLE', 'value': '{{ISU.AP_PERF_INST_MISC}}'}]
2026-06-26 17:00:18,584 INFO utils.complier: analyse  formula:[]
2026-06-26 17:00:18,585 INFO utils.complier: analyse  formula:[]
2026-06-26 17:00:18,586 INFO utils.complier: analyse  formula:[{'type': 'VARIABLE', 'value': '{{ISU.AP_PERF_ISU_ARB_WSM_STALL}}'}, {'type': 'VARIABLE', 'value': '{{ISU.AP_PERF_ISU_ARB_VLS_STALL}}'}, {'type': 'VARIABLE', 'value': '{{ISU.AP_PERF_ISU_ARB_DATA_STALL}}'}, {'type': 'VARIABLE', 'value': '{{ISU.AP_PERF_ISU_ARB_VALU_STALL}}'}]
2026-06-26 17:00:18,586 INFO utils.complier: analyse  formula:[]
2026-06-26 17:00:18,587 INFO utils.complier: analyse  formula:[]
2026-06-26 17:00:18,587 INFO utils.complier: analyse  formula:[]
2026-06-26 17:00:18,587 INFO utils.complier: analyse  formula:[{'type': 'PRE_VAR', 'value': '@global_insts_rd'}]
2026-06-26 17:00:18,587 INFO utils.complier: analyse  formula:[]
2026-06-26 17:00:18,587 INFO utils.complier: analyse  formula:[]
2026-06-26 17:00:18,587 INFO utils.complier: analyse  formula:[{'type': 'PRE_VAR', 'value': '@global_insts_wr'}]
2026-06-26 17:00:18,587 INFO utils.complier: analyse  formula:[]
2026-06-26 17:00:18,587 INFO utils.complier: analyse  formula:[{'type': 'VARIABLE', 'value': '{{ISU.AP_PERF_INST_GLOBAL_ATOMIC}}'}, {'type': 'VARIABLE', 'value': '{{ISU.AP_PERF_INST_GLOBAL_ATOMIC_64}}'}]
2026-06-26 17:00:18,587 INFO utils.complier: analyse  formula:[]
2026-06-26 17:00:18,587 INFO utils.complier: analyse  formula:[]
2026-06-26 17:00:18,588 INFO utils.complier: analyse  formula:[]
2026-06-26 17:00:18,588 INFO utils.complier: analyse  formula:[{'type': 'PRE_VAR', 'value': '@private_insts_rd'}]
2026-06-26 17:00:18,588 INFO utils.complier: analyse  formula:[]
2026-06-26 17:00:18,588 INFO utils.complier: analyse  formula:[]
2026-06-26 17:00:18,588 INFO utils.complier: analyse  formula:[{'type': 'PRE_VAR', 'value': '@private_insts_wr'}]
2026-06-26 17:00:18,588 INFO utils.complier: analyse  formula:[]
2026-06-26 17:00:18,588 INFO utils.complier: analyse  formula:[]
2026-06-26 17:00:18,588 INFO utils.complier: analyse  formula:[{'type': 'PRE_VAR', 'value': '@ldu_insts_rd'}]
2026-06-26 17:00:18,588 INFO utils.complier: analyse  formula:[]
2026-06-26 17:00:18,588 INFO utils.complier: analyse  formula:[]
2026-06-26 17:00:18,588 INFO utils.complier: analyse  formula:[{'type': 'PRE_VAR', 'value': '@sl1_rd'}]
2026-06-26 17:00:18,588 INFO utils.complier: analyse  formula:[]
2026-06-26 17:00:18,588 INFO utils.complier: analyse  formula:[]
2026-06-26 17:00:18,588 INFO utils.complier: analyse  formula:[{'type': 'PRE_VAR', 'value': '@sl1_l2c_rd'}]
2026-06-26 17:00:18,588 INFO utils.complier: analyse  formula:[]
2026-06-26 17:00:18,588 INFO utils.complier: analyse  formula:[]
2026-06-26 17:00:18,588 INFO utils.complier: analyse  formula:[{'type': 'PRE_VAR', 'value': '@sl1_hit_rate'}]
2026-06-26 17:00:18,588 INFO utils.complier: analyse  formula:[]
2026-06-26 17:00:18,588 INFO utils.complier: analyse  formula:[]
2026-06-26 17:00:18,588 INFO utils.complier: analyse  formula:[{'type': 'PRE_VAR', 'value': '@vl1_insts_rd'}]
2026-06-26 17:00:18,588 INFO utils.complier: analyse  formula:[]
2026-06-26 17:00:18,589 INFO utils.complier: analyse  formula:[]
2026-06-26 17:00:18,589 INFO utils.complier: analyse  formula:[{'type': 'PRE_VAR', 'value': '@vl1_insts_wr'}]
2026-06-26 17:00:18,589 INFO utils.complier: analyse  formula:[]
2026-06-26 17:00:18,589 INFO utils.complier: analyse  formula:[{'type': 'VARIABLE', 'value': '{{VL1.p_total_atomic_instruction_event}}'}]
2026-06-26 17:00:18,589 INFO utils.complier: analyse  formula:[]
2026-06-26 17:00:18,589 INFO utils.complier: analyse  formula:[]
2026-06-26 17:00:18,589 INFO utils.complier: analyse  formula:[]
2026-06-26 17:00:18,589 INFO utils.complier: analyse  formula:[{'type': 'PRE_VAR', 'value': '@vl1_hit_rate'}]
2026-06-26 17:00:18,589 INFO utils.complier: analyse  formula:[]
2026-06-26 17:00:18,589 INFO utils.complier: analyse  formula:[]
2026-06-26 17:00:18,589 INFO utils.complier: analyse  formula:[{'type': 'PRE_VAR', 'value': '@l2c_insts_rd'}]
2026-06-26 17:00:18,589 INFO utils.complier: analyse  formula:[]
2026-06-26 17:00:18,589 INFO utils.complier: analyse  formula:[]
2026-06-26 17:00:18,589 INFO utils.complier: analyse  formula:[{'type': 'PRE_VAR', 'value': '@l2c_insts_wr'}]
2026-06-26 17:00:18,589 INFO utils.complier: analyse  formula:[]
2026-06-26 17:00:18,589 INFO utils.complier: analyse  formula:[{'type': 'VARIABLE', 'value': '{{L2C.perf_atomic_req}}'}]
2026-06-26 17:00:18,589 INFO utils.complier: analyse  formula:[]
2026-06-26 17:00:18,589 INFO utils.complier: analyse  formula:[]
2026-06-26 17:00:18,589 INFO utils.complier: analyse  formula:[]
2026-06-26 17:00:18,589 INFO utils.complier: analyse  formula:[{'type': 'PRE_VAR', 'value': '@l2c_hit_rate'}]
2026-06-26 17:00:18,589 INFO utils.complier: analyse  formula:[]
2026-06-26 17:00:18,590 INFO utils.complier: analyse  formula:[{'type': 'VARIABLE', 'value': '{{ISU.AP_PERF_INSTS_GVM_ATOMIC}}'}, {'type': 'VARIABLE', 'value': '{{ISU.AP_PERF_INST_BSM_ATOMIC}}'}]
2026-06-26 17:00:18,590 INFO utils.complier: analyse  formula:[]
2026-06-26 17:00:18,590 INFO utils.complier: analyse  formula:[]
2026-06-26 17:00:18,590 INFO utils.complier: analyse  formula:[{'type': 'VARIABLE', 'value': '{{L2C.perf_dnoc_rdreq}}'}]
2026-06-26 17:00:18,590 INFO utils.complier: analyse  formula:[]
2026-06-26 17:00:18,590 INFO utils.complier: analyse  formula:[]
2026-06-26 17:00:18,590 INFO utils.complier: analyse  formula:[{'type': 'VARIABLE', 'value': '{{L2C.perf_dnoc_wrreq}}'}]
2026-06-26 17:00:18,590 INFO utils.complier: analyse  formula:[]
2026-06-26 17:00:18,590 INFO utils.complier: analyse  formula:[]
2026-06-26 17:00:18,590 INFO utils.complier: analyse  formula:[{'type': 'VARIABLE', 'value': '{{L2C.perf_dnoc_rdreq_32B}}'}, {'type': 'VARIABLE', 'value': '{{L2C.perf_dnoc_rdreq_64B}}'}, {'type': 'VARIABLE', 'value': '{{L2C.perf_dnoc_rdreq_128B}}'}]
2026-06-26 17:00:18,590 INFO utils.complier: analyse  formula:[]
2026-06-26 17:00:18,590 INFO utils.complier: analyse  formula:[]
2026-06-26 17:00:18,591 INFO utils.complier: analyse  formula:[{'type': 'VARIABLE', 'value': '{{L2C.perf_dnoc_wrreq_32B_low}}'}, {'type': 'VARIABLE', 'value': '{{L2C.perf_dnoc_wrreq_32B_high}}'}, {'type': 'VARIABLE', 'value': '{{L2C.perf_dnoc_wrreq_64B}}'}, {'type': 'VARIABLE', 'value': '{{L2C.perf_dnoc_wrreq_128B}}'}]
2026-06-26 17:00:18,591 INFO utils.complier: analyse  formula:[]
2026-06-26 17:00:18,591 INFO utils.complier: analyse  formula:[]
2026-06-26 17:00:18,594 INFO utils.complier: analyse  formula:[]
2026-06-26 17:00:18,597 INFO utils.complier: analyse  formula:[{'type': 'PRE_VAR', 'value': '@vl1_hit_rate'}, {'type': 'PRE_VAR', 'value': '@l2c_hit_rate'}, {'type': 'PRE_VAR', 'value': '@sl1_hit_rate'}, {'type': 'PRE_VAR', 'value': '@global_insts_rd'}, {'type': 'PRE_VAR', 'value': '@global_insts_wr'}, {'type': 'PRE_VAR', 'value': '@private_insts_rd'}, {'type': 'PRE_VAR', 'value': '@private_insts_wr'}, {'type': 'PRE_VAR', 'value': '@generic_insts_rd'}, {'type': 'PRE_VAR', 'value': '@generic_insts_wr'}, {'type': 'PRE_VAR', 'value': '@ldu_insts_rd'}, {'type': 'PRE_VAR', 'value': '@bsm_insts_rd'}, {'type': 'PRE_VAR', 'value': '@bsm_insts_wr'}, {'type': 'PRE_VAR', 'value': '@vl1_insts_rd'}, {'type': 'PRE_VAR', 'value': '@vl1_insts_wr'}, {'type': 'PRE_VAR', 'value': '@sl1_rd'}, {'type': 'PRE_VAR', 'value': '@sl1_l2c_rd'}, {'type': 'PRE_VAR', 'value': '@l2c_insts_rd'}, {'type': 'PRE_VAR', 'value': '@l2c_insts_wr'}]
2026-06-26 17:00:18,601 INFO utils.complier: analyse  formula:[]
2026-06-26 17:00:18,601 INFO utils.complier: analyse  formula:[{'type': 'VARIABLE', 'value': '{{L2C.perf_dnoc_rdreq_inflight_level}}'}, {'type': 'VARIABLE', 'value': '{{L2C.perf_dnoc_rdreq}}'}]
2026-06-26 17:00:18,601 INFO utils.complier: analyse  formula:[]
2026-06-26 17:00:18,601 INFO utils.complier: analyse  formula:[]
2026-06-26 17:00:18,601 INFO utils.complier: analyse  formula:[{'type': 'VARIABLE', 'value': '{{L2C.perf_dnoc_rd_histogram_0_255}}'}, {'type': 'VARIABLE', 'value': '{{L2C.perf_dnoc_rd_histogram_256_511}}'}, {'type': 'VARIABLE', 'value': '{{L2C.perf_dnoc_rd_histogram_512_1K}}'}, {'type': 'VARIABLE', 'value': '{{L2C.perf_dnoc_rd_histogram_1K_2K}}'}, {'type': 'VARIABLE', 'value': '{{L2C.perf_dnoc_rd_histogram_2K_INF}}'}]
2026-06-26 17:00:18,602 INFO utils.complier: analyse  formula:[]
2026-06-26 17:00:18,602 INFO utils.complier: analyse  formula:[]
2026-06-26 17:00:18,602 INFO utils.complier: analyse  formula:[{'type': 'VARIABLE', 'value': '{{VL1.p_stall_due_oldest_pt0}}'}, {'type': 'VARIABLE', 'value': '{{VL1.p_stall_due_oldest_pt1}}'}, {'type': 'VARIABLE', 'value': '{{VL1.p_stall_due_oldest_pt2}}'}, {'type': 'VARIABLE', 'value': '{{VL1.p_stall_due_oldest_pt3}}'}]
2026-06-26 17:00:18,603 INFO utils.complier: analyse  formula:[]
2026-06-26 17:00:18,603 INFO utils.complier: analyse  formula:[]
2026-06-26 17:00:18,603 INFO utils.complier: analyse  formula:[{'type': 'VARIABLE', 'value': '{{ISU.AP_PERF_INST_BSM_RD}}'}]
2026-06-26 17:00:18,603 INFO utils.complier: analyse  formula:[]
2026-06-26 17:00:18,603 INFO utils.complier: analyse  formula:[]
2026-06-26 17:00:18,603 INFO utils.complier: analyse  formula:[{'type': 'VARIABLE', 'value': '{{ISU.AP_PERF_INST_BSM_WR}}'}]
2026-06-26 17:00:18,603 INFO utils.complier: analyse  formula:[]
2026-06-26 17:00:18,603 INFO utils.complier: analyse  formula:[]
2026-06-26 17:00:18,604 INFO utils.complier: analyse  formula:[{'type': 'VARIABLE', 'value': '{{ISU.AP_PERF_INST_BSM_ATOMIC}}'}]
2026-06-26 17:00:18,604 INFO utils.complier: analyse  formula:[]
2026-06-26 17:00:18,604 INFO utils.complier: analyse  formula:[]
2026-06-26 17:00:18,604 INFO utils.complier: analyse  formula:[{'type': 'VARIABLE', 'value': '{{ISU.AP_PERF_INSTS_BSM}}'}]
2026-06-26 17:00:18,604 INFO utils.complier: analyse  formula:[]
2026-06-26 17:00:18,604 INFO utils.complier: analyse  formula:[]
2026-06-26 17:00:18,604 INFO utils.complier: analyse  formula:[{'type': 'VARIABLE', 'value': '{{ISU.AP_PERF_BSM_READ_INFLIGHT_LEVEL}}'}, {'type': 'VARIABLE', 'value': '{{ISU.AP_PERF_INST_BSM_RD}}'}, {'type': 'VARIABLE', 'value': '{{ISU.AP_PERF_INST_BSM_RD}}'}]
2026-06-26 17:00:18,604 INFO utils.complier: analyse  formula:[]
2026-06-26 17:00:18,604 INFO utils.complier: analyse  formula:[]
2026-06-26 17:00:18,604 INFO utils.complier: analyse  formula:[{'type': 'VARIABLE', 'value': '{{ISU.AP_PERF_BSM_WR_INFLIGHT_LEVEL}}'}, {'type': 'VARIABLE', 'value': '{{ISU.AP_PERF_INST_BSM_WR}}'}, {'type': 'VARIABLE', 'value': '{{ISU.AP_PERF_INST_BSM_WR}}'}]
2026-06-26 17:00:18,605 INFO utils.complier: analyse  formula:[]
2026-06-26 17:00:18,605 INFO utils.complier: analyse  formula:[]
2026-06-26 17:00:18,605 INFO utils.complier: analyse  formula:[{'type': 'VARIABLE', 'value': '{{ISU.AP_PERF_BSM_ATOMIC_INFLIGHT_LEVEL}}'}, {'type': 'VARIABLE', 'value': '{{ISU.AP_PERF_INST_BSM_ATOMIC}}'}, {'type': 'VARIABLE', 'value': '{{ISU.AP_PERF_INST_BSM_ATOMIC}}'}]
2026-06-26 17:00:18,605 INFO utils.complier: analyse  formula:[]
2026-06-26 17:00:18,605 INFO utils.complier: analyse  formula:[]
2026-06-26 17:00:18,605 INFO utils.complier: analyse  formula:[{'type': 'VARIABLE', 'value': '{{ISU.AP_PERF_BSM_INFLIGHT_LEVEL_IN_AP}}'}, {'type': 'VARIABLE', 'value': '{{ISU.AP_PERF_BSM_INFLIGHT_LEVEL}}'}, {'type': 'VARIABLE', 'value': '{{ISU.AP_PERF_INSTS_BSM}}'}, {'type': 'VARIABLE', 'value': '{{ISU.AP_PERF_INSTS_BSM}}'}]
2026-06-26 17:00:18,605 INFO utils.complier: analyse  formula:[]
2026-06-26 17:00:18,606 INFO utils.complier: analyse  formula:[]
2026-06-26 17:00:18,606 INFO utils.complier: analyse  formula:[{'type': 'VARIABLE', 'value': '{{ISU.AP_PERF_BSM_RD_CYCLES}}'}, {'type': 'VARIABLE', 'value': '{{ISU.AP_PERF_INST_BSM_RD}}'}, {'type': 'VARIABLE', 'value': '{{ISU.AP_PERF_INST_BSM_RD}}'}]
2026-06-26 17:00:18,606 INFO utils.complier: analyse  formula:[]
2026-06-26 17:00:18,606 INFO utils.complier: analyse  formula:[]
2026-06-26 17:00:18,606 INFO utils.complier: analyse  formula:[{'type': 'VARIABLE', 'value': '{{ISU.AP_PERF_BSM_WR_CYCLES}}'}, {'type': 'VARIABLE', 'value': '{{ISU.AP_PERF_INST_BSM_WR}}'}, {'type': 'VARIABLE', 'value': '{{ISU.AP_PERF_INST_BSM_WR}}'}]
2026-06-26 17:00:18,606 INFO utils.complier: analyse  formula:[]
2026-06-26 17:00:18,606 INFO utils.complier: analyse  formula:[]
2026-06-26 17:00:18,607 INFO utils.complier: analyse  formula:[{'type': 'VARIABLE', 'value': '{{ISU.AP_PERF_BSM_ATOMIC_CYCLES}}'}, {'type': 'VARIABLE', 'value': '{{ISU.AP_PERF_INST_BSM_ATOMIC}}'}, {'type': 'VARIABLE', 'value': '{{ISU.AP_PERF_INST_BSM_ATOMIC}}'}]
2026-06-26 17:00:18,607 INFO utils.complier: analyse  formula:[]
2026-06-26 17:00:18,607 INFO utils.complier: analyse  formula:[]
2026-06-26 17:00:18,607 INFO utils.complier: analyse  formula:[{'type': 'VARIABLE', 'value': '{{ISU.AP_PERF_BSM_CONFLICT_CYCLES}}'}, {'type': 'VARIABLE', 'value': '{{ISU.AP_PERF_INSTS_BSM}}'}, {'type': 'VARIABLE', 'value': '{{ISU.AP_PERF_INSTS_BSM}}'}]
2026-06-26 17:00:18,607 INFO utils.complier: analyse  formula:[]
2026-06-26 17:00:18,607 INFO utils.complier: analyse  formula:[]
2026-06-26 17:00:18,607 INFO utils.complier: analyse  formula:[{'type': 'VARIABLE', 'value': '{{ISU.AP_PERF_BSM_RD_CYCLES}}'}, {'type': 'VARIABLE', 'value': '{{ISU.AP_PERF_BSM_WR_CYCLES}}'}, {'type': 'VARIABLE', 'value': '{{ISU.AP_PERF_BSM_ATOMIC_CYCLES}}'}, {'type': 'VARIABLE', 'value': '{{ISU.AP_PERF_INSTS_BSM}}'}, {'type': 'VARIABLE', 'value': '{{ISU.AP_PERF_INSTS_BSM}}'}]
2026-06-26 17:00:18,608 INFO utils.complier: analyse  formula:[]
2026-06-26 17:00:18,608 INFO utils.complier: analyse  formula:[]
2026-06-26 17:00:18,608 INFO utils.complier: analyse  formula:[{'type': 'VARIABLE', 'value': '{{ISU.AP_PERF_BSM_RD_CYCLES}}'}, {'type': 'VARIABLE', 'value': '{{ISU.AP_PERF_BSM_WR_CYCLES}}'}, {'type': 'VARIABLE', 'value': '{{ISU.AP_PERF_BSM_ATOMIC_CYCLES}}'}, {'type': 'VARIABLE', 'value': '{{ISU.AP_PERF_BSM_CONFLICT_CYCLES}}'}]
2026-06-26 17:00:18,609 INFO utils.complier: analyse  formula:[]
2026-06-26 17:00:18,609 INFO utils.complier: analyse  formula:[]
2026-06-26 17:00:18,609 INFO utils.complier: analyse  formula:[{'type': 'VARIABLE', 'value': '{{ISU.AP_PERF_WAVES}}'}]
2026-06-26 17:00:18,609 INFO utils.complier: analyse  formula:[]
2026-06-26 17:00:18,609 INFO utils.complier: analyse  formula:[]
2026-06-26 17:00:18,609 INFO utils.complier: analyse  formula:[{'type': 'VARIABLE', 'value': '{{RM.RM_PERF_DISPATCHED_WAVES_P0}}'}, {'type': 'VARIABLE', 'value': '{{RM.RM_PERF_DISPATCHED_WAVES_P1}}'}, {'type': 'VARIABLE', 'value': '{{RM.RM_PERF_DISPATCHED_WAVES_P2}}'}, {'type': 'VARIABLE', 'value': '{{RM.RM_PERF_DISPATCHED_WAVES_P3}}'}]
2026-06-26 17:00:18,609 INFO utils.complier: analyse  formula:[]
2026-06-26 17:00:18,609 INFO utils.complier: analyse  formula:[]
2026-06-26 17:00:18,609 INFO utils.complier: analyse  formula:[{'type': 'VARIABLE', 'value': '{{ISU.AP_PERF_ISU_AP_BUSY}}'}]
2026-06-26 17:00:18,609 INFO utils.complier: analyse  formula:[]
2026-06-26 17:00:18,609 INFO utils.complier: analyse  formula:[]
2026-06-26 17:00:18,610 INFO utils.complier: analyse  formula:[{'type': 'VARIABLE', 'value': '{{ISU.AP_PERF_INST_TRANS_FP16}}'}, {'type': 'VARIABLE', 'value': '{{ISU.AP_PERF_INST_TRANS_FP32}}'}, {'type': 'VARIABLE', 'value': '{{ISU.AP_PERF_MTE_PI_SEG_SEL_F64}}'}, {'type': 'VARIABLE', 'value': '{{ISU.AP_PERF_INST_CYCLES_VALU_4CYCLES}}'}, {'type': 'VARIABLE', 'value': '{{ISU.AP_PERF_ISU_AP_BUSY}}'}]
2026-06-26 17:00:18,610 INFO utils.complier: analyse  formula:[]
2026-06-26 17:00:18,610 INFO utils.complier: analyse  formula:[]
2026-06-26 17:00:18,610 INFO utils.complier: analyse  formula:[{'type': 'VARIABLE', 'value': '{{ISU.AP_PERF_INSTS_SALU}}'}, {'type': 'VARIABLE', 'value': '{{ISU.AP_PERF_ISU_AP_BUSY}}'}]
2026-06-26 17:00:18,610 INFO utils.complier: analyse  formula:[]
2026-06-26 17:00:18,611 INFO utils.complier: analyse  formula:[]
2026-06-26 17:00:18,611 INFO utils.complier: analyse  formula:[{'type': 'VARIABLE', 'value': '{{ISU.AP_PERF_INST_CYCLES_MMA}}'}, {'type': 'VARIABLE', 'value': '{{ISU.AP_PERF_ISU_AP_BUSY}}'}]
2026-06-26 17:00:18,611 INFO utils.complier: analyse  formula:[]
2026-06-26 17:00:18,611 INFO utils.complier: analyse  formula:[]
2026-06-26 17:00:18,611 INFO utils.complier: analyse  formula:[{'type': 'VARIABLE', 'value': '{{VLS.PERFEVENT_VLS_ACTIVE}}'}, {'type': 'VARIABLE', 'value': '{{ISU.AP_PERF_ISU_AP_BUSY}}'}]
2026-06-26 17:00:18,611 INFO utils.complier: analyse  formula:[]
2026-06-26 17:00:18,611 INFO utils.complier: analyse  formula:[]
2026-06-26 17:00:18,611 INFO utils.complier: analyse  formula:[{'type': 'VARIABLE', 'value': '{{L2C.perf_req}}'}, {'type': 'VARIABLE', 'value': '{{L2C.1_b1}}'}]
2026-06-26 17:00:18,611 INFO utils.complier: analyse  formula:[]
2026-06-26 17:00:18,611 INFO utils.complier: analyse  formula:[]
2026-06-26 17:00:18,611 INFO utils.complier: analyse  formula:[{'type': 'VARIABLE', 'value': '{{ISU.AP_PERF_ISU_AP_BUSY}}'}]
2026-06-26 17:00:18,612 INFO utils.complier: analyse  formula:[{'type': 'PRE_VAR', 'value': '@total_instruction_num'}]
2026-06-26 17:00:18,612 INFO utils.complier: analyse  formula:[]
2026-06-26 17:00:18,612 INFO utils.complier: analyse  formula:[{'type': 'VARIABLE_DICT', 'value': '{{{ISU.AP_PERF_INSTS_VALU}}}'}, {'type': 'VARIABLE', 'value': '{{ISU.AP_PERF_ISU_AP_BUSY}}'}]
2026-06-26 17:00:18,612 INFO utils.complier: analyse  formula:[{'type': 'PRE_VAR', 'value': '@total_instruction_num'}]
2026-06-26 17:00:18,613 INFO utils.complier: analyse  formula:[]
2026-06-26 17:00:18,613 INFO utils.complier: analyse  formula:[{'type': 'VARIABLE_DICT', 'value': '{{{ISU.AP_PERF_INSTS_VALU}}}'}, {'type': 'VARIABLE', 'value': '{{ISU.AP_PERF_ISU_AP_BUSY}}'}]
2026-06-26 17:00:18,613 INFO utils.complier: analyse  formula:[{'type': 'PRE_VAR', 'value': '@total_instruction_num'}]
2026-06-26 17:00:18,613 INFO utils.complier: analyse  formula:[]
2026-06-26 17:00:18,614 INFO utils.complier: analyse  formula:[{'type': 'VARIABLE', 'value': '{{ISU.AP_PERF_INSTS_VALU}}'}, {'type': 'VARIABLE', 'value': '{{ISU.AP_PERF_INSTS_MMA}}'}, {'type': 'VARIABLE', 'value': '{{ISU.AP_PERF_INSTS_SALU}}'}, {'type': 'VARIABLE', 'value': '{{ISU.AP_PERF_INSTS_GVM}}'}, {'type': 'VARIABLE', 'value': '{{ISU.AP_PERF_INSTS_BSM}}'}, {'type': 'VARIABLE', 'value': '{{ISU.AP_PERF_INSTS_LDU}}'}, {'type': 'VARIABLE', 'value': '{{ISU.AP_PERF_INST_MISC}}'}, {'type': 'VARIABLE', 'value': '{{ISU.AP_PERF_ISU_AP_BUSY}}'}]
2026-06-26 17:00:18,614 INFO utils.complier: analyse  formula:[]
2026-06-26 17:00:18,614 INFO utils.complier: analyse  formula:[]
2026-06-26 17:00:18,614 INFO utils.complier: analyse  formula:[{'type': 'VARIABLE_DICT', 'value': '{{{ISU.AP_PERF_INSTS_VALU}}}'}, {'type': 'VARIABLE', 'value': '{{ISU.AP_PERF_INSTS_VALU}}'}, {'type': 'VARIABLE', 'value': '{{ISU.AP_PERF_INSTS_MMA}}'}, {'type': 'VARIABLE', 'value': '{{ISU.AP_PERF_INSTS_SALU}}'}, {'type': 'VARIABLE', 'value': '{{ISU.AP_PERF_INSTS_GVM}}'}, {'type': 'VARIABLE', 'value': '{{ISU.AP_PERF_INSTS_BSM}}'}, {'type': 'VARIABLE', 'value': '{{ISU.AP_PERF_INSTS_LDU}}'}, {'type': 'VARIABLE', 'value': '{{ISU.AP_PERF_INST_MISC}}'}, {'type': 'VARIABLE', 'value': '{{ISU.AP_PERF_ISU_AP_BUSY}}'}]
2026-06-26 17:00:18,615 INFO utils.complier: analyse  formula:[]
2026-06-26 17:00:18,615 INFO utils.complier: analyse  formula:[]
2026-06-26 17:00:18,618 INFO utils.complier: analyse  formula:[{'type': 'VARIABLE', 'value': '{{ISU.AP_PERF_INSTS_VALU}}'}, {'type': 'VARIABLE', 'value': '{{ISU.AP_PERF_INST_FMA_F32}}'}, {'type': 'VARIABLE', 'value': '{{ISU.AP_PERF_INST_FMA_F64}}'}, {'type': 'VARIABLE', 'value': '{{ISU.AP_PERF_INST_TRANS_FP16}}'}, {'type': 'VARIABLE', 'value': '{{ISU.AP_PERF_INST_TRANS_FP32}}'}, {'type': 'VARIABLE', 'value': '{{ISU.AP_PERF_MTE_PI_SEG_SEL_F64}}'}, {'type': 'VARIABLE', 'value': '{{ISU.AP_PERF_MTE_PI_SEG_SEL_F64}}'}, {'type': 'VARIABLE', 'value': '{{ISU.AP_PERF_INST_FMA_F32}}'}, {'type': 'VARIABLE', 'value': '{{ISU.AP_PERF_INST_FMA_F64}}'}, {'type': 'VARIABLE', 'value': '{{ISU.AP_PERF_INST_TRANS_FP16}}'}, {'type': 'VARIABLE', 'value': '{{ISU.AP_PERF_INST_TRANS_FP32}}'}, {'type': 'VARIABLE', 'value': '{{ISU.AP_PERF_INST_MMA_INT8}}'}, {'type': 'VARIABLE', 'value': '{{ISU.AP_PERF_INST_MMA_FP16}}'}, {'type': 'VARIABLE', 'value': '{{ISU.AP_PERF_INST_MMA_BF16}}'}, {'type': 'VARIABLE', 'value': '{{ISU.AP_PERF_INST_MMA_TF32}}'}, {'type': 'VARIABLE', 'value': '{{ISU.AP_PERF_INST_MMA_F32}}'}, {'type': 'VARIABLE', 'value': '{{ISU.AP_PERF_INST_MMA_F64}}'}, {'type': 'VARIABLE', 'value': '{{ISU.AP_PERF_INST_MMA_TF64}}'}, {'type': 'VARIABLE', 'value': '{{L2C.perf_dnoc_rdreq_32B}}'}, {'type': 'VARIABLE', 'value': '{{L2C.perf_dnoc_rdreq_64B}}'}, {'type': 'VARIABLE', 'value': '{{L2C.perf_dnoc_rdreq_128B}}'}, {'type': 'VARIABLE', 'value': '{{L2C.perf_dnoc_wrreq_32B_low}}'}, {'type': 'VARIABLE', 'value': '{{L2C.perf_dnoc_wrreq_32B_high}}'}, {'type': 'VARIABLE', 'value': '{{L2C.perf_dnoc_wrreq_64B}}'}, {'type': 'VARIABLE', 'value': '{{L2C.perf_dnoc_wrreq_128B}}'}, {'type': 'VARIABLE', 'value': '{{VL1.p_perf_thread_req_cnt}}'}, {'type': 'VARIABLE', 'value': '{{VL1.perf_inflt_rd_req}}'}, {'type': 'VARIABLE', 'value': '{{ISU.AP_PERF_ISU_AP_BUSY}}'}, {'type': 'VARIABLE_DICT', 'value': '{{{ISU.AP_PERF_ISU_AP_BUSY}}}'}]
2026-06-26 17:00:18,620 INFO utils.complier: analyse  formula:[]
2026-06-26 17:00:18,623 INFO utils.complier: analyse  formula:[]
2026-06-26 17:00:18,623 INFO utils.complier: analyse  formula:[{'type': 'VARIABLE', 'value': '{{ISU.AP_PERF_INSTS_VALU}}'}, {'type': 'VARIABLE', 'value': '{{ISU.AP_PERF_INSTS_MMA}}'}, {'type': 'VARIABLE', 'value': '{{ISU.AP_PERF_INSTS_SALU}}'}, {'type': 'VARIABLE', 'value': '{{ISU.AP_PERF_INST_MISC}}'}]
2026-06-26 17:00:18,623 INFO utils.complier: analyse  formula:[]
2026-06-26 17:00:18,623 INFO utils.complier: analyse  formula:[{'type': 'VARIABLE', 'value': '{{ISU.AP_PERF_INSTS_GVM}}'}, {'type': 'VARIABLE', 'value': '{{ISU.AP_PERF_INSTS_BSM}}'}, {'type': 'VARIABLE', 'value': '{{ISU.AP_PERF_INSTS_LDU}}'}]
2026-06-26 17:00:18,623 INFO utils.complier: analyse  formula:[]
2026-06-26 17:00:18,623 INFO utils.complier: analyse  formula:[{'type': 'VARIABLE', 'value': '{{ISU.AP_PERF_INST_GLOBAL_RD}}'}]
2026-06-26 17:00:18,623 INFO utils.complier: analyse  formula:[]
2026-06-26 17:00:18,623 INFO utils.complier: analyse  formula:[{'type': 'VARIABLE', 'value': '{{ISU.AP_PERF_INST_GLOBAL_WR}}'}]
2026-06-26 17:00:18,623 INFO utils.complier: analyse  formula:[]
2026-06-26 17:00:18,623 INFO utils.complier: analyse  formula:[{'type': 'VARIABLE', 'value': '{{ISU.AP_PERF_INST_PRIVATE_RD}}'}]
2026-06-26 17:00:18,624 INFO utils.complier: analyse  formula:[]
2026-06-26 17:00:18,624 INFO utils.complier: analyse  formula:[{'type': 'VARIABLE', 'value': '{{ISU.AP_PERF_INST_PRIVATE_WR}}'}]
2026-06-26 17:00:18,624 INFO utils.complier: analyse  formula:[]
2026-06-26 17:00:18,624 INFO utils.complier: analyse  formula:[{'type': 'VARIABLE', 'value': '{{ISU.AP_PERF_INST_GENERIC_RD}}'}]
2026-06-26 17:00:18,624 INFO utils.complier: analyse  formula:[]
2026-06-26 17:00:18,624 INFO utils.complier: analyse  formula:[{'type': 'VARIABLE', 'value': '{{ISU.AP_PERF_INST_GENERIC_WR}}'}]
2026-06-26 17:00:18,624 INFO utils.complier: analyse  formula:[]
2026-06-26 17:00:18,624 INFO utils.complier: analyse  formula:[{'type': 'VARIABLE', 'value': '{{ISU.AP_PERF_INSTS_LDU}}'}]
2026-06-26 17:00:18,624 INFO utils.complier: analyse  formula:[]
2026-06-26 17:00:18,624 INFO utils.complier: analyse  formula:[{'type': 'VARIABLE', 'value': '{{ISU.AP_PERF_INST_BSM_RD}}'}]
2026-06-26 17:00:18,624 INFO utils.complier: analyse  formula:[]
2026-06-26 17:00:18,624 INFO utils.complier: analyse  formula:[{'type': 'VARIABLE', 'value': '{{ISU.AP_PERF_INST_BSM_WR}}'}]
2026-06-26 17:00:18,624 INFO utils.complier: analyse  formula:[]
2026-06-26 17:00:18,624 INFO utils.complier: analyse  formula:[{'type': 'VARIABLE', 'value': '{{VL1.p_total_read_instruction_event}}'}]
2026-06-26 17:00:18,624 INFO utils.complier: analyse  formula:[]
2026-06-26 17:00:18,624 INFO utils.complier: analyse  formula:[{'type': 'VARIABLE', 'value': '{{VL1.p_total_write_instruction_event}}'}]
2026-06-26 17:00:18,624 INFO utils.complier: analyse  formula:[]
2026-06-26 17:00:18,625 INFO utils.complier: analyse  formula:[{'type': 'VARIABLE', 'value': '{{VL1.p_perf_thread_req_cnt}}'}, {'type': 'VARIABLE', 'value': '{{VL1.p_perf_miss_cnt}}'}, {'type': 'VARIABLE', 'value': '{{VL1.p_perf_thread_req_cnt}}'}]
2026-06-26 17:00:18,625 INFO utils.complier: analyse  formula:[]
2026-06-26 17:00:18,625 INFO utils.complier: analyse  formula:[{'type': 'VARIABLE', 'value': '{{L2C.perf_rd_req}}'}]
2026-06-26 17:00:18,625 INFO utils.complier: analyse  formula:[]
2026-06-26 17:00:18,625 INFO utils.complier: analyse  formula:[{'type': 'VARIABLE', 'value': '{{L2C.perf_wr_req}}'}]
2026-06-26 17:00:18,625 INFO utils.complier: analyse  formula:[]
2026-06-26 17:00:18,625 INFO utils.complier: analyse  formula:[{'type': 'VARIABLE', 'value': '{{L2C.perf_hit}}'}, {'type': 'VARIABLE', 'value': '{{L2C.perf_sector_hit}}'}, {'type': 'VARIABLE', 'value': '{{L2C.perf_miss}}'}]
2026-06-26 17:00:18,625 INFO utils.complier: analyse  formula:[]
2026-06-26 17:00:18,625 INFO utils.complier: analyse  formula:[{'type': 'VARIABLE', 'value': '{{SL1.sl1_kcache_total_hit_event}}'}, {'type': 'VARIABLE', 'value': '{{SL1.sl1_kcache_total_hit_on_miss_event}}'}, {'type': 'VARIABLE', 'value': '{{SL1.sl1_kcache_total_miss_event}}'}]
2026-06-26 17:00:18,626 INFO utils.complier: analyse  formula:[]
2026-06-26 17:00:18,626 INFO utils.complier: analyse  formula:[{'type': 'VARIABLE', 'value': '{{SL1.sl1_kcache_rd}}'}]
2026-06-26 17:00:18,626 INFO utils.complier: analyse  formula:[]
2026-06-26 17:00:18,626 INFO utils.complier: analyse  formula:[{'type': 'VARIABLE', 'value': '{{SL1.sl1_kcache_l2_rd}}'}]
2026-06-26 17:00:18,626 INFO utils.complier: analyse  formula:[]
2026-06-26 17:00:18,626 INFO utils.complier: analyse  formula:[{'type': 'VARIABLE', 'value': '{{ISU.AP_PERF_INSTS_VALU}}'}, {'type': 'VARIABLE', 'value': '{{ISU.AP_PERF_INSTS_MMA}}'}, {'type': 'VARIABLE', 'value': '{{ISU.AP_PERF_INSTS_SALU}}'}, {'type': 'VARIABLE', 'value': '{{ISU.AP_PERF_INSTS_GVM}}'}, {'type': 'VARIABLE', 'value': '{{ISU.AP_PERF_INSTS_BSM}}'}, {'type': 'VARIABLE', 'value': '{{ISU.AP_PERF_INSTS_LDU}}'}, {'type': 'VARIABLE', 'value': '{{ISU.AP_PERF_INST_MISC}}'}]
2026-06-26 17:00:18,626 INFO utils.complier: analyse  formula:[]
2026-06-26 17:00:18,626 INFO common.api_common: f_var:ISU.AP_PERF_INST_MMA_INT8
2026-06-26 17:00:18,626 INFO common.api_common: f_var:VL1.p_stall_due_oldest_pt2
2026-06-26 17:00:18,626 INFO common.api_common: f_var:ISU.AP_PERF_INST_MMA_TF64
2026-06-26 17:00:18,626 INFO common.api_common: f_var:ISU.AP_PERF_BSM_RD_CYCLES
2026-06-26 17:00:18,626 INFO common.api_common: f_var:ISU.AP_PERF_INST_PRIVATE_RD
2026-06-26 17:00:18,626 INFO common.api_common: f_var:ISU.AP_PERF_INST_CYCLES_MMA
2026-06-26 17:00:18,626 INFO common.api_common: f_var:SL1.sl1_kcache_total_miss_event
2026-06-26 17:00:18,626 INFO common.api_common: f_var:L2C.perf_sector_hit
2026-06-26 17:00:18,626 INFO common.api_common: f_var:ISU.AP_PERF_INSTS_MMA
2026-06-26 17:00:18,626 INFO common.api_common: f_var:ISU.AP_PERF_INST_BSM_ATOMIC
2026-06-26 17:00:18,626 INFO common.api_common: f_var:ISU.AP_PERF_INST_CYCLES_VALU
2026-06-26 17:00:18,626 INFO common.api_common: f_var:L2C.perf_dnoc_wrreq_64B
2026-06-26 17:00:18,626 INFO common.api_common: f_var:RM.RM_PERF_WAVES_InFlight_Level_P1
2026-06-26 17:00:18,626 INFO common.api_common: f_var:L2C.perf_dnoc_rd_histogram_0_255
2026-06-26 17:00:18,626 INFO common.api_common: f_var:ISU.AP_PERF_INST_CYCLES_MMA_16CYCLES
2026-06-26 17:00:18,627 INFO common.api_common: f_var:SL1.sl1_kcache_rd
2026-06-26 17:00:18,627 INFO common.api_common: f_var:ISU.AP_PERF_INST_BSM_WR
2026-06-26 17:00:18,627 INFO common.api_common: f_var:ISU.AP_PERF_INST_TRANS_FP32
2026-06-26 17:00:18,627 INFO common.api_common: f_var:L2C.perf_dnoc_rdreq
2026-06-26 17:00:18,627 INFO common.api_common: f_var:ISU.AP_PERF_BSM_INFLIGHT_LEVEL
2026-06-26 17:00:18,627 INFO common.api_common: f_var:VL1.p_total_atomic_instruction_event
2026-06-26 17:00:18,627 INFO common.api_common: f_var:L2C.1_b1
2026-06-26 17:00:18,627 INFO common.api_common: f_var:ISU.AP_PERF_INST_FMA_F64
2026-06-26 17:00:18,627 INFO common.api_common: f_var:ISU.AP_PERF_INSTS_BSM
2026-06-26 17:00:18,627 INFO common.api_common: f_var:VL1.p_perf_thread_req_cnt
2026-06-26 17:00:18,627 INFO common.api_common: f_var:L2C.perf_dnoc_rdreq_32B
2026-06-26 17:00:18,627 INFO common.api_common: f_var:ISU.AP_PERF_INST_MISC
2026-06-26 17:00:18,627 INFO common.api_common: f_var:ISU.AP_PERF_ISU_ARB_WSM_STALL
2026-06-26 17:00:18,627 INFO common.api_common: f_var:L2C.perf_dnoc_rd_histogram_512_1K
2026-06-26 17:00:18,627 INFO common.api_common: f_var:L2C.perf_dnoc_rd_histogram_1K_2K
2026-06-26 17:00:18,627 INFO common.api_common: f_var:ISU.AP_PERF_INST_BSM_RD
2026-06-26 17:00:18,627 INFO common.api_common: f_var:L2C.perf_rd_req
2026-06-26 17:00:18,627 INFO common.api_common: f_var:L2C.perf_req
2026-06-26 17:00:18,627 INFO common.api_common: f_var:ISU.AP_PERF_INST_MMA_FP16
2026-06-26 17:00:18,627 INFO common.api_common: f_var:ISU.AP_PERF_BSM_WR_INFLIGHT_LEVEL
2026-06-26 17:00:18,627 INFO common.api_common: f_var:VL1.perf_inflt_rd_req
2026-06-26 17:00:18,627 INFO common.api_common: f_var:L2C.perf_dnoc_rdreq_128B
2026-06-26 17:00:18,627 INFO common.api_common: f_var:L2C.perf_dnoc_rd_histogram_2K_INF
2026-06-26 17:00:18,627 INFO common.api_common: f_var:ISU.AP_PERF_BSM_ATOMIC_INFLIGHT_LEVEL
2026-06-26 17:00:18,627 INFO common.api_common: f_var:L2C.perf_dnoc_wrreq_32B_low
2026-06-26 17:00:18,627 INFO common.api_common: f_var:VLS.PERFEVENT_VLS_ACTIVE
2026-06-26 17:00:18,627 INFO common.api_common: f_var:ISU.AP_PERF_BSM_CONFLICT_CYCLES
2026-06-26 17:00:18,627 INFO common.api_common: f_var:CE.CE_PERF_BUSY_CYCLES
2026-06-26 17:00:18,627 INFO common.api_common: f_var:L2C.perf_dnoc_rdreq_inflight_level
2026-06-26 17:00:18,627 INFO common.api_common: f_var:ISU.AP_PERF_ISU_AP_BUSY
2026-06-26 17:00:18,627 INFO common.api_common: f_var:L2C.perf_dnoc_wrreq
2026-06-26 17:00:18,627 INFO common.api_common: f_var:SL1.sl1_kcache_total_hit_event
2026-06-26 17:00:18,627 INFO common.api_common: f_var:RM.RM_PERF_WAVES_InFlight_Level_P2
2026-06-26 17:00:18,627 INFO common.api_common: f_var:ISU.AP_PERF_BSM_ATOMIC_CYCLES
2026-06-26 17:00:18,627 INFO common.api_common: f_var:CE.CE_PERF_SEND_RM_WAVES
2026-06-26 17:00:18,627 INFO common.api_common: f_var:ISU.AP_PERF_INST_MMA_TF32
2026-06-26 17:00:18,627 INFO common.api_common: f_var:ISU.AP_PERF_INST_MMA_F64
2026-06-26 17:00:18,627 INFO common.api_common: f_var:ISU.AP_PERF_INSTS_GVM
2026-06-26 17:00:18,627 INFO common.api_common: f_var:ISU.AP_PERF_INST_GENERIC_WR
2026-06-26 17:00:18,627 INFO common.api_common: f_var:ISU.AP_PERF_INSTS_LDU
2026-06-26 17:00:18,627 INFO common.api_common: f_var:ISU.AP_PERF_INST_MMA_F32
2026-06-26 17:00:18,627 INFO common.api_common: f_var:ISU.AP_PERF_INST_PRIVATE_WR
2026-06-26 17:00:18,627 INFO common.api_common: f_var:ISU.AP_PERF_WAVES
2026-06-26 17:00:18,627 INFO common.api_common: f_var:RM.RM_PERF_DISPATCHED_WAVES_P2
2026-06-26 17:00:18,627 INFO common.api_common: f_var:ISU.AP_PERF_INSTS_SALU
2026-06-26 17:00:18,627 INFO common.api_common: f_var:ISU.AP_PERF_INST_CYCLES_VALU_16CYCLES
2026-06-26 17:00:18,627 INFO common.api_common: f_var:RM.RM_PERF_DISPATCHED_WAVES_P0
2026-06-26 17:00:18,627 INFO common.api_common: f_var:L2C.perf_hit
2026-06-26 17:00:18,627 INFO common.api_common: f_var:VL1.p_stall_due_oldest_pt1
2026-06-26 17:00:18,627 INFO common.api_common: f_var:ISU.AP_PERF_INST_GLOBAL_ATOMIC
2026-06-26 17:00:18,627 INFO common.api_common: f_var:ISU.AP_PERF_INST_GLOBAL_RD
2026-06-26 17:00:18,627 INFO common.api_common: f_var:VL1.p_total_write_instruction_event
2026-06-26 17:00:18,627 INFO common.api_common: f_var:ISU.AP_PERF_INST_GENERIC_RD
2026-06-26 17:00:18,628 INFO common.api_common: f_var:SL1.sl1_kcache_l2_rd
2026-06-26 17:00:18,628 INFO common.api_common: f_var:L2C.perf_dnoc_rd_histogram_256_511
2026-06-26 17:00:18,628 INFO common.api_common: f_var:L2C.perf_wr_req
2026-06-26 17:00:18,628 INFO common.api_common: f_var:VL1.p_perf_miss_cnt
2026-06-26 17:00:18,628 INFO common.api_common: f_var:ISU.AP_PERF_INST_GLOBAL_WR
2026-06-26 17:00:18,628 INFO common.api_common: f_var:L2C.perf_miss
2026-06-26 17:00:18,628 INFO common.api_common: f_var:L2C.perf_dnoc_wrreq_32B_high
2026-06-26 17:00:18,628 INFO common.api_common: f_var:ISU.AP_PERF_INST_FMA_F32
2026-06-26 17:00:18,628 INFO common.api_common: f_var:L2C.perf_atomic_req
2026-06-26 17:00:18,628 INFO common.api_common: f_var:ISU.AP_PERF_INSTS_GVM_ATOMIC
2026-06-26 17:00:18,628 INFO common.api_common: f_var:ISU.AP_PERF_INST_CYCLES_MMA_32CYCLES
2026-06-26 17:00:18,628 INFO common.api_common: f_var:L2C.perf_dnoc_rdreq_64B
2026-06-26 17:00:18,628 INFO common.api_common: f_var:VL1.p_total_read_instruction_event
2026-06-26 17:00:18,628 INFO common.api_common: f_var:ISU.AP_PERF_INSTS_VALU
2026-06-26 17:00:18,628 INFO common.api_common: f_var:RM.RM_PERF_DISPATCHED_WAVES_P1
2026-06-26 17:00:18,628 INFO common.api_common: f_var:ISU.AP_PERF_MTE_PI_SEG_SEL_F64
2026-06-26 17:00:18,628 INFO common.api_common: f_var:CE.CE_PERF_SEND_RM_WORKGROUPS
2026-06-26 17:00:18,628 INFO common.api_common: f_var:ISU.AP_PERF_INST_GLOBAL_ATOMIC_64
2026-06-26 17:00:18,628 INFO common.api_common: f_var:ISU.AP_PERF_ISU_ARB_DATA_STALL
2026-06-26 17:00:18,628 INFO common.api_common: f_var:RM.RM_PERF_WAVES_InFlight_Level_P3
2026-06-26 17:00:18,628 INFO common.api_common: f_var:RM.RM_PERF_WAVES_InFlight_Level_P0
2026-06-26 17:00:18,628 INFO common.api_common: f_var:ISU.AP_PERF_BSM_READ_INFLIGHT_LEVEL
2026-06-26 17:00:18,628 INFO common.api_common: f_var:ISU.AP_PERF_INST_CYCLES_VALU_4CYCLES
2026-06-26 17:00:18,628 INFO common.api_common: f_var:L2C.perf_dnoc_wrreq_128B
2026-06-26 17:00:18,628 INFO common.api_common: f_var:ISU.AP_PERF_BSM_WR_CYCLES
2026-06-26 17:00:18,628 INFO common.api_common: f_var:ISU.AP_PERF_ISU_ARB_VLS_STALL
2026-06-26 17:00:18,628 INFO common.api_common: f_var:ISU.AP_PERF_BSM_INFLIGHT_LEVEL_IN_AP
2026-06-26 17:00:18,628 INFO common.api_common: f_var:SL1.sl1_kcache_total_hit_on_miss_event
2026-06-26 17:00:18,628 INFO common.api_common: f_var:ISU.AP_PERF_ISU_ARB_VALU_STALL
2026-06-26 17:00:18,628 INFO common.api_common: f_var:ISU.AP_PERF_INST_MMA_BF16
2026-06-26 17:00:18,628 INFO common.api_common: f_var:ISU.AP_PERF_INST_TRANS_FP16
2026-06-26 17:00:18,628 INFO common.api_common: f_var:RM.RM_PERF_DISPATCHED_WAVES_P3
2026-06-26 17:00:18,628 INFO common.api_common: f_var:VL1.p_stall_due_oldest_pt0
2026-06-26 17:00:18,628 INFO common.api_common: f_var:VL1.p_stall_due_oldest_pt3
2026-06-26 17:00:18,629 INFO tools.events_generator.batches_generator: output path is: /home/ailab/maca-vendor-workspace/maca_c_opt/workspace/head_compute_mix_bwd_run/profile-artifacts/head_compute_mix_bwd_v0_baseline/mcprofiler_raw_baseline
2026-06-26 17:00:18,630 INFO tools.events_generator.batches_generator: generate event_batch_1.json successfully!
2026-06-26 17:00:18,630 INFO tools.events_generator.batches_generator: generate event_batch_2.json successfully!
2026-06-26 17:00:18,630 INFO tools.events_generator.batches_generator: generate event_batch_3.json successfully!
2026-06-26 17:00:18,630 INFO tools.events_generator.batches_generator: generate event_batch_4.json successfully!
2026-06-26 17:00:18,630 INFO tools.events_generator.batches_generator: generate event_batch_5.json successfully!
2026-06-26 17:00:18,630 INFO tools.events_generator.batches_generator: generate event_batch_6.json successfully!
2026-06-26 17:00:18,630 INFO tools.events_generator.batches_generator: generate event_batch_7.json successfully!
2026-06-26 17:00:18,631 INFO tools.events_generator.batches_generator: generate event_batch_8.json successfully!
2026-06-26 17:00:18,631 INFO phttp.server_backend: generate batch files done
2026-06-26 17:00:18,631 INFO common.api_common: ret_code cmdline_str: rm -f /root/mcRpcPort.ini
2026-06-26 17:00:18,637 INFO common.api_common: ret_code cmdline_str: cp /home/ailab/maca-vendor-workspace/maca_c_opt/workspace/head_compute_mix_bwd_run/profile-artifacts/head_compute_mix_bwd_v0_baseline/mcprofiler_raw_baseline/event_batch_1.json /home/ailab/maca-vendor-workspace/maca_c_opt/workspace/head_compute_mix_bwd_run/profile-artifacts/head_compute_mix_bwd_v0_baseline/mcprofiler_raw_baseline/mcProfiler.json
2026-06-26 17:00:18,644 INFO common.api_common: ret_code cmdline_str: export MCTX_TARGET_INIT=true; export MACA_ETC_PATH=/home/ailab/maca-vendor-workspace/maca_c_opt/workspace/head_compute_mix_bwd_run/profile-artifacts/head_compute_mix_bwd_v0_baseline/mcprofiler_raw_baseline; export MXLOG_LEVEL=info; export MACA_PATH=/opt/maca/; export LD_LIBRARY_PATH=/opt/maca/lib/:${LD_LIBRARY_PATH}; ./test_maca 0 1 2
2026-06-26 17:00:18,644 INFO common.api_common: ret_code cmdline_str: cat /root/mcRpcPort.ini
2026-06-26 17:00:18,651 WARNING phttp.server_backend: get_srvrpc_port get rpc server ports failed: cannot retrieve rpc server port.
2026-06-26 17:00:18,851 INFO common.api_common: ret_code cmdline_str: cat /root/mcRpcPort.ini
2026-06-26 17:00:19,268 INFO common.api_common: ret_code cmdline_str: cat /root/mcRpcPort.ini
2026-06-26 17:00:19,268 INFO prpc_client.mctool_client: MctxStreamProfilerCountDataGet Start
2026-06-26 17:00:19,272 INFO prpc_client.mctool_client: MctxStreamProfilerCountDataGet Loop
2026-06-26 17:00:20,076 INFO common.api_common: ret_code cmdline_str: cat /root/mcRpcPort.ini
2026-06-26 17:00:21,685 INFO common.api_common: ret_code cmdline_str: cat /root/mcRpcPort.ini
2026-06-26 17:00:21,797 INFO prpc_client.mctool_client: MctxStreamProfilerCountDataGet Loop
2026-06-26 17:00:23,471 DEBUG urllib3.connectionpool: Starting new HTTP connection (1): 127.0.0.1:50123
2026-06-26 17:00:23,476 INFO werkzeug: 127.0.0.1 - - [26/Jun/2026 17:00:23] "GET /perf_progress?exec_id=f7a42721-7329-4f0e-81f3-0189b394263f HTTP/1.1" 200 -
2026-06-26 17:00:23,476 DEBUG urllib3.connectionpool: http://127.0.0.1:50123 "GET /perf_progress?exec_id=f7a42721-7329-4f0e-81f3-0189b394263f HTTP/1.1" 200 2521
2026-06-26 17:00:24,898 INFO common.api_common: ret_code cmdline_str: rm -f /root/mcRpcPort.ini
2026-06-26 17:00:24,906 INFO common.api_common: ret_code cmdline_str: cp /home/ailab/maca-vendor-workspace/maca_c_opt/workspace/head_compute_mix_bwd_run/profile-artifacts/head_compute_mix_bwd_v0_baseline/mcprofiler_raw_baseline/event_batch_2.json /home/ailab/maca-vendor-workspace/maca_c_opt/workspace/head_compute_mix_bwd_run/profile-artifacts/head_compute_mix_bwd_v0_baseline/mcprofiler_raw_baseline/mcProfiler.json
2026-06-26 17:00:24,914 INFO common.api_common: ret_code cmdline_str: export MCTX_TARGET_INIT=true; export MACA_ETC_PATH=/home/ailab/maca-vendor-workspace/maca_c_opt/workspace/head_compute_mix_bwd_run/profile-artifacts/head_compute_mix_bwd_v0_baseline/mcprofiler_raw_baseline; export MXLOG_LEVEL=info; export MACA_PATH=/opt/maca/; export LD_LIBRARY_PATH=/opt/maca/lib/:${LD_LIBRARY_PATH}; ./test_maca 0 1 2
2026-06-26 17:00:24,914 INFO common.api_common: ret_code cmdline_str: cat /root/mcRpcPort.ini
2026-06-26 17:00:24,922 WARNING phttp.server_backend: get_srvrpc_port get rpc server ports failed: cannot retrieve rpc server port.
2026-06-26 17:00:25,122 INFO common.api_common: ret_code cmdline_str: cat /root/mcRpcPort.ini
2026-06-26 17:00:25,533 INFO common.api_common: ret_code cmdline_str: cat /root/mcRpcPort.ini
2026-06-26 17:00:25,533 INFO prpc_client.mctool_client: MctxStreamProfilerCountDataGet Start
2026-06-26 17:00:25,537 INFO prpc_client.mctool_client: MctxStreamProfilerCountDataGet Loop
2026-06-26 17:00:26,341 INFO common.api_common: ret_code cmdline_str: cat /root/mcRpcPort.ini
2026-06-26 17:00:27,950 INFO common.api_common: ret_code cmdline_str: cat /root/mcRpcPort.ini
2026-06-26 17:00:28,067 INFO prpc_client.mctool_client: MctxStreamProfilerCountDataGet Loop
2026-06-26 17:00:28,481 DEBUG urllib3.connectionpool: Starting new HTTP connection (1): 127.0.0.1:50123
2026-06-26 17:00:28,485 INFO werkzeug: 127.0.0.1 - - [26/Jun/2026 17:00:28] "GET /perf_progress?exec_id=f7a42721-7329-4f0e-81f3-0189b394263f HTTP/1.1" 200 -
2026-06-26 17:00:28,486 DEBUG urllib3.connectionpool: http://127.0.0.1:50123 "GET /perf_progress?exec_id=f7a42721-7329-4f0e-81f3-0189b394263f HTTP/1.1" 200 2521
2026-06-26 17:00:31,163 INFO common.api_common: ret_code cmdline_str: rm -f /root/mcRpcPort.ini
2026-06-26 17:00:31,170 INFO common.api_common: ret_code cmdline_str: cp /home/ailab/maca-vendor-workspace/maca_c_opt/workspace/head_compute_mix_bwd_run/profile-artifacts/head_compute_mix_bwd_v0_baseline/mcprofiler_raw_baseline/event_batch_3.json /home/ailab/maca-vendor-workspace/maca_c_opt/workspace/head_compute_mix_bwd_run/profile-artifacts/head_compute_mix_bwd_v0_baseline/mcprofiler_raw_baseline/mcProfiler.json
2026-06-26 17:00:31,178 INFO common.api_common: ret_code cmdline_str: export MCTX_TARGET_INIT=true; export MACA_ETC_PATH=/home/ailab/maca-vendor-workspace/maca_c_opt/workspace/head_compute_mix_bwd_run/profile-artifacts/head_compute_mix_bwd_v0_baseline/mcprofiler_raw_baseline; export MXLOG_LEVEL=info; export MACA_PATH=/opt/maca/; export LD_LIBRARY_PATH=/opt/maca/lib/:${LD_LIBRARY_PATH}; ./test_maca 0 1 2
2026-06-26 17:00:31,178 INFO common.api_common: ret_code cmdline_str: cat /root/mcRpcPort.ini
2026-06-26 17:00:31,186 WARNING phttp.server_backend: get_srvrpc_port get rpc server ports failed: cannot retrieve rpc server port.
2026-06-26 17:00:31,387 INFO common.api_common: ret_code cmdline_str: cat /root/mcRpcPort.ini
2026-06-26 17:00:31,797 INFO common.api_common: ret_code cmdline_str: cat /root/mcRpcPort.ini
2026-06-26 17:00:31,798 INFO prpc_client.mctool_client: MctxStreamProfilerCountDataGet Start
2026-06-26 17:00:31,801 INFO prpc_client.mctool_client: MctxStreamProfilerCountDataGet Loop
2026-06-26 17:00:32,606 INFO common.api_common: ret_code cmdline_str: cat /root/mcRpcPort.ini
2026-06-26 17:00:33,493 DEBUG urllib3.connectionpool: Starting new HTTP connection (1): 127.0.0.1:50123
2026-06-26 17:00:33,499 INFO werkzeug: 127.0.0.1 - - [26/Jun/2026 17:00:33] "GET /perf_progress?exec_id=f7a42721-7329-4f0e-81f3-0189b394263f HTTP/1.1" 200 -
2026-06-26 17:00:33,499 DEBUG urllib3.connectionpool: http://127.0.0.1:50123 "GET /perf_progress?exec_id=f7a42721-7329-4f0e-81f3-0189b394263f HTTP/1.1" 200 9960
2026-06-26 17:00:34,215 INFO common.api_common: ret_code cmdline_str: cat /root/mcRpcPort.ini
2026-06-26 17:00:34,338 INFO prpc_client.mctool_client: MctxStreamProfilerCountDataGet Loop
2026-06-26 17:00:37,428 INFO common.api_common: ret_code cmdline_str: rm -f /root/mcRpcPort.ini
2026-06-26 17:00:37,436 INFO common.api_common: ret_code cmdline_str: cp /home/ailab/maca-vendor-workspace/maca_c_opt/workspace/head_compute_mix_bwd_run/profile-artifacts/head_compute_mix_bwd_v0_baseline/mcprofiler_raw_baseline/event_batch_4.json /home/ailab/maca-vendor-workspace/maca_c_opt/workspace/head_compute_mix_bwd_run/profile-artifacts/head_compute_mix_bwd_v0_baseline/mcprofiler_raw_baseline/mcProfiler.json
2026-06-26 17:00:37,442 INFO common.api_common: ret_code cmdline_str: export MCTX_TARGET_INIT=true; export MACA_ETC_PATH=/home/ailab/maca-vendor-workspace/maca_c_opt/workspace/head_compute_mix_bwd_run/profile-artifacts/head_compute_mix_bwd_v0_baseline/mcprofiler_raw_baseline; export MXLOG_LEVEL=info; export MACA_PATH=/opt/maca/; export LD_LIBRARY_PATH=/opt/maca/lib/:${LD_LIBRARY_PATH}; ./test_maca 0 1 2
2026-06-26 17:00:37,442 INFO common.api_common: ret_code cmdline_str: cat /root/mcRpcPort.ini
2026-06-26 17:00:37,450 WARNING phttp.server_backend: get_srvrpc_port get rpc server ports failed: cannot retrieve rpc server port.
2026-06-26 17:00:37,650 INFO common.api_common: ret_code cmdline_str: cat /root/mcRpcPort.ini
2026-06-26 17:00:38,061 INFO common.api_common: ret_code cmdline_str: cat /root/mcRpcPort.ini
2026-06-26 17:00:38,061 INFO prpc_client.mctool_client: MctxStreamProfilerCountDataGet Start
2026-06-26 17:00:38,062 INFO prpc_client.mctool_client: MctxStreamProfilerCountDataGet Loop
2026-06-26 17:00:38,506 DEBUG urllib3.connectionpool: Starting new HTTP connection (1): 127.0.0.1:50123
2026-06-26 17:00:38,511 INFO werkzeug: 127.0.0.1 - - [26/Jun/2026 17:00:38] "GET /perf_progress?exec_id=f7a42721-7329-4f0e-81f3-0189b394263f HTTP/1.1" 200 -
2026-06-26 17:00:38,511 DEBUG urllib3.connectionpool: http://127.0.0.1:50123 "GET /perf_progress?exec_id=f7a42721-7329-4f0e-81f3-0189b394263f HTTP/1.1" 200 9960
2026-06-26 17:00:38,870 INFO common.api_common: ret_code cmdline_str: cat /root/mcRpcPort.ini
2026-06-26 17:00:40,480 INFO common.api_common: ret_code cmdline_str: cat /root/mcRpcPort.ini
2026-06-26 17:00:40,601 INFO prpc_client.mctool_client: MctxStreamProfilerCountDataGet Loop
2026-06-26 17:00:43,518 DEBUG urllib3.connectionpool: Starting new HTTP connection (1): 127.0.0.1:50123
2026-06-26 17:00:43,523 INFO werkzeug: 127.0.0.1 - - [26/Jun/2026 17:00:43] "GET /perf_progress?exec_id=f7a42721-7329-4f0e-81f3-0189b394263f HTTP/1.1" 200 -
2026-06-26 17:00:43,523 DEBUG urllib3.connectionpool: http://127.0.0.1:50123 "GET /perf_progress?exec_id=f7a42721-7329-4f0e-81f3-0189b394263f HTTP/1.1" 200 9960
2026-06-26 17:00:43,692 INFO common.api_common: ret_code cmdline_str: rm -f /root/mcRpcPort.ini
2026-06-26 17:00:43,699 INFO common.api_common: ret_code cmdline_str: cp /home/ailab/maca-vendor-workspace/maca_c_opt/workspace/head_compute_mix_bwd_run/profile-artifacts/head_compute_mix_bwd_v0_baseline/mcprofiler_raw_baseline/event_batch_5.json /home/ailab/maca-vendor-workspace/maca_c_opt/workspace/head_compute_mix_bwd_run/profile-artifacts/head_compute_mix_bwd_v0_baseline/mcprofiler_raw_baseline/mcProfiler.json
2026-06-26 17:00:43,706 INFO common.api_common: ret_code cmdline_str: export MCTX_TARGET_INIT=true; export MACA_ETC_PATH=/home/ailab/maca-vendor-workspace/maca_c_opt/workspace/head_compute_mix_bwd_run/profile-artifacts/head_compute_mix_bwd_v0_baseline/mcprofiler_raw_baseline; export MXLOG_LEVEL=info; export MACA_PATH=/opt/maca/; export LD_LIBRARY_PATH=/opt/maca/lib/:${LD_LIBRARY_PATH}; ./test_maca 0 1 2
2026-06-26 17:00:43,707 INFO common.api_common: ret_code cmdline_str: cat /root/mcRpcPort.ini
2026-06-26 17:00:43,714 WARNING phttp.server_backend: get_srvrpc_port get rpc server ports failed: cannot retrieve rpc server port.
2026-06-26 17:00:43,915 INFO common.api_common: ret_code cmdline_str: cat /root/mcRpcPort.ini
2026-06-26 17:00:44,325 INFO common.api_common: ret_code cmdline_str: cat /root/mcRpcPort.ini
2026-06-26 17:00:44,326 INFO prpc_client.mctool_client: MctxStreamProfilerCountDataGet Start
2026-06-26 17:00:44,329 INFO prpc_client.mctool_client: MctxStreamProfilerCountDataGet Loop
2026-06-26 17:00:45,134 INFO common.api_common: ret_code cmdline_str: cat /root/mcRpcPort.ini
2026-06-26 17:00:46,743 INFO common.api_common: ret_code cmdline_str: cat /root/mcRpcPort.ini
2026-06-26 17:00:46,865 INFO prpc_client.mctool_client: MctxStreamProfilerCountDataGet Loop
2026-06-26 17:00:48,529 DEBUG urllib3.connectionpool: Starting new HTTP connection (1): 127.0.0.1:50123
2026-06-26 17:00:48,534 INFO werkzeug: 127.0.0.1 - - [26/Jun/2026 17:00:48] "GET /perf_progress?exec_id=f7a42721-7329-4f0e-81f3-0189b394263f HTTP/1.1" 200 -
2026-06-26 17:00:48,534 DEBUG urllib3.connectionpool: http://127.0.0.1:50123 "GET /perf_progress?exec_id=f7a42721-7329-4f0e-81f3-0189b394263f HTTP/1.1" 200 9960
2026-06-26 17:00:49,955 INFO common.api_common: ret_code cmdline_str: rm -f /root/mcRpcPort.ini
2026-06-26 17:00:49,962 INFO common.api_common: ret_code cmdline_str: cp /home/ailab/maca-vendor-workspace/maca_c_opt/workspace/head_compute_mix_bwd_run/profile-artifacts/head_compute_mix_bwd_v0_baseline/mcprofiler_raw_baseline/event_batch_6.json /home/ailab/maca-vendor-workspace/maca_c_opt/workspace/head_compute_mix_bwd_run/profile-artifacts/head_compute_mix_bwd_v0_baseline/mcprofiler_raw_baseline/mcProfiler.json
2026-06-26 17:00:49,969 INFO common.api_common: ret_code cmdline_str: export MCTX_TARGET_INIT=true; export MACA_ETC_PATH=/home/ailab/maca-vendor-workspace/maca_c_opt/workspace/head_compute_mix_bwd_run/profile-artifacts/head_compute_mix_bwd_v0_baseline/mcprofiler_raw_baseline; export MXLOG_LEVEL=info; export MACA_PATH=/opt/maca/; export LD_LIBRARY_PATH=/opt/maca/lib/:${LD_LIBRARY_PATH}; ./test_maca 0 1 2
2026-06-26 17:00:49,969 INFO common.api_common: ret_code cmdline_str: cat /root/mcRpcPort.ini
2026-06-26 17:00:49,977 WARNING phttp.server_backend: get_srvrpc_port get rpc server ports failed: cannot retrieve rpc server port.
2026-06-26 17:00:50,178 INFO common.api_common: ret_code cmdline_str: cat /root/mcRpcPort.ini
2026-06-26 17:00:50,588 INFO common.api_common: ret_code cmdline_str: cat /root/mcRpcPort.ini
2026-06-26 17:00:50,589 INFO prpc_client.mctool_client: MctxStreamProfilerCountDataGet Start
2026-06-26 17:00:50,592 INFO prpc_client.mctool_client: MctxStreamProfilerCountDataGet Loop
2026-06-26 17:00:51,397 INFO common.api_common: ret_code cmdline_str: cat /root/mcRpcPort.ini
2026-06-26 17:00:53,006 INFO common.api_common: ret_code cmdline_str: cat /root/mcRpcPort.ini
2026-06-26 17:00:53,105 INFO prpc_client.mctool_client: MctxStreamProfilerCountDataGet Loop
2026-06-26 17:00:53,541 DEBUG urllib3.connectionpool: Starting new HTTP connection (1): 127.0.0.1:50123
2026-06-26 17:00:53,546 INFO werkzeug: 127.0.0.1 - - [26/Jun/2026 17:00:53] "GET /perf_progress?exec_id=f7a42721-7329-4f0e-81f3-0189b394263f HTTP/1.1" 200 -
2026-06-26 17:00:53,546 DEBUG urllib3.connectionpool: http://127.0.0.1:50123 "GET /perf_progress?exec_id=f7a42721-7329-4f0e-81f3-0189b394263f HTTP/1.1" 200 9960
2026-06-26 17:00:56,218 INFO common.api_common: ret_code cmdline_str: rm -f /root/mcRpcPort.ini
2026-06-26 17:00:56,226 INFO common.api_common: ret_code cmdline_str: cp /home/ailab/maca-vendor-workspace/maca_c_opt/workspace/head_compute_mix_bwd_run/profile-artifacts/head_compute_mix_bwd_v0_baseline/mcprofiler_raw_baseline/event_batch_7.json /home/ailab/maca-vendor-workspace/maca_c_opt/workspace/head_compute_mix_bwd_run/profile-artifacts/head_compute_mix_bwd_v0_baseline/mcprofiler_raw_baseline/mcProfiler.json
2026-06-26 17:00:56,233 INFO common.api_common: ret_code cmdline_str: export MCTX_TARGET_INIT=true; export MACA_ETC_PATH=/home/ailab/maca-vendor-workspace/maca_c_opt/workspace/head_compute_mix_bwd_run/profile-artifacts/head_compute_mix_bwd_v0_baseline/mcprofiler_raw_baseline; export MXLOG_LEVEL=info; export MACA_PATH=/opt/maca/; export LD_LIBRARY_PATH=/opt/maca/lib/:${LD_LIBRARY_PATH}; ./test_maca 0 1 2
2026-06-26 17:00:56,233 INFO common.api_common: ret_code cmdline_str: cat /root/mcRpcPort.ini
2026-06-26 17:00:56,240 WARNING phttp.server_backend: get_srvrpc_port get rpc server ports failed: cannot retrieve rpc server port.
2026-06-26 17:00:56,441 INFO common.api_common: ret_code cmdline_str: cat /root/mcRpcPort.ini
2026-06-26 17:00:56,851 INFO common.api_common: ret_code cmdline_str: cat /root/mcRpcPort.ini
2026-06-26 17:00:56,852 INFO prpc_client.mctool_client: MctxStreamProfilerCountDataGet Start
2026-06-26 17:00:56,855 INFO prpc_client.mctool_client: MctxStreamProfilerCountDataGet Loop
2026-06-26 17:00:57,660 INFO common.api_common: ret_code cmdline_str: cat /root/mcRpcPort.ini
2026-06-26 17:00:58,553 DEBUG urllib3.connectionpool: Starting new HTTP connection (1): 127.0.0.1:50123
2026-06-26 17:00:58,558 INFO werkzeug: 127.0.0.1 - - [26/Jun/2026 17:00:58] "GET /perf_progress?exec_id=f7a42721-7329-4f0e-81f3-0189b394263f HTTP/1.1" 200 -
2026-06-26 17:00:58,559 DEBUG urllib3.connectionpool: http://127.0.0.1:50123 "GET /perf_progress?exec_id=f7a42721-7329-4f0e-81f3-0189b394263f HTTP/1.1" 200 9960
2026-06-26 17:00:59,269 INFO common.api_common: ret_code cmdline_str: cat /root/mcRpcPort.ini
2026-06-26 17:00:59,380 INFO prpc_client.mctool_client: MctxStreamProfilerCountDataGet Loop
2026-06-26 17:01:02,481 INFO common.api_common: ret_code cmdline_str: rm -f /root/mcRpcPort.ini
2026-06-26 17:01:02,488 INFO common.api_common: ret_code cmdline_str: cp /home/ailab/maca-vendor-workspace/maca_c_opt/workspace/head_compute_mix_bwd_run/profile-artifacts/head_compute_mix_bwd_v0_baseline/mcprofiler_raw_baseline/event_batch_8.json /home/ailab/maca-vendor-workspace/maca_c_opt/workspace/head_compute_mix_bwd_run/profile-artifacts/head_compute_mix_bwd_v0_baseline/mcprofiler_raw_baseline/mcProfiler.json
2026-06-26 17:01:02,495 INFO common.api_common: ret_code cmdline_str: export MCTX_TARGET_INIT=true; export MACA_ETC_PATH=/home/ailab/maca-vendor-workspace/maca_c_opt/workspace/head_compute_mix_bwd_run/profile-artifacts/head_compute_mix_bwd_v0_baseline/mcprofiler_raw_baseline; export MXLOG_LEVEL=info; export MACA_PATH=/opt/maca/; export LD_LIBRARY_PATH=/opt/maca/lib/:${LD_LIBRARY_PATH}; ./test_maca 0 1 2
2026-06-26 17:01:02,495 INFO common.api_common: ret_code cmdline_str: cat /root/mcRpcPort.ini
2026-06-26 17:01:02,503 WARNING phttp.server_backend: get_srvrpc_port get rpc server ports failed: cannot retrieve rpc server port.
2026-06-26 17:01:02,703 INFO common.api_common: ret_code cmdline_str: cat /root/mcRpcPort.ini
2026-06-26 17:01:03,114 INFO common.api_common: ret_code cmdline_str: cat /root/mcRpcPort.ini
2026-06-26 17:01:03,114 INFO prpc_client.mctool_client: MctxStreamProfilerCountDataGet Start
2026-06-26 17:01:03,117 INFO prpc_client.mctool_client: MctxStreamProfilerCountDataGet Loop
2026-06-26 17:01:03,565 DEBUG urllib3.connectionpool: Starting new HTTP connection (1): 127.0.0.1:50123
2026-06-26 17:01:03,570 INFO werkzeug: 127.0.0.1 - - [26/Jun/2026 17:01:03] "GET /perf_progress?exec_id=f7a42721-7329-4f0e-81f3-0189b394263f HTTP/1.1" 200 -
2026-06-26 17:01:03,570 DEBUG urllib3.connectionpool: http://127.0.0.1:50123 "GET /perf_progress?exec_id=f7a42721-7329-4f0e-81f3-0189b394263f HTTP/1.1" 200 9960
2026-06-26 17:01:03,922 INFO common.api_common: ret_code cmdline_str: cat /root/mcRpcPort.ini
2026-06-26 17:01:05,531 INFO common.api_common: ret_code cmdline_str: cat /root/mcRpcPort.ini
2026-06-26 17:01:05,642 INFO prpc_client.mctool_client: MctxStreamProfilerCountDataGet Loop
2026-06-26 17:01:08,577 DEBUG urllib3.connectionpool: Starting new HTTP connection (1): 127.0.0.1:50123
2026-06-26 17:01:08,582 INFO werkzeug: 127.0.0.1 - - [26/Jun/2026 17:01:08] "GET /perf_progress?exec_id=f7a42721-7329-4f0e-81f3-0189b394263f HTTP/1.1" 200 -
2026-06-26 17:01:08,582 DEBUG urllib3.connectionpool: http://127.0.0.1:50123 "GET /perf_progress?exec_id=f7a42721-7329-4f0e-81f3-0189b394263f HTTP/1.1" 200 9960
2026-06-26 17:01:08,774 INFO phttp.server_backend: profiling task f7a42721-7329-4f0e-81f3-0189b394263f
2026-06-26 17:01:08,775 INFO utils.complier: analyse  formula:[{'type': 'VARIABLE', 'value': '{{ISU.AP_PERF_INSTS_VALU}}'}, {'type': 'VARIABLE', 'value': '{{ISU.AP_PERF_INSTS_MMA}}'}, {'type': 'VARIABLE', 'value': '{{ISU.AP_PERF_INSTS_SALU}}'}, {'type': 'VARIABLE', 'value': '{{ISU.AP_PERF_INST_MISC}}'}]
2026-06-26 17:01:08,775 INFO utils.complier: analyse  formula:[]
2026-06-26 17:01:08,775 INFO utils.complier: analyse  formula:[]
2026-06-26 17:01:08,776 INFO utils.complier: analyse  formula:[{'type': 'PROC_VAR', 'value': '$RET'}]
2026-06-26 17:01:08,777 INFO utils.complier: analyse  formula:[]
2026-06-26 17:01:08,777 INFO utils.complier: analyse  formula:[{'type': 'VARIABLE', 'value': '{{ISU.AP_PERF_INSTS_VALU}}'}, {'type': 'VARIABLE', 'value': '{{ISU.AP_PERF_INSTS_MMA}}'}, {'type': 'VARIABLE', 'value': '{{ISU.AP_PERF_INSTS_SALU}}'}, {'type': 'VARIABLE', 'value': '{{ISU.AP_PERF_INST_MISC}}'}]
2026-06-26 17:01:08,777 INFO utils.complier: analyse  formula:[]
2026-06-26 17:01:08,778 INFO utils.complier: analyse  formula:[]
2026-06-26 17:01:08,778 INFO utils.complier: analyse  formula:[{'type': 'VARIABLE', 'value': '{{ISU.AP_PERF_INSTS_GVM}}'}, {'type': 'VARIABLE', 'value': '{{ISU.AP_PERF_INSTS_BSM}}'}, {'type': 'VARIABLE', 'value': '{{ISU.AP_PERF_INSTS_LDU}}'}]
2026-06-26 17:01:08,778 INFO utils.complier: analyse  formula:[]
2026-06-26 17:01:08,778 INFO utils.complier: analyse  formula:[]
2026-06-26 17:01:08,779 INFO utils.complier: analyse  formula:[{'type': 'PROC_VAR', 'value': '$RET'}]
2026-06-26 17:01:08,779 INFO utils.complier: analyse  formula:[]
2026-06-26 17:01:08,780 INFO utils.complier: analyse  formula:[{'type': 'VARIABLE', 'value': '{{ISU.AP_PERF_INSTS_GVM}}'}, {'type': 'VARIABLE', 'value': '{{ISU.AP_PERF_INSTS_BSM}}'}, {'type': 'VARIABLE', 'value': '{{ISU.AP_PERF_INSTS_LDU}}'}]
2026-06-26 17:01:08,780 INFO utils.complier: analyse  formula:[]
2026-06-26 17:01:08,781 INFO utils.complier: analyse  formula:[]
2026-06-26 17:01:08,781 INFO utils.complier: analyse  formula:[]
2026-06-26 17:01:08,781 INFO utils.complier: analyse  formula:[{'type': 'UMD_VARIABLE', 'value': '{TRACER.dur}'}]
2026-06-26 17:01:08,781 INFO utils.complier: analyse  formula:[]
2026-06-26 17:01:08,781 ERROR utils.pc_base: get_varvalues failed: 'TRACER'
2026-06-26 17:01:08,781 ERROR utils.pc_base: cannot calculate: 'TRACER'
2026-06-26 17:01:08,781 INFO utils.complier: analyse  formula:[{'type': 'VARIABLE', 'value': '{{ISU.AP_PERF_ISU_AP_BUSY}}'}]
2026-06-26 17:01:08,781 INFO utils.complier: analyse  formula:[{'type': 'UMD_VARIABLE', 'value': '{TRACER.dur}'}]
2026-06-26 17:01:08,781 INFO utils.complier: analyse  formula:[]
2026-06-26 17:01:08,781 ERROR utils.pc_base: get_varvalues failed: 'TRACER'
2026-06-26 17:01:08,781 ERROR utils.pc_base: cannot calculate: 'TRACER'
2026-06-26 17:01:08,782 INFO utils.complier: analyse  formula:[{'type': 'VARIABLE', 'value': '{{ISU.AP_PERF_INST_GLOBAL_RD}}'}]
2026-06-26 17:01:08,782 INFO utils.complier: analyse  formula:[]
2026-06-26 17:01:08,782 INFO utils.complier: analyse  formula:[]
2026-06-26 17:01:08,782 INFO utils.complier: analyse  formula:[{'type': 'PROC_VAR', 'value': '$RET'}]
2026-06-26 17:01:08,782 INFO utils.complier: analyse  formula:[]
2026-06-26 17:01:08,782 INFO utils.complier: analyse  formula:[{'type': 'VARIABLE', 'value': '{{ISU.AP_PERF_INST_GLOBAL_RD}}'}]
2026-06-26 17:01:08,782 INFO utils.complier: analyse  formula:[]
2026-06-26 17:01:08,783 INFO utils.complier: analyse  formula:[]
2026-06-26 17:01:08,783 INFO utils.complier: analyse  formula:[{'type': 'VARIABLE', 'value': '{{ISU.AP_PERF_INST_GLOBAL_WR}}'}]
2026-06-26 17:01:08,783 INFO utils.complier: analyse  formula:[]
2026-06-26 17:01:08,783 INFO utils.complier: analyse  formula:[]
2026-06-26 17:01:08,783 INFO utils.complier: analyse  formula:[{'type': 'PROC_VAR', 'value': '$RET'}]
2026-06-26 17:01:08,783 INFO utils.complier: analyse  formula:[]
2026-06-26 17:01:08,783 INFO utils.complier: analyse  formula:[{'type': 'VARIABLE', 'value': '{{ISU.AP_PERF_INST_GLOBAL_WR}}'}]
2026-06-26 17:01:08,783 INFO utils.complier: analyse  formula:[]
2026-06-26 17:01:08,784 INFO utils.complier: analyse  formula:[]
2026-06-26 17:01:08,784 INFO utils.complier: analyse  formula:[{'type': 'VARIABLE', 'value': '{{ISU.AP_PERF_INST_PRIVATE_RD}}'}]
2026-06-26 17:01:08,784 INFO utils.complier: analyse  formula:[]
2026-06-26 17:01:08,784 INFO utils.complier: analyse  formula:[]
2026-06-26 17:01:08,784 INFO utils.complier: analyse  formula:[{'type': 'PROC_VAR', 'value': '$RET'}]
2026-06-26 17:01:08,784 INFO utils.complier: analyse  formula:[]
2026-06-26 17:01:08,784 INFO utils.complier: analyse  formula:[{'type': 'VARIABLE', 'value': '{{ISU.AP_PERF_INST_PRIVATE_RD}}'}]
2026-06-26 17:01:08,785 INFO utils.complier: analyse  formula:[]
2026-06-26 17:01:08,785 INFO utils.complier: analyse  formula:[]
2026-06-26 17:01:08,785 INFO utils.complier: analyse  formula:[{'type': 'VARIABLE', 'value': '{{ISU.AP_PERF_INST_PRIVATE_WR}}'}]
2026-06-26 17:01:08,785 INFO utils.complier: analyse  formula:[]
2026-06-26 17:01:08,785 INFO utils.complier: analyse  formula:[]
2026-06-26 17:01:08,785 INFO utils.complier: analyse  formula:[{'type': 'PROC_VAR', 'value': '$RET'}]
2026-06-26 17:01:08,785 INFO utils.complier: analyse  formula:[]
2026-06-26 17:01:08,785 INFO utils.complier: analyse  formula:[{'type': 'VARIABLE', 'value': '{{ISU.AP_PERF_INST_PRIVATE_WR}}'}]
2026-06-26 17:01:08,786 INFO utils.complier: analyse  formula:[]
2026-06-26 17:01:08,786 INFO utils.complier: analyse  formula:[]
2026-06-26 17:01:08,786 INFO utils.complier: analyse  formula:[{'type': 'VARIABLE', 'value': '{{ISU.AP_PERF_INST_GENERIC_RD}}'}]
2026-06-26 17:01:08,786 INFO utils.complier: analyse  formula:[]
2026-06-26 17:01:08,786 INFO utils.complier: analyse  formula:[]
2026-06-26 17:01:08,786 INFO utils.complier: analyse  formula:[{'type': 'PROC_VAR', 'value': '$RET'}]
2026-06-26 17:01:08,786 INFO utils.complier: analyse  formula:[]
2026-06-26 17:01:08,787 INFO utils.complier: analyse  formula:[{'type': 'VARIABLE', 'value': '{{ISU.AP_PERF_INST_GENERIC_RD}}'}]
2026-06-26 17:01:08,787 INFO utils.complier: analyse  formula:[]
2026-06-26 17:01:08,787 INFO utils.complier: analyse  formula:[]
2026-06-26 17:01:08,787 INFO utils.complier: analyse  formula:[{'type': 'VARIABLE', 'value': '{{ISU.AP_PERF_INST_GENERIC_WR}}'}]
2026-06-26 17:01:08,787 INFO utils.complier: analyse  formula:[]
2026-06-26 17:01:08,787 INFO utils.complier: analyse  formula:[]
2026-06-26 17:01:08,787 INFO utils.complier: analyse  formula:[{'type': 'PROC_VAR', 'value': '$RET'}]
2026-06-26 17:01:08,787 INFO utils.complier: analyse  formula:[]
2026-06-26 17:01:08,788 INFO utils.complier: analyse  formula:[{'type': 'VARIABLE', 'value': '{{ISU.AP_PERF_INST_GENERIC_WR}}'}]
2026-06-26 17:01:08,788 INFO utils.complier: analyse  formula:[]
2026-06-26 17:01:08,788 INFO utils.complier: analyse  formula:[]
2026-06-26 17:01:08,788 INFO utils.complier: analyse  formula:[{'type': 'VARIABLE', 'value': '{{ISU.AP_PERF_INSTS_LDU}}'}]
2026-06-26 17:01:08,788 INFO utils.complier: analyse  formula:[]
2026-06-26 17:01:08,788 INFO utils.complier: analyse  formula:[]
2026-06-26 17:01:08,788 INFO utils.complier: analyse  formula:[{'type': 'PROC_VAR', 'value': '$RET'}]
2026-06-26 17:01:08,789 INFO utils.complier: analyse  formula:[]
2026-06-26 17:01:08,789 INFO utils.complier: analyse  formula:[{'type': 'VARIABLE', 'value': '{{ISU.AP_PERF_INSTS_LDU}}'}]
2026-06-26 17:01:08,789 INFO utils.complier: analyse  formula:[]
2026-06-26 17:01:08,789 INFO utils.complier: analyse  formula:[]
2026-06-26 17:01:08,789 INFO utils.complier: analyse  formula:[{'type': 'VARIABLE', 'value': '{{ISU.AP_PERF_INST_BSM_RD}}'}]
2026-06-26 17:01:08,789 INFO utils.complier: analyse  formula:[]
2026-06-26 17:01:08,789 INFO utils.complier: analyse  formula:[]
2026-06-26 17:01:08,789 INFO utils.complier: analyse  formula:[{'type': 'PROC_VAR', 'value': '$RET'}]
2026-06-26 17:01:08,790 INFO utils.complier: analyse  formula:[]
2026-06-26 17:01:08,790 INFO utils.complier: analyse  formula:[{'type': 'VARIABLE', 'value': '{{ISU.AP_PERF_INST_BSM_RD}}'}]
2026-06-26 17:01:08,790 INFO utils.complier: analyse  formula:[]
2026-06-26 17:01:08,790 INFO utils.complier: analyse  formula:[]
2026-06-26 17:01:08,790 INFO utils.complier: analyse  formula:[{'type': 'VARIABLE', 'value': '{{ISU.AP_PERF_INST_BSM_WR}}'}]
2026-06-26 17:01:08,790 INFO utils.complier: analyse  formula:[]
2026-06-26 17:01:08,790 INFO utils.complier: analyse  formula:[]
2026-06-26 17:01:08,791 INFO utils.complier: analyse  formula:[{'type': 'PROC_VAR', 'value': '$RET'}]
2026-06-26 17:01:08,791 INFO utils.complier: analyse  formula:[]
2026-06-26 17:01:08,791 INFO utils.complier: analyse  formula:[{'type': 'VARIABLE', 'value': '{{ISU.AP_PERF_INST_BSM_WR}}'}]
2026-06-26 17:01:08,791 INFO utils.complier: analyse  formula:[]
2026-06-26 17:01:08,791 INFO utils.complier: analyse  formula:[]
2026-06-26 17:01:08,791 INFO utils.complier: analyse  formula:[{'type': 'VARIABLE', 'value': '{{VL1.p_total_read_instruction_event}}'}]
2026-06-26 17:01:08,791 INFO utils.complier: analyse  formula:[]
2026-06-26 17:01:08,791 INFO utils.complier: analyse  formula:[]
2026-06-26 17:01:08,792 INFO utils.complier: analyse  formula:[{'type': 'PROC_VAR', 'value': '$RET'}]
2026-06-26 17:01:08,792 INFO utils.complier: analyse  formula:[]
2026-06-26 17:01:08,792 INFO utils.complier: analyse  formula:[{'type': 'VARIABLE', 'value': '{{VL1.p_total_read_instruction_event}}'}]
2026-06-26 17:01:08,792 INFO utils.complier: analyse  formula:[]
2026-06-26 17:01:08,792 INFO utils.complier: analyse  formula:[]
2026-06-26 17:01:08,792 INFO utils.complier: analyse  formula:[{'type': 'VARIABLE', 'value': '{{VL1.p_total_write_instruction_event}}'}]
2026-06-26 17:01:08,792 INFO utils.complier: analyse  formula:[]
2026-06-26 17:01:08,792 INFO utils.complier: analyse  formula:[]
2026-06-26 17:01:08,793 INFO utils.complier: analyse  formula:[{'type': 'PROC_VAR', 'value': '$RET'}]
2026-06-26 17:01:08,793 INFO utils.complier: analyse  formula:[]
2026-06-26 17:01:08,793 INFO utils.complier: analyse  formula:[{'type': 'VARIABLE', 'value': '{{VL1.p_total_write_instruction_event}}'}]
2026-06-26 17:01:08,793 INFO utils.complier: analyse  formula:[]
2026-06-26 17:01:08,793 INFO utils.complier: analyse  formula:[]
2026-06-26 17:01:08,794 INFO utils.complier: analyse  formula:[{'type': 'VARIABLE', 'value': '{{VL1.p_perf_thread_req_cnt}}'}, {'type': 'VARIABLE', 'value': '{{VL1.p_perf_miss_cnt}}'}, {'type': 'VARIABLE', 'value': '{{VL1.p_perf_thread_req_cnt}}'}]
2026-06-26 17:01:08,794 INFO utils.complier: analyse  formula:[]
2026-06-26 17:01:08,794 INFO utils.complier: analyse  formula:[]
2026-06-26 17:01:08,795 INFO utils.complier: analyse  formula:[{'type': 'PROC_VAR', 'value': '$vl1hit'}, {'type': 'PROC_VAR', 'value': '$RET'}, {'type': 'PROC_VAR', 'value': '$vl1hit'}]
2026-06-26 17:01:08,795 INFO utils.complier: analyse  formula:[]
2026-06-26 17:01:08,796 INFO utils.complier: analyse  formula:[{'type': 'VARIABLE', 'value': '{{VL1.p_perf_thread_req_cnt}}'}, {'type': 'VARIABLE', 'value': '{{VL1.p_perf_miss_cnt}}'}, {'type': 'VARIABLE', 'value': '{{VL1.p_perf_thread_req_cnt}}'}]
2026-06-26 17:01:08,796 INFO utils.complier: analyse  formula:[]
2026-06-26 17:01:08,797 INFO utils.complier: analyse  formula:[]
2026-06-26 17:01:08,797 INFO utils.complier: analyse  formula:[{'type': 'VARIABLE', 'value': '{{L2C.perf_rd_req}}'}]
2026-06-26 17:01:08,797 INFO utils.complier: analyse  formula:[]
2026-06-26 17:01:08,797 INFO utils.complier: analyse  formula:[]
2026-06-26 17:01:08,797 INFO utils.complier: analyse  formula:[{'type': 'PROC_VAR', 'value': '$RET'}]
2026-06-26 17:01:08,797 INFO utils.complier: analyse  formula:[]
2026-06-26 17:01:08,798 INFO utils.complier: analyse  formula:[{'type': 'VARIABLE', 'value': '{{L2C.perf_rd_req}}'}]
2026-06-26 17:01:08,798 INFO utils.complier: analyse  formula:[]
2026-06-26 17:01:08,798 INFO utils.complier: analyse  formula:[]
2026-06-26 17:01:08,798 INFO utils.complier: analyse  formula:[{'type': 'VARIABLE', 'value': '{{L2C.perf_wr_req}}'}]
2026-06-26 17:01:08,798 INFO utils.complier: analyse  formula:[]
2026-06-26 17:01:08,798 INFO utils.complier: analyse  formula:[]
2026-06-26 17:01:08,798 INFO utils.complier: analyse  formula:[{'type': 'PROC_VAR', 'value': '$RET'}]
2026-06-26 17:01:08,798 INFO utils.complier: analyse  formula:[]
2026-06-26 17:01:08,798 INFO utils.complier: analyse  formula:[{'type': 'VARIABLE', 'value': '{{L2C.perf_wr_req}}'}]
2026-06-26 17:01:08,799 INFO utils.complier: analyse  formula:[]
2026-06-26 17:01:08,799 INFO utils.complier: analyse  formula:[]
2026-06-26 17:01:08,799 INFO utils.complier: analyse  formula:[{'type': 'VARIABLE', 'value': '{{L2C.perf_hit}}'}, {'type': 'VARIABLE', 'value': '{{L2C.perf_sector_hit}}'}, {'type': 'VARIABLE', 'value': '{{L2C.perf_miss}}'}]
2026-06-26 17:01:08,799 INFO utils.complier: analyse  formula:[]
2026-06-26 17:01:08,799 INFO utils.complier: analyse  formula:[]
2026-06-26 17:01:08,800 INFO utils.complier: analyse  formula:[{'type': 'PROC_VAR', 'value': '$hit_events'}, {'type': 'PROC_VAR', 'value': '$RET'}, {'type': 'PROC_VAR', 'value': '$hit_events'}, {'type': 'PROC_VAR', 'value': '$hit_events'}]
2026-06-26 17:01:08,800 INFO utils.complier: analyse  formula:[]
2026-06-26 17:01:08,801 INFO utils.complier: analyse  formula:[{'type': 'VARIABLE', 'value': '{{L2C.perf_hit}}'}, {'type': 'VARIABLE', 'value': '{{L2C.perf_sector_hit}}'}, {'type': 'VARIABLE', 'value': '{{L2C.perf_miss}}'}]
2026-06-26 17:01:08,802 INFO utils.complier: analyse  formula:[]
2026-06-26 17:01:08,803 INFO utils.complier: analyse  formula:[]
2026-06-26 17:01:08,803 INFO utils.complier: analyse  formula:[{'type': 'VARIABLE', 'value': '{{SL1.sl1_kcache_total_hit_event}}'}, {'type': 'VARIABLE', 'value': '{{SL1.sl1_kcache_total_hit_on_miss_event}}'}, {'type': 'VARIABLE', 'value': '{{SL1.sl1_kcache_total_miss_event}}'}]
2026-06-26 17:01:08,803 INFO utils.complier: analyse  formula:[]
2026-06-26 17:01:08,803 INFO utils.complier: analyse  formula:[]
2026-06-26 17:01:08,804 INFO utils.complier: analyse  formula:[{'type': 'PROC_VAR', 'value': '$hit'}, {'type': 'PROC_VAR', 'value': '$RET'}, {'type': 'PROC_VAR', 'value': '$hit'}, {'type': 'PROC_VAR', 'value': '$hit'}]
2026-06-26 17:01:08,804 INFO utils.complier: analyse  formula:[]
2026-06-26 17:01:08,804 INFO utils.complier: analyse  formula:[{'type': 'VARIABLE', 'value': '{{SL1.sl1_kcache_total_hit_event}}'}, {'type': 'VARIABLE', 'value': '{{SL1.sl1_kcache_total_hit_on_miss_event}}'}, {'type': 'VARIABLE', 'value': '{{SL1.sl1_kcache_total_miss_event}}'}]
2026-06-26 17:01:08,805 INFO utils.complier: analyse  formula:[]
2026-06-26 17:01:08,806 INFO utils.complier: analyse  formula:[]
2026-06-26 17:01:08,806 INFO utils.complier: analyse  formula:[{'type': 'VARIABLE', 'value': '{{SL1.sl1_kcache_rd}}'}]
2026-06-26 17:01:08,806 INFO utils.complier: analyse  formula:[]
2026-06-26 17:01:08,806 INFO utils.complier: analyse  formula:[]
2026-06-26 17:01:08,806 INFO utils.complier: analyse  formula:[{'type': 'PROC_VAR', 'value': '$RET'}]
2026-06-26 17:01:08,806 INFO utils.complier: analyse  formula:[]
2026-06-26 17:01:08,806 INFO utils.complier: analyse  formula:[{'type': 'VARIABLE', 'value': '{{SL1.sl1_kcache_rd}}'}]
2026-06-26 17:01:08,807 INFO utils.complier: analyse  formula:[]
2026-06-26 17:01:08,807 INFO utils.complier: analyse  formula:[]
2026-06-26 17:01:08,807 INFO utils.complier: analyse  formula:[{'type': 'VARIABLE', 'value': '{{SL1.sl1_kcache_l2_rd}}'}]
2026-06-26 17:01:08,807 INFO utils.complier: analyse  formula:[]
2026-06-26 17:01:08,807 INFO utils.complier: analyse  formula:[]
2026-06-26 17:01:08,807 INFO utils.complier: analyse  formula:[{'type': 'PROC_VAR', 'value': '$RET'}]
2026-06-26 17:01:08,807 INFO utils.complier: analyse  formula:[]
2026-06-26 17:01:08,807 INFO utils.complier: analyse  formula:[{'type': 'VARIABLE', 'value': '{{SL1.sl1_kcache_l2_rd}}'}]
2026-06-26 17:01:08,808 INFO utils.complier: analyse  formula:[]
2026-06-26 17:01:08,808 INFO utils.complier: analyse  formula:[]
2026-06-26 17:01:08,808 INFO utils.complier: analyse  formula:[{'type': 'VARIABLE', 'value': '{{ISU.AP_PERF_INSTS_VALU}}'}, {'type': 'VARIABLE', 'value': '{{ISU.AP_PERF_INSTS_MMA}}'}, {'type': 'VARIABLE', 'value': '{{ISU.AP_PERF_INSTS_SALU}}'}, {'type': 'VARIABLE', 'value': '{{ISU.AP_PERF_INSTS_GVM}}'}, {'type': 'VARIABLE', 'value': '{{ISU.AP_PERF_INSTS_BSM}}'}, {'type': 'VARIABLE', 'value': '{{ISU.AP_PERF_INSTS_LDU}}'}, {'type': 'VARIABLE', 'value': '{{ISU.AP_PERF_INST_MISC}}'}]
2026-06-26 17:01:08,808 INFO utils.complier: analyse  formula:[]
2026-06-26 17:01:08,808 INFO utils.complier: analyse  formula:[]
2026-06-26 17:01:08,810 INFO utils.complier: analyse  formula:[{'type': 'PROC_VAR', 'value': '$RET'}]
2026-06-26 17:01:08,811 INFO utils.complier: analyse  formula:[]
2026-06-26 17:01:08,811 INFO utils.complier: analyse  formula:[{'type': 'VARIABLE', 'value': '{{ISU.AP_PERF_INSTS_VALU}}'}, {'type': 'VARIABLE', 'value': '{{ISU.AP_PERF_INSTS_MMA}}'}, {'type': 'VARIABLE', 'value': '{{ISU.AP_PERF_INSTS_SALU}}'}, {'type': 'VARIABLE', 'value': '{{ISU.AP_PERF_INSTS_GVM}}'}, {'type': 'VARIABLE', 'value': '{{ISU.AP_PERF_INSTS_BSM}}'}, {'type': 'VARIABLE', 'value': '{{ISU.AP_PERF_INSTS_LDU}}'}, {'type': 'VARIABLE', 'value': '{{ISU.AP_PERF_INST_MISC}}'}]
2026-06-26 17:01:08,812 INFO utils.complier: analyse  formula:[]
2026-06-26 17:01:08,813 INFO utils.complier: analyse  formula:[]
2026-06-26 17:01:08,813 INFO utils.complier: analyse  formula:[]
2026-06-26 17:01:08,813 INFO utils.complier: analyse  formula:[]
2026-06-26 17:01:08,813 INFO utils.complier: analyse  formula:[{'type': 'PRE_VAR', 'value': '@compute_instructions'}, {'type': 'PRE_VAR', 'value': '@memory_instructions'}]
2026-06-26 17:01:08,813 INFO utils.complier: analyse  formula:[{'type': 'PROC_VAR', 'value': '$RET'}]
2026-06-26 17:01:08,813 INFO utils.complier: analyse  formula:[]
2026-06-26 17:01:08,813 INFO utils.complier: analyse  formula:[]
2026-06-26 17:01:08,813 INFO utils.complier: analyse  formula:[{'type': 'PRE_VAR', 'value': '@compute_instructions'}, {'type': 'PRE_VAR', 'value': '@memory_instructions'}]
2026-06-26 17:01:08,814 INFO utils.complier: analyse  formula:[]
2026-06-26 17:01:08,814 INFO utils.complier: analyse  formula:[]
2026-06-26 17:01:08,814 INFO utils.complier: analyse  formula:[]
2026-06-26 17:01:08,814 INFO utils.complier: analyse  formula:[{'type': 'PRE_VAR', 'value': '@compute_instructions'}]
2026-06-26 17:01:08,814 INFO utils.complier: analyse  formula:[{'type': 'PROC_VAR', 'value': '$RET'}]
2026-06-26 17:01:08,814 INFO utils.complier: analyse  formula:[]
2026-06-26 17:01:08,814 INFO utils.complier: analyse  formula:[]
2026-06-26 17:01:08,814 INFO utils.complier: analyse  formula:[{'type': 'PRE_VAR', 'value': '@compute_instructions'}]
2026-06-26 17:01:08,814 INFO utils.complier: analyse  formula:[]
2026-06-26 17:01:08,815 INFO utils.complier: analyse  formula:[]
2026-06-26 17:01:08,815 INFO utils.complier: analyse  formula:[]
2026-06-26 17:01:08,815 INFO utils.complier: analyse  formula:[{'type': 'PRE_VAR', 'value': '@memory_instructions'}]
2026-06-26 17:01:08,815 INFO utils.complier: analyse  formula:[{'type': 'PROC_VAR', 'value': '$RET'}]
2026-06-26 17:01:08,815 INFO utils.complier: analyse  formula:[]
2026-06-26 17:01:08,815 INFO utils.complier: analyse  formula:[]
2026-06-26 17:01:08,815 INFO utils.complier: analyse  formula:[{'type': 'PRE_VAR', 'value': '@memory_instructions'}]
2026-06-26 17:01:08,815 INFO utils.complier: analyse  formula:[]
2026-06-26 17:01:08,815 INFO utils.complier: analyse  formula:[{'type': 'VARIABLE', 'value': '{{CE.CE_PERF_BUSY_CYCLES}}'}]
2026-06-26 17:01:08,815 INFO utils.complier: analyse  formula:[]
2026-06-26 17:01:08,815 INFO utils.complier: analyse  formula:[]
2026-06-26 17:01:08,816 INFO utils.complier: analyse  formula:[{'type': 'PROC_VAR', 'value': '$RET'}]
2026-06-26 17:01:08,816 INFO utils.complier: analyse  formula:[]
2026-06-26 17:01:08,816 INFO utils.complier: analyse  formula:[{'type': 'VARIABLE', 'value': '{{CE.CE_PERF_BUSY_CYCLES}}'}]
2026-06-26 17:01:08,816 INFO utils.complier: analyse  formula:[]
2026-06-26 17:01:08,816 INFO utils.complier: analyse  formula:[]
2026-06-26 17:01:08,817 INFO utils.complier: analyse  formula:[{'type': 'VARIABLE', 'value': '{{L2C.perf_dnoc_rdreq_32B}}'}, {'type': 'VARIABLE', 'value': '{{L2C.perf_dnoc_rdreq_64B}}'}, {'type': 'VARIABLE', 'value': '{{L2C.perf_dnoc_rdreq_128B}}'}, {'type': 'VARIABLE', 'value': '{{L2C.perf_dnoc_wrreq_32B_low}}'}, {'type': 'VARIABLE', 'value': '{{L2C.perf_dnoc_wrreq_32B_high}}'}, {'type': 'VARIABLE', 'value': '{{L2C.perf_dnoc_wrreq_64B}}'}, {'type': 'VARIABLE', 'value': '{{L2C.perf_dnoc_wrreq_128B}}'}, {'type': 'VARIABLE', 'value': '{{ISU.AP_PERF_ISU_AP_BUSY}}'}]
2026-06-26 17:01:08,817 INFO utils.complier: analyse  formula:[]
2026-06-26 17:01:08,817 INFO utils.complier: analyse  formula:[]
2026-06-26 17:01:08,818 INFO utils.complier: analyse  formula:[{'type': 'PROC_VAR', 'value': '$ma'}, {'type': 'PROC_VAR', 'value': '$RET'}, {'type': 'PROC_VAR', 'value': '$ma'}]
2026-06-26 17:01:08,819 INFO utils.complier: analyse  formula:[]
2026-06-26 17:01:08,819 INFO utils.complier: analyse  formula:[{'type': 'VARIABLE', 'value': '{{L2C.perf_dnoc_rdreq_32B}}'}, {'type': 'VARIABLE', 'value': '{{L2C.perf_dnoc_rdreq_64B}}'}, {'type': 'VARIABLE', 'value': '{{L2C.perf_dnoc_rdreq_128B}}'}, {'type': 'VARIABLE', 'value': '{{L2C.perf_dnoc_wrreq_32B_low}}'}, {'type': 'VARIABLE', 'value': '{{L2C.perf_dnoc_wrreq_32B_high}}'}, {'type': 'VARIABLE', 'value': '{{L2C.perf_dnoc_wrreq_64B}}'}, {'type': 'VARIABLE', 'value': '{{L2C.perf_dnoc_wrreq_128B}}'}, {'type': 'VARIABLE', 'value': '{{ISU.AP_PERF_ISU_AP_BUSY}}'}]
2026-06-26 17:01:08,821 INFO utils.complier: analyse  formula:[]
2026-06-26 17:01:08,822 INFO utils.complier: analyse  formula:[]
2026-06-26 17:01:08,822 INFO utils.complier: analyse  formula:[{'type': 'VARIABLE', 'value': '{{ISU.AP_PERF_ISU_AP_BUSY}}'}]
2026-06-26 17:01:08,822 INFO utils.complier: analyse  formula:[]
2026-06-26 17:01:08,823 INFO utils.complier: analyse  formula:[]
2026-06-26 17:01:08,823 INFO utils.complier: analyse  formula:[{'type': 'PROC_VAR', 'value': '$valid_ap_busy'}, {'type': 'PROC_VAR', 'value': '$RET'}, {'type': 'PROC_VAR', 'value': '$valid_ap_busy'}, {'type': 'PROC_VAR', 'value': '$valid_ap_busy'}]
2026-06-26 17:01:08,824 INFO utils.complier: analyse  formula:[]
2026-06-26 17:01:08,825 INFO utils.complier: analyse  formula:[{'type': 'VARIABLE', 'value': '{{ISU.AP_PERF_ISU_AP_BUSY}}'}]
2026-06-26 17:01:08,826 INFO utils.complier: analyse  formula:[]
2026-06-26 17:01:08,827 INFO utils.complier: analyse  formula:[]
2026-06-26 17:01:08,827 INFO utils.complier: analyse  formula:[{'type': 'VARIABLE', 'value': '{{ISU.AP_PERF_ISU_AP_BUSY}}'}, {'type': 'VARIABLE', 'value': '{{CE.CE_PERF_BUSY_CYCLES}}'}]
2026-06-26 17:01:08,827 INFO utils.complier: analyse  formula:[]
2026-06-26 17:01:08,827 INFO utils.complier: analyse  formula:[]
2026-06-26 17:01:08,828 INFO utils.complier: analyse  formula:[{'type': 'PROC_VAR', 'value': '$RET'}]
2026-06-26 17:01:08,828 INFO utils.complier: analyse  formula:[]
2026-06-26 17:01:08,828 INFO utils.complier: analyse  formula:[{'type': 'VARIABLE', 'value': '{{ISU.AP_PERF_ISU_AP_BUSY}}'}, {'type': 'VARIABLE', 'value': '{{CE.CE_PERF_BUSY_CYCLES}}'}]
2026-06-26 17:01:08,829 INFO utils.complier: analyse  formula:[]
2026-06-26 17:01:08,829 INFO utils.complier: analyse  formula:[]
2026-06-26 17:01:08,829 INFO utils.complier: analyse  formula:[{'type': 'VARIABLE', 'value': '{{ISU.AP_PERF_INST_CYCLES_VALU}}'}, {'type': 'VARIABLE', 'value': '{{ISU.AP_PERF_INST_CYCLES_MMA}}'}, {'type': 'VARIABLE', 'value': '{{ISU.AP_PERF_ISU_AP_BUSY}}'}]
2026-06-26 17:01:08,829 INFO utils.complier: analyse  formula:[]
2026-06-26 17:01:08,830 INFO utils.complier: analyse  formula:[]
2026-06-26 17:01:08,830 INFO utils.complier: analyse  formula:[{'type': 'PROC_VAR', 'value': '$RET'}]
2026-06-26 17:01:08,830 INFO utils.complier: analyse  formula:[]
2026-06-26 17:01:08,831 INFO utils.complier: analyse  formula:[{'type': 'VARIABLE', 'value': '{{ISU.AP_PERF_INST_CYCLES_VALU}}'}, {'type': 'VARIABLE', 'value': '{{ISU.AP_PERF_INST_CYCLES_MMA}}'}, {'type': 'VARIABLE', 'value': '{{ISU.AP_PERF_ISU_AP_BUSY}}'}]
2026-06-26 17:01:08,831 INFO utils.complier: analyse  formula:[]
2026-06-26 17:01:08,832 INFO utils.complier: analyse  formula:[]
2026-06-26 17:01:08,832 INFO utils.complier: analyse  formula:[{'type': 'VARIABLE', 'value': '{{CE.CE_PERF_SEND_RM_WORKGROUPS}}'}]
2026-06-26 17:01:08,832 INFO utils.complier: analyse  formula:[]
2026-06-26 17:01:08,832 INFO utils.complier: analyse  formula:[]
2026-06-26 17:01:08,832 INFO utils.complier: analyse  formula:[{'type': 'PROC_VAR', 'value': '$RET'}]
2026-06-26 17:01:08,832 INFO utils.complier: analyse  formula:[]
2026-06-26 17:01:08,832 INFO utils.complier: analyse  formula:[{'type': 'VARIABLE', 'value': '{{CE.CE_PERF_SEND_RM_WORKGROUPS}}'}]
2026-06-26 17:01:08,832 INFO utils.complier: analyse  formula:[]
2026-06-26 17:01:08,833 INFO utils.complier: analyse  formula:[]
2026-06-26 17:01:08,833 INFO utils.complier: analyse  formula:[{'type': 'VARIABLE', 'value': '{{CE.CE_PERF_SEND_RM_WAVES}}'}]
2026-06-26 17:01:08,833 INFO utils.complier: analyse  formula:[]
2026-06-26 17:01:08,833 INFO utils.complier: analyse  formula:[]
2026-06-26 17:01:08,833 INFO utils.complier: analyse  formula:[{'type': 'PROC_VAR', 'value': '$RET'}]
2026-06-26 17:01:08,833 INFO utils.complier: analyse  formula:[]
2026-06-26 17:01:08,833 INFO utils.complier: analyse  formula:[{'type': 'VARIABLE', 'value': '{{CE.CE_PERF_SEND_RM_WAVES}}'}]
2026-06-26 17:01:08,833 INFO utils.complier: analyse  formula:[]
2026-06-26 17:01:08,833 INFO utils.complier: analyse  formula:[]
2026-06-26 17:01:08,834 INFO utils.complier: analyse  formula:[{'type': 'VARIABLE', 'value': '{{RM.RM_PERF_WAVES_InFlight_Level_P0}}'}, {'type': 'VARIABLE', 'value': '{{RM.RM_PERF_WAVES_InFlight_Level_P1}}'}, {'type': 'VARIABLE', 'value': '{{RM.RM_PERF_WAVES_InFlight_Level_P2}}'}, {'type': 'VARIABLE', 'value': '{{RM.RM_PERF_WAVES_InFlight_Level_P3}}'}, {'type': 'VARIABLE', 'value': '{{CE.CE_PERF_SEND_RM_WAVES}}'}]
2026-06-26 17:01:08,834 INFO utils.complier: analyse  formula:[]
2026-06-26 17:01:08,834 INFO utils.complier: analyse  formula:[]
2026-06-26 17:01:08,834 INFO utils.complier: analyse  formula:[{'type': 'PROC_VAR', 'value': '$RET'}]
2026-06-26 17:01:08,834 INFO utils.complier: analyse  formula:[]
2026-06-26 17:01:08,835 INFO utils.complier: analyse  formula:[{'type': 'VARIABLE', 'value': '{{RM.RM_PERF_WAVES_InFlight_Level_P0}}'}, {'type': 'VARIABLE', 'value': '{{RM.RM_PERF_WAVES_InFlight_Level_P1}}'}, {'type': 'VARIABLE', 'value': '{{RM.RM_PERF_WAVES_InFlight_Level_P2}}'}, {'type': 'VARIABLE', 'value': '{{RM.RM_PERF_WAVES_InFlight_Level_P3}}'}, {'type': 'VARIABLE', 'value': '{{CE.CE_PERF_SEND_RM_WAVES}}'}]
2026-06-26 17:01:08,835 INFO utils.complier: analyse  formula:[]
2026-06-26 17:01:08,836 INFO utils.complier: analyse  formula:[]
2026-06-26 17:01:08,837 INFO utils.complier: analyse  formula:[{'type': 'VARIABLE', 'value': '{{ISU.AP_PERF_INST_CYCLES_VALU_4CYCLES}}'}, {'type': 'VARIABLE', 'value': '{{ISU.AP_PERF_INST_CYCLES_VALU_16CYCLES}}'}, {'type': 'VARIABLE', 'value': '{{ISU.AP_PERF_INST_CYCLES_MMA_16CYCLES}}'}, {'type': 'VARIABLE', 'value': '{{ISU.AP_PERF_INST_CYCLES_MMA_32CYCLES}}'}]
2026-06-26 17:01:08,838 INFO utils.complier: analyse  formula:[]
2026-06-26 17:01:08,838 INFO utils.complier: analyse  formula:[]
2026-06-26 17:01:08,840 INFO utils.complier: analyse  formula:[{'type': 'PROC_VAR', 'value': '$valu_4'}, {'type': 'PROC_VAR', 'value': '$valu_16'}, {'type': 'PROC_VAR', 'value': '$mma_16'}, {'type': 'PROC_VAR', 'value': '$mma_32'}, {'type': 'PROC_VAR', 'value': '$RET'}, {'type': 'PROC_VAR', 'value': '$valu_4'}, {'type': 'PROC_VAR', 'value': '$valu_16'}, {'type': 'PROC_VAR', 'value': '$mma_16'}, {'type': 'PROC_VAR', 'value': '$mma_32'}]
2026-06-26 17:01:08,842 INFO utils.complier: analyse  formula:[]
2026-06-26 17:01:08,843 INFO utils.complier: analyse  formula:[{'type': 'VARIABLE', 'value': '{{ISU.AP_PERF_INST_CYCLES_VALU_4CYCLES}}'}, {'type': 'VARIABLE', 'value': '{{ISU.AP_PERF_INST_CYCLES_VALU_16CYCLES}}'}, {'type': 'VARIABLE', 'value': '{{ISU.AP_PERF_INST_CYCLES_MMA_16CYCLES}}'}, {'type': 'VARIABLE', 'value': '{{ISU.AP_PERF_INST_CYCLES_MMA_32CYCLES}}'}]
2026-06-26 17:01:08,845 INFO utils.complier: analyse  formula:[]
2026-06-26 17:01:08,847 INFO utils.complier: analyse  formula:[]
2026-06-26 17:01:08,871 DEBUG matplotlib.font_manager: findfont: Matching sans\-serif:style=normal:variant=normal:weight=normal:stretch=normal:size=12.0.
2026-06-26 17:01:08,872 DEBUG matplotlib.font_manager: findfont: score(<Font 'cmsy10' (cmsy10.ttf) normal normal 400 normal>) = 10.05
2026-06-26 17:01:08,872 DEBUG matplotlib.font_manager: findfont: score(<Font 'DejaVu Sans' (DejaVuSans.ttf) normal normal 400 normal>) = 0.05
2026-06-26 17:01:08,872 DEBUG matplotlib.font_manager: findfont: score(<Font 'STIXSizeOneSym' (STIXSizOneSymReg.ttf) normal normal 400 normal>) = 10.05
2026-06-26 17:01:08,872 DEBUG matplotlib.font_manager: findfont: score(<Font 'STIXNonUnicode' (STIXNonUniBolIta.ttf) italic normal 700 normal>) = 11.335
2026-06-26 17:01:08,872 DEBUG matplotlib.font_manager: findfont: score(<Font 'STIXSizeFourSym' (STIXSizFourSymBol.ttf) normal normal 700 normal>) = 10.335
2026-06-26 17:01:08,873 DEBUG matplotlib.font_manager: findfont: score(<Font 'STIXGeneral' (STIXGeneralItalic.ttf) italic normal 400 normal>) = 11.05
2026-06-26 17:01:08,873 DEBUG matplotlib.font_manager: findfont: score(<Font 'STIXSizeFourSym' (STIXSizFourSymReg.ttf) normal normal 400 normal>) = 10.05
2026-06-26 17:01:08,873 DEBUG matplotlib.font_manager: findfont: score(<Font 'cmb10' (cmb10.ttf) normal normal 400 normal>) = 10.05
2026-06-26 17:01:08,873 DEBUG matplotlib.font_manager: findfont: score(<Font 'cmex10' (cmex10.ttf) normal normal 400 normal>) = 10.05
2026-06-26 17:01:08,873 DEBUG matplotlib.font_manager: findfont: score(<Font 'DejaVu Serif' (DejaVuSerif-Italic.ttf) italic normal 400 normal>) = 11.05
2026-06-26 17:01:08,873 DEBUG matplotlib.font_manager: findfont: score(<Font 'STIXNonUnicode' (STIXNonUni.ttf) normal normal 400 normal>) = 10.05
2026-06-26 17:01:08,873 DEBUG matplotlib.font_manager: findfont: score(<Font 'STIXNonUnicode' (STIXNonUniIta.ttf) italic normal 400 normal>) = 11.05
2026-06-26 17:01:08,873 DEBUG matplotlib.font_manager: findfont: score(<Font 'STIXGeneral' (STIXGeneralBolIta.ttf) italic normal 700 normal>) = 11.335
2026-06-26 17:01:08,873 DEBUG matplotlib.font_manager: findfont: score(<Font 'DejaVu Sans Mono' (DejaVuSansMono-BoldOblique.ttf) oblique normal 700 normal>) = 11.335
2026-06-26 17:01:08,873 DEBUG matplotlib.font_manager: findfont: score(<Font 'DejaVu Sans Mono' (DejaVuSansMono-Oblique.ttf) oblique normal 400 normal>) = 11.05
2026-06-26 17:01:08,873 DEBUG matplotlib.font_manager: findfont: score(<Font 'DejaVu Sans Mono' (DejaVuSansMono.ttf) normal normal 400 normal>) = 10.05
2026-06-26 17:01:08,873 DEBUG matplotlib.font_manager: findfont: score(<Font 'STIXNonUnicode' (STIXNonUniBol.ttf) normal normal 700 normal>) = 10.335
2026-06-26 17:01:08,873 DEBUG matplotlib.font_manager: findfont: score(<Font 'DejaVu Sans' (DejaVuSans-Bold.ttf) normal normal 700 normal>) = 0.33499999999999996
2026-06-26 17:01:08,873 DEBUG matplotlib.font_manager: findfont: score(<Font 'STIXSizeFiveSym' (STIXSizFiveSymReg.ttf) normal normal 400 normal>) = 10.05
2026-06-26 17:01:08,873 DEBUG matplotlib.font_manager: findfont: score(<Font 'STIXSizeTwoSym' (STIXSizTwoSymReg.ttf) normal normal 400 normal>) = 10.05
2026-06-26 17:01:08,873 DEBUG matplotlib.font_manager: findfont: score(<Font 'STIXGeneral' (STIXGeneralBol.ttf) normal normal 700 normal>) = 10.335
2026-06-26 17:01:08,873 DEBUG matplotlib.font_manager: findfont: score(<Font 'STIXSizeOneSym' (STIXSizOneSymBol.ttf) normal normal 700 normal>) = 10.335
2026-06-26 17:01:08,873 DEBUG matplotlib.font_manager: findfont: score(<Font 'DejaVu Sans' (DejaVuSans-BoldOblique.ttf) oblique normal 700 normal>) = 1.335
2026-06-26 17:01:08,873 DEBUG matplotlib.font_manager: findfont: score(<Font 'cmr10' (cmr10.ttf) normal normal 400 normal>) = 10.05
2026-06-26 17:01:08,873 DEBUG matplotlib.font_manager: findfont: score(<Font 'DejaVu Sans' (DejaVuSans-Oblique.ttf) oblique normal 400 normal>) = 1.05
2026-06-26 17:01:08,873 DEBUG matplotlib.font_manager: findfont: score(<Font 'DejaVu Serif' (DejaVuSerif-BoldItalic.ttf) italic normal 700 normal>) = 11.335
2026-06-26 17:01:08,873 DEBUG matplotlib.font_manager: findfont: score(<Font 'DejaVu Serif Display' (DejaVuSerifDisplay.ttf) normal normal 400 normal>) = 10.05
2026-06-26 17:01:08,873 DEBUG matplotlib.font_manager: findfont: score(<Font 'cmmi10' (cmmi10.ttf) normal normal 400 normal>) = 10.05
2026-06-26 17:01:08,873 DEBUG matplotlib.font_manager: findfont: score(<Font 'STIXSizeThreeSym' (STIXSizThreeSymReg.ttf) normal normal 400 normal>) = 10.05
2026-06-26 17:01:08,873 DEBUG matplotlib.font_manager: findfont: score(<Font 'DejaVu Serif' (DejaVuSerif-Bold.ttf) normal normal 700 normal>) = 10.335
2026-06-26 17:01:08,873 DEBUG matplotlib.font_manager: findfont: score(<Font 'STIXSizeThreeSym' (STIXSizThreeSymBol.ttf) normal normal 700 normal>) = 10.335
2026-06-26 17:01:08,873 DEBUG matplotlib.font_manager: findfont: score(<Font 'cmtt10' (cmtt10.ttf) normal normal 400 normal>) = 10.05
2026-06-26 17:01:08,873 DEBUG matplotlib.font_manager: findfont: score(<Font 'STIXGeneral' (STIXGeneral.ttf) normal normal 400 normal>) = 10.05
2026-06-26 17:01:08,874 DEBUG matplotlib.font_manager: findfont: score(<Font 'cmss10' (cmss10.ttf) normal normal 400 normal>) = 10.05
2026-06-26 17:01:08,874 DEBUG matplotlib.font_manager: findfont: score(<Font 'DejaVu Sans Display' (DejaVuSansDisplay.ttf) normal normal 400 normal>) = 10.05
2026-06-26 17:01:08,874 DEBUG matplotlib.font_manager: findfont: score(<Font 'DejaVu Serif' (DejaVuSerif.ttf) normal normal 400 normal>) = 10.05
2026-06-26 17:01:08,874 DEBUG matplotlib.font_manager: findfont: score(<Font 'STIXSizeTwoSym' (STIXSizTwoSymBol.ttf) normal normal 700 normal>) = 10.335
2026-06-26 17:01:08,874 DEBUG matplotlib.font_manager: findfont: score(<Font 'DejaVu Sans Mono' (DejaVuSansMono-Bold.ttf) normal normal 700 normal>) = 10.335
2026-06-26 17:01:08,874 DEBUG matplotlib.font_manager: findfont: score(<Font 'DejaVu Sans' (DejaVuSans-Bold.ttf) normal normal 700 normal>) = 0.33499999999999996
2026-06-26 17:01:08,874 DEBUG matplotlib.font_manager: findfont: score(<Font 'DejaVu Sans Mono' (DejaVuSansMono.ttf) normal normal 400 normal>) = 10.05
2026-06-26 17:01:08,874 DEBUG matplotlib.font_manager: findfont: score(<Font 'DejaVu Serif' (DejaVuSerif-Bold.ttf) normal normal 700 normal>) = 10.335
2026-06-26 17:01:08,874 DEBUG matplotlib.font_manager: findfont: score(<Font 'DejaVu Sans Mono' (DejaVuSansMono-Bold.ttf) normal normal 700 normal>) = 10.335
2026-06-26 17:01:08,874 DEBUG matplotlib.font_manager: findfont: score(<Font 'DejaVu Serif' (DejaVuSerif.ttf) normal normal 400 normal>) = 10.05
2026-06-26 17:01:08,874 DEBUG matplotlib.font_manager: findfont: score(<Font 'DejaVu Sans' (DejaVuSans.ttf) normal normal 400 normal>) = 0.05
2026-06-26 17:01:08,874 DEBUG matplotlib.font_manager: findfont: Matching sans\-serif:style=normal:variant=normal:weight=normal:stretch=normal:size=12.0 to DejaVu Sans ('/tmp/_MEIuzV4lk/matplotlib/mpl-data/fonts/ttf/DejaVuSans.ttf') with score of 0.050000.
2026-06-26 17:01:08,882 DEBUG matplotlib.font_manager: findfont: Matching sans\-serif:style=normal:variant=normal:weight=normal:stretch=normal:size=10.0.
2026-06-26 17:01:08,882 DEBUG matplotlib.font_manager: findfont: score(<Font 'cmsy10' (cmsy10.ttf) normal normal 400 normal>) = 10.05
2026-06-26 17:01:08,882 DEBUG matplotlib.font_manager: findfont: score(<Font 'DejaVu Sans' (DejaVuSans.ttf) normal normal 400 normal>) = 0.05
2026-06-26 17:01:08,882 DEBUG matplotlib.font_manager: findfont: score(<Font 'STIXSizeOneSym' (STIXSizOneSymReg.ttf) normal normal 400 normal>) = 10.05
2026-06-26 17:01:08,882 DEBUG matplotlib.font_manager: findfont: score(<Font 'STIXNonUnicode' (STIXNonUniBolIta.ttf) italic normal 700 normal>) = 11.335
2026-06-26 17:01:08,882 DEBUG matplotlib.font_manager: findfont: score(<Font 'STIXSizeFourSym' (STIXSizFourSymBol.ttf) normal normal 700 normal>) = 10.335
2026-06-26 17:01:08,882 DEBUG matplotlib.font_manager: findfont: score(<Font 'STIXGeneral' (STIXGeneralItalic.ttf) italic normal 400 normal>) = 11.05
2026-06-26 17:01:08,883 DEBUG matplotlib.font_manager: findfont: score(<Font 'STIXSizeFourSym' (STIXSizFourSymReg.ttf) normal normal 400 normal>) = 10.05
2026-06-26 17:01:08,883 DEBUG matplotlib.font_manager: findfont: score(<Font 'cmb10' (cmb10.ttf) normal normal 400 normal>) = 10.05
2026-06-26 17:01:08,883 DEBUG matplotlib.font_manager: findfont: score(<Font 'cmex10' (cmex10.ttf) normal normal 400 normal>) = 10.05
2026-06-26 17:01:08,883 DEBUG matplotlib.font_manager: findfont: score(<Font 'DejaVu Serif' (DejaVuSerif-Italic.ttf) italic normal 400 normal>) = 11.05
2026-06-26 17:01:08,883 DEBUG matplotlib.font_manager: findfont: score(<Font 'STIXNonUnicode' (STIXNonUni.ttf) normal normal 400 normal>) = 10.05
2026-06-26 17:01:08,883 DEBUG matplotlib.font_manager: findfont: score(<Font 'STIXNonUnicode' (STIXNonUniIta.ttf) italic normal 400 normal>) = 11.05
2026-06-26 17:01:08,883 DEBUG matplotlib.font_manager: findfont: score(<Font 'STIXGeneral' (STIXGeneralBolIta.ttf) italic normal 700 normal>) = 11.335
2026-06-26 17:01:08,883 DEBUG matplotlib.font_manager: findfont: score(<Font 'DejaVu Sans Mono' (DejaVuSansMono-BoldOblique.ttf) oblique normal 700 normal>) = 11.335
2026-06-26 17:01:08,883 DEBUG matplotlib.font_manager: findfont: score(<Font 'DejaVu Sans Mono' (DejaVuSansMono-Oblique.ttf) oblique normal 400 normal>) = 11.05
2026-06-26 17:01:08,883 DEBUG matplotlib.font_manager: findfont: score(<Font 'DejaVu Sans Mono' (DejaVuSansMono.ttf) normal normal 400 normal>) = 10.05
2026-06-26 17:01:08,883 DEBUG matplotlib.font_manager: findfont: score(<Font 'STIXNonUnicode' (STIXNonUniBol.ttf) normal normal 700 normal>) = 10.335
2026-06-26 17:01:08,883 DEBUG matplotlib.font_manager: findfont: score(<Font 'DejaVu Sans' (DejaVuSans-Bold.ttf) normal normal 700 normal>) = 0.33499999999999996
2026-06-26 17:01:08,883 DEBUG matplotlib.font_manager: findfont: score(<Font 'STIXSizeFiveSym' (STIXSizFiveSymReg.ttf) normal normal 400 normal>) = 10.05
2026-06-26 17:01:08,883 DEBUG matplotlib.font_manager: findfont: score(<Font 'STIXSizeTwoSym' (STIXSizTwoSymReg.ttf) normal normal 400 normal>) = 10.05
2026-06-26 17:01:08,883 DEBUG matplotlib.font_manager: findfont: score(<Font 'STIXGeneral' (STIXGeneralBol.ttf) normal normal 700 normal>) = 10.335
2026-06-26 17:01:08,883 DEBUG matplotlib.font_manager: findfont: score(<Font 'STIXSizeOneSym' (STIXSizOneSymBol.ttf) normal normal 700 normal>) = 10.335
2026-06-26 17:01:08,883 DEBUG matplotlib.font_manager: findfont: score(<Font 'DejaVu Sans' (DejaVuSans-BoldOblique.ttf) oblique normal 700 normal>) = 1.335
2026-06-26 17:01:08,883 DEBUG matplotlib.font_manager: findfont: score(<Font 'cmr10' (cmr10.ttf) normal normal 400 normal>) = 10.05
2026-06-26 17:01:08,883 DEBUG matplotlib.font_manager: findfont: score(<Font 'DejaVu Sans' (DejaVuSans-Oblique.ttf) oblique normal 400 normal>) = 1.05
2026-06-26 17:01:08,883 DEBUG matplotlib.font_manager: findfont: score(<Font 'DejaVu Serif' (DejaVuSerif-BoldItalic.ttf) italic normal 700 normal>) = 11.335
2026-06-26 17:01:08,883 DEBUG matplotlib.font_manager: findfont: score(<Font 'DejaVu Serif Display' (DejaVuSerifDisplay.ttf) normal normal 400 normal>) = 10.05
2026-06-26 17:01:08,883 DEBUG matplotlib.font_manager: findfont: score(<Font 'cmmi10' (cmmi10.ttf) normal normal 400 normal>) = 10.05
2026-06-26 17:01:08,883 DEBUG matplotlib.font_manager: findfont: score(<Font 'STIXSizeThreeSym' (STIXSizThreeSymReg.ttf) normal normal 400 normal>) = 10.05
2026-06-26 17:01:08,883 DEBUG matplotlib.font_manager: findfont: score(<Font 'DejaVu Serif' (DejaVuSerif-Bold.ttf) normal normal 700 normal>) = 10.335
2026-06-26 17:01:08,883 DEBUG matplotlib.font_manager: findfont: score(<Font 'STIXSizeThreeSym' (STIXSizThreeSymBol.ttf) normal normal 700 normal>) = 10.335
2026-06-26 17:01:08,883 DEBUG matplotlib.font_manager: findfont: score(<Font 'cmtt10' (cmtt10.ttf) normal normal 400 normal>) = 10.05
2026-06-26 17:01:08,883 DEBUG matplotlib.font_manager: findfont: score(<Font 'STIXGeneral' (STIXGeneral.ttf) normal normal 400 normal>) = 10.05
2026-06-26 17:01:08,883 DEBUG matplotlib.font_manager: findfont: score(<Font 'cmss10' (cmss10.ttf) normal normal 400 normal>) = 10.05
2026-06-26 17:01:08,883 DEBUG matplotlib.font_manager: findfont: score(<Font 'DejaVu Sans Display' (DejaVuSansDisplay.ttf) normal normal 400 normal>) = 10.05
2026-06-26 17:01:08,883 DEBUG matplotlib.font_manager: findfont: score(<Font 'DejaVu Serif' (DejaVuSerif.ttf) normal normal 400 normal>) = 10.05
2026-06-26 17:01:08,884 DEBUG matplotlib.font_manager: findfont: score(<Font 'STIXSizeTwoSym' (STIXSizTwoSymBol.ttf) normal normal 700 normal>) = 10.335
2026-06-26 17:01:08,884 DEBUG matplotlib.font_manager: findfont: score(<Font 'DejaVu Sans Mono' (DejaVuSansMono-Bold.ttf) normal normal 700 normal>) = 10.335
2026-06-26 17:01:08,884 DEBUG matplotlib.font_manager: findfont: score(<Font 'DejaVu Sans' (DejaVuSans-Bold.ttf) normal normal 700 normal>) = 0.33499999999999996
2026-06-26 17:01:08,884 DEBUG matplotlib.font_manager: findfont: score(<Font 'DejaVu Sans Mono' (DejaVuSansMono.ttf) normal normal 400 normal>) = 10.05
2026-06-26 17:01:08,884 DEBUG matplotlib.font_manager: findfont: score(<Font 'DejaVu Serif' (DejaVuSerif-Bold.ttf) normal normal 700 normal>) = 10.335
2026-06-26 17:01:08,884 DEBUG matplotlib.font_manager: findfont: score(<Font 'DejaVu Sans Mono' (DejaVuSansMono-Bold.ttf) normal normal 700 normal>) = 10.335
2026-06-26 17:01:08,884 DEBUG matplotlib.font_manager: findfont: score(<Font 'DejaVu Serif' (DejaVuSerif.ttf) normal normal 400 normal>) = 10.05
2026-06-26 17:01:08,884 DEBUG matplotlib.font_manager: findfont: score(<Font 'DejaVu Sans' (DejaVuSans.ttf) normal normal 400 normal>) = 0.05
2026-06-26 17:01:08,884 DEBUG matplotlib.font_manager: findfont: Matching sans\-serif:style=normal:variant=normal:weight=normal:stretch=normal:size=10.0 to DejaVu Sans ('/tmp/_MEIuzV4lk/matplotlib/mpl-data/fonts/ttf/DejaVuSans.ttf') with score of 0.050000.
2026-06-26 17:01:08,947 INFO utils.complier: analyse  formula:[{'type': 'VARIABLE_DICT', 'value': '{{{ISU.AP_PERF_INST_CYCLES_MMA}}}'}, {'type': 'VARIABLE_DICT', 'value': '{{{ISU.AP_PERF_INST_CYCLES_MMA}}}'}, {'type': 'VARIABLE_DICT', 'value': '{{{ISU.AP_PERF_INST_CYCLES_VALU}}}'}]
2026-06-26 17:01:08,948 INFO utils.complier: analyse  formula:[]
2026-06-26 17:01:08,948 INFO utils.complier: analyse  formula:[]
2026-06-26 17:01:08,949 INFO utils.complier: analyse  formula:[{'type': 'PROC_VAR', 'value': '$dpcs'}, {'type': 'PROC_VAR', 'value': '$RET'}, {'type': 'PROC_VAR', 'value': '$dpcs'}]
2026-06-26 17:01:08,950 INFO utils.complier: analyse  formula:[{'type': 'VARIABLE_DICT', 'value': '{{{ISU.AP_PERF_INST_CYCLES_MMA}}}'}, {'type': 'VARIABLE_DICT', 'value': '{{{ISU.AP_PERF_INST_CYCLES_MMA}}}'}, {'type': 'VARIABLE_DICT', 'value': '{{{ISU.AP_PERF_INST_CYCLES_VALU}}}'}]
2026-06-26 17:01:08,951 INFO utils.complier: analyse  formula:[]
2026-06-26 17:01:08,951 INFO utils.complier: analyse  formula:[]
2026-06-26 17:01:08,952 INFO utils.complier: analyse  formula:[]
2026-06-26 17:01:09,042 INFO utils.complier: analyse  formula:[{'type': 'VARIABLE', 'value': '{{ISU.AP_PERF_INSTS_VALU}}'}, {'type': 'VARIABLE', 'value': '{{ISU.AP_PERF_INSTS_MMA}}'}, {'type': 'VARIABLE', 'value': '{{ISU.AP_PERF_INSTS_SALU}}'}, {'type': 'VARIABLE', 'value': '{{ISU.AP_PERF_INSTS_GVM}}'}, {'type': 'VARIABLE', 'value': '{{ISU.AP_PERF_INSTS_BSM}}'}, {'type': 'VARIABLE', 'value': '{{ISU.AP_PERF_INSTS_LDU}}'}, {'type': 'VARIABLE', 'value': '{{ISU.AP_PERF_INST_MISC}}'}]
2026-06-26 17:01:09,043 INFO utils.complier: analyse  formula:[]
2026-06-26 17:01:09,044 INFO utils.complier: analyse  formula:[]
2026-06-26 17:01:09,046 INFO utils.complier: analyse  formula:[{'type': 'PROC_VAR', 'value': '$valu'}, {'type': 'PROC_VAR', 'value': '$mma'}, {'type': 'PROC_VAR', 'value': '$salu'}, {'type': 'PROC_VAR', 'value': '$gvm'}, {'type': 'PROC_VAR', 'value': '$bsm'}, {'type': 'PROC_VAR', 'value': '$ldu'}, {'type': 'PROC_VAR', 'value': '$misc'}, {'type': 'PROC_VAR', 'value': '$RET'}, {'type': 'PROC_VAR', 'value': '$valu'}, {'type': 'PROC_VAR', 'value': '$mma'}, {'type': 'PROC_VAR', 'value': '$salu'}, {'type': 'PROC_VAR', 'value': '$gvm'}, {'type': 'PROC_VAR', 'value': '$bsm'}, {'type': 'PROC_VAR', 'value': '$ldu'}, {'type': 'PROC_VAR', 'value': '$misc'}]
2026-06-26 17:01:09,048 INFO utils.complier: analyse  formula:[]
2026-06-26 17:01:09,050 INFO utils.complier: analyse  formula:[{'type': 'VARIABLE', 'value': '{{ISU.AP_PERF_INSTS_VALU}}'}, {'type': 'VARIABLE', 'value': '{{ISU.AP_PERF_INSTS_MMA}}'}, {'type': 'VARIABLE', 'value': '{{ISU.AP_PERF_INSTS_SALU}}'}, {'type': 'VARIABLE', 'value': '{{ISU.AP_PERF_INSTS_GVM}}'}, {'type': 'VARIABLE', 'value': '{{ISU.AP_PERF_INSTS_BSM}}'}, {'type': 'VARIABLE', 'value': '{{ISU.AP_PERF_INSTS_LDU}}'}, {'type': 'VARIABLE', 'value': '{{ISU.AP_PERF_INST_MISC}}'}]
2026-06-26 17:01:09,052 INFO utils.complier: analyse  formula:[]
2026-06-26 17:01:09,054 INFO utils.complier: analyse  formula:[]
2026-06-26 17:01:09,151 INFO utils.complier: analyse  formula:[{'type': 'VARIABLE', 'value': '{{ISU.AP_PERF_ISU_ARB_WSM_STALL}}'}, {'type': 'VARIABLE', 'value': '{{ISU.AP_PERF_ISU_ARB_VLS_STALL}}'}, {'type': 'VARIABLE', 'value': '{{ISU.AP_PERF_ISU_ARB_DATA_STALL}}'}, {'type': 'VARIABLE', 'value': '{{ISU.AP_PERF_ISU_ARB_VALU_STALL}}'}]
2026-06-26 17:01:09,152 INFO utils.complier: analyse  formula:[]
2026-06-26 17:01:09,152 INFO utils.complier: analyse  formula:[]
2026-06-26 17:01:09,154 INFO utils.complier: analyse  formula:[{'type': 'PROC_VAR', 'value': '$RET'}]
2026-06-26 17:01:09,155 INFO utils.complier: analyse  formula:[]
2026-06-26 17:01:09,155 INFO utils.complier: analyse  formula:[{'type': 'VARIABLE', 'value': '{{ISU.AP_PERF_ISU_ARB_WSM_STALL}}'}, {'type': 'VARIABLE', 'value': '{{ISU.AP_PERF_ISU_ARB_VLS_STALL}}'}, {'type': 'VARIABLE', 'value': '{{ISU.AP_PERF_ISU_ARB_DATA_STALL}}'}, {'type': 'VARIABLE', 'value': '{{ISU.AP_PERF_ISU_ARB_VALU_STALL}}'}]
2026-06-26 17:01:09,157 INFO utils.complier: analyse  formula:[]
2026-06-26 17:01:09,158 INFO utils.complier: analyse  formula:[]
2026-06-26 17:01:09,228 INFO utils.complier: analyse  formula:[]
2026-06-26 17:01:09,228 INFO utils.complier: analyse  formula:[]
2026-06-26 17:01:09,228 INFO utils.complier: analyse  formula:[{'type': 'PRE_VAR', 'value': '@global_insts_rd'}]
2026-06-26 17:01:09,228 INFO utils.complier: analyse  formula:[{'type': 'PROC_VAR', 'value': '$RET'}]
2026-06-26 17:01:09,228 INFO utils.complier: analyse  formula:[]
2026-06-26 17:01:09,228 INFO utils.complier: analyse  formula:[]
2026-06-26 17:01:09,228 INFO utils.complier: analyse  formula:[{'type': 'PRE_VAR', 'value': '@global_insts_rd'}]
2026-06-26 17:01:09,229 INFO utils.complier: analyse  formula:[]
2026-06-26 17:01:09,229 INFO utils.complier: analyse  formula:[]
2026-06-26 17:01:09,229 INFO utils.complier: analyse  formula:[]
2026-06-26 17:01:09,229 INFO utils.complier: analyse  formula:[{'type': 'PRE_VAR', 'value': '@global_insts_wr'}]
2026-06-26 17:01:09,229 INFO utils.complier: analyse  formula:[{'type': 'PROC_VAR', 'value': '$RET'}]
2026-06-26 17:01:09,229 INFO utils.complier: analyse  formula:[]
2026-06-26 17:01:09,229 INFO utils.complier: analyse  formula:[]
2026-06-26 17:01:09,229 INFO utils.complier: analyse  formula:[{'type': 'PRE_VAR', 'value': '@global_insts_wr'}]
2026-06-26 17:01:09,229 INFO utils.complier: analyse  formula:[]
2026-06-26 17:01:09,230 INFO utils.complier: analyse  formula:[{'type': 'VARIABLE', 'value': '{{ISU.AP_PERF_INST_GLOBAL_ATOMIC}}'}, {'type': 'VARIABLE', 'value': '{{ISU.AP_PERF_INST_GLOBAL_ATOMIC_64}}'}]
2026-06-26 17:01:09,230 INFO utils.complier: analyse  formula:[]
2026-06-26 17:01:09,230 INFO utils.complier: analyse  formula:[]
2026-06-26 17:01:09,230 INFO utils.complier: analyse  formula:[{'type': 'PROC_VAR', 'value': '$RET'}]
2026-06-26 17:01:09,230 INFO utils.complier: analyse  formula:[]
2026-06-26 17:01:09,230 INFO utils.complier: analyse  formula:[{'type': 'VARIABLE', 'value': '{{ISU.AP_PERF_INST_GLOBAL_ATOMIC}}'}, {'type': 'VARIABLE', 'value': '{{ISU.AP_PERF_INST_GLOBAL_ATOMIC_64}}'}]
2026-06-26 17:01:09,231 INFO utils.complier: analyse  formula:[]
2026-06-26 17:01:09,231 INFO utils.complier: analyse  formula:[]
2026-06-26 17:01:09,231 INFO utils.complier: analyse  formula:[]
2026-06-26 17:01:09,231 INFO utils.complier: analyse  formula:[]
2026-06-26 17:01:09,231 INFO utils.complier: analyse  formula:[{'type': 'PRE_VAR', 'value': '@private_insts_rd'}]
2026-06-26 17:01:09,231 INFO utils.complier: analyse  formula:[{'type': 'PROC_VAR', 'value': '$RET'}]
2026-06-26 17:01:09,231 INFO utils.complier: analyse  formula:[]
2026-06-26 17:01:09,232 INFO utils.complier: analyse  formula:[]
2026-06-26 17:01:09,232 INFO utils.complier: analyse  formula:[{'type': 'PRE_VAR', 'value': '@private_insts_rd'}]
2026-06-26 17:01:09,232 INFO utils.complier: analyse  formula:[]
2026-06-26 17:01:09,232 INFO utils.complier: analyse  formula:[]
2026-06-26 17:01:09,232 INFO utils.complier: analyse  formula:[]
2026-06-26 17:01:09,232 INFO utils.complier: analyse  formula:[{'type': 'PRE_VAR', 'value': '@private_insts_wr'}]
2026-06-26 17:01:09,232 INFO utils.complier: analyse  formula:[{'type': 'PROC_VAR', 'value': '$RET'}]
2026-06-26 17:01:09,232 INFO utils.complier: analyse  formula:[]
2026-06-26 17:01:09,232 INFO utils.complier: analyse  formula:[]
2026-06-26 17:01:09,232 INFO utils.complier: analyse  formula:[{'type': 'PRE_VAR', 'value': '@private_insts_wr'}]
2026-06-26 17:01:09,233 INFO utils.complier: analyse  formula:[]
2026-06-26 17:01:09,233 INFO utils.complier: analyse  formula:[]
2026-06-26 17:01:09,233 INFO utils.complier: analyse  formula:[]
2026-06-26 17:01:09,233 INFO utils.complier: analyse  formula:[{'type': 'PRE_VAR', 'value': '@ldu_insts_rd'}]
2026-06-26 17:01:09,233 INFO utils.complier: analyse  formula:[{'type': 'PROC_VAR', 'value': '$RET'}]
2026-06-26 17:01:09,233 INFO utils.complier: analyse  formula:[]
2026-06-26 17:01:09,233 INFO utils.complier: analyse  formula:[]
2026-06-26 17:01:09,233 INFO utils.complier: analyse  formula:[{'type': 'PRE_VAR', 'value': '@ldu_insts_rd'}]
2026-06-26 17:01:09,233 INFO utils.complier: analyse  formula:[]
2026-06-26 17:01:09,233 INFO utils.complier: analyse  formula:[]
2026-06-26 17:01:09,233 INFO utils.complier: analyse  formula:[]
2026-06-26 17:01:09,233 INFO utils.complier: analyse  formula:[{'type': 'PRE_VAR', 'value': '@sl1_rd'}]
2026-06-26 17:01:09,233 INFO utils.complier: analyse  formula:[{'type': 'PROC_VAR', 'value': '$RET'}]
2026-06-26 17:01:09,234 INFO utils.complier: analyse  formula:[]
2026-06-26 17:01:09,234 INFO utils.complier: analyse  formula:[]
2026-06-26 17:01:09,234 INFO utils.complier: analyse  formula:[{'type': 'PRE_VAR', 'value': '@sl1_rd'}]
2026-06-26 17:01:09,234 INFO utils.complier: analyse  formula:[]
2026-06-26 17:01:09,234 INFO utils.complier: analyse  formula:[]
2026-06-26 17:01:09,234 INFO utils.complier: analyse  formula:[]
2026-06-26 17:01:09,234 INFO utils.complier: analyse  formula:[{'type': 'PRE_VAR', 'value': '@sl1_l2c_rd'}]
2026-06-26 17:01:09,234 INFO utils.complier: analyse  formula:[{'type': 'PROC_VAR', 'value': '$RET'}]
2026-06-26 17:01:09,234 INFO utils.complier: analyse  formula:[]
2026-06-26 17:01:09,234 INFO utils.complier: analyse  formula:[]
2026-06-26 17:01:09,234 INFO utils.complier: analyse  formula:[{'type': 'PRE_VAR', 'value': '@sl1_l2c_rd'}]
2026-06-26 17:01:09,235 INFO utils.complier: analyse  formula:[]
2026-06-26 17:01:09,235 INFO utils.complier: analyse  formula:[]
2026-06-26 17:01:09,235 INFO utils.complier: analyse  formula:[]
2026-06-26 17:01:09,235 INFO utils.complier: analyse  formula:[{'type': 'PRE_VAR', 'value': '@sl1_hit_rate'}]
2026-06-26 17:01:09,235 INFO utils.complier: analyse  formula:[{'type': 'PROC_VAR', 'value': '$RET'}]
2026-06-26 17:01:09,235 INFO utils.complier: analyse  formula:[]
2026-06-26 17:01:09,235 INFO utils.complier: analyse  formula:[]
2026-06-26 17:01:09,235 INFO utils.complier: analyse  formula:[{'type': 'PRE_VAR', 'value': '@sl1_hit_rate'}]
2026-06-26 17:01:09,235 INFO utils.complier: analyse  formula:[]
2026-06-26 17:01:09,235 INFO utils.complier: analyse  formula:[]
2026-06-26 17:01:09,235 INFO utils.complier: analyse  formula:[]
2026-06-26 17:01:09,235 INFO utils.complier: analyse  formula:[{'type': 'PRE_VAR', 'value': '@vl1_insts_rd'}]
2026-06-26 17:01:09,235 INFO utils.complier: analyse  formula:[{'type': 'PROC_VAR', 'value': '$RET'}]
2026-06-26 17:01:09,236 INFO utils.complier: analyse  formula:[]
2026-06-26 17:01:09,236 INFO utils.complier: analyse  formula:[]
2026-06-26 17:01:09,236 INFO utils.complier: analyse  formula:[{'type': 'PRE_VAR', 'value': '@vl1_insts_rd'}]
2026-06-26 17:01:09,236 INFO utils.complier: analyse  formula:[]
2026-06-26 17:01:09,236 INFO utils.complier: analyse  formula:[]
2026-06-26 17:01:09,236 INFO utils.complier: analyse  formula:[]
2026-06-26 17:01:09,236 INFO utils.complier: analyse  formula:[{'type': 'PRE_VAR', 'value': '@vl1_insts_wr'}]
2026-06-26 17:01:09,236 INFO utils.complier: analyse  formula:[{'type': 'PROC_VAR', 'value': '$RET'}]
2026-06-26 17:01:09,236 INFO utils.complier: analyse  formula:[]
2026-06-26 17:01:09,236 INFO utils.complier: analyse  formula:[]
2026-06-26 17:01:09,237 INFO utils.complier: analyse  formula:[{'type': 'PRE_VAR', 'value': '@vl1_insts_wr'}]
2026-06-26 17:01:09,237 INFO utils.complier: analyse  formula:[]
2026-06-26 17:01:09,237 INFO utils.complier: analyse  formula:[{'type': 'VARIABLE', 'value': '{{VL1.p_total_atomic_instruction_event}}'}]
2026-06-26 17:01:09,237 INFO utils.complier: analyse  formula:[]
2026-06-26 17:01:09,237 INFO utils.complier: analyse  formula:[]
2026-06-26 17:01:09,237 INFO utils.complier: analyse  formula:[{'type': 'PROC_VAR', 'value': '$RET'}]
2026-06-26 17:01:09,237 INFO utils.complier: analyse  formula:[]
2026-06-26 17:01:09,237 INFO utils.complier: analyse  formula:[{'type': 'VARIABLE', 'value': '{{VL1.p_total_atomic_instruction_event}}'}]
2026-06-26 17:01:09,238 INFO utils.complier: analyse  formula:[]
2026-06-26 17:01:09,238 INFO utils.complier: analyse  formula:[]
2026-06-26 17:01:09,238 INFO utils.complier: analyse  formula:[]
2026-06-26 17:01:09,238 INFO utils.complier: analyse  formula:[]
2026-06-26 17:01:09,238 INFO utils.complier: analyse  formula:[{'type': 'PRE_VAR', 'value': '@vl1_hit_rate'}]
2026-06-26 17:01:09,238 INFO utils.complier: analyse  formula:[{'type': 'PROC_VAR', 'value': '$RET'}]
2026-06-26 17:01:09,238 INFO utils.complier: analyse  formula:[]
2026-06-26 17:01:09,238 INFO utils.complier: analyse  formula:[]
2026-06-26 17:01:09,238 INFO utils.complier: analyse  formula:[{'type': 'PRE_VAR', 'value': '@vl1_hit_rate'}]
2026-06-26 17:01:09,238 INFO utils.complier: analyse  formula:[]
2026-06-26 17:01:09,238 INFO utils.complier: analyse  formula:[]
2026-06-26 17:01:09,239 INFO utils.complier: analyse  formula:[]
2026-06-26 17:01:09,239 INFO utils.complier: analyse  formula:[{'type': 'PRE_VAR', 'value': '@l2c_insts_rd'}]
2026-06-26 17:01:09,239 INFO utils.complier: analyse  formula:[{'type': 'PROC_VAR', 'value': '$RET'}]
2026-06-26 17:01:09,239 INFO utils.complier: analyse  formula:[]
2026-06-26 17:01:09,239 INFO utils.complier: analyse  formula:[]
2026-06-26 17:01:09,239 INFO utils.complier: analyse  formula:[{'type': 'PRE_VAR', 'value': '@l2c_insts_rd'}]
2026-06-26 17:01:09,239 INFO utils.complier: analyse  formula:[]
2026-06-26 17:01:09,239 INFO utils.complier: analyse  formula:[]
2026-06-26 17:01:09,239 INFO utils.complier: analyse  formula:[]
2026-06-26 17:01:09,239 INFO utils.complier: analyse  formula:[{'type': 'PRE_VAR', 'value': '@l2c_insts_wr'}]
2026-06-26 17:01:09,239 INFO utils.complier: analyse  formula:[{'type': 'PROC_VAR', 'value': '$RET'}]
2026-06-26 17:01:09,239 INFO utils.complier: analyse  formula:[]
2026-06-26 17:01:09,240 INFO utils.complier: analyse  formula:[]
2026-06-26 17:01:09,240 INFO utils.complier: analyse  formula:[{'type': 'PRE_VAR', 'value': '@l2c_insts_wr'}]
2026-06-26 17:01:09,240 INFO utils.complier: analyse  formula:[]
2026-06-26 17:01:09,240 INFO utils.complier: analyse  formula:[{'type': 'VARIABLE', 'value': '{{L2C.perf_atomic_req}}'}]
2026-06-26 17:01:09,240 INFO utils.complier: analyse  formula:[]
2026-06-26 17:01:09,240 INFO utils.complier: analyse  formula:[]
2026-06-26 17:01:09,240 INFO utils.complier: analyse  formula:[{'type': 'PROC_VAR', 'value': '$RET'}]
2026-06-26 17:01:09,240 INFO utils.complier: analyse  formula:[]
2026-06-26 17:01:09,240 INFO utils.complier: analyse  formula:[{'type': 'VARIABLE', 'value': '{{L2C.perf_atomic_req}}'}]
2026-06-26 17:01:09,241 INFO utils.complier: analyse  formula:[]
2026-06-26 17:01:09,241 INFO utils.complier: analyse  formula:[]
2026-06-26 17:01:09,241 INFO utils.complier: analyse  formula:[]
2026-06-26 17:01:09,241 INFO utils.complier: analyse  formula:[]
2026-06-26 17:01:09,241 INFO utils.complier: analyse  formula:[{'type': 'PRE_VAR', 'value': '@l2c_hit_rate'}]
2026-06-26 17:01:09,241 INFO utils.complier: analyse  formula:[{'type': 'PROC_VAR', 'value': '$RET'}]
2026-06-26 17:01:09,241 INFO utils.complier: analyse  formula:[]
2026-06-26 17:01:09,241 INFO utils.complier: analyse  formula:[]
2026-06-26 17:01:09,241 INFO utils.complier: analyse  formula:[{'type': 'PRE_VAR', 'value': '@l2c_hit_rate'}]
2026-06-26 17:01:09,241 INFO utils.complier: analyse  formula:[]
2026-06-26 17:01:09,242 INFO utils.complier: analyse  formula:[{'type': 'VARIABLE', 'value': '{{ISU.AP_PERF_INSTS_GVM_ATOMIC}}'}, {'type': 'VARIABLE', 'value': '{{ISU.AP_PERF_INST_BSM_ATOMIC}}'}]
2026-06-26 17:01:09,242 INFO utils.complier: analyse  formula:[]
2026-06-26 17:01:09,242 INFO utils.complier: analyse  formula:[]
2026-06-26 17:01:09,242 INFO utils.complier: analyse  formula:[{'type': 'PROC_VAR', 'value': '$RET'}]
2026-06-26 17:01:09,242 INFO utils.complier: analyse  formula:[]
2026-06-26 17:01:09,242 INFO utils.complier: analyse  formula:[{'type': 'VARIABLE', 'value': '{{ISU.AP_PERF_INSTS_GVM_ATOMIC}}'}, {'type': 'VARIABLE', 'value': '{{ISU.AP_PERF_INST_BSM_ATOMIC}}'}]
2026-06-26 17:01:09,243 INFO utils.complier: analyse  formula:[]
2026-06-26 17:01:09,243 INFO utils.complier: analyse  formula:[]
2026-06-26 17:01:09,243 INFO utils.complier: analyse  formula:[{'type': 'VARIABLE', 'value': '{{L2C.perf_dnoc_rdreq}}'}]
2026-06-26 17:01:09,243 INFO utils.complier: analyse  formula:[]
2026-06-26 17:01:09,243 INFO utils.complier: analyse  formula:[]
2026-06-26 17:01:09,243 INFO utils.complier: analyse  formula:[{'type': 'PROC_VAR', 'value': '$RET'}]
2026-06-26 17:01:09,243 INFO utils.complier: analyse  formula:[]
2026-06-26 17:01:09,244 INFO utils.complier: analyse  formula:[{'type': 'VARIABLE', 'value': '{{L2C.perf_dnoc_rdreq}}'}]
2026-06-26 17:01:09,244 INFO utils.complier: analyse  formula:[]
2026-06-26 17:01:09,244 INFO utils.complier: analyse  formula:[]
2026-06-26 17:01:09,244 INFO utils.complier: analyse  formula:[{'type': 'VARIABLE', 'value': '{{L2C.perf_dnoc_wrreq}}'}]
2026-06-26 17:01:09,244 INFO utils.complier: analyse  formula:[]
2026-06-26 17:01:09,244 INFO utils.complier: analyse  formula:[]
2026-06-26 17:01:09,244 INFO utils.complier: analyse  formula:[{'type': 'PROC_VAR', 'value': '$RET'}]
2026-06-26 17:01:09,244 INFO utils.complier: analyse  formula:[]
2026-06-26 17:01:09,245 INFO utils.complier: analyse  formula:[{'type': 'VARIABLE', 'value': '{{L2C.perf_dnoc_wrreq}}'}]
2026-06-26 17:01:09,245 INFO utils.complier: analyse  formula:[]
2026-06-26 17:01:09,245 INFO utils.complier: analyse  formula:[]
2026-06-26 17:01:09,245 INFO utils.complier: analyse  formula:[{'type': 'VARIABLE', 'value': '{{L2C.perf_dnoc_rdreq_32B}}'}, {'type': 'VARIABLE', 'value': '{{L2C.perf_dnoc_rdreq_64B}}'}, {'type': 'VARIABLE', 'value': '{{L2C.perf_dnoc_rdreq_128B}}'}]
2026-06-26 17:01:09,245 INFO utils.complier: analyse  formula:[]
2026-06-26 17:01:09,245 INFO utils.complier: analyse  formula:[]
2026-06-26 17:01:09,246 INFO utils.complier: analyse  formula:[{'type': 'PROC_VAR', 'value': '$RET'}]
2026-06-26 17:01:09,246 INFO utils.complier: analyse  formula:[]
2026-06-26 17:01:09,246 INFO utils.complier: analyse  formula:[{'type': 'VARIABLE', 'value': '{{L2C.perf_dnoc_rdreq_32B}}'}, {'type': 'VARIABLE', 'value': '{{L2C.perf_dnoc_rdreq_64B}}'}, {'type': 'VARIABLE', 'value': '{{L2C.perf_dnoc_rdreq_128B}}'}]
2026-06-26 17:01:09,246 INFO utils.complier: analyse  formula:[]
2026-06-26 17:01:09,247 INFO utils.complier: analyse  formula:[]
2026-06-26 17:01:09,247 INFO utils.complier: analyse  formula:[{'type': 'VARIABLE', 'value': '{{L2C.perf_dnoc_wrreq_32B_low}}'}, {'type': 'VARIABLE', 'value': '{{L2C.perf_dnoc_wrreq_32B_high}}'}, {'type': 'VARIABLE', 'value': '{{L2C.perf_dnoc_wrreq_64B}}'}, {'type': 'VARIABLE', 'value': '{{L2C.perf_dnoc_wrreq_128B}}'}]
2026-06-26 17:01:09,247 INFO utils.complier: analyse  formula:[]
2026-06-26 17:01:09,247 INFO utils.complier: analyse  formula:[]
2026-06-26 17:01:09,248 INFO utils.complier: analyse  formula:[{'type': 'PROC_VAR', 'value': '$RET'}]
2026-06-26 17:01:09,248 INFO utils.complier: analyse  formula:[]
2026-06-26 17:01:09,248 INFO utils.complier: analyse  formula:[{'type': 'VARIABLE', 'value': '{{L2C.perf_dnoc_wrreq_32B_low}}'}, {'type': 'VARIABLE', 'value': '{{L2C.perf_dnoc_wrreq_32B_high}}'}, {'type': 'VARIABLE', 'value': '{{L2C.perf_dnoc_wrreq_64B}}'}, {'type': 'VARIABLE', 'value': '{{L2C.perf_dnoc_wrreq_128B}}'}]
2026-06-26 17:01:09,249 INFO utils.complier: analyse  formula:[]
2026-06-26 17:01:09,249 INFO utils.complier: analyse  formula:[]
2026-06-26 17:01:09,253 INFO utils.complier: analyse  formula:[]
2026-06-26 17:01:09,256 INFO utils.complier: analyse  formula:[]
2026-06-26 17:01:09,259 INFO utils.complier: analyse  formula:[{'type': 'PRE_VAR', 'value': '@vl1_hit_rate'}, {'type': 'PRE_VAR', 'value': '@l2c_hit_rate'}, {'type': 'PRE_VAR', 'value': '@sl1_hit_rate'}, {'type': 'PRE_VAR', 'value': '@global_insts_rd'}, {'type': 'PRE_VAR', 'value': '@global_insts_wr'}, {'type': 'PRE_VAR', 'value': '@private_insts_rd'}, {'type': 'PRE_VAR', 'value': '@private_insts_wr'}, {'type': 'PRE_VAR', 'value': '@generic_insts_rd'}, {'type': 'PRE_VAR', 'value': '@generic_insts_wr'}, {'type': 'PRE_VAR', 'value': '@ldu_insts_rd'}, {'type': 'PRE_VAR', 'value': '@bsm_insts_rd'}, {'type': 'PRE_VAR', 'value': '@bsm_insts_wr'}, {'type': 'PRE_VAR', 'value': '@vl1_insts_rd'}, {'type': 'PRE_VAR', 'value': '@vl1_insts_wr'}, {'type': 'PRE_VAR', 'value': '@sl1_rd'}, {'type': 'PRE_VAR', 'value': '@sl1_l2c_rd'}, {'type': 'PRE_VAR', 'value': '@l2c_insts_rd'}, {'type': 'PRE_VAR', 'value': '@l2c_insts_wr'}]
2026-06-26 17:01:09,274 INFO utils.complier: analyse  formula:[{'type': 'PROC_VAR', 'value': '$RET'}]
2026-06-26 17:01:09,277 INFO utils.complier: analyse  formula:[]
2026-06-26 17:01:09,281 INFO utils.complier: analyse  formula:[]
2026-06-26 17:01:09,284 INFO utils.complier: analyse  formula:[{'type': 'PRE_VAR', 'value': '@vl1_hit_rate'}, {'type': 'PRE_VAR', 'value': '@l2c_hit_rate'}, {'type': 'PRE_VAR', 'value': '@sl1_hit_rate'}, {'type': 'PRE_VAR', 'value': '@global_insts_rd'}, {'type': 'PRE_VAR', 'value': '@global_insts_wr'}, {'type': 'PRE_VAR', 'value': '@private_insts_rd'}, {'type': 'PRE_VAR', 'value': '@private_insts_wr'}, {'type': 'PRE_VAR', 'value': '@generic_insts_rd'}, {'type': 'PRE_VAR', 'value': '@generic_insts_wr'}, {'type': 'PRE_VAR', 'value': '@ldu_insts_rd'}, {'type': 'PRE_VAR', 'value': '@bsm_insts_rd'}, {'type': 'PRE_VAR', 'value': '@bsm_insts_wr'}, {'type': 'PRE_VAR', 'value': '@vl1_insts_rd'}, {'type': 'PRE_VAR', 'value': '@vl1_insts_wr'}, {'type': 'PRE_VAR', 'value': '@sl1_rd'}, {'type': 'PRE_VAR', 'value': '@sl1_l2c_rd'}, {'type': 'PRE_VAR', 'value': '@l2c_insts_rd'}, {'type': 'PRE_VAR', 'value': '@l2c_insts_wr'}]
2026-06-26 17:01:09,288 INFO utils.complier: analyse  formula:[]
2026-06-26 17:01:09,365 DEBUG matplotlib.font_manager: findfont: Matching sans\-serif:style=normal:variant=normal:weight=normal:stretch=normal:size=5.789999999999999.
2026-06-26 17:01:09,366 DEBUG matplotlib.font_manager: findfont: score(<Font 'cmsy10' (cmsy10.ttf) normal normal 400 normal>) = 10.05
2026-06-26 17:01:09,366 DEBUG matplotlib.font_manager: findfont: score(<Font 'DejaVu Sans' (DejaVuSans.ttf) normal normal 400 normal>) = 0.05
2026-06-26 17:01:09,366 DEBUG matplotlib.font_manager: findfont: score(<Font 'STIXSizeOneSym' (STIXSizOneSymReg.ttf) normal normal 400 normal>) = 10.05
2026-06-26 17:01:09,366 DEBUG matplotlib.font_manager: findfont: score(<Font 'STIXNonUnicode' (STIXNonUniBolIta.ttf) italic normal 700 normal>) = 11.335
2026-06-26 17:01:09,366 DEBUG matplotlib.font_manager: findfont: score(<Font 'STIXSizeFourSym' (STIXSizFourSymBol.ttf) normal normal 700 normal>) = 10.335
2026-06-26 17:01:09,366 DEBUG matplotlib.font_manager: findfont: score(<Font 'STIXGeneral' (STIXGeneralItalic.ttf) italic normal 400 normal>) = 11.05
2026-06-26 17:01:09,366 DEBUG matplotlib.font_manager: findfont: score(<Font 'STIXSizeFourSym' (STIXSizFourSymReg.ttf) normal normal 400 normal>) = 10.05
2026-06-26 17:01:09,366 DEBUG matplotlib.font_manager: findfont: score(<Font 'cmb10' (cmb10.ttf) normal normal 400 normal>) = 10.05
2026-06-26 17:01:09,366 DEBUG matplotlib.font_manager: findfont: score(<Font 'cmex10' (cmex10.ttf) normal normal 400 normal>) = 10.05
2026-06-26 17:01:09,366 DEBUG matplotlib.font_manager: findfont: score(<Font 'DejaVu Serif' (DejaVuSerif-Italic.ttf) italic normal 400 normal>) = 11.05
2026-06-26 17:01:09,366 DEBUG matplotlib.font_manager: findfont: score(<Font 'STIXNonUnicode' (STIXNonUni.ttf) normal normal 400 normal>) = 10.05
2026-06-26 17:01:09,366 DEBUG matplotlib.font_manager: findfont: score(<Font 'STIXNonUnicode' (STIXNonUniIta.ttf) italic normal 400 normal>) = 11.05
2026-06-26 17:01:09,366 DEBUG matplotlib.font_manager: findfont: score(<Font 'STIXGeneral' (STIXGeneralBolIta.ttf) italic normal 700 normal>) = 11.335
2026-06-26 17:01:09,366 DEBUG matplotlib.font_manager: findfont: score(<Font 'DejaVu Sans Mono' (DejaVuSansMono-BoldOblique.ttf) oblique normal 700 normal>) = 11.335
2026-06-26 17:01:09,366 DEBUG matplotlib.font_manager: findfont: score(<Font 'DejaVu Sans Mono' (DejaVuSansMono-Oblique.ttf) oblique normal 400 normal>) = 11.05
2026-06-26 17:01:09,366 DEBUG matplotlib.font_manager: findfont: score(<Font 'DejaVu Sans Mono' (DejaVuSansMono.ttf) normal normal 400 normal>) = 10.05
2026-06-26 17:01:09,366 DEBUG matplotlib.font_manager: findfont: score(<Font 'STIXNonUnicode' (STIXNonUniBol.ttf) normal normal 700 normal>) = 10.335
2026-06-26 17:01:09,366 DEBUG matplotlib.font_manager: findfont: score(<Font 'DejaVu Sans' (DejaVuSans-Bold.ttf) normal normal 700 normal>) = 0.33499999999999996
2026-06-26 17:01:09,366 DEBUG matplotlib.font_manager: findfont: score(<Font 'STIXSizeFiveSym' (STIXSizFiveSymReg.ttf) normal normal 400 normal>) = 10.05
2026-06-26 17:01:09,366 DEBUG matplotlib.font_manager: findfont: score(<Font 'STIXSizeTwoSym' (STIXSizTwoSymReg.ttf) normal normal 400 normal>) = 10.05
2026-06-26 17:01:09,366 DEBUG matplotlib.font_manager: findfont: score(<Font 'STIXGeneral' (STIXGeneralBol.ttf) normal normal 700 normal>) = 10.335
2026-06-26 17:01:09,366 DEBUG matplotlib.font_manager: findfont: score(<Font 'STIXSizeOneSym' (STIXSizOneSymBol.ttf) normal normal 700 normal>) = 10.335
2026-06-26 17:01:09,366 DEBUG matplotlib.font_manager: findfont: score(<Font 'DejaVu Sans' (DejaVuSans-BoldOblique.ttf) oblique normal 700 normal>) = 1.335
2026-06-26 17:01:09,366 DEBUG matplotlib.font_manager: findfont: score(<Font 'cmr10' (cmr10.ttf) normal normal 400 normal>) = 10.05
2026-06-26 17:01:09,366 DEBUG matplotlib.font_manager: findfont: score(<Font 'DejaVu Sans' (DejaVuSans-Oblique.ttf) oblique normal 400 normal>) = 1.05
2026-06-26 17:01:09,366 DEBUG matplotlib.font_manager: findfont: score(<Font 'DejaVu Serif' (DejaVuSerif-BoldItalic.ttf) italic normal 700 normal>) = 11.335
2026-06-26 17:01:09,367 DEBUG matplotlib.font_manager: findfont: score(<Font 'DejaVu Serif Display' (DejaVuSerifDisplay.ttf) normal normal 400 normal>) = 10.05
2026-06-26 17:01:09,367 DEBUG matplotlib.font_manager: findfont: score(<Font 'cmmi10' (cmmi10.ttf) normal normal 400 normal>) = 10.05
2026-06-26 17:01:09,367 DEBUG matplotlib.font_manager: findfont: score(<Font 'STIXSizeThreeSym' (STIXSizThreeSymReg.ttf) normal normal 400 normal>) = 10.05
2026-06-26 17:01:09,367 DEBUG matplotlib.font_manager: findfont: score(<Font 'DejaVu Serif' (DejaVuSerif-Bold.ttf) normal normal 700 normal>) = 10.335
2026-06-26 17:01:09,367 DEBUG matplotlib.font_manager: findfont: score(<Font 'STIXSizeThreeSym' (STIXSizThreeSymBol.ttf) normal normal 700 normal>) = 10.335
2026-06-26 17:01:09,367 DEBUG matplotlib.font_manager: findfont: score(<Font 'cmtt10' (cmtt10.ttf) normal normal 400 normal>) = 10.05
2026-06-26 17:01:09,367 DEBUG matplotlib.font_manager: findfont: score(<Font 'STIXGeneral' (STIXGeneral.ttf) normal normal 400 normal>) = 10.05
2026-06-26 17:01:09,367 DEBUG matplotlib.font_manager: findfont: score(<Font 'cmss10' (cmss10.ttf) normal normal 400 normal>) = 10.05
2026-06-26 17:01:09,367 DEBUG matplotlib.font_manager: findfont: score(<Font 'DejaVu Sans Display' (DejaVuSansDisplay.ttf) normal normal 400 normal>) = 10.05
2026-06-26 17:01:09,367 DEBUG matplotlib.font_manager: findfont: score(<Font 'DejaVu Serif' (DejaVuSerif.ttf) normal normal 400 normal>) = 10.05
2026-06-26 17:01:09,367 DEBUG matplotlib.font_manager: findfont: score(<Font 'STIXSizeTwoSym' (STIXSizTwoSymBol.ttf) normal normal 700 normal>) = 10.335
2026-06-26 17:01:09,367 DEBUG matplotlib.font_manager: findfont: score(<Font 'DejaVu Sans Mono' (DejaVuSansMono-Bold.ttf) normal normal 700 normal>) = 10.335
2026-06-26 17:01:09,367 DEBUG matplotlib.font_manager: findfont: score(<Font 'DejaVu Sans' (DejaVuSans-Bold.ttf) normal normal 700 normal>) = 0.33499999999999996
2026-06-26 17:01:09,367 DEBUG matplotlib.font_manager: findfont: score(<Font 'DejaVu Sans Mono' (DejaVuSansMono.ttf) normal normal 400 normal>) = 10.05
2026-06-26 17:01:09,367 DEBUG matplotlib.font_manager: findfont: score(<Font 'DejaVu Serif' (DejaVuSerif-Bold.ttf) normal normal 700 normal>) = 10.335
2026-06-26 17:01:09,367 DEBUG matplotlib.font_manager: findfont: score(<Font 'DejaVu Sans Mono' (DejaVuSansMono-Bold.ttf) normal normal 700 normal>) = 10.335
2026-06-26 17:01:09,367 DEBUG matplotlib.font_manager: findfont: score(<Font 'DejaVu Serif' (DejaVuSerif.ttf) normal normal 400 normal>) = 10.05
2026-06-26 17:01:09,367 DEBUG matplotlib.font_manager: findfont: score(<Font 'DejaVu Sans' (DejaVuSans.ttf) normal normal 400 normal>) = 0.05
2026-06-26 17:01:09,367 DEBUG matplotlib.font_manager: findfont: Matching sans\-serif:style=normal:variant=normal:weight=normal:stretch=normal:size=5.789999999999999 to DejaVu Sans ('/tmp/_MEIuzV4lk/matplotlib/mpl-data/fonts/ttf/DejaVuSans.ttf') with score of 0.050000.
2026-06-26 17:01:09,451 INFO utils.complier: analyse  formula:[{'type': 'VARIABLE', 'value': '{{L2C.perf_dnoc_rdreq_inflight_level}}'}, {'type': 'VARIABLE', 'value': '{{L2C.perf_dnoc_rdreq}}'}]
2026-06-26 17:01:09,451 INFO utils.complier: analyse  formula:[]
2026-06-26 17:01:09,451 INFO utils.complier: analyse  formula:[]
2026-06-26 17:01:09,451 INFO utils.complier: analyse  formula:[{'type': 'PROC_VAR', 'value': '$RET'}]
2026-06-26 17:01:09,452 INFO utils.complier: analyse  formula:[]
2026-06-26 17:01:09,452 INFO utils.complier: analyse  formula:[{'type': 'VARIABLE', 'value': '{{L2C.perf_dnoc_rdreq_inflight_level}}'}, {'type': 'VARIABLE', 'value': '{{L2C.perf_dnoc_rdreq}}'}]
2026-06-26 17:01:09,452 INFO utils.complier: analyse  formula:[]
2026-06-26 17:01:09,452 INFO utils.complier: analyse  formula:[]
2026-06-26 17:01:09,453 INFO utils.complier: analyse  formula:[{'type': 'VARIABLE', 'value': '{{L2C.perf_dnoc_rd_histogram_0_255}}'}, {'type': 'VARIABLE', 'value': '{{L2C.perf_dnoc_rd_histogram_256_511}}'}, {'type': 'VARIABLE', 'value': '{{L2C.perf_dnoc_rd_histogram_512_1K}}'}, {'type': 'VARIABLE', 'value': '{{L2C.perf_dnoc_rd_histogram_1K_2K}}'}, {'type': 'VARIABLE', 'value': '{{L2C.perf_dnoc_rd_histogram_2K_INF}}'}]
2026-06-26 17:01:09,453 INFO utils.complier: analyse  formula:[]
2026-06-26 17:01:09,454 INFO utils.complier: analyse  formula:[]
2026-06-26 17:01:09,454 INFO utils.complier: analyse  formula:[{'type': 'PROC_VAR', 'value': '$RET'}]
2026-06-26 17:01:09,455 INFO utils.complier: analyse  formula:[]
2026-06-26 17:01:09,455 INFO utils.complier: analyse  formula:[{'type': 'VARIABLE', 'value': '{{L2C.perf_dnoc_rd_histogram_0_255}}'}, {'type': 'VARIABLE', 'value': '{{L2C.perf_dnoc_rd_histogram_256_511}}'}, {'type': 'VARIABLE', 'value': '{{L2C.perf_dnoc_rd_histogram_512_1K}}'}, {'type': 'VARIABLE', 'value': '{{L2C.perf_dnoc_rd_histogram_1K_2K}}'}, {'type': 'VARIABLE', 'value': '{{L2C.perf_dnoc_rd_histogram_2K_INF}}'}]
2026-06-26 17:01:09,456 INFO utils.complier: analyse  formula:[]
2026-06-26 17:01:09,457 INFO utils.complier: analyse  formula:[]
2026-06-26 17:01:09,549 INFO utils.complier: analyse  formula:[{'type': 'VARIABLE', 'value': '{{VL1.p_stall_due_oldest_pt0}}'}, {'type': 'VARIABLE', 'value': '{{VL1.p_stall_due_oldest_pt1}}'}, {'type': 'VARIABLE', 'value': '{{VL1.p_stall_due_oldest_pt2}}'}, {'type': 'VARIABLE', 'value': '{{VL1.p_stall_due_oldest_pt3}}'}]
2026-06-26 17:01:09,549 INFO utils.complier: analyse  formula:[]
2026-06-26 17:01:09,550 INFO utils.complier: analyse  formula:[]
2026-06-26 17:01:09,551 INFO utils.complier: analyse  formula:[{'type': 'PROC_VAR', 'value': '$RET'}]
2026-06-26 17:01:09,551 INFO utils.complier: analyse  formula:[]
2026-06-26 17:01:09,552 INFO utils.complier: analyse  formula:[{'type': 'VARIABLE', 'value': '{{VL1.p_stall_due_oldest_pt0}}'}, {'type': 'VARIABLE', 'value': '{{VL1.p_stall_due_oldest_pt1}}'}, {'type': 'VARIABLE', 'value': '{{VL1.p_stall_due_oldest_pt2}}'}, {'type': 'VARIABLE', 'value': '{{VL1.p_stall_due_oldest_pt3}}'}]
2026-06-26 17:01:09,552 INFO utils.complier: analyse  formula:[]
2026-06-26 17:01:09,553 INFO utils.complier: analyse  formula:[]
2026-06-26 17:01:09,597 INFO utils.complier: analyse  formula:[{'type': 'VARIABLE', 'value': '{{ISU.AP_PERF_INST_BSM_RD}}'}]
2026-06-26 17:01:09,597 INFO utils.complier: analyse  formula:[]
2026-06-26 17:01:09,597 INFO utils.complier: analyse  formula:[]
2026-06-26 17:01:09,598 INFO utils.complier: analyse  formula:[{'type': 'PROC_VAR', 'value': '$RET'}]
2026-06-26 17:01:09,598 INFO utils.complier: analyse  formula:[]
2026-06-26 17:01:09,598 INFO utils.complier: analyse  formula:[{'type': 'VARIABLE', 'value': '{{ISU.AP_PERF_INST_BSM_RD}}'}]
2026-06-26 17:01:09,598 INFO utils.complier: analyse  formula:[]
2026-06-26 17:01:09,598 INFO utils.complier: analyse  formula:[]
2026-06-26 17:01:09,598 INFO utils.complier: analyse  formula:[{'type': 'VARIABLE', 'value': '{{ISU.AP_PERF_INST_BSM_WR}}'}]
2026-06-26 17:01:09,599 INFO utils.complier: analyse  formula:[]
2026-06-26 17:01:09,599 INFO utils.complier: analyse  formula:[]
2026-06-26 17:01:09,599 INFO utils.complier: analyse  formula:[{'type': 'PROC_VAR', 'value': '$RET'}]
2026-06-26 17:01:09,599 INFO utils.complier: analyse  formula:[]
2026-06-26 17:01:09,599 INFO utils.complier: analyse  formula:[{'type': 'VARIABLE', 'value': '{{ISU.AP_PERF_INST_BSM_WR}}'}]
2026-06-26 17:01:09,599 INFO utils.complier: analyse  formula:[]
2026-06-26 17:01:09,599 INFO utils.complier: analyse  formula:[]
2026-06-26 17:01:09,600 INFO utils.complier: analyse  formula:[{'type': 'VARIABLE', 'value': '{{ISU.AP_PERF_INST_BSM_ATOMIC}}'}]
2026-06-26 17:01:09,600 INFO utils.complier: analyse  formula:[]
2026-06-26 17:01:09,600 INFO utils.complier: analyse  formula:[]
2026-06-26 17:01:09,600 INFO utils.complier: analyse  formula:[{'type': 'PROC_VAR', 'value': '$RET'}]
2026-06-26 17:01:09,600 INFO utils.complier: analyse  formula:[]
2026-06-26 17:01:09,600 INFO utils.complier: analyse  formula:[{'type': 'VARIABLE', 'value': '{{ISU.AP_PERF_INST_BSM_ATOMIC}}'}]
2026-06-26 17:01:09,600 INFO utils.complier: analyse  formula:[]
2026-06-26 17:01:09,601 INFO utils.complier: analyse  formula:[]
2026-06-26 17:01:09,601 INFO utils.complier: analyse  formula:[{'type': 'VARIABLE', 'value': '{{ISU.AP_PERF_INSTS_BSM}}'}]
2026-06-26 17:01:09,601 INFO utils.complier: analyse  formula:[]
2026-06-26 17:01:09,601 INFO utils.complier: analyse  formula:[]
2026-06-26 17:01:09,601 INFO utils.complier: analyse  formula:[{'type': 'PROC_VAR', 'value': '$RET'}]
2026-06-26 17:01:09,601 INFO utils.complier: analyse  formula:[]
2026-06-26 17:01:09,601 INFO utils.complier: analyse  formula:[{'type': 'VARIABLE', 'value': '{{ISU.AP_PERF_INSTS_BSM}}'}]
2026-06-26 17:01:09,601 INFO utils.complier: analyse  formula:[]
2026-06-26 17:01:09,602 INFO utils.complier: analyse  formula:[]
2026-06-26 17:01:09,602 INFO utils.complier: analyse  formula:[{'type': 'VARIABLE', 'value': '{{ISU.AP_PERF_BSM_READ_INFLIGHT_LEVEL}}'}, {'type': 'VARIABLE', 'value': '{{ISU.AP_PERF_INST_BSM_RD}}'}, {'type': 'VARIABLE', 'value': '{{ISU.AP_PERF_INST_BSM_RD}}'}]
2026-06-26 17:01:09,602 INFO utils.complier: analyse  formula:[]
2026-06-26 17:01:09,602 INFO utils.complier: analyse  formula:[]
2026-06-26 17:01:09,603 INFO utils.complier: analyse  formula:[{'type': 'PROC_VAR', 'value': '$RET'}]
2026-06-26 17:01:09,603 INFO utils.complier: analyse  formula:[]
2026-06-26 17:01:09,603 INFO utils.complier: analyse  formula:[{'type': 'VARIABLE', 'value': '{{ISU.AP_PERF_BSM_READ_INFLIGHT_LEVEL}}'}, {'type': 'VARIABLE', 'value': '{{ISU.AP_PERF_INST_BSM_RD}}'}, {'type': 'VARIABLE', 'value': '{{ISU.AP_PERF_INST_BSM_RD}}'}]
2026-06-26 17:01:09,604 INFO utils.complier: analyse  formula:[]
2026-06-26 17:01:09,604 INFO utils.complier: analyse  formula:[]
2026-06-26 17:01:09,604 INFO utils.complier: analyse  formula:[{'type': 'VARIABLE', 'value': '{{ISU.AP_PERF_BSM_WR_INFLIGHT_LEVEL}}'}, {'type': 'VARIABLE', 'value': '{{ISU.AP_PERF_INST_BSM_WR}}'}, {'type': 'VARIABLE', 'value': '{{ISU.AP_PERF_INST_BSM_WR}}'}]
2026-06-26 17:01:09,604 INFO utils.complier: analyse  formula:[]
2026-06-26 17:01:09,604 INFO utils.complier: analyse  formula:[]
2026-06-26 17:01:09,605 INFO utils.complier: analyse  formula:[{'type': 'PROC_VAR', 'value': '$RET'}]
2026-06-26 17:01:09,605 INFO utils.complier: analyse  formula:[]
2026-06-26 17:01:09,605 INFO utils.complier: analyse  formula:[{'type': 'VARIABLE', 'value': '{{ISU.AP_PERF_BSM_WR_INFLIGHT_LEVEL}}'}, {'type': 'VARIABLE', 'value': '{{ISU.AP_PERF_INST_BSM_WR}}'}, {'type': 'VARIABLE', 'value': '{{ISU.AP_PERF_INST_BSM_WR}}'}]
2026-06-26 17:01:09,606 INFO utils.complier: analyse  formula:[]
2026-06-26 17:01:09,606 INFO utils.complier: analyse  formula:[]
2026-06-26 17:01:09,606 INFO utils.complier: analyse  formula:[{'type': 'VARIABLE', 'value': '{{ISU.AP_PERF_BSM_ATOMIC_INFLIGHT_LEVEL}}'}, {'type': 'VARIABLE', 'value': '{{ISU.AP_PERF_INST_BSM_ATOMIC}}'}, {'type': 'VARIABLE', 'value': '{{ISU.AP_PERF_INST_BSM_ATOMIC}}'}]
2026-06-26 17:01:09,607 INFO utils.complier: analyse  formula:[]
2026-06-26 17:01:09,607 INFO utils.complier: analyse  formula:[]
2026-06-26 17:01:09,608 INFO utils.complier: analyse  formula:[{'type': 'PROC_VAR', 'value': '$RET'}]
2026-06-26 17:01:09,608 INFO utils.complier: analyse  formula:[]
2026-06-26 17:01:09,609 INFO utils.complier: analyse  formula:[{'type': 'VARIABLE', 'value': '{{ISU.AP_PERF_BSM_ATOMIC_INFLIGHT_LEVEL}}'}, {'type': 'VARIABLE', 'value': '{{ISU.AP_PERF_INST_BSM_ATOMIC}}'}, {'type': 'VARIABLE', 'value': '{{ISU.AP_PERF_INST_BSM_ATOMIC}}'}]
2026-06-26 17:01:09,609 INFO utils.complier: analyse  formula:[]
2026-06-26 17:01:09,609 INFO utils.complier: analyse  formula:[]
2026-06-26 17:01:09,610 INFO utils.complier: analyse  formula:[{'type': 'VARIABLE', 'value': '{{ISU.AP_PERF_BSM_INFLIGHT_LEVEL_IN_AP}}'}, {'type': 'VARIABLE', 'value': '{{ISU.AP_PERF_BSM_INFLIGHT_LEVEL}}'}, {'type': 'VARIABLE', 'value': '{{ISU.AP_PERF_INSTS_BSM}}'}, {'type': 'VARIABLE', 'value': '{{ISU.AP_PERF_INSTS_BSM}}'}]
2026-06-26 17:01:09,610 INFO utils.complier: analyse  formula:[]
2026-06-26 17:01:09,610 INFO utils.complier: analyse  formula:[]
2026-06-26 17:01:09,611 INFO utils.complier: analyse  formula:[{'type': 'PROC_VAR', 'value': '$RET'}]
2026-06-26 17:01:09,611 INFO utils.complier: analyse  formula:[]
2026-06-26 17:01:09,611 INFO utils.complier: analyse  formula:[{'type': 'VARIABLE', 'value': '{{ISU.AP_PERF_BSM_INFLIGHT_LEVEL_IN_AP}}'}, {'type': 'VARIABLE', 'value': '{{ISU.AP_PERF_BSM_INFLIGHT_LEVEL}}'}, {'type': 'VARIABLE', 'value': '{{ISU.AP_PERF_INSTS_BSM}}'}, {'type': 'VARIABLE', 'value': '{{ISU.AP_PERF_INSTS_BSM}}'}]
2026-06-26 17:01:09,612 INFO utils.complier: analyse  formula:[]
2026-06-26 17:01:09,612 INFO utils.complier: analyse  formula:[]
2026-06-26 17:01:09,613 INFO utils.complier: analyse  formula:[{'type': 'VARIABLE', 'value': '{{ISU.AP_PERF_BSM_RD_CYCLES}}'}, {'type': 'VARIABLE', 'value': '{{ISU.AP_PERF_INST_BSM_RD}}'}, {'type': 'VARIABLE', 'value': '{{ISU.AP_PERF_INST_BSM_RD}}'}]
2026-06-26 17:01:09,613 INFO utils.complier: analyse  formula:[]
2026-06-26 17:01:09,613 INFO utils.complier: analyse  formula:[]
2026-06-26 17:01:09,613 INFO utils.complier: analyse  formula:[{'type': 'PROC_VAR', 'value': '$RET'}]
2026-06-26 17:01:09,614 INFO utils.complier: analyse  formula:[]
2026-06-26 17:01:09,614 INFO utils.complier: analyse  formula:[{'type': 'VARIABLE', 'value': '{{ISU.AP_PERF_BSM_RD_CYCLES}}'}, {'type': 'VARIABLE', 'value': '{{ISU.AP_PERF_INST_BSM_RD}}'}, {'type': 'VARIABLE', 'value': '{{ISU.AP_PERF_INST_BSM_RD}}'}]
2026-06-26 17:01:09,614 INFO utils.complier: analyse  formula:[]
2026-06-26 17:01:09,615 INFO utils.complier: analyse  formula:[]
2026-06-26 17:01:09,615 INFO utils.complier: analyse  formula:[{'type': 'VARIABLE', 'value': '{{ISU.AP_PERF_BSM_WR_CYCLES}}'}, {'type': 'VARIABLE', 'value': '{{ISU.AP_PERF_INST_BSM_WR}}'}, {'type': 'VARIABLE', 'value': '{{ISU.AP_PERF_INST_BSM_WR}}'}]
2026-06-26 17:01:09,615 INFO utils.complier: analyse  formula:[]
2026-06-26 17:01:09,615 INFO utils.complier: analyse  formula:[]
2026-06-26 17:01:09,689 INFO utils.complier: analyse  formula:[{'type': 'PROC_VAR', 'value': '$RET'}]
2026-06-26 17:01:09,689 INFO utils.complier: analyse  formula:[]
2026-06-26 17:01:09,690 INFO utils.complier: analyse  formula:[{'type': 'VARIABLE', 'value': '{{ISU.AP_PERF_BSM_WR_CYCLES}}'}, {'type': 'VARIABLE', 'value': '{{ISU.AP_PERF_INST_BSM_WR}}'}, {'type': 'VARIABLE', 'value': '{{ISU.AP_PERF_INST_BSM_WR}}'}]
2026-06-26 17:01:09,690 INFO utils.complier: analyse  formula:[]
2026-06-26 17:01:09,690 INFO utils.complier: analyse  formula:[]
2026-06-26 17:01:09,691 INFO utils.complier: analyse  formula:[{'type': 'VARIABLE', 'value': '{{ISU.AP_PERF_BSM_ATOMIC_CYCLES}}'}, {'type': 'VARIABLE', 'value': '{{ISU.AP_PERF_INST_BSM_ATOMIC}}'}, {'type': 'VARIABLE', 'value': '{{ISU.AP_PERF_INST_BSM_ATOMIC}}'}]
2026-06-26 17:01:09,691 INFO utils.complier: analyse  formula:[]
2026-06-26 17:01:09,691 INFO utils.complier: analyse  formula:[]
2026-06-26 17:01:09,692 INFO utils.complier: analyse  formula:[{'type': 'PROC_VAR', 'value': '$RET'}]
2026-06-26 17:01:09,692 INFO utils.complier: analyse  formula:[]
2026-06-26 17:01:09,692 INFO utils.complier: analyse  formula:[{'type': 'VARIABLE', 'value': '{{ISU.AP_PERF_BSM_ATOMIC_CYCLES}}'}, {'type': 'VARIABLE', 'value': '{{ISU.AP_PERF_INST_BSM_ATOMIC}}'}, {'type': 'VARIABLE', 'value': '{{ISU.AP_PERF_INST_BSM_ATOMIC}}'}]
2026-06-26 17:01:09,692 INFO utils.complier: analyse  formula:[]
2026-06-26 17:01:09,693 INFO utils.complier: analyse  formula:[]
2026-06-26 17:01:09,693 INFO utils.complier: analyse  formula:[{'type': 'VARIABLE', 'value': '{{ISU.AP_PERF_BSM_CONFLICT_CYCLES}}'}, {'type': 'VARIABLE', 'value': '{{ISU.AP_PERF_INSTS_BSM}}'}, {'type': 'VARIABLE', 'value': '{{ISU.AP_PERF_INSTS_BSM}}'}]
2026-06-26 17:01:09,693 INFO utils.complier: analyse  formula:[]
2026-06-26 17:01:09,693 INFO utils.complier: analyse  formula:[]
2026-06-26 17:01:09,694 INFO utils.complier: analyse  formula:[{'type': 'PROC_VAR', 'value': '$RET'}]
2026-06-26 17:01:09,694 INFO utils.complier: analyse  formula:[]
2026-06-26 17:01:09,694 INFO utils.complier: analyse  formula:[{'type': 'VARIABLE', 'value': '{{ISU.AP_PERF_BSM_CONFLICT_CYCLES}}'}, {'type': 'VARIABLE', 'value': '{{ISU.AP_PERF_INSTS_BSM}}'}, {'type': 'VARIABLE', 'value': '{{ISU.AP_PERF_INSTS_BSM}}'}]
2026-06-26 17:01:09,695 INFO utils.complier: analyse  formula:[]
2026-06-26 17:01:09,695 INFO utils.complier: analyse  formula:[]
2026-06-26 17:01:09,695 INFO utils.complier: analyse  formula:[{'type': 'VARIABLE', 'value': '{{ISU.AP_PERF_BSM_RD_CYCLES}}'}, {'type': 'VARIABLE', 'value': '{{ISU.AP_PERF_BSM_WR_CYCLES}}'}, {'type': 'VARIABLE', 'value': '{{ISU.AP_PERF_BSM_ATOMIC_CYCLES}}'}, {'type': 'VARIABLE', 'value': '{{ISU.AP_PERF_INSTS_BSM}}'}, {'type': 'VARIABLE', 'value': '{{ISU.AP_PERF_INSTS_BSM}}'}]
2026-06-26 17:01:09,696 INFO utils.complier: analyse  formula:[]
2026-06-26 17:01:09,696 INFO utils.complier: analyse  formula:[]
2026-06-26 17:01:09,697 INFO utils.complier: analyse  formula:[{'type': 'PROC_VAR', 'value': '$RET'}]
2026-06-26 17:01:09,697 INFO utils.complier: analyse  formula:[]
2026-06-26 17:01:09,697 INFO utils.complier: analyse  formula:[{'type': 'VARIABLE', 'value': '{{ISU.AP_PERF_BSM_RD_CYCLES}}'}, {'type': 'VARIABLE', 'value': '{{ISU.AP_PERF_BSM_WR_CYCLES}}'}, {'type': 'VARIABLE', 'value': '{{ISU.AP_PERF_BSM_ATOMIC_CYCLES}}'}, {'type': 'VARIABLE', 'value': '{{ISU.AP_PERF_INSTS_BSM}}'}, {'type': 'VARIABLE', 'value': '{{ISU.AP_PERF_INSTS_BSM}}'}]
2026-06-26 17:01:09,698 INFO utils.complier: analyse  formula:[]
2026-06-26 17:01:09,699 INFO utils.complier: analyse  formula:[]
2026-06-26 17:01:09,699 INFO utils.complier: analyse  formula:[{'type': 'VARIABLE', 'value': '{{ISU.AP_PERF_BSM_RD_CYCLES}}'}, {'type': 'VARIABLE', 'value': '{{ISU.AP_PERF_BSM_WR_CYCLES}}'}, {'type': 'VARIABLE', 'value': '{{ISU.AP_PERF_BSM_ATOMIC_CYCLES}}'}, {'type': 'VARIABLE', 'value': '{{ISU.AP_PERF_BSM_CONFLICT_CYCLES}}'}]
2026-06-26 17:01:09,699 INFO utils.complier: analyse  formula:[]
2026-06-26 17:01:09,700 INFO utils.complier: analyse  formula:[]
2026-06-26 17:01:09,701 INFO utils.complier: analyse  formula:[{'type': 'PROC_VAR', 'value': '$all_cycle'}, {'type': 'PROC_VAR', 'value': '$conflict_cycle'}, {'type': 'PROC_VAR', 'value': '$rate'}, {'type': 'PROC_VAR', 'value': '$all_cycle'}, {'type': 'PROC_VAR', 'value': '$conflict_cycle'}, {'type': 'PROC_VAR', 'value': '$all_cycle'}, {'type': 'PROC_VAR', 'value': '$all_cycle'}, {'type': 'PROC_VAR', 'value': '$RET'}, {'type': 'PROC_VAR', 'value': '$rate'}]
2026-06-26 17:01:09,702 INFO utils.complier: analyse  formula:[]
2026-06-26 17:01:09,703 INFO utils.complier: analyse  formula:[{'type': 'VARIABLE', 'value': '{{ISU.AP_PERF_BSM_RD_CYCLES}}'}, {'type': 'VARIABLE', 'value': '{{ISU.AP_PERF_BSM_WR_CYCLES}}'}, {'type': 'VARIABLE', 'value': '{{ISU.AP_PERF_BSM_ATOMIC_CYCLES}}'}, {'type': 'VARIABLE', 'value': '{{ISU.AP_PERF_BSM_CONFLICT_CYCLES}}'}]
2026-06-26 17:01:09,705 INFO utils.complier: analyse  formula:[]
2026-06-26 17:01:09,707 INFO utils.complier: analyse  formula:[]
2026-06-26 17:01:09,707 INFO utils.complier: analyse  formula:[{'type': 'VARIABLE', 'value': '{{ISU.AP_PERF_WAVES}}'}]
2026-06-26 17:01:09,707 INFO utils.complier: analyse  formula:[]
2026-06-26 17:01:09,707 INFO utils.complier: analyse  formula:[]
2026-06-26 17:01:09,707 INFO utils.complier: analyse  formula:[{'type': 'PROC_VAR', 'value': '$RET'}]
2026-06-26 17:01:09,707 INFO utils.complier: analyse  formula:[]
2026-06-26 17:01:09,707 INFO utils.complier: analyse  formula:[{'type': 'VARIABLE', 'value': '{{ISU.AP_PERF_WAVES}}'}]
2026-06-26 17:01:09,708 INFO utils.complier: analyse  formula:[]
2026-06-26 17:01:09,708 INFO utils.complier: analyse  formula:[]
2026-06-26 17:01:09,708 INFO utils.complier: analyse  formula:[{'type': 'VARIABLE', 'value': '{{RM.RM_PERF_DISPATCHED_WAVES_P0}}'}, {'type': 'VARIABLE', 'value': '{{RM.RM_PERF_DISPATCHED_WAVES_P1}}'}, {'type': 'VARIABLE', 'value': '{{RM.RM_PERF_DISPATCHED_WAVES_P2}}'}, {'type': 'VARIABLE', 'value': '{{RM.RM_PERF_DISPATCHED_WAVES_P3}}'}]
2026-06-26 17:01:09,708 INFO utils.complier: analyse  formula:[]
2026-06-26 17:01:09,708 INFO utils.complier: analyse  formula:[]
2026-06-26 17:01:09,708 INFO utils.complier: analyse  formula:[{'type': 'PROC_VAR', 'value': '$RET'}]
2026-06-26 17:01:09,708 INFO utils.complier: analyse  formula:[]
2026-06-26 17:01:09,709 INFO utils.complier: analyse  formula:[{'type': 'VARIABLE', 'value': '{{RM.RM_PERF_DISPATCHED_WAVES_P0}}'}, {'type': 'VARIABLE', 'value': '{{RM.RM_PERF_DISPATCHED_WAVES_P1}}'}, {'type': 'VARIABLE', 'value': '{{RM.RM_PERF_DISPATCHED_WAVES_P2}}'}, {'type': 'VARIABLE', 'value': '{{RM.RM_PERF_DISPATCHED_WAVES_P3}}'}]
2026-06-26 17:01:09,709 INFO utils.complier: analyse  formula:[]
2026-06-26 17:01:09,710 INFO utils.complier: analyse  formula:[]
2026-06-26 17:01:09,710 INFO utils.complier: analyse  formula:[{'type': 'VARIABLE', 'value': '{{ISU.AP_PERF_ISU_AP_BUSY}}'}]
2026-06-26 17:01:09,710 INFO utils.complier: analyse  formula:[]
2026-06-26 17:01:09,710 INFO utils.complier: analyse  formula:[]
2026-06-26 17:01:09,710 INFO utils.complier: analyse  formula:[{'type': 'PROC_VAR', 'value': '$RET'}]
2026-06-26 17:01:09,710 INFO utils.complier: analyse  formula:[]
2026-06-26 17:01:09,710 INFO utils.complier: analyse  formula:[{'type': 'VARIABLE', 'value': '{{ISU.AP_PERF_ISU_AP_BUSY}}'}]
2026-06-26 17:01:09,710 INFO utils.complier: analyse  formula:[]
2026-06-26 17:01:09,711 INFO utils.complier: analyse  formula:[]
2026-06-26 17:01:09,711 INFO utils.complier: analyse  formula:[{'type': 'VARIABLE', 'value': '{{ISU.AP_PERF_INST_TRANS_FP16}}'}, {'type': 'VARIABLE', 'value': '{{ISU.AP_PERF_INST_TRANS_FP32}}'}, {'type': 'VARIABLE', 'value': '{{ISU.AP_PERF_MTE_PI_SEG_SEL_F64}}'}, {'type': 'VARIABLE', 'value': '{{ISU.AP_PERF_INST_CYCLES_VALU_4CYCLES}}'}, {'type': 'VARIABLE', 'value': '{{ISU.AP_PERF_ISU_AP_BUSY}}'}]
2026-06-26 17:01:09,711 INFO utils.complier: analyse  formula:[]
2026-06-26 17:01:09,712 INFO utils.complier: analyse  formula:[]
2026-06-26 17:01:09,713 INFO utils.complier: analyse  formula:[{'type': 'PROC_VAR', 'value': '$ap_trans_real'}, {'type': 'PROC_VAR', 'value': '$ap_perf_inst_cycles_valu_real_16'}, {'type': 'PROC_VAR', 'value': '$ap_trans_real'}, {'type': 'PROC_VAR', 'value': '$ap_perf_inst_cycles_valu_real'}, {'type': 'PROC_VAR', 'value': '$ap_perf_inst_cycles_valu_real_16'}, {'type': 'PROC_VAR', 'value': '$RET'}, {'type': 'PROC_VAR', 'value': '$ap_perf_inst_cycles_valu_real'}]
2026-06-26 17:01:09,715 INFO utils.complier: analyse  formula:[]
2026-06-26 17:01:09,717 INFO utils.complier: analyse  formula:[{'type': 'VARIABLE', 'value': '{{ISU.AP_PERF_INST_TRANS_FP16}}'}, {'type': 'VARIABLE', 'value': '{{ISU.AP_PERF_INST_TRANS_FP32}}'}, {'type': 'VARIABLE', 'value': '{{ISU.AP_PERF_MTE_PI_SEG_SEL_F64}}'}, {'type': 'VARIABLE', 'value': '{{ISU.AP_PERF_INST_CYCLES_VALU_4CYCLES}}'}, {'type': 'VARIABLE', 'value': '{{ISU.AP_PERF_ISU_AP_BUSY}}'}]
2026-06-26 17:01:09,719 INFO utils.complier: analyse  formula:[]
2026-06-26 17:01:09,721 INFO utils.complier: analyse  formula:[]
2026-06-26 17:01:09,721 INFO utils.complier: analyse  formula:[{'type': 'VARIABLE', 'value': '{{ISU.AP_PERF_INSTS_SALU}}'}, {'type': 'VARIABLE', 'value': '{{ISU.AP_PERF_ISU_AP_BUSY}}'}]
2026-06-26 17:01:09,721 INFO utils.complier: analyse  formula:[]
2026-06-26 17:01:09,721 INFO utils.complier: analyse  formula:[]
2026-06-26 17:01:09,722 INFO utils.complier: analyse  formula:[{'type': 'PROC_VAR', 'value': '$RET'}]
2026-06-26 17:01:09,722 INFO utils.complier: analyse  formula:[]
2026-06-26 17:01:09,722 INFO utils.complier: analyse  formula:[{'type': 'VARIABLE', 'value': '{{ISU.AP_PERF_INSTS_SALU}}'}, {'type': 'VARIABLE', 'value': '{{ISU.AP_PERF_ISU_AP_BUSY}}'}]
2026-06-26 17:01:09,722 INFO utils.complier: analyse  formula:[]
2026-06-26 17:01:09,723 INFO utils.complier: analyse  formula:[]
2026-06-26 17:01:09,723 INFO utils.complier: analyse  formula:[{'type': 'VARIABLE', 'value': '{{ISU.AP_PERF_INST_CYCLES_MMA}}'}, {'type': 'VARIABLE', 'value': '{{ISU.AP_PERF_ISU_AP_BUSY}}'}]
2026-06-26 17:01:09,723 INFO utils.complier: analyse  formula:[]
2026-06-26 17:01:09,723 INFO utils.complier: analyse  formula:[]
2026-06-26 17:01:09,724 INFO utils.complier: analyse  formula:[{'type': 'PROC_VAR', 'value': '$RET'}]
2026-06-26 17:01:09,724 INFO utils.complier: analyse  formula:[]
2026-06-26 17:01:09,724 INFO utils.complier: analyse  formula:[{'type': 'VARIABLE', 'value': '{{ISU.AP_PERF_INST_CYCLES_MMA}}'}, {'type': 'VARIABLE', 'value': '{{ISU.AP_PERF_ISU_AP_BUSY}}'}]
2026-06-26 17:01:09,724 INFO utils.complier: analyse  formula:[]
2026-06-26 17:01:09,725 INFO utils.complier: analyse  formula:[]
2026-06-26 17:01:09,725 INFO utils.complier: analyse  formula:[{'type': 'VARIABLE', 'value': '{{VLS.PERFEVENT_VLS_ACTIVE}}'}, {'type': 'VARIABLE', 'value': '{{ISU.AP_PERF_ISU_AP_BUSY}}'}]
2026-06-26 17:01:09,725 INFO utils.complier: analyse  formula:[]
2026-06-26 17:01:09,725 INFO utils.complier: analyse  formula:[]
2026-06-26 17:01:09,725 INFO utils.complier: analyse  formula:[{'type': 'PROC_VAR', 'value': '$RET'}]
2026-06-26 17:01:09,725 INFO utils.complier: analyse  formula:[]
2026-06-26 17:01:09,726 INFO utils.complier: analyse  formula:[{'type': 'VARIABLE', 'value': '{{VLS.PERFEVENT_VLS_ACTIVE}}'}, {'type': 'VARIABLE', 'value': '{{ISU.AP_PERF_ISU_AP_BUSY}}'}]
2026-06-26 17:01:09,726 INFO utils.complier: analyse  formula:[]
2026-06-26 17:01:09,726 INFO utils.complier: analyse  formula:[]
2026-06-26 17:01:09,726 INFO utils.complier: analyse  formula:[{'type': 'VARIABLE', 'value': '{{L2C.perf_req}}'}, {'type': 'VARIABLE', 'value': '{{L2C.1_b1}}'}]
2026-06-26 17:01:09,726 INFO utils.complier: analyse  formula:[]
2026-06-26 17:01:09,727 INFO utils.complier: analyse  formula:[]
2026-06-26 17:01:09,727 INFO utils.complier: analyse  formula:[{'type': 'PROC_VAR', 'value': '$RET'}]
2026-06-26 17:01:09,727 INFO utils.complier: analyse  formula:[]
2026-06-26 17:01:09,727 INFO utils.complier: analyse  formula:[{'type': 'VARIABLE', 'value': '{{L2C.perf_req}}'}, {'type': 'VARIABLE', 'value': '{{L2C.1_b1}}'}]
2026-06-26 17:01:09,727 INFO utils.complier: analyse  formula:[]
2026-06-26 17:01:09,728 INFO utils.complier: analyse  formula:[]
2026-06-26 17:01:09,728 INFO utils.complier: analyse  formula:[{'type': 'VARIABLE', 'value': '{{ISU.AP_PERF_ISU_AP_BUSY}}'}]
2026-06-26 17:01:09,728 INFO utils.complier: analyse  formula:[]
2026-06-26 17:01:09,728 INFO utils.complier: analyse  formula:[{'type': 'PRE_VAR', 'value': '@total_instruction_num'}]
2026-06-26 17:01:09,728 INFO utils.complier: analyse  formula:[{'type': 'PROC_VAR', 'value': '$max_ap_cycle'}, {'type': 'PROC_VAR', 'value': '$RET'}, {'type': 'PROC_VAR', 'value': '$max_ap_cycle'}]
2026-06-26 17:01:09,729 INFO utils.complier: analyse  formula:[]
2026-06-26 17:01:09,729 INFO utils.complier: analyse  formula:[{'type': 'VARIABLE', 'value': '{{ISU.AP_PERF_ISU_AP_BUSY}}'}]
2026-06-26 17:01:09,730 INFO utils.complier: analyse  formula:[{'type': 'PRE_VAR', 'value': '@total_instruction_num'}]
2026-06-26 17:01:09,730 INFO utils.complier: analyse  formula:[]
2026-06-26 17:01:09,731 INFO utils.complier: analyse  formula:[{'type': 'VARIABLE_DICT', 'value': '{{{ISU.AP_PERF_INSTS_VALU}}}'}, {'type': 'VARIABLE', 'value': '{{ISU.AP_PERF_ISU_AP_BUSY}}'}]
2026-06-26 17:01:09,731 INFO utils.complier: analyse  formula:[]
2026-06-26 17:01:09,731 INFO utils.complier: analyse  formula:[{'type': 'PRE_VAR', 'value': '@total_instruction_num'}]
2026-06-26 17:01:09,732 INFO utils.complier: analyse  formula:[{'type': 'PROC_VAR', 'value': '$ap_num'}, {'type': 'PROC_VAR', 'value': '$max_ap_cycle'}, {'type': 'PROC_VAR', 'value': '$RET'}, {'type': 'PROC_VAR', 'value': '$max_ap_cycle'}, {'type': 'PROC_VAR', 'value': '$ap_num'}]
2026-06-26 17:01:09,733 INFO utils.complier: analyse  formula:[{'type': 'VARIABLE_DICT', 'value': '{{{ISU.AP_PERF_INSTS_VALU}}}'}]
2026-06-26 17:01:09,734 INFO utils.complier: analyse  formula:[{'type': 'VARIABLE', 'value': '{{ISU.AP_PERF_ISU_AP_BUSY}}'}]
2026-06-26 17:01:09,735 INFO utils.complier: analyse  formula:[{'type': 'PRE_VAR', 'value': '@total_instruction_num'}]
2026-06-26 17:01:09,735 INFO utils.complier: analyse  formula:[]
2026-06-26 17:01:09,736 INFO utils.complier: analyse  formula:[{'type': 'VARIABLE_DICT', 'value': '{{{ISU.AP_PERF_INSTS_VALU}}}'}, {'type': 'VARIABLE', 'value': '{{ISU.AP_PERF_ISU_AP_BUSY}}'}]
2026-06-26 17:01:09,736 INFO utils.complier: analyse  formula:[]
2026-06-26 17:01:09,736 INFO utils.complier: analyse  formula:[{'type': 'PRE_VAR', 'value': '@total_instruction_num'}]
2026-06-26 17:01:09,737 INFO utils.complier: analyse  formula:[{'type': 'PROC_VAR', 'value': '$ap_num'}, {'type': 'PROC_VAR', 'value': '$max_ap_cycle'}, {'type': 'PROC_VAR', 'value': '$RET'}, {'type': 'PROC_VAR', 'value': '$max_ap_cycle'}, {'type': 'PROC_VAR', 'value': '$ap_num'}]
2026-06-26 17:01:09,738 INFO utils.complier: analyse  formula:[{'type': 'VARIABLE_DICT', 'value': '{{{ISU.AP_PERF_INSTS_VALU}}}'}]
2026-06-26 17:01:09,739 INFO utils.complier: analyse  formula:[{'type': 'VARIABLE', 'value': '{{ISU.AP_PERF_ISU_AP_BUSY}}'}]
2026-06-26 17:01:09,740 INFO utils.complier: analyse  formula:[{'type': 'PRE_VAR', 'value': '@total_instruction_num'}]
2026-06-26 17:01:09,741 INFO utils.complier: analyse  formula:[]
2026-06-26 17:01:09,741 INFO utils.complier: analyse  formula:[{'type': 'VARIABLE', 'value': '{{ISU.AP_PERF_INSTS_VALU}}'}, {'type': 'VARIABLE', 'value': '{{ISU.AP_PERF_INSTS_MMA}}'}, {'type': 'VARIABLE', 'value': '{{ISU.AP_PERF_INSTS_SALU}}'}, {'type': 'VARIABLE', 'value': '{{ISU.AP_PERF_INSTS_GVM}}'}, {'type': 'VARIABLE', 'value': '{{ISU.AP_PERF_INSTS_BSM}}'}, {'type': 'VARIABLE', 'value': '{{ISU.AP_PERF_INSTS_LDU}}'}, {'type': 'VARIABLE', 'value': '{{ISU.AP_PERF_INST_MISC}}'}, {'type': 'VARIABLE', 'value': '{{ISU.AP_PERF_ISU_AP_BUSY}}'}]
2026-06-26 17:01:09,741 INFO utils.complier: analyse  formula:[]
2026-06-26 17:01:09,741 INFO utils.complier: analyse  formula:[]
2026-06-26 17:01:09,743 INFO utils.complier: analyse  formula:[{'type': 'PROC_VAR', 'value': '$RET'}, {'type': 'PROC_VAR', 'value': '$max_ap_cycle'}]
2026-06-26 17:01:09,744 INFO utils.complier: analyse  formula:[]
2026-06-26 17:01:09,744 INFO utils.complier: analyse  formula:[{'type': 'VARIABLE', 'value': '{{ISU.AP_PERF_INSTS_VALU}}'}, {'type': 'VARIABLE', 'value': '{{ISU.AP_PERF_INSTS_MMA}}'}, {'type': 'VARIABLE', 'value': '{{ISU.AP_PERF_INSTS_SALU}}'}, {'type': 'VARIABLE', 'value': '{{ISU.AP_PERF_INSTS_GVM}}'}, {'type': 'VARIABLE', 'value': '{{ISU.AP_PERF_INSTS_BSM}}'}, {'type': 'VARIABLE', 'value': '{{ISU.AP_PERF_INSTS_LDU}}'}, {'type': 'VARIABLE', 'value': '{{ISU.AP_PERF_INST_MISC}}'}, {'type': 'VARIABLE', 'value': '{{ISU.AP_PERF_ISU_AP_BUSY}}'}]
2026-06-26 17:01:09,745 INFO utils.complier: analyse  formula:[]
2026-06-26 17:01:09,746 INFO utils.complier: analyse  formula:[]
2026-06-26 17:01:09,747 INFO utils.complier: analyse  formula:[{'type': 'VARIABLE_DICT', 'value': '{{{ISU.AP_PERF_INSTS_VALU}}}'}, {'type': 'VARIABLE', 'value': '{{ISU.AP_PERF_INSTS_VALU}}'}, {'type': 'VARIABLE', 'value': '{{ISU.AP_PERF_INSTS_MMA}}'}, {'type': 'VARIABLE', 'value': '{{ISU.AP_PERF_INSTS_SALU}}'}, {'type': 'VARIABLE', 'value': '{{ISU.AP_PERF_INSTS_GVM}}'}, {'type': 'VARIABLE', 'value': '{{ISU.AP_PERF_INSTS_BSM}}'}, {'type': 'VARIABLE', 'value': '{{ISU.AP_PERF_INSTS_LDU}}'}, {'type': 'VARIABLE', 'value': '{{ISU.AP_PERF_INST_MISC}}'}, {'type': 'VARIABLE', 'value': '{{ISU.AP_PERF_ISU_AP_BUSY}}'}]
2026-06-26 17:01:09,747 INFO utils.complier: analyse  formula:[]
2026-06-26 17:01:09,747 INFO utils.complier: analyse  formula:[]
2026-06-26 17:01:09,749 INFO utils.complier: analyse  formula:[{'type': 'PROC_VAR', 'value': '$ap_num'}, {'type': 'PROC_VAR', 'value': '$Total_Num'}, {'type': 'PROC_VAR', 'value': '$max_ap_cycle'}, {'type': 'PROC_VAR', 'value': '$RET'}, {'type': 'PROC_VAR', 'value': '$Total_Num'}, {'type': 'PROC_VAR', 'value': '$ap_num'}]
2026-06-26 17:01:09,750 INFO utils.complier: analyse  formula:[{'type': 'VARIABLE_DICT', 'value': '{{{ISU.AP_PERF_INSTS_VALU}}}'}]
2026-06-26 17:01:09,751 INFO utils.complier: analyse  formula:[{'type': 'VARIABLE', 'value': '{{ISU.AP_PERF_INSTS_VALU}}'}, {'type': 'VARIABLE', 'value': '{{ISU.AP_PERF_INSTS_MMA}}'}, {'type': 'VARIABLE', 'value': '{{ISU.AP_PERF_INSTS_SALU}}'}, {'type': 'VARIABLE', 'value': '{{ISU.AP_PERF_INSTS_GVM}}'}, {'type': 'VARIABLE', 'value': '{{ISU.AP_PERF_INSTS_BSM}}'}, {'type': 'VARIABLE', 'value': '{{ISU.AP_PERF_INSTS_LDU}}'}, {'type': 'VARIABLE', 'value': '{{ISU.AP_PERF_INST_MISC}}'}, {'type': 'VARIABLE', 'value': '{{ISU.AP_PERF_ISU_AP_BUSY}}'}]
2026-06-26 17:01:09,753 INFO utils.complier: analyse  formula:[]
2026-06-26 17:01:09,755 INFO utils.complier: analyse  formula:[]
2026-06-26 17:01:09,757 INFO utils.complier: analyse  formula:[{'type': 'VARIABLE', 'value': '{{ISU.AP_PERF_INSTS_VALU}}'}, {'type': 'VARIABLE', 'value': '{{ISU.AP_PERF_INST_FMA_F32}}'}, {'type': 'VARIABLE', 'value': '{{ISU.AP_PERF_INST_FMA_F64}}'}, {'type': 'VARIABLE', 'value': '{{ISU.AP_PERF_INST_TRANS_FP16}}'}, {'type': 'VARIABLE', 'value': '{{ISU.AP_PERF_INST_TRANS_FP32}}'}, {'type': 'VARIABLE', 'value': '{{ISU.AP_PERF_MTE_PI_SEG_SEL_F64}}'}, {'type': 'VARIABLE', 'value': '{{ISU.AP_PERF_MTE_PI_SEG_SEL_F64}}'}, {'type': 'VARIABLE', 'value': '{{ISU.AP_PERF_INST_FMA_F32}}'}, {'type': 'VARIABLE', 'value': '{{ISU.AP_PERF_INST_FMA_F64}}'}, {'type': 'VARIABLE', 'value': '{{ISU.AP_PERF_INST_TRANS_FP16}}'}, {'type': 'VARIABLE', 'value': '{{ISU.AP_PERF_INST_TRANS_FP32}}'}, {'type': 'VARIABLE', 'value': '{{ISU.AP_PERF_INST_MMA_INT8}}'}, {'type': 'VARIABLE', 'value': '{{ISU.AP_PERF_INST_MMA_FP16}}'}, {'type': 'VARIABLE', 'value': '{{ISU.AP_PERF_INST_MMA_BF16}}'}, {'type': 'VARIABLE', 'value': '{{ISU.AP_PERF_INST_MMA_TF32}}'}, {'type': 'VARIABLE', 'value': '{{ISU.AP_PERF_INST_MMA_F32}}'}, {'type': 'VARIABLE', 'value': '{{ISU.AP_PERF_INST_MMA_F64}}'}, {'type': 'VARIABLE', 'value': '{{ISU.AP_PERF_INST_MMA_TF64}}'}, {'type': 'VARIABLE', 'value': '{{L2C.perf_dnoc_rdreq_32B}}'}, {'type': 'VARIABLE', 'value': '{{L2C.perf_dnoc_rdreq_64B}}'}, {'type': 'VARIABLE', 'value': '{{L2C.perf_dnoc_rdreq_128B}}'}, {'type': 'VARIABLE', 'value': '{{L2C.perf_dnoc_wrreq_32B_low}}'}, {'type': 'VARIABLE', 'value': '{{L2C.perf_dnoc_wrreq_32B_high}}'}, {'type': 'VARIABLE', 'value': '{{L2C.perf_dnoc_wrreq_64B}}'}, {'type': 'VARIABLE', 'value': '{{L2C.perf_dnoc_wrreq_128B}}'}, {'type': 'VARIABLE', 'value': '{{VL1.p_perf_thread_req_cnt}}'}, {'type': 'VARIABLE', 'value': '{{VL1.perf_inflt_rd_req}}'}, {'type': 'VARIABLE', 'value': '{{ISU.AP_PERF_ISU_AP_BUSY}}'}, {'type': 'VARIABLE_DICT', 'value': '{{{ISU.AP_PERF_ISU_AP_BUSY}}}'}]
2026-06-26 17:01:09,760 INFO utils.complier: analyse  formula:[]
2026-06-26 17:01:09,762 INFO utils.complier: analyse  formula:[]
2026-06-26 17:01:09,768 INFO utils.complier: analyse  formula:[{'type': 'PROC_VAR', 'value': '$valu_inst_all'}, {'type': 'PROC_VAR', 'value': '$valu_64'}, {'type': 'PROC_VAR', 'value': '$valu_inst_all'}, {'type': 'PROC_VAR', 'value': '$fma_128'}, {'type': 'PROC_VAR', 'value': '$trans_16'}, {'type': 'PROC_VAR', 'value': '$mma_4k'}, {'type': 'PROC_VAR', 'value': '$mma_2k'}, {'type': 'PROC_VAR', 'value': '$mma_1k'}, {'type': 'PROC_VAR', 'value': '$mma_256'}, {'type': 'PROC_VAR', 'value': '$all_ops'}, {'type': 'PROC_VAR', 'value': '$fma_128'}, {'type': 'PROC_VAR', 'value': '$trans_16'}, {'type': 'PROC_VAR', 'value': '$mma_4k'}, {'type': 'PROC_VAR', 'value': '$mma_2k'}, {'type': 'PROC_VAR', 'value': '$mma_1k'}, {'type': 'PROC_VAR', 'value': '$mma_256'}, {'type': 'PROC_VAR', 'value': '$valu_64'}, {'type': 'PROC_VAR', 'value': '$all_memacs'}, {'type': 'PROC_VAR', 'value': '$vl1_memacs'}, {'type': 'PROC_VAR', 'value': '$l2c_memacs'}, {'type': 'PROC_VAR', 'value': '$during'}, {'type': 'PROC_VAR', 'value': '$ap_num'}, {'type': 'PROC_VAR', 'value': '$RET'}, {'type': 'PROC_VAR', 'value': '$all_ops'}, {'type': 'PROC_VAR', 'value': '$all_memacs'}, {'type': 'PROC_VAR', 'value': '$during'}, {'type': 'PROC_VAR', 'value': '$ap_num'}, {'type': 'PROC_VAR', 'value': '$vl1_memacs'}, {'type': 'PROC_VAR', 'value': '$l2c_memacs'}]
2026-06-26 17:01:09,774 INFO utils.complier: analyse  formula:[{'type': 'VARIABLE_DICT', 'value': '{{{ISU.AP_PERF_ISU_AP_BUSY}}}'}]
2026-06-26 17:01:09,779 INFO utils.complier: analyse  formula:[{'type': 'VARIABLE', 'value': '{{ISU.AP_PERF_INSTS_VALU}}'}, {'type': 'VARIABLE', 'value': '{{ISU.AP_PERF_INST_FMA_F32}}'}, {'type': 'VARIABLE', 'value': '{{ISU.AP_PERF_INST_FMA_F64}}'}, {'type': 'VARIABLE', 'value': '{{ISU.AP_PERF_INST_TRANS_FP16}}'}, {'type': 'VARIABLE', 'value': '{{ISU.AP_PERF_INST_TRANS_FP32}}'}, {'type': 'VARIABLE', 'value': '{{ISU.AP_PERF_MTE_PI_SEG_SEL_F64}}'}, {'type': 'VARIABLE', 'value': '{{ISU.AP_PERF_MTE_PI_SEG_SEL_F64}}'}, {'type': 'VARIABLE', 'value': '{{ISU.AP_PERF_INST_FMA_F32}}'}, {'type': 'VARIABLE', 'value': '{{ISU.AP_PERF_INST_FMA_F64}}'}, {'type': 'VARIABLE', 'value': '{{ISU.AP_PERF_INST_TRANS_FP16}}'}, {'type': 'VARIABLE', 'value': '{{ISU.AP_PERF_INST_TRANS_FP32}}'}, {'type': 'VARIABLE', 'value': '{{ISU.AP_PERF_INST_MMA_INT8}}'}, {'type': 'VARIABLE', 'value': '{{ISU.AP_PERF_INST_MMA_FP16}}'}, {'type': 'VARIABLE', 'value': '{{ISU.AP_PERF_INST_MMA_BF16}}'}, {'type': 'VARIABLE', 'value': '{{ISU.AP_PERF_INST_MMA_TF32}}'}, {'type': 'VARIABLE', 'value': '{{ISU.AP_PERF_INST_MMA_F32}}'}, {'type': 'VARIABLE', 'value': '{{ISU.AP_PERF_INST_MMA_F64}}'}, {'type': 'VARIABLE', 'value': '{{ISU.AP_PERF_INST_MMA_TF64}}'}, {'type': 'VARIABLE', 'value': '{{L2C.perf_dnoc_rdreq_32B}}'}, {'type': 'VARIABLE', 'value': '{{L2C.perf_dnoc_rdreq_64B}}'}, {'type': 'VARIABLE', 'value': '{{L2C.perf_dnoc_rdreq_128B}}'}, {'type': 'VARIABLE', 'value': '{{L2C.perf_dnoc_wrreq_32B_low}}'}, {'type': 'VARIABLE', 'value': '{{L2C.perf_dnoc_wrreq_32B_high}}'}, {'type': 'VARIABLE', 'value': '{{L2C.perf_dnoc_wrreq_64B}}'}, {'type': 'VARIABLE', 'value': '{{L2C.perf_dnoc_wrreq_128B}}'}, {'type': 'VARIABLE', 'value': '{{VL1.p_perf_thread_req_cnt}}'}, {'type': 'VARIABLE', 'value': '{{VL1.perf_inflt_rd_req}}'}, {'type': 'VARIABLE', 'value': '{{ISU.AP_PERF_ISU_AP_BUSY}}'}]
2026-06-26 17:01:09,787 INFO utils.complier: analyse  formula:[]
2026-06-26 17:01:09,795 INFO utils.complier: analyse  formula:[]
2026-06-26 17:01:09,834 DEBUG matplotlib.ticker: vmin 1e-05 vmax 13487.104010777435
2026-06-26 17:01:09,835 DEBUG matplotlib.ticker: ticklocs array([], dtype=float64)
2026-06-26 17:01:09,836 DEBUG matplotlib.font_manager: findfont: Matching STIXGeneral:style=normal:variant=normal:weight=normal:stretch=normal:size=10.0.
2026-06-26 17:01:09,836 DEBUG matplotlib.font_manager: findfont: score(<Font 'cmsy10' (cmsy10.ttf) normal normal 400 normal>) = 10.05
2026-06-26 17:01:09,836 DEBUG matplotlib.font_manager: findfont: score(<Font 'DejaVu Sans' (DejaVuSans.ttf) normal normal 400 normal>) = 10.05
2026-06-26 17:01:09,836 DEBUG matplotlib.font_manager: findfont: score(<Font 'STIXSizeOneSym' (STIXSizOneSymReg.ttf) normal normal 400 normal>) = 10.05
2026-06-26 17:01:09,837 DEBUG matplotlib.font_manager: findfont: score(<Font 'STIXNonUnicode' (STIXNonUniBolIta.ttf) italic normal 700 normal>) = 11.335
2026-06-26 17:01:09,837 DEBUG matplotlib.font_manager: findfont: score(<Font 'STIXSizeFourSym' (STIXSizFourSymBol.ttf) normal normal 700 normal>) = 10.335
2026-06-26 17:01:09,837 DEBUG matplotlib.font_manager: findfont: score(<Font 'STIXGeneral' (STIXGeneralItalic.ttf) italic normal 400 normal>) = 1.05
2026-06-26 17:01:09,837 DEBUG matplotlib.font_manager: findfont: score(<Font 'STIXSizeFourSym' (STIXSizFourSymReg.ttf) normal normal 400 normal>) = 10.05
2026-06-26 17:01:09,837 DEBUG matplotlib.font_manager: findfont: score(<Font 'cmb10' (cmb10.ttf) normal normal 400 normal>) = 10.05
2026-06-26 17:01:09,837 DEBUG matplotlib.font_manager: findfont: score(<Font 'cmex10' (cmex10.ttf) normal normal 400 normal>) = 10.05
2026-06-26 17:01:09,837 DEBUG matplotlib.font_manager: findfont: score(<Font 'DejaVu Serif' (DejaVuSerif-Italic.ttf) italic normal 400 normal>) = 11.05
2026-06-26 17:01:09,837 DEBUG matplotlib.font_manager: findfont: score(<Font 'STIXNonUnicode' (STIXNonUni.ttf) normal normal 400 normal>) = 10.05
2026-06-26 17:01:09,837 DEBUG matplotlib.font_manager: findfont: score(<Font 'STIXNonUnicode' (STIXNonUniIta.ttf) italic normal 400 normal>) = 11.05
2026-06-26 17:01:09,837 DEBUG matplotlib.font_manager: findfont: score(<Font 'STIXGeneral' (STIXGeneralBolIta.ttf) italic normal 700 normal>) = 1.335
2026-06-26 17:01:09,837 DEBUG matplotlib.font_manager: findfont: score(<Font 'DejaVu Sans Mono' (DejaVuSansMono-BoldOblique.ttf) oblique normal 700 normal>) = 11.335
2026-06-26 17:01:09,837 DEBUG matplotlib.font_manager: findfont: score(<Font 'DejaVu Sans Mono' (DejaVuSansMono-Oblique.ttf) oblique normal 400 normal>) = 11.05
2026-06-26 17:01:09,837 DEBUG matplotlib.font_manager: findfont: score(<Font 'DejaVu Sans Mono' (DejaVuSansMono.ttf) normal normal 400 normal>) = 10.05
2026-06-26 17:01:09,837 DEBUG matplotlib.font_manager: findfont: score(<Font 'STIXNonUnicode' (STIXNonUniBol.ttf) normal normal 700 normal>) = 10.335
2026-06-26 17:01:09,837 DEBUG matplotlib.font_manager: findfont: score(<Font 'DejaVu Sans' (DejaVuSans-Bold.ttf) normal normal 700 normal>) = 10.335
2026-06-26 17:01:09,837 DEBUG matplotlib.font_manager: findfont: score(<Font 'STIXSizeFiveSym' (STIXSizFiveSymReg.ttf) normal normal 400 normal>) = 10.05
2026-06-26 17:01:09,837 DEBUG matplotlib.font_manager: findfont: score(<Font 'STIXSizeTwoSym' (STIXSizTwoSymReg.ttf) normal normal 400 normal>) = 10.05
2026-06-26 17:01:09,837 DEBUG matplotlib.font_manager: findfont: score(<Font 'STIXGeneral' (STIXGeneralBol.ttf) normal normal 700 normal>) = 0.33499999999999996
2026-06-26 17:01:09,837 DEBUG matplotlib.font_manager: findfont: score(<Font 'STIXSizeOneSym' (STIXSizOneSymBol.ttf) normal normal 700 normal>) = 10.335
2026-06-26 17:01:09,837 DEBUG matplotlib.font_manager: findfont: score(<Font 'DejaVu Sans' (DejaVuSans-BoldOblique.ttf) oblique normal 700 normal>) = 11.335
2026-06-26 17:01:09,837 DEBUG matplotlib.font_manager: findfont: score(<Font 'cmr10' (cmr10.ttf) normal normal 400 normal>) = 10.05
2026-06-26 17:01:09,837 DEBUG matplotlib.font_manager: findfont: score(<Font 'DejaVu Sans' (DejaVuSans-Oblique.ttf) oblique normal 400 normal>) = 11.05
2026-06-26 17:01:09,837 DEBUG matplotlib.font_manager: findfont: score(<Font 'DejaVu Serif' (DejaVuSerif-BoldItalic.ttf) italic normal 700 normal>) = 11.335
2026-06-26 17:01:09,837 DEBUG matplotlib.font_manager: findfont: score(<Font 'DejaVu Serif Display' (DejaVuSerifDisplay.ttf) normal normal 400 normal>) = 10.05
2026-06-26 17:01:09,837 DEBUG matplotlib.font_manager: findfont: score(<Font 'cmmi10' (cmmi10.ttf) normal normal 400 normal>) = 10.05
2026-06-26 17:01:09,837 DEBUG matplotlib.font_manager: findfont: score(<Font 'STIXSizeThreeSym' (STIXSizThreeSymReg.ttf) normal normal 400 normal>) = 10.05
2026-06-26 17:01:09,837 DEBUG matplotlib.font_manager: findfont: score(<Font 'DejaVu Serif' (DejaVuSerif-Bold.ttf) normal normal 700 normal>) = 10.335
2026-06-26 17:01:09,837 DEBUG matplotlib.font_manager: findfont: score(<Font 'STIXSizeThreeSym' (STIXSizThreeSymBol.ttf) normal normal 700 normal>) = 10.335
2026-06-26 17:01:09,837 DEBUG matplotlib.font_manager: findfont: score(<Font 'cmtt10' (cmtt10.ttf) normal normal 400 normal>) = 10.05
2026-06-26 17:01:09,837 DEBUG matplotlib.font_manager: findfont: score(<Font 'STIXGeneral' (STIXGeneral.ttf) normal normal 400 normal>) = 0.05
2026-06-26 17:01:09,837 DEBUG matplotlib.font_manager: findfont: score(<Font 'cmss10' (cmss10.ttf) normal normal 400 normal>) = 10.05
2026-06-26 17:01:09,837 DEBUG matplotlib.font_manager: findfont: score(<Font 'DejaVu Sans Display' (DejaVuSansDisplay.ttf) normal normal 400 normal>) = 10.05
2026-06-26 17:01:09,837 DEBUG matplotlib.font_manager: findfont: score(<Font 'DejaVu Serif' (DejaVuSerif.ttf) normal normal 400 normal>) = 10.05
2026-06-26 17:01:09,837 DEBUG matplotlib.font_manager: findfont: score(<Font 'STIXSizeTwoSym' (STIXSizTwoSymBol.ttf) normal normal 700 normal>) = 10.335
2026-06-26 17:01:09,838 DEBUG matplotlib.font_manager: findfont: score(<Font 'DejaVu Sans Mono' (DejaVuSansMono-Bold.ttf) normal normal 700 normal>) = 10.335
2026-06-26 17:01:09,838 DEBUG matplotlib.font_manager: findfont: score(<Font 'DejaVu Sans' (DejaVuSans-Bold.ttf) normal normal 700 normal>) = 10.335
2026-06-26 17:01:09,838 DEBUG matplotlib.font_manager: findfont: score(<Font 'DejaVu Sans Mono' (DejaVuSansMono.ttf) normal normal 400 normal>) = 10.05
2026-06-26 17:01:09,838 DEBUG matplotlib.font_manager: findfont: score(<Font 'DejaVu Serif' (DejaVuSerif-Bold.ttf) normal normal 700 normal>) = 10.335
2026-06-26 17:01:09,838 DEBUG matplotlib.font_manager: findfont: score(<Font 'DejaVu Sans Mono' (DejaVuSansMono-Bold.ttf) normal normal 700 normal>) = 10.335
2026-06-26 17:01:09,838 DEBUG matplotlib.font_manager: findfont: score(<Font 'DejaVu Serif' (DejaVuSerif.ttf) normal normal 400 normal>) = 10.05
2026-06-26 17:01:09,838 DEBUG matplotlib.font_manager: findfont: score(<Font 'DejaVu Sans' (DejaVuSans.ttf) normal normal 400 normal>) = 10.05
2026-06-26 17:01:09,838 DEBUG matplotlib.font_manager: findfont: Matching STIXGeneral:style=normal:variant=normal:weight=normal:stretch=normal:size=10.0 to STIXGeneral ('/tmp/_MEIuzV4lk/matplotlib/mpl-data/fonts/ttf/STIXGeneral.ttf') with score of 0.050000.
2026-06-26 17:01:09,838 DEBUG matplotlib.font_manager: findfont: Matching STIXGeneral:style=italic:variant=normal:weight=normal:stretch=normal:size=10.0.
2026-06-26 17:01:09,838 DEBUG matplotlib.font_manager: findfont: score(<Font 'cmsy10' (cmsy10.ttf) normal normal 400 normal>) = 11.05
2026-06-26 17:01:09,838 DEBUG matplotlib.font_manager: findfont: score(<Font 'DejaVu Sans' (DejaVuSans.ttf) normal normal 400 normal>) = 11.05
2026-06-26 17:01:09,838 DEBUG matplotlib.font_manager: findfont: score(<Font 'STIXSizeOneSym' (STIXSizOneSymReg.ttf) normal normal 400 normal>) = 11.05
2026-06-26 17:01:09,838 DEBUG matplotlib.font_manager: findfont: score(<Font 'STIXNonUnicode' (STIXNonUniBolIta.ttf) italic normal 700 normal>) = 10.335
2026-06-26 17:01:09,838 DEBUG matplotlib.font_manager: findfont: score(<Font 'STIXSizeFourSym' (STIXSizFourSymBol.ttf) normal normal 700 normal>) = 11.335
2026-06-26 17:01:09,838 DEBUG matplotlib.font_manager: findfont: score(<Font 'STIXGeneral' (STIXGeneralItalic.ttf) italic normal 400 normal>) = 0.05
2026-06-26 17:01:09,838 DEBUG matplotlib.font_manager: findfont: score(<Font 'STIXSizeFourSym' (STIXSizFourSymReg.ttf) normal normal 400 normal>) = 11.05
2026-06-26 17:01:09,838 DEBUG matplotlib.font_manager: findfont: score(<Font 'cmb10' (cmb10.ttf) normal normal 400 normal>) = 11.05
2026-06-26 17:01:09,838 DEBUG matplotlib.font_manager: findfont: score(<Font 'cmex10' (cmex10.ttf) normal normal 400 normal>) = 11.05
2026-06-26 17:01:09,838 DEBUG matplotlib.font_manager: findfont: score(<Font 'DejaVu Serif' (DejaVuSerif-Italic.ttf) italic normal 400 normal>) = 10.05
2026-06-26 17:01:09,839 DEBUG matplotlib.font_manager: findfont: score(<Font 'STIXNonUnicode' (STIXNonUni.ttf) normal normal 400 normal>) = 11.05
2026-06-26 17:01:09,839 DEBUG matplotlib.font_manager: findfont: score(<Font 'STIXNonUnicode' (STIXNonUniIta.ttf) italic normal 400 normal>) = 10.05
2026-06-26 17:01:09,839 DEBUG matplotlib.font_manager: findfont: score(<Font 'STIXGeneral' (STIXGeneralBolIta.ttf) italic normal 700 normal>) = 0.33499999999999996
2026-06-26 17:01:09,839 DEBUG matplotlib.font_manager: findfont: score(<Font 'DejaVu Sans Mono' (DejaVuSansMono-BoldOblique.ttf) oblique normal 700 normal>) = 10.434999999999999
2026-06-26 17:01:09,839 DEBUG matplotlib.font_manager: findfont: score(<Font 'DejaVu Sans Mono' (DejaVuSansMono-Oblique.ttf) oblique normal 400 normal>) = 10.15
2026-06-26 17:01:09,839 DEBUG matplotlib.font_manager: findfont: score(<Font 'DejaVu Sans Mono' (DejaVuSansMono.ttf) normal normal 400 normal>) = 11.05
2026-06-26 17:01:09,839 DEBUG matplotlib.font_manager: findfont: score(<Font 'STIXNonUnicode' (STIXNonUniBol.ttf) normal normal 700 normal>) = 11.335
2026-06-26 17:01:09,839 DEBUG matplotlib.font_manager: findfont: score(<Font 'DejaVu Sans' (DejaVuSans-Bold.ttf) normal normal 700 normal>) = 11.335
2026-06-26 17:01:09,839 DEBUG matplotlib.font_manager: findfont: score(<Font 'STIXSizeFiveSym' (STIXSizFiveSymReg.ttf) normal normal 400 normal>) = 11.05
2026-06-26 17:01:09,839 DEBUG matplotlib.font_manager: findfont: score(<Font 'STIXSizeTwoSym' (STIXSizTwoSymReg.ttf) normal normal 400 normal>) = 11.05
2026-06-26 17:01:09,839 DEBUG matplotlib.font_manager: findfont: score(<Font 'STIXGeneral' (STIXGeneralBol.ttf) normal normal 700 normal>) = 1.335
2026-06-26 17:01:09,839 DEBUG matplotlib.font_manager: findfont: score(<Font 'STIXSizeOneSym' (STIXSizOneSymBol.ttf) normal normal 700 normal>) = 11.335
2026-06-26 17:01:09,839 DEBUG matplotlib.font_manager: findfont: score(<Font 'DejaVu Sans' (DejaVuSans-BoldOblique.ttf) oblique normal 700 normal>) = 10.434999999999999
2026-06-26 17:01:09,839 DEBUG matplotlib.font_manager: findfont: score(<Font 'cmr10' (cmr10.ttf) normal normal 400 normal>) = 11.05
2026-06-26 17:01:09,839 DEBUG matplotlib.font_manager: findfont: score(<Font 'DejaVu Sans' (DejaVuSans-Oblique.ttf) oblique normal 400 normal>) = 10.15
2026-06-26 17:01:09,839 DEBUG matplotlib.font_manager: findfont: score(<Font 'DejaVu Serif' (DejaVuSerif-BoldItalic.ttf) italic normal 700 normal>) = 10.335
2026-06-26 17:01:09,839 DEBUG matplotlib.font_manager: findfont: score(<Font 'DejaVu Serif Display' (DejaVuSerifDisplay.ttf) normal normal 400 normal>) = 11.05
2026-06-26 17:01:09,839 DEBUG matplotlib.font_manager: findfont: score(<Font 'cmmi10' (cmmi10.ttf) normal normal 400 normal>) = 11.05
2026-06-26 17:01:09,839 DEBUG matplotlib.font_manager: findfont: score(<Font 'STIXSizeThreeSym' (STIXSizThreeSymReg.ttf) normal normal 400 normal>) = 11.05
2026-06-26 17:01:09,839 DEBUG matplotlib.font_manager: findfont: score(<Font 'DejaVu Serif' (DejaVuSerif-Bold.ttf) normal normal 700 normal>) = 11.335
2026-06-26 17:01:09,839 DEBUG matplotlib.font_manager: findfont: score(<Font 'STIXSizeThreeSym' (STIXSizThreeSymBol.ttf) normal normal 700 normal>) = 11.335
2026-06-26 17:01:09,839 DEBUG matplotlib.font_manager: findfont: score(<Font 'cmtt10' (cmtt10.ttf) normal normal 400 normal>) = 11.05
2026-06-26 17:01:09,839 DEBUG matplotlib.font_manager: findfont: score(<Font 'STIXGeneral' (STIXGeneral.ttf) normal normal 400 normal>) = 1.05
2026-06-26 17:01:09,839 DEBUG matplotlib.font_manager: findfont: score(<Font 'cmss10' (cmss10.ttf) normal normal 400 normal>) = 11.05
2026-06-26 17:01:09,839 DEBUG matplotlib.font_manager: findfont: score(<Font 'DejaVu Sans Display' (DejaVuSansDisplay.ttf) normal normal 400 normal>) = 11.05
2026-06-26 17:01:09,839 DEBUG matplotlib.font_manager: findfont: score(<Font 'DejaVu Serif' (DejaVuSerif.ttf) normal normal 400 normal>) = 11.05
2026-06-26 17:01:09,839 DEBUG matplotlib.font_manager: findfont: score(<Font 'STIXSizeTwoSym' (STIXSizTwoSymBol.ttf) normal normal 700 normal>) = 11.335
2026-06-26 17:01:09,839 DEBUG matplotlib.font_manager: findfont: score(<Font 'DejaVu Sans Mono' (DejaVuSansMono-Bold.ttf) normal normal 700 normal>) = 11.335
2026-06-26 17:01:09,839 DEBUG matplotlib.font_manager: findfont: score(<Font 'DejaVu Sans' (DejaVuSans-Bold.ttf) normal normal 700 normal>) = 11.335
2026-06-26 17:01:09,839 DEBUG matplotlib.font_manager: findfont: score(<Font 'DejaVu Sans Mono' (DejaVuSansMono.ttf) normal normal 400 normal>) = 11.05
2026-06-26 17:01:09,839 DEBUG matplotlib.font_manager: findfont: score(<Font 'DejaVu Serif' (DejaVuSerif-Bold.ttf) normal normal 700 normal>) = 11.335
2026-06-26 17:01:09,839 DEBUG matplotlib.font_manager: findfont: score(<Font 'DejaVu Sans Mono' (DejaVuSansMono-Bold.ttf) normal normal 700 normal>) = 11.335
2026-06-26 17:01:09,839 DEBUG matplotlib.font_manager: findfont: score(<Font 'DejaVu Serif' (DejaVuSerif.ttf) normal normal 400 normal>) = 11.05
2026-06-26 17:01:09,839 DEBUG matplotlib.font_manager: findfont: score(<Font 'DejaVu Sans' (DejaVuSans.ttf) normal normal 400 normal>) = 11.05
2026-06-26 17:01:09,840 DEBUG matplotlib.font_manager: findfont: Matching STIXGeneral:style=italic:variant=normal:weight=normal:stretch=normal:size=10.0 to STIXGeneral ('/tmp/_MEIuzV4lk/matplotlib/mpl-data/fonts/ttf/STIXGeneralItalic.ttf') with score of 0.050000.
2026-06-26 17:01:09,840 DEBUG matplotlib.font_manager: findfont: Matching STIXGeneral:style=normal:variant=normal:weight=bold:stretch=normal:size=10.0.
2026-06-26 17:01:09,840 DEBUG matplotlib.font_manager: findfont: score(<Font 'cmsy10' (cmsy10.ttf) normal normal 400 normal>) = 10.335
2026-06-26 17:01:09,840 DEBUG matplotlib.font_manager: findfont: score(<Font 'DejaVu Sans' (DejaVuSans.ttf) normal normal 400 normal>) = 10.335
2026-06-26 17:01:09,840 DEBUG matplotlib.font_manager: findfont: score(<Font 'STIXSizeOneSym' (STIXSizOneSymReg.ttf) normal normal 400 normal>) = 10.335
2026-06-26 17:01:09,840 DEBUG matplotlib.font_manager: findfont: score(<Font 'STIXNonUnicode' (STIXNonUniBolIta.ttf) italic normal 700 normal>) = 11.05
2026-06-26 17:01:09,840 DEBUG matplotlib.font_manager: findfont: score(<Font 'STIXSizeFourSym' (STIXSizFourSymBol.ttf) normal normal 700 normal>) = 10.05
2026-06-26 17:01:09,841 DEBUG matplotlib.font_manager: findfont: score(<Font 'STIXGeneral' (STIXGeneralItalic.ttf) italic normal 400 normal>) = 1.335
2026-06-26 17:01:09,841 DEBUG matplotlib.font_manager: findfont: score(<Font 'STIXSizeFourSym' (STIXSizFourSymReg.ttf) normal normal 400 normal>) = 10.335
2026-06-26 17:01:09,841 DEBUG matplotlib.font_manager: findfont: score(<Font 'cmb10' (cmb10.ttf) normal normal 400 normal>) = 10.335
2026-06-26 17:01:09,841 DEBUG matplotlib.font_manager: findfont: score(<Font 'cmex10' (cmex10.ttf) normal normal 400 normal>) = 10.335
2026-06-26 17:01:09,841 DEBUG matplotlib.font_manager: findfont: score(<Font 'DejaVu Serif' (DejaVuSerif-Italic.ttf) italic normal 400 normal>) = 11.335
2026-06-26 17:01:09,841 DEBUG matplotlib.font_manager: findfont: score(<Font 'STIXNonUnicode' (STIXNonUni.ttf) normal normal 400 normal>) = 10.335
2026-06-26 17:01:09,841 DEBUG matplotlib.font_manager: findfont: score(<Font 'STIXNonUnicode' (STIXNonUniIta.ttf) italic normal 400 normal>) = 11.335
2026-06-26 17:01:09,841 DEBUG matplotlib.font_manager: findfont: score(<Font 'STIXGeneral' (STIXGeneralBolIta.ttf) italic normal 700 normal>) = 1.05
2026-06-26 17:01:09,841 DEBUG matplotlib.font_manager: findfont: score(<Font 'DejaVu Sans Mono' (DejaVuSansMono-BoldOblique.ttf) oblique normal 700 normal>) = 11.05
2026-06-26 17:01:09,841 DEBUG matplotlib.font_manager: findfont: score(<Font 'DejaVu Sans Mono' (DejaVuSansMono-Oblique.ttf) oblique normal 400 normal>) = 11.335
2026-06-26 17:01:09,841 DEBUG matplotlib.font_manager: findfont: score(<Font 'DejaVu Sans Mono' (DejaVuSansMono.ttf) normal normal 400 normal>) = 10.335
2026-06-26 17:01:09,841 DEBUG matplotlib.font_manager: findfont: score(<Font 'STIXNonUnicode' (STIXNonUniBol.ttf) normal normal 700 normal>) = 10.05
2026-06-26 17:01:09,841 DEBUG matplotlib.font_manager: findfont: score(<Font 'DejaVu Sans' (DejaVuSans-Bold.ttf) normal normal 700 normal>) = 10.05
2026-06-26 17:01:09,841 DEBUG matplotlib.font_manager: findfont: score(<Font 'STIXSizeFiveSym' (STIXSizFiveSymReg.ttf) normal normal 400 normal>) = 10.335
2026-06-26 17:01:09,841 DEBUG matplotlib.font_manager: findfont: score(<Font 'STIXSizeTwoSym' (STIXSizTwoSymReg.ttf) normal normal 400 normal>) = 10.335
2026-06-26 17:01:09,841 DEBUG matplotlib.font_manager: findfont: score(<Font 'STIXGeneral' (STIXGeneralBol.ttf) normal normal 700 normal>) = 0.05
2026-06-26 17:01:09,841 DEBUG matplotlib.font_manager: findfont: score(<Font 'STIXSizeOneSym' (STIXSizOneSymBol.ttf) normal normal 700 normal>) = 10.05
2026-06-26 17:01:09,841 DEBUG matplotlib.font_manager: findfont: score(<Font 'DejaVu Sans' (DejaVuSans-BoldOblique.ttf) oblique normal 700 normal>) = 11.05
2026-06-26 17:01:09,841 DEBUG matplotlib.font_manager: findfont: score(<Font 'cmr10' (cmr10.ttf) normal normal 400 normal>) = 10.335
2026-06-26 17:01:09,841 DEBUG matplotlib.font_manager: findfont: score(<Font 'DejaVu Sans' (DejaVuSans-Oblique.ttf) oblique normal 400 normal>) = 11.335
2026-06-26 17:01:09,841 DEBUG matplotlib.font_manager: findfont: score(<Font 'DejaVu Serif' (DejaVuSerif-BoldItalic.ttf) italic normal 700 normal>) = 11.05
2026-06-26 17:01:09,841 DEBUG matplotlib.font_manager: findfont: score(<Font 'DejaVu Serif Display' (DejaVuSerifDisplay.ttf) normal normal 400 normal>) = 10.335
2026-06-26 17:01:09,841 DEBUG matplotlib.font_manager: findfont: score(<Font 'cmmi10' (cmmi10.ttf) normal normal 400 normal>) = 10.335
2026-06-26 17:01:09,841 DEBUG matplotlib.font_manager: findfont: score(<Font 'STIXSizeThreeSym' (STIXSizThreeSymReg.ttf) normal normal 400 normal>) = 10.335
2026-06-26 17:01:09,841 DEBUG matplotlib.font_manager: findfont: score(<Font 'DejaVu Serif' (DejaVuSerif-Bold.ttf) normal normal 700 normal>) = 10.05
2026-06-26 17:01:09,841 DEBUG matplotlib.font_manager: findfont: score(<Font 'STIXSizeThreeSym' (STIXSizThreeSymBol.ttf) normal normal 700 normal>) = 10.05
2026-06-26 17:01:09,841 DEBUG matplotlib.font_manager: findfont: score(<Font 'cmtt10' (cmtt10.ttf) normal normal 400 normal>) = 10.335
2026-06-26 17:01:09,841 DEBUG matplotlib.font_manager: findfont: score(<Font 'STIXGeneral' (STIXGeneral.ttf) normal normal 400 normal>) = 0.33499999999999996
2026-06-26 17:01:09,841 DEBUG matplotlib.font_manager: findfont: score(<Font 'cmss10' (cmss10.ttf) normal normal 400 normal>) = 10.335
2026-06-26 17:01:09,841 DEBUG matplotlib.font_manager: findfont: score(<Font 'DejaVu Sans Display' (DejaVuSansDisplay.ttf) normal normal 400 normal>) = 10.335
2026-06-26 17:01:09,841 DEBUG matplotlib.font_manager: findfont: score(<Font 'DejaVu Serif' (DejaVuSerif.ttf) normal normal 400 normal>) = 10.335
2026-06-26 17:01:09,841 DEBUG matplotlib.font_manager: findfont: score(<Font 'STIXSizeTwoSym' (STIXSizTwoSymBol.ttf) normal normal 700 normal>) = 10.05
2026-06-26 17:01:09,841 DEBUG matplotlib.font_manager: findfont: score(<Font 'DejaVu Sans Mono' (DejaVuSansMono-Bold.ttf) normal normal 700 normal>) = 10.05
2026-06-26 17:01:09,841 DEBUG matplotlib.font_manager: findfont: score(<Font 'DejaVu Sans' (DejaVuSans-Bold.ttf) normal normal 700 normal>) = 10.05
2026-06-26 17:01:09,842 DEBUG matplotlib.font_manager: findfont: score(<Font 'DejaVu Sans Mono' (DejaVuSansMono.ttf) normal normal 400 normal>) = 10.335
2026-06-26 17:01:09,842 DEBUG matplotlib.font_manager: findfont: score(<Font 'DejaVu Serif' (DejaVuSerif-Bold.ttf) normal normal 700 normal>) = 10.05
2026-06-26 17:01:09,842 DEBUG matplotlib.font_manager: findfont: score(<Font 'DejaVu Sans Mono' (DejaVuSansMono-Bold.ttf) normal normal 700 normal>) = 10.05
2026-06-26 17:01:09,842 DEBUG matplotlib.font_manager: findfont: score(<Font 'DejaVu Serif' (DejaVuSerif.ttf) normal normal 400 normal>) = 10.335
2026-06-26 17:01:09,842 DEBUG matplotlib.font_manager: findfont: score(<Font 'DejaVu Sans' (DejaVuSans.ttf) normal normal 400 normal>) = 10.335
2026-06-26 17:01:09,842 DEBUG matplotlib.font_manager: findfont: Matching STIXGeneral:style=normal:variant=normal:weight=bold:stretch=normal:size=10.0 to STIXGeneral ('/tmp/_MEIuzV4lk/matplotlib/mpl-data/fonts/ttf/STIXGeneralBol.ttf') with score of 0.050000.
2026-06-26 17:01:09,842 DEBUG matplotlib.font_manager: findfont: Matching STIXNonUnicode:style=normal:variant=normal:weight=normal:stretch=normal:size=10.0.
2026-06-26 17:01:09,842 DEBUG matplotlib.font_manager: findfont: score(<Font 'cmsy10' (cmsy10.ttf) normal normal 400 normal>) = 10.05
2026-06-26 17:01:09,842 DEBUG matplotlib.font_manager: findfont: score(<Font 'DejaVu Sans' (DejaVuSans.ttf) normal normal 400 normal>) = 10.05
2026-06-26 17:01:09,842 DEBUG matplotlib.font_manager: findfont: score(<Font 'STIXSizeOneSym' (STIXSizOneSymReg.ttf) normal normal 400 normal>) = 10.05
2026-06-26 17:01:09,842 DEBUG matplotlib.font_manager: findfont: score(<Font 'STIXNonUnicode' (STIXNonUniBolIta.ttf) italic normal 700 normal>) = 1.335
2026-06-26 17:01:09,842 DEBUG matplotlib.font_manager: findfont: score(<Font 'STIXSizeFourSym' (STIXSizFourSymBol.ttf) normal normal 700 normal>) = 10.335
2026-06-26 17:01:09,842 DEBUG matplotlib.font_manager: findfont: score(<Font 'STIXGeneral' (STIXGeneralItalic.ttf) italic normal 400 normal>) = 11.05
2026-06-26 17:01:09,842 DEBUG matplotlib.font_manager: findfont: score(<Font 'STIXSizeFourSym' (STIXSizFourSymReg.ttf) normal normal 400 normal>) = 10.05
2026-06-26 17:01:09,842 DEBUG matplotlib.font_manager: findfont: score(<Font 'cmb10' (cmb10.ttf) normal normal 400 normal>) = 10.05
2026-06-26 17:01:09,842 DEBUG matplotlib.font_manager: findfont: score(<Font 'cmex10' (cmex10.ttf) normal normal 400 normal>) = 10.05
2026-06-26 17:01:09,842 DEBUG matplotlib.font_manager: findfont: score(<Font 'DejaVu Serif' (DejaVuSerif-Italic.ttf) italic normal 400 normal>) = 11.05
2026-06-26 17:01:09,842 DEBUG matplotlib.font_manager: findfont: score(<Font 'STIXNonUnicode' (STIXNonUni.ttf) normal normal 400 normal>) = 0.05
2026-06-26 17:01:09,842 DEBUG matplotlib.font_manager: findfont: score(<Font 'STIXNonUnicode' (STIXNonUniIta.ttf) italic normal 400 normal>) = 1.05
2026-06-26 17:01:09,842 DEBUG matplotlib.font_manager: findfont: score(<Font 'STIXGeneral' (STIXGeneralBolIta.ttf) italic normal 700 normal>) = 11.335
2026-06-26 17:01:09,842 DEBUG matplotlib.font_manager: findfont: score(<Font 'DejaVu Sans Mono' (DejaVuSansMono-BoldOblique.ttf) oblique normal 700 normal>) = 11.335
2026-06-26 17:01:09,842 DEBUG matplotlib.font_manager: findfont: score(<Font 'DejaVu Sans Mono' (DejaVuSansMono-Oblique.ttf) oblique normal 400 normal>) = 11.05
2026-06-26 17:01:09,842 DEBUG matplotlib.font_manager: findfont: score(<Font 'DejaVu Sans Mono' (DejaVuSansMono.ttf) normal normal 400 normal>) = 10.05
2026-06-26 17:01:09,843 DEBUG matplotlib.font_manager: findfont: score(<Font 'STIXNonUnicode' (STIXNonUniBol.ttf) normal normal 700 normal>) = 0.33499999999999996
2026-06-26 17:01:09,843 DEBUG matplotlib.font_manager: findfont: score(<Font 'DejaVu Sans' (DejaVuSans-Bold.ttf) normal normal 700 normal>) = 10.335
2026-06-26 17:01:09,843 DEBUG matplotlib.font_manager: findfont: score(<Font 'STIXSizeFiveSym' (STIXSizFiveSymReg.ttf) normal normal 400 normal>) = 10.05
2026-06-26 17:01:09,843 DEBUG matplotlib.font_manager: findfont: score(<Font 'STIXSizeTwoSym' (STIXSizTwoSymReg.ttf) normal normal 400 normal>) = 10.05
2026-06-26 17:01:09,843 DEBUG matplotlib.font_manager: findfont: score(<Font 'STIXGeneral' (STIXGeneralBol.ttf) normal normal 700 normal>) = 10.335
2026-06-26 17:01:09,843 DEBUG matplotlib.font_manager: findfont: score(<Font 'STIXSizeOneSym' (STIXSizOneSymBol.ttf) normal normal 700 normal>) = 10.335
2026-06-26 17:01:09,843 DEBUG matplotlib.font_manager: findfont: score(<Font 'DejaVu Sans' (DejaVuSans-BoldOblique.ttf) oblique normal 700 normal>) = 11.335
2026-06-26 17:01:09,843 DEBUG matplotlib.font_manager: findfont: score(<Font 'cmr10' (cmr10.ttf) normal normal 400 normal>) = 10.05
2026-06-26 17:01:09,843 DEBUG matplotlib.font_manager: findfont: score(<Font 'DejaVu Sans' (DejaVuSans-Oblique.ttf) oblique normal 400 normal>) = 11.05
2026-06-26 17:01:09,843 DEBUG matplotlib.font_manager: findfont: score(<Font 'DejaVu Serif' (DejaVuSerif-BoldItalic.ttf) italic normal 700 normal>) = 11.335
2026-06-26 17:01:09,843 DEBUG matplotlib.font_manager: findfont: score(<Font 'DejaVu Serif Display' (DejaVuSerifDisplay.ttf) normal normal 400 normal>) = 10.05
2026-06-26 17:01:09,843 DEBUG matplotlib.font_manager: findfont: score(<Font 'cmmi10' (cmmi10.ttf) normal normal 400 normal>) = 10.05
2026-06-26 17:01:09,843 DEBUG matplotlib.font_manager: findfont: score(<Font 'STIXSizeThreeSym' (STIXSizThreeSymReg.ttf) normal normal 400 normal>) = 10.05
2026-06-26 17:01:09,843 DEBUG matplotlib.font_manager: findfont: score(<Font 'DejaVu Serif' (DejaVuSerif-Bold.ttf) normal normal 700 normal>) = 10.335
2026-06-26 17:01:09,843 DEBUG matplotlib.font_manager: findfont: score(<Font 'STIXSizeThreeSym' (STIXSizThreeSymBol.ttf) normal normal 700 normal>) = 10.335
2026-06-26 17:01:09,843 DEBUG matplotlib.font_manager: findfont: score(<Font 'cmtt10' (cmtt10.ttf) normal normal 400 normal>) = 10.05
2026-06-26 17:01:09,843 DEBUG matplotlib.font_manager: findfont: score(<Font 'STIXGeneral' (STIXGeneral.ttf) normal normal 400 normal>) = 10.05
2026-06-26 17:01:09,843 DEBUG matplotlib.font_manager: findfont: score(<Font 'cmss10' (cmss10.ttf) normal normal 400 normal>) = 10.05
2026-06-26 17:01:09,843 DEBUG matplotlib.font_manager: findfont: score(<Font 'DejaVu Sans Display' (DejaVuSansDisplay.ttf) normal normal 400 normal>) = 10.05
2026-06-26 17:01:09,843 DEBUG matplotlib.font_manager: findfont: score(<Font 'DejaVu Serif' (DejaVuSerif.ttf) normal normal 400 normal>) = 10.05
2026-06-26 17:01:09,843 DEBUG matplotlib.font_manager: findfont: score(<Font 'STIXSizeTwoSym' (STIXSizTwoSymBol.ttf) normal normal 700 normal>) = 10.335
2026-06-26 17:01:09,843 DEBUG matplotlib.font_manager: findfont: score(<Font 'DejaVu Sans Mono' (DejaVuSansMono-Bold.ttf) normal normal 700 normal>) = 10.335
2026-06-26 17:01:09,843 DEBUG matplotlib.font_manager: findfont: score(<Font 'DejaVu Sans' (DejaVuSans-Bold.ttf) normal normal 700 normal>) = 10.335
2026-06-26 17:01:09,843 DEBUG matplotlib.font_manager: findfont: score(<Font 'DejaVu Sans Mono' (DejaVuSansMono.ttf) normal normal 400 normal>) = 10.05
2026-06-26 17:01:09,843 DEBUG matplotlib.font_manager: findfont: score(<Font 'DejaVu Serif' (DejaVuSerif-Bold.ttf) normal normal 700 normal>) = 10.335
2026-06-26 17:01:09,843 DEBUG matplotlib.font_manager: findfont: score(<Font 'DejaVu Sans Mono' (DejaVuSansMono-Bold.ttf) normal normal 700 normal>) = 10.335
2026-06-26 17:01:09,843 DEBUG matplotlib.font_manager: findfont: score(<Font 'DejaVu Serif' (DejaVuSerif.ttf) normal normal 400 normal>) = 10.05
2026-06-26 17:01:09,843 DEBUG matplotlib.font_manager: findfont: score(<Font 'DejaVu Sans' (DejaVuSans.ttf) normal normal 400 normal>) = 10.05
2026-06-26 17:01:09,843 DEBUG matplotlib.font_manager: findfont: Matching STIXNonUnicode:style=normal:variant=normal:weight=normal:stretch=normal:size=10.0 to STIXNonUnicode ('/tmp/_MEIuzV4lk/matplotlib/mpl-data/fonts/ttf/STIXNonUni.ttf') with score of 0.050000.
2026-06-26 17:01:09,844 DEBUG matplotlib.font_manager: findfont: Matching STIXNonUnicode:style=italic:variant=normal:weight=normal:stretch=normal:size=10.0.
2026-06-26 17:01:09,844 DEBUG matplotlib.font_manager: findfont: score(<Font 'cmsy10' (cmsy10.ttf) normal normal 400 normal>) = 11.05
2026-06-26 17:01:09,844 DEBUG matplotlib.font_manager: findfont: score(<Font 'DejaVu Sans' (DejaVuSans.ttf) normal normal 400 normal>) = 11.05
2026-06-26 17:01:09,844 DEBUG matplotlib.font_manager: findfont: score(<Font 'STIXSizeOneSym' (STIXSizOneSymReg.ttf) normal normal 400 normal>) = 11.05
2026-06-26 17:01:09,844 DEBUG matplotlib.font_manager: findfont: score(<Font 'STIXNonUnicode' (STIXNonUniBolIta.ttf) italic normal 700 normal>) = 0.33499999999999996
2026-06-26 17:01:09,844 DEBUG matplotlib.font_manager: findfont: score(<Font 'STIXSizeFourSym' (STIXSizFourSymBol.ttf) normal normal 700 normal>) = 11.335
2026-06-26 17:01:09,844 DEBUG matplotlib.font_manager: findfont: score(<Font 'STIXGeneral' (STIXGeneralItalic.ttf) italic normal 400 normal>) = 10.05
2026-06-26 17:01:09,844 DEBUG matplotlib.font_manager: findfont: score(<Font 'STIXSizeFourSym' (STIXSizFourSymReg.ttf) normal normal 400 normal>) = 11.05
2026-06-26 17:01:09,844 DEBUG matplotlib.font_manager: findfont: score(<Font 'cmb10' (cmb10.ttf) normal normal 400 normal>) = 11.05
2026-06-26 17:01:09,844 DEBUG matplotlib.font_manager: findfont: score(<Font 'cmex10' (cmex10.ttf) normal normal 400 normal>) = 11.05
2026-06-26 17:01:09,844 DEBUG matplotlib.font_manager: findfont: score(<Font 'DejaVu Serif' (DejaVuSerif-Italic.ttf) italic normal 400 normal>) = 10.05
2026-06-26 17:01:09,844 DEBUG matplotlib.font_manager: findfont: score(<Font 'STIXNonUnicode' (STIXNonUni.ttf) normal normal 400 normal>) = 1.05
2026-06-26 17:01:09,844 DEBUG matplotlib.font_manager: findfont: score(<Font 'STIXNonUnicode' (STIXNonUniIta.ttf) italic normal 400 normal>) = 0.05
2026-06-26 17:01:09,844 DEBUG matplotlib.font_manager: findfont: score(<Font 'STIXGeneral' (STIXGeneralBolIta.ttf) italic normal 700 normal>) = 10.335
2026-06-26 17:01:09,844 DEBUG matplotlib.font_manager: findfont: score(<Font 'DejaVu Sans Mono' (DejaVuSansMono-BoldOblique.ttf) oblique normal 700 normal>) = 10.434999999999999
2026-06-26 17:01:09,844 DEBUG matplotlib.font_manager: findfont: score(<Font 'DejaVu Sans Mono' (DejaVuSansMono-Oblique.ttf) oblique normal 400 normal>) = 10.15
2026-06-26 17:01:09,844 DEBUG matplotlib.font_manager: findfont: score(<Font 'DejaVu Sans Mono' (DejaVuSansMono.ttf) normal normal 400 normal>) = 11.05
2026-06-26 17:01:09,844 DEBUG matplotlib.font_manager: findfont: score(<Font 'STIXNonUnicode' (STIXNonUniBol.ttf) normal normal 700 normal>) = 1.335
2026-06-26 17:01:09,844 DEBUG matplotlib.font_manager: findfont: score(<Font 'DejaVu Sans' (DejaVuSans-Bold.ttf) normal normal 700 normal>) = 11.335
2026-06-26 17:01:09,844 DEBUG matplotlib.font_manager: findfont: score(<Font 'STIXSizeFiveSym' (STIXSizFiveSymReg.ttf) normal normal 400 normal>) = 11.05
2026-06-26 17:01:09,844 DEBUG matplotlib.font_manager: findfont: score(<Font 'STIXSizeTwoSym' (STIXSizTwoSymReg.ttf) normal normal 400 normal>) = 11.05
2026-06-26 17:01:09,844 DEBUG matplotlib.font_manager: findfont: score(<Font 'STIXGeneral' (STIXGeneralBol.ttf) normal normal 700 normal>) = 11.335
2026-06-26 17:01:09,844 DEBUG matplotlib.font_manager: findfont: score(<Font 'STIXSizeOneSym' (STIXSizOneSymBol.ttf) normal normal 700 normal>) = 11.335
2026-06-26 17:01:09,844 DEBUG matplotlib.font_manager: findfont: score(<Font 'DejaVu Sans' (DejaVuSans-BoldOblique.ttf) oblique normal 700 normal>) = 10.434999999999999
2026-06-26 17:01:09,844 DEBUG matplotlib.font_manager: findfont: score(<Font 'cmr10' (cmr10.ttf) normal normal 400 normal>) = 11.05
2026-06-26 17:01:09,844 DEBUG matplotlib.font_manager: findfont: score(<Font 'DejaVu Sans' (DejaVuSans-Oblique.ttf) oblique normal 400 normal>) = 10.15
2026-06-26 17:01:09,844 DEBUG matplotlib.font_manager: findfont: score(<Font 'DejaVu Serif' (DejaVuSerif-BoldItalic.ttf) italic normal 700 normal>) = 10.335
2026-06-26 17:01:09,845 DEBUG matplotlib.font_manager: findfont: score(<Font 'DejaVu Serif Display' (DejaVuSerifDisplay.ttf) normal normal 400 normal>) = 11.05
2026-06-26 17:01:09,845 DEBUG matplotlib.font_manager: findfont: score(<Font 'cmmi10' (cmmi10.ttf) normal normal 400 normal>) = 11.05
2026-06-26 17:01:09,845 DEBUG matplotlib.font_manager: findfont: score(<Font 'STIXSizeThreeSym' (STIXSizThreeSymReg.ttf) normal normal 400 normal>) = 11.05
2026-06-26 17:01:09,845 DEBUG matplotlib.font_manager: findfont: score(<Font 'DejaVu Serif' (DejaVuSerif-Bold.ttf) normal normal 700 normal>) = 11.335
2026-06-26 17:01:09,845 DEBUG matplotlib.font_manager: findfont: score(<Font 'STIXSizeThreeSym' (STIXSizThreeSymBol.ttf) normal normal 700 normal>) = 11.335
2026-06-26 17:01:09,845 DEBUG matplotlib.font_manager: findfont: score(<Font 'cmtt10' (cmtt10.ttf) normal normal 400 normal>) = 11.05
2026-06-26 17:01:09,845 DEBUG matplotlib.font_manager: findfont: score(<Font 'STIXGeneral' (STIXGeneral.ttf) normal normal 400 normal>) = 11.05
2026-06-26 17:01:09,845 DEBUG matplotlib.font_manager: findfont: score(<Font 'cmss10' (cmss10.ttf) normal normal 400 normal>) = 11.05
2026-06-26 17:01:09,845 DEBUG matplotlib.font_manager: findfont: score(<Font 'DejaVu Sans Display' (DejaVuSansDisplay.ttf) normal normal 400 normal>) = 11.05
2026-06-26 17:01:09,845 DEBUG matplotlib.font_manager: findfont: score(<Font 'DejaVu Serif' (DejaVuSerif.ttf) normal normal 400 normal>) = 11.05
2026-06-26 17:01:09,845 DEBUG matplotlib.font_manager: findfont: score(<Font 'STIXSizeTwoSym' (STIXSizTwoSymBol.ttf) normal normal 700 normal>) = 11.335
2026-06-26 17:01:09,845 DEBUG matplotlib.font_manager: findfont: score(<Font 'DejaVu Sans Mono' (DejaVuSansMono-Bold.ttf) normal normal 700 normal>) = 11.335
2026-06-26 17:01:09,845 DEBUG matplotlib.font_manager: findfont: score(<Font 'DejaVu Sans' (DejaVuSans-Bold.ttf) normal normal 700 normal>) = 11.335
2026-06-26 17:01:09,845 DEBUG matplotlib.font_manager: findfont: score(<Font 'DejaVu Sans Mono' (DejaVuSansMono.ttf) normal normal 400 normal>) = 11.05
2026-06-26 17:01:09,845 DEBUG matplotlib.font_manager: findfont: score(<Font 'DejaVu Serif' (DejaVuSerif-Bold.ttf) normal normal 700 normal>) = 11.335
2026-06-26 17:01:09,845 DEBUG matplotlib.font_manager: findfont: score(<Font 'DejaVu Sans Mono' (DejaVuSansMono-Bold.ttf) normal normal 700 normal>) = 11.335
2026-06-26 17:01:09,845 DEBUG matplotlib.font_manager: findfont: score(<Font 'DejaVu Serif' (DejaVuSerif.ttf) normal normal 400 normal>) = 11.05
2026-06-26 17:01:09,845 DEBUG matplotlib.font_manager: findfont: score(<Font 'DejaVu Sans' (DejaVuSans.ttf) normal normal 400 normal>) = 11.05
2026-06-26 17:01:09,845 DEBUG matplotlib.font_manager: findfont: Matching STIXNonUnicode:style=italic:variant=normal:weight=normal:stretch=normal:size=10.0 to STIXNonUnicode ('/tmp/_MEIuzV4lk/matplotlib/mpl-data/fonts/ttf/STIXNonUniIta.ttf') with score of 0.050000.
2026-06-26 17:01:09,845 DEBUG matplotlib.font_manager: findfont: Matching STIXNonUnicode:style=normal:variant=normal:weight=bold:stretch=normal:size=10.0.
2026-06-26 17:01:09,845 DEBUG matplotlib.font_manager: findfont: score(<Font 'cmsy10' (cmsy10.ttf) normal normal 400 normal>) = 10.335
2026-06-26 17:01:09,845 DEBUG matplotlib.font_manager: findfont: score(<Font 'DejaVu Sans' (DejaVuSans.ttf) normal normal 400 normal>) = 10.335
2026-06-26 17:01:09,846 DEBUG matplotlib.font_manager: findfont: score(<Font 'STIXSizeOneSym' (STIXSizOneSymReg.ttf) normal normal 400 normal>) = 10.335
2026-06-26 17:01:09,846 DEBUG matplotlib.font_manager: findfont: score(<Font 'STIXNonUnicode' (STIXNonUniBolIta.ttf) italic normal 700 normal>) = 1.05
2026-06-26 17:01:09,846 DEBUG matplotlib.font_manager: findfont: score(<Font 'STIXSizeFourSym' (STIXSizFourSymBol.ttf) normal normal 700 normal>) = 10.05
2026-06-26 17:01:09,846 DEBUG matplotlib.font_manager: findfont: score(<Font 'STIXGeneral' (STIXGeneralItalic.ttf) italic normal 400 normal>) = 11.335
2026-06-26 17:01:09,846 DEBUG matplotlib.font_manager: findfont: score(<Font 'STIXSizeFourSym' (STIXSizFourSymReg.ttf) normal normal 400 normal>) = 10.335
2026-06-26 17:01:09,846 DEBUG matplotlib.font_manager: findfont: score(<Font 'cmb10' (cmb10.ttf) normal normal 400 normal>) = 10.335
2026-06-26 17:01:09,846 DEBUG matplotlib.font_manager: findfont: score(<Font 'cmex10' (cmex10.ttf) normal normal 400 normal>) = 10.335
2026-06-26 17:01:09,846 DEBUG matplotlib.font_manager: findfont: score(<Font 'DejaVu Serif' (DejaVuSerif-Italic.ttf) italic normal 400 normal>) = 11.335
2026-06-26 17:01:09,846 DEBUG matplotlib.font_manager: findfont: score(<Font 'STIXNonUnicode' (STIXNonUni.ttf) normal normal 400 normal>) = 0.33499999999999996
2026-06-26 17:01:09,846 DEBUG matplotlib.font_manager: findfont: score(<Font 'STIXNonUnicode' (STIXNonUniIta.ttf) italic normal 400 normal>) = 1.335
2026-06-26 17:01:09,846 DEBUG matplotlib.font_manager: findfont: score(<Font 'STIXGeneral' (STIXGeneralBolIta.ttf) italic normal 700 normal>) = 11.05
2026-06-26 17:01:09,846 DEBUG matplotlib.font_manager: findfont: score(<Font 'DejaVu Sans Mono' (DejaVuSansMono-BoldOblique.ttf) oblique normal 700 normal>) = 11.05
2026-06-26 17:01:09,846 DEBUG matplotlib.font_manager: findfont: score(<Font 'DejaVu Sans Mono' (DejaVuSansMono-Oblique.ttf) oblique normal 400 normal>) = 11.335
2026-06-26 17:01:09,846 DEBUG matplotlib.font_manager: findfont: score(<Font 'DejaVu Sans Mono' (DejaVuSansMono.ttf) normal normal 400 normal>) = 10.335
2026-06-26 17:01:09,846 DEBUG matplotlib.font_manager: findfont: score(<Font 'STIXNonUnicode' (STIXNonUniBol.ttf) normal normal 700 normal>) = 0.05
2026-06-26 17:01:09,846 DEBUG matplotlib.font_manager: findfont: score(<Font 'DejaVu Sans' (DejaVuSans-Bold.ttf) normal normal 700 normal>) = 10.05
2026-06-26 17:01:09,846 DEBUG matplotlib.font_manager: findfont: score(<Font 'STIXSizeFiveSym' (STIXSizFiveSymReg.ttf) normal normal 400 normal>) = 10.335
2026-06-26 17:01:09,846 DEBUG matplotlib.font_manager: findfont: score(<Font 'STIXSizeTwoSym' (STIXSizTwoSymReg.ttf) normal normal 400 normal>) = 10.335
2026-06-26 17:01:09,846 DEBUG matplotlib.font_manager: findfont: score(<Font 'STIXGeneral' (STIXGeneralBol.ttf) normal normal 700 normal>) = 10.05
2026-06-26 17:01:09,846 DEBUG matplotlib.font_manager: findfont: score(<Font 'STIXSizeOneSym' (STIXSizOneSymBol.ttf) normal normal 700 normal>) = 10.05
2026-06-26 17:01:09,846 DEBUG matplotlib.font_manager: findfont: score(<Font 'DejaVu Sans' (DejaVuSans-BoldOblique.ttf) oblique normal 700 normal>) = 11.05
2026-06-26 17:01:09,846 DEBUG matplotlib.font_manager: findfont: score(<Font 'cmr10' (cmr10.ttf) normal normal 400 normal>) = 10.335
2026-06-26 17:01:09,846 DEBUG matplotlib.font_manager: findfont: score(<Font 'DejaVu Sans' (DejaVuSans-Oblique.ttf) oblique normal 400 normal>) = 11.335
2026-06-26 17:01:09,846 DEBUG matplotlib.font_manager: findfont: score(<Font 'DejaVu Serif' (DejaVuSerif-BoldItalic.ttf) italic normal 700 normal>) = 11.05
2026-06-26 17:01:09,846 DEBUG matplotlib.font_manager: findfont: score(<Font 'DejaVu Serif Display' (DejaVuSerifDisplay.ttf) normal normal 400 normal>) = 10.335
2026-06-26 17:01:09,846 DEBUG matplotlib.font_manager: findfont: score(<Font 'cmmi10' (cmmi10.ttf) normal normal 400 normal>) = 10.335
2026-06-26 17:01:09,846 DEBUG matplotlib.font_manager: findfont: score(<Font 'STIXSizeThreeSym' (STIXSizThreeSymReg.ttf) normal normal 400 normal>) = 10.335
2026-06-26 17:01:09,846 DEBUG matplotlib.font_manager: findfont: score(<Font 'DejaVu Serif' (DejaVuSerif-Bold.ttf) normal normal 700 normal>) = 10.05
2026-06-26 17:01:09,846 DEBUG matplotlib.font_manager: findfont: score(<Font 'STIXSizeThreeSym' (STIXSizThreeSymBol.ttf) normal normal 700 normal>) = 10.05
2026-06-26 17:01:09,846 DEBUG matplotlib.font_manager: findfont: score(<Font 'cmtt10' (cmtt10.ttf) normal normal 400 normal>) = 10.335
2026-06-26 17:01:09,846 DEBUG matplotlib.font_manager: findfont: score(<Font 'STIXGeneral' (STIXGeneral.ttf) normal normal 400 normal>) = 10.335
2026-06-26 17:01:09,846 DEBUG matplotlib.font_manager: findfont: score(<Font 'cmss10' (cmss10.ttf) normal normal 400 normal>) = 10.335
2026-06-26 17:01:09,846 DEBUG matplotlib.font_manager: findfont: score(<Font 'DejaVu Sans Display' (DejaVuSansDisplay.ttf) normal normal 400 normal>) = 10.335
2026-06-26 17:01:09,846 DEBUG matplotlib.font_manager: findfont: score(<Font 'DejaVu Serif' (DejaVuSerif.ttf) normal normal 400 normal>) = 10.335
2026-06-26 17:01:09,847 DEBUG matplotlib.font_manager: findfont: score(<Font 'STIXSizeTwoSym' (STIXSizTwoSymBol.ttf) normal normal 700 normal>) = 10.05
2026-06-26 17:01:09,847 DEBUG matplotlib.font_manager: findfont: score(<Font 'DejaVu Sans Mono' (DejaVuSansMono-Bold.ttf) normal normal 700 normal>) = 10.05
2026-06-26 17:01:09,847 DEBUG matplotlib.font_manager: findfont: score(<Font 'DejaVu Sans' (DejaVuSans-Bold.ttf) normal normal 700 normal>) = 10.05
2026-06-26 17:01:09,847 DEBUG matplotlib.font_manager: findfont: score(<Font 'DejaVu Sans Mono' (DejaVuSansMono.ttf) normal normal 400 normal>) = 10.335
2026-06-26 17:01:09,847 DEBUG matplotlib.font_manager: findfont: score(<Font 'DejaVu Serif' (DejaVuSerif-Bold.ttf) normal normal 700 normal>) = 10.05
2026-06-26 17:01:09,847 DEBUG matplotlib.font_manager: findfont: score(<Font 'DejaVu Sans Mono' (DejaVuSansMono-Bold.ttf) normal normal 700 normal>) = 10.05
2026-06-26 17:01:09,847 DEBUG matplotlib.font_manager: findfont: score(<Font 'DejaVu Serif' (DejaVuSerif.ttf) normal normal 400 normal>) = 10.335
2026-06-26 17:01:09,847 DEBUG matplotlib.font_manager: findfont: score(<Font 'DejaVu Sans' (DejaVuSans.ttf) normal normal 400 normal>) = 10.335
2026-06-26 17:01:09,847 DEBUG matplotlib.font_manager: findfont: Matching STIXNonUnicode:style=normal:variant=normal:weight=bold:stretch=normal:size=10.0 to STIXNonUnicode ('/tmp/_MEIuzV4lk/matplotlib/mpl-data/fonts/ttf/STIXNonUniBol.ttf') with score of 0.050000.
2026-06-26 17:01:09,847 DEBUG matplotlib.font_manager: findfont: Matching STIXSizeOneSym:style=normal:variant=normal:weight=normal:stretch=normal:size=10.0.
2026-06-26 17:01:09,847 DEBUG matplotlib.font_manager: findfont: score(<Font 'cmsy10' (cmsy10.ttf) normal normal 400 normal>) = 10.05
2026-06-26 17:01:09,847 DEBUG matplotlib.font_manager: findfont: score(<Font 'DejaVu Sans' (DejaVuSans.ttf) normal normal 400 normal>) = 10.05
2026-06-26 17:01:09,847 DEBUG matplotlib.font_manager: findfont: score(<Font 'STIXSizeOneSym' (STIXSizOneSymReg.ttf) normal normal 400 normal>) = 0.05
2026-06-26 17:01:09,847 DEBUG matplotlib.font_manager: findfont: score(<Font 'STIXNonUnicode' (STIXNonUniBolIta.ttf) italic normal 700 normal>) = 11.335
2026-06-26 17:01:09,847 DEBUG matplotlib.font_manager: findfont: score(<Font 'STIXSizeFourSym' (STIXSizFourSymBol.ttf) normal normal 700 normal>) = 10.335
2026-06-26 17:01:09,847 DEBUG matplotlib.font_manager: findfont: score(<Font 'STIXGeneral' (STIXGeneralItalic.ttf) italic normal 400 normal>) = 11.05
2026-06-26 17:01:09,847 DEBUG matplotlib.font_manager: findfont: score(<Font 'STIXSizeFourSym' (STIXSizFourSymReg.ttf) normal normal 400 normal>) = 10.05
2026-06-26 17:01:09,847 DEBUG matplotlib.font_manager: findfont: score(<Font 'cmb10' (cmb10.ttf) normal normal 400 normal>) = 10.05
2026-06-26 17:01:09,847 DEBUG matplotlib.font_manager: findfont: score(<Font 'cmex10' (cmex10.ttf) normal normal 400 normal>) = 10.05
2026-06-26 17:01:09,847 DEBUG matplotlib.font_manager: findfont: score(<Font 'DejaVu Serif' (DejaVuSerif-Italic.ttf) italic normal 400 normal>) = 11.05
2026-06-26 17:01:09,847 DEBUG matplotlib.font_manager: findfont: score(<Font 'STIXNonUnicode' (STIXNonUni.ttf) normal normal 400 normal>) = 10.05
2026-06-26 17:01:09,847 DEBUG matplotlib.font_manager: findfont: score(<Font 'STIXNonUnicode' (STIXNonUniIta.ttf) italic normal 400 normal>) = 11.05
2026-06-26 17:01:09,847 DEBUG matplotlib.font_manager: findfont: score(<Font 'STIXGeneral' (STIXGeneralBolIta.ttf) italic normal 700 normal>) = 11.335
2026-06-26 17:01:09,848 DEBUG matplotlib.font_manager: findfont: score(<Font 'DejaVu Sans Mono' (DejaVuSansMono-BoldOblique.ttf) oblique normal 700 normal>) = 11.335
2026-06-26 17:01:09,848 DEBUG matplotlib.font_manager: findfont: score(<Font 'DejaVu Sans Mono' (DejaVuSansMono-Oblique.ttf) oblique normal 400 normal>) = 11.05
2026-06-26 17:01:09,848 DEBUG matplotlib.font_manager: findfont: score(<Font 'DejaVu Sans Mono' (DejaVuSansMono.ttf) normal normal 400 normal>) = 10.05
2026-06-26 17:01:09,848 DEBUG matplotlib.font_manager: findfont: score(<Font 'STIXNonUnicode' (STIXNonUniBol.ttf) normal normal 700 normal>) = 10.335
2026-06-26 17:01:09,848 DEBUG matplotlib.font_manager: findfont: score(<Font 'DejaVu Sans' (DejaVuSans-Bold.ttf) normal normal 700 normal>) = 10.335
2026-06-26 17:01:09,848 DEBUG matplotlib.font_manager: findfont: score(<Font 'STIXSizeFiveSym' (STIXSizFiveSymReg.ttf) normal normal 400 normal>) = 10.05
2026-06-26 17:01:09,848 DEBUG matplotlib.font_manager: findfont: score(<Font 'STIXSizeTwoSym' (STIXSizTwoSymReg.ttf) normal normal 400 normal>) = 10.05
2026-06-26 17:01:09,848 DEBUG matplotlib.font_manager: findfont: score(<Font 'STIXGeneral' (STIXGeneralBol.ttf) normal normal 700 normal>) = 10.335
2026-06-26 17:01:09,848 DEBUG matplotlib.font_manager: findfont: score(<Font 'STIXSizeOneSym' (STIXSizOneSymBol.ttf) normal normal 700 normal>) = 0.33499999999999996
2026-06-26 17:01:09,848 DEBUG matplotlib.font_manager: findfont: score(<Font 'DejaVu Sans' (DejaVuSans-BoldOblique.ttf) oblique normal 700 normal>) = 11.335
2026-06-26 17:01:09,848 DEBUG matplotlib.font_manager: findfont: score(<Font 'cmr10' (cmr10.ttf) normal normal 400 normal>) = 10.05
2026-06-26 17:01:09,848 DEBUG matplotlib.font_manager: findfont: score(<Font 'DejaVu Sans' (DejaVuSans-Oblique.ttf) oblique normal 400 normal>) = 11.05
2026-06-26 17:01:09,848 DEBUG matplotlib.font_manager: findfont: score(<Font 'DejaVu Serif' (DejaVuSerif-BoldItalic.ttf) italic normal 700 normal>) = 11.335
2026-06-26 17:01:09,848 DEBUG matplotlib.font_manager: findfont: score(<Font 'DejaVu Serif Display' (DejaVuSerifDisplay.ttf) normal normal 400 normal>) = 10.05
2026-06-26 17:01:09,848 DEBUG matplotlib.font_manager: findfont: score(<Font 'cmmi10' (cmmi10.ttf) normal normal 400 normal>) = 10.05
2026-06-26 17:01:09,848 DEBUG matplotlib.font_manager: findfont: score(<Font 'STIXSizeThreeSym' (STIXSizThreeSymReg.ttf) normal normal 400 normal>) = 10.05
2026-06-26 17:01:09,848 DEBUG matplotlib.font_manager: findfont: score(<Font 'DejaVu Serif' (DejaVuSerif-Bold.ttf) normal normal 700 normal>) = 10.335
2026-06-26 17:01:09,848 DEBUG matplotlib.font_manager: findfont: score(<Font 'STIXSizeThreeSym' (STIXSizThreeSymBol.ttf) normal normal 700 normal>) = 10.335
2026-06-26 17:01:09,848 DEBUG matplotlib.font_manager: findfont: score(<Font 'cmtt10' (cmtt10.ttf) normal normal 400 normal>) = 10.05
2026-06-26 17:01:09,848 DEBUG matplotlib.font_manager: findfont: score(<Font 'STIXGeneral' (STIXGeneral.ttf) normal normal 400 normal>) = 10.05
2026-06-26 17:01:09,848 DEBUG matplotlib.font_manager: findfont: score(<Font 'cmss10' (cmss10.ttf) normal normal 400 normal>) = 10.05
2026-06-26 17:01:09,848 DEBUG matplotlib.font_manager: findfont: score(<Font 'DejaVu Sans Display' (DejaVuSansDisplay.ttf) normal normal 400 normal>) = 10.05
2026-06-26 17:01:09,848 DEBUG matplotlib.font_manager: findfont: score(<Font 'DejaVu Serif' (DejaVuSerif.ttf) normal normal 400 normal>) = 10.05
2026-06-26 17:01:09,848 DEBUG matplotlib.font_manager: findfont: score(<Font 'STIXSizeTwoSym' (STIXSizTwoSymBol.ttf) normal normal 700 normal>) = 10.335
2026-06-26 17:01:09,848 DEBUG matplotlib.font_manager: findfont: score(<Font 'DejaVu Sans Mono' (DejaVuSansMono-Bold.ttf) normal normal 700 normal>) = 10.335
2026-06-26 17:01:09,848 DEBUG matplotlib.font_manager: findfont: score(<Font 'DejaVu Sans' (DejaVuSans-Bold.ttf) normal normal 700 normal>) = 10.335
2026-06-26 17:01:09,848 DEBUG matplotlib.font_manager: findfont: score(<Font 'DejaVu Sans Mono' (DejaVuSansMono.ttf) normal normal 400 normal>) = 10.05
2026-06-26 17:01:09,848 DEBUG matplotlib.font_manager: findfont: score(<Font 'DejaVu Serif' (DejaVuSerif-Bold.ttf) normal normal 700 normal>) = 10.335
2026-06-26 17:01:09,848 DEBUG matplotlib.font_manager: findfont: score(<Font 'DejaVu Sans Mono' (DejaVuSansMono-Bold.ttf) normal normal 700 normal>) = 10.335
2026-06-26 17:01:09,848 DEBUG matplotlib.font_manager: findfont: score(<Font 'DejaVu Serif' (DejaVuSerif.ttf) normal normal 400 normal>) = 10.05
2026-06-26 17:01:09,848 DEBUG matplotlib.font_manager: findfont: score(<Font 'DejaVu Sans' (DejaVuSans.ttf) normal normal 400 normal>) = 10.05
2026-06-26 17:01:09,848 DEBUG matplotlib.font_manager: findfont: Matching STIXSizeOneSym:style=normal:variant=normal:weight=normal:stretch=normal:size=10.0 to STIXSizeOneSym ('/tmp/_MEIuzV4lk/matplotlib/mpl-data/fonts/ttf/STIXSizOneSymReg.ttf') with score of 0.050000.
2026-06-26 17:01:09,849 DEBUG matplotlib.font_manager: findfont: Matching STIXSizeTwoSym:style=normal:variant=normal:weight=normal:stretch=normal:size=10.0.
2026-06-26 17:01:09,849 DEBUG matplotlib.font_manager: findfont: score(<Font 'cmsy10' (cmsy10.ttf) normal normal 400 normal>) = 10.05
2026-06-26 17:01:09,849 DEBUG matplotlib.font_manager: findfont: score(<Font 'DejaVu Sans' (DejaVuSans.ttf) normal normal 400 normal>) = 10.05
2026-06-26 17:01:09,849 DEBUG matplotlib.font_manager: findfont: score(<Font 'STIXSizeOneSym' (STIXSizOneSymReg.ttf) normal normal 400 normal>) = 10.05
2026-06-26 17:01:09,849 DEBUG matplotlib.font_manager: findfont: score(<Font 'STIXNonUnicode' (STIXNonUniBolIta.ttf) italic normal 700 normal>) = 11.335
2026-06-26 17:01:09,849 DEBUG matplotlib.font_manager: findfont: score(<Font 'STIXSizeFourSym' (STIXSizFourSymBol.ttf) normal normal 700 normal>) = 10.335
2026-06-26 17:01:09,849 DEBUG matplotlib.font_manager: findfont: score(<Font 'STIXGeneral' (STIXGeneralItalic.ttf) italic normal 400 normal>) = 11.05
2026-06-26 17:01:09,849 DEBUG matplotlib.font_manager: findfont: score(<Font 'STIXSizeFourSym' (STIXSizFourSymReg.ttf) normal normal 400 normal>) = 10.05
2026-06-26 17:01:09,849 DEBUG matplotlib.font_manager: findfont: score(<Font 'cmb10' (cmb10.ttf) normal normal 400 normal>) = 10.05
2026-06-26 17:01:09,849 DEBUG matplotlib.font_manager: findfont: score(<Font 'cmex10' (cmex10.ttf) normal normal 400 normal>) = 10.05
2026-06-26 17:01:09,849 DEBUG matplotlib.font_manager: findfont: score(<Font 'DejaVu Serif' (DejaVuSerif-Italic.ttf) italic normal 400 normal>) = 11.05
2026-06-26 17:01:09,849 DEBUG matplotlib.font_manager: findfont: score(<Font 'STIXNonUnicode' (STIXNonUni.ttf) normal normal 400 normal>) = 10.05
2026-06-26 17:01:09,849 DEBUG matplotlib.font_manager: findfont: score(<Font 'STIXNonUnicode' (STIXNonUniIta.ttf) italic normal 400 normal>) = 11.05
2026-06-26 17:01:09,849 DEBUG matplotlib.font_manager: findfont: score(<Font 'STIXGeneral' (STIXGeneralBolIta.ttf) italic normal 700 normal>) = 11.335
2026-06-26 17:01:09,849 DEBUG matplotlib.font_manager: findfont: score(<Font 'DejaVu Sans Mono' (DejaVuSansMono-BoldOblique.ttf) oblique normal 700 normal>) = 11.335
2026-06-26 17:01:09,849 DEBUG matplotlib.font_manager: findfont: score(<Font 'DejaVu Sans Mono' (DejaVuSansMono-Oblique.ttf) oblique normal 400 normal>) = 11.05
2026-06-26 17:01:09,849 DEBUG matplotlib.font_manager: findfont: score(<Font 'DejaVu Sans Mono' (DejaVuSansMono.ttf) normal normal 400 normal>) = 10.05
2026-06-26 17:01:09,849 DEBUG matplotlib.font_manager: findfont: score(<Font 'STIXNonUnicode' (STIXNonUniBol.ttf) normal normal 700 normal>) = 10.335
2026-06-26 17:01:09,849 DEBUG matplotlib.font_manager: findfont: score(<Font 'DejaVu Sans' (DejaVuSans-Bold.ttf) normal normal 700 normal>) = 10.335
2026-06-26 17:01:09,849 DEBUG matplotlib.font_manager: findfont: score(<Font 'STIXSizeFiveSym' (STIXSizFiveSymReg.ttf) normal normal 400 normal>) = 10.05
2026-06-26 17:01:09,849 DEBUG matplotlib.font_manager: findfont: score(<Font 'STIXSizeTwoSym' (STIXSizTwoSymReg.ttf) normal normal 400 normal>) = 0.05
2026-06-26 17:01:09,849 DEBUG matplotlib.font_manager: findfont: score(<Font 'STIXGeneral' (STIXGeneralBol.ttf) normal normal 700 normal>) = 10.335
2026-06-26 17:01:09,849 DEBUG matplotlib.font_manager: findfont: score(<Font 'STIXSizeOneSym' (STIXSizOneSymBol.ttf) normal normal 700 normal>) = 10.335
2026-06-26 17:01:09,849 DEBUG matplotlib.font_manager: findfont: score(<Font 'DejaVu Sans' (DejaVuSans-BoldOblique.ttf) oblique normal 700 normal>) = 11.335
2026-06-26 17:01:09,849 DEBUG matplotlib.font_manager: findfont: score(<Font 'cmr10' (cmr10.ttf) normal normal 400 normal>) = 10.05
2026-06-26 17:01:09,849 DEBUG matplotlib.font_manager: findfont: score(<Font 'DejaVu Sans' (DejaVuSans-Oblique.ttf) oblique normal 400 normal>) = 11.05
2026-06-26 17:01:09,849 DEBUG matplotlib.font_manager: findfont: score(<Font 'DejaVu Serif' (DejaVuSerif-BoldItalic.ttf) italic normal 700 normal>) = 11.335
2026-06-26 17:01:09,849 DEBUG matplotlib.font_manager: findfont: score(<Font 'DejaVu Serif Display' (DejaVuSerifDisplay.ttf) normal normal 400 normal>) = 10.05
2026-06-26 17:01:09,850 DEBUG matplotlib.font_manager: findfont: score(<Font 'cmmi10' (cmmi10.ttf) normal normal 400 normal>) = 10.05
2026-06-26 17:01:09,850 DEBUG matplotlib.font_manager: findfont: score(<Font 'STIXSizeThreeSym' (STIXSizThreeSymReg.ttf) normal normal 400 normal>) = 10.05
2026-06-26 17:01:09,850 DEBUG matplotlib.font_manager: findfont: score(<Font 'DejaVu Serif' (DejaVuSerif-Bold.ttf) normal normal 700 normal>) = 10.335
2026-06-26 17:01:09,850 DEBUG matplotlib.font_manager: findfont: score(<Font 'STIXSizeThreeSym' (STIXSizThreeSymBol.ttf) normal normal 700 normal>) = 10.335
2026-06-26 17:01:09,850 DEBUG matplotlib.font_manager: findfont: score(<Font 'cmtt10' (cmtt10.ttf) normal normal 400 normal>) = 10.05
2026-06-26 17:01:09,850 DEBUG matplotlib.font_manager: findfont: score(<Font 'STIXGeneral' (STIXGeneral.ttf) normal normal 400 normal>) = 10.05
2026-06-26 17:01:09,850 DEBUG matplotlib.font_manager: findfont: score(<Font 'cmss10' (cmss10.ttf) normal normal 400 normal>) = 10.05
2026-06-26 17:01:09,850 DEBUG matplotlib.font_manager: findfont: score(<Font 'DejaVu Sans Display' (DejaVuSansDisplay.ttf) normal normal 400 normal>) = 10.05
2026-06-26 17:01:09,850 DEBUG matplotlib.font_manager: findfont: score(<Font 'DejaVu Serif' (DejaVuSerif.ttf) normal normal 400 normal>) = 10.05
2026-06-26 17:01:09,850 DEBUG matplotlib.font_manager: findfont: score(<Font 'STIXSizeTwoSym' (STIXSizTwoSymBol.ttf) normal normal 700 normal>) = 0.33499999999999996
2026-06-26 17:01:09,850 DEBUG matplotlib.font_manager: findfont: score(<Font 'DejaVu Sans Mono' (DejaVuSansMono-Bold.ttf) normal normal 700 normal>) = 10.335
2026-06-26 17:01:09,850 DEBUG matplotlib.font_manager: findfont: score(<Font 'DejaVu Sans' (DejaVuSans-Bold.ttf) normal normal 700 normal>) = 10.335
2026-06-26 17:01:09,850 DEBUG matplotlib.font_manager: findfont: score(<Font 'DejaVu Sans Mono' (DejaVuSansMono.ttf) normal normal 400 normal>) = 10.05
2026-06-26 17:01:09,850 DEBUG matplotlib.font_manager: findfont: score(<Font 'DejaVu Serif' (DejaVuSerif-Bold.ttf) normal normal 700 normal>) = 10.335
2026-06-26 17:01:09,850 DEBUG matplotlib.font_manager: findfont: score(<Font 'DejaVu Sans Mono' (DejaVuSansMono-Bold.ttf) normal normal 700 normal>) = 10.335
2026-06-26 17:01:09,850 DEBUG matplotlib.font_manager: findfont: score(<Font 'DejaVu Serif' (DejaVuSerif.ttf) normal normal 400 normal>) = 10.05
2026-06-26 17:01:09,850 DEBUG matplotlib.font_manager: findfont: score(<Font 'DejaVu Sans' (DejaVuSans.ttf) normal normal 400 normal>) = 10.05
2026-06-26 17:01:09,850 DEBUG matplotlib.font_manager: findfont: Matching STIXSizeTwoSym:style=normal:variant=normal:weight=normal:stretch=normal:size=10.0 to STIXSizeTwoSym ('/tmp/_MEIuzV4lk/matplotlib/mpl-data/fonts/ttf/STIXSizTwoSymReg.ttf') with score of 0.050000.
2026-06-26 17:01:09,850 DEBUG matplotlib.font_manager: findfont: Matching STIXSizeThreeSym:style=normal:variant=normal:weight=normal:stretch=normal:size=10.0.
2026-06-26 17:01:09,850 DEBUG matplotlib.font_manager: findfont: score(<Font 'cmsy10' (cmsy10.ttf) normal normal 400 normal>) = 10.05
2026-06-26 17:01:09,850 DEBUG matplotlib.font_manager: findfont: score(<Font 'DejaVu Sans' (DejaVuSans.ttf) normal normal 400 normal>) = 10.05
2026-06-26 17:01:09,850 DEBUG matplotlib.font_manager: findfont: score(<Font 'STIXSizeOneSym' (STIXSizOneSymReg.ttf) normal normal 400 normal>) = 10.05
2026-06-26 17:01:09,850 DEBUG matplotlib.font_manager: findfont: score(<Font 'STIXNonUnicode' (STIXNonUniBolIta.ttf) italic normal 700 normal>) = 11.335
2026-06-26 17:01:09,850 DEBUG matplotlib.font_manager: findfont: score(<Font 'STIXSizeFourSym' (STIXSizFourSymBol.ttf) normal normal 700 normal>) = 10.335
2026-06-26 17:01:09,850 DEBUG matplotlib.font_manager: findfont: score(<Font 'STIXGeneral' (STIXGeneralItalic.ttf) italic normal 400 normal>) = 11.05
2026-06-26 17:01:09,851 DEBUG matplotlib.font_manager: findfont: score(<Font 'STIXSizeFourSym' (STIXSizFourSymReg.ttf) normal normal 400 normal>) = 10.05
2026-06-26 17:01:09,851 DEBUG matplotlib.font_manager: findfont: score(<Font 'cmb10' (cmb10.ttf) normal normal 400 normal>) = 10.05
2026-06-26 17:01:09,851 DEBUG matplotlib.font_manager: findfont: score(<Font 'cmex10' (cmex10.ttf) normal normal 400 normal>) = 10.05
2026-06-26 17:01:09,851 DEBUG matplotlib.font_manager: findfont: score(<Font 'DejaVu Serif' (DejaVuSerif-Italic.ttf) italic normal 400 normal>) = 11.05
2026-06-26 17:01:09,851 DEBUG matplotlib.font_manager: findfont: score(<Font 'STIXNonUnicode' (STIXNonUni.ttf) normal normal 400 normal>) = 10.05
2026-06-26 17:01:09,851 DEBUG matplotlib.font_manager: findfont: score(<Font 'STIXNonUnicode' (STIXNonUniIta.ttf) italic normal 400 normal>) = 11.05
2026-06-26 17:01:09,851 DEBUG matplotlib.font_manager: findfont: score(<Font 'STIXGeneral' (STIXGeneralBolIta.ttf) italic normal 700 normal>) = 11.335
2026-06-26 17:01:09,851 DEBUG matplotlib.font_manager: findfont: score(<Font 'DejaVu Sans Mono' (DejaVuSansMono-BoldOblique.ttf) oblique normal 700 normal>) = 11.335
2026-06-26 17:01:09,851 DEBUG matplotlib.font_manager: findfont: score(<Font 'DejaVu Sans Mono' (DejaVuSansMono-Oblique.ttf) oblique normal 400 normal>) = 11.05
2026-06-26 17:01:09,851 DEBUG matplotlib.font_manager: findfont: score(<Font 'DejaVu Sans Mono' (DejaVuSansMono.ttf) normal normal 400 normal>) = 10.05
2026-06-26 17:01:09,851 DEBUG matplotlib.font_manager: findfont: score(<Font 'STIXNonUnicode' (STIXNonUniBol.ttf) normal normal 700 normal>) = 10.335
2026-06-26 17:01:09,851 DEBUG matplotlib.font_manager: findfont: score(<Font 'DejaVu Sans' (DejaVuSans-Bold.ttf) normal normal 700 normal>) = 10.335
2026-06-26 17:01:09,851 DEBUG matplotlib.font_manager: findfont: score(<Font 'STIXSizeFiveSym' (STIXSizFiveSymReg.ttf) normal normal 400 normal>) = 10.05
2026-06-26 17:01:09,851 DEBUG matplotlib.font_manager: findfont: score(<Font 'STIXSizeTwoSym' (STIXSizTwoSymReg.ttf) normal normal 400 normal>) = 10.05
2026-06-26 17:01:09,851 DEBUG matplotlib.font_manager: findfont: score(<Font 'STIXGeneral' (STIXGeneralBol.ttf) normal normal 700 normal>) = 10.335
2026-06-26 17:01:09,851 DEBUG matplotlib.font_manager: findfont: score(<Font 'STIXSizeOneSym' (STIXSizOneSymBol.ttf) normal normal 700 normal>) = 10.335
2026-06-26 17:01:09,851 DEBUG matplotlib.font_manager: findfont: score(<Font 'DejaVu Sans' (DejaVuSans-BoldOblique.ttf) oblique normal 700 normal>) = 11.335
2026-06-26 17:01:09,851 DEBUG matplotlib.font_manager: findfont: score(<Font 'cmr10' (cmr10.ttf) normal normal 400 normal>) = 10.05
2026-06-26 17:01:09,851 DEBUG matplotlib.font_manager: findfont: score(<Font 'DejaVu Sans' (DejaVuSans-Oblique.ttf) oblique normal 400 normal>) = 11.05
2026-06-26 17:01:09,851 DEBUG matplotlib.font_manager: findfont: score(<Font 'DejaVu Serif' (DejaVuSerif-BoldItalic.ttf) italic normal 700 normal>) = 11.335
2026-06-26 17:01:09,851 DEBUG matplotlib.font_manager: findfont: score(<Font 'DejaVu Serif Display' (DejaVuSerifDisplay.ttf) normal normal 400 normal>) = 10.05
2026-06-26 17:01:09,851 DEBUG matplotlib.font_manager: findfont: score(<Font 'cmmi10' (cmmi10.ttf) normal normal 400 normal>) = 10.05
2026-06-26 17:01:09,851 DEBUG matplotlib.font_manager: findfont: score(<Font 'STIXSizeThreeSym' (STIXSizThreeSymReg.ttf) normal normal 400 normal>) = 0.05
2026-06-26 17:01:09,851 DEBUG matplotlib.font_manager: findfont: score(<Font 'DejaVu Serif' (DejaVuSerif-Bold.ttf) normal normal 700 normal>) = 10.335
2026-06-26 17:01:09,851 DEBUG matplotlib.font_manager: findfont: score(<Font 'STIXSizeThreeSym' (STIXSizThreeSymBol.ttf) normal normal 700 normal>) = 0.33499999999999996
2026-06-26 17:01:09,851 DEBUG matplotlib.font_manager: findfont: score(<Font 'cmtt10' (cmtt10.ttf) normal normal 400 normal>) = 10.05
2026-06-26 17:01:09,851 DEBUG matplotlib.font_manager: findfont: score(<Font 'STIXGeneral' (STIXGeneral.ttf) normal normal 400 normal>) = 10.05
2026-06-26 17:01:09,851 DEBUG matplotlib.font_manager: findfont: score(<Font 'cmss10' (cmss10.ttf) normal normal 400 normal>) = 10.05
2026-06-26 17:01:09,851 DEBUG matplotlib.font_manager: findfont: score(<Font 'DejaVu Sans Display' (DejaVuSansDisplay.ttf) normal normal 400 normal>) = 10.05
2026-06-26 17:01:09,851 DEBUG matplotlib.font_manager: findfont: score(<Font 'DejaVu Serif' (DejaVuSerif.ttf) normal normal 400 normal>) = 10.05
2026-06-26 17:01:09,851 DEBUG matplotlib.font_manager: findfont: score(<Font 'STIXSizeTwoSym' (STIXSizTwoSymBol.ttf) normal normal 700 normal>) = 10.335
2026-06-26 17:01:09,851 DEBUG matplotlib.font_manager: findfont: score(<Font 'DejaVu Sans Mono' (DejaVuSansMono-Bold.ttf) normal normal 700 normal>) = 10.335
2026-06-26 17:01:09,851 DEBUG matplotlib.font_manager: findfont: score(<Font 'DejaVu Sans' (DejaVuSans-Bold.ttf) normal normal 700 normal>) = 10.335
2026-06-26 17:01:09,851 DEBUG matplotlib.font_manager: findfont: score(<Font 'DejaVu Sans Mono' (DejaVuSansMono.ttf) normal normal 400 normal>) = 10.05
2026-06-26 17:01:09,852 DEBUG matplotlib.font_manager: findfont: score(<Font 'DejaVu Serif' (DejaVuSerif-Bold.ttf) normal normal 700 normal>) = 10.335
2026-06-26 17:01:09,852 DEBUG matplotlib.font_manager: findfont: score(<Font 'DejaVu Sans Mono' (DejaVuSansMono-Bold.ttf) normal normal 700 normal>) = 10.335
2026-06-26 17:01:09,852 DEBUG matplotlib.font_manager: findfont: score(<Font 'DejaVu Serif' (DejaVuSerif.ttf) normal normal 400 normal>) = 10.05
2026-06-26 17:01:09,852 DEBUG matplotlib.font_manager: findfont: score(<Font 'DejaVu Sans' (DejaVuSans.ttf) normal normal 400 normal>) = 10.05
2026-06-26 17:01:09,852 DEBUG matplotlib.font_manager: findfont: Matching STIXSizeThreeSym:style=normal:variant=normal:weight=normal:stretch=normal:size=10.0 to STIXSizeThreeSym ('/tmp/_MEIuzV4lk/matplotlib/mpl-data/fonts/ttf/STIXSizThreeSymReg.ttf') with score of 0.050000.
2026-06-26 17:01:09,852 DEBUG matplotlib.font_manager: findfont: Matching STIXSizeFourSym:style=normal:variant=normal:weight=normal:stretch=normal:size=10.0.
2026-06-26 17:01:09,852 DEBUG matplotlib.font_manager: findfont: score(<Font 'cmsy10' (cmsy10.ttf) normal normal 400 normal>) = 10.05
2026-06-26 17:01:09,852 DEBUG matplotlib.font_manager: findfont: score(<Font 'DejaVu Sans' (DejaVuSans.ttf) normal normal 400 normal>) = 10.05
2026-06-26 17:01:09,852 DEBUG matplotlib.font_manager: findfont: score(<Font 'STIXSizeOneSym' (STIXSizOneSymReg.ttf) normal normal 400 normal>) = 10.05
2026-06-26 17:01:09,852 DEBUG matplotlib.font_manager: findfont: score(<Font 'STIXNonUnicode' (STIXNonUniBolIta.ttf) italic normal 700 normal>) = 11.335
2026-06-26 17:01:09,852 DEBUG matplotlib.font_manager: findfont: score(<Font 'STIXSizeFourSym' (STIXSizFourSymBol.ttf) normal normal 700 normal>) = 0.33499999999999996
2026-06-26 17:01:09,852 DEBUG matplotlib.font_manager: findfont: score(<Font 'STIXGeneral' (STIXGeneralItalic.ttf) italic normal 400 normal>) = 11.05
2026-06-26 17:01:09,852 DEBUG matplotlib.font_manager: findfont: score(<Font 'STIXSizeFourSym' (STIXSizFourSymReg.ttf) normal normal 400 normal>) = 0.05
2026-06-26 17:01:09,852 DEBUG matplotlib.font_manager: findfont: score(<Font 'cmb10' (cmb10.ttf) normal normal 400 normal>) = 10.05
2026-06-26 17:01:09,852 DEBUG matplotlib.font_manager: findfont: score(<Font 'cmex10' (cmex10.ttf) normal normal 400 normal>) = 10.05
2026-06-26 17:01:09,852 DEBUG matplotlib.font_manager: findfont: score(<Font 'DejaVu Serif' (DejaVuSerif-Italic.ttf) italic normal 400 normal>) = 11.05
2026-06-26 17:01:09,852 DEBUG matplotlib.font_manager: findfont: score(<Font 'STIXNonUnicode' (STIXNonUni.ttf) normal normal 400 normal>) = 10.05
2026-06-26 17:01:09,852 DEBUG matplotlib.font_manager: findfont: score(<Font 'STIXNonUnicode' (STIXNonUniIta.ttf) italic normal 400 normal>) = 11.05
2026-06-26 17:01:09,852 DEBUG matplotlib.font_manager: findfont: score(<Font 'STIXGeneral' (STIXGeneralBolIta.ttf) italic normal 700 normal>) = 11.335
2026-06-26 17:01:09,852 DEBUG matplotlib.font_manager: findfont: score(<Font 'DejaVu Sans Mono' (DejaVuSansMono-BoldOblique.ttf) oblique normal 700 normal>) = 11.335
2026-06-26 17:01:09,852 DEBUG matplotlib.font_manager: findfont: score(<Font 'DejaVu Sans Mono' (DejaVuSansMono-Oblique.ttf) oblique normal 400 normal>) = 11.05
2026-06-26 17:01:09,852 DEBUG matplotlib.font_manager: findfont: score(<Font 'DejaVu Sans Mono' (DejaVuSansMono.ttf) normal normal 400 normal>) = 10.05
2026-06-26 17:01:09,852 DEBUG matplotlib.font_manager: findfont: score(<Font 'STIXNonUnicode' (STIXNonUniBol.ttf) normal normal 700 normal>) = 10.335
2026-06-26 17:01:09,852 DEBUG matplotlib.font_manager: findfont: score(<Font 'DejaVu Sans' (DejaVuSans-Bold.ttf) normal normal 700 normal>) = 10.335
2026-06-26 17:01:09,852 DEBUG matplotlib.font_manager: findfont: score(<Font 'STIXSizeFiveSym' (STIXSizFiveSymReg.ttf) normal normal 400 normal>) = 10.05
2026-06-26 17:01:09,852 DEBUG matplotlib.font_manager: findfont: score(<Font 'STIXSizeTwoSym' (STIXSizTwoSymReg.ttf) normal normal 400 normal>) = 10.05
2026-06-26 17:01:09,853 DEBUG matplotlib.font_manager: findfont: score(<Font 'STIXGeneral' (STIXGeneralBol.ttf) normal normal 700 normal>) = 10.335
2026-06-26 17:01:09,853 DEBUG matplotlib.font_manager: findfont: score(<Font 'STIXSizeOneSym' (STIXSizOneSymBol.ttf) normal normal 700 normal>) = 10.335
2026-06-26 17:01:09,853 DEBUG matplotlib.font_manager: findfont: score(<Font 'DejaVu Sans' (DejaVuSans-BoldOblique.ttf) oblique normal 700 normal>) = 11.335
2026-06-26 17:01:09,853 DEBUG matplotlib.font_manager: findfont: score(<Font 'cmr10' (cmr10.ttf) normal normal 400 normal>) = 10.05
2026-06-26 17:01:09,853 DEBUG matplotlib.font_manager: findfont: score(<Font 'DejaVu Sans' (DejaVuSans-Oblique.ttf) oblique normal 400 normal>) = 11.05
2026-06-26 17:01:09,853 DEBUG matplotlib.font_manager: findfont: score(<Font 'DejaVu Serif' (DejaVuSerif-BoldItalic.ttf) italic normal 700 normal>) = 11.335
2026-06-26 17:01:09,853 DEBUG matplotlib.font_manager: findfont: score(<Font 'DejaVu Serif Display' (DejaVuSerifDisplay.ttf) normal normal 400 normal>) = 10.05
2026-06-26 17:01:09,853 DEBUG matplotlib.font_manager: findfont: score(<Font 'cmmi10' (cmmi10.ttf) normal normal 400 normal>) = 10.05
2026-06-26 17:01:09,853 DEBUG matplotlib.font_manager: findfont: score(<Font 'STIXSizeThreeSym' (STIXSizThreeSymReg.ttf) normal normal 400 normal>) = 10.05
2026-06-26 17:01:09,853 DEBUG matplotlib.font_manager: findfont: score(<Font 'DejaVu Serif' (DejaVuSerif-Bold.ttf) normal normal 700 normal>) = 10.335
2026-06-26 17:01:09,853 DEBUG matplotlib.font_manager: findfont: score(<Font 'STIXSizeThreeSym' (STIXSizThreeSymBol.ttf) normal normal 700 normal>) = 10.335
2026-06-26 17:01:09,853 DEBUG matplotlib.font_manager: findfont: score(<Font 'cmtt10' (cmtt10.ttf) normal normal 400 normal>) = 10.05
2026-06-26 17:01:09,853 DEBUG matplotlib.font_manager: findfont: score(<Font 'STIXGeneral' (STIXGeneral.ttf) normal normal 400 normal>) = 10.05
2026-06-26 17:01:09,853 DEBUG matplotlib.font_manager: findfont: score(<Font 'cmss10' (cmss10.ttf) normal normal 400 normal>) = 10.05
2026-06-26 17:01:09,853 DEBUG matplotlib.font_manager: findfont: score(<Font 'DejaVu Sans Display' (DejaVuSansDisplay.ttf) normal normal 400 normal>) = 10.05
2026-06-26 17:01:09,853 DEBUG matplotlib.font_manager: findfont: score(<Font 'DejaVu Serif' (DejaVuSerif.ttf) normal normal 400 normal>) = 10.05
2026-06-26 17:01:09,853 DEBUG matplotlib.font_manager: findfont: score(<Font 'STIXSizeTwoSym' (STIXSizTwoSymBol.ttf) normal normal 700 normal>) = 10.335
2026-06-26 17:01:09,853 DEBUG matplotlib.font_manager: findfont: score(<Font 'DejaVu Sans Mono' (DejaVuSansMono-Bold.ttf) normal normal 700 normal>) = 10.335
2026-06-26 17:01:09,853 DEBUG matplotlib.font_manager: findfont: score(<Font 'DejaVu Sans' (DejaVuSans-Bold.ttf) normal normal 700 normal>) = 10.335
2026-06-26 17:01:09,853 DEBUG matplotlib.font_manager: findfont: score(<Font 'DejaVu Sans Mono' (DejaVuSansMono.ttf) normal normal 400 normal>) = 10.05
2026-06-26 17:01:09,853 DEBUG matplotlib.font_manager: findfont: score(<Font 'DejaVu Serif' (DejaVuSerif-Bold.ttf) normal normal 700 normal>) = 10.335
2026-06-26 17:01:09,853 DEBUG matplotlib.font_manager: findfont: score(<Font 'DejaVu Sans Mono' (DejaVuSansMono-Bold.ttf) normal normal 700 normal>) = 10.335
2026-06-26 17:01:09,853 DEBUG matplotlib.font_manager: findfont: score(<Font 'DejaVu Serif' (DejaVuSerif.ttf) normal normal 400 normal>) = 10.05
2026-06-26 17:01:09,853 DEBUG matplotlib.font_manager: findfont: score(<Font 'DejaVu Sans' (DejaVuSans.ttf) normal normal 400 normal>) = 10.05
2026-06-26 17:01:09,853 DEBUG matplotlib.font_manager: findfont: Matching STIXSizeFourSym:style=normal:variant=normal:weight=normal:stretch=normal:size=10.0 to STIXSizeFourSym ('/tmp/_MEIuzV4lk/matplotlib/mpl-data/fonts/ttf/STIXSizFourSymReg.ttf') with score of 0.050000.
2026-06-26 17:01:09,853 DEBUG matplotlib.font_manager: findfont: Matching STIXSizeFiveSym:style=normal:variant=normal:weight=normal:stretch=normal:size=10.0.
2026-06-26 17:01:09,854 DEBUG matplotlib.font_manager: findfont: score(<Font 'cmsy10' (cmsy10.ttf) normal normal 400 normal>) = 10.05
2026-06-26 17:01:09,854 DEBUG matplotlib.font_manager: findfont: score(<Font 'DejaVu Sans' (DejaVuSans.ttf) normal normal 400 normal>) = 10.05
2026-06-26 17:01:09,854 DEBUG matplotlib.font_manager: findfont: score(<Font 'STIXSizeOneSym' (STIXSizOneSymReg.ttf) normal normal 400 normal>) = 10.05
2026-06-26 17:01:09,854 DEBUG matplotlib.font_manager: findfont: score(<Font 'STIXNonUnicode' (STIXNonUniBolIta.ttf) italic normal 700 normal>) = 11.335
2026-06-26 17:01:09,854 DEBUG matplotlib.font_manager: findfont: score(<Font 'STIXSizeFourSym' (STIXSizFourSymBol.ttf) normal normal 700 normal>) = 10.335
2026-06-26 17:01:09,854 DEBUG matplotlib.font_manager: findfont: score(<Font 'STIXGeneral' (STIXGeneralItalic.ttf) italic normal 400 normal>) = 11.05
2026-06-26 17:01:09,854 DEBUG matplotlib.font_manager: findfont: score(<Font 'STIXSizeFourSym' (STIXSizFourSymReg.ttf) normal normal 400 normal>) = 10.05
2026-06-26 17:01:09,854 DEBUG matplotlib.font_manager: findfont: score(<Font 'cmb10' (cmb10.ttf) normal normal 400 normal>) = 10.05
2026-06-26 17:01:09,854 DEBUG matplotlib.font_manager: findfont: score(<Font 'cmex10' (cmex10.ttf) normal normal 400 normal>) = 10.05
2026-06-26 17:01:09,854 DEBUG matplotlib.font_manager: findfont: score(<Font 'DejaVu Serif' (DejaVuSerif-Italic.ttf) italic normal 400 normal>) = 11.05
2026-06-26 17:01:09,854 DEBUG matplotlib.font_manager: findfont: score(<Font 'STIXNonUnicode' (STIXNonUni.ttf) normal normal 400 normal>) = 10.05
2026-06-26 17:01:09,854 DEBUG matplotlib.font_manager: findfont: score(<Font 'STIXNonUnicode' (STIXNonUniIta.ttf) italic normal 400 normal>) = 11.05
2026-06-26 17:01:09,854 DEBUG matplotlib.font_manager: findfont: score(<Font 'STIXGeneral' (STIXGeneralBolIta.ttf) italic normal 700 normal>) = 11.335
2026-06-26 17:01:09,854 DEBUG matplotlib.font_manager: findfont: score(<Font 'DejaVu Sans Mono' (DejaVuSansMono-BoldOblique.ttf) oblique normal 700 normal>) = 11.335
2026-06-26 17:01:09,854 DEBUG matplotlib.font_manager: findfont: score(<Font 'DejaVu Sans Mono' (DejaVuSansMono-Oblique.ttf) oblique normal 400 normal>) = 11.05
2026-06-26 17:01:09,854 DEBUG matplotlib.font_manager: findfont: score(<Font 'DejaVu Sans Mono' (DejaVuSansMono.ttf) normal normal 400 normal>) = 10.05
2026-06-26 17:01:09,854 DEBUG matplotlib.font_manager: findfont: score(<Font 'STIXNonUnicode' (STIXNonUniBol.ttf) normal normal 700 normal>) = 10.335
2026-06-26 17:01:09,854 DEBUG matplotlib.font_manager: findfont: score(<Font 'DejaVu Sans' (DejaVuSans-Bold.ttf) normal normal 700 normal>) = 10.335
2026-06-26 17:01:09,854 DEBUG matplotlib.font_manager: findfont: score(<Font 'STIXSizeFiveSym' (STIXSizFiveSymReg.ttf) normal normal 400 normal>) = 0.05
2026-06-26 17:01:09,854 DEBUG matplotlib.font_manager: findfont: score(<Font 'STIXSizeTwoSym' (STIXSizTwoSymReg.ttf) normal normal 400 normal>) = 10.05
2026-06-26 17:01:09,854 DEBUG matplotlib.font_manager: findfont: score(<Font 'STIXGeneral' (STIXGeneralBol.ttf) normal normal 700 normal>) = 10.335
2026-06-26 17:01:09,854 DEBUG matplotlib.font_manager: findfont: score(<Font 'STIXSizeOneSym' (STIXSizOneSymBol.ttf) normal normal 700 normal>) = 10.335
2026-06-26 17:01:09,854 DEBUG matplotlib.font_manager: findfont: score(<Font 'DejaVu Sans' (DejaVuSans-BoldOblique.ttf) oblique normal 700 normal>) = 11.335
2026-06-26 17:01:09,854 DEBUG matplotlib.font_manager: findfont: score(<Font 'cmr10' (cmr10.ttf) normal normal 400 normal>) = 10.05
2026-06-26 17:01:09,854 DEBUG matplotlib.font_manager: findfont: score(<Font 'DejaVu Sans' (DejaVuSans-Oblique.ttf) oblique normal 400 normal>) = 11.05
2026-06-26 17:01:09,854 DEBUG matplotlib.font_manager: findfont: score(<Font 'DejaVu Serif' (DejaVuSerif-BoldItalic.ttf) italic normal 700 normal>) = 11.335
2026-06-26 17:01:09,854 DEBUG matplotlib.font_manager: findfont: score(<Font 'DejaVu Serif Display' (DejaVuSerifDisplay.ttf) normal normal 400 normal>) = 10.05
2026-06-26 17:01:09,854 DEBUG matplotlib.font_manager: findfont: score(<Font 'cmmi10' (cmmi10.ttf) normal normal 400 normal>) = 10.05
2026-06-26 17:01:09,854 DEBUG matplotlib.font_manager: findfont: score(<Font 'STIXSizeThreeSym' (STIXSizThreeSymReg.ttf) normal normal 400 normal>) = 10.05
2026-06-26 17:01:09,854 DEBUG matplotlib.font_manager: findfont: score(<Font 'DejaVu Serif' (DejaVuSerif-Bold.ttf) normal normal 700 normal>) = 10.335
2026-06-26 17:01:09,854 DEBUG matplotlib.font_manager: findfont: score(<Font 'STIXSizeThreeSym' (STIXSizThreeSymBol.ttf) normal normal 700 normal>) = 10.335
2026-06-26 17:01:09,854 DEBUG matplotlib.font_manager: findfont: score(<Font 'cmtt10' (cmtt10.ttf) normal normal 400 normal>) = 10.05
2026-06-26 17:01:09,854 DEBUG matplotlib.font_manager: findfont: score(<Font 'STIXGeneral' (STIXGeneral.ttf) normal normal 400 normal>) = 10.05
2026-06-26 17:01:09,855 DEBUG matplotlib.font_manager: findfont: score(<Font 'cmss10' (cmss10.ttf) normal normal 400 normal>) = 10.05
2026-06-26 17:01:09,855 DEBUG matplotlib.font_manager: findfont: score(<Font 'DejaVu Sans Display' (DejaVuSansDisplay.ttf) normal normal 400 normal>) = 10.05
2026-06-26 17:01:09,855 DEBUG matplotlib.font_manager: findfont: score(<Font 'DejaVu Serif' (DejaVuSerif.ttf) normal normal 400 normal>) = 10.05
2026-06-26 17:01:09,855 DEBUG matplotlib.font_manager: findfont: score(<Font 'STIXSizeTwoSym' (STIXSizTwoSymBol.ttf) normal normal 700 normal>) = 10.335
2026-06-26 17:01:09,855 DEBUG matplotlib.font_manager: findfont: score(<Font 'DejaVu Sans Mono' (DejaVuSansMono-Bold.ttf) normal normal 700 normal>) = 10.335
2026-06-26 17:01:09,855 DEBUG matplotlib.font_manager: findfont: score(<Font 'DejaVu Sans' (DejaVuSans-Bold.ttf) normal normal 700 normal>) = 10.335
2026-06-26 17:01:09,855 DEBUG matplotlib.font_manager: findfont: score(<Font 'DejaVu Sans Mono' (DejaVuSansMono.ttf) normal normal 400 normal>) = 10.05
2026-06-26 17:01:09,855 DEBUG matplotlib.font_manager: findfont: score(<Font 'DejaVu Serif' (DejaVuSerif-Bold.ttf) normal normal 700 normal>) = 10.335
2026-06-26 17:01:09,855 DEBUG matplotlib.font_manager: findfont: score(<Font 'DejaVu Sans Mono' (DejaVuSansMono-Bold.ttf) normal normal 700 normal>) = 10.335
2026-06-26 17:01:09,855 DEBUG matplotlib.font_manager: findfont: score(<Font 'DejaVu Serif' (DejaVuSerif.ttf) normal normal 400 normal>) = 10.05
2026-06-26 17:01:09,855 DEBUG matplotlib.font_manager: findfont: score(<Font 'DejaVu Sans' (DejaVuSans.ttf) normal normal 400 normal>) = 10.05
2026-06-26 17:01:09,855 DEBUG matplotlib.font_manager: findfont: Matching STIXSizeFiveSym:style=normal:variant=normal:weight=normal:stretch=normal:size=10.0 to STIXSizeFiveSym ('/tmp/_MEIuzV4lk/matplotlib/mpl-data/fonts/ttf/STIXSizFiveSymReg.ttf') with score of 0.050000.
2026-06-26 17:01:09,856 DEBUG matplotlib.font_manager: findfont: Matching cmsy10:style=normal:variant=normal:weight=normal:stretch=normal:size=10.0.
2026-06-26 17:01:09,856 DEBUG matplotlib.font_manager: findfont: score(<Font 'cmsy10' (cmsy10.ttf) normal normal 400 normal>) = 0.05
2026-06-26 17:01:09,856 DEBUG matplotlib.font_manager: findfont: score(<Font 'DejaVu Sans' (DejaVuSans.ttf) normal normal 400 normal>) = 10.05
2026-06-26 17:01:09,856 DEBUG matplotlib.font_manager: findfont: score(<Font 'STIXSizeOneSym' (STIXSizOneSymReg.ttf) normal normal 400 normal>) = 10.05
2026-06-26 17:01:09,856 DEBUG matplotlib.font_manager: findfont: score(<Font 'STIXNonUnicode' (STIXNonUniBolIta.ttf) italic normal 700 normal>) = 11.335
2026-06-26 17:01:09,856 DEBUG matplotlib.font_manager: findfont: score(<Font 'STIXSizeFourSym' (STIXSizFourSymBol.ttf) normal normal 700 normal>) = 10.335
2026-06-26 17:01:09,856 DEBUG matplotlib.font_manager: findfont: score(<Font 'STIXGeneral' (STIXGeneralItalic.ttf) italic normal 400 normal>) = 11.05
2026-06-26 17:01:09,856 DEBUG matplotlib.font_manager: findfont: score(<Font 'STIXSizeFourSym' (STIXSizFourSymReg.ttf) normal normal 400 normal>) = 10.05
2026-06-26 17:01:09,856 DEBUG matplotlib.font_manager: findfont: score(<Font 'cmb10' (cmb10.ttf) normal normal 400 normal>) = 10.05
2026-06-26 17:01:09,856 DEBUG matplotlib.font_manager: findfont: score(<Font 'cmex10' (cmex10.ttf) normal normal 400 normal>) = 10.05
2026-06-26 17:01:09,856 DEBUG matplotlib.font_manager: findfont: score(<Font 'DejaVu Serif' (DejaVuSerif-Italic.ttf) italic normal 400 normal>) = 11.05
2026-06-26 17:01:09,856 DEBUG matplotlib.font_manager: findfont: score(<Font 'STIXNonUnicode' (STIXNonUni.ttf) normal normal 400 normal>) = 10.05
2026-06-26 17:01:09,856 DEBUG matplotlib.font_manager: findfont: score(<Font 'STIXNonUnicode' (STIXNonUniIta.ttf) italic normal 400 normal>) = 11.05
2026-06-26 17:01:09,856 DEBUG matplotlib.font_manager: findfont: score(<Font 'STIXGeneral' (STIXGeneralBolIta.ttf) italic normal 700 normal>) = 11.335
2026-06-26 17:01:09,856 DEBUG matplotlib.font_manager: findfont: score(<Font 'DejaVu Sans Mono' (DejaVuSansMono-BoldOblique.ttf) oblique normal 700 normal>) = 11.335
2026-06-26 17:01:09,856 DEBUG matplotlib.font_manager: findfont: score(<Font 'DejaVu Sans Mono' (DejaVuSansMono-Oblique.ttf) oblique normal 400 normal>) = 11.05
2026-06-26 17:01:09,856 DEBUG matplotlib.font_manager: findfont: score(<Font 'DejaVu Sans Mono' (DejaVuSansMono.ttf) normal normal 400 normal>) = 10.05
2026-06-26 17:01:09,856 DEBUG matplotlib.font_manager: findfont: score(<Font 'STIXNonUnicode' (STIXNonUniBol.ttf) normal normal 700 normal>) = 10.335
2026-06-26 17:01:09,856 DEBUG matplotlib.font_manager: findfont: score(<Font 'DejaVu Sans' (DejaVuSans-Bold.ttf) normal normal 700 normal>) = 10.335
2026-06-26 17:01:09,856 DEBUG matplotlib.font_manager: findfont: score(<Font 'STIXSizeFiveSym' (STIXSizFiveSymReg.ttf) normal normal 400 normal>) = 10.05
2026-06-26 17:01:09,856 DEBUG matplotlib.font_manager: findfont: score(<Font 'STIXSizeTwoSym' (STIXSizTwoSymReg.ttf) normal normal 400 normal>) = 10.05
2026-06-26 17:01:09,856 DEBUG matplotlib.font_manager: findfont: score(<Font 'STIXGeneral' (STIXGeneralBol.ttf) normal normal 700 normal>) = 10.335
2026-06-26 17:01:09,856 DEBUG matplotlib.font_manager: findfont: score(<Font 'STIXSizeOneSym' (STIXSizOneSymBol.ttf) normal normal 700 normal>) = 10.335
2026-06-26 17:01:09,856 DEBUG matplotlib.font_manager: findfont: score(<Font 'DejaVu Sans' (DejaVuSans-BoldOblique.ttf) oblique normal 700 normal>) = 11.335
2026-06-26 17:01:09,856 DEBUG matplotlib.font_manager: findfont: score(<Font 'cmr10' (cmr10.ttf) normal normal 400 normal>) = 10.05
2026-06-26 17:01:09,856 DEBUG matplotlib.font_manager: findfont: score(<Font 'DejaVu Sans' (DejaVuSans-Oblique.ttf) oblique normal 400 normal>) = 11.05
2026-06-26 17:01:09,856 DEBUG matplotlib.font_manager: findfont: score(<Font 'DejaVu Serif' (DejaVuSerif-BoldItalic.ttf) italic normal 700 normal>) = 11.335
2026-06-26 17:01:09,857 DEBUG matplotlib.font_manager: findfont: score(<Font 'DejaVu Serif Display' (DejaVuSerifDisplay.ttf) normal normal 400 normal>) = 10.05
2026-06-26 17:01:09,857 DEBUG matplotlib.font_manager: findfont: score(<Font 'cmmi10' (cmmi10.ttf) normal normal 400 normal>) = 10.05
2026-06-26 17:01:09,857 DEBUG matplotlib.font_manager: findfont: score(<Font 'STIXSizeThreeSym' (STIXSizThreeSymReg.ttf) normal normal 400 normal>) = 10.05
2026-06-26 17:01:09,857 DEBUG matplotlib.font_manager: findfont: score(<Font 'DejaVu Serif' (DejaVuSerif-Bold.ttf) normal normal 700 normal>) = 10.335
2026-06-26 17:01:09,857 DEBUG matplotlib.font_manager: findfont: score(<Font 'STIXSizeThreeSym' (STIXSizThreeSymBol.ttf) normal normal 700 normal>) = 10.335
2026-06-26 17:01:09,857 DEBUG matplotlib.font_manager: findfont: score(<Font 'cmtt10' (cmtt10.ttf) normal normal 400 normal>) = 10.05
2026-06-26 17:01:09,857 DEBUG matplotlib.font_manager: findfont: score(<Font 'STIXGeneral' (STIXGeneral.ttf) normal normal 400 normal>) = 10.05
2026-06-26 17:01:09,857 DEBUG matplotlib.font_manager: findfont: score(<Font 'cmss10' (cmss10.ttf) normal normal 400 normal>) = 10.05
2026-06-26 17:01:09,857 DEBUG matplotlib.font_manager: findfont: score(<Font 'DejaVu Sans Display' (DejaVuSansDisplay.ttf) normal normal 400 normal>) = 10.05
2026-06-26 17:01:09,857 DEBUG matplotlib.font_manager: findfont: score(<Font 'DejaVu Serif' (DejaVuSerif.ttf) normal normal 400 normal>) = 10.05
2026-06-26 17:01:09,857 DEBUG matplotlib.font_manager: findfont: score(<Font 'STIXSizeTwoSym' (STIXSizTwoSymBol.ttf) normal normal 700 normal>) = 10.335
2026-06-26 17:01:09,857 DEBUG matplotlib.font_manager: findfont: score(<Font 'DejaVu Sans Mono' (DejaVuSansMono-Bold.ttf) normal normal 700 normal>) = 10.335
2026-06-26 17:01:09,857 DEBUG matplotlib.font_manager: findfont: score(<Font 'DejaVu Sans' (DejaVuSans-Bold.ttf) normal normal 700 normal>) = 10.335
2026-06-26 17:01:09,857 DEBUG matplotlib.font_manager: findfont: score(<Font 'DejaVu Sans Mono' (DejaVuSansMono.ttf) normal normal 400 normal>) = 10.05
2026-06-26 17:01:09,857 DEBUG matplotlib.font_manager: findfont: score(<Font 'DejaVu Serif' (DejaVuSerif-Bold.ttf) normal normal 700 normal>) = 10.335
2026-06-26 17:01:09,857 DEBUG matplotlib.font_manager: findfont: score(<Font 'DejaVu Sans Mono' (DejaVuSansMono-Bold.ttf) normal normal 700 normal>) = 10.335
2026-06-26 17:01:09,857 DEBUG matplotlib.font_manager: findfont: score(<Font 'DejaVu Serif' (DejaVuSerif.ttf) normal normal 400 normal>) = 10.05
2026-06-26 17:01:09,857 DEBUG matplotlib.font_manager: findfont: score(<Font 'DejaVu Sans' (DejaVuSans.ttf) normal normal 400 normal>) = 10.05
2026-06-26 17:01:09,857 DEBUG matplotlib.font_manager: findfont: Matching cmsy10:style=normal:variant=normal:weight=normal:stretch=normal:size=10.0 to cmsy10 ('/tmp/_MEIuzV4lk/matplotlib/mpl-data/fonts/ttf/cmsy10.ttf') with score of 0.050000.
2026-06-26 17:01:09,857 DEBUG matplotlib.font_manager: findfont: Matching cmr10:style=normal:variant=normal:weight=normal:stretch=normal:size=10.0.
2026-06-26 17:01:09,857 DEBUG matplotlib.font_manager: findfont: score(<Font 'cmsy10' (cmsy10.ttf) normal normal 400 normal>) = 10.05
2026-06-26 17:01:09,857 DEBUG matplotlib.font_manager: findfont: score(<Font 'DejaVu Sans' (DejaVuSans.ttf) normal normal 400 normal>) = 10.05
2026-06-26 17:01:09,857 DEBUG matplotlib.font_manager: findfont: score(<Font 'STIXSizeOneSym' (STIXSizOneSymReg.ttf) normal normal 400 normal>) = 10.05
2026-06-26 17:01:09,857 DEBUG matplotlib.font_manager: findfont: score(<Font 'STIXNonUnicode' (STIXNonUniBolIta.ttf) italic normal 700 normal>) = 11.335
2026-06-26 17:01:09,857 DEBUG matplotlib.font_manager: findfont: score(<Font 'STIXSizeFourSym' (STIXSizFourSymBol.ttf) normal normal 700 normal>) = 10.335
2026-06-26 17:01:09,857 DEBUG matplotlib.font_manager: findfont: score(<Font 'STIXGeneral' (STIXGeneralItalic.ttf) italic normal 400 normal>) = 11.05
2026-06-26 17:01:09,858 DEBUG matplotlib.font_manager: findfont: score(<Font 'STIXSizeFourSym' (STIXSizFourSymReg.ttf) normal normal 400 normal>) = 10.05
2026-06-26 17:01:09,858 DEBUG matplotlib.font_manager: findfont: score(<Font 'cmb10' (cmb10.ttf) normal normal 400 normal>) = 10.05
2026-06-26 17:01:09,858 DEBUG matplotlib.font_manager: findfont: score(<Font 'cmex10' (cmex10.ttf) normal normal 400 normal>) = 10.05
2026-06-26 17:01:09,858 DEBUG matplotlib.font_manager: findfont: score(<Font 'DejaVu Serif' (DejaVuSerif-Italic.ttf) italic normal 400 normal>) = 11.05
2026-06-26 17:01:09,858 DEBUG matplotlib.font_manager: findfont: score(<Font 'STIXNonUnicode' (STIXNonUni.ttf) normal normal 400 normal>) = 10.05
2026-06-26 17:01:09,858 DEBUG matplotlib.font_manager: findfont: score(<Font 'STIXNonUnicode' (STIXNonUniIta.ttf) italic normal 400 normal>) = 11.05
2026-06-26 17:01:09,858 DEBUG matplotlib.font_manager: findfont: score(<Font 'STIXGeneral' (STIXGeneralBolIta.ttf) italic normal 700 normal>) = 11.335
2026-06-26 17:01:09,858 DEBUG matplotlib.font_manager: findfont: score(<Font 'DejaVu Sans Mono' (DejaVuSansMono-BoldOblique.ttf) oblique normal 700 normal>) = 11.335
2026-06-26 17:01:09,858 DEBUG matplotlib.font_manager: findfont: score(<Font 'DejaVu Sans Mono' (DejaVuSansMono-Oblique.ttf) oblique normal 400 normal>) = 11.05
2026-06-26 17:01:09,858 DEBUG matplotlib.font_manager: findfont: score(<Font 'DejaVu Sans Mono' (DejaVuSansMono.ttf) normal normal 400 normal>) = 10.05
2026-06-26 17:01:09,858 DEBUG matplotlib.font_manager: findfont: score(<Font 'STIXNonUnicode' (STIXNonUniBol.ttf) normal normal 700 normal>) = 10.335
2026-06-26 17:01:09,858 DEBUG matplotlib.font_manager: findfont: score(<Font 'DejaVu Sans' (DejaVuSans-Bold.ttf) normal normal 700 normal>) = 10.335
2026-06-26 17:01:09,858 DEBUG matplotlib.font_manager: findfont: score(<Font 'STIXSizeFiveSym' (STIXSizFiveSymReg.ttf) normal normal 400 normal>) = 10.05
2026-06-26 17:01:09,858 DEBUG matplotlib.font_manager: findfont: score(<Font 'STIXSizeTwoSym' (STIXSizTwoSymReg.ttf) normal normal 400 normal>) = 10.05
2026-06-26 17:01:09,858 DEBUG matplotlib.font_manager: findfont: score(<Font 'STIXGeneral' (STIXGeneralBol.ttf) normal normal 700 normal>) = 10.335
2026-06-26 17:01:09,858 DEBUG matplotlib.font_manager: findfont: score(<Font 'STIXSizeOneSym' (STIXSizOneSymBol.ttf) normal normal 700 normal>) = 10.335
2026-06-26 17:01:09,858 DEBUG matplotlib.font_manager: findfont: score(<Font 'DejaVu Sans' (DejaVuSans-BoldOblique.ttf) oblique normal 700 normal>) = 11.335
2026-06-26 17:01:09,858 DEBUG matplotlib.font_manager: findfont: score(<Font 'cmr10' (cmr10.ttf) normal normal 400 normal>) = 0.05
2026-06-26 17:01:09,858 DEBUG matplotlib.font_manager: findfont: score(<Font 'DejaVu Sans' (DejaVuSans-Oblique.ttf) oblique normal 400 normal>) = 11.05
2026-06-26 17:01:09,858 DEBUG matplotlib.font_manager: findfont: score(<Font 'DejaVu Serif' (DejaVuSerif-BoldItalic.ttf) italic normal 700 normal>) = 11.335
2026-06-26 17:01:09,858 DEBUG matplotlib.font_manager: findfont: score(<Font 'DejaVu Serif Display' (DejaVuSerifDisplay.ttf) normal normal 400 normal>) = 10.05
2026-06-26 17:01:09,858 DEBUG matplotlib.font_manager: findfont: score(<Font 'cmmi10' (cmmi10.ttf) normal normal 400 normal>) = 10.05
2026-06-26 17:01:09,858 DEBUG matplotlib.font_manager: findfont: score(<Font 'STIXSizeThreeSym' (STIXSizThreeSymReg.ttf) normal normal 400 normal>) = 10.05
2026-06-26 17:01:09,858 DEBUG matplotlib.font_manager: findfont: score(<Font 'DejaVu Serif' (DejaVuSerif-Bold.ttf) normal normal 700 normal>) = 10.335
2026-06-26 17:01:09,858 DEBUG matplotlib.font_manager: findfont: score(<Font 'STIXSizeThreeSym' (STIXSizThreeSymBol.ttf) normal normal 700 normal>) = 10.335
2026-06-26 17:01:09,858 DEBUG matplotlib.font_manager: findfont: score(<Font 'cmtt10' (cmtt10.ttf) normal normal 400 normal>) = 10.05
2026-06-26 17:01:09,858 DEBUG matplotlib.font_manager: findfont: score(<Font 'STIXGeneral' (STIXGeneral.ttf) normal normal 400 normal>) = 10.05
2026-06-26 17:01:09,858 DEBUG matplotlib.font_manager: findfont: score(<Font 'cmss10' (cmss10.ttf) normal normal 400 normal>) = 10.05
2026-06-26 17:01:09,858 DEBUG matplotlib.font_manager: findfont: score(<Font 'DejaVu Sans Display' (DejaVuSansDisplay.ttf) normal normal 400 normal>) = 10.05
2026-06-26 17:01:09,858 DEBUG matplotlib.font_manager: findfont: score(<Font 'DejaVu Serif' (DejaVuSerif.ttf) normal normal 400 normal>) = 10.05
2026-06-26 17:01:09,858 DEBUG matplotlib.font_manager: findfont: score(<Font 'STIXSizeTwoSym' (STIXSizTwoSymBol.ttf) normal normal 700 normal>) = 10.335
2026-06-26 17:01:09,858 DEBUG matplotlib.font_manager: findfont: score(<Font 'DejaVu Sans Mono' (DejaVuSansMono-Bold.ttf) normal normal 700 normal>) = 10.335
2026-06-26 17:01:09,858 DEBUG matplotlib.font_manager: findfont: score(<Font 'DejaVu Sans' (DejaVuSans-Bold.ttf) normal normal 700 normal>) = 10.335
2026-06-26 17:01:09,858 DEBUG matplotlib.font_manager: findfont: score(<Font 'DejaVu Sans Mono' (DejaVuSansMono.ttf) normal normal 400 normal>) = 10.05
2026-06-26 17:01:09,859 DEBUG matplotlib.font_manager: findfont: score(<Font 'DejaVu Serif' (DejaVuSerif-Bold.ttf) normal normal 700 normal>) = 10.335
2026-06-26 17:01:09,859 DEBUG matplotlib.font_manager: findfont: score(<Font 'DejaVu Sans Mono' (DejaVuSansMono-Bold.ttf) normal normal 700 normal>) = 10.335
2026-06-26 17:01:09,859 DEBUG matplotlib.font_manager: findfont: score(<Font 'DejaVu Serif' (DejaVuSerif.ttf) normal normal 400 normal>) = 10.05
2026-06-26 17:01:09,859 DEBUG matplotlib.font_manager: findfont: score(<Font 'DejaVu Sans' (DejaVuSans.ttf) normal normal 400 normal>) = 10.05
2026-06-26 17:01:09,859 DEBUG matplotlib.font_manager: findfont: Matching cmr10:style=normal:variant=normal:weight=normal:stretch=normal:size=10.0 to cmr10 ('/tmp/_MEIuzV4lk/matplotlib/mpl-data/fonts/ttf/cmr10.ttf') with score of 0.050000.
2026-06-26 17:01:09,859 DEBUG matplotlib.font_manager: findfont: Matching cmtt10:style=normal:variant=normal:weight=normal:stretch=normal:size=10.0.
2026-06-26 17:01:09,859 DEBUG matplotlib.font_manager: findfont: score(<Font 'cmsy10' (cmsy10.ttf) normal normal 400 normal>) = 10.05
2026-06-26 17:01:09,859 DEBUG matplotlib.font_manager: findfont: score(<Font 'DejaVu Sans' (DejaVuSans.ttf) normal normal 400 normal>) = 10.05
2026-06-26 17:01:09,859 DEBUG matplotlib.font_manager: findfont: score(<Font 'STIXSizeOneSym' (STIXSizOneSymReg.ttf) normal normal 400 normal>) = 10.05
2026-06-26 17:01:09,859 DEBUG matplotlib.font_manager: findfont: score(<Font 'STIXNonUnicode' (STIXNonUniBolIta.ttf) italic normal 700 normal>) = 11.335
2026-06-26 17:01:09,859 DEBUG matplotlib.font_manager: findfont: score(<Font 'STIXSizeFourSym' (STIXSizFourSymBol.ttf) normal normal 700 normal>) = 10.335
2026-06-26 17:01:09,859 DEBUG matplotlib.font_manager: findfont: score(<Font 'STIXGeneral' (STIXGeneralItalic.ttf) italic normal 400 normal>) = 11.05
2026-06-26 17:01:09,859 DEBUG matplotlib.font_manager: findfont: score(<Font 'STIXSizeFourSym' (STIXSizFourSymReg.ttf) normal normal 400 normal>) = 10.05
2026-06-26 17:01:09,859 DEBUG matplotlib.font_manager: findfont: score(<Font 'cmb10' (cmb10.ttf) normal normal 400 normal>) = 10.05
2026-06-26 17:01:09,859 DEBUG matplotlib.font_manager: findfont: score(<Font 'cmex10' (cmex10.ttf) normal normal 400 normal>) = 10.05
2026-06-26 17:01:09,859 DEBUG matplotlib.font_manager: findfont: score(<Font 'DejaVu Serif' (DejaVuSerif-Italic.ttf) italic normal 400 normal>) = 11.05
2026-06-26 17:01:09,859 DEBUG matplotlib.font_manager: findfont: score(<Font 'STIXNonUnicode' (STIXNonUni.ttf) normal normal 400 normal>) = 10.05
2026-06-26 17:01:09,859 DEBUG matplotlib.font_manager: findfont: score(<Font 'STIXNonUnicode' (STIXNonUniIta.ttf) italic normal 400 normal>) = 11.05
2026-06-26 17:01:09,859 DEBUG matplotlib.font_manager: findfont: score(<Font 'STIXGeneral' (STIXGeneralBolIta.ttf) italic normal 700 normal>) = 11.335
2026-06-26 17:01:09,859 DEBUG matplotlib.font_manager: findfont: score(<Font 'DejaVu Sans Mono' (DejaVuSansMono-BoldOblique.ttf) oblique normal 700 normal>) = 11.335
2026-06-26 17:01:09,859 DEBUG matplotlib.font_manager: findfont: score(<Font 'DejaVu Sans Mono' (DejaVuSansMono-Oblique.ttf) oblique normal 400 normal>) = 11.05
2026-06-26 17:01:09,859 DEBUG matplotlib.font_manager: findfont: score(<Font 'DejaVu Sans Mono' (DejaVuSansMono.ttf) normal normal 400 normal>) = 10.05
2026-06-26 17:01:09,859 DEBUG matplotlib.font_manager: findfont: score(<Font 'STIXNonUnicode' (STIXNonUniBol.ttf) normal normal 700 normal>) = 10.335
2026-06-26 17:01:09,859 DEBUG matplotlib.font_manager: findfont: score(<Font 'DejaVu Sans' (DejaVuSans-Bold.ttf) normal normal 700 normal>) = 10.335
2026-06-26 17:01:09,859 DEBUG matplotlib.font_manager: findfont: score(<Font 'STIXSizeFiveSym' (STIXSizFiveSymReg.ttf) normal normal 400 normal>) = 10.05
2026-06-26 17:01:09,859 DEBUG matplotlib.font_manager: findfont: score(<Font 'STIXSizeTwoSym' (STIXSizTwoSymReg.ttf) normal normal 400 normal>) = 10.05
2026-06-26 17:01:09,860 DEBUG matplotlib.font_manager: findfont: score(<Font 'STIXGeneral' (STIXGeneralBol.ttf) normal normal 700 normal>) = 10.335
2026-06-26 17:01:09,860 DEBUG matplotlib.font_manager: findfont: score(<Font 'STIXSizeOneSym' (STIXSizOneSymBol.ttf) normal normal 700 normal>) = 10.335
2026-06-26 17:01:09,860 DEBUG matplotlib.font_manager: findfont: score(<Font 'DejaVu Sans' (DejaVuSans-BoldOblique.ttf) oblique normal 700 normal>) = 11.335
2026-06-26 17:01:09,860 DEBUG matplotlib.font_manager: findfont: score(<Font 'cmr10' (cmr10.ttf) normal normal 400 normal>) = 10.05
2026-06-26 17:01:09,860 DEBUG matplotlib.font_manager: findfont: score(<Font 'DejaVu Sans' (DejaVuSans-Oblique.ttf) oblique normal 400 normal>) = 11.05
2026-06-26 17:01:09,860 DEBUG matplotlib.font_manager: findfont: score(<Font 'DejaVu Serif' (DejaVuSerif-BoldItalic.ttf) italic normal 700 normal>) = 11.335
2026-06-26 17:01:09,860 DEBUG matplotlib.font_manager: findfont: score(<Font 'DejaVu Serif Display' (DejaVuSerifDisplay.ttf) normal normal 400 normal>) = 10.05
2026-06-26 17:01:09,860 DEBUG matplotlib.font_manager: findfont: score(<Font 'cmmi10' (cmmi10.ttf) normal normal 400 normal>) = 10.05
2026-06-26 17:01:09,860 DEBUG matplotlib.font_manager: findfont: score(<Font 'STIXSizeThreeSym' (STIXSizThreeSymReg.ttf) normal normal 400 normal>) = 10.05
2026-06-26 17:01:09,860 DEBUG matplotlib.font_manager: findfont: score(<Font 'DejaVu Serif' (DejaVuSerif-Bold.ttf) normal normal 700 normal>) = 10.335
2026-06-26 17:01:09,860 DEBUG matplotlib.font_manager: findfont: score(<Font 'STIXSizeThreeSym' (STIXSizThreeSymBol.ttf) normal normal 700 normal>) = 10.335
2026-06-26 17:01:09,860 DEBUG matplotlib.font_manager: findfont: score(<Font 'cmtt10' (cmtt10.ttf) normal normal 400 normal>) = 0.05
2026-06-26 17:01:09,860 DEBUG matplotlib.font_manager: findfont: score(<Font 'STIXGeneral' (STIXGeneral.ttf) normal normal 400 normal>) = 10.05
2026-06-26 17:01:09,860 DEBUG matplotlib.font_manager: findfont: score(<Font 'cmss10' (cmss10.ttf) normal normal 400 normal>) = 10.05
2026-06-26 17:01:09,860 DEBUG matplotlib.font_manager: findfont: score(<Font 'DejaVu Sans Display' (DejaVuSansDisplay.ttf) normal normal 400 normal>) = 10.05
2026-06-26 17:01:09,860 DEBUG matplotlib.font_manager: findfont: score(<Font 'DejaVu Serif' (DejaVuSerif.ttf) normal normal 400 normal>) = 10.05
2026-06-26 17:01:09,860 DEBUG matplotlib.font_manager: findfont: score(<Font 'STIXSizeTwoSym' (STIXSizTwoSymBol.ttf) normal normal 700 normal>) = 10.335
2026-06-26 17:01:09,860 DEBUG matplotlib.font_manager: findfont: score(<Font 'DejaVu Sans Mono' (DejaVuSansMono-Bold.ttf) normal normal 700 normal>) = 10.335
2026-06-26 17:01:09,860 DEBUG matplotlib.font_manager: findfont: score(<Font 'DejaVu Sans' (DejaVuSans-Bold.ttf) normal normal 700 normal>) = 10.335
2026-06-26 17:01:09,860 DEBUG matplotlib.font_manager: findfont: score(<Font 'DejaVu Sans Mono' (DejaVuSansMono.ttf) normal normal 400 normal>) = 10.05
2026-06-26 17:01:09,860 DEBUG matplotlib.font_manager: findfont: score(<Font 'DejaVu Serif' (DejaVuSerif-Bold.ttf) normal normal 700 normal>) = 10.335
2026-06-26 17:01:09,860 DEBUG matplotlib.font_manager: findfont: score(<Font 'DejaVu Sans Mono' (DejaVuSansMono-Bold.ttf) normal normal 700 normal>) = 10.335
2026-06-26 17:01:09,860 DEBUG matplotlib.font_manager: findfont: score(<Font 'DejaVu Serif' (DejaVuSerif.ttf) normal normal 400 normal>) = 10.05
2026-06-26 17:01:09,860 DEBUG matplotlib.font_manager: findfont: score(<Font 'DejaVu Sans' (DejaVuSans.ttf) normal normal 400 normal>) = 10.05
2026-06-26 17:01:09,860 DEBUG matplotlib.font_manager: findfont: Matching cmtt10:style=normal:variant=normal:weight=normal:stretch=normal:size=10.0 to cmtt10 ('/tmp/_MEIuzV4lk/matplotlib/mpl-data/fonts/ttf/cmtt10.ttf') with score of 0.050000.
2026-06-26 17:01:09,860 DEBUG matplotlib.font_manager: findfont: Matching cmmi10:style=normal:variant=normal:weight=normal:stretch=normal:size=10.0.
2026-06-26 17:01:09,861 DEBUG matplotlib.font_manager: findfont: score(<Font 'cmsy10' (cmsy10.ttf) normal normal 400 normal>) = 10.05
2026-06-26 17:01:09,861 DEBUG matplotlib.font_manager: findfont: score(<Font 'DejaVu Sans' (DejaVuSans.ttf) normal normal 400 normal>) = 10.05
2026-06-26 17:01:09,861 DEBUG matplotlib.font_manager: findfont: score(<Font 'STIXSizeOneSym' (STIXSizOneSymReg.ttf) normal normal 400 normal>) = 10.05
2026-06-26 17:01:09,861 DEBUG matplotlib.font_manager: findfont: score(<Font 'STIXNonUnicode' (STIXNonUniBolIta.ttf) italic normal 700 normal>) = 11.335
2026-06-26 17:01:09,861 DEBUG matplotlib.font_manager: findfont: score(<Font 'STIXSizeFourSym' (STIXSizFourSymBol.ttf) normal normal 700 normal>) = 10.335
2026-06-26 17:01:09,861 DEBUG matplotlib.font_manager: findfont: score(<Font 'STIXGeneral' (STIXGeneralItalic.ttf) italic normal 400 normal>) = 11.05
2026-06-26 17:01:09,861 DEBUG matplotlib.font_manager: findfont: score(<Font 'STIXSizeFourSym' (STIXSizFourSymReg.ttf) normal normal 400 normal>) = 10.05
2026-06-26 17:01:09,861 DEBUG matplotlib.font_manager: findfont: score(<Font 'cmb10' (cmb10.ttf) normal normal 400 normal>) = 10.05
2026-06-26 17:01:09,861 DEBUG matplotlib.font_manager: findfont: score(<Font 'cmex10' (cmex10.ttf) normal normal 400 normal>) = 10.05
2026-06-26 17:01:09,861 DEBUG matplotlib.font_manager: findfont: score(<Font 'DejaVu Serif' (DejaVuSerif-Italic.ttf) italic normal 400 normal>) = 11.05
2026-06-26 17:01:09,861 DEBUG matplotlib.font_manager: findfont: score(<Font 'STIXNonUnicode' (STIXNonUni.ttf) normal normal 400 normal>) = 10.05
2026-06-26 17:01:09,861 DEBUG matplotlib.font_manager: findfont: score(<Font 'STIXNonUnicode' (STIXNonUniIta.ttf) italic normal 400 normal>) = 11.05
2026-06-26 17:01:09,861 DEBUG matplotlib.font_manager: findfont: score(<Font 'STIXGeneral' (STIXGeneralBolIta.ttf) italic normal 700 normal>) = 11.335
2026-06-26 17:01:09,861 DEBUG matplotlib.font_manager: findfont: score(<Font 'DejaVu Sans Mono' (DejaVuSansMono-BoldOblique.ttf) oblique normal 700 normal>) = 11.335
2026-06-26 17:01:09,861 DEBUG matplotlib.font_manager: findfont: score(<Font 'DejaVu Sans Mono' (DejaVuSansMono-Oblique.ttf) oblique normal 400 normal>) = 11.05
2026-06-26 17:01:09,861 DEBUG matplotlib.font_manager: findfont: score(<Font 'DejaVu Sans Mono' (DejaVuSansMono.ttf) normal normal 400 normal>) = 10.05
2026-06-26 17:01:09,861 DEBUG matplotlib.font_manager: findfont: score(<Font 'STIXNonUnicode' (STIXNonUniBol.ttf) normal normal 700 normal>) = 10.335
2026-06-26 17:01:09,861 DEBUG matplotlib.font_manager: findfont: score(<Font 'DejaVu Sans' (DejaVuSans-Bold.ttf) normal normal 700 normal>) = 10.335
2026-06-26 17:01:09,861 DEBUG matplotlib.font_manager: findfont: score(<Font 'STIXSizeFiveSym' (STIXSizFiveSymReg.ttf) normal normal 400 normal>) = 10.05
2026-06-26 17:01:09,861 DEBUG matplotlib.font_manager: findfont: score(<Font 'STIXSizeTwoSym' (STIXSizTwoSymReg.ttf) normal normal 400 normal>) = 10.05
2026-06-26 17:01:09,861 DEBUG matplotlib.font_manager: findfont: score(<Font 'STIXGeneral' (STIXGeneralBol.ttf) normal normal 700 normal>) = 10.335
2026-06-26 17:01:09,861 DEBUG matplotlib.font_manager: findfont: score(<Font 'STIXSizeOneSym' (STIXSizOneSymBol.ttf) normal normal 700 normal>) = 10.335
2026-06-26 17:01:09,861 DEBUG matplotlib.font_manager: findfont: score(<Font 'DejaVu Sans' (DejaVuSans-BoldOblique.ttf) oblique normal 700 normal>) = 11.335
2026-06-26 17:01:09,861 DEBUG matplotlib.font_manager: findfont: score(<Font 'cmr10' (cmr10.ttf) normal normal 400 normal>) = 10.05
2026-06-26 17:01:09,861 DEBUG matplotlib.font_manager: findfont: score(<Font 'DejaVu Sans' (DejaVuSans-Oblique.ttf) oblique normal 400 normal>) = 11.05
2026-06-26 17:01:09,861 DEBUG matplotlib.font_manager: findfont: score(<Font 'DejaVu Serif' (DejaVuSerif-BoldItalic.ttf) italic normal 700 normal>) = 11.335
2026-06-26 17:01:09,861 DEBUG matplotlib.font_manager: findfont: score(<Font 'DejaVu Serif Display' (DejaVuSerifDisplay.ttf) normal normal 400 normal>) = 10.05
2026-06-26 17:01:09,861 DEBUG matplotlib.font_manager: findfont: score(<Font 'cmmi10' (cmmi10.ttf) normal normal 400 normal>) = 0.05
2026-06-26 17:01:09,861 DEBUG matplotlib.font_manager: findfont: score(<Font 'STIXSizeThreeSym' (STIXSizThreeSymReg.ttf) normal normal 400 normal>) = 10.05
2026-06-26 17:01:09,861 DEBUG matplotlib.font_manager: findfont: score(<Font 'DejaVu Serif' (DejaVuSerif-Bold.ttf) normal normal 700 normal>) = 10.335
2026-06-26 17:01:09,861 DEBUG matplotlib.font_manager: findfont: score(<Font 'STIXSizeThreeSym' (STIXSizThreeSymBol.ttf) normal normal 700 normal>) = 10.335
2026-06-26 17:01:09,861 DEBUG matplotlib.font_manager: findfont: score(<Font 'cmtt10' (cmtt10.ttf) normal normal 400 normal>) = 10.05
2026-06-26 17:01:09,861 DEBUG matplotlib.font_manager: findfont: score(<Font 'STIXGeneral' (STIXGeneral.ttf) normal normal 400 normal>) = 10.05
2026-06-26 17:01:09,862 DEBUG matplotlib.font_manager: findfont: score(<Font 'cmss10' (cmss10.ttf) normal normal 400 normal>) = 10.05
2026-06-26 17:01:09,862 DEBUG matplotlib.font_manager: findfont: score(<Font 'DejaVu Sans Display' (DejaVuSansDisplay.ttf) normal normal 400 normal>) = 10.05
2026-06-26 17:01:09,862 DEBUG matplotlib.font_manager: findfont: score(<Font 'DejaVu Serif' (DejaVuSerif.ttf) normal normal 400 normal>) = 10.05
2026-06-26 17:01:09,862 DEBUG matplotlib.font_manager: findfont: score(<Font 'STIXSizeTwoSym' (STIXSizTwoSymBol.ttf) normal normal 700 normal>) = 10.335
2026-06-26 17:01:09,862 DEBUG matplotlib.font_manager: findfont: score(<Font 'DejaVu Sans Mono' (DejaVuSansMono-Bold.ttf) normal normal 700 normal>) = 10.335
2026-06-26 17:01:09,862 DEBUG matplotlib.font_manager: findfont: score(<Font 'DejaVu Sans' (DejaVuSans-Bold.ttf) normal normal 700 normal>) = 10.335
2026-06-26 17:01:09,862 DEBUG matplotlib.font_manager: findfont: score(<Font 'DejaVu Sans Mono' (DejaVuSansMono.ttf) normal normal 400 normal>) = 10.05
2026-06-26 17:01:09,862 DEBUG matplotlib.font_manager: findfont: score(<Font 'DejaVu Serif' (DejaVuSerif-Bold.ttf) normal normal 700 normal>) = 10.335
2026-06-26 17:01:09,862 DEBUG matplotlib.font_manager: findfont: score(<Font 'DejaVu Sans Mono' (DejaVuSansMono-Bold.ttf) normal normal 700 normal>) = 10.335
2026-06-26 17:01:09,862 DEBUG matplotlib.font_manager: findfont: score(<Font 'DejaVu Serif' (DejaVuSerif.ttf) normal normal 400 normal>) = 10.05
2026-06-26 17:01:09,862 DEBUG matplotlib.font_manager: findfont: score(<Font 'DejaVu Sans' (DejaVuSans.ttf) normal normal 400 normal>) = 10.05
2026-06-26 17:01:09,862 DEBUG matplotlib.font_manager: findfont: Matching cmmi10:style=normal:variant=normal:weight=normal:stretch=normal:size=10.0 to cmmi10 ('/tmp/_MEIuzV4lk/matplotlib/mpl-data/fonts/ttf/cmmi10.ttf') with score of 0.050000.
2026-06-26 17:01:09,862 DEBUG matplotlib.font_manager: findfont: Matching cmb10:style=normal:variant=normal:weight=normal:stretch=normal:size=10.0.
2026-06-26 17:01:09,862 DEBUG matplotlib.font_manager: findfont: score(<Font 'cmsy10' (cmsy10.ttf) normal normal 400 normal>) = 10.05
2026-06-26 17:01:09,862 DEBUG matplotlib.font_manager: findfont: score(<Font 'DejaVu Sans' (DejaVuSans.ttf) normal normal 400 normal>) = 10.05
2026-06-26 17:01:09,862 DEBUG matplotlib.font_manager: findfont: score(<Font 'STIXSizeOneSym' (STIXSizOneSymReg.ttf) normal normal 400 normal>) = 10.05
2026-06-26 17:01:09,862 DEBUG matplotlib.font_manager: findfont: score(<Font 'STIXNonUnicode' (STIXNonUniBolIta.ttf) italic normal 700 normal>) = 11.335
2026-06-26 17:01:09,862 DEBUG matplotlib.font_manager: findfont: score(<Font 'STIXSizeFourSym' (STIXSizFourSymBol.ttf) normal normal 700 normal>) = 10.335
2026-06-26 17:01:09,862 DEBUG matplotlib.font_manager: findfont: score(<Font 'STIXGeneral' (STIXGeneralItalic.ttf) italic normal 400 normal>) = 11.05
2026-06-26 17:01:09,862 DEBUG matplotlib.font_manager: findfont: score(<Font 'STIXSizeFourSym' (STIXSizFourSymReg.ttf) normal normal 400 normal>) = 10.05
2026-06-26 17:01:09,862 DEBUG matplotlib.font_manager: findfont: score(<Font 'cmb10' (cmb10.ttf) normal normal 400 normal>) = 0.05
2026-06-26 17:01:09,862 DEBUG matplotlib.font_manager: findfont: score(<Font 'cmex10' (cmex10.ttf) normal normal 400 normal>) = 10.05
2026-06-26 17:01:09,862 DEBUG matplotlib.font_manager: findfont: score(<Font 'DejaVu Serif' (DejaVuSerif-Italic.ttf) italic normal 400 normal>) = 11.05
2026-06-26 17:01:09,862 DEBUG matplotlib.font_manager: findfont: score(<Font 'STIXNonUnicode' (STIXNonUni.ttf) normal normal 400 normal>) = 10.05
2026-06-26 17:01:09,862 DEBUG matplotlib.font_manager: findfont: score(<Font 'STIXNonUnicode' (STIXNonUniIta.ttf) italic normal 400 normal>) = 11.05
2026-06-26 17:01:09,862 DEBUG matplotlib.font_manager: findfont: score(<Font 'STIXGeneral' (STIXGeneralBolIta.ttf) italic normal 700 normal>) = 11.335
2026-06-26 17:01:09,863 DEBUG matplotlib.font_manager: findfont: score(<Font 'DejaVu Sans Mono' (DejaVuSansMono-BoldOblique.ttf) oblique normal 700 normal>) = 11.335
2026-06-26 17:01:09,863 DEBUG matplotlib.font_manager: findfont: score(<Font 'DejaVu Sans Mono' (DejaVuSansMono-Oblique.ttf) oblique normal 400 normal>) = 11.05
2026-06-26 17:01:09,863 DEBUG matplotlib.font_manager: findfont: score(<Font 'DejaVu Sans Mono' (DejaVuSansMono.ttf) normal normal 400 normal>) = 10.05
2026-06-26 17:01:09,863 DEBUG matplotlib.font_manager: findfont: score(<Font 'STIXNonUnicode' (STIXNonUniBol.ttf) normal normal 700 normal>) = 10.335
2026-06-26 17:01:09,863 DEBUG matplotlib.font_manager: findfont: score(<Font 'DejaVu Sans' (DejaVuSans-Bold.ttf) normal normal 700 normal>) = 10.335
2026-06-26 17:01:09,863 DEBUG matplotlib.font_manager: findfont: score(<Font 'STIXSizeFiveSym' (STIXSizFiveSymReg.ttf) normal normal 400 normal>) = 10.05
2026-06-26 17:01:09,863 DEBUG matplotlib.font_manager: findfont: score(<Font 'STIXSizeTwoSym' (STIXSizTwoSymReg.ttf) normal normal 400 normal>) = 10.05
2026-06-26 17:01:09,863 DEBUG matplotlib.font_manager: findfont: score(<Font 'STIXGeneral' (STIXGeneralBol.ttf) normal normal 700 normal>) = 10.335
2026-06-26 17:01:09,863 DEBUG matplotlib.font_manager: findfont: score(<Font 'STIXSizeOneSym' (STIXSizOneSymBol.ttf) normal normal 700 normal>) = 10.335
2026-06-26 17:01:09,863 DEBUG matplotlib.font_manager: findfont: score(<Font 'DejaVu Sans' (DejaVuSans-BoldOblique.ttf) oblique normal 700 normal>) = 11.335
2026-06-26 17:01:09,863 DEBUG matplotlib.font_manager: findfont: score(<Font 'cmr10' (cmr10.ttf) normal normal 400 normal>) = 10.05
2026-06-26 17:01:09,863 DEBUG matplotlib.font_manager: findfont: score(<Font 'DejaVu Sans' (DejaVuSans-Oblique.ttf) oblique normal 400 normal>) = 11.05
2026-06-26 17:01:09,863 DEBUG matplotlib.font_manager: findfont: score(<Font 'DejaVu Serif' (DejaVuSerif-BoldItalic.ttf) italic normal 700 normal>) = 11.335
2026-06-26 17:01:09,863 DEBUG matplotlib.font_manager: findfont: score(<Font 'DejaVu Serif Display' (DejaVuSerifDisplay.ttf) normal normal 400 normal>) = 10.05
2026-06-26 17:01:09,863 DEBUG matplotlib.font_manager: findfont: score(<Font 'cmmi10' (cmmi10.ttf) normal normal 400 normal>) = 10.05
2026-06-26 17:01:09,863 DEBUG matplotlib.font_manager: findfont: score(<Font 'STIXSizeThreeSym' (STIXSizThreeSymReg.ttf) normal normal 400 normal>) = 10.05
2026-06-26 17:01:09,863 DEBUG matplotlib.font_manager: findfont: score(<Font 'DejaVu Serif' (DejaVuSerif-Bold.ttf) normal normal 700 normal>) = 10.335
2026-06-26 17:01:09,863 DEBUG matplotlib.font_manager: findfont: score(<Font 'STIXSizeThreeSym' (STIXSizThreeSymBol.ttf) normal normal 700 normal>) = 10.335
2026-06-26 17:01:09,863 DEBUG matplotlib.font_manager: findfont: score(<Font 'cmtt10' (cmtt10.ttf) normal normal 400 normal>) = 10.05
2026-06-26 17:01:09,863 DEBUG matplotlib.font_manager: findfont: score(<Font 'STIXGeneral' (STIXGeneral.ttf) normal normal 400 normal>) = 10.05
2026-06-26 17:01:09,863 DEBUG matplotlib.font_manager: findfont: score(<Font 'cmss10' (cmss10.ttf) normal normal 400 normal>) = 10.05
2026-06-26 17:01:09,863 DEBUG matplotlib.font_manager: findfont: score(<Font 'DejaVu Sans Display' (DejaVuSansDisplay.ttf) normal normal 400 normal>) = 10.05
2026-06-26 17:01:09,863 DEBUG matplotlib.font_manager: findfont: score(<Font 'DejaVu Serif' (DejaVuSerif.ttf) normal normal 400 normal>) = 10.05
2026-06-26 17:01:09,863 DEBUG matplotlib.font_manager: findfont: score(<Font 'STIXSizeTwoSym' (STIXSizTwoSymBol.ttf) normal normal 700 normal>) = 10.335
2026-06-26 17:01:09,863 DEBUG matplotlib.font_manager: findfont: score(<Font 'DejaVu Sans Mono' (DejaVuSansMono-Bold.ttf) normal normal 700 normal>) = 10.335
2026-06-26 17:01:09,863 DEBUG matplotlib.font_manager: findfont: score(<Font 'DejaVu Sans' (DejaVuSans-Bold.ttf) normal normal 700 normal>) = 10.335
2026-06-26 17:01:09,863 DEBUG matplotlib.font_manager: findfont: score(<Font 'DejaVu Sans Mono' (DejaVuSansMono.ttf) normal normal 400 normal>) = 10.05
2026-06-26 17:01:09,863 DEBUG matplotlib.font_manager: findfont: score(<Font 'DejaVu Serif' (DejaVuSerif-Bold.ttf) normal normal 700 normal>) = 10.335
2026-06-26 17:01:09,863 DEBUG matplotlib.font_manager: findfont: score(<Font 'DejaVu Sans Mono' (DejaVuSansMono-Bold.ttf) normal normal 700 normal>) = 10.335
2026-06-26 17:01:09,863 DEBUG matplotlib.font_manager: findfont: score(<Font 'DejaVu Serif' (DejaVuSerif.ttf) normal normal 400 normal>) = 10.05
2026-06-26 17:01:09,863 DEBUG matplotlib.font_manager: findfont: score(<Font 'DejaVu Sans' (DejaVuSans.ttf) normal normal 400 normal>) = 10.05
2026-06-26 17:01:09,863 DEBUG matplotlib.font_manager: findfont: Matching cmb10:style=normal:variant=normal:weight=normal:stretch=normal:size=10.0 to cmb10 ('/tmp/_MEIuzV4lk/matplotlib/mpl-data/fonts/ttf/cmb10.ttf') with score of 0.050000.
2026-06-26 17:01:09,864 DEBUG matplotlib.font_manager: findfont: Matching cmss10:style=normal:variant=normal:weight=normal:stretch=normal:size=10.0.
2026-06-26 17:01:09,864 DEBUG matplotlib.font_manager: findfont: score(<Font 'cmsy10' (cmsy10.ttf) normal normal 400 normal>) = 10.05
2026-06-26 17:01:09,864 DEBUG matplotlib.font_manager: findfont: score(<Font 'DejaVu Sans' (DejaVuSans.ttf) normal normal 400 normal>) = 10.05
2026-06-26 17:01:09,864 DEBUG matplotlib.font_manager: findfont: score(<Font 'STIXSizeOneSym' (STIXSizOneSymReg.ttf) normal normal 400 normal>) = 10.05
2026-06-26 17:01:09,864 DEBUG matplotlib.font_manager: findfont: score(<Font 'STIXNonUnicode' (STIXNonUniBolIta.ttf) italic normal 700 normal>) = 11.335
2026-06-26 17:01:09,864 DEBUG matplotlib.font_manager: findfont: score(<Font 'STIXSizeFourSym' (STIXSizFourSymBol.ttf) normal normal 700 normal>) = 10.335
2026-06-26 17:01:09,864 DEBUG matplotlib.font_manager: findfont: score(<Font 'STIXGeneral' (STIXGeneralItalic.ttf) italic normal 400 normal>) = 11.05
2026-06-26 17:01:09,864 DEBUG matplotlib.font_manager: findfont: score(<Font 'STIXSizeFourSym' (STIXSizFourSymReg.ttf) normal normal 400 normal>) = 10.05
2026-06-26 17:01:09,864 DEBUG matplotlib.font_manager: findfont: score(<Font 'cmb10' (cmb10.ttf) normal normal 400 normal>) = 10.05
2026-06-26 17:01:09,864 DEBUG matplotlib.font_manager: findfont: score(<Font 'cmex10' (cmex10.ttf) normal normal 400 normal>) = 10.05
2026-06-26 17:01:09,864 DEBUG matplotlib.font_manager: findfont: score(<Font 'DejaVu Serif' (DejaVuSerif-Italic.ttf) italic normal 400 normal>) = 11.05
2026-06-26 17:01:09,864 DEBUG matplotlib.font_manager: findfont: score(<Font 'STIXNonUnicode' (STIXNonUni.ttf) normal normal 400 normal>) = 10.05
2026-06-26 17:01:09,864 DEBUG matplotlib.font_manager: findfont: score(<Font 'STIXNonUnicode' (STIXNonUniIta.ttf) italic normal 400 normal>) = 11.05
2026-06-26 17:01:09,864 DEBUG matplotlib.font_manager: findfont: score(<Font 'STIXGeneral' (STIXGeneralBolIta.ttf) italic normal 700 normal>) = 11.335
2026-06-26 17:01:09,864 DEBUG matplotlib.font_manager: findfont: score(<Font 'DejaVu Sans Mono' (DejaVuSansMono-BoldOblique.ttf) oblique normal 700 normal>) = 11.335
2026-06-26 17:01:09,864 DEBUG matplotlib.font_manager: findfont: score(<Font 'DejaVu Sans Mono' (DejaVuSansMono-Oblique.ttf) oblique normal 400 normal>) = 11.05
2026-06-26 17:01:09,864 DEBUG matplotlib.font_manager: findfont: score(<Font 'DejaVu Sans Mono' (DejaVuSansMono.ttf) normal normal 400 normal>) = 10.05
2026-06-26 17:01:09,864 DEBUG matplotlib.font_manager: findfont: score(<Font 'STIXNonUnicode' (STIXNonUniBol.ttf) normal normal 700 normal>) = 10.335
2026-06-26 17:01:09,864 DEBUG matplotlib.font_manager: findfont: score(<Font 'DejaVu Sans' (DejaVuSans-Bold.ttf) normal normal 700 normal>) = 10.335
2026-06-26 17:01:09,864 DEBUG matplotlib.font_manager: findfont: score(<Font 'STIXSizeFiveSym' (STIXSizFiveSymReg.ttf) normal normal 400 normal>) = 10.05
2026-06-26 17:01:09,864 DEBUG matplotlib.font_manager: findfont: score(<Font 'STIXSizeTwoSym' (STIXSizTwoSymReg.ttf) normal normal 400 normal>) = 10.05
2026-06-26 17:01:09,864 DEBUG matplotlib.font_manager: findfont: score(<Font 'STIXGeneral' (STIXGeneralBol.ttf) normal normal 700 normal>) = 10.335
2026-06-26 17:01:09,864 DEBUG matplotlib.font_manager: findfont: score(<Font 'STIXSizeOneSym' (STIXSizOneSymBol.ttf) normal normal 700 normal>) = 10.335
2026-06-26 17:01:09,864 DEBUG matplotlib.font_manager: findfont: score(<Font 'DejaVu Sans' (DejaVuSans-BoldOblique.ttf) oblique normal 700 normal>) = 11.335
2026-06-26 17:01:09,864 DEBUG matplotlib.font_manager: findfont: score(<Font 'cmr10' (cmr10.ttf) normal normal 400 normal>) = 10.05
2026-06-26 17:01:09,864 DEBUG matplotlib.font_manager: findfont: score(<Font 'DejaVu Sans' (DejaVuSans-Oblique.ttf) oblique normal 400 normal>) = 11.05
2026-06-26 17:01:09,864 DEBUG matplotlib.font_manager: findfont: score(<Font 'DejaVu Serif' (DejaVuSerif-BoldItalic.ttf) italic normal 700 normal>) = 11.335
2026-06-26 17:01:09,864 DEBUG matplotlib.font_manager: findfont: score(<Font 'DejaVu Serif Display' (DejaVuSerifDisplay.ttf) normal normal 400 normal>) = 10.05
2026-06-26 17:01:09,865 DEBUG matplotlib.font_manager: findfont: score(<Font 'cmmi10' (cmmi10.ttf) normal normal 400 normal>) = 10.05
2026-06-26 17:01:09,865 DEBUG matplotlib.font_manager: findfont: score(<Font 'STIXSizeThreeSym' (STIXSizThreeSymReg.ttf) normal normal 400 normal>) = 10.05
2026-06-26 17:01:09,865 DEBUG matplotlib.font_manager: findfont: score(<Font 'DejaVu Serif' (DejaVuSerif-Bold.ttf) normal normal 700 normal>) = 10.335
2026-06-26 17:01:09,865 DEBUG matplotlib.font_manager: findfont: score(<Font 'STIXSizeThreeSym' (STIXSizThreeSymBol.ttf) normal normal 700 normal>) = 10.335
2026-06-26 17:01:09,865 DEBUG matplotlib.font_manager: findfont: score(<Font 'cmtt10' (cmtt10.ttf) normal normal 400 normal>) = 10.05
2026-06-26 17:01:09,865 DEBUG matplotlib.font_manager: findfont: score(<Font 'STIXGeneral' (STIXGeneral.ttf) normal normal 400 normal>) = 10.05
2026-06-26 17:01:09,865 DEBUG matplotlib.font_manager: findfont: score(<Font 'cmss10' (cmss10.ttf) normal normal 400 normal>) = 0.05
2026-06-26 17:01:09,865 DEBUG matplotlib.font_manager: findfont: score(<Font 'DejaVu Sans Display' (DejaVuSansDisplay.ttf) normal normal 400 normal>) = 10.05
2026-06-26 17:01:09,865 DEBUG matplotlib.font_manager: findfont: score(<Font 'DejaVu Serif' (DejaVuSerif.ttf) normal normal 400 normal>) = 10.05
2026-06-26 17:01:09,865 DEBUG matplotlib.font_manager: findfont: score(<Font 'STIXSizeTwoSym' (STIXSizTwoSymBol.ttf) normal normal 700 normal>) = 10.335
2026-06-26 17:01:09,865 DEBUG matplotlib.font_manager: findfont: score(<Font 'DejaVu Sans Mono' (DejaVuSansMono-Bold.ttf) normal normal 700 normal>) = 10.335
2026-06-26 17:01:09,865 DEBUG matplotlib.font_manager: findfont: score(<Font 'DejaVu Sans' (DejaVuSans-Bold.ttf) normal normal 700 normal>) = 10.335
2026-06-26 17:01:09,865 DEBUG matplotlib.font_manager: findfont: score(<Font 'DejaVu Sans Mono' (DejaVuSansMono.ttf) normal normal 400 normal>) = 10.05
2026-06-26 17:01:09,865 DEBUG matplotlib.font_manager: findfont: score(<Font 'DejaVu Serif' (DejaVuSerif-Bold.ttf) normal normal 700 normal>) = 10.335
2026-06-26 17:01:09,865 DEBUG matplotlib.font_manager: findfont: score(<Font 'DejaVu Sans Mono' (DejaVuSansMono-Bold.ttf) normal normal 700 normal>) = 10.335
2026-06-26 17:01:09,865 DEBUG matplotlib.font_manager: findfont: score(<Font 'DejaVu Serif' (DejaVuSerif.ttf) normal normal 400 normal>) = 10.05
2026-06-26 17:01:09,865 DEBUG matplotlib.font_manager: findfont: score(<Font 'DejaVu Sans' (DejaVuSans.ttf) normal normal 400 normal>) = 10.05
2026-06-26 17:01:09,865 DEBUG matplotlib.font_manager: findfont: Matching cmss10:style=normal:variant=normal:weight=normal:stretch=normal:size=10.0 to cmss10 ('/tmp/_MEIuzV4lk/matplotlib/mpl-data/fonts/ttf/cmss10.ttf') with score of 0.050000.
2026-06-26 17:01:09,865 DEBUG matplotlib.font_manager: findfont: Matching cmex10:style=normal:variant=normal:weight=normal:stretch=normal:size=10.0.
2026-06-26 17:01:09,865 DEBUG matplotlib.font_manager: findfont: score(<Font 'cmsy10' (cmsy10.ttf) normal normal 400 normal>) = 10.05
2026-06-26 17:01:09,865 DEBUG matplotlib.font_manager: findfont: score(<Font 'DejaVu Sans' (DejaVuSans.ttf) normal normal 400 normal>) = 10.05
2026-06-26 17:01:09,865 DEBUG matplotlib.font_manager: findfont: score(<Font 'STIXSizeOneSym' (STIXSizOneSymReg.ttf) normal normal 400 normal>) = 10.05
2026-06-26 17:01:09,865 DEBUG matplotlib.font_manager: findfont: score(<Font 'STIXNonUnicode' (STIXNonUniBolIta.ttf) italic normal 700 normal>) = 11.335
2026-06-26 17:01:09,865 DEBUG matplotlib.font_manager: findfont: score(<Font 'STIXSizeFourSym' (STIXSizFourSymBol.ttf) normal normal 700 normal>) = 10.335
2026-06-26 17:01:09,865 DEBUG matplotlib.font_manager: findfont: score(<Font 'STIXGeneral' (STIXGeneralItalic.ttf) italic normal 400 normal>) = 11.05
2026-06-26 17:01:09,865 DEBUG matplotlib.font_manager: findfont: score(<Font 'STIXSizeFourSym' (STIXSizFourSymReg.ttf) normal normal 400 normal>) = 10.05
2026-06-26 17:01:09,866 DEBUG matplotlib.font_manager: findfont: score(<Font 'cmb10' (cmb10.ttf) normal normal 400 normal>) = 10.05
2026-06-26 17:01:09,866 DEBUG matplotlib.font_manager: findfont: score(<Font 'cmex10' (cmex10.ttf) normal normal 400 normal>) = 0.05
2026-06-26 17:01:09,866 DEBUG matplotlib.font_manager: findfont: score(<Font 'DejaVu Serif' (DejaVuSerif-Italic.ttf) italic normal 400 normal>) = 11.05
2026-06-26 17:01:09,866 DEBUG matplotlib.font_manager: findfont: score(<Font 'STIXNonUnicode' (STIXNonUni.ttf) normal normal 400 normal>) = 10.05
2026-06-26 17:01:09,866 DEBUG matplotlib.font_manager: findfont: score(<Font 'STIXNonUnicode' (STIXNonUniIta.ttf) italic normal 400 normal>) = 11.05
2026-06-26 17:01:09,866 DEBUG matplotlib.font_manager: findfont: score(<Font 'STIXGeneral' (STIXGeneralBolIta.ttf) italic normal 700 normal>) = 11.335
2026-06-26 17:01:09,866 DEBUG matplotlib.font_manager: findfont: score(<Font 'DejaVu Sans Mono' (DejaVuSansMono-BoldOblique.ttf) oblique normal 700 normal>) = 11.335
2026-06-26 17:01:09,866 DEBUG matplotlib.font_manager: findfont: score(<Font 'DejaVu Sans Mono' (DejaVuSansMono-Oblique.ttf) oblique normal 400 normal>) = 11.05
2026-06-26 17:01:09,866 DEBUG matplotlib.font_manager: findfont: score(<Font 'DejaVu Sans Mono' (DejaVuSansMono.ttf) normal normal 400 normal>) = 10.05
2026-06-26 17:01:09,866 DEBUG matplotlib.font_manager: findfont: score(<Font 'STIXNonUnicode' (STIXNonUniBol.ttf) normal normal 700 normal>) = 10.335
2026-06-26 17:01:09,866 DEBUG matplotlib.font_manager: findfont: score(<Font 'DejaVu Sans' (DejaVuSans-Bold.ttf) normal normal 700 normal>) = 10.335
2026-06-26 17:01:09,866 DEBUG matplotlib.font_manager: findfont: score(<Font 'STIXSizeFiveSym' (STIXSizFiveSymReg.ttf) normal normal 400 normal>) = 10.05
2026-06-26 17:01:09,866 DEBUG matplotlib.font_manager: findfont: score(<Font 'STIXSizeTwoSym' (STIXSizTwoSymReg.ttf) normal normal 400 normal>) = 10.05
2026-06-26 17:01:09,866 DEBUG matplotlib.font_manager: findfont: score(<Font 'STIXGeneral' (STIXGeneralBol.ttf) normal normal 700 normal>) = 10.335
2026-06-26 17:01:09,866 DEBUG matplotlib.font_manager: findfont: score(<Font 'STIXSizeOneSym' (STIXSizOneSymBol.ttf) normal normal 700 normal>) = 10.335
2026-06-26 17:01:09,866 DEBUG matplotlib.font_manager: findfont: score(<Font 'DejaVu Sans' (DejaVuSans-BoldOblique.ttf) oblique normal 700 normal>) = 11.335
2026-06-26 17:01:09,866 DEBUG matplotlib.font_manager: findfont: score(<Font 'cmr10' (cmr10.ttf) normal normal 400 normal>) = 10.05
2026-06-26 17:01:09,866 DEBUG matplotlib.font_manager: findfont: score(<Font 'DejaVu Sans' (DejaVuSans-Oblique.ttf) oblique normal 400 normal>) = 11.05
2026-06-26 17:01:09,866 DEBUG matplotlib.font_manager: findfont: score(<Font 'DejaVu Serif' (DejaVuSerif-BoldItalic.ttf) italic normal 700 normal>) = 11.335
2026-06-26 17:01:09,866 DEBUG matplotlib.font_manager: findfont: score(<Font 'DejaVu Serif Display' (DejaVuSerifDisplay.ttf) normal normal 400 normal>) = 10.05
2026-06-26 17:01:09,866 DEBUG matplotlib.font_manager: findfont: score(<Font 'cmmi10' (cmmi10.ttf) normal normal 400 normal>) = 10.05
2026-06-26 17:01:09,866 DEBUG matplotlib.font_manager: findfont: score(<Font 'STIXSizeThreeSym' (STIXSizThreeSymReg.ttf) normal normal 400 normal>) = 10.05
2026-06-26 17:01:09,866 DEBUG matplotlib.font_manager: findfont: score(<Font 'DejaVu Serif' (DejaVuSerif-Bold.ttf) normal normal 700 normal>) = 10.335
2026-06-26 17:01:09,866 DEBUG matplotlib.font_manager: findfont: score(<Font 'STIXSizeThreeSym' (STIXSizThreeSymBol.ttf) normal normal 700 normal>) = 10.335
2026-06-26 17:01:09,866 DEBUG matplotlib.font_manager: findfont: score(<Font 'cmtt10' (cmtt10.ttf) normal normal 400 normal>) = 10.05
2026-06-26 17:01:09,866 DEBUG matplotlib.font_manager: findfont: score(<Font 'STIXGeneral' (STIXGeneral.ttf) normal normal 400 normal>) = 10.05
2026-06-26 17:01:09,866 DEBUG matplotlib.font_manager: findfont: score(<Font 'cmss10' (cmss10.ttf) normal normal 400 normal>) = 10.05
2026-06-26 17:01:09,866 DEBUG matplotlib.font_manager: findfont: score(<Font 'DejaVu Sans Display' (DejaVuSansDisplay.ttf) normal normal 400 normal>) = 10.05
2026-06-26 17:01:09,866 DEBUG matplotlib.font_manager: findfont: score(<Font 'DejaVu Serif' (DejaVuSerif.ttf) normal normal 400 normal>) = 10.05
2026-06-26 17:01:09,866 DEBUG matplotlib.font_manager: findfont: score(<Font 'STIXSizeTwoSym' (STIXSizTwoSymBol.ttf) normal normal 700 normal>) = 10.335
2026-06-26 17:01:09,866 DEBUG matplotlib.font_manager: findfont: score(<Font 'DejaVu Sans Mono' (DejaVuSansMono-Bold.ttf) normal normal 700 normal>) = 10.335
2026-06-26 17:01:09,866 DEBUG matplotlib.font_manager: findfont: score(<Font 'DejaVu Sans' (DejaVuSans-Bold.ttf) normal normal 700 normal>) = 10.335
2026-06-26 17:01:09,866 DEBUG matplotlib.font_manager: findfont: score(<Font 'DejaVu Sans Mono' (DejaVuSansMono.ttf) normal normal 400 normal>) = 10.05
2026-06-26 17:01:09,866 DEBUG matplotlib.font_manager: findfont: score(<Font 'DejaVu Serif' (DejaVuSerif-Bold.ttf) normal normal 700 normal>) = 10.335
2026-06-26 17:01:09,867 DEBUG matplotlib.font_manager: findfont: score(<Font 'DejaVu Sans Mono' (DejaVuSansMono-Bold.ttf) normal normal 700 normal>) = 10.335
2026-06-26 17:01:09,867 DEBUG matplotlib.font_manager: findfont: score(<Font 'DejaVu Serif' (DejaVuSerif.ttf) normal normal 400 normal>) = 10.05
2026-06-26 17:01:09,867 DEBUG matplotlib.font_manager: findfont: score(<Font 'DejaVu Sans' (DejaVuSans.ttf) normal normal 400 normal>) = 10.05
2026-06-26 17:01:09,867 DEBUG matplotlib.font_manager: findfont: Matching cmex10:style=normal:variant=normal:weight=normal:stretch=normal:size=10.0 to cmex10 ('/tmp/_MEIuzV4lk/matplotlib/mpl-data/fonts/ttf/cmex10.ttf') with score of 0.050000.
2026-06-26 17:01:09,867 DEBUG matplotlib.font_manager: findfont: Matching DejaVu Sans:style=normal:variant=normal:weight=normal:stretch=normal:size=10.0.
2026-06-26 17:01:09,867 DEBUG matplotlib.font_manager: findfont: score(<Font 'cmsy10' (cmsy10.ttf) normal normal 400 normal>) = 10.05
2026-06-26 17:01:09,867 DEBUG matplotlib.font_manager: findfont: score(<Font 'DejaVu Sans' (DejaVuSans.ttf) normal normal 400 normal>) = 0.05
2026-06-26 17:01:09,867 DEBUG matplotlib.font_manager: findfont: score(<Font 'STIXSizeOneSym' (STIXSizOneSymReg.ttf) normal normal 400 normal>) = 10.05
2026-06-26 17:01:09,867 DEBUG matplotlib.font_manager: findfont: score(<Font 'STIXNonUnicode' (STIXNonUniBolIta.ttf) italic normal 700 normal>) = 11.335
2026-06-26 17:01:09,867 DEBUG matplotlib.font_manager: findfont: score(<Font 'STIXSizeFourSym' (STIXSizFourSymBol.ttf) normal normal 700 normal>) = 10.335
2026-06-26 17:01:09,867 DEBUG matplotlib.font_manager: findfont: score(<Font 'STIXGeneral' (STIXGeneralItalic.ttf) italic normal 400 normal>) = 11.05
2026-06-26 17:01:09,867 DEBUG matplotlib.font_manager: findfont: score(<Font 'STIXSizeFourSym' (STIXSizFourSymReg.ttf) normal normal 400 normal>) = 10.05
2026-06-26 17:01:09,867 DEBUG matplotlib.font_manager: findfont: score(<Font 'cmb10' (cmb10.ttf) normal normal 400 normal>) = 10.05
2026-06-26 17:01:09,867 DEBUG matplotlib.font_manager: findfont: score(<Font 'cmex10' (cmex10.ttf) normal normal 400 normal>) = 10.05
2026-06-26 17:01:09,867 DEBUG matplotlib.font_manager: findfont: score(<Font 'DejaVu Serif' (DejaVuSerif-Italic.ttf) italic normal 400 normal>) = 11.05
2026-06-26 17:01:09,867 DEBUG matplotlib.font_manager: findfont: score(<Font 'STIXNonUnicode' (STIXNonUni.ttf) normal normal 400 normal>) = 10.05
2026-06-26 17:01:09,867 DEBUG matplotlib.font_manager: findfont: score(<Font 'STIXNonUnicode' (STIXNonUniIta.ttf) italic normal 400 normal>) = 11.05
2026-06-26 17:01:09,867 DEBUG matplotlib.font_manager: findfont: score(<Font 'STIXGeneral' (STIXGeneralBolIta.ttf) italic normal 700 normal>) = 11.335
2026-06-26 17:01:09,867 DEBUG matplotlib.font_manager: findfont: score(<Font 'DejaVu Sans Mono' (DejaVuSansMono-BoldOblique.ttf) oblique normal 700 normal>) = 11.335
2026-06-26 17:01:09,867 DEBUG matplotlib.font_manager: findfont: score(<Font 'DejaVu Sans Mono' (DejaVuSansMono-Oblique.ttf) oblique normal 400 normal>) = 11.05
2026-06-26 17:01:09,867 DEBUG matplotlib.font_manager: findfont: score(<Font 'DejaVu Sans Mono' (DejaVuSansMono.ttf) normal normal 400 normal>) = 10.05
2026-06-26 17:01:09,867 DEBUG matplotlib.font_manager: findfont: score(<Font 'STIXNonUnicode' (STIXNonUniBol.ttf) normal normal 700 normal>) = 10.335
2026-06-26 17:01:09,868 DEBUG matplotlib.font_manager: findfont: score(<Font 'DejaVu Sans' (DejaVuSans-Bold.ttf) normal normal 700 normal>) = 0.33499999999999996
2026-06-26 17:01:09,868 DEBUG matplotlib.font_manager: findfont: score(<Font 'STIXSizeFiveSym' (STIXSizFiveSymReg.ttf) normal normal 400 normal>) = 10.05
2026-06-26 17:01:09,868 DEBUG matplotlib.font_manager: findfont: score(<Font 'STIXSizeTwoSym' (STIXSizTwoSymReg.ttf) normal normal 400 normal>) = 10.05
2026-06-26 17:01:09,868 DEBUG matplotlib.font_manager: findfont: score(<Font 'STIXGeneral' (STIXGeneralBol.ttf) normal normal 700 normal>) = 10.335
2026-06-26 17:01:09,868 DEBUG matplotlib.font_manager: findfont: score(<Font 'STIXSizeOneSym' (STIXSizOneSymBol.ttf) normal normal 700 normal>) = 10.335
2026-06-26 17:01:09,868 DEBUG matplotlib.font_manager: findfont: score(<Font 'DejaVu Sans' (DejaVuSans-BoldOblique.ttf) oblique normal 700 normal>) = 1.335
2026-06-26 17:01:09,868 DEBUG matplotlib.font_manager: findfont: score(<Font 'cmr10' (cmr10.ttf) normal normal 400 normal>) = 10.05
2026-06-26 17:01:09,868 DEBUG matplotlib.font_manager: findfont: score(<Font 'DejaVu Sans' (DejaVuSans-Oblique.ttf) oblique normal 400 normal>) = 1.05
2026-06-26 17:01:09,868 DEBUG matplotlib.font_manager: findfont: score(<Font 'DejaVu Serif' (DejaVuSerif-BoldItalic.ttf) italic normal 700 normal>) = 11.335
2026-06-26 17:01:09,868 DEBUG matplotlib.font_manager: findfont: score(<Font 'DejaVu Serif Display' (DejaVuSerifDisplay.ttf) normal normal 400 normal>) = 10.05
2026-06-26 17:01:09,868 DEBUG matplotlib.font_manager: findfont: score(<Font 'cmmi10' (cmmi10.ttf) normal normal 400 normal>) = 10.05
2026-06-26 17:01:09,868 DEBUG matplotlib.font_manager: findfont: score(<Font 'STIXSizeThreeSym' (STIXSizThreeSymReg.ttf) normal normal 400 normal>) = 10.05
2026-06-26 17:01:09,868 DEBUG matplotlib.font_manager: findfont: score(<Font 'DejaVu Serif' (DejaVuSerif-Bold.ttf) normal normal 700 normal>) = 10.335
2026-06-26 17:01:09,868 DEBUG matplotlib.font_manager: findfont: score(<Font 'STIXSizeThreeSym' (STIXSizThreeSymBol.ttf) normal normal 700 normal>) = 10.335
2026-06-26 17:01:09,868 DEBUG matplotlib.font_manager: findfont: score(<Font 'cmtt10' (cmtt10.ttf) normal normal 400 normal>) = 10.05
2026-06-26 17:01:09,868 DEBUG matplotlib.font_manager: findfont: score(<Font 'STIXGeneral' (STIXGeneral.ttf) normal normal 400 normal>) = 10.05
2026-06-26 17:01:09,868 DEBUG matplotlib.font_manager: findfont: score(<Font 'cmss10' (cmss10.ttf) normal normal 400 normal>) = 10.05
2026-06-26 17:01:09,868 DEBUG matplotlib.font_manager: findfont: score(<Font 'DejaVu Sans Display' (DejaVuSansDisplay.ttf) normal normal 400 normal>) = 10.05
2026-06-26 17:01:09,868 DEBUG matplotlib.font_manager: findfont: score(<Font 'DejaVu Serif' (DejaVuSerif.ttf) normal normal 400 normal>) = 10.05
2026-06-26 17:01:09,868 DEBUG matplotlib.font_manager: findfont: score(<Font 'STIXSizeTwoSym' (STIXSizTwoSymBol.ttf) normal normal 700 normal>) = 10.335
2026-06-26 17:01:09,868 DEBUG matplotlib.font_manager: findfont: score(<Font 'DejaVu Sans Mono' (DejaVuSansMono-Bold.ttf) normal normal 700 normal>) = 10.335
2026-06-26 17:01:09,868 DEBUG matplotlib.font_manager: findfont: score(<Font 'DejaVu Sans' (DejaVuSans-Bold.ttf) normal normal 700 normal>) = 0.33499999999999996
2026-06-26 17:01:09,868 DEBUG matplotlib.font_manager: findfont: score(<Font 'DejaVu Sans Mono' (DejaVuSansMono.ttf) normal normal 400 normal>) = 10.05
2026-06-26 17:01:09,868 DEBUG matplotlib.font_manager: findfont: score(<Font 'DejaVu Serif' (DejaVuSerif-Bold.ttf) normal normal 700 normal>) = 10.335
2026-06-26 17:01:09,868 DEBUG matplotlib.font_manager: findfont: score(<Font 'DejaVu Sans Mono' (DejaVuSansMono-Bold.ttf) normal normal 700 normal>) = 10.335
2026-06-26 17:01:09,868 DEBUG matplotlib.font_manager: findfont: score(<Font 'DejaVu Serif' (DejaVuSerif.ttf) normal normal 400 normal>) = 10.05
2026-06-26 17:01:09,868 DEBUG matplotlib.font_manager: findfont: score(<Font 'DejaVu Sans' (DejaVuSans.ttf) normal normal 400 normal>) = 0.05
2026-06-26 17:01:09,868 DEBUG matplotlib.font_manager: findfont: Matching DejaVu Sans:style=normal:variant=normal:weight=normal:stretch=normal:size=10.0 to DejaVu Sans ('/tmp/_MEIuzV4lk/matplotlib/mpl-data/fonts/ttf/DejaVuSans.ttf') with score of 0.050000.
2026-06-26 17:01:09,869 DEBUG matplotlib.font_manager: findfont: Matching DejaVu Sans:style=italic:variant=normal:weight=normal:stretch=normal:size=10.0.
2026-06-26 17:01:09,869 DEBUG matplotlib.font_manager: findfont: score(<Font 'cmsy10' (cmsy10.ttf) normal normal 400 normal>) = 11.05
2026-06-26 17:01:09,869 DEBUG matplotlib.font_manager: findfont: score(<Font 'DejaVu Sans' (DejaVuSans.ttf) normal normal 400 normal>) = 1.05
2026-06-26 17:01:09,869 DEBUG matplotlib.font_manager: findfont: score(<Font 'STIXSizeOneSym' (STIXSizOneSymReg.ttf) normal normal 400 normal>) = 11.05
2026-06-26 17:01:09,869 DEBUG matplotlib.font_manager: findfont: score(<Font 'STIXNonUnicode' (STIXNonUniBolIta.ttf) italic normal 700 normal>) = 10.335
2026-06-26 17:01:09,869 DEBUG matplotlib.font_manager: findfont: score(<Font 'STIXSizeFourSym' (STIXSizFourSymBol.ttf) normal normal 700 normal>) = 11.335
2026-06-26 17:01:09,869 DEBUG matplotlib.font_manager: findfont: score(<Font 'STIXGeneral' (STIXGeneralItalic.ttf) italic normal 400 normal>) = 10.05
2026-06-26 17:01:09,869 DEBUG matplotlib.font_manager: findfont: score(<Font 'STIXSizeFourSym' (STIXSizFourSymReg.ttf) normal normal 400 normal>) = 11.05
2026-06-26 17:01:09,869 DEBUG matplotlib.font_manager: findfont: score(<Font 'cmb10' (cmb10.ttf) normal normal 400 normal>) = 11.05
2026-06-26 17:01:09,869 DEBUG matplotlib.font_manager: findfont: score(<Font 'cmex10' (cmex10.ttf) normal normal 400 normal>) = 11.05
2026-06-26 17:01:09,869 DEBUG matplotlib.font_manager: findfont: score(<Font 'DejaVu Serif' (DejaVuSerif-Italic.ttf) italic normal 400 normal>) = 10.05
2026-06-26 17:01:09,869 DEBUG matplotlib.font_manager: findfont: score(<Font 'STIXNonUnicode' (STIXNonUni.ttf) normal normal 400 normal>) = 11.05
2026-06-26 17:01:09,869 DEBUG matplotlib.font_manager: findfont: score(<Font 'STIXNonUnicode' (STIXNonUniIta.ttf) italic normal 400 normal>) = 10.05
2026-06-26 17:01:09,869 DEBUG matplotlib.font_manager: findfont: score(<Font 'STIXGeneral' (STIXGeneralBolIta.ttf) italic normal 700 normal>) = 10.335
2026-06-26 17:01:09,869 DEBUG matplotlib.font_manager: findfont: score(<Font 'DejaVu Sans Mono' (DejaVuSansMono-BoldOblique.ttf) oblique normal 700 normal>) = 10.434999999999999
2026-06-26 17:01:09,869 DEBUG matplotlib.font_manager: findfont: score(<Font 'DejaVu Sans Mono' (DejaVuSansMono-Oblique.ttf) oblique normal 400 normal>) = 10.15
2026-06-26 17:01:09,869 DEBUG matplotlib.font_manager: findfont: score(<Font 'DejaVu Sans Mono' (DejaVuSansMono.ttf) normal normal 400 normal>) = 11.05
2026-06-26 17:01:09,869 DEBUG matplotlib.font_manager: findfont: score(<Font 'STIXNonUnicode' (STIXNonUniBol.ttf) normal normal 700 normal>) = 11.335
2026-06-26 17:01:09,869 DEBUG matplotlib.font_manager: findfont: score(<Font 'DejaVu Sans' (DejaVuSans-Bold.ttf) normal normal 700 normal>) = 1.335
2026-06-26 17:01:09,869 DEBUG matplotlib.font_manager: findfont: score(<Font 'STIXSizeFiveSym' (STIXSizFiveSymReg.ttf) normal normal 400 normal>) = 11.05
2026-06-26 17:01:09,869 DEBUG matplotlib.font_manager: findfont: score(<Font 'STIXSizeTwoSym' (STIXSizTwoSymReg.ttf) normal normal 400 normal>) = 11.05
2026-06-26 17:01:09,869 DEBUG matplotlib.font_manager: findfont: score(<Font 'STIXGeneral' (STIXGeneralBol.ttf) normal normal 700 normal>) = 11.335
2026-06-26 17:01:09,869 DEBUG matplotlib.font_manager: findfont: score(<Font 'STIXSizeOneSym' (STIXSizOneSymBol.ttf) normal normal 700 normal>) = 11.335
2026-06-26 17:01:09,869 DEBUG matplotlib.font_manager: findfont: score(<Font 'DejaVu Sans' (DejaVuSans-BoldOblique.ttf) oblique normal 700 normal>) = 0.43499999999999994
2026-06-26 17:01:09,869 DEBUG matplotlib.font_manager: findfont: score(<Font 'cmr10' (cmr10.ttf) normal normal 400 normal>) = 11.05
2026-06-26 17:01:09,869 DEBUG matplotlib.font_manager: findfont: score(<Font 'DejaVu Sans' (DejaVuSans-Oblique.ttf) oblique normal 400 normal>) = 0.15000000000000002
2026-06-26 17:01:09,869 DEBUG matplotlib.font_manager: findfont: score(<Font 'DejaVu Serif' (DejaVuSerif-BoldItalic.ttf) italic normal 700 normal>) = 10.335
2026-06-26 17:01:09,869 DEBUG matplotlib.font_manager: findfont: score(<Font 'DejaVu Serif Display' (DejaVuSerifDisplay.ttf) normal normal 400 normal>) = 11.05
2026-06-26 17:01:09,870 DEBUG matplotlib.font_manager: findfont: score(<Font 'cmmi10' (cmmi10.ttf) normal normal 400 normal>) = 11.05
2026-06-26 17:01:09,870 DEBUG matplotlib.font_manager: findfont: score(<Font 'STIXSizeThreeSym' (STIXSizThreeSymReg.ttf) normal normal 400 normal>) = 11.05
2026-06-26 17:01:09,870 DEBUG matplotlib.font_manager: findfont: score(<Font 'DejaVu Serif' (DejaVuSerif-Bold.ttf) normal normal 700 normal>) = 11.335
2026-06-26 17:01:09,870 DEBUG matplotlib.font_manager: findfont: score(<Font 'STIXSizeThreeSym' (STIXSizThreeSymBol.ttf) normal normal 700 normal>) = 11.335
2026-06-26 17:01:09,870 DEBUG matplotlib.font_manager: findfont: score(<Font 'cmtt10' (cmtt10.ttf) normal normal 400 normal>) = 11.05
2026-06-26 17:01:09,870 DEBUG matplotlib.font_manager: findfont: score(<Font 'STIXGeneral' (STIXGeneral.ttf) normal normal 400 normal>) = 11.05
2026-06-26 17:01:09,870 DEBUG matplotlib.font_manager: findfont: score(<Font 'cmss10' (cmss10.ttf) normal normal 400 normal>) = 11.05
2026-06-26 17:01:09,870 DEBUG matplotlib.font_manager: findfont: score(<Font 'DejaVu Sans Display' (DejaVuSansDisplay.ttf) normal normal 400 normal>) = 11.05
2026-06-26 17:01:09,870 DEBUG matplotlib.font_manager: findfont: score(<Font 'DejaVu Serif' (DejaVuSerif.ttf) normal normal 400 normal>) = 11.05
2026-06-26 17:01:09,870 DEBUG matplotlib.font_manager: findfont: score(<Font 'STIXSizeTwoSym' (STIXSizTwoSymBol.ttf) normal normal 700 normal>) = 11.335
2026-06-26 17:01:09,870 DEBUG matplotlib.font_manager: findfont: score(<Font 'DejaVu Sans Mono' (DejaVuSansMono-Bold.ttf) normal normal 700 normal>) = 11.335
2026-06-26 17:01:09,870 DEBUG matplotlib.font_manager: findfont: score(<Font 'DejaVu Sans' (DejaVuSans-Bold.ttf) normal normal 700 normal>) = 1.335
2026-06-26 17:01:09,870 DEBUG matplotlib.font_manager: findfont: score(<Font 'DejaVu Sans Mono' (DejaVuSansMono.ttf) normal normal 400 normal>) = 11.05
2026-06-26 17:01:09,870 DEBUG matplotlib.font_manager: findfont: score(<Font 'DejaVu Serif' (DejaVuSerif-Bold.ttf) normal normal 700 normal>) = 11.335
2026-06-26 17:01:09,870 DEBUG matplotlib.font_manager: findfont: score(<Font 'DejaVu Sans Mono' (DejaVuSansMono-Bold.ttf) normal normal 700 normal>) = 11.335
2026-06-26 17:01:09,870 DEBUG matplotlib.font_manager: findfont: score(<Font 'DejaVu Serif' (DejaVuSerif.ttf) normal normal 400 normal>) = 11.05
2026-06-26 17:01:09,870 DEBUG matplotlib.font_manager: findfont: score(<Font 'DejaVu Sans' (DejaVuSans.ttf) normal normal 400 normal>) = 1.05
2026-06-26 17:01:09,870 DEBUG matplotlib.font_manager: findfont: Matching DejaVu Sans:style=italic:variant=normal:weight=normal:stretch=normal:size=10.0 to DejaVu Sans ('/tmp/_MEIuzV4lk/matplotlib/mpl-data/fonts/ttf/DejaVuSans-Oblique.ttf') with score of 0.150000.
2026-06-26 17:01:09,870 DEBUG matplotlib.font_manager: findfont: Matching DejaVu Sans:style=normal:variant=normal:weight=bold:stretch=normal:size=10.0.
2026-06-26 17:01:09,870 DEBUG matplotlib.font_manager: findfont: score(<Font 'cmsy10' (cmsy10.ttf) normal normal 400 normal>) = 10.335
2026-06-26 17:01:09,870 DEBUG matplotlib.font_manager: findfont: score(<Font 'DejaVu Sans' (DejaVuSans.ttf) normal normal 400 normal>) = 0.33499999999999996
2026-06-26 17:01:09,871 DEBUG matplotlib.font_manager: findfont: score(<Font 'STIXSizeOneSym' (STIXSizOneSymReg.ttf) normal normal 400 normal>) = 10.335
2026-06-26 17:01:09,871 DEBUG matplotlib.font_manager: findfont: score(<Font 'STIXNonUnicode' (STIXNonUniBolIta.ttf) italic normal 700 normal>) = 11.05
2026-06-26 17:01:09,871 DEBUG matplotlib.font_manager: findfont: score(<Font 'STIXSizeFourSym' (STIXSizFourSymBol.ttf) normal normal 700 normal>) = 10.05
2026-06-26 17:01:09,871 DEBUG matplotlib.font_manager: findfont: score(<Font 'STIXGeneral' (STIXGeneralItalic.ttf) italic normal 400 normal>) = 11.335
2026-06-26 17:01:09,871 DEBUG matplotlib.font_manager: findfont: score(<Font 'STIXSizeFourSym' (STIXSizFourSymReg.ttf) normal normal 400 normal>) = 10.335
2026-06-26 17:01:09,871 DEBUG matplotlib.font_manager: findfont: score(<Font 'cmb10' (cmb10.ttf) normal normal 400 normal>) = 10.335
2026-06-26 17:01:09,871 DEBUG matplotlib.font_manager: findfont: score(<Font 'cmex10' (cmex10.ttf) normal normal 400 normal>) = 10.335
2026-06-26 17:01:09,871 DEBUG matplotlib.font_manager: findfont: score(<Font 'DejaVu Serif' (DejaVuSerif-Italic.ttf) italic normal 400 normal>) = 11.335
2026-06-26 17:01:09,871 DEBUG matplotlib.font_manager: findfont: score(<Font 'STIXNonUnicode' (STIXNonUni.ttf) normal normal 400 normal>) = 10.335
2026-06-26 17:01:09,871 DEBUG matplotlib.font_manager: findfont: score(<Font 'STIXNonUnicode' (STIXNonUniIta.ttf) italic normal 400 normal>) = 11.335
2026-06-26 17:01:09,871 DEBUG matplotlib.font_manager: findfont: score(<Font 'STIXGeneral' (STIXGeneralBolIta.ttf) italic normal 700 normal>) = 11.05
2026-06-26 17:01:09,871 DEBUG matplotlib.font_manager: findfont: score(<Font 'DejaVu Sans Mono' (DejaVuSansMono-BoldOblique.ttf) oblique normal 700 normal>) = 11.05
2026-06-26 17:01:09,871 DEBUG matplotlib.font_manager: findfont: score(<Font 'DejaVu Sans Mono' (DejaVuSansMono-Oblique.ttf) oblique normal 400 normal>) = 11.335
2026-06-26 17:01:09,871 DEBUG matplotlib.font_manager: findfont: score(<Font 'DejaVu Sans Mono' (DejaVuSansMono.ttf) normal normal 400 normal>) = 10.335
2026-06-26 17:01:09,871 DEBUG matplotlib.font_manager: findfont: score(<Font 'STIXNonUnicode' (STIXNonUniBol.ttf) normal normal 700 normal>) = 10.05
2026-06-26 17:01:09,871 DEBUG matplotlib.font_manager: findfont: score(<Font 'DejaVu Sans' (DejaVuSans-Bold.ttf) normal normal 700 normal>) = 0.05
2026-06-26 17:01:09,871 DEBUG matplotlib.font_manager: findfont: score(<Font 'STIXSizeFiveSym' (STIXSizFiveSymReg.ttf) normal normal 400 normal>) = 10.335
2026-06-26 17:01:09,871 DEBUG matplotlib.font_manager: findfont: score(<Font 'STIXSizeTwoSym' (STIXSizTwoSymReg.ttf) normal normal 400 normal>) = 10.335
2026-06-26 17:01:09,871 DEBUG matplotlib.font_manager: findfont: score(<Font 'STIXGeneral' (STIXGeneralBol.ttf) normal normal 700 normal>) = 10.05
2026-06-26 17:01:09,871 DEBUG matplotlib.font_manager: findfont: score(<Font 'STIXSizeOneSym' (STIXSizOneSymBol.ttf) normal normal 700 normal>) = 10.05
2026-06-26 17:01:09,871 DEBUG matplotlib.font_manager: findfont: score(<Font 'DejaVu Sans' (DejaVuSans-BoldOblique.ttf) oblique normal 700 normal>) = 1.05
2026-06-26 17:01:09,871 DEBUG matplotlib.font_manager: findfont: score(<Font 'cmr10' (cmr10.ttf) normal normal 400 normal>) = 10.335
2026-06-26 17:01:09,871 DEBUG matplotlib.font_manager: findfont: score(<Font 'DejaVu Sans' (DejaVuSans-Oblique.ttf) oblique normal 400 normal>) = 1.335
2026-06-26 17:01:09,871 DEBUG matplotlib.font_manager: findfont: score(<Font 'DejaVu Serif' (DejaVuSerif-BoldItalic.ttf) italic normal 700 normal>) = 11.05
2026-06-26 17:01:09,871 DEBUG matplotlib.font_manager: findfont: score(<Font 'DejaVu Serif Display' (DejaVuSerifDisplay.ttf) normal normal 400 normal>) = 10.335
2026-06-26 17:01:09,871 DEBUG matplotlib.font_manager: findfont: score(<Font 'cmmi10' (cmmi10.ttf) normal normal 400 normal>) = 10.335
2026-06-26 17:01:09,871 DEBUG matplotlib.font_manager: findfont: score(<Font 'STIXSizeThreeSym' (STIXSizThreeSymReg.ttf) normal normal 400 normal>) = 10.335
2026-06-26 17:01:09,871 DEBUG matplotlib.font_manager: findfont: score(<Font 'DejaVu Serif' (DejaVuSerif-Bold.ttf) normal normal 700 normal>) = 10.05
2026-06-26 17:01:09,871 DEBUG matplotlib.font_manager: findfont: score(<Font 'STIXSizeThreeSym' (STIXSizThreeSymBol.ttf) normal normal 700 normal>) = 10.05
2026-06-26 17:01:09,871 DEBUG matplotlib.font_manager: findfont: score(<Font 'cmtt10' (cmtt10.ttf) normal normal 400 normal>) = 10.335
2026-06-26 17:01:09,871 DEBUG matplotlib.font_manager: findfont: score(<Font 'STIXGeneral' (STIXGeneral.ttf) normal normal 400 normal>) = 10.335
2026-06-26 17:01:09,871 DEBUG matplotlib.font_manager: findfont: score(<Font 'cmss10' (cmss10.ttf) normal normal 400 normal>) = 10.335
2026-06-26 17:01:09,871 DEBUG matplotlib.font_manager: findfont: score(<Font 'DejaVu Sans Display' (DejaVuSansDisplay.ttf) normal normal 400 normal>) = 10.335
2026-06-26 17:01:09,871 DEBUG matplotlib.font_manager: findfont: score(<Font 'DejaVu Serif' (DejaVuSerif.ttf) normal normal 400 normal>) = 10.335
2026-06-26 17:01:09,872 DEBUG matplotlib.font_manager: findfont: score(<Font 'STIXSizeTwoSym' (STIXSizTwoSymBol.ttf) normal normal 700 normal>) = 10.05
2026-06-26 17:01:09,872 DEBUG matplotlib.font_manager: findfont: score(<Font 'DejaVu Sans Mono' (DejaVuSansMono-Bold.ttf) normal normal 700 normal>) = 10.05
2026-06-26 17:01:09,872 DEBUG matplotlib.font_manager: findfont: score(<Font 'DejaVu Sans' (DejaVuSans-Bold.ttf) normal normal 700 normal>) = 0.05
2026-06-26 17:01:09,872 DEBUG matplotlib.font_manager: findfont: score(<Font 'DejaVu Sans Mono' (DejaVuSansMono.ttf) normal normal 400 normal>) = 10.335
2026-06-26 17:01:09,872 DEBUG matplotlib.font_manager: findfont: score(<Font 'DejaVu Serif' (DejaVuSerif-Bold.ttf) normal normal 700 normal>) = 10.05
2026-06-26 17:01:09,872 DEBUG matplotlib.font_manager: findfont: score(<Font 'DejaVu Sans Mono' (DejaVuSansMono-Bold.ttf) normal normal 700 normal>) = 10.05
2026-06-26 17:01:09,872 DEBUG matplotlib.font_manager: findfont: score(<Font 'DejaVu Serif' (DejaVuSerif.ttf) normal normal 400 normal>) = 10.335
2026-06-26 17:01:09,872 DEBUG matplotlib.font_manager: findfont: score(<Font 'DejaVu Sans' (DejaVuSans.ttf) normal normal 400 normal>) = 0.33499999999999996
2026-06-26 17:01:09,872 DEBUG matplotlib.font_manager: findfont: Matching DejaVu Sans:style=normal:variant=normal:weight=bold:stretch=normal:size=10.0 to DejaVu Sans ('/tmp/_MEIuzV4lk/matplotlib/mpl-data/fonts/ttf/DejaVuSans-Bold.ttf') with score of 0.050000.
2026-06-26 17:01:09,872 DEBUG matplotlib.font_manager: findfont: Matching DejaVu Sans Mono:style=normal:variant=normal:weight=normal:stretch=normal:size=10.0.
2026-06-26 17:01:09,872 DEBUG matplotlib.font_manager: findfont: score(<Font 'cmsy10' (cmsy10.ttf) normal normal 400 normal>) = 10.05
2026-06-26 17:01:09,872 DEBUG matplotlib.font_manager: findfont: score(<Font 'DejaVu Sans' (DejaVuSans.ttf) normal normal 400 normal>) = 10.05
2026-06-26 17:01:09,872 DEBUG matplotlib.font_manager: findfont: score(<Font 'STIXSizeOneSym' (STIXSizOneSymReg.ttf) normal normal 400 normal>) = 10.05
2026-06-26 17:01:09,872 DEBUG matplotlib.font_manager: findfont: score(<Font 'STIXNonUnicode' (STIXNonUniBolIta.ttf) italic normal 700 normal>) = 11.335
2026-06-26 17:01:09,872 DEBUG matplotlib.font_manager: findfont: score(<Font 'STIXSizeFourSym' (STIXSizFourSymBol.ttf) normal normal 700 normal>) = 10.335
2026-06-26 17:01:09,872 DEBUG matplotlib.font_manager: findfont: score(<Font 'STIXGeneral' (STIXGeneralItalic.ttf) italic normal 400 normal>) = 11.05
2026-06-26 17:01:09,872 DEBUG matplotlib.font_manager: findfont: score(<Font 'STIXSizeFourSym' (STIXSizFourSymReg.ttf) normal normal 400 normal>) = 10.05
2026-06-26 17:01:09,872 DEBUG matplotlib.font_manager: findfont: score(<Font 'cmb10' (cmb10.ttf) normal normal 400 normal>) = 10.05
2026-06-26 17:01:09,872 DEBUG matplotlib.font_manager: findfont: score(<Font 'cmex10' (cmex10.ttf) normal normal 400 normal>) = 10.05
2026-06-26 17:01:09,872 DEBUG matplotlib.font_manager: findfont: score(<Font 'DejaVu Serif' (DejaVuSerif-Italic.ttf) italic normal 400 normal>) = 11.05
2026-06-26 17:01:09,872 DEBUG matplotlib.font_manager: findfont: score(<Font 'STIXNonUnicode' (STIXNonUni.ttf) normal normal 400 normal>) = 10.05
2026-06-26 17:01:09,872 DEBUG matplotlib.font_manager: findfont: score(<Font 'STIXNonUnicode' (STIXNonUniIta.ttf) italic normal 400 normal>) = 11.05
2026-06-26 17:01:09,872 DEBUG matplotlib.font_manager: findfont: score(<Font 'STIXGeneral' (STIXGeneralBolIta.ttf) italic normal 700 normal>) = 11.335
2026-06-26 17:01:09,872 DEBUG matplotlib.font_manager: findfont: score(<Font 'DejaVu Sans Mono' (DejaVuSansMono-BoldOblique.ttf) oblique normal 700 normal>) = 1.335
2026-06-26 17:01:09,872 DEBUG matplotlib.font_manager: findfont: score(<Font 'DejaVu Sans Mono' (DejaVuSansMono-Oblique.ttf) oblique normal 400 normal>) = 1.05
2026-06-26 17:01:09,873 DEBUG matplotlib.font_manager: findfont: score(<Font 'DejaVu Sans Mono' (DejaVuSansMono.ttf) normal normal 400 normal>) = 0.05
2026-06-26 17:01:09,873 DEBUG matplotlib.font_manager: findfont: score(<Font 'STIXNonUnicode' (STIXNonUniBol.ttf) normal normal 700 normal>) = 10.335
2026-06-26 17:01:09,873 DEBUG matplotlib.font_manager: findfont: score(<Font 'DejaVu Sans' (DejaVuSans-Bold.ttf) normal normal 700 normal>) = 10.335
2026-06-26 17:01:09,873 DEBUG matplotlib.font_manager: findfont: score(<Font 'STIXSizeFiveSym' (STIXSizFiveSymReg.ttf) normal normal 400 normal>) = 10.05
2026-06-26 17:01:09,873 DEBUG matplotlib.font_manager: findfont: score(<Font 'STIXSizeTwoSym' (STIXSizTwoSymReg.ttf) normal normal 400 normal>) = 10.05
2026-06-26 17:01:09,873 DEBUG matplotlib.font_manager: findfont: score(<Font 'STIXGeneral' (STIXGeneralBol.ttf) normal normal 700 normal>) = 10.335
2026-06-26 17:01:09,873 DEBUG matplotlib.font_manager: findfont: score(<Font 'STIXSizeOneSym' (STIXSizOneSymBol.ttf) normal normal 700 normal>) = 10.335
2026-06-26 17:01:09,873 DEBUG matplotlib.font_manager: findfont: score(<Font 'DejaVu Sans' (DejaVuSans-BoldOblique.ttf) oblique normal 700 normal>) = 11.335
2026-06-26 17:01:09,873 DEBUG matplotlib.font_manager: findfont: score(<Font 'cmr10' (cmr10.ttf) normal normal 400 normal>) = 10.05
2026-06-26 17:01:09,873 DEBUG matplotlib.font_manager: findfont: score(<Font 'DejaVu Sans' (DejaVuSans-Oblique.ttf) oblique normal 400 normal>) = 11.05
2026-06-26 17:01:09,873 DEBUG matplotlib.font_manager: findfont: score(<Font 'DejaVu Serif' (DejaVuSerif-BoldItalic.ttf) italic normal 700 normal>) = 11.335
2026-06-26 17:01:09,873 DEBUG matplotlib.font_manager: findfont: score(<Font 'DejaVu Serif Display' (DejaVuSerifDisplay.ttf) normal normal 400 normal>) = 10.05
2026-06-26 17:01:09,873 DEBUG matplotlib.font_manager: findfont: score(<Font 'cmmi10' (cmmi10.ttf) normal normal 400 normal>) = 10.05
2026-06-26 17:01:09,873 DEBUG matplotlib.font_manager: findfont: score(<Font 'STIXSizeThreeSym' (STIXSizThreeSymReg.ttf) normal normal 400 normal>) = 10.05
2026-06-26 17:01:09,873 DEBUG matplotlib.font_manager: findfont: score(<Font 'DejaVu Serif' (DejaVuSerif-Bold.ttf) normal normal 700 normal>) = 10.335
2026-06-26 17:01:09,873 DEBUG matplotlib.font_manager: findfont: score(<Font 'STIXSizeThreeSym' (STIXSizThreeSymBol.ttf) normal normal 700 normal>) = 10.335
2026-06-26 17:01:09,873 DEBUG matplotlib.font_manager: findfont: score(<Font 'cmtt10' (cmtt10.ttf) normal normal 400 normal>) = 10.05
2026-06-26 17:01:09,873 DEBUG matplotlib.font_manager: findfont: score(<Font 'STIXGeneral' (STIXGeneral.ttf) normal normal 400 normal>) = 10.05
2026-06-26 17:01:09,873 DEBUG matplotlib.font_manager: findfont: score(<Font 'cmss10' (cmss10.ttf) normal normal 400 normal>) = 10.05
2026-06-26 17:01:09,873 DEBUG matplotlib.font_manager: findfont: score(<Font 'DejaVu Sans Display' (DejaVuSansDisplay.ttf) normal normal 400 normal>) = 10.05
2026-06-26 17:01:09,873 DEBUG matplotlib.font_manager: findfont: score(<Font 'DejaVu Serif' (DejaVuSerif.ttf) normal normal 400 normal>) = 10.05
2026-06-26 17:01:09,873 DEBUG matplotlib.font_manager: findfont: score(<Font 'STIXSizeTwoSym' (STIXSizTwoSymBol.ttf) normal normal 700 normal>) = 10.335
2026-06-26 17:01:09,873 DEBUG matplotlib.font_manager: findfont: score(<Font 'DejaVu Sans Mono' (DejaVuSansMono-Bold.ttf) normal normal 700 normal>) = 0.33499999999999996
2026-06-26 17:01:09,873 DEBUG matplotlib.font_manager: findfont: score(<Font 'DejaVu Sans' (DejaVuSans-Bold.ttf) normal normal 700 normal>) = 10.335
2026-06-26 17:01:09,873 DEBUG matplotlib.font_manager: findfont: score(<Font 'DejaVu Sans Mono' (DejaVuSansMono.ttf) normal normal 400 normal>) = 0.05
2026-06-26 17:01:09,873 DEBUG matplotlib.font_manager: findfont: score(<Font 'DejaVu Serif' (DejaVuSerif-Bold.ttf) normal normal 700 normal>) = 10.335
2026-06-26 17:01:09,873 DEBUG matplotlib.font_manager: findfont: score(<Font 'DejaVu Sans Mono' (DejaVuSansMono-Bold.ttf) normal normal 700 normal>) = 0.33499999999999996
2026-06-26 17:01:09,873 DEBUG matplotlib.font_manager: findfont: score(<Font 'DejaVu Serif' (DejaVuSerif.ttf) normal normal 400 normal>) = 10.05
2026-06-26 17:01:09,873 DEBUG matplotlib.font_manager: findfont: score(<Font 'DejaVu Sans' (DejaVuSans.ttf) normal normal 400 normal>) = 10.05
2026-06-26 17:01:09,873 DEBUG matplotlib.font_manager: findfont: Matching DejaVu Sans Mono:style=normal:variant=normal:weight=normal:stretch=normal:size=10.0 to DejaVu Sans Mono ('/tmp/_MEIuzV4lk/matplotlib/mpl-data/fonts/ttf/DejaVuSansMono.ttf') with score of 0.050000.
2026-06-26 17:01:09,874 DEBUG matplotlib.font_manager: findfont: Matching DejaVu Sans Display:style=normal:variant=normal:weight=normal:stretch=normal:size=10.0.
2026-06-26 17:01:09,874 DEBUG matplotlib.font_manager: findfont: score(<Font 'cmsy10' (cmsy10.ttf) normal normal 400 normal>) = 10.05
2026-06-26 17:01:09,874 DEBUG matplotlib.font_manager: findfont: score(<Font 'DejaVu Sans' (DejaVuSans.ttf) normal normal 400 normal>) = 10.05
2026-06-26 17:01:09,874 DEBUG matplotlib.font_manager: findfont: score(<Font 'STIXSizeOneSym' (STIXSizOneSymReg.ttf) normal normal 400 normal>) = 10.05
2026-06-26 17:01:09,874 DEBUG matplotlib.font_manager: findfont: score(<Font 'STIXNonUnicode' (STIXNonUniBolIta.ttf) italic normal 700 normal>) = 11.335
2026-06-26 17:01:09,874 DEBUG matplotlib.font_manager: findfont: score(<Font 'STIXSizeFourSym' (STIXSizFourSymBol.ttf) normal normal 700 normal>) = 10.335
2026-06-26 17:01:09,874 DEBUG matplotlib.font_manager: findfont: score(<Font 'STIXGeneral' (STIXGeneralItalic.ttf) italic normal 400 normal>) = 11.05
2026-06-26 17:01:09,874 DEBUG matplotlib.font_manager: findfont: score(<Font 'STIXSizeFourSym' (STIXSizFourSymReg.ttf) normal normal 400 normal>) = 10.05
2026-06-26 17:01:09,874 DEBUG matplotlib.font_manager: findfont: score(<Font 'cmb10' (cmb10.ttf) normal normal 400 normal>) = 10.05
2026-06-26 17:01:09,874 DEBUG matplotlib.font_manager: findfont: score(<Font 'cmex10' (cmex10.ttf) normal normal 400 normal>) = 10.05
2026-06-26 17:01:09,874 DEBUG matplotlib.font_manager: findfont: score(<Font 'DejaVu Serif' (DejaVuSerif-Italic.ttf) italic normal 400 normal>) = 11.05
2026-06-26 17:01:09,874 DEBUG matplotlib.font_manager: findfont: score(<Font 'STIXNonUnicode' (STIXNonUni.ttf) normal normal 400 normal>) = 10.05
2026-06-26 17:01:09,874 DEBUG matplotlib.font_manager: findfont: score(<Font 'STIXNonUnicode' (STIXNonUniIta.ttf) italic normal 400 normal>) = 11.05
2026-06-26 17:01:09,874 DEBUG matplotlib.font_manager: findfont: score(<Font 'STIXGeneral' (STIXGeneralBolIta.ttf) italic normal 700 normal>) = 11.335
2026-06-26 17:01:09,874 DEBUG matplotlib.font_manager: findfont: score(<Font 'DejaVu Sans Mono' (DejaVuSansMono-BoldOblique.ttf) oblique normal 700 normal>) = 11.335
2026-06-26 17:01:09,874 DEBUG matplotlib.font_manager: findfont: score(<Font 'DejaVu Sans Mono' (DejaVuSansMono-Oblique.ttf) oblique normal 400 normal>) = 11.05
2026-06-26 17:01:09,874 DEBUG matplotlib.font_manager: findfont: score(<Font 'DejaVu Sans Mono' (DejaVuSansMono.ttf) normal normal 400 normal>) = 10.05
2026-06-26 17:01:09,874 DEBUG matplotlib.font_manager: findfont: score(<Font 'STIXNonUnicode' (STIXNonUniBol.ttf) normal normal 700 normal>) = 10.335
2026-06-26 17:01:09,874 DEBUG matplotlib.font_manager: findfont: score(<Font 'DejaVu Sans' (DejaVuSans-Bold.ttf) normal normal 700 normal>) = 10.335
2026-06-26 17:01:09,874 DEBUG matplotlib.font_manager: findfont: score(<Font 'STIXSizeFiveSym' (STIXSizFiveSymReg.ttf) normal normal 400 normal>) = 10.05
2026-06-26 17:01:09,874 DEBUG matplotlib.font_manager: findfont: score(<Font 'STIXSizeTwoSym' (STIXSizTwoSymReg.ttf) normal normal 400 normal>) = 10.05
2026-06-26 17:01:09,874 DEBUG matplotlib.font_manager: findfont: score(<Font 'STIXGeneral' (STIXGeneralBol.ttf) normal normal 700 normal>) = 10.335
2026-06-26 17:01:09,874 DEBUG matplotlib.font_manager: findfont: score(<Font 'STIXSizeOneSym' (STIXSizOneSymBol.ttf) normal normal 700 normal>) = 10.335
2026-06-26 17:01:09,874 DEBUG matplotlib.font_manager: findfont: score(<Font 'DejaVu Sans' (DejaVuSans-BoldOblique.ttf) oblique normal 700 normal>) = 11.335
2026-06-26 17:01:09,874 DEBUG matplotlib.font_manager: findfont: score(<Font 'cmr10' (cmr10.ttf) normal normal 400 normal>) = 10.05
2026-06-26 17:01:09,874 DEBUG matplotlib.font_manager: findfont: score(<Font 'DejaVu Sans' (DejaVuSans-Oblique.ttf) oblique normal 400 normal>) = 11.05
2026-06-26 17:01:09,874 DEBUG matplotlib.font_manager: findfont: score(<Font 'DejaVu Serif' (DejaVuSerif-BoldItalic.ttf) italic normal 700 normal>) = 11.335
2026-06-26 17:01:09,874 DEBUG matplotlib.font_manager: findfont: score(<Font 'DejaVu Serif Display' (DejaVuSerifDisplay.ttf) normal normal 400 normal>) = 10.05
2026-06-26 17:01:09,874 DEBUG matplotlib.font_manager: findfont: score(<Font 'cmmi10' (cmmi10.ttf) normal normal 400 normal>) = 10.05
2026-06-26 17:01:09,875 DEBUG matplotlib.font_manager: findfont: score(<Font 'STIXSizeThreeSym' (STIXSizThreeSymReg.ttf) normal normal 400 normal>) = 10.05
2026-06-26 17:01:09,875 DEBUG matplotlib.font_manager: findfont: score(<Font 'DejaVu Serif' (DejaVuSerif-Bold.ttf) normal normal 700 normal>) = 10.335
2026-06-26 17:01:09,875 DEBUG matplotlib.font_manager: findfont: score(<Font 'STIXSizeThreeSym' (STIXSizThreeSymBol.ttf) normal normal 700 normal>) = 10.335
2026-06-26 17:01:09,875 DEBUG matplotlib.font_manager: findfont: score(<Font 'cmtt10' (cmtt10.ttf) normal normal 400 normal>) = 10.05
2026-06-26 17:01:09,875 DEBUG matplotlib.font_manager: findfont: score(<Font 'STIXGeneral' (STIXGeneral.ttf) normal normal 400 normal>) = 10.05
2026-06-26 17:01:09,875 DEBUG matplotlib.font_manager: findfont: score(<Font 'cmss10' (cmss10.ttf) normal normal 400 normal>) = 10.05
2026-06-26 17:01:09,875 DEBUG matplotlib.font_manager: findfont: score(<Font 'DejaVu Sans Display' (DejaVuSansDisplay.ttf) normal normal 400 normal>) = 0.05
2026-06-26 17:01:09,875 DEBUG matplotlib.font_manager: findfont: score(<Font 'DejaVu Serif' (DejaVuSerif.ttf) normal normal 400 normal>) = 10.05
2026-06-26 17:01:09,875 DEBUG matplotlib.font_manager: findfont: score(<Font 'STIXSizeTwoSym' (STIXSizTwoSymBol.ttf) normal normal 700 normal>) = 10.335
2026-06-26 17:01:09,875 DEBUG matplotlib.font_manager: findfont: score(<Font 'DejaVu Sans Mono' (DejaVuSansMono-Bold.ttf) normal normal 700 normal>) = 10.335
2026-06-26 17:01:09,875 DEBUG matplotlib.font_manager: findfont: score(<Font 'DejaVu Sans' (DejaVuSans-Bold.ttf) normal normal 700 normal>) = 10.335
2026-06-26 17:01:09,875 DEBUG matplotlib.font_manager: findfont: score(<Font 'DejaVu Sans Mono' (DejaVuSansMono.ttf) normal normal 400 normal>) = 10.05
2026-06-26 17:01:09,875 DEBUG matplotlib.font_manager: findfont: score(<Font 'DejaVu Serif' (DejaVuSerif-Bold.ttf) normal normal 700 normal>) = 10.335
2026-06-26 17:01:09,875 DEBUG matplotlib.font_manager: findfont: score(<Font 'DejaVu Sans Mono' (DejaVuSansMono-Bold.ttf) normal normal 700 normal>) = 10.335
2026-06-26 17:01:09,875 DEBUG matplotlib.font_manager: findfont: score(<Font 'DejaVu Serif' (DejaVuSerif.ttf) normal normal 400 normal>) = 10.05
2026-06-26 17:01:09,875 DEBUG matplotlib.font_manager: findfont: score(<Font 'DejaVu Sans' (DejaVuSans.ttf) normal normal 400 normal>) = 10.05
2026-06-26 17:01:09,875 DEBUG matplotlib.font_manager: findfont: Matching DejaVu Sans Display:style=normal:variant=normal:weight=normal:stretch=normal:size=10.0 to DejaVu Sans Display ('/tmp/_MEIuzV4lk/matplotlib/mpl-data/fonts/ttf/DejaVuSansDisplay.ttf') with score of 0.050000.
2026-06-26 17:01:10,017 DEBUG matplotlib.ticker: vmin 1e-05 vmax 13487.104010777435
2026-06-26 17:01:10,017 DEBUG matplotlib.ticker: ticklocs array([], dtype=float64)
2026-06-26 17:01:10,020 DEBUG matplotlib.ticker: vmin 0.00044668359215096305 vmax 22387.21138568338
2026-06-26 17:01:10,021 DEBUG matplotlib.ticker: ticklocs array([2.e-05, 3.e-05, 4.e-05, 5.e-05, 6.e-05, 7.e-05, 8.e-05, 9.e-05,
       2.e-04, 3.e-04, 4.e-04, 5.e-04, 6.e-04, 7.e-04, 8.e-04, 9.e-04,
       2.e-03, 3.e-03, 4.e-03, 5.e-03, 6.e-03, 7.e-03, 8.e-03, 9.e-03,
       2.e-02, 3.e-02, 4.e-02, 5.e-02, 6.e-02, 7.e-02, 8.e-02, 9.e-02,
       2.e-01, 3.e-01, 4.e-01, 5.e-01, 6.e-01, 7.e-01, 8.e-01, 9.e-01,
       2.e+00, 3.e+00, 4.e+00, 5.e+00, 6.e+00, 7.e+00, 8.e+00, 9.e+00,
       2.e+01, 3.e+01, 4.e+01, 5.e+01, 6.e+01, 7.e+01, 8.e+01, 9.e+01,
       2.e+02, 3.e+02, 4.e+02, 5.e+02, 6.e+02, 7.e+02, 8.e+02, 9.e+02,
       2.e+03, 3.e+03, 4.e+03, 5.e+03, 6.e+03, 7.e+03, 8.e+03, 9.e+03,
       2.e+04, 3.e+04, 4.e+04, 5.e+04, 6.e+04, 7.e+04, 8.e+04, 9.e+04,
       2.e+05, 3.e+05, 4.e+05, 5.e+05, 6.e+05, 7.e+05, 8.e+05, 9.e+05,
       2.e+06, 3.e+06, 4.e+06, 5.e+06, 6.e+06, 7.e+06, 8.e+06, 9.e+06])
2026-06-26 17:01:10,123 DEBUG matplotlib.ticker: vmin 0.00044668359215096305 vmax 22387.21138568338
2026-06-26 17:01:10,123 DEBUG matplotlib.ticker: ticklocs array([2.e-05, 3.e-05, 4.e-05, 5.e-05, 6.e-05, 7.e-05, 8.e-05, 9.e-05,
       2.e-04, 3.e-04, 4.e-04, 5.e-04, 6.e-04, 7.e-04, 8.e-04, 9.e-04,
       2.e-03, 3.e-03, 4.e-03, 5.e-03, 6.e-03, 7.e-03, 8.e-03, 9.e-03,
       2.e-02, 3.e-02, 4.e-02, 5.e-02, 6.e-02, 7.e-02, 8.e-02, 9.e-02,
       2.e-01, 3.e-01, 4.e-01, 5.e-01, 6.e-01, 7.e-01, 8.e-01, 9.e-01,
       2.e+00, 3.e+00, 4.e+00, 5.e+00, 6.e+00, 7.e+00, 8.e+00, 9.e+00,
       2.e+01, 3.e+01, 4.e+01, 5.e+01, 6.e+01, 7.e+01, 8.e+01, 9.e+01,
       2.e+02, 3.e+02, 4.e+02, 5.e+02, 6.e+02, 7.e+02, 8.e+02, 9.e+02,
       2.e+03, 3.e+03, 4.e+03, 5.e+03, 6.e+03, 7.e+03, 8.e+03, 9.e+03,
       2.e+04, 3.e+04, 4.e+04, 5.e+04, 6.e+04, 7.e+04, 8.e+04, 9.e+04,
       2.e+05, 3.e+05, 4.e+05, 5.e+05, 6.e+05, 7.e+05, 8.e+05, 9.e+05,
       2.e+06, 3.e+06, 4.e+06, 5.e+06, 6.e+06, 7.e+06, 8.e+06, 9.e+06])
2026-06-26 17:01:10,219 DEBUG matplotlib.ticker: vmin 1e-05 vmax 13487.104010777435
2026-06-26 17:01:10,219 DEBUG matplotlib.ticker: ticklocs array([], dtype=float64)
2026-06-26 17:01:10,224 DEBUG matplotlib.ticker: vmin 1e-05 vmax 13487.104010777435
2026-06-26 17:01:10,224 DEBUG matplotlib.ticker: ticklocs array([], dtype=float64)
2026-06-26 17:01:10,226 DEBUG matplotlib.ticker: vmin 0.00044668359215096305 vmax 22387.21138568338
2026-06-26 17:01:10,227 DEBUG matplotlib.ticker: ticklocs array([2.e-05, 3.e-05, 4.e-05, 5.e-05, 6.e-05, 7.e-05, 8.e-05, 9.e-05,
       2.e-04, 3.e-04, 4.e-04, 5.e-04, 6.e-04, 7.e-04, 8.e-04, 9.e-04,
       2.e-03, 3.e-03, 4.e-03, 5.e-03, 6.e-03, 7.e-03, 8.e-03, 9.e-03,
       2.e-02, 3.e-02, 4.e-02, 5.e-02, 6.e-02, 7.e-02, 8.e-02, 9.e-02,
       2.e-01, 3.e-01, 4.e-01, 5.e-01, 6.e-01, 7.e-01, 8.e-01, 9.e-01,
       2.e+00, 3.e+00, 4.e+00, 5.e+00, 6.e+00, 7.e+00, 8.e+00, 9.e+00,
       2.e+01, 3.e+01, 4.e+01, 5.e+01, 6.e+01, 7.e+01, 8.e+01, 9.e+01,
       2.e+02, 3.e+02, 4.e+02, 5.e+02, 6.e+02, 7.e+02, 8.e+02, 9.e+02,
       2.e+03, 3.e+03, 4.e+03, 5.e+03, 6.e+03, 7.e+03, 8.e+03, 9.e+03,
       2.e+04, 3.e+04, 4.e+04, 5.e+04, 6.e+04, 7.e+04, 8.e+04, 9.e+04,
       2.e+05, 3.e+05, 4.e+05, 5.e+05, 6.e+05, 7.e+05, 8.e+05, 9.e+05,
       2.e+06, 3.e+06, 4.e+06, 5.e+06, 6.e+06, 7.e+06, 8.e+06, 9.e+06])
2026-06-26 17:01:10,250 DEBUG matplotlib.ticker: vmin 0.00044668359215096305 vmax 22387.21138568338
2026-06-26 17:01:10,250 DEBUG matplotlib.ticker: ticklocs array([2.e-05, 3.e-05, 4.e-05, 5.e-05, 6.e-05, 7.e-05, 8.e-05, 9.e-05,
       2.e-04, 3.e-04, 4.e-04, 5.e-04, 6.e-04, 7.e-04, 8.e-04, 9.e-04,
       2.e-03, 3.e-03, 4.e-03, 5.e-03, 6.e-03, 7.e-03, 8.e-03, 9.e-03,
       2.e-02, 3.e-02, 4.e-02, 5.e-02, 6.e-02, 7.e-02, 8.e-02, 9.e-02,
       2.e-01, 3.e-01, 4.e-01, 5.e-01, 6.e-01, 7.e-01, 8.e-01, 9.e-01,
       2.e+00, 3.e+00, 4.e+00, 5.e+00, 6.e+00, 7.e+00, 8.e+00, 9.e+00,
       2.e+01, 3.e+01, 4.e+01, 5.e+01, 6.e+01, 7.e+01, 8.e+01, 9.e+01,
       2.e+02, 3.e+02, 4.e+02, 5.e+02, 6.e+02, 7.e+02, 8.e+02, 9.e+02,
       2.e+03, 3.e+03, 4.e+03, 5.e+03, 6.e+03, 7.e+03, 8.e+03, 9.e+03,
       2.e+04, 3.e+04, 4.e+04, 5.e+04, 6.e+04, 7.e+04, 8.e+04, 9.e+04,
       2.e+05, 3.e+05, 4.e+05, 5.e+05, 6.e+05, 7.e+05, 8.e+05, 9.e+05,
       2.e+06, 3.e+06, 4.e+06, 5.e+06, 6.e+06, 7.e+06, 8.e+06, 9.e+06])
2026-06-26 17:01:10,291 INFO common.report_asm: report infomation: ##############################
Sub-module: Summary
------------------------------
Name: Total Instructions
Description: number of all instructions
Value: 137,052
------------------------------
Name: Compute Instructions
Description: number of compute instructions
Value: 130,393
------------------------------
Name: Memory Instructions
Description: number of memory instructions
Value: 6,659
------------------------------
Name: Total Cycles
Description: cycles use by kernel
Value: 3,433,003.05(Kcycles)
------------------------------
Name: Memory Access per Second
Description: memory access per second
Value: 28,408.45(MB/s)
------------------------------
Name: Average AP busy cycles
Description: Average busy cycles per AP
Value: 9,391.6
------------------------------
Name: AP busy Duty
Description: average AP busy duty of total cycles
Value: 0.00%
------------------------------
Name: Compute Instructions busy Duty
Description: Compute Instructions busy duty of total AP cycles
Value: 14.31%
##############################
Sub-module: CE Statistics
------------------------------
Name: WORKGROUPS
Description: ce send workgroup
Value: 55.0
------------------------------
Name: WAVES
Description: ce send waves
Value: 284.0
------------------------------
Name: Average Wave life cycles
Description: average life cycles per wave from start to end
Value: 3,662.83
##############################
Sub-module: ISU Statistics
------------------------------
Name: Compute Instructions Cycles Rate
Description: rate between compute instructions cycles
Value: {
    "data": {
        "MTE_4CYCLES": 251156.0,
        "MTE_16CYCLES": 176128.0,
        "MMA_16CYCLES": 0.0,
        "MMA_32CYCLES": 0.0
    },
    "filename": "/home/ailab/maca-vendor-workspace/maca_c_opt/workspace/head_compute_mix_bwd_run/profile-artifacts/head_compute_mix_bwd_v0_baseline/mcprofiler_raw_baseline/Compute_Instructions_Cycles_Rate20260626170108839.png"
}
------------------------------
Name: DPC Computing cycles comparison
Description: Comparison on AP computing cycles
Value: {
    "data": {
        "0": 37260.0,
        "1": 34832.0,
        "2": 34832.0,
        "3": 39704.0,
        "4": 37260.0,
        "5": 37276.0,
        "6": 37276.0,
        "7": 37260.0
    },
    "filename": "/home/ailab/maca-vendor-workspace/maca_c_opt/workspace/head_compute_mix_bwd_run/profile-artifacts/head_compute_mix_bwd_v0_baseline/mcprofiler_raw_baseline/DPC_Computing_cycles_comparison20260626170108949.png"
}
------------------------------
Name: ISU stall cycles layout
Description: ISU stall cycles layout
Value: {
    "data": {
        "wsm_stall": 4118.0,
        "vls_pipeline_stall": 1026.0,
        "vls_wdata_stall": 2764.0,
        "valu_stall": 0.0
    },
    "filename": "/home/ailab/maca-vendor-workspace/maca_c_opt/workspace/head_compute_mix_bwd_run/profile-artifacts/head_compute_mix_bwd_v0_baseline/mcprofiler_raw_baseline/ISU_stall_cycles_layout20260626170109153.png"
}
------------------------------
Name: Instructions Comparison
Description: Comparison between all instructions
Value: {
    "data": {
        "MTE": 61035.0,
        "MMA": 0.0,
        "STE": 31347.0,
        "GVM": 679.0,
        "BSM": 4304.0,
        "LDU": 1676.0,
        "MISC": 38011.0
    },
    "filename": "/home/ailab/maca-vendor-workspace/maca_c_opt/workspace/head_compute_mix_bwd_run/profile-artifacts/head_compute_mix_bwd_v0_baseline/mcprofiler_raw_baseline/Instructions_Comparison20260626170109045.png"
}
##############################
Sub-module: Memory Statistics
------------------------------
Name: Global Read Instructions
Description: Number of global read instructions in all APs
Value: 384
------------------------------
Name: Global Write Instructions
Description: Number of global write instructions in all APs
Value: 255
------------------------------
Name: Global Atomic Instructions
Description: Number of global atomic instructions in all APs
Value: 32.0
------------------------------
Name: Private Read Instructions
Description: Number of private read instructions in all APs
Value: 0
------------------------------
Name: Private Write Instructions
Description: Number of private write instructions in all APs
Value: 0
------------------------------
Name: Constant Read Instructions
Description: Number of smem instructions in all APs
Value: 1,676
------------------------------
Name: Constant Read SL1 Instructions
Description: Num of LDU instructions in all SL1s
Value: 1,036
------------------------------
Name: Constant Read L2 Instructions
Description: Num of SL1 data miss requests
Value: 69
------------------------------
Name: Constant SL1 Hit Rate
Description: Total LDU instructions hit rate in all SL1s
Value: 93.46%
------------------------------
Name: VL1 Read Instructions
Description: total read instructions in all VL1s
Value: 384
------------------------------
Name: VL1 Write Instructions
Description: total write instructions in all VL1s
Value: 263
------------------------------
Name: VL1 Atomic Instructions
Description: total atomic instructions in all VL1s
Value: 32.0
------------------------------
Name: VL1 Hit Rate
Description: hit rate of all instructions in all VL1s
Value: 92.06%
------------------------------
Name: L2C Read Instructions
Description: total read instructions in all L2Cs
Value: 5,830
------------------------------
Name: L2C Write Instructions
Description: total write instructions in all L2Cs
Value: 2,657
------------------------------
Name: L2C Atomic Instructions
Description: total atomic instructions in all L2Cs
Value: 32.0
------------------------------
Name: L2C Hit Rate
Description: hit rate of all instructions in all L2Cs
Value: 13.88%
------------------------------
Name: Total Atomic Instructions
Description: total atomic instructions in memory access, include global atomic and shared memory atomic
Value: 30.0
------------------------------
Name: Dnoc Read Req
Description: number of dnoc read requests
Value: 5,001.0
------------------------------
Name: Dnoc Write Req
Description: number of dnoc write requests
Value: 1,379.0
------------------------------
Name: Global Memory Read bytes
Description: bytes read from global memory
Value: 351,840.0byte
------------------------------
Name: Global Memory Write bytes
Description: bytes write from global memory
Value: 167,008.0byte
------------------------------
Name: Dnoc Read Average Latency
Description: average latency of dnoc read request
Value: 415.45
------------------------------
Name: Memory Data Flow Chart
Description: 
Value: {
    "data": {
        "vl1c": 92.05952293398053,
        "l2c": 13.883600761490346,
        "sl1": 93.45971563981043,
        "global_kernel_rd": 384,
        "global_kernel_wr": 255,
        "private_kernel_rd": 0,
        "private_kernel_wr": 0,
        "generic_kernel_rd": 0,
        "generic_kernel_wr": 0,
        "const_kernel_rd": 1676,
        "shared_kernel_rd": 2368,
        "shared_kernel_wr": 1936,
        "Ggeneric_vl1c_rd": 384,
        "Ggeneric_vl1c_wr": 263,
        "const_sl1c_rd": 1036,
        "sl1_l2c_rd": 69,
        "vl1c_l2c_rd": 5830,
        "vl1c_l2c_wr": 2657,
        "l2c_Gmemory_rd": null,
        "l2c_Gmemory_wr": null
    },
    "filename": "/home/ailab/maca-vendor-workspace/maca_c_opt/workspace/head_compute_mix_bwd_run/profile-artifacts/head_compute_mix_bwd_v0_baseline/mcprofiler_raw_baseline/Memory_Data_Flow_Chart20260626170109260.png"
}
------------------------------
Name: Dnoc Read Latency Histogram
Description: histogram of dnoc read latency
Value: {
    "data": {
        "0-255": 599.0,
        "256-511": 3377.0,
        "512-1k": 839.0,
        "1k-2k": 2895.0,
        "2k-": 0.0
    },
    "filename": "/home/ailab/maca-vendor-workspace/maca_c_opt/workspace/head_compute_mix_bwd_run/profile-artifacts/head_compute_mix_bwd_v0_baseline/mcprofiler_raw_baseline/Dnoc_Read_Latency_Histogram20260626170109454.png"
}
------------------------------
Name: VL1 partition stall cycles layout
Description: VL1 partition access stall cycles layout
Value: {
    "data": {
        "pt0": 0.0,
        "pt1": 0.0,
        "pt2": 0.0,
        "pt3": 0.0
    },
    "filename": "/home/ailab/maca-vendor-workspace/maca_c_opt/workspace/head_compute_mix_bwd_run/profile-artifacts/head_compute_mix_bwd_v0_baseline/mcprofiler_raw_baseline/VL1_partition_stall_cycles_layout20260626170109550.png"
}
##############################
Sub-module: Workgroup Memory
------------------------------
Name: load instructions
Description: number of total workgroup memory load instructions
Value: 2,368.0
------------------------------
Name: store instructions
Description: number of total workgroup memory write instructions
Value: 1,936.0
------------------------------
Name: atomic instructions
Description: number of total workgroup memory atomic instructions
Value: 0.0
------------------------------
Name: total instructions
Description: number of total workgroup memory instructions
Value: 4,304.0
------------------------------
Name: average latency per load instruction
Description: average latency per WG-load from issue to mem-ops done
Value: 34.53
------------------------------
Name: average latency per store instruction
Description: average latency per WG-store from issue to memops done
Value: 29.97
------------------------------
Name: average latency per atomic instruction
Description: average latency per WG-atom from issue to memops done
Value: 0
------------------------------
Name: average latency of all stages per instruction
Description: average latency of all WG-inst from issue to memops done
Value: 38.88
------------------------------
Name: average cycles per load instruction
Description: average cycles per WG-load when issuing (with bank conflict)
Value: 2.02
------------------------------
Name: average cycles per store instruction
Description: average cycles per WG-store when issuing (with bank conflict)
Value: 2.0
------------------------------
Name: average cycles per atomic instruction
Description: average cycles per WG-atom when issuing (with bank conflict)
Value: 0
------------------------------
Name: average conflict cycles per instruction
Description: average conflict cycles per WG-inst when bank conflict happens
Value: 0.01
------------------------------
Name: average cycles per instruction
Description: average cycles per WG-inst when issuing (with bank conflict)
Value: 2.01
------------------------------
Name: shared memory access efficiency
Description: Proportion of NON-CONFLICT access
Value: 99.45%
##############################
Sub-module: Occupancy
------------------------------
Name: Achieved waves
Description: number of achieved waves
Value: 280.0
------------------------------
Name: Dispatched waves
Description: number of dispatched waves
Value: 284.0
##############################
Sub-module: GPU Throughput Statistics
------------------------------
Name: AP active cycles
Description: number of wave instruction cycles executed on the AP
Value: 516,538.0
------------------------------
Name: AP MTE Duty ratio
Description: MTE Duty ratio relative to AP active
Value: 12.69%
------------------------------
Name: AP STE Duty ratio
Description: STE Duty ratio relative to AP active
Value: 6.07%
------------------------------
Name: AP MMA Duty ratio
Description: MMA Duty ratio relative to AP active
Value: 0.0%
------------------------------
Name: VLS Duty ratio
Description: VLS Duty ratio relative to AP active
Value: 0.0%
------------------------------
Name: L2C Duty ratio
Description: L2C Duty ratio relative to L2C active
Value: 0.00%
##############################
Sub-module: Compute workload
------------------------------
Name: instruction per cycle
Description: The number of instructions per busy cycle across all sub-unit instances
Value: 8.74
------------------------------
Name: instruction throughput
Description: The percent of achieved instructions and theoretical instructions during all busy cycles 
Value: 0.08
------------------------------
Name: instruction throughput efficiency
Description: The percentage of the maximum instruction throughput achieved during all busy cycles 
Value: 2.10%
##############################
Sub-module: Instruction Statistics
------------------------------
Name: instruction number
Description: The total number of instructions
Value: 137,052.0
------------------------------
Name: instructions per AP
Description: The number of instructions per PEU
Value: 1,317.81
##############################
Sub-module: Internal
------------------------------
Name: RoofLine
Description: 
Value: {
    "processed_data": {
        "all_ops": 3849408.0,
        "all_memacs": 518848.0,
        "during": 15676.0,
        "block_num": 104,
        "vl1_memacs": 163164.0,
        "l2c_memacs": 81920.0
    },
    "data": {
        "all_ops": 3849408.0,
        "all_memacs": 518848.0,
        "block_num": 104,
        "during": 15676.0,
        "core_clk": 1.125,
        "MAX_Flops_base": 0.117,
        "case_flops": 0.276255677468742,
        "MAX_Bandwith": 1843.2,
        "MAX_I": 260.0,
        "case_I": 7.419143949673122,
        "case_bandwith": 37.235519265118654,
        "case_VL1_I": 23.592262999190996,
        "case_L2C_I": 46.98984375,
        "mc_clk": 0.9
    },
    "filename": "/home/ailab/maca-vendor-workspace/maca_c_opt/workspace/head_compute_mix_bwd_run/profile-artifacts/head_compute_mix_bwd_v0_baseline/mcprofiler_raw_baseline/RoofLine20260626170109764.png"
}
2026-06-26 17:01:10,303 DEBUG PIL.PngImagePlugin: STREAM b'IHDR' 16 13
2026-06-26 17:01:10,303 DEBUG PIL.PngImagePlugin: STREAM b'tEXt' 41 57
2026-06-26 17:01:10,303 DEBUG PIL.PngImagePlugin: STREAM b'pHYs' 110 9
2026-06-26 17:01:10,303 DEBUG PIL.PngImagePlugin: STREAM b'IDAT' 131 33520
2026-06-26 17:01:10,353 DEBUG PIL.PngImagePlugin: STREAM b'IHDR' 16 13
2026-06-26 17:01:10,353 DEBUG PIL.PngImagePlugin: STREAM b'tEXt' 41 57
2026-06-26 17:01:10,353 DEBUG PIL.PngImagePlugin: STREAM b'pHYs' 110 9
2026-06-26 17:01:10,353 DEBUG PIL.PngImagePlugin: STREAM b'IDAT' 131 54410
2026-06-26 17:01:10,410 DEBUG PIL.PngImagePlugin: STREAM b'IHDR' 16 13
2026-06-26 17:01:10,410 DEBUG PIL.PngImagePlugin: STREAM b'tEXt' 41 57
2026-06-26 17:01:10,410 DEBUG PIL.PngImagePlugin: STREAM b'pHYs' 110 9
2026-06-26 17:01:10,410 DEBUG PIL.PngImagePlugin: STREAM b'IDAT' 131 37803
2026-06-26 17:01:10,458 DEBUG PIL.PngImagePlugin: STREAM b'IHDR' 16 13
2026-06-26 17:01:10,458 DEBUG PIL.PngImagePlugin: STREAM b'tEXt' 41 57
2026-06-26 17:01:10,458 DEBUG PIL.PngImagePlugin: STREAM b'pHYs' 110 9
2026-06-26 17:01:10,458 DEBUG PIL.PngImagePlugin: STREAM b'IDAT' 131 27265
2026-06-26 17:01:10,510 DEBUG PIL.PngImagePlugin: STREAM b'IHDR' 16 13
2026-06-26 17:01:10,510 DEBUG PIL.PngImagePlugin: STREAM b'tEXt' 41 57
2026-06-26 17:01:10,510 DEBUG PIL.PngImagePlugin: STREAM b'pHYs' 110 9
2026-06-26 17:01:10,510 DEBUG PIL.PngImagePlugin: STREAM b'IDAT' 131 57455
2026-06-26 17:01:10,567 DEBUG PIL.PngImagePlugin: STREAM b'IHDR' 16 13
2026-06-26 17:01:10,567 DEBUG PIL.PngImagePlugin: STREAM b'tEXt' 41 57
2026-06-26 17:01:10,567 DEBUG PIL.PngImagePlugin: STREAM b'pHYs' 110 9
2026-06-26 17:01:10,567 DEBUG PIL.PngImagePlugin: STREAM b'IDAT' 131 25408
2026-06-26 17:01:10,617 DEBUG PIL.PngImagePlugin: STREAM b'IHDR' 16 13
2026-06-26 17:01:10,617 DEBUG PIL.PngImagePlugin: STREAM b'tEXt' 41 57
2026-06-26 17:01:10,617 DEBUG PIL.PngImagePlugin: STREAM b'pHYs' 110 9
2026-06-26 17:01:10,617 DEBUG PIL.PngImagePlugin: STREAM b'IDAT' 131 10280
2026-06-26 17:01:10,658 DEBUG PIL.PngImagePlugin: STREAM b'IHDR' 16 13
2026-06-26 17:01:10,658 DEBUG PIL.PngImagePlugin: STREAM b'tEXt' 41 57
2026-06-26 17:01:10,658 DEBUG PIL.PngImagePlugin: STREAM b'pHYs' 110 9
2026-06-26 17:01:10,658 DEBUG PIL.PngImagePlugin: STREAM b'IDAT' 131 65536
2026-06-26 17:01:10,855 INFO phttp.server_backend: complete task f7a42721-7329-4f0e-81f3-0189b394263f
2026-06-26 17:01:13,590 DEBUG urllib3.connectionpool: Starting new HTTP connection (1): 127.0.0.1:50123
2026-06-26 17:01:13,594 INFO werkzeug: 127.0.0.1 - - [26/Jun/2026 17:01:13] "GET /perf_progress?exec_id=f7a42721-7329-4f0e-81f3-0189b394263f HTTP/1.1" 200 -
2026-06-26 17:01:13,595 DEBUG urllib3.connectionpool: http://127.0.0.1:50123 "GET /perf_progress?exec_id=f7a42721-7329-4f0e-81f3-0189b394263f HTTP/1.1" 200 9960
2026-06-26 17:01:18,603 DEBUG urllib3.connectionpool: Starting new HTTP connection (1): 127.0.0.1:50123
2026-06-26 17:01:18,606 INFO werkzeug: 127.0.0.1 - - [26/Jun/2026 17:01:18] "GET /perf_progress?exec_id=f7a42721-7329-4f0e-81f3-0189b394263f HTTP/1.1" 200 -
2026-06-26 17:01:18,607 DEBUG urllib3.connectionpool: http://127.0.0.1:50123 "GET /perf_progress?exec_id=f7a42721-7329-4f0e-81f3-0189b394263f HTTP/1.1" 200 9960
2026-06-26 17:01:23,614 DEBUG urllib3.connectionpool: Starting new HTTP connection (1): 127.0.0.1:50123
2026-06-26 17:01:23,617 INFO werkzeug: 127.0.0.1 - - [26/Jun/2026 17:01:23] "GET /perf_progress?exec_id=f7a42721-7329-4f0e-81f3-0189b394263f HTTP/1.1" 200 -
2026-06-26 17:01:23,618 DEBUG urllib3.connectionpool: http://127.0.0.1:50123 "GET /perf_progress?exec_id=f7a42721-7329-4f0e-81f3-0189b394263f HTTP/1.1" 200 9955
2026-06-26 17:01:31,628 DEBUG urllib3.connectionpool: Starting new HTTP connection (1): 127.0.0.1:50123
2026-06-26 17:01:31,629 ERROR phttp.http_server: remove .pkey failed
2026-06-26 17:01:31,630 INFO werkzeug: 127.0.0.1 - - [26/Jun/2026 17:01:31] "GET /stop HTTP/1.1" 200 -
2026-06-26 17:01:31,630 DEBUG urllib3.connectionpool: http://127.0.0.1:50123 "GET /stop HTTP/1.1" 200 29
