2026-06-26 13:04:50,119 DEBUG matplotlib: (private) matplotlib data path: /tmp/_MEIKX0DCh/matplotlib/mpl-data
2026-06-26 13:04:50,120 DEBUG matplotlib: matplotlib data path: /tmp/_MEIKX0DCh/matplotlib/mpl-data
2026-06-26 13:04:50,123 DEBUG matplotlib: CONFIGDIR=/tmp/tmpr8c5rbp3
2026-06-26 13:04:50,125 DEBUG matplotlib: matplotlib version 3.3.4
2026-06-26 13:04:50,125 DEBUG matplotlib: interactive is False
2026-06-26 13:04:50,125 DEBUG matplotlib: platform is linux
2026-06-26 13:04:50,125 DEBUG matplotlib: loaded modules: ['builtins', 'sys', '_frozen_importlib', '_imp', '_warnings', '_thread', '_weakref', '_frozen_importlib_external', '_io', 'marshal', 'posix', 'zipimport', 'encodings', 'codecs', '_codecs', 'encodings.aliases', 'encodings.ascii', '_signal', '__main__', 'encodings.utf_8', 'encodings.latin_1', 'io', 'abc', '_weakrefset', '_bootlocale', '_locale', 'struct', '_struct', 'pyimod01_os_path', 'pyimod02_archive', 'zlib', 'pyimod03_importers', 'pyimod04_ctypes', 'os', 'errno', 'stat', '_stat', 'posixpath', 'genericpath', 'os.path', '_collections_abc', 'ctypes', '_ctypes', 'ctypes._endian', 'pkgutil', 'collections', 'operator', '_operator', 'keyword', 'heapq', '_heapq', 'itertools', 'reprlib', '_collections', 'functools', '_functools', 'types', 'collections.abc', 'weakref', 'importlib', 'importlib._bootstrap', 'importlib._bootstrap_external', 'warnings', 'importlib.util', 'importlib.abc', 'importlib.machinery', 'contextlib', 'inspect', 'ast', '_ast', 'dis', 'opcode', '_opcode', 'enum', 'linecache', 'tokenize', 're', 'sre_compile', '_sre', 'sre_parse', 'sre_constants', 'copyreg', 'token', 'pathlib', 'fnmatch', 'ntpath', 'urllib', 'urllib.parse', 'pkg_resources', 'time', 'zipfile', 'shutil', 'bz2', '_compression', 'threading', 'traceback', '_bz2', 'lzma', '_lzma', 'pwd', 'grp', 'binascii', 'platform', 'subprocess', 'signal', '_posixsubprocess', 'select', 'selectors', 'math', 'plistlib', 'datetime', '_datetime', 'xml', 'xml.parsers', 'xml.parsers.expat', 'pyexpat.errors', 'pyexpat.model', 'pyexpat', 'xml.parsers.expat.model', 'xml.parsers.expat.errors', 'email', 'email.parser', 'email.feedparser', 'email.errors', 'email._policybase', 'email.header', 'email.quoprimime', 'string', '_string', 'email.base64mime', 'base64', 'email.charset', 'email.encoders', 'quopri', 'email.utils', 'random', 'hashlib', '_hashlib', '_blake2', '_sha3', 'bisect', '_bisect', '_random', 'socket', '_socket', 'email._parseaddr', 'calendar', 'locale', 'tempfile', 'textwrap', 'pkg_resources.extern', 'pkg_resources._vendor', 'pkg_resources._vendor.appdirs', 'pkg_resources.extern.appdirs', 'pkg_resources._vendor.packaging', 'pkg_resources._vendor.packaging.__about__', 'pkg_resources.extern.packaging', 'pkg_resources.extern.packaging.version', 'typing', 'typing.io', 'typing.re', 'pkg_resources.extern.packaging._structures', 'pkg_resources.extern.packaging.specifiers', 'pkg_resources.extern.packaging.utils', 'pkg_resources.extern.packaging.tags', 'logging', 'atexit', 'sysconfig', 'pkg_resources._vendor.packaging._manylinux', 'pkg_resources._vendor.packaging._musllinux', 'pkg_resources.extern.packaging.requirements', 'pkg_resources._vendor.pyparsing', 'copy', 'pprint', 'pkg_resources.extern.pyparsing', 'pkg_resources.extern.packaging.markers', 'multiprocessing', 'multiprocessing.context', 'multiprocessing.process', 'multiprocessing.reduction', 'pickle', '_compat_pickle', '_pickle', 'array', '__mp_main__', 'multiprocessing.spawn', 'runpy', 'multiprocessing.util', 'multiprocessing.popen_fork', 'multiprocessing.popen_spawn_posix', 'concurrent', 'concurrent.futures', 'concurrent.futures._base', 'concurrent.futures.process', 'queue', 'multiprocessing.connection', '_multiprocessing', 'concurrent.futures.thread', 'argparse', 'gettext', 'common', 'common.api_common', 'json', 'json.decoder', 'json.scanner', '_json', 'json.encoder', 'paramiko', 'paramiko._version', 'paramiko.transport', 'cryptography', 'cryptography.__about__', 'cryptography.utils', 'cryptography.hazmat', 'cryptography.hazmat.backends', 'cryptography.hazmat.primitives', 'cryptography.hazmat.primitives.ciphers', 'cryptography.hazmat.primitives._cipheralgorithm', 'cryptography.hazmat.primitives.ciphers.base', 'cryptography.exceptions', 'cryptography.hazmat.primitives.ciphers.modes', 'cryptography.hazmat.primitives.ciphers.algorithms', 'paramiko.util', 'paramiko.common', 'paramiko.config', 'getpass', 'termios', 'shlex', 'paramiko.ssh_exception', 'paramiko.auth_handler', 'paramiko.message', 'paramiko.server', 'paramiko.ssh_gss', 'paramiko.channel', 'paramiko.file', 'paramiko.buffered_pipe', 'paramiko.pipe', 'paramiko.compress', 'paramiko.dsskey', 'cryptography.hazmat.primitives.hashes', 'cryptography.hazmat.primitives.serialization', 'cryptography.hazmat.primitives._serialization', 'cryptography.hazmat.primitives.serialization.base', 'cryptography.hazmat.primitives.asymmetric', 'cryptography.hazmat.primitives.asymmetric.dh', 'cryptography.hazmat.primitives.asymmetric.types', 'cryptography.hazmat.primitives.asymmetric.dsa', 'cryptography.hazmat.primitives.asymmetric.utils', 'cryptography.hazmat.bindings', '_cffi_backend', '_openssl.lib', '_openssl', 'cryptography.hazmat.bindings._rust', 'cryptography.hazmat.primitives.asymmetric.ec', 'cryptography.hazmat._oid', 'cryptography.hazmat.primitives.asymmetric.ed448', 'cryptography.hazmat.primitives.asymmetric.ed25519', 'cryptography.hazmat.primitives.asymmetric.rsa', 'cryptography.hazmat.primitives._asymmetric', 'cryptography.hazmat.primitives.asymmetric.x448', 'cryptography.hazmat.primitives.asymmetric.x25519', 'cryptography.hazmat.primitives.serialization.ssh', 'cryptography.hazmat.primitives.asymmetric.padding', 'bcrypt', '__future__', 'hmac', 'bcrypt.__about__', 'bcrypt._bcrypt', 'paramiko.ber', 'paramiko.sftp', 'paramiko.pkey', 'paramiko.ed25519key', 'nacl', 'nacl.signing', 'nacl.bindings', 'nacl.bindings.crypto_aead', 'nacl.exceptions', '_sodium.lib', '_sodium', 'nacl._sodium', 'nacl.bindings.crypto_box', 'nacl.bindings.crypto_core', 'nacl.bindings.crypto_generichash', 'nacl.bindings.crypto_hash', 'nacl.bindings.crypto_kx', 'nacl.bindings.crypto_pwhash', 'nacl.bindings.crypto_scalarmult', 'nacl.bindings.crypto_secretbox', 'nacl.bindings.crypto_secretstream', 'nacl.bindings.crypto_shorthash', 'nacl.bindings.crypto_sign', 'nacl.bindings.randombytes', 'nacl.bindings.sodium_core', 'nacl.bindings.utils', 'nacl.encoding', 'nacl.public', 'nacl.utils', 'paramiko.kex_curve25519', 'cryptography.hazmat.primitives.constant_time', 'paramiko.kex_gex', 'paramiko.kex_group1', 'paramiko.kex_group14', 'paramiko.kex_group16', 'paramiko.kex_ecdh_nist', 'paramiko.kex_gss', 'paramiko.packet', 'paramiko.primes', 'paramiko.rsakey', 'paramiko.ecdsakey', 'paramiko.sftp_client', 'paramiko.sftp_attr', 'paramiko.sftp_file', 'cryptography.hazmat.backends.openssl', 'cryptography.hazmat.backends.openssl.backend', 'cryptography.x509', 'cryptography.x509.certificate_transparency', 'cryptography.x509.base', 'cryptography.x509.extensions', 'ipaddress', 'cryptography.x509.general_name', 'cryptography.x509.name', 'cryptography.x509.oid', 'cryptography.hazmat.backends.openssl.aead', 'cryptography.hazmat.backends.openssl.ciphers', 'cryptography.hazmat.backends.openssl.cmac', 'cryptography.hazmat.backends.openssl.dh', 'cryptography.hazmat.backends.openssl.dsa', 'cryptography.hazmat.backends.openssl.utils', 'cryptography.hazmat.backends.openssl.ec', 'cryptography.hazmat.backends.openssl.ed448', 'cryptography.hazmat.backends.openssl.ed25519', 'cryptography.hazmat.backends.openssl.hashes', 'cryptography.hazmat.backends.openssl.hmac', 'cryptography.hazmat.backends.openssl.poly1305', 'cryptography.hazmat.backends.openssl.rsa', 'cryptography.hazmat.backends.openssl.x448', 'cryptography.hazmat.bindings.openssl', 'cryptography.hazmat.bindings.openssl.binding', 'cryptography.hazmat.bindings.openssl._conditional', 'cryptography.hazmat.primitives.kdf', 'cryptography.hazmat.primitives.kdf.scrypt', 'cryptography.hazmat.primitives.serialization.pkcs12', 'paramiko.client', 'paramiko.agent', 'paramiko.hostkeys', 'paramiko.auth_strategy', 'paramiko.sftp_server', 'paramiko.sftp_si', 'paramiko.sftp_handle', 'paramiko.proxy', 'sshtunnel', 'socketserver', 'utils', 'utils.exceptions', 'utils.logging', 'utils.complier', 'utils.rawdata_elements', 'common.pc_piechart', 'matplotlib', 'distutils', 'distutils.version', 'matplotlib.cbook', 'gzip', 'numpy', 'numpy._globals', 'numpy.__config__', 'numpy.version', 'numpy._distributor_init', 'numpy.core', 'numpy.core.multiarray', 'numpy.core.overrides', 'numpy.core._multiarray_umath', 'numpy.compat', 'numpy.compat._inspect', 'numpy.compat.py3k', 'numpy.core.umath', 'numpy.core.numerictypes', 'numbers', 'numpy.core._string_helpers', 'numpy.core._type_aliases', 'numpy.core._dtype', 'numpy.core.numeric', 'numpy.core.shape_base', 'numpy.core._asarray', 'numpy.core.fromnumeric', 'numpy.core._methods', 'numpy.core._exceptions', 'numpy.core._ufunc_config', 'numpy.core.arrayprint', 'numpy.core.defchararray', 'numpy.core.records', 'numpy.core.memmap', 'numpy.core.function_base', 'numpy.core.machar', 'numpy.core.getlimits', 'numpy.core.einsumfunc', 'numpy.core._add_newdocs', 'numpy.core._multiarray_tests', 'numpy.core._dtype_ctypes', 'numpy.core._internal', 'numpy._pytesttester', 'numpy.lib', 'numpy.lib.mixins', 'numpy.lib.scimath', 'numpy.lib.type_check', 'numpy.lib.ufunclike', 'numpy.lib.index_tricks', 'numpy.matrixlib', 'numpy.matrixlib.defmatrix', 'numpy.linalg', 'numpy.linalg.linalg', 'numpy.lib.twodim_base', 'numpy.linalg.lapack_lite', 'numpy.linalg._umath_linalg', 'numpy.lib.function_base', 'numpy.lib.histograms', 'numpy.lib.stride_tricks', 'numpy.lib.nanfunctions', 'numpy.lib.shape_base', 'numpy.lib.polynomial', 'numpy.lib.utils', 'numpy.lib.arraysetops', 'numpy.lib.npyio', 'numpy.lib.format', 'numpy.lib._datasource', 'numpy.lib._iotools', 'numpy.lib.financial', 'decimal', '_decimal', 'numpy.lib.arrayterator', 'numpy.lib.arraypad', 'numpy.lib._version', 'numpy.fft', 'numpy.fft._pocketfft', 'numpy.fft._pocketfft_internal', 'numpy.fft.helper', 'numpy.polynomial', 'numpy.polynomial.polynomial', 'numpy.polynomial.polyutils', 'numpy.polynomial._polybase', 'numpy.polynomial.chebyshev', 'numpy.polynomial.legendre', 'numpy.polynomial.hermite', 'numpy.polynomial.hermite_e', 'numpy.polynomial.laguerre', 'numpy.random', 'numpy.random._pickle', 'numpy.random.mtrand', 'cython_runtime', 'numpy.random.bit_generator', '_cython_0_29_21', 'numpy.random._common', 'secrets', 'numpy.random._bounded_integers', 'numpy.random._mt19937', 'numpy.random._philox', 'numpy.random._pcg64', 'numpy.random._sfc64', 'numpy.random._generator', 'numpy.ctypeslib', 'numpy.ma', 'numpy.ma.core', 'numpy.ma.extras', 'numpy.testing', 'unittest', 'unittest.result', 'unittest.util', 'unittest.case', 'difflib', 'unittest.suite', 'unittest.loader', 'unittest.main', 'unittest.runner', 'unittest.signals', 'numpy.testing._private', 'numpy.testing._private.utils', 'gc', 'numpy.testing._private.decorators', 'numpy.testing._private.nosetester', 'matplotlib.cbook.deprecation', 'matplotlib.rcsetup', 'matplotlib.animation', 'uuid', 'ctypes.util', 'matplotlib._animation_data', 'matplotlib.fontconfig_pattern', 'pyparsing', 'pyparsing.util', 'pyparsing.exceptions', 'pyparsing.unicode', 'pyparsing.actions', 'pyparsing.core', 'pyparsing.results', 'pyparsing.helpers', 'html', 'html.entities', 'pyparsing.testing', 'pyparsing.common', 'matplotlib.colors', 'matplotlib.docstring', 'matplotlib._color_data', 'cycler', 'matplotlib._version', 'matplotlib.ft2font', 'dateutil', 'dateutil._version', 'kiwisolver']
2026-06-26 13:04:50,159 DEBUG matplotlib: CACHEDIR=/tmp/tmpr8c5rbp3
2026-06-26 13:04:50,159 INFO matplotlib.font_manager: Generating new fontManager, this may take some time...
2026-06-26 13:04:50,159 DEBUG matplotlib.font_manager: font search path [PosixPath('/tmp/_MEIKX0DCh/matplotlib/mpl-data/fonts/ttf'), PosixPath('/tmp/_MEIKX0DCh/matplotlib/mpl-data/fonts/afm'), PosixPath('/tmp/_MEIKX0DCh/matplotlib/mpl-data/fonts/pdfcorefonts')]
2026-06-26 13:04:50,448 DEBUG matplotlib.pyplot: Loaded backend agg version unknown.
2026-06-26 13:04:51,352 DEBUG urllib3.connectionpool: Starting new HTTP connection (1): 127.0.0.1:50123
2026-06-26 13:04:51,353 INFO common.api_common: load json file /opt/mcProfiler-linux/config/workgroup_memory.pcd error, so try to decrypt: Expecting value: line 1 column 1 (char 0)
2026-06-26 13:04:51,354 INFO common.api_common: load json file /opt/mcProfiler-linux/config/summary.pcd error, so try to decrypt: Expecting value: line 1 column 1 (char 0)
2026-06-26 13:04:51,355 INFO common.api_common: load json file /opt/mcProfiler-linux/config/occupancy.pcd error, so try to decrypt: Expecting value: line 1 column 1 (char 0)
2026-06-26 13:04:51,355 INFO common.api_common: load json file /opt/mcProfiler-linux/config/memory_statistics.pcd error, so try to decrypt: Expecting value: line 1 column 1 (char 0)
2026-06-26 13:04:51,356 INFO common.api_common: load json file /opt/mcProfiler-linux/config/isu_statistics.pcd error, so try to decrypt: Expecting value: line 1 column 1 (char 0)
2026-06-26 13:04:51,356 INFO common.api_common: load json file /opt/mcProfiler-linux/config/internal.pcd error, so try to decrypt: Expecting value: line 1 column 1 (char 0)
2026-06-26 13:04:51,356 INFO common.api_common: load json file /opt/mcProfiler-linux/config/instruction_statistics.pcd error, so try to decrypt: Expecting value: line 1 column 1 (char 0)
2026-06-26 13:04:51,357 INFO common.api_common: load json file /opt/mcProfiler-linux/config/gpu_throughput_statistics.pcd error, so try to decrypt: Expecting value: line 1 column 1 (char 0)
2026-06-26 13:04:51,357 INFO common.api_common: load json file /opt/mcProfiler-linux/config/compute_workload.pcd error, so try to decrypt: Expecting value: line 1 column 1 (char 0)
2026-06-26 13:04:51,357 INFO common.api_common: load json file /opt/mcProfiler-linux/config/ce_statistics.pcd error, so try to decrypt: Expecting value: line 1 column 1 (char 0)
2026-06-26 13:04:51,365 INFO werkzeug:  * Running on http://127.0.0.1:50123/ (Press CTRL+C to quit)
2026-06-26 13:04:51,855 DEBUG urllib3.connectionpool: Starting new HTTP connection (1): 127.0.0.1:50123
2026-06-26 13:04:51,858 INFO werkzeug: 127.0.0.1 - - [26/Jun/2026 13:04:51] "GET / HTTP/1.1" 200 -
2026-06-26 13:04:51,858 DEBUG urllib3.connectionpool: http://127.0.0.1:50123 "GET / HTTP/1.1" 200 29
2026-06-26 13:04:51,860 DEBUG urllib3.connectionpool: Starting new HTTP connection (1): 127.0.0.1:50123
2026-06-26 13:04:51,861 INFO werkzeug: 127.0.0.1 - - [26/Jun/2026 13:04:51] "GET /show_metrics HTTP/1.1" 200 -
2026-06-26 13:04:51,861 DEBUG urllib3.connectionpool: http://127.0.0.1:50123 "GET /show_metrics HTTP/1.1" 200 1989
2026-06-26 13:04:51,863 DEBUG urllib3.connectionpool: Starting new HTTP connection (1): 127.0.0.1:50123
2026-06-26 13:04:51,876 INFO phttp.http_server: start a new perf exec thread
2026-06-26 13:04:51,877 INFO phttp.server_backend: start perf_exec
2026-06-26 13:04:51,877 INFO phttp.http_server: new exec dba4017b-3b15-4c3c-b04e-767cfbea66f1:('export MACA_PATH=/opt/maca/; export LD_LIBRARY_PATH=/opt/maca/lib/:${LD_LIBRARY_PATH}; ./test_maca 5 100 2', 'engram_fused_weight_v0_baseline', ['WORKGROUPS', 'WAVES', 'Average Wave life cycles', 'instruction per cycle', 'instruction throughput', 'instruction throughput efficiency', 'AP active cycles', 'AP MTE Duty ratio', 'AP STE Duty ratio', 'AP MMA Duty ratio', 'VLS Duty ratio', 'L2C Duty ratio', 'Compute Instructions Cycles Rate', 'DPC Computing cycles comparison', 'Instructions Comparison', 'ISU stall cycles layout', 'instruction number', 'instructions per AP', 'RoofLine', 'Global Read Instructions', 'Global Write Instructions', 'Global Atomic Instructions', 'Private Read Instructions', 'Private Write Instructions', 'Constant Read Instructions', 'Constant Read SL1 Instructions', 'Constant Read L2 Instructions', 'Constant SL1 Hit Rate', 'VL1 Read Instructions', 'VL1 Write Instructions', 'VL1 Atomic Instructions', 'VL1 Hit Rate', 'L2C Read Instructions', 'L2C Write Instructions', 'L2C Atomic Instructions', 'L2C Hit Rate', 'Total Atomic Instructions', 'Dnoc Read Req', 'Dnoc Write Req', 'Global Memory Read bytes', 'Global Memory Write bytes', 'Memory Data Flow Chart', 'Dnoc Read Average Latency', 'Dnoc Read Latency Histogram', 'VL1 partition stall cycles layout', 'Achieved waves', 'Dispatched waves', 'Total Instructions', 'Compute Instructions', 'Memory Instructions', 'Total Cycles', 'Memory Access per Second', 'Average AP busy cycles', 'AP busy Duty', 'Compute Instructions busy Duty', 'load instructions', 'store instructions', 'atomic instructions', 'total instructions', 'average latency per load instruction', 'average latency per store instruction', 'average latency per atomic instruction', 'average latency of all stages per instruction', 'average cycles per load instruction', 'average cycles per store instruction', 'average cycles per atomic instruction', 'average conflict cycles per instruction', 'average cycles per instruction', 'shared memory access efficiency'])
2026-06-26 13:04:51,878 INFO werkzeug: 127.0.0.1 - - [26/Jun/2026 13:04:51] "POST /perf_exec HTTP/1.1" 200 -
2026-06-26 13:04:51,878 INFO common.api_common: ret_code cmdline_str: env
2026-06-26 13:04:51,879 DEBUG urllib3.connectionpool: http://127.0.0.1:50123 "POST /perf_exec HTTP/1.1" 200 51
2026-06-26 13:04:51,886 INFO common.api_common: ret_code cmdline_str: ls /sys/devices/virtual/mxcd/
2026-06-26 13:04:51,893 INFO common.api_common: ret_code cmdline_str: ls /sys/devices/virtual/mxcd/mxcd/layout/nodes/
2026-06-26 13:04:51,899 INFO phttp.server_backend: get_device_info.layout nodes: ['0', '1', '2', '3', '4', '5', '6', '7', '8', '9']
2026-06-26 13:04:51,900 INFO common.api_common: ret_code cmdline_str: cat /sys/devices/virtual/mxcd/mxcd/layout/nodes//0/gpu_id
2026-06-26 13:04:51,905 INFO phttp.server_backend: get_device_info.node 0 gpu_id 0
2026-06-26 13:04:51,905 INFO common.api_common: ret_code cmdline_str: cat /sys/devices/virtual/mxcd/mxcd/layout/nodes//1/gpu_id
2026-06-26 13:04:51,910 INFO phttp.server_backend: get_device_info.node 1 gpu_id 0
2026-06-26 13:04:51,910 INFO common.api_common: ret_code cmdline_str: cat /sys/devices/virtual/mxcd/mxcd/layout/nodes//2/gpu_id
2026-06-26 13:04:51,915 INFO phttp.server_backend: get_device_info.node 2 gpu_id 64198
2026-06-26 13:04:51,916 INFO phttp.server_backend: get_device_info.using node id 2
2026-06-26 13:04:51,916 INFO common.api_common: ret_code cmdline_str: cat /sys/devices/virtual/mxcd/mxcd/layout/nodes//3/gpu_id
2026-06-26 13:04:51,920 INFO phttp.server_backend: get_device_info.node 3 gpu_id 27143
2026-06-26 13:04:51,921 INFO phttp.server_backend: get_device_info.using node id 3
2026-06-26 13:04:51,921 INFO common.api_common: ret_code cmdline_str: cat /sys/devices/virtual/mxcd/mxcd/layout/nodes//4/gpu_id
2026-06-26 13:04:51,926 INFO phttp.server_backend: get_device_info.node 4 gpu_id 22597
2026-06-26 13:04:51,926 INFO phttp.server_backend: get_device_info.using node id 4
2026-06-26 13:04:51,926 INFO common.api_common: ret_code cmdline_str: cat /sys/devices/virtual/mxcd/mxcd/layout/nodes//5/gpu_id
2026-06-26 13:04:51,931 INFO phttp.server_backend: get_device_info.node 5 gpu_id 24589
2026-06-26 13:04:51,931 INFO phttp.server_backend: get_device_info.using node id 5
2026-06-26 13:04:51,931 INFO common.api_common: ret_code cmdline_str: cat /sys/devices/virtual/mxcd/mxcd/layout/nodes//6/gpu_id
2026-06-26 13:04:51,936 INFO phttp.server_backend: get_device_info.node 6 gpu_id 18772
2026-06-26 13:04:51,936 INFO phttp.server_backend: get_device_info.using node id 6
2026-06-26 13:04:51,936 INFO common.api_common: ret_code cmdline_str: cat /sys/devices/virtual/mxcd/mxcd/layout/nodes//7/gpu_id
2026-06-26 13:04:51,941 INFO phttp.server_backend: get_device_info.node 7 gpu_id 61138
2026-06-26 13:04:51,941 INFO phttp.server_backend: get_device_info.using node id 7
2026-06-26 13:04:51,941 INFO common.api_common: ret_code cmdline_str: cat /sys/devices/virtual/mxcd/mxcd/layout/nodes//8/gpu_id
2026-06-26 13:04:51,946 INFO phttp.server_backend: get_device_info.node 8 gpu_id 8082
2026-06-26 13:04:51,946 INFO phttp.server_backend: get_device_info.using node id 8
2026-06-26 13:04:51,946 INFO common.api_common: ret_code cmdline_str: cat /sys/devices/virtual/mxcd/mxcd/layout/nodes//9/gpu_id
2026-06-26 13:04:51,951 INFO phttp.server_backend: get_device_info.node 9 gpu_id 11728
2026-06-26 13:04:51,951 INFO phttp.server_backend: get_device_info.using node id 9
2026-06-26 13:04:51,951 INFO common.api_common: ret_code cmdline_str: cat /sys/devices/virtual/mxcd/mxcd/layout/nodes//2/properties
2026-06-26 13:04:51,956 ERROR phttp.server_backend: get_device_info.parse 2 device info vbios_version 1.25.1.0 error.
2026-06-26 13:04:51,956 ERROR phttp.server_backend: get_device_info.parse 2 device info  error.
2026-06-26 13:04:51,956 ERROR phttp.server_backend: get_device_info.parse 2 device info  error.
2026-06-26 13:04:51,956 INFO common.api_common: ret_code cmdline_str: cat /sys/devices/virtual/mxcd/mxcd/layout/nodes//3/properties
2026-06-26 13:04:51,961 ERROR phttp.server_backend: get_device_info.parse 3 device info vbios_version 1.25.1.0 error.
2026-06-26 13:04:51,961 ERROR phttp.server_backend: get_device_info.parse 3 device info  error.
2026-06-26 13:04:51,961 ERROR phttp.server_backend: get_device_info.parse 3 device info  error.
2026-06-26 13:04:51,961 INFO common.api_common: ret_code cmdline_str: cat /sys/devices/virtual/mxcd/mxcd/layout/nodes//4/properties
2026-06-26 13:04:51,966 ERROR phttp.server_backend: get_device_info.parse 4 device info vbios_version 1.25.1.0 error.
2026-06-26 13:04:51,966 INFO common.api_common: ret_code cmdline_str: cat /sys/devices/virtual/mxcd/mxcd/layout/nodes//5/properties
2026-06-26 13:04:51,971 ERROR phttp.server_backend: get_device_info.parse 5 device info vbios_version 1.25.1.0 error.
2026-06-26 13:04:51,971 ERROR phttp.server_backend: get_device_info.parse 5 device info  error.
2026-06-26 13:04:51,971 ERROR phttp.server_backend: get_device_info.parse 5 device info  error.
2026-06-26 13:04:51,971 INFO common.api_common: ret_code cmdline_str: cat /sys/devices/virtual/mxcd/mxcd/layout/nodes//6/properties
2026-06-26 13:04:51,976 ERROR phttp.server_backend: get_device_info.parse 6 device info vbios_version 1.25.1.0 error.
2026-06-26 13:04:51,976 ERROR phttp.server_backend: get_device_info.parse 6 device info  error.
2026-06-26 13:04:51,976 INFO common.api_common: ret_code cmdline_str: cat /sys/devices/virtual/mxcd/mxcd/layout/nodes//7/properties
2026-06-26 13:04:51,981 ERROR phttp.server_backend: get_device_info.parse 7 device info vbios_version 1.25.1.0 error.
2026-06-26 13:04:51,981 ERROR phttp.server_backend: get_device_info.parse 7 device info  error.
2026-06-26 13:04:51,981 ERROR phttp.server_backend: get_device_info.parse 7 device info  error.
2026-06-26 13:04:51,981 INFO common.api_common: ret_code cmdline_str: cat /sys/devices/virtual/mxcd/mxcd/layout/nodes//8/properties
2026-06-26 13:04:51,986 ERROR phttp.server_backend: get_device_info.parse 8 device info vbios_version 1.25.1.0 error.
2026-06-26 13:04:51,986 ERROR phttp.server_backend: get_device_info.parse 8 device info  error.
2026-06-26 13:04:51,986 ERROR phttp.server_backend: get_device_info.parse 8 device info  error.
2026-06-26 13:04:51,986 INFO common.api_common: ret_code cmdline_str: cat /sys/devices/virtual/mxcd/mxcd/layout/nodes//9/properties
2026-06-26 13:04:51,991 ERROR phttp.server_backend: get_device_info.parse 9 device info vbios_version 1.25.1.0 error.
2026-06-26 13:04:51,991 INFO phttp.server_backend: get_device_info.device_info: {'2': {'gpu_id': '64198', 'cpu_cores_count': 0, 'mem_banks_count': 1, 'direct_link_count': 4, 'indirect_link_count': 8, 'vendor_id': 39321, 'device_id': 16385, 'drm_render_minor': 128, 'isa_major': 10, 'isa_minor': 0, 'is_vf': 0, 'max_vf_nums': 8, 'domain': 0, 'location_id': 2048, 'num_sdma_engines': 5, 'num_sdma_queues_per_engine': 9, 'num_vpue_cores': 1, 'num_vpud_cores': 8, 'caches_count': 157, 'peu_id_base': 0, 'peu_count': 416, 'max_waves_per_peu': 8, 'wsm_size_in_kb': 64, 'wave_front_size': 64, 'dpc_count': 8, 'dpc0_ap_mask': 8191, 'dpc1_ap_mask': 73727, 'dpc2_ap_mask': 139263, 'dpc3_ap_mask': 204799, 'dpc4_ap_mask': 270335, 'dpc5_ap_mask': 344061, 'dpc6_ap_mask': 401407, 'dpc7_ap_mask': 466943, 'dpc_arrays': 1, 'ap_per_dpc': 13, 'peu_per_ap': 4, 'pri_mem_per_thread': 4, 'max_slots_private_ap': 32, 'num_ce_queues': 16, 'max_engine_clk_gpu': 1600, 'max_engine_clk_cpu': 3600, 'mgpu_id': 0, 'topology_id': 2, 'socket_id': 2, 'hbmecc': 1, 'local_mem_size': 68719476736, 'capability': 4432512, 'maxprocess': 10}, '3': {'gpu_id': '27143', 'cpu_cores_count': 0, 'mem_banks_count': 1, 'direct_link_count': 4, 'indirect_link_count': 8, 'vendor_id': 39321, 'device_id': 16385, 'drm_render_minor': 129, 'isa_major': 10, 'isa_minor': 0, 'is_vf': 0, 'max_vf_nums': 8, 'domain': 0, 'location_id': 2304, 'num_sdma_engines': 5, 'num_sdma_queues_per_engine': 9, 'num_vpue_cores': 1, 'num_vpud_cores': 8, 'caches_count': 157, 'peu_id_base': 0, 'peu_count': 416, 'max_waves_per_peu': 8, 'wsm_size_in_kb': 64, 'wave_front_size': 64, 'dpc_count': 8, 'dpc0_ap_mask': 8191, 'dpc1_ap_mask': 73727, 'dpc2_ap_mask': 139263, 'dpc3_ap_mask': 204799, 'dpc4_ap_mask': 270335, 'dpc5_ap_mask': 344062, 'dpc6_ap_mask': 401407, 'dpc7_ap_mask': 474623, 'dpc_arrays': 1, 'ap_per_dpc': 13, 'peu_per_ap': 4, 'pri_mem_per_thread': 4, 'max_slots_private_ap': 32, 'num_ce_queues': 16, 'max_engine_clk_gpu': 1600, 'max_engine_clk_cpu': 3600, 'mgpu_id': 0, 'topology_id': 2, 'socket_id': 0, 'hbmecc': 1, 'local_mem_size': 68719476736, 'capability': 4432512, 'maxprocess': 10}, '4': {'gpu_id': '22597', 'cpu_cores_count': 0, 'mem_banks_count': 1, 'direct_link_count': 4, 'indirect_link_count': 8, 'vendor_id': 39321, 'device_id': 16385, 'drm_render_minor': 130, 'isa_major': 10, 'isa_minor': 0, 'is_vf': 0, 'max_vf_nums': 8, 'domain': 0, 'location_id': 3584, 'num_sdma_engines': 5, 'num_sdma_queues_per_engine': 9, 'num_vpue_cores': 1, 'num_vpud_cores': 8, 'caches_count': 157, 'peu_id_base': 0, 'peu_count': 416, 'max_waves_per_peu': 8, 'wsm_size_in_kb': 64, 'wave_front_size': 64, 'dpc_count': 8, 'dpc0_ap_mask': 8191, 'dpc1_ap_mask': 73727, 'dpc2_ap_mask': 139263, 'dpc3_ap_mask': 204799, 'dpc4_ap_mask': 270335, 'dpc5_ap_mask': 335871, 'dpc6_ap_mask': 401407, 'dpc7_ap_mask': 466943, 'dpc_arrays': 1, 'ap_per_dpc': 13, 'peu_per_ap': 4, 'pri_mem_per_thread': 4, 'max_slots_private_ap': 32, 'num_ce_queues': 16, 'max_engine_clk_gpu': 1600, 'max_engine_clk_cpu': 3600, 'mgpu_id': 0, 'topology_id': 2, 'socket_id': 3, 'hbmecc': 1, 'local_mem_size': 68719476736, 'capability': 4432512, 'maxprocess': 10}, '5': {'gpu_id': '24589', 'cpu_cores_count': 0, 'mem_banks_count': 1, 'direct_link_count': 4, 'indirect_link_count': 8, 'vendor_id': 39321, 'device_id': 16385, 'drm_render_minor': 131, 'isa_major': 10, 'isa_minor': 0, 'is_vf': 0, 'max_vf_nums': 8, 'domain': 0, 'location_id': 4352, 'num_sdma_engines': 5, 'num_sdma_queues_per_engine': 9, 'num_vpue_cores': 1, 'num_vpud_cores': 8, 'caches_count': 157, 'peu_id_base': 0, 'peu_count': 416, 'max_waves_per_peu': 8, 'wsm_size_in_kb': 64, 'wave_front_size': 64, 'dpc_count': 8, 'dpc0_ap_mask': 8191, 'dpc1_ap_mask': 73727, 'dpc2_ap_mask': 139263, 'dpc3_ap_mask': 204799, 'dpc4_ap_mask': 270335, 'dpc5_ap_mask': 335871, 'dpc6_ap_mask': 401407, 'dpc7_ap_mask': 466943, 'dpc_arrays': 1, 'ap_per_dpc': 13, 'peu_per_ap': 4, 'pri_mem_per_thread': 4, 'max_slots_private_ap': 32, 'num_ce_queues': 16, 'max_engine_clk_gpu': 1600, 'max_engine_clk_cpu': 3600, 'mgpu_id': 0, 'topology_id': 2, 'socket_id': 1, 'hbmecc': 1, 'local_mem_size': 68719476736, 'capability': 4432512, 'maxprocess': 10}, '6': {'gpu_id': '18772', 'cpu_cores_count': 0, 'mem_banks_count': 1, 'direct_link_count': 4, 'indirect_link_count': 8, 'vendor_id': 39321, 'device_id': 16385, 'drm_render_minor': 132, 'isa_major': 10, 'isa_minor': 0, 'is_vf': 0, 'max_vf_nums': 8, 'domain': 0, 'location_id': 12800, 'num_sdma_engines': 5, 'num_sdma_queues_per_engine': 9, 'num_vpue_cores': 1, 'num_vpud_cores': 8, 'caches_count': 157, 'peu_id_base': 0, 'peu_count': 416, 'max_waves_per_peu': 8, 'wsm_size_in_kb': 64, 'wave_front_size': 64, 'dpc_count': 8, 'dpc0_ap_mask': 8191, 'dpc1_ap_mask': 73727, 'dpc2_ap_mask': 139263, 'dpc3_ap_mask': 204799, 'dpc4_ap_mask': 270335, 'dpc5_ap_mask': 335871, 'dpc6_ap_mask': 407551, 'dpc7_ap_mask': 466943, 'dpc_arrays': 1, 'ap_per_dpc': 13, 'peu_per_ap': 4, 'pri_mem_per_thread': 4, 'max_slots_private_ap': 32, 'num_ce_queues': 16, 'max_engine_clk_gpu': 1600, 'max_engine_clk_cpu': 3600, 'mgpu_id': 0, 'topology_id': 2, 'socket_id': 0, 'hbmecc': 1, 'local_mem_size': 68719476736, 'capability': 4432512, 'maxprocess': 10}, '7': {'gpu_id': '61138', 'cpu_cores_count': 0, 'mem_banks_count': 1, 'direct_link_count': 4, 'indirect_link_count': 8, 'vendor_id': 39321, 'device_id': 16385, 'drm_render_minor': 133, 'isa_major': 10, 'isa_minor': 0, 'is_vf': 0, 'max_vf_nums': 8, 'domain': 0, 'location_id': 14336, 'num_sdma_engines': 5, 'num_sdma_queues_per_engine': 9, 'num_vpue_cores': 1, 'num_vpud_cores': 8, 'caches_count': 157, 'peu_id_base': 0, 'peu_count': 416, 'max_waves_per_peu': 8, 'wsm_size_in_kb': 64, 'wave_front_size': 64, 'dpc_count': 8, 'dpc0_ap_mask': 8191, 'dpc1_ap_mask': 73727, 'dpc2_ap_mask': 139263, 'dpc3_ap_mask': 204799, 'dpc4_ap_mask': 270335, 'dpc5_ap_mask': 335871, 'dpc6_ap_mask': 401407, 'dpc7_ap_mask': 466943, 'dpc_arrays': 1, 'ap_per_dpc': 13, 'peu_per_ap': 4, 'pri_mem_per_thread': 4, 'max_slots_private_ap': 32, 'num_ce_queues': 16, 'max_engine_clk_gpu': 1600, 'max_engine_clk_cpu': 3600, 'mgpu_id': 0, 'topology_id': 2, 'socket_id': 2, 'hbmecc': 1, 'local_mem_size': 68719476736, 'capability': 4432512, 'maxprocess': 10}, '8': {'gpu_id': '8082', 'cpu_cores_count': 0, 'mem_banks_count': 1, 'direct_link_count': 4, 'indirect_link_count': 8, 'vendor_id': 39321, 'device_id': 16385, 'drm_render_minor': 134, 'isa_major': 10, 'isa_minor': 0, 'is_vf': 0, 'max_vf_nums': 8, 'domain': 0, 'location_id': 15104, 'num_sdma_engines': 5, 'num_sdma_queues_per_engine': 9, 'num_vpue_cores': 1, 'num_vpud_cores': 8, 'caches_count': 157, 'peu_id_base': 0, 'peu_count': 416, 'max_waves_per_peu': 8, 'wsm_size_in_kb': 64, 'wave_front_size': 64, 'dpc_count': 8, 'dpc0_ap_mask': 8191, 'dpc1_ap_mask': 73727, 'dpc2_ap_mask': 139263, 'dpc3_ap_mask': 204799, 'dpc4_ap_mask': 270335, 'dpc5_ap_mask': 344031, 'dpc6_ap_mask': 401407, 'dpc7_ap_mask': 466943, 'dpc_arrays': 1, 'ap_per_dpc': 13, 'peu_per_ap': 4, 'pri_mem_per_thread': 4, 'max_slots_private_ap': 32, 'num_ce_queues': 16, 'max_engine_clk_gpu': 1600, 'max_engine_clk_cpu': 3600, 'mgpu_id': 0, 'topology_id': 2, 'socket_id': 3, 'hbmecc': 1, 'local_mem_size': 68719476736, 'capability': 4432512, 'maxprocess': 10}, '9': {'gpu_id': '11728', 'cpu_cores_count': 0, 'mem_banks_count': 1, 'direct_link_count': 4, 'indirect_link_count': 8, 'vendor_id': 39321, 'device_id': 16385, 'drm_render_minor': 135, 'isa_major': 10, 'isa_minor': 0, 'is_vf': 0, 'max_vf_nums': 8, 'domain': 0, 'location_id': 15360, 'num_sdma_engines': 5, 'num_sdma_queues_per_engine': 9, 'num_vpue_cores': 1, 'num_vpud_cores': 8, 'caches_count': 157, 'peu_id_base': 0, 'peu_count': 416, 'max_waves_per_peu': 8, 'wsm_size_in_kb': 64, 'wave_front_size': 64, 'dpc_count': 8, 'dpc0_ap_mask': 8191, 'dpc1_ap_mask': 73727, 'dpc2_ap_mask': 139263, 'dpc3_ap_mask': 204799, 'dpc4_ap_mask': 270335, 'dpc5_ap_mask': 335871, 'dpc6_ap_mask': 401407, 'dpc7_ap_mask': 466943, 'dpc_arrays': 1, 'ap_per_dpc': 13, 'peu_per_ap': 4, 'pri_mem_per_thread': 4, 'max_slots_private_ap': 32, 'num_ce_queues': 16, 'max_engine_clk_gpu': 1600, 'max_engine_clk_cpu': 3600, 'mgpu_id': 0, 'topology_id': 2, 'socket_id': 1, 'hbmecc': 1, 'local_mem_size': 68719476736, 'capability': 4432512, 'maxprocess': 10}}
2026-06-26 13:04:51,992 INFO phttp.server_backend: start generate batch files
2026-06-26 13:04:51,993 INFO utils.complier: analyse  formula:[]
2026-06-26 13:04:51,993 INFO utils.complier: analyse  formula:[{'type': 'PRE_VAR', 'value': '@compute_instructions'}, {'type': 'PRE_VAR', 'value': '@memory_instructions'}]
2026-06-26 13:04:51,993 INFO utils.complier: analyse  formula:[]
2026-06-26 13:04:51,993 INFO utils.complier: analyse  formula:[]
2026-06-26 13:04:51,993 INFO utils.complier: analyse  formula:[{'type': 'PRE_VAR', 'value': '@compute_instructions'}]
2026-06-26 13:04:51,993 INFO utils.complier: analyse  formula:[]
2026-06-26 13:04:51,993 INFO utils.complier: analyse  formula:[]
2026-06-26 13:04:51,993 INFO utils.complier: analyse  formula:[{'type': 'PRE_VAR', 'value': '@memory_instructions'}]
2026-06-26 13:04:51,993 INFO utils.complier: analyse  formula:[]
2026-06-26 13:04:51,993 INFO utils.complier: analyse  formula:[{'type': 'VARIABLE', 'value': '{{CE.CE_PERF_BUSY_CYCLES}}'}]
2026-06-26 13:04:51,993 INFO utils.complier: analyse  formula:[]
2026-06-26 13:04:51,993 INFO utils.complier: analyse  formula:[]
2026-06-26 13:04:51,994 INFO utils.complier: analyse  formula:[{'type': 'VARIABLE', 'value': '{{L2C.perf_dnoc_rdreq_32B}}'}, {'type': 'VARIABLE', 'value': '{{L2C.perf_dnoc_rdreq_64B}}'}, {'type': 'VARIABLE', 'value': '{{L2C.perf_dnoc_rdreq_128B}}'}, {'type': 'VARIABLE', 'value': '{{L2C.perf_dnoc_wrreq_32B_low}}'}, {'type': 'VARIABLE', 'value': '{{L2C.perf_dnoc_wrreq_32B_high}}'}, {'type': 'VARIABLE', 'value': '{{L2C.perf_dnoc_wrreq_64B}}'}, {'type': 'VARIABLE', 'value': '{{L2C.perf_dnoc_wrreq_128B}}'}, {'type': 'VARIABLE', 'value': '{{ISU.AP_PERF_ISU_AP_BUSY}}'}]
2026-06-26 13:04:51,994 INFO utils.complier: analyse  formula:[]
2026-06-26 13:04:51,994 INFO utils.complier: analyse  formula:[]
2026-06-26 13:04:51,995 INFO utils.complier: analyse  formula:[{'type': 'VARIABLE', 'value': '{{ISU.AP_PERF_ISU_AP_BUSY}}'}]
2026-06-26 13:04:51,995 INFO utils.complier: analyse  formula:[]
2026-06-26 13:04:51,995 INFO utils.complier: analyse  formula:[]
2026-06-26 13:04:51,995 INFO utils.complier: analyse  formula:[{'type': 'VARIABLE', 'value': '{{ISU.AP_PERF_ISU_AP_BUSY}}'}, {'type': 'VARIABLE', 'value': '{{CE.CE_PERF_BUSY_CYCLES}}'}]
2026-06-26 13:04:51,995 INFO utils.complier: analyse  formula:[]
2026-06-26 13:04:51,995 INFO utils.complier: analyse  formula:[]
2026-06-26 13:04:51,996 INFO utils.complier: analyse  formula:[{'type': 'VARIABLE', 'value': '{{ISU.AP_PERF_INST_CYCLES_VALU}}'}, {'type': 'VARIABLE', 'value': '{{ISU.AP_PERF_INST_CYCLES_MMA}}'}, {'type': 'VARIABLE', 'value': '{{ISU.AP_PERF_ISU_AP_BUSY}}'}]
2026-06-26 13:04:51,996 INFO utils.complier: analyse  formula:[]
2026-06-26 13:04:51,996 INFO utils.complier: analyse  formula:[]
2026-06-26 13:04:51,996 INFO utils.complier: analyse  formula:[{'type': 'VARIABLE', 'value': '{{CE.CE_PERF_SEND_RM_WORKGROUPS}}'}]
2026-06-26 13:04:51,996 INFO utils.complier: analyse  formula:[]
2026-06-26 13:04:51,996 INFO utils.complier: analyse  formula:[]
2026-06-26 13:04:51,996 INFO utils.complier: analyse  formula:[{'type': 'VARIABLE', 'value': '{{CE.CE_PERF_SEND_RM_WAVES}}'}]
2026-06-26 13:04:51,996 INFO utils.complier: analyse  formula:[]
2026-06-26 13:04:51,996 INFO utils.complier: analyse  formula:[]
2026-06-26 13:04:51,996 INFO utils.complier: analyse  formula:[{'type': 'VARIABLE', 'value': '{{RM.RM_PERF_WAVES_InFlight_Level_P0}}'}, {'type': 'VARIABLE', 'value': '{{RM.RM_PERF_WAVES_InFlight_Level_P1}}'}, {'type': 'VARIABLE', 'value': '{{RM.RM_PERF_WAVES_InFlight_Level_P2}}'}, {'type': 'VARIABLE', 'value': '{{RM.RM_PERF_WAVES_InFlight_Level_P3}}'}, {'type': 'VARIABLE', 'value': '{{CE.CE_PERF_SEND_RM_WAVES}}'}]
2026-06-26 13:04:51,996 INFO utils.complier: analyse  formula:[]
2026-06-26 13:04:51,997 INFO utils.complier: analyse  formula:[]
2026-06-26 13:04:51,997 INFO utils.complier: analyse  formula:[{'type': 'VARIABLE', 'value': '{{ISU.AP_PERF_INST_CYCLES_VALU_4CYCLES}}'}, {'type': 'VARIABLE', 'value': '{{ISU.AP_PERF_INST_CYCLES_VALU_16CYCLES}}'}, {'type': 'VARIABLE', 'value': '{{ISU.AP_PERF_INST_CYCLES_MMA_16CYCLES}}'}, {'type': 'VARIABLE', 'value': '{{ISU.AP_PERF_INST_CYCLES_MMA_32CYCLES}}'}]
2026-06-26 13:04:51,998 INFO utils.complier: analyse  formula:[]
2026-06-26 13:04:51,999 INFO utils.complier: analyse  formula:[]
2026-06-26 13:04:51,999 INFO utils.complier: analyse  formula:[{'type': 'VARIABLE_DICT', 'value': '{{{ISU.AP_PERF_INST_CYCLES_MMA}}}'}, {'type': 'VARIABLE_DICT', 'value': '{{{ISU.AP_PERF_INST_CYCLES_MMA}}}'}, {'type': 'VARIABLE_DICT', 'value': '{{{ISU.AP_PERF_INST_CYCLES_VALU}}}'}]
2026-06-26 13:04:52,000 INFO utils.complier: analyse  formula:[]
2026-06-26 13:04:52,000 INFO utils.complier: analyse  formula:[]
2026-06-26 13:04:52,001 INFO utils.complier: analyse  formula:[{'type': 'VARIABLE', 'value': '{{ISU.AP_PERF_INSTS_VALU}}'}, {'type': 'VARIABLE', 'value': '{{ISU.AP_PERF_INSTS_MMA}}'}, {'type': 'VARIABLE', 'value': '{{ISU.AP_PERF_INSTS_SALU}}'}, {'type': 'VARIABLE', 'value': '{{ISU.AP_PERF_INSTS_GVM}}'}, {'type': 'VARIABLE', 'value': '{{ISU.AP_PERF_INSTS_BSM}}'}, {'type': 'VARIABLE', 'value': '{{ISU.AP_PERF_INSTS_LDU}}'}, {'type': 'VARIABLE', 'value': '{{ISU.AP_PERF_INST_MISC}}'}]
2026-06-26 13:04:52,002 INFO utils.complier: analyse  formula:[]
2026-06-26 13:04:52,003 INFO utils.complier: analyse  formula:[]
2026-06-26 13:04:52,004 INFO utils.complier: analyse  formula:[{'type': 'VARIABLE', 'value': '{{ISU.AP_PERF_ISU_ARB_WSM_STALL}}'}, {'type': 'VARIABLE', 'value': '{{ISU.AP_PERF_ISU_ARB_VLS_STALL}}'}, {'type': 'VARIABLE', 'value': '{{ISU.AP_PERF_ISU_ARB_DATA_STALL}}'}, {'type': 'VARIABLE', 'value': '{{ISU.AP_PERF_ISU_ARB_VALU_STALL}}'}]
2026-06-26 13:04:52,004 INFO utils.complier: analyse  formula:[]
2026-06-26 13:04:52,005 INFO utils.complier: analyse  formula:[]
2026-06-26 13:04:52,005 INFO utils.complier: analyse  formula:[]
2026-06-26 13:04:52,005 INFO utils.complier: analyse  formula:[{'type': 'PRE_VAR', 'value': '@global_insts_rd'}]
2026-06-26 13:04:52,005 INFO utils.complier: analyse  formula:[]
2026-06-26 13:04:52,005 INFO utils.complier: analyse  formula:[]
2026-06-26 13:04:52,005 INFO utils.complier: analyse  formula:[{'type': 'PRE_VAR', 'value': '@global_insts_wr'}]
2026-06-26 13:04:52,005 INFO utils.complier: analyse  formula:[]
2026-06-26 13:04:52,005 INFO utils.complier: analyse  formula:[{'type': 'VARIABLE', 'value': '{{ISU.AP_PERF_INST_GLOBAL_ATOMIC}}'}, {'type': 'VARIABLE', 'value': '{{ISU.AP_PERF_INST_GLOBAL_ATOMIC_64}}'}]
2026-06-26 13:04:52,005 INFO utils.complier: analyse  formula:[]
2026-06-26 13:04:52,005 INFO utils.complier: analyse  formula:[]
2026-06-26 13:04:52,006 INFO utils.complier: analyse  formula:[]
2026-06-26 13:04:52,006 INFO utils.complier: analyse  formula:[{'type': 'PRE_VAR', 'value': '@private_insts_rd'}]
2026-06-26 13:04:52,006 INFO utils.complier: analyse  formula:[]
2026-06-26 13:04:52,006 INFO utils.complier: analyse  formula:[]
2026-06-26 13:04:52,006 INFO utils.complier: analyse  formula:[{'type': 'PRE_VAR', 'value': '@private_insts_wr'}]
2026-06-26 13:04:52,006 INFO utils.complier: analyse  formula:[]
2026-06-26 13:04:52,006 INFO utils.complier: analyse  formula:[]
2026-06-26 13:04:52,006 INFO utils.complier: analyse  formula:[{'type': 'PRE_VAR', 'value': '@ldu_insts_rd'}]
2026-06-26 13:04:52,006 INFO utils.complier: analyse  formula:[]
2026-06-26 13:04:52,006 INFO utils.complier: analyse  formula:[]
2026-06-26 13:04:52,006 INFO utils.complier: analyse  formula:[{'type': 'PRE_VAR', 'value': '@sl1_rd'}]
2026-06-26 13:04:52,006 INFO utils.complier: analyse  formula:[]
2026-06-26 13:04:52,006 INFO utils.complier: analyse  formula:[]
2026-06-26 13:04:52,006 INFO utils.complier: analyse  formula:[{'type': 'PRE_VAR', 'value': '@sl1_l2c_rd'}]
2026-06-26 13:04:52,006 INFO utils.complier: analyse  formula:[]
2026-06-26 13:04:52,006 INFO utils.complier: analyse  formula:[]
2026-06-26 13:04:52,006 INFO utils.complier: analyse  formula:[{'type': 'PRE_VAR', 'value': '@sl1_hit_rate'}]
2026-06-26 13:04:52,006 INFO utils.complier: analyse  formula:[]
2026-06-26 13:04:52,006 INFO utils.complier: analyse  formula:[]
2026-06-26 13:04:52,006 INFO utils.complier: analyse  formula:[{'type': 'PRE_VAR', 'value': '@vl1_insts_rd'}]
2026-06-26 13:04:52,006 INFO utils.complier: analyse  formula:[]
2026-06-26 13:04:52,007 INFO utils.complier: analyse  formula:[]
2026-06-26 13:04:52,007 INFO utils.complier: analyse  formula:[{'type': 'PRE_VAR', 'value': '@vl1_insts_wr'}]
2026-06-26 13:04:52,007 INFO utils.complier: analyse  formula:[]
2026-06-26 13:04:52,007 INFO utils.complier: analyse  formula:[{'type': 'VARIABLE', 'value': '{{VL1.p_total_atomic_instruction_event}}'}]
2026-06-26 13:04:52,007 INFO utils.complier: analyse  formula:[]
2026-06-26 13:04:52,007 INFO utils.complier: analyse  formula:[]
2026-06-26 13:04:52,007 INFO utils.complier: analyse  formula:[]
2026-06-26 13:04:52,007 INFO utils.complier: analyse  formula:[{'type': 'PRE_VAR', 'value': '@vl1_hit_rate'}]
2026-06-26 13:04:52,007 INFO utils.complier: analyse  formula:[]
2026-06-26 13:04:52,007 INFO utils.complier: analyse  formula:[]
2026-06-26 13:04:52,007 INFO utils.complier: analyse  formula:[{'type': 'PRE_VAR', 'value': '@l2c_insts_rd'}]
2026-06-26 13:04:52,007 INFO utils.complier: analyse  formula:[]
2026-06-26 13:04:52,007 INFO utils.complier: analyse  formula:[]
2026-06-26 13:04:52,007 INFO utils.complier: analyse  formula:[{'type': 'PRE_VAR', 'value': '@l2c_insts_wr'}]
2026-06-26 13:04:52,007 INFO utils.complier: analyse  formula:[]
2026-06-26 13:04:52,007 INFO utils.complier: analyse  formula:[{'type': 'VARIABLE', 'value': '{{L2C.perf_atomic_req}}'}]
2026-06-26 13:04:52,007 INFO utils.complier: analyse  formula:[]
2026-06-26 13:04:52,007 INFO utils.complier: analyse  formula:[]
2026-06-26 13:04:52,007 INFO utils.complier: analyse  formula:[]
2026-06-26 13:04:52,007 INFO utils.complier: analyse  formula:[{'type': 'PRE_VAR', 'value': '@l2c_hit_rate'}]
2026-06-26 13:04:52,008 INFO utils.complier: analyse  formula:[]
2026-06-26 13:04:52,008 INFO utils.complier: analyse  formula:[{'type': 'VARIABLE', 'value': '{{ISU.AP_PERF_INSTS_GVM_ATOMIC}}'}, {'type': 'VARIABLE', 'value': '{{ISU.AP_PERF_INST_BSM_ATOMIC}}'}]
2026-06-26 13:04:52,008 INFO utils.complier: analyse  formula:[]
2026-06-26 13:04:52,008 INFO utils.complier: analyse  formula:[]
2026-06-26 13:04:52,008 INFO utils.complier: analyse  formula:[{'type': 'VARIABLE', 'value': '{{L2C.perf_dnoc_rdreq}}'}]
2026-06-26 13:04:52,008 INFO utils.complier: analyse  formula:[]
2026-06-26 13:04:52,008 INFO utils.complier: analyse  formula:[]
2026-06-26 13:04:52,008 INFO utils.complier: analyse  formula:[{'type': 'VARIABLE', 'value': '{{L2C.perf_dnoc_wrreq}}'}]
2026-06-26 13:04:52,008 INFO utils.complier: analyse  formula:[]
2026-06-26 13:04:52,008 INFO utils.complier: analyse  formula:[]
2026-06-26 13:04:52,008 INFO utils.complier: analyse  formula:[{'type': 'VARIABLE', 'value': '{{L2C.perf_dnoc_rdreq_32B}}'}, {'type': 'VARIABLE', 'value': '{{L2C.perf_dnoc_rdreq_64B}}'}, {'type': 'VARIABLE', 'value': '{{L2C.perf_dnoc_rdreq_128B}}'}]
2026-06-26 13:04:52,008 INFO utils.complier: analyse  formula:[]
2026-06-26 13:04:52,008 INFO utils.complier: analyse  formula:[]
2026-06-26 13:04:52,009 INFO utils.complier: analyse  formula:[{'type': 'VARIABLE', 'value': '{{L2C.perf_dnoc_wrreq_32B_low}}'}, {'type': 'VARIABLE', 'value': '{{L2C.perf_dnoc_wrreq_32B_high}}'}, {'type': 'VARIABLE', 'value': '{{L2C.perf_dnoc_wrreq_64B}}'}, {'type': 'VARIABLE', 'value': '{{L2C.perf_dnoc_wrreq_128B}}'}]
2026-06-26 13:04:52,009 INFO utils.complier: analyse  formula:[]
2026-06-26 13:04:52,009 INFO utils.complier: analyse  formula:[]
2026-06-26 13:04:52,012 INFO utils.complier: analyse  formula:[]
2026-06-26 13:04:52,016 INFO utils.complier: analyse  formula:[{'type': 'PRE_VAR', 'value': '@vl1_hit_rate'}, {'type': 'PRE_VAR', 'value': '@l2c_hit_rate'}, {'type': 'PRE_VAR', 'value': '@sl1_hit_rate'}, {'type': 'PRE_VAR', 'value': '@global_insts_rd'}, {'type': 'PRE_VAR', 'value': '@global_insts_wr'}, {'type': 'PRE_VAR', 'value': '@private_insts_rd'}, {'type': 'PRE_VAR', 'value': '@private_insts_wr'}, {'type': 'PRE_VAR', 'value': '@generic_insts_rd'}, {'type': 'PRE_VAR', 'value': '@generic_insts_wr'}, {'type': 'PRE_VAR', 'value': '@ldu_insts_rd'}, {'type': 'PRE_VAR', 'value': '@bsm_insts_rd'}, {'type': 'PRE_VAR', 'value': '@bsm_insts_wr'}, {'type': 'PRE_VAR', 'value': '@vl1_insts_rd'}, {'type': 'PRE_VAR', 'value': '@vl1_insts_wr'}, {'type': 'PRE_VAR', 'value': '@sl1_rd'}, {'type': 'PRE_VAR', 'value': '@sl1_l2c_rd'}, {'type': 'PRE_VAR', 'value': '@l2c_insts_rd'}, {'type': 'PRE_VAR', 'value': '@l2c_insts_wr'}]
2026-06-26 13:04:52,019 INFO utils.complier: analyse  formula:[]
2026-06-26 13:04:52,019 INFO utils.complier: analyse  formula:[{'type': 'VARIABLE', 'value': '{{L2C.perf_dnoc_rdreq_inflight_level}}'}, {'type': 'VARIABLE', 'value': '{{L2C.perf_dnoc_rdreq}}'}]
2026-06-26 13:04:52,019 INFO utils.complier: analyse  formula:[]
2026-06-26 13:04:52,019 INFO utils.complier: analyse  formula:[]
2026-06-26 13:04:52,019 INFO utils.complier: analyse  formula:[{'type': 'VARIABLE', 'value': '{{L2C.perf_dnoc_rd_histogram_0_255}}'}, {'type': 'VARIABLE', 'value': '{{L2C.perf_dnoc_rd_histogram_256_511}}'}, {'type': 'VARIABLE', 'value': '{{L2C.perf_dnoc_rd_histogram_512_1K}}'}, {'type': 'VARIABLE', 'value': '{{L2C.perf_dnoc_rd_histogram_1K_2K}}'}, {'type': 'VARIABLE', 'value': '{{L2C.perf_dnoc_rd_histogram_2K_INF}}'}]
2026-06-26 13:04:52,020 INFO utils.complier: analyse  formula:[]
2026-06-26 13:04:52,020 INFO utils.complier: analyse  formula:[]
2026-06-26 13:04:52,021 INFO utils.complier: analyse  formula:[{'type': 'VARIABLE', 'value': '{{VL1.p_stall_due_oldest_pt0}}'}, {'type': 'VARIABLE', 'value': '{{VL1.p_stall_due_oldest_pt1}}'}, {'type': 'VARIABLE', 'value': '{{VL1.p_stall_due_oldest_pt2}}'}, {'type': 'VARIABLE', 'value': '{{VL1.p_stall_due_oldest_pt3}}'}]
2026-06-26 13:04:52,021 INFO utils.complier: analyse  formula:[]
2026-06-26 13:04:52,021 INFO utils.complier: analyse  formula:[]
2026-06-26 13:04:52,021 INFO utils.complier: analyse  formula:[{'type': 'VARIABLE', 'value': '{{ISU.AP_PERF_INST_BSM_RD}}'}]
2026-06-26 13:04:52,021 INFO utils.complier: analyse  formula:[]
2026-06-26 13:04:52,021 INFO utils.complier: analyse  formula:[]
2026-06-26 13:04:52,021 INFO utils.complier: analyse  formula:[{'type': 'VARIABLE', 'value': '{{ISU.AP_PERF_INST_BSM_WR}}'}]
2026-06-26 13:04:52,021 INFO utils.complier: analyse  formula:[]
2026-06-26 13:04:52,022 INFO utils.complier: analyse  formula:[]
2026-06-26 13:04:52,022 INFO utils.complier: analyse  formula:[{'type': 'VARIABLE', 'value': '{{ISU.AP_PERF_INST_BSM_ATOMIC}}'}]
2026-06-26 13:04:52,022 INFO utils.complier: analyse  formula:[]
2026-06-26 13:04:52,022 INFO utils.complier: analyse  formula:[]
2026-06-26 13:04:52,022 INFO utils.complier: analyse  formula:[{'type': 'VARIABLE', 'value': '{{ISU.AP_PERF_INSTS_BSM}}'}]
2026-06-26 13:04:52,022 INFO utils.complier: analyse  formula:[]
2026-06-26 13:04:52,022 INFO utils.complier: analyse  formula:[]
2026-06-26 13:04:52,022 INFO utils.complier: analyse  formula:[{'type': 'VARIABLE', 'value': '{{ISU.AP_PERF_BSM_READ_INFLIGHT_LEVEL}}'}, {'type': 'VARIABLE', 'value': '{{ISU.AP_PERF_INST_BSM_RD}}'}, {'type': 'VARIABLE', 'value': '{{ISU.AP_PERF_INST_BSM_RD}}'}]
2026-06-26 13:04:52,022 INFO utils.complier: analyse  formula:[]
2026-06-26 13:04:52,022 INFO utils.complier: analyse  formula:[]
2026-06-26 13:04:52,022 INFO utils.complier: analyse  formula:[{'type': 'VARIABLE', 'value': '{{ISU.AP_PERF_BSM_WR_INFLIGHT_LEVEL}}'}, {'type': 'VARIABLE', 'value': '{{ISU.AP_PERF_INST_BSM_WR}}'}, {'type': 'VARIABLE', 'value': '{{ISU.AP_PERF_INST_BSM_WR}}'}]
2026-06-26 13:04:52,023 INFO utils.complier: analyse  formula:[]
2026-06-26 13:04:52,023 INFO utils.complier: analyse  formula:[]
2026-06-26 13:04:52,023 INFO utils.complier: analyse  formula:[{'type': 'VARIABLE', 'value': '{{ISU.AP_PERF_BSM_ATOMIC_INFLIGHT_LEVEL}}'}, {'type': 'VARIABLE', 'value': '{{ISU.AP_PERF_INST_BSM_ATOMIC}}'}, {'type': 'VARIABLE', 'value': '{{ISU.AP_PERF_INST_BSM_ATOMIC}}'}]
2026-06-26 13:04:52,023 INFO utils.complier: analyse  formula:[]
2026-06-26 13:04:52,023 INFO utils.complier: analyse  formula:[]
2026-06-26 13:04:52,023 INFO utils.complier: analyse  formula:[{'type': 'VARIABLE', 'value': '{{ISU.AP_PERF_BSM_INFLIGHT_LEVEL_IN_AP}}'}, {'type': 'VARIABLE', 'value': '{{ISU.AP_PERF_BSM_INFLIGHT_LEVEL}}'}, {'type': 'VARIABLE', 'value': '{{ISU.AP_PERF_INSTS_BSM}}'}, {'type': 'VARIABLE', 'value': '{{ISU.AP_PERF_INSTS_BSM}}'}]
2026-06-26 13:04:52,024 INFO utils.complier: analyse  formula:[]
2026-06-26 13:04:52,024 INFO utils.complier: analyse  formula:[]
2026-06-26 13:04:52,024 INFO utils.complier: analyse  formula:[{'type': 'VARIABLE', 'value': '{{ISU.AP_PERF_BSM_RD_CYCLES}}'}, {'type': 'VARIABLE', 'value': '{{ISU.AP_PERF_INST_BSM_RD}}'}, {'type': 'VARIABLE', 'value': '{{ISU.AP_PERF_INST_BSM_RD}}'}]
2026-06-26 13:04:52,024 INFO utils.complier: analyse  formula:[]
2026-06-26 13:04:52,024 INFO utils.complier: analyse  formula:[]
2026-06-26 13:04:52,024 INFO utils.complier: analyse  formula:[{'type': 'VARIABLE', 'value': '{{ISU.AP_PERF_BSM_WR_CYCLES}}'}, {'type': 'VARIABLE', 'value': '{{ISU.AP_PERF_INST_BSM_WR}}'}, {'type': 'VARIABLE', 'value': '{{ISU.AP_PERF_INST_BSM_WR}}'}]
2026-06-26 13:04:52,024 INFO utils.complier: analyse  formula:[]
2026-06-26 13:04:52,025 INFO utils.complier: analyse  formula:[]
2026-06-26 13:04:52,025 INFO utils.complier: analyse  formula:[{'type': 'VARIABLE', 'value': '{{ISU.AP_PERF_BSM_ATOMIC_CYCLES}}'}, {'type': 'VARIABLE', 'value': '{{ISU.AP_PERF_INST_BSM_ATOMIC}}'}, {'type': 'VARIABLE', 'value': '{{ISU.AP_PERF_INST_BSM_ATOMIC}}'}]
2026-06-26 13:04:52,025 INFO utils.complier: analyse  formula:[]
2026-06-26 13:04:52,025 INFO utils.complier: analyse  formula:[]
2026-06-26 13:04:52,025 INFO utils.complier: analyse  formula:[{'type': 'VARIABLE', 'value': '{{ISU.AP_PERF_BSM_CONFLICT_CYCLES}}'}, {'type': 'VARIABLE', 'value': '{{ISU.AP_PERF_INSTS_BSM}}'}, {'type': 'VARIABLE', 'value': '{{ISU.AP_PERF_INSTS_BSM}}'}]
2026-06-26 13:04:52,025 INFO utils.complier: analyse  formula:[]
2026-06-26 13:04:52,025 INFO utils.complier: analyse  formula:[]
2026-06-26 13:04:52,026 INFO utils.complier: analyse  formula:[{'type': 'VARIABLE', 'value': '{{ISU.AP_PERF_BSM_RD_CYCLES}}'}, {'type': 'VARIABLE', 'value': '{{ISU.AP_PERF_BSM_WR_CYCLES}}'}, {'type': 'VARIABLE', 'value': '{{ISU.AP_PERF_BSM_ATOMIC_CYCLES}}'}, {'type': 'VARIABLE', 'value': '{{ISU.AP_PERF_INSTS_BSM}}'}, {'type': 'VARIABLE', 'value': '{{ISU.AP_PERF_INSTS_BSM}}'}]
2026-06-26 13:04:52,026 INFO utils.complier: analyse  formula:[]
2026-06-26 13:04:52,026 INFO utils.complier: analyse  formula:[]
2026-06-26 13:04:52,026 INFO utils.complier: analyse  formula:[{'type': 'VARIABLE', 'value': '{{ISU.AP_PERF_BSM_RD_CYCLES}}'}, {'type': 'VARIABLE', 'value': '{{ISU.AP_PERF_BSM_WR_CYCLES}}'}, {'type': 'VARIABLE', 'value': '{{ISU.AP_PERF_BSM_ATOMIC_CYCLES}}'}, {'type': 'VARIABLE', 'value': '{{ISU.AP_PERF_BSM_CONFLICT_CYCLES}}'}]
2026-06-26 13:04:52,027 INFO utils.complier: analyse  formula:[]
2026-06-26 13:04:52,027 INFO utils.complier: analyse  formula:[]
2026-06-26 13:04:52,027 INFO utils.complier: analyse  formula:[{'type': 'VARIABLE', 'value': '{{ISU.AP_PERF_WAVES}}'}]
2026-06-26 13:04:52,027 INFO utils.complier: analyse  formula:[]
2026-06-26 13:04:52,027 INFO utils.complier: analyse  formula:[]
2026-06-26 13:04:52,027 INFO utils.complier: analyse  formula:[{'type': 'VARIABLE', 'value': '{{RM.RM_PERF_DISPATCHED_WAVES_P0}}'}, {'type': 'VARIABLE', 'value': '{{RM.RM_PERF_DISPATCHED_WAVES_P1}}'}, {'type': 'VARIABLE', 'value': '{{RM.RM_PERF_DISPATCHED_WAVES_P2}}'}, {'type': 'VARIABLE', 'value': '{{RM.RM_PERF_DISPATCHED_WAVES_P3}}'}]
2026-06-26 13:04:52,027 INFO utils.complier: analyse  formula:[]
2026-06-26 13:04:52,027 INFO utils.complier: analyse  formula:[]
2026-06-26 13:04:52,027 INFO utils.complier: analyse  formula:[{'type': 'VARIABLE', 'value': '{{ISU.AP_PERF_ISU_AP_BUSY}}'}]
2026-06-26 13:04:52,028 INFO utils.complier: analyse  formula:[]
2026-06-26 13:04:52,028 INFO utils.complier: analyse  formula:[]
2026-06-26 13:04:52,028 INFO utils.complier: analyse  formula:[{'type': 'VARIABLE', 'value': '{{ISU.AP_PERF_INST_TRANS_FP16}}'}, {'type': 'VARIABLE', 'value': '{{ISU.AP_PERF_INST_TRANS_FP32}}'}, {'type': 'VARIABLE', 'value': '{{ISU.AP_PERF_MTE_PI_SEG_SEL_F64}}'}, {'type': 'VARIABLE', 'value': '{{ISU.AP_PERF_INST_CYCLES_VALU_4CYCLES}}'}, {'type': 'VARIABLE', 'value': '{{ISU.AP_PERF_ISU_AP_BUSY}}'}]
2026-06-26 13:04:52,028 INFO utils.complier: analyse  formula:[]
2026-06-26 13:04:52,028 INFO utils.complier: analyse  formula:[]
2026-06-26 13:04:52,029 INFO utils.complier: analyse  formula:[{'type': 'VARIABLE', 'value': '{{ISU.AP_PERF_INSTS_SALU}}'}, {'type': 'VARIABLE', 'value': '{{ISU.AP_PERF_ISU_AP_BUSY}}'}]
2026-06-26 13:04:52,029 INFO utils.complier: analyse  formula:[]
2026-06-26 13:04:52,029 INFO utils.complier: analyse  formula:[]
2026-06-26 13:04:52,029 INFO utils.complier: analyse  formula:[{'type': 'VARIABLE', 'value': '{{ISU.AP_PERF_INST_CYCLES_MMA}}'}, {'type': 'VARIABLE', 'value': '{{ISU.AP_PERF_ISU_AP_BUSY}}'}]
2026-06-26 13:04:52,029 INFO utils.complier: analyse  formula:[]
2026-06-26 13:04:52,029 INFO utils.complier: analyse  formula:[]
2026-06-26 13:04:52,029 INFO utils.complier: analyse  formula:[{'type': 'VARIABLE', 'value': '{{VLS.PERFEVENT_VLS_ACTIVE}}'}, {'type': 'VARIABLE', 'value': '{{ISU.AP_PERF_ISU_AP_BUSY}}'}]
2026-06-26 13:04:52,029 INFO utils.complier: analyse  formula:[]
2026-06-26 13:04:52,029 INFO utils.complier: analyse  formula:[]
2026-06-26 13:04:52,029 INFO utils.complier: analyse  formula:[{'type': 'VARIABLE', 'value': '{{L2C.perf_req}}'}, {'type': 'VARIABLE', 'value': '{{L2C.1_b1}}'}]
2026-06-26 13:04:52,029 INFO utils.complier: analyse  formula:[]
2026-06-26 13:04:52,029 INFO utils.complier: analyse  formula:[]
2026-06-26 13:04:52,030 INFO utils.complier: analyse  formula:[{'type': 'VARIABLE', 'value': '{{ISU.AP_PERF_ISU_AP_BUSY}}'}]
2026-06-26 13:04:52,030 INFO utils.complier: analyse  formula:[{'type': 'PRE_VAR', 'value': '@total_instruction_num'}]
2026-06-26 13:04:52,030 INFO utils.complier: analyse  formula:[]
2026-06-26 13:04:52,030 INFO utils.complier: analyse  formula:[{'type': 'VARIABLE_DICT', 'value': '{{{ISU.AP_PERF_INSTS_VALU}}}'}, {'type': 'VARIABLE', 'value': '{{ISU.AP_PERF_ISU_AP_BUSY}}'}]
2026-06-26 13:04:52,030 INFO utils.complier: analyse  formula:[{'type': 'PRE_VAR', 'value': '@total_instruction_num'}]
2026-06-26 13:04:52,031 INFO utils.complier: analyse  formula:[]
2026-06-26 13:04:52,031 INFO utils.complier: analyse  formula:[{'type': 'VARIABLE_DICT', 'value': '{{{ISU.AP_PERF_INSTS_VALU}}}'}, {'type': 'VARIABLE', 'value': '{{ISU.AP_PERF_ISU_AP_BUSY}}'}]
2026-06-26 13:04:52,031 INFO utils.complier: analyse  formula:[{'type': 'PRE_VAR', 'value': '@total_instruction_num'}]
2026-06-26 13:04:52,032 INFO utils.complier: analyse  formula:[]
2026-06-26 13:04:52,032 INFO utils.complier: analyse  formula:[{'type': 'VARIABLE', 'value': '{{ISU.AP_PERF_INSTS_VALU}}'}, {'type': 'VARIABLE', 'value': '{{ISU.AP_PERF_INSTS_MMA}}'}, {'type': 'VARIABLE', 'value': '{{ISU.AP_PERF_INSTS_SALU}}'}, {'type': 'VARIABLE', 'value': '{{ISU.AP_PERF_INSTS_GVM}}'}, {'type': 'VARIABLE', 'value': '{{ISU.AP_PERF_INSTS_BSM}}'}, {'type': 'VARIABLE', 'value': '{{ISU.AP_PERF_INSTS_LDU}}'}, {'type': 'VARIABLE', 'value': '{{ISU.AP_PERF_INST_MISC}}'}, {'type': 'VARIABLE', 'value': '{{ISU.AP_PERF_ISU_AP_BUSY}}'}]
2026-06-26 13:04:52,032 INFO utils.complier: analyse  formula:[]
2026-06-26 13:04:52,032 INFO utils.complier: analyse  formula:[]
2026-06-26 13:04:52,033 INFO utils.complier: analyse  formula:[{'type': 'VARIABLE_DICT', 'value': '{{{ISU.AP_PERF_INSTS_VALU}}}'}, {'type': 'VARIABLE', 'value': '{{ISU.AP_PERF_INSTS_VALU}}'}, {'type': 'VARIABLE', 'value': '{{ISU.AP_PERF_INSTS_MMA}}'}, {'type': 'VARIABLE', 'value': '{{ISU.AP_PERF_INSTS_SALU}}'}, {'type': 'VARIABLE', 'value': '{{ISU.AP_PERF_INSTS_GVM}}'}, {'type': 'VARIABLE', 'value': '{{ISU.AP_PERF_INSTS_BSM}}'}, {'type': 'VARIABLE', 'value': '{{ISU.AP_PERF_INSTS_LDU}}'}, {'type': 'VARIABLE', 'value': '{{ISU.AP_PERF_INST_MISC}}'}, {'type': 'VARIABLE', 'value': '{{ISU.AP_PERF_ISU_AP_BUSY}}'}]
2026-06-26 13:04:52,033 INFO utils.complier: analyse  formula:[]
2026-06-26 13:04:52,033 INFO utils.complier: analyse  formula:[]
2026-06-26 13:04:52,036 INFO utils.complier: analyse  formula:[{'type': 'VARIABLE', 'value': '{{ISU.AP_PERF_INSTS_VALU}}'}, {'type': 'VARIABLE', 'value': '{{ISU.AP_PERF_INST_FMA_F32}}'}, {'type': 'VARIABLE', 'value': '{{ISU.AP_PERF_INST_FMA_F64}}'}, {'type': 'VARIABLE', 'value': '{{ISU.AP_PERF_INST_TRANS_FP16}}'}, {'type': 'VARIABLE', 'value': '{{ISU.AP_PERF_INST_TRANS_FP32}}'}, {'type': 'VARIABLE', 'value': '{{ISU.AP_PERF_MTE_PI_SEG_SEL_F64}}'}, {'type': 'VARIABLE', 'value': '{{ISU.AP_PERF_MTE_PI_SEG_SEL_F64}}'}, {'type': 'VARIABLE', 'value': '{{ISU.AP_PERF_INST_FMA_F32}}'}, {'type': 'VARIABLE', 'value': '{{ISU.AP_PERF_INST_FMA_F64}}'}, {'type': 'VARIABLE', 'value': '{{ISU.AP_PERF_INST_TRANS_FP16}}'}, {'type': 'VARIABLE', 'value': '{{ISU.AP_PERF_INST_TRANS_FP32}}'}, {'type': 'VARIABLE', 'value': '{{ISU.AP_PERF_INST_MMA_INT8}}'}, {'type': 'VARIABLE', 'value': '{{ISU.AP_PERF_INST_MMA_FP16}}'}, {'type': 'VARIABLE', 'value': '{{ISU.AP_PERF_INST_MMA_BF16}}'}, {'type': 'VARIABLE', 'value': '{{ISU.AP_PERF_INST_MMA_TF32}}'}, {'type': 'VARIABLE', 'value': '{{ISU.AP_PERF_INST_MMA_F32}}'}, {'type': 'VARIABLE', 'value': '{{ISU.AP_PERF_INST_MMA_F64}}'}, {'type': 'VARIABLE', 'value': '{{ISU.AP_PERF_INST_MMA_TF64}}'}, {'type': 'VARIABLE', 'value': '{{L2C.perf_dnoc_rdreq_32B}}'}, {'type': 'VARIABLE', 'value': '{{L2C.perf_dnoc_rdreq_64B}}'}, {'type': 'VARIABLE', 'value': '{{L2C.perf_dnoc_rdreq_128B}}'}, {'type': 'VARIABLE', 'value': '{{L2C.perf_dnoc_wrreq_32B_low}}'}, {'type': 'VARIABLE', 'value': '{{L2C.perf_dnoc_wrreq_32B_high}}'}, {'type': 'VARIABLE', 'value': '{{L2C.perf_dnoc_wrreq_64B}}'}, {'type': 'VARIABLE', 'value': '{{L2C.perf_dnoc_wrreq_128B}}'}, {'type': 'VARIABLE', 'value': '{{VL1.p_perf_thread_req_cnt}}'}, {'type': 'VARIABLE', 'value': '{{VL1.perf_inflt_rd_req}}'}, {'type': 'VARIABLE', 'value': '{{ISU.AP_PERF_ISU_AP_BUSY}}'}, {'type': 'VARIABLE_DICT', 'value': '{{{ISU.AP_PERF_ISU_AP_BUSY}}}'}]
2026-06-26 13:04:52,038 INFO utils.complier: analyse  formula:[]
2026-06-26 13:04:52,041 INFO utils.complier: analyse  formula:[]
2026-06-26 13:04:52,041 INFO utils.complier: analyse  formula:[{'type': 'VARIABLE', 'value': '{{ISU.AP_PERF_INSTS_VALU}}'}, {'type': 'VARIABLE', 'value': '{{ISU.AP_PERF_INSTS_MMA}}'}, {'type': 'VARIABLE', 'value': '{{ISU.AP_PERF_INSTS_SALU}}'}, {'type': 'VARIABLE', 'value': '{{ISU.AP_PERF_INST_MISC}}'}]
2026-06-26 13:04:52,041 INFO utils.complier: analyse  formula:[]
2026-06-26 13:04:52,041 INFO utils.complier: analyse  formula:[{'type': 'VARIABLE', 'value': '{{ISU.AP_PERF_INSTS_GVM}}'}, {'type': 'VARIABLE', 'value': '{{ISU.AP_PERF_INSTS_BSM}}'}, {'type': 'VARIABLE', 'value': '{{ISU.AP_PERF_INSTS_LDU}}'}]
2026-06-26 13:04:52,041 INFO utils.complier: analyse  formula:[]
2026-06-26 13:04:52,042 INFO utils.complier: analyse  formula:[{'type': 'VARIABLE', 'value': '{{ISU.AP_PERF_INST_GLOBAL_RD}}'}]
2026-06-26 13:04:52,042 INFO utils.complier: analyse  formula:[]
2026-06-26 13:04:52,042 INFO utils.complier: analyse  formula:[{'type': 'VARIABLE', 'value': '{{ISU.AP_PERF_INST_GLOBAL_WR}}'}]
2026-06-26 13:04:52,042 INFO utils.complier: analyse  formula:[]
2026-06-26 13:04:52,042 INFO utils.complier: analyse  formula:[{'type': 'VARIABLE', 'value': '{{ISU.AP_PERF_INST_PRIVATE_RD}}'}]
2026-06-26 13:04:52,042 INFO utils.complier: analyse  formula:[]
2026-06-26 13:04:52,042 INFO utils.complier: analyse  formula:[{'type': 'VARIABLE', 'value': '{{ISU.AP_PERF_INST_PRIVATE_WR}}'}]
2026-06-26 13:04:52,042 INFO utils.complier: analyse  formula:[]
2026-06-26 13:04:52,042 INFO utils.complier: analyse  formula:[{'type': 'VARIABLE', 'value': '{{ISU.AP_PERF_INST_GENERIC_RD}}'}]
2026-06-26 13:04:52,042 INFO utils.complier: analyse  formula:[]
2026-06-26 13:04:52,042 INFO utils.complier: analyse  formula:[{'type': 'VARIABLE', 'value': '{{ISU.AP_PERF_INST_GENERIC_WR}}'}]
2026-06-26 13:04:52,042 INFO utils.complier: analyse  formula:[]
2026-06-26 13:04:52,042 INFO utils.complier: analyse  formula:[{'type': 'VARIABLE', 'value': '{{ISU.AP_PERF_INSTS_LDU}}'}]
2026-06-26 13:04:52,042 INFO utils.complier: analyse  formula:[]
2026-06-26 13:04:52,042 INFO utils.complier: analyse  formula:[{'type': 'VARIABLE', 'value': '{{ISU.AP_PERF_INST_BSM_RD}}'}]
2026-06-26 13:04:52,042 INFO utils.complier: analyse  formula:[]
2026-06-26 13:04:52,042 INFO utils.complier: analyse  formula:[{'type': 'VARIABLE', 'value': '{{ISU.AP_PERF_INST_BSM_WR}}'}]
2026-06-26 13:04:52,042 INFO utils.complier: analyse  formula:[]
2026-06-26 13:04:52,042 INFO utils.complier: analyse  formula:[{'type': 'VARIABLE', 'value': '{{VL1.p_total_read_instruction_event}}'}]
2026-06-26 13:04:52,043 INFO utils.complier: analyse  formula:[]
2026-06-26 13:04:52,043 INFO utils.complier: analyse  formula:[{'type': 'VARIABLE', 'value': '{{VL1.p_total_write_instruction_event}}'}]
2026-06-26 13:04:52,043 INFO utils.complier: analyse  formula:[]
2026-06-26 13:04:52,043 INFO utils.complier: analyse  formula:[{'type': 'VARIABLE', 'value': '{{VL1.p_perf_thread_req_cnt}}'}, {'type': 'VARIABLE', 'value': '{{VL1.p_perf_miss_cnt}}'}, {'type': 'VARIABLE', 'value': '{{VL1.p_perf_thread_req_cnt}}'}]
2026-06-26 13:04:52,043 INFO utils.complier: analyse  formula:[]
2026-06-26 13:04:52,043 INFO utils.complier: analyse  formula:[{'type': 'VARIABLE', 'value': '{{L2C.perf_rd_req}}'}]
2026-06-26 13:04:52,043 INFO utils.complier: analyse  formula:[]
2026-06-26 13:04:52,043 INFO utils.complier: analyse  formula:[{'type': 'VARIABLE', 'value': '{{L2C.perf_wr_req}}'}]
2026-06-26 13:04:52,043 INFO utils.complier: analyse  formula:[]
2026-06-26 13:04:52,043 INFO utils.complier: analyse  formula:[{'type': 'VARIABLE', 'value': '{{L2C.perf_hit}}'}, {'type': 'VARIABLE', 'value': '{{L2C.perf_sector_hit}}'}, {'type': 'VARIABLE', 'value': '{{L2C.perf_miss}}'}]
2026-06-26 13:04:52,044 INFO utils.complier: analyse  formula:[]
2026-06-26 13:04:52,044 INFO utils.complier: analyse  formula:[{'type': 'VARIABLE', 'value': '{{SL1.sl1_kcache_total_hit_event}}'}, {'type': 'VARIABLE', 'value': '{{SL1.sl1_kcache_total_hit_on_miss_event}}'}, {'type': 'VARIABLE', 'value': '{{SL1.sl1_kcache_total_miss_event}}'}]
2026-06-26 13:04:52,044 INFO utils.complier: analyse  formula:[]
2026-06-26 13:04:52,044 INFO utils.complier: analyse  formula:[{'type': 'VARIABLE', 'value': '{{SL1.sl1_kcache_rd}}'}]
2026-06-26 13:04:52,044 INFO utils.complier: analyse  formula:[]
2026-06-26 13:04:52,044 INFO utils.complier: analyse  formula:[{'type': 'VARIABLE', 'value': '{{SL1.sl1_kcache_l2_rd}}'}]
2026-06-26 13:04:52,044 INFO utils.complier: analyse  formula:[]
2026-06-26 13:04:52,044 INFO utils.complier: analyse  formula:[{'type': 'VARIABLE', 'value': '{{ISU.AP_PERF_INSTS_VALU}}'}, {'type': 'VARIABLE', 'value': '{{ISU.AP_PERF_INSTS_MMA}}'}, {'type': 'VARIABLE', 'value': '{{ISU.AP_PERF_INSTS_SALU}}'}, {'type': 'VARIABLE', 'value': '{{ISU.AP_PERF_INSTS_GVM}}'}, {'type': 'VARIABLE', 'value': '{{ISU.AP_PERF_INSTS_BSM}}'}, {'type': 'VARIABLE', 'value': '{{ISU.AP_PERF_INSTS_LDU}}'}, {'type': 'VARIABLE', 'value': '{{ISU.AP_PERF_INST_MISC}}'}]
2026-06-26 13:04:52,044 INFO utils.complier: analyse  formula:[]
2026-06-26 13:04:52,045 INFO common.api_common: f_var:ISU.AP_PERF_INSTS_GVM
2026-06-26 13:04:52,045 INFO common.api_common: f_var:ISU.AP_PERF_BSM_READ_INFLIGHT_LEVEL
2026-06-26 13:04:52,045 INFO common.api_common: f_var:VL1.p_stall_due_oldest_pt0
2026-06-26 13:04:52,045 INFO common.api_common: f_var:ISU.AP_PERF_ISU_ARB_DATA_STALL
2026-06-26 13:04:52,045 INFO common.api_common: f_var:L2C.perf_dnoc_wrreq
2026-06-26 13:04:52,045 INFO common.api_common: f_var:ISU.AP_PERF_INST_BSM_WR
2026-06-26 13:04:52,045 INFO common.api_common: f_var:RM.RM_PERF_DISPATCHED_WAVES_P3
2026-06-26 13:04:52,045 INFO common.api_common: f_var:L2C.perf_req
2026-06-26 13:04:52,045 INFO common.api_common: f_var:ISU.AP_PERF_INST_CYCLES_VALU
2026-06-26 13:04:52,045 INFO common.api_common: f_var:L2C.perf_dnoc_wrreq_32B_high
2026-06-26 13:04:52,045 INFO common.api_common: f_var:L2C.perf_rd_req
2026-06-26 13:04:52,045 INFO common.api_common: f_var:RM.RM_PERF_DISPATCHED_WAVES_P0
2026-06-26 13:04:52,045 INFO common.api_common: f_var:ISU.AP_PERF_INST_MISC
2026-06-26 13:04:52,045 INFO common.api_common: f_var:ISU.AP_PERF_INSTS_GVM_ATOMIC
2026-06-26 13:04:52,045 INFO common.api_common: f_var:L2C.perf_dnoc_rd_histogram_0_255
2026-06-26 13:04:52,045 INFO common.api_common: f_var:VLS.PERFEVENT_VLS_ACTIVE
2026-06-26 13:04:52,045 INFO common.api_common: f_var:L2C.perf_dnoc_wrreq_32B_low
2026-06-26 13:04:52,045 INFO common.api_common: f_var:SL1.sl1_kcache_l2_rd
2026-06-26 13:04:52,045 INFO common.api_common: f_var:ISU.AP_PERF_INST_GENERIC_RD
2026-06-26 13:04:52,045 INFO common.api_common: f_var:SL1.sl1_kcache_total_hit_on_miss_event
2026-06-26 13:04:52,045 INFO common.api_common: f_var:L2C.perf_dnoc_rd_histogram_512_1K
2026-06-26 13:04:52,045 INFO common.api_common: f_var:L2C.perf_dnoc_wrreq_128B
2026-06-26 13:04:52,045 INFO common.api_common: f_var:ISU.AP_PERF_MTE_PI_SEG_SEL_F64
2026-06-26 13:04:52,045 INFO common.api_common: f_var:ISU.AP_PERF_INSTS_VALU
2026-06-26 13:04:52,045 INFO common.api_common: f_var:ISU.AP_PERF_INST_GLOBAL_WR
2026-06-26 13:04:52,045 INFO common.api_common: f_var:ISU.AP_PERF_ISU_ARB_WSM_STALL
2026-06-26 13:04:52,045 INFO common.api_common: f_var:ISU.AP_PERF_INSTS_BSM
2026-06-26 13:04:52,045 INFO common.api_common: f_var:RM.RM_PERF_WAVES_InFlight_Level_P3
2026-06-26 13:04:52,045 INFO common.api_common: f_var:ISU.AP_PERF_INSTS_MMA
2026-06-26 13:04:52,045 INFO common.api_common: f_var:L2C.perf_miss
2026-06-26 13:04:52,045 INFO common.api_common: f_var:ISU.AP_PERF_INST_GLOBAL_RD
2026-06-26 13:04:52,045 INFO common.api_common: f_var:ISU.AP_PERF_INST_MMA_F64
2026-06-26 13:04:52,045 INFO common.api_common: f_var:ISU.AP_PERF_INST_BSM_RD
2026-06-26 13:04:52,045 INFO common.api_common: f_var:RM.RM_PERF_WAVES_InFlight_Level_P1
2026-06-26 13:04:52,045 INFO common.api_common: f_var:ISU.AP_PERF_INSTS_SALU
2026-06-26 13:04:52,045 INFO common.api_common: f_var:L2C.perf_dnoc_rdreq_32B
2026-06-26 13:04:52,045 INFO common.api_common: f_var:L2C.1_b1
2026-06-26 13:04:52,045 INFO common.api_common: f_var:VL1.p_perf_thread_req_cnt
2026-06-26 13:04:52,045 INFO common.api_common: f_var:ISU.AP_PERF_BSM_RD_CYCLES
2026-06-26 13:04:52,045 INFO common.api_common: f_var:VL1.p_total_atomic_instruction_event
2026-06-26 13:04:52,045 INFO common.api_common: f_var:ISU.AP_PERF_INST_TRANS_FP16
2026-06-26 13:04:52,045 INFO common.api_common: f_var:CE.CE_PERF_SEND_RM_WORKGROUPS
2026-06-26 13:04:52,045 INFO common.api_common: f_var:L2C.perf_dnoc_rdreq_128B
2026-06-26 13:04:52,045 INFO common.api_common: f_var:VL1.p_stall_due_oldest_pt1
2026-06-26 13:04:52,045 INFO common.api_common: f_var:VL1.p_perf_miss_cnt
2026-06-26 13:04:52,045 INFO common.api_common: f_var:ISU.AP_PERF_ISU_ARB_VLS_STALL
2026-06-26 13:04:52,045 INFO common.api_common: f_var:VL1.p_stall_due_oldest_pt2
2026-06-26 13:04:52,045 INFO common.api_common: f_var:CE.CE_PERF_BUSY_CYCLES
2026-06-26 13:04:52,045 INFO common.api_common: f_var:VL1.p_total_write_instruction_event
2026-06-26 13:04:52,045 INFO common.api_common: f_var:ISU.AP_PERF_BSM_ATOMIC_INFLIGHT_LEVEL
2026-06-26 13:04:52,045 INFO common.api_common: f_var:L2C.perf_dnoc_rdreq
2026-06-26 13:04:52,045 INFO common.api_common: f_var:L2C.perf_dnoc_wrreq_64B
2026-06-26 13:04:52,045 INFO common.api_common: f_var:L2C.perf_dnoc_rdreq_64B
2026-06-26 13:04:52,046 INFO common.api_common: f_var:ISU.AP_PERF_INST_FMA_F64
2026-06-26 13:04:52,046 INFO common.api_common: f_var:ISU.AP_PERF_INSTS_LDU
2026-06-26 13:04:52,046 INFO common.api_common: f_var:ISU.AP_PERF_INST_CYCLES_MMA
2026-06-26 13:04:52,046 INFO common.api_common: f_var:RM.RM_PERF_WAVES_InFlight_Level_P2
2026-06-26 13:04:52,046 INFO common.api_common: f_var:VL1.p_stall_due_oldest_pt3
2026-06-26 13:04:52,046 INFO common.api_common: f_var:ISU.AP_PERF_INST_GLOBAL_ATOMIC
2026-06-26 13:04:52,046 INFO common.api_common: f_var:ISU.AP_PERF_INST_CYCLES_MMA_16CYCLES
2026-06-26 13:04:52,046 INFO common.api_common: f_var:ISU.AP_PERF_INST_MMA_BF16
2026-06-26 13:04:52,046 INFO common.api_common: f_var:ISU.AP_PERF_INST_MMA_FP16
2026-06-26 13:04:52,046 INFO common.api_common: f_var:L2C.perf_dnoc_rd_histogram_2K_INF
2026-06-26 13:04:52,046 INFO common.api_common: f_var:L2C.perf_atomic_req
2026-06-26 13:04:52,046 INFO common.api_common: f_var:ISU.AP_PERF_WAVES
2026-06-26 13:04:52,046 INFO common.api_common: f_var:L2C.perf_dnoc_rd_histogram_1K_2K
2026-06-26 13:04:52,046 INFO common.api_common: f_var:SL1.sl1_kcache_total_hit_event
2026-06-26 13:04:52,046 INFO common.api_common: f_var:L2C.perf_dnoc_rd_histogram_256_511
2026-06-26 13:04:52,046 INFO common.api_common: f_var:SL1.sl1_kcache_rd
2026-06-26 13:04:52,046 INFO common.api_common: f_var:ISU.AP_PERF_INST_CYCLES_MMA_32CYCLES
2026-06-26 13:04:52,046 INFO common.api_common: f_var:RM.RM_PERF_DISPATCHED_WAVES_P2
2026-06-26 13:04:52,046 INFO common.api_common: f_var:RM.RM_PERF_WAVES_InFlight_Level_P0
2026-06-26 13:04:52,046 INFO common.api_common: f_var:ISU.AP_PERF_INST_MMA_F32
2026-06-26 13:04:52,046 INFO common.api_common: f_var:VL1.perf_inflt_rd_req
2026-06-26 13:04:52,046 INFO common.api_common: f_var:ISU.AP_PERF_INST_PRIVATE_WR
2026-06-26 13:04:52,046 INFO common.api_common: f_var:ISU.AP_PERF_ISU_ARB_VALU_STALL
2026-06-26 13:04:52,046 INFO common.api_common: f_var:ISU.AP_PERF_INST_MMA_INT8
2026-06-26 13:04:52,047 INFO common.api_common: f_var:ISU.AP_PERF_INST_MMA_TF32
2026-06-26 13:04:52,047 INFO common.api_common: f_var:ISU.AP_PERF_INST_TRANS_FP32
2026-06-26 13:04:52,047 INFO common.api_common: f_var:RM.RM_PERF_DISPATCHED_WAVES_P1
2026-06-26 13:04:52,047 INFO common.api_common: f_var:ISU.AP_PERF_BSM_WR_CYCLES
2026-06-26 13:04:52,047 INFO common.api_common: f_var:ISU.AP_PERF_BSM_CONFLICT_CYCLES
2026-06-26 13:04:52,047 INFO common.api_common: f_var:ISU.AP_PERF_INST_PRIVATE_RD
2026-06-26 13:04:52,047 INFO common.api_common: f_var:ISU.AP_PERF_ISU_AP_BUSY
2026-06-26 13:04:52,047 INFO common.api_common: f_var:VL1.p_total_read_instruction_event
2026-06-26 13:04:52,047 INFO common.api_common: f_var:ISU.AP_PERF_BSM_INFLIGHT_LEVEL_IN_AP
2026-06-26 13:04:52,047 INFO common.api_common: f_var:ISU.AP_PERF_INST_GENERIC_WR
2026-06-26 13:04:52,047 INFO common.api_common: f_var:ISU.AP_PERF_INST_FMA_F32
2026-06-26 13:04:52,047 INFO common.api_common: f_var:L2C.perf_hit
2026-06-26 13:04:52,047 INFO common.api_common: f_var:L2C.perf_wr_req
2026-06-26 13:04:52,047 INFO common.api_common: f_var:L2C.perf_sector_hit
2026-06-26 13:04:52,047 INFO common.api_common: f_var:ISU.AP_PERF_BSM_WR_INFLIGHT_LEVEL
2026-06-26 13:04:52,047 INFO common.api_common: f_var:CE.CE_PERF_SEND_RM_WAVES
2026-06-26 13:04:52,047 INFO common.api_common: f_var:ISU.AP_PERF_INST_CYCLES_VALU_16CYCLES
2026-06-26 13:04:52,047 INFO common.api_common: f_var:SL1.sl1_kcache_total_miss_event
2026-06-26 13:04:52,047 INFO common.api_common: f_var:ISU.AP_PERF_INST_CYCLES_VALU_4CYCLES
2026-06-26 13:04:52,047 INFO common.api_common: f_var:ISU.AP_PERF_INST_BSM_ATOMIC
2026-06-26 13:04:52,047 INFO common.api_common: f_var:ISU.AP_PERF_BSM_INFLIGHT_LEVEL
2026-06-26 13:04:52,047 INFO common.api_common: f_var:L2C.perf_dnoc_rdreq_inflight_level
2026-06-26 13:04:52,047 INFO common.api_common: f_var:ISU.AP_PERF_INST_GLOBAL_ATOMIC_64
2026-06-26 13:04:52,047 INFO common.api_common: f_var:ISU.AP_PERF_BSM_ATOMIC_CYCLES
2026-06-26 13:04:52,047 INFO common.api_common: f_var:ISU.AP_PERF_INST_MMA_TF64
2026-06-26 13:04:52,048 INFO tools.events_generator.batches_generator: output path is: /mnt/opt_test/engram_fused_weight_run/profile-artifacts/engram_fused_weight_v0_baseline/mcprofiler_raw_baseline
2026-06-26 13:04:52,049 INFO tools.events_generator.batches_generator: generate event_batch_1.json successfully!
2026-06-26 13:04:52,049 INFO tools.events_generator.batches_generator: generate event_batch_2.json successfully!
2026-06-26 13:04:52,049 INFO tools.events_generator.batches_generator: generate event_batch_3.json successfully!
2026-06-26 13:04:52,049 INFO tools.events_generator.batches_generator: generate event_batch_4.json successfully!
2026-06-26 13:04:52,049 INFO tools.events_generator.batches_generator: generate event_batch_5.json successfully!
2026-06-26 13:04:52,049 INFO tools.events_generator.batches_generator: generate event_batch_6.json successfully!
2026-06-26 13:04:52,049 INFO tools.events_generator.batches_generator: generate event_batch_7.json successfully!
2026-06-26 13:04:52,050 INFO tools.events_generator.batches_generator: generate event_batch_8.json successfully!
2026-06-26 13:04:52,050 INFO phttp.server_backend: generate batch files done
2026-06-26 13:04:52,050 INFO common.api_common: ret_code cmdline_str: rm -f /root/mcRpcPort.ini
2026-06-26 13:04:52,056 INFO common.api_common: ret_code cmdline_str: cp /mnt/opt_test/engram_fused_weight_run/profile-artifacts/engram_fused_weight_v0_baseline/mcprofiler_raw_baseline/event_batch_1.json /mnt/opt_test/engram_fused_weight_run/profile-artifacts/engram_fused_weight_v0_baseline/mcprofiler_raw_baseline/mcProfiler.json
2026-06-26 13:04:52,063 INFO common.api_common: ret_code cmdline_str: export MCTX_TARGET_INIT=true; export MACA_ETC_PATH=/mnt/opt_test/engram_fused_weight_run/profile-artifacts/engram_fused_weight_v0_baseline/mcprofiler_raw_baseline; export MXLOG_LEVEL=info; export MACA_PATH=/opt/maca/; export LD_LIBRARY_PATH=/opt/maca/lib/:${LD_LIBRARY_PATH}; ./test_maca 5 100 2
2026-06-26 13:04:52,063 INFO common.api_common: ret_code cmdline_str: cat /root/mcRpcPort.ini
2026-06-26 13:04:52,071 WARNING phttp.server_backend: get_srvrpc_port get rpc server ports failed: cannot retrieve rpc server port.
2026-06-26 13:04:52,271 INFO common.api_common: ret_code cmdline_str: cat /root/mcRpcPort.ini
2026-06-26 13:04:52,688 INFO common.api_common: ret_code cmdline_str: cat /root/mcRpcPort.ini
2026-06-26 13:04:52,689 INFO prpc_client.mctool_client: MctxStreamProfilerCountDataGet Start
2026-06-26 13:04:52,692 INFO prpc_client.mctool_client: MctxStreamProfilerCountDataGet Loop
2026-06-26 13:04:53,497 INFO common.api_common: ret_code cmdline_str: cat /root/mcRpcPort.ini
2026-06-26 13:04:55,106 INFO common.api_common: ret_code cmdline_str: cat /root/mcRpcPort.ini
2026-06-26 13:04:55,219 INFO prpc_client.mctool_client: MctxStreamProfilerCountDataGet Loop
2026-06-26 13:04:56,892 DEBUG urllib3.connectionpool: Starting new HTTP connection (1): 127.0.0.1:50123
2026-06-26 13:04:56,897 INFO werkzeug: 127.0.0.1 - - [26/Jun/2026 13:04:56] "GET /perf_progress?exec_id=dba4017b-3b15-4c3c-b04e-767cfbea66f1 HTTP/1.1" 200 -
2026-06-26 13:04:56,897 DEBUG urllib3.connectionpool: http://127.0.0.1:50123 "GET /perf_progress?exec_id=dba4017b-3b15-4c3c-b04e-767cfbea66f1 HTTP/1.1" 200 2479
2026-06-26 13:04:58,319 INFO common.api_common: ret_code cmdline_str: rm -f /root/mcRpcPort.ini
2026-06-26 13:04:58,326 INFO common.api_common: ret_code cmdline_str: cp /mnt/opt_test/engram_fused_weight_run/profile-artifacts/engram_fused_weight_v0_baseline/mcprofiler_raw_baseline/event_batch_2.json /mnt/opt_test/engram_fused_weight_run/profile-artifacts/engram_fused_weight_v0_baseline/mcprofiler_raw_baseline/mcProfiler.json
2026-06-26 13:04:58,333 INFO common.api_common: ret_code cmdline_str: export MCTX_TARGET_INIT=true; export MACA_ETC_PATH=/mnt/opt_test/engram_fused_weight_run/profile-artifacts/engram_fused_weight_v0_baseline/mcprofiler_raw_baseline; export MXLOG_LEVEL=info; export MACA_PATH=/opt/maca/; export LD_LIBRARY_PATH=/opt/maca/lib/:${LD_LIBRARY_PATH}; ./test_maca 5 100 2
2026-06-26 13:04:58,333 INFO common.api_common: ret_code cmdline_str: cat /root/mcRpcPort.ini
2026-06-26 13:04:58,341 WARNING phttp.server_backend: get_srvrpc_port get rpc server ports failed: cannot retrieve rpc server port.
2026-06-26 13:04:58,541 INFO common.api_common: ret_code cmdline_str: cat /root/mcRpcPort.ini
2026-06-26 13:04:58,952 INFO common.api_common: ret_code cmdline_str: cat /root/mcRpcPort.ini
2026-06-26 13:04:58,952 INFO prpc_client.mctool_client: MctxStreamProfilerCountDataGet Start
2026-06-26 13:04:58,955 INFO prpc_client.mctool_client: MctxStreamProfilerCountDataGet Loop
2026-06-26 13:04:59,760 INFO common.api_common: ret_code cmdline_str: cat /root/mcRpcPort.ini
2026-06-26 13:05:01,369 INFO common.api_common: ret_code cmdline_str: cat /root/mcRpcPort.ini
2026-06-26 13:05:01,482 INFO prpc_client.mctool_client: MctxStreamProfilerCountDataGet Loop
2026-06-26 13:05:01,905 DEBUG urllib3.connectionpool: Starting new HTTP connection (1): 127.0.0.1:50123
2026-06-26 13:05:01,909 INFO werkzeug: 127.0.0.1 - - [26/Jun/2026 13:05:01] "GET /perf_progress?exec_id=dba4017b-3b15-4c3c-b04e-767cfbea66f1 HTTP/1.1" 200 -
2026-06-26 13:05:01,910 DEBUG urllib3.connectionpool: http://127.0.0.1:50123 "GET /perf_progress?exec_id=dba4017b-3b15-4c3c-b04e-767cfbea66f1 HTTP/1.1" 200 2479
2026-06-26 13:05:04,582 INFO common.api_common: ret_code cmdline_str: rm -f /root/mcRpcPort.ini
2026-06-26 13:05:04,589 INFO common.api_common: ret_code cmdline_str: cp /mnt/opt_test/engram_fused_weight_run/profile-artifacts/engram_fused_weight_v0_baseline/mcprofiler_raw_baseline/event_batch_3.json /mnt/opt_test/engram_fused_weight_run/profile-artifacts/engram_fused_weight_v0_baseline/mcprofiler_raw_baseline/mcProfiler.json
2026-06-26 13:05:04,596 INFO common.api_common: ret_code cmdline_str: export MCTX_TARGET_INIT=true; export MACA_ETC_PATH=/mnt/opt_test/engram_fused_weight_run/profile-artifacts/engram_fused_weight_v0_baseline/mcprofiler_raw_baseline; export MXLOG_LEVEL=info; export MACA_PATH=/opt/maca/; export LD_LIBRARY_PATH=/opt/maca/lib/:${LD_LIBRARY_PATH}; ./test_maca 5 100 2
2026-06-26 13:05:04,596 INFO common.api_common: ret_code cmdline_str: cat /root/mcRpcPort.ini
2026-06-26 13:05:04,603 WARNING phttp.server_backend: get_srvrpc_port get rpc server ports failed: cannot retrieve rpc server port.
2026-06-26 13:05:04,804 INFO common.api_common: ret_code cmdline_str: cat /root/mcRpcPort.ini
2026-06-26 13:05:05,215 INFO common.api_common: ret_code cmdline_str: cat /root/mcRpcPort.ini
2026-06-26 13:05:05,215 INFO prpc_client.mctool_client: MctxStreamProfilerCountDataGet Start
2026-06-26 13:05:05,219 INFO prpc_client.mctool_client: MctxStreamProfilerCountDataGet Loop
2026-06-26 13:05:06,023 INFO common.api_common: ret_code cmdline_str: cat /root/mcRpcPort.ini
2026-06-26 13:05:06,917 DEBUG urllib3.connectionpool: Starting new HTTP connection (1): 127.0.0.1:50123
2026-06-26 13:05:06,922 INFO werkzeug: 127.0.0.1 - - [26/Jun/2026 13:05:06] "GET /perf_progress?exec_id=dba4017b-3b15-4c3c-b04e-767cfbea66f1 HTTP/1.1" 200 -
2026-06-26 13:05:06,923 DEBUG urllib3.connectionpool: http://127.0.0.1:50123 "GET /perf_progress?exec_id=dba4017b-3b15-4c3c-b04e-767cfbea66f1 HTTP/1.1" 200 9918
2026-06-26 13:05:07,632 INFO common.api_common: ret_code cmdline_str: cat /root/mcRpcPort.ini
2026-06-26 13:05:07,756 INFO prpc_client.mctool_client: MctxStreamProfilerCountDataGet Loop
2026-06-26 13:05:10,845 INFO common.api_common: ret_code cmdline_str: rm -f /root/mcRpcPort.ini
2026-06-26 13:05:10,852 INFO common.api_common: ret_code cmdline_str: cp /mnt/opt_test/engram_fused_weight_run/profile-artifacts/engram_fused_weight_v0_baseline/mcprofiler_raw_baseline/event_batch_4.json /mnt/opt_test/engram_fused_weight_run/profile-artifacts/engram_fused_weight_v0_baseline/mcprofiler_raw_baseline/mcProfiler.json
2026-06-26 13:05:10,859 INFO common.api_common: ret_code cmdline_str: export MCTX_TARGET_INIT=true; export MACA_ETC_PATH=/mnt/opt_test/engram_fused_weight_run/profile-artifacts/engram_fused_weight_v0_baseline/mcprofiler_raw_baseline; export MXLOG_LEVEL=info; export MACA_PATH=/opt/maca/; export LD_LIBRARY_PATH=/opt/maca/lib/:${LD_LIBRARY_PATH}; ./test_maca 5 100 2
2026-06-26 13:05:10,859 INFO common.api_common: ret_code cmdline_str: cat /root/mcRpcPort.ini
2026-06-26 13:05:10,867 WARNING phttp.server_backend: get_srvrpc_port get rpc server ports failed: cannot retrieve rpc server port.
2026-06-26 13:05:11,067 INFO common.api_common: ret_code cmdline_str: cat /root/mcRpcPort.ini
2026-06-26 13:05:11,478 INFO common.api_common: ret_code cmdline_str: cat /root/mcRpcPort.ini
2026-06-26 13:05:11,478 INFO prpc_client.mctool_client: MctxStreamProfilerCountDataGet Start
2026-06-26 13:05:11,482 INFO prpc_client.mctool_client: MctxStreamProfilerCountDataGet Loop
2026-06-26 13:05:11,929 DEBUG urllib3.connectionpool: Starting new HTTP connection (1): 127.0.0.1:50123
2026-06-26 13:05:11,934 INFO werkzeug: 127.0.0.1 - - [26/Jun/2026 13:05:11] "GET /perf_progress?exec_id=dba4017b-3b15-4c3c-b04e-767cfbea66f1 HTTP/1.1" 200 -
2026-06-26 13:05:11,934 DEBUG urllib3.connectionpool: http://127.0.0.1:50123 "GET /perf_progress?exec_id=dba4017b-3b15-4c3c-b04e-767cfbea66f1 HTTP/1.1" 200 9918
2026-06-26 13:05:12,286 INFO common.api_common: ret_code cmdline_str: cat /root/mcRpcPort.ini
2026-06-26 13:05:13,896 INFO common.api_common: ret_code cmdline_str: cat /root/mcRpcPort.ini
2026-06-26 13:05:14,018 INFO prpc_client.mctool_client: MctxStreamProfilerCountDataGet Loop
2026-06-26 13:05:16,941 DEBUG urllib3.connectionpool: Starting new HTTP connection (1): 127.0.0.1:50123
2026-06-26 13:05:16,946 INFO werkzeug: 127.0.0.1 - - [26/Jun/2026 13:05:16] "GET /perf_progress?exec_id=dba4017b-3b15-4c3c-b04e-767cfbea66f1 HTTP/1.1" 200 -
2026-06-26 13:05:16,946 DEBUG urllib3.connectionpool: http://127.0.0.1:50123 "GET /perf_progress?exec_id=dba4017b-3b15-4c3c-b04e-767cfbea66f1 HTTP/1.1" 200 9918
2026-06-26 13:05:17,105 INFO common.api_common: ret_code cmdline_str: rm -f /root/mcRpcPort.ini
2026-06-26 13:05:17,112 INFO common.api_common: ret_code cmdline_str: cp /mnt/opt_test/engram_fused_weight_run/profile-artifacts/engram_fused_weight_v0_baseline/mcprofiler_raw_baseline/event_batch_5.json /mnt/opt_test/engram_fused_weight_run/profile-artifacts/engram_fused_weight_v0_baseline/mcprofiler_raw_baseline/mcProfiler.json
2026-06-26 13:05:17,119 INFO common.api_common: ret_code cmdline_str: export MCTX_TARGET_INIT=true; export MACA_ETC_PATH=/mnt/opt_test/engram_fused_weight_run/profile-artifacts/engram_fused_weight_v0_baseline/mcprofiler_raw_baseline; export MXLOG_LEVEL=info; export MACA_PATH=/opt/maca/; export LD_LIBRARY_PATH=/opt/maca/lib/:${LD_LIBRARY_PATH}; ./test_maca 5 100 2
2026-06-26 13:05:17,120 INFO common.api_common: ret_code cmdline_str: cat /root/mcRpcPort.ini
2026-06-26 13:05:17,126 WARNING phttp.server_backend: get_srvrpc_port get rpc server ports failed: cannot retrieve rpc server port.
2026-06-26 13:05:17,326 INFO common.api_common: ret_code cmdline_str: cat /root/mcRpcPort.ini
2026-06-26 13:05:17,736 INFO common.api_common: ret_code cmdline_str: cat /root/mcRpcPort.ini
2026-06-26 13:05:17,737 INFO prpc_client.mctool_client: MctxStreamProfilerCountDataGet Start
2026-06-26 13:05:17,740 INFO prpc_client.mctool_client: MctxStreamProfilerCountDataGet Loop
2026-06-26 13:05:18,545 INFO common.api_common: ret_code cmdline_str: cat /root/mcRpcPort.ini
2026-06-26 13:05:20,155 INFO common.api_common: ret_code cmdline_str: cat /root/mcRpcPort.ini
2026-06-26 13:05:20,265 INFO prpc_client.mctool_client: MctxStreamProfilerCountDataGet Loop
2026-06-26 13:05:21,954 DEBUG urllib3.connectionpool: Starting new HTTP connection (1): 127.0.0.1:50123
2026-06-26 13:05:21,959 INFO werkzeug: 127.0.0.1 - - [26/Jun/2026 13:05:21] "GET /perf_progress?exec_id=dba4017b-3b15-4c3c-b04e-767cfbea66f1 HTTP/1.1" 200 -
2026-06-26 13:05:21,960 DEBUG urllib3.connectionpool: http://127.0.0.1:50123 "GET /perf_progress?exec_id=dba4017b-3b15-4c3c-b04e-767cfbea66f1 HTTP/1.1" 200 9918
2026-06-26 13:05:23,367 INFO common.api_common: ret_code cmdline_str: rm -f /root/mcRpcPort.ini
2026-06-26 13:05:23,375 INFO common.api_common: ret_code cmdline_str: cp /mnt/opt_test/engram_fused_weight_run/profile-artifacts/engram_fused_weight_v0_baseline/mcprofiler_raw_baseline/event_batch_6.json /mnt/opt_test/engram_fused_weight_run/profile-artifacts/engram_fused_weight_v0_baseline/mcprofiler_raw_baseline/mcProfiler.json
2026-06-26 13:05:23,382 INFO common.api_common: ret_code cmdline_str: export MCTX_TARGET_INIT=true; export MACA_ETC_PATH=/mnt/opt_test/engram_fused_weight_run/profile-artifacts/engram_fused_weight_v0_baseline/mcprofiler_raw_baseline; export MXLOG_LEVEL=info; export MACA_PATH=/opt/maca/; export LD_LIBRARY_PATH=/opt/maca/lib/:${LD_LIBRARY_PATH}; ./test_maca 5 100 2
2026-06-26 13:05:23,382 INFO common.api_common: ret_code cmdline_str: cat /root/mcRpcPort.ini
2026-06-26 13:05:23,390 WARNING phttp.server_backend: get_srvrpc_port get rpc server ports failed: cannot retrieve rpc server port.
2026-06-26 13:05:23,590 INFO common.api_common: ret_code cmdline_str: cat /root/mcRpcPort.ini
2026-06-26 13:05:24,001 INFO common.api_common: ret_code cmdline_str: cat /root/mcRpcPort.ini
2026-06-26 13:05:24,001 INFO prpc_client.mctool_client: MctxStreamProfilerCountDataGet Start
2026-06-26 13:05:24,004 INFO prpc_client.mctool_client: MctxStreamProfilerCountDataGet Loop
2026-06-26 13:05:24,809 INFO common.api_common: ret_code cmdline_str: cat /root/mcRpcPort.ini
2026-06-26 13:05:26,418 INFO common.api_common: ret_code cmdline_str: cat /root/mcRpcPort.ini
2026-06-26 13:05:26,542 INFO prpc_client.mctool_client: MctxStreamProfilerCountDataGet Loop
2026-06-26 13:05:26,967 DEBUG urllib3.connectionpool: Starting new HTTP connection (1): 127.0.0.1:50123
2026-06-26 13:05:26,972 INFO werkzeug: 127.0.0.1 - - [26/Jun/2026 13:05:26] "GET /perf_progress?exec_id=dba4017b-3b15-4c3c-b04e-767cfbea66f1 HTTP/1.1" 200 -
2026-06-26 13:05:26,973 DEBUG urllib3.connectionpool: http://127.0.0.1:50123 "GET /perf_progress?exec_id=dba4017b-3b15-4c3c-b04e-767cfbea66f1 HTTP/1.1" 200 9918
2026-06-26 13:05:29,631 INFO common.api_common: ret_code cmdline_str: rm -f /root/mcRpcPort.ini
2026-06-26 13:05:29,638 INFO common.api_common: ret_code cmdline_str: cp /mnt/opt_test/engram_fused_weight_run/profile-artifacts/engram_fused_weight_v0_baseline/mcprofiler_raw_baseline/event_batch_7.json /mnt/opt_test/engram_fused_weight_run/profile-artifacts/engram_fused_weight_v0_baseline/mcprofiler_raw_baseline/mcProfiler.json
2026-06-26 13:05:29,645 INFO common.api_common: ret_code cmdline_str: export MCTX_TARGET_INIT=true; export MACA_ETC_PATH=/mnt/opt_test/engram_fused_weight_run/profile-artifacts/engram_fused_weight_v0_baseline/mcprofiler_raw_baseline; export MXLOG_LEVEL=info; export MACA_PATH=/opt/maca/; export LD_LIBRARY_PATH=/opt/maca/lib/:${LD_LIBRARY_PATH}; ./test_maca 5 100 2
2026-06-26 13:05:29,645 INFO common.api_common: ret_code cmdline_str: cat /root/mcRpcPort.ini
2026-06-26 13:05:29,653 WARNING phttp.server_backend: get_srvrpc_port get rpc server ports failed: cannot retrieve rpc server port.
2026-06-26 13:05:29,853 INFO common.api_common: ret_code cmdline_str: cat /root/mcRpcPort.ini
2026-06-26 13:05:30,264 INFO common.api_common: ret_code cmdline_str: cat /root/mcRpcPort.ini
2026-06-26 13:05:30,267 INFO prpc_client.mctool_client: MctxStreamProfilerCountDataGet Start
2026-06-26 13:05:30,268 INFO prpc_client.mctool_client: MctxStreamProfilerCountDataGet Loop
2026-06-26 13:05:31,072 INFO common.api_common: ret_code cmdline_str: cat /root/mcRpcPort.ini
2026-06-26 13:05:31,980 DEBUG urllib3.connectionpool: Starting new HTTP connection (1): 127.0.0.1:50123
2026-06-26 13:05:31,985 INFO werkzeug: 127.0.0.1 - - [26/Jun/2026 13:05:31] "GET /perf_progress?exec_id=dba4017b-3b15-4c3c-b04e-767cfbea66f1 HTTP/1.1" 200 -
2026-06-26 13:05:31,986 DEBUG urllib3.connectionpool: http://127.0.0.1:50123 "GET /perf_progress?exec_id=dba4017b-3b15-4c3c-b04e-767cfbea66f1 HTTP/1.1" 200 9918
2026-06-26 13:05:32,681 INFO common.api_common: ret_code cmdline_str: cat /root/mcRpcPort.ini
2026-06-26 13:05:32,804 INFO prpc_client.mctool_client: MctxStreamProfilerCountDataGet Loop
2026-06-26 13:05:35,894 INFO common.api_common: ret_code cmdline_str: rm -f /root/mcRpcPort.ini
2026-06-26 13:05:35,901 INFO common.api_common: ret_code cmdline_str: cp /mnt/opt_test/engram_fused_weight_run/profile-artifacts/engram_fused_weight_v0_baseline/mcprofiler_raw_baseline/event_batch_8.json /mnt/opt_test/engram_fused_weight_run/profile-artifacts/engram_fused_weight_v0_baseline/mcprofiler_raw_baseline/mcProfiler.json
2026-06-26 13:05:35,908 INFO common.api_common: ret_code cmdline_str: export MCTX_TARGET_INIT=true; export MACA_ETC_PATH=/mnt/opt_test/engram_fused_weight_run/profile-artifacts/engram_fused_weight_v0_baseline/mcprofiler_raw_baseline; export MXLOG_LEVEL=info; export MACA_PATH=/opt/maca/; export LD_LIBRARY_PATH=/opt/maca/lib/:${LD_LIBRARY_PATH}; ./test_maca 5 100 2
2026-06-26 13:05:35,908 INFO common.api_common: ret_code cmdline_str: cat /root/mcRpcPort.ini
2026-06-26 13:05:35,916 WARNING phttp.server_backend: get_srvrpc_port get rpc server ports failed: cannot retrieve rpc server port.
2026-06-26 13:05:36,116 INFO common.api_common: ret_code cmdline_str: cat /root/mcRpcPort.ini
2026-06-26 13:05:36,527 INFO common.api_common: ret_code cmdline_str: cat /root/mcRpcPort.ini
2026-06-26 13:05:36,528 INFO prpc_client.mctool_client: MctxStreamProfilerCountDataGet Start
2026-06-26 13:05:36,531 INFO prpc_client.mctool_client: MctxStreamProfilerCountDataGet Loop
2026-06-26 13:05:36,989 DEBUG urllib3.connectionpool: Starting new HTTP connection (1): 127.0.0.1:50123
2026-06-26 13:05:36,994 INFO werkzeug: 127.0.0.1 - - [26/Jun/2026 13:05:36] "GET /perf_progress?exec_id=dba4017b-3b15-4c3c-b04e-767cfbea66f1 HTTP/1.1" 200 -
2026-06-26 13:05:36,995 DEBUG urllib3.connectionpool: http://127.0.0.1:50123 "GET /perf_progress?exec_id=dba4017b-3b15-4c3c-b04e-767cfbea66f1 HTTP/1.1" 200 9918
2026-06-26 13:05:37,336 INFO common.api_common: ret_code cmdline_str: cat /root/mcRpcPort.ini
2026-06-26 13:05:38,945 INFO common.api_common: ret_code cmdline_str: cat /root/mcRpcPort.ini
2026-06-26 13:05:39,057 INFO prpc_client.mctool_client: MctxStreamProfilerCountDataGet Loop
2026-06-26 13:05:42,001 DEBUG urllib3.connectionpool: Starting new HTTP connection (1): 127.0.0.1:50123
2026-06-26 13:05:42,006 INFO werkzeug: 127.0.0.1 - - [26/Jun/2026 13:05:42] "GET /perf_progress?exec_id=dba4017b-3b15-4c3c-b04e-767cfbea66f1 HTTP/1.1" 200 -
2026-06-26 13:05:42,007 DEBUG urllib3.connectionpool: http://127.0.0.1:50123 "GET /perf_progress?exec_id=dba4017b-3b15-4c3c-b04e-767cfbea66f1 HTTP/1.1" 200 9918
2026-06-26 13:05:42,174 INFO phttp.server_backend: profiling task dba4017b-3b15-4c3c-b04e-767cfbea66f1
2026-06-26 13:05:42,174 INFO utils.complier: analyse  formula:[{'type': 'VARIABLE', 'value': '{{ISU.AP_PERF_INSTS_VALU}}'}, {'type': 'VARIABLE', 'value': '{{ISU.AP_PERF_INSTS_MMA}}'}, {'type': 'VARIABLE', 'value': '{{ISU.AP_PERF_INSTS_SALU}}'}, {'type': 'VARIABLE', 'value': '{{ISU.AP_PERF_INST_MISC}}'}]
2026-06-26 13:05:42,175 INFO utils.complier: analyse  formula:[]
2026-06-26 13:05:42,175 INFO utils.complier: analyse  formula:[]
2026-06-26 13:05:42,176 INFO utils.complier: analyse  formula:[{'type': 'PROC_VAR', 'value': '$RET'}]
2026-06-26 13:05:42,176 INFO utils.complier: analyse  formula:[]
2026-06-26 13:05:42,176 INFO utils.complier: analyse  formula:[{'type': 'VARIABLE', 'value': '{{ISU.AP_PERF_INSTS_VALU}}'}, {'type': 'VARIABLE', 'value': '{{ISU.AP_PERF_INSTS_MMA}}'}, {'type': 'VARIABLE', 'value': '{{ISU.AP_PERF_INSTS_SALU}}'}, {'type': 'VARIABLE', 'value': '{{ISU.AP_PERF_INST_MISC}}'}]
2026-06-26 13:05:42,177 INFO utils.complier: analyse  formula:[]
2026-06-26 13:05:42,177 INFO utils.complier: analyse  formula:[]
2026-06-26 13:05:42,177 INFO utils.complier: analyse  formula:[{'type': 'VARIABLE', 'value': '{{ISU.AP_PERF_INSTS_GVM}}'}, {'type': 'VARIABLE', 'value': '{{ISU.AP_PERF_INSTS_BSM}}'}, {'type': 'VARIABLE', 'value': '{{ISU.AP_PERF_INSTS_LDU}}'}]
2026-06-26 13:05:42,177 INFO utils.complier: analyse  formula:[]
2026-06-26 13:05:42,177 INFO utils.complier: analyse  formula:[]
2026-06-26 13:05:42,178 INFO utils.complier: analyse  formula:[{'type': 'PROC_VAR', 'value': '$RET'}]
2026-06-26 13:05:42,178 INFO utils.complier: analyse  formula:[]
2026-06-26 13:05:42,179 INFO utils.complier: analyse  formula:[{'type': 'VARIABLE', 'value': '{{ISU.AP_PERF_INSTS_GVM}}'}, {'type': 'VARIABLE', 'value': '{{ISU.AP_PERF_INSTS_BSM}}'}, {'type': 'VARIABLE', 'value': '{{ISU.AP_PERF_INSTS_LDU}}'}]
2026-06-26 13:05:42,179 INFO utils.complier: analyse  formula:[]
2026-06-26 13:05:42,179 INFO utils.complier: analyse  formula:[]
2026-06-26 13:05:42,179 INFO utils.complier: analyse  formula:[]
2026-06-26 13:05:42,180 INFO utils.complier: analyse  formula:[{'type': 'UMD_VARIABLE', 'value': '{TRACER.dur}'}]
2026-06-26 13:05:42,180 INFO utils.complier: analyse  formula:[]
2026-06-26 13:05:42,180 ERROR utils.pc_base: get_varvalues failed: 'TRACER'
2026-06-26 13:05:42,180 ERROR utils.pc_base: cannot calculate: 'TRACER'
2026-06-26 13:05:42,180 INFO utils.complier: analyse  formula:[{'type': 'VARIABLE', 'value': '{{ISU.AP_PERF_ISU_AP_BUSY}}'}]
2026-06-26 13:05:42,180 INFO utils.complier: analyse  formula:[{'type': 'UMD_VARIABLE', 'value': '{TRACER.dur}'}]
2026-06-26 13:05:42,180 INFO utils.complier: analyse  formula:[]
2026-06-26 13:05:42,180 ERROR utils.pc_base: get_varvalues failed: 'TRACER'
2026-06-26 13:05:42,180 ERROR utils.pc_base: cannot calculate: 'TRACER'
2026-06-26 13:05:42,180 INFO utils.complier: analyse  formula:[{'type': 'VARIABLE', 'value': '{{ISU.AP_PERF_INST_GLOBAL_RD}}'}]
2026-06-26 13:05:42,180 INFO utils.complier: analyse  formula:[]
2026-06-26 13:05:42,180 INFO utils.complier: analyse  formula:[]
2026-06-26 13:05:42,180 INFO utils.complier: analyse  formula:[{'type': 'PROC_VAR', 'value': '$RET'}]
2026-06-26 13:05:42,180 INFO utils.complier: analyse  formula:[]
2026-06-26 13:05:42,181 INFO utils.complier: analyse  formula:[{'type': 'VARIABLE', 'value': '{{ISU.AP_PERF_INST_GLOBAL_RD}}'}]
2026-06-26 13:05:42,181 INFO utils.complier: analyse  formula:[]
2026-06-26 13:05:42,181 INFO utils.complier: analyse  formula:[]
2026-06-26 13:05:42,181 INFO utils.complier: analyse  formula:[{'type': 'VARIABLE', 'value': '{{ISU.AP_PERF_INST_GLOBAL_WR}}'}]
2026-06-26 13:05:42,182 INFO utils.complier: analyse  formula:[]
2026-06-26 13:05:42,182 INFO utils.complier: analyse  formula:[]
2026-06-26 13:05:42,182 INFO utils.complier: analyse  formula:[{'type': 'PROC_VAR', 'value': '$RET'}]
2026-06-26 13:05:42,183 INFO utils.complier: analyse  formula:[]
2026-06-26 13:05:42,183 INFO utils.complier: analyse  formula:[{'type': 'VARIABLE', 'value': '{{ISU.AP_PERF_INST_GLOBAL_WR}}'}]
2026-06-26 13:05:42,183 INFO utils.complier: analyse  formula:[]
2026-06-26 13:05:42,183 INFO utils.complier: analyse  formula:[]
2026-06-26 13:05:42,183 INFO utils.complier: analyse  formula:[{'type': 'VARIABLE', 'value': '{{ISU.AP_PERF_INST_PRIVATE_RD}}'}]
2026-06-26 13:05:42,183 INFO utils.complier: analyse  formula:[]
2026-06-26 13:05:42,183 INFO utils.complier: analyse  formula:[]
2026-06-26 13:05:42,184 INFO utils.complier: analyse  formula:[{'type': 'PROC_VAR', 'value': '$RET'}]
2026-06-26 13:05:42,184 INFO utils.complier: analyse  formula:[]
2026-06-26 13:05:42,184 INFO utils.complier: analyse  formula:[{'type': 'VARIABLE', 'value': '{{ISU.AP_PERF_INST_PRIVATE_RD}}'}]
2026-06-26 13:05:42,184 INFO utils.complier: analyse  formula:[]
2026-06-26 13:05:42,184 INFO utils.complier: analyse  formula:[]
2026-06-26 13:05:42,184 INFO utils.complier: analyse  formula:[{'type': 'VARIABLE', 'value': '{{ISU.AP_PERF_INST_PRIVATE_WR}}'}]
2026-06-26 13:05:42,184 INFO utils.complier: analyse  formula:[]
2026-06-26 13:05:42,184 INFO utils.complier: analyse  formula:[]
2026-06-26 13:05:42,185 INFO utils.complier: analyse  formula:[{'type': 'PROC_VAR', 'value': '$RET'}]
2026-06-26 13:05:42,185 INFO utils.complier: analyse  formula:[]
2026-06-26 13:05:42,185 INFO utils.complier: analyse  formula:[{'type': 'VARIABLE', 'value': '{{ISU.AP_PERF_INST_PRIVATE_WR}}'}]
2026-06-26 13:05:42,185 INFO utils.complier: analyse  formula:[]
2026-06-26 13:05:42,185 INFO utils.complier: analyse  formula:[]
2026-06-26 13:05:42,185 INFO utils.complier: analyse  formula:[{'type': 'VARIABLE', 'value': '{{ISU.AP_PERF_INST_GENERIC_RD}}'}]
2026-06-26 13:05:42,185 INFO utils.complier: analyse  formula:[]
2026-06-26 13:05:42,185 INFO utils.complier: analyse  formula:[]
2026-06-26 13:05:42,186 INFO utils.complier: analyse  formula:[{'type': 'PROC_VAR', 'value': '$RET'}]
2026-06-26 13:05:42,186 INFO utils.complier: analyse  formula:[]
2026-06-26 13:05:42,186 INFO utils.complier: analyse  formula:[{'type': 'VARIABLE', 'value': '{{ISU.AP_PERF_INST_GENERIC_RD}}'}]
2026-06-26 13:05:42,186 INFO utils.complier: analyse  formula:[]
2026-06-26 13:05:42,186 INFO utils.complier: analyse  formula:[]
2026-06-26 13:05:42,186 INFO utils.complier: analyse  formula:[{'type': 'VARIABLE', 'value': '{{ISU.AP_PERF_INST_GENERIC_WR}}'}]
2026-06-26 13:05:42,186 INFO utils.complier: analyse  formula:[]
2026-06-26 13:05:42,187 INFO utils.complier: analyse  formula:[]
2026-06-26 13:05:42,187 INFO utils.complier: analyse  formula:[{'type': 'PROC_VAR', 'value': '$RET'}]
2026-06-26 13:05:42,187 INFO utils.complier: analyse  formula:[]
2026-06-26 13:05:42,187 INFO utils.complier: analyse  formula:[{'type': 'VARIABLE', 'value': '{{ISU.AP_PERF_INST_GENERIC_WR}}'}]
2026-06-26 13:05:42,187 INFO utils.complier: analyse  formula:[]
2026-06-26 13:05:42,187 INFO utils.complier: analyse  formula:[]
2026-06-26 13:05:42,188 INFO utils.complier: analyse  formula:[{'type': 'VARIABLE', 'value': '{{ISU.AP_PERF_INSTS_LDU}}'}]
2026-06-26 13:05:42,188 INFO utils.complier: analyse  formula:[]
2026-06-26 13:05:42,188 INFO utils.complier: analyse  formula:[]
2026-06-26 13:05:42,188 INFO utils.complier: analyse  formula:[{'type': 'PROC_VAR', 'value': '$RET'}]
2026-06-26 13:05:42,188 INFO utils.complier: analyse  formula:[]
2026-06-26 13:05:42,188 INFO utils.complier: analyse  formula:[{'type': 'VARIABLE', 'value': '{{ISU.AP_PERF_INSTS_LDU}}'}]
2026-06-26 13:05:42,188 INFO utils.complier: analyse  formula:[]
2026-06-26 13:05:42,189 INFO utils.complier: analyse  formula:[]
2026-06-26 13:05:42,189 INFO utils.complier: analyse  formula:[{'type': 'VARIABLE', 'value': '{{ISU.AP_PERF_INST_BSM_RD}}'}]
2026-06-26 13:05:42,189 INFO utils.complier: analyse  formula:[]
2026-06-26 13:05:42,189 INFO utils.complier: analyse  formula:[]
2026-06-26 13:05:42,189 INFO utils.complier: analyse  formula:[{'type': 'PROC_VAR', 'value': '$RET'}]
2026-06-26 13:05:42,189 INFO utils.complier: analyse  formula:[]
2026-06-26 13:05:42,189 INFO utils.complier: analyse  formula:[{'type': 'VARIABLE', 'value': '{{ISU.AP_PERF_INST_BSM_RD}}'}]
2026-06-26 13:05:42,189 INFO utils.complier: analyse  formula:[]
2026-06-26 13:05:42,190 INFO utils.complier: analyse  formula:[]
2026-06-26 13:05:42,190 INFO utils.complier: analyse  formula:[{'type': 'VARIABLE', 'value': '{{ISU.AP_PERF_INST_BSM_WR}}'}]
2026-06-26 13:05:42,190 INFO utils.complier: analyse  formula:[]
2026-06-26 13:05:42,190 INFO utils.complier: analyse  formula:[]
2026-06-26 13:05:42,190 INFO utils.complier: analyse  formula:[{'type': 'PROC_VAR', 'value': '$RET'}]
2026-06-26 13:05:42,190 INFO utils.complier: analyse  formula:[]
2026-06-26 13:05:42,190 INFO utils.complier: analyse  formula:[{'type': 'VARIABLE', 'value': '{{ISU.AP_PERF_INST_BSM_WR}}'}]
2026-06-26 13:05:42,191 INFO utils.complier: analyse  formula:[]
2026-06-26 13:05:42,191 INFO utils.complier: analyse  formula:[]
2026-06-26 13:05:42,191 INFO utils.complier: analyse  formula:[{'type': 'VARIABLE', 'value': '{{VL1.p_total_read_instruction_event}}'}]
2026-06-26 13:05:42,191 INFO utils.complier: analyse  formula:[]
2026-06-26 13:05:42,191 INFO utils.complier: analyse  formula:[]
2026-06-26 13:05:42,191 INFO utils.complier: analyse  formula:[{'type': 'PROC_VAR', 'value': '$RET'}]
2026-06-26 13:05:42,191 INFO utils.complier: analyse  formula:[]
2026-06-26 13:05:42,191 INFO utils.complier: analyse  formula:[{'type': 'VARIABLE', 'value': '{{VL1.p_total_read_instruction_event}}'}]
2026-06-26 13:05:42,192 INFO utils.complier: analyse  formula:[]
2026-06-26 13:05:42,192 INFO utils.complier: analyse  formula:[]
2026-06-26 13:05:42,192 INFO utils.complier: analyse  formula:[{'type': 'VARIABLE', 'value': '{{VL1.p_total_write_instruction_event}}'}]
2026-06-26 13:05:42,192 INFO utils.complier: analyse  formula:[]
2026-06-26 13:05:42,192 INFO utils.complier: analyse  formula:[]
2026-06-26 13:05:42,192 INFO utils.complier: analyse  formula:[{'type': 'PROC_VAR', 'value': '$RET'}]
2026-06-26 13:05:42,192 INFO utils.complier: analyse  formula:[]
2026-06-26 13:05:42,192 INFO utils.complier: analyse  formula:[{'type': 'VARIABLE', 'value': '{{VL1.p_total_write_instruction_event}}'}]
2026-06-26 13:05:42,193 INFO utils.complier: analyse  formula:[]
2026-06-26 13:05:42,193 INFO utils.complier: analyse  formula:[]
2026-06-26 13:05:42,193 INFO utils.complier: analyse  formula:[{'type': 'VARIABLE', 'value': '{{VL1.p_perf_thread_req_cnt}}'}, {'type': 'VARIABLE', 'value': '{{VL1.p_perf_miss_cnt}}'}, {'type': 'VARIABLE', 'value': '{{VL1.p_perf_thread_req_cnt}}'}]
2026-06-26 13:05:42,193 INFO utils.complier: analyse  formula:[]
2026-06-26 13:05:42,194 INFO utils.complier: analyse  formula:[]
2026-06-26 13:05:42,194 INFO utils.complier: analyse  formula:[{'type': 'PROC_VAR', 'value': '$vl1hit'}, {'type': 'PROC_VAR', 'value': '$RET'}, {'type': 'PROC_VAR', 'value': '$vl1hit'}]
2026-06-26 13:05:42,195 INFO utils.complier: analyse  formula:[]
2026-06-26 13:05:42,195 INFO utils.complier: analyse  formula:[{'type': 'VARIABLE', 'value': '{{VL1.p_perf_thread_req_cnt}}'}, {'type': 'VARIABLE', 'value': '{{VL1.p_perf_miss_cnt}}'}, {'type': 'VARIABLE', 'value': '{{VL1.p_perf_thread_req_cnt}}'}]
2026-06-26 13:05:42,196 INFO utils.complier: analyse  formula:[]
2026-06-26 13:05:42,196 INFO utils.complier: analyse  formula:[]
2026-06-26 13:05:42,197 INFO utils.complier: analyse  formula:[{'type': 'VARIABLE', 'value': '{{L2C.perf_rd_req}}'}]
2026-06-26 13:05:42,197 INFO utils.complier: analyse  formula:[]
2026-06-26 13:05:42,197 INFO utils.complier: analyse  formula:[]
2026-06-26 13:05:42,197 INFO utils.complier: analyse  formula:[{'type': 'PROC_VAR', 'value': '$RET'}]
2026-06-26 13:05:42,197 INFO utils.complier: analyse  formula:[]
2026-06-26 13:05:42,197 INFO utils.complier: analyse  formula:[{'type': 'VARIABLE', 'value': '{{L2C.perf_rd_req}}'}]
2026-06-26 13:05:42,197 INFO utils.complier: analyse  formula:[]
2026-06-26 13:05:42,197 INFO utils.complier: analyse  formula:[]
2026-06-26 13:05:42,198 INFO utils.complier: analyse  formula:[{'type': 'VARIABLE', 'value': '{{L2C.perf_wr_req}}'}]
2026-06-26 13:05:42,198 INFO utils.complier: analyse  formula:[]
2026-06-26 13:05:42,198 INFO utils.complier: analyse  formula:[]
2026-06-26 13:05:42,198 INFO utils.complier: analyse  formula:[{'type': 'PROC_VAR', 'value': '$RET'}]
2026-06-26 13:05:42,198 INFO utils.complier: analyse  formula:[]
2026-06-26 13:05:42,198 INFO utils.complier: analyse  formula:[{'type': 'VARIABLE', 'value': '{{L2C.perf_wr_req}}'}]
2026-06-26 13:05:42,198 INFO utils.complier: analyse  formula:[]
2026-06-26 13:05:42,198 INFO utils.complier: analyse  formula:[]
2026-06-26 13:05:42,199 INFO utils.complier: analyse  formula:[{'type': 'VARIABLE', 'value': '{{L2C.perf_hit}}'}, {'type': 'VARIABLE', 'value': '{{L2C.perf_sector_hit}}'}, {'type': 'VARIABLE', 'value': '{{L2C.perf_miss}}'}]
2026-06-26 13:05:42,199 INFO utils.complier: analyse  formula:[]
2026-06-26 13:05:42,199 INFO utils.complier: analyse  formula:[]
2026-06-26 13:05:42,199 INFO utils.complier: analyse  formula:[{'type': 'PROC_VAR', 'value': '$hit_events'}, {'type': 'PROC_VAR', 'value': '$RET'}, {'type': 'PROC_VAR', 'value': '$hit_events'}, {'type': 'PROC_VAR', 'value': '$hit_events'}]
2026-06-26 13:05:42,200 INFO utils.complier: analyse  formula:[]
2026-06-26 13:05:42,201 INFO utils.complier: analyse  formula:[{'type': 'VARIABLE', 'value': '{{L2C.perf_hit}}'}, {'type': 'VARIABLE', 'value': '{{L2C.perf_sector_hit}}'}, {'type': 'VARIABLE', 'value': '{{L2C.perf_miss}}'}]
2026-06-26 13:05:42,201 INFO utils.complier: analyse  formula:[]
2026-06-26 13:05:42,202 INFO utils.complier: analyse  formula:[]
2026-06-26 13:05:42,202 INFO utils.complier: analyse  formula:[{'type': 'VARIABLE', 'value': '{{SL1.sl1_kcache_total_hit_event}}'}, {'type': 'VARIABLE', 'value': '{{SL1.sl1_kcache_total_hit_on_miss_event}}'}, {'type': 'VARIABLE', 'value': '{{SL1.sl1_kcache_total_miss_event}}'}]
2026-06-26 13:05:42,203 INFO utils.complier: analyse  formula:[]
2026-06-26 13:05:42,203 INFO utils.complier: analyse  formula:[]
2026-06-26 13:05:42,203 INFO utils.complier: analyse  formula:[{'type': 'PROC_VAR', 'value': '$hit'}, {'type': 'PROC_VAR', 'value': '$RET'}, {'type': 'PROC_VAR', 'value': '$hit'}, {'type': 'PROC_VAR', 'value': '$hit'}]
2026-06-26 13:05:42,204 INFO utils.complier: analyse  formula:[]
2026-06-26 13:05:42,204 INFO utils.complier: analyse  formula:[{'type': 'VARIABLE', 'value': '{{SL1.sl1_kcache_total_hit_event}}'}, {'type': 'VARIABLE', 'value': '{{SL1.sl1_kcache_total_hit_on_miss_event}}'}, {'type': 'VARIABLE', 'value': '{{SL1.sl1_kcache_total_miss_event}}'}]
2026-06-26 13:05:42,205 INFO utils.complier: analyse  formula:[]
2026-06-26 13:05:42,205 INFO utils.complier: analyse  formula:[]
2026-06-26 13:05:42,206 INFO utils.complier: analyse  formula:[{'type': 'VARIABLE', 'value': '{{SL1.sl1_kcache_rd}}'}]
2026-06-26 13:05:42,206 INFO utils.complier: analyse  formula:[]
2026-06-26 13:05:42,206 INFO utils.complier: analyse  formula:[]
2026-06-26 13:05:42,206 INFO utils.complier: analyse  formula:[{'type': 'PROC_VAR', 'value': '$RET'}]
2026-06-26 13:05:42,206 INFO utils.complier: analyse  formula:[]
2026-06-26 13:05:42,206 INFO utils.complier: analyse  formula:[{'type': 'VARIABLE', 'value': '{{SL1.sl1_kcache_rd}}'}]
2026-06-26 13:05:42,206 INFO utils.complier: analyse  formula:[]
2026-06-26 13:05:42,206 INFO utils.complier: analyse  formula:[]
2026-06-26 13:05:42,206 INFO utils.complier: analyse  formula:[{'type': 'VARIABLE', 'value': '{{SL1.sl1_kcache_l2_rd}}'}]
2026-06-26 13:05:42,207 INFO utils.complier: analyse  formula:[]
2026-06-26 13:05:42,207 INFO utils.complier: analyse  formula:[]
2026-06-26 13:05:42,207 INFO utils.complier: analyse  formula:[{'type': 'PROC_VAR', 'value': '$RET'}]
2026-06-26 13:05:42,207 INFO utils.complier: analyse  formula:[]
2026-06-26 13:05:42,207 INFO utils.complier: analyse  formula:[{'type': 'VARIABLE', 'value': '{{SL1.sl1_kcache_l2_rd}}'}]
2026-06-26 13:05:42,207 INFO utils.complier: analyse  formula:[]
2026-06-26 13:05:42,207 INFO utils.complier: analyse  formula:[]
2026-06-26 13:05:42,208 INFO utils.complier: analyse  formula:[{'type': 'VARIABLE', 'value': '{{ISU.AP_PERF_INSTS_VALU}}'}, {'type': 'VARIABLE', 'value': '{{ISU.AP_PERF_INSTS_MMA}}'}, {'type': 'VARIABLE', 'value': '{{ISU.AP_PERF_INSTS_SALU}}'}, {'type': 'VARIABLE', 'value': '{{ISU.AP_PERF_INSTS_GVM}}'}, {'type': 'VARIABLE', 'value': '{{ISU.AP_PERF_INSTS_BSM}}'}, {'type': 'VARIABLE', 'value': '{{ISU.AP_PERF_INSTS_LDU}}'}, {'type': 'VARIABLE', 'value': '{{ISU.AP_PERF_INST_MISC}}'}]
2026-06-26 13:05:42,208 INFO utils.complier: analyse  formula:[]
2026-06-26 13:05:42,208 INFO utils.complier: analyse  formula:[]
2026-06-26 13:05:42,209 INFO utils.complier: analyse  formula:[{'type': 'PROC_VAR', 'value': '$RET'}]
2026-06-26 13:05:42,210 INFO utils.complier: analyse  formula:[]
2026-06-26 13:05:42,210 INFO utils.complier: analyse  formula:[{'type': 'VARIABLE', 'value': '{{ISU.AP_PERF_INSTS_VALU}}'}, {'type': 'VARIABLE', 'value': '{{ISU.AP_PERF_INSTS_MMA}}'}, {'type': 'VARIABLE', 'value': '{{ISU.AP_PERF_INSTS_SALU}}'}, {'type': 'VARIABLE', 'value': '{{ISU.AP_PERF_INSTS_GVM}}'}, {'type': 'VARIABLE', 'value': '{{ISU.AP_PERF_INSTS_BSM}}'}, {'type': 'VARIABLE', 'value': '{{ISU.AP_PERF_INSTS_LDU}}'}, {'type': 'VARIABLE', 'value': '{{ISU.AP_PERF_INST_MISC}}'}]
2026-06-26 13:05:42,211 INFO utils.complier: analyse  formula:[]
2026-06-26 13:05:42,212 INFO utils.complier: analyse  formula:[]
2026-06-26 13:05:42,212 INFO utils.complier: analyse  formula:[]
2026-06-26 13:05:42,212 INFO utils.complier: analyse  formula:[]
2026-06-26 13:05:42,212 INFO utils.complier: analyse  formula:[{'type': 'PRE_VAR', 'value': '@compute_instructions'}, {'type': 'PRE_VAR', 'value': '@memory_instructions'}]
2026-06-26 13:05:42,212 INFO utils.complier: analyse  formula:[{'type': 'PROC_VAR', 'value': '$RET'}]
2026-06-26 13:05:42,212 INFO utils.complier: analyse  formula:[]
2026-06-26 13:05:42,212 INFO utils.complier: analyse  formula:[]
2026-06-26 13:05:42,212 INFO utils.complier: analyse  formula:[{'type': 'PRE_VAR', 'value': '@compute_instructions'}, {'type': 'PRE_VAR', 'value': '@memory_instructions'}]
2026-06-26 13:05:42,213 INFO utils.complier: analyse  formula:[]
2026-06-26 13:05:42,213 INFO utils.complier: analyse  formula:[]
2026-06-26 13:05:42,213 INFO utils.complier: analyse  formula:[]
2026-06-26 13:05:42,213 INFO utils.complier: analyse  formula:[{'type': 'PRE_VAR', 'value': '@compute_instructions'}]
2026-06-26 13:05:42,213 INFO utils.complier: analyse  formula:[{'type': 'PROC_VAR', 'value': '$RET'}]
2026-06-26 13:05:42,213 INFO utils.complier: analyse  formula:[]
2026-06-26 13:05:42,213 INFO utils.complier: analyse  formula:[]
2026-06-26 13:05:42,213 INFO utils.complier: analyse  formula:[{'type': 'PRE_VAR', 'value': '@compute_instructions'}]
2026-06-26 13:05:42,213 INFO utils.complier: analyse  formula:[]
2026-06-26 13:05:42,213 INFO utils.complier: analyse  formula:[]
2026-06-26 13:05:42,213 INFO utils.complier: analyse  formula:[]
2026-06-26 13:05:42,213 INFO utils.complier: analyse  formula:[{'type': 'PRE_VAR', 'value': '@memory_instructions'}]
2026-06-26 13:05:42,214 INFO utils.complier: analyse  formula:[{'type': 'PROC_VAR', 'value': '$RET'}]
2026-06-26 13:05:42,214 INFO utils.complier: analyse  formula:[]
2026-06-26 13:05:42,214 INFO utils.complier: analyse  formula:[]
2026-06-26 13:05:42,214 INFO utils.complier: analyse  formula:[{'type': 'PRE_VAR', 'value': '@memory_instructions'}]
2026-06-26 13:05:42,214 INFO utils.complier: analyse  formula:[]
2026-06-26 13:05:42,214 INFO utils.complier: analyse  formula:[{'type': 'VARIABLE', 'value': '{{CE.CE_PERF_BUSY_CYCLES}}'}]
2026-06-26 13:05:42,214 INFO utils.complier: analyse  formula:[]
2026-06-26 13:05:42,214 INFO utils.complier: analyse  formula:[]
2026-06-26 13:05:42,214 INFO utils.complier: analyse  formula:[{'type': 'PROC_VAR', 'value': '$RET'}]
2026-06-26 13:05:42,214 INFO utils.complier: analyse  formula:[]
2026-06-26 13:05:42,215 INFO utils.complier: analyse  formula:[{'type': 'VARIABLE', 'value': '{{CE.CE_PERF_BUSY_CYCLES}}'}]
2026-06-26 13:05:42,215 INFO utils.complier: analyse  formula:[]
2026-06-26 13:05:42,215 INFO utils.complier: analyse  formula:[]
2026-06-26 13:05:42,215 INFO utils.complier: analyse  formula:[{'type': 'VARIABLE', 'value': '{{L2C.perf_dnoc_rdreq_32B}}'}, {'type': 'VARIABLE', 'value': '{{L2C.perf_dnoc_rdreq_64B}}'}, {'type': 'VARIABLE', 'value': '{{L2C.perf_dnoc_rdreq_128B}}'}, {'type': 'VARIABLE', 'value': '{{L2C.perf_dnoc_wrreq_32B_low}}'}, {'type': 'VARIABLE', 'value': '{{L2C.perf_dnoc_wrreq_32B_high}}'}, {'type': 'VARIABLE', 'value': '{{L2C.perf_dnoc_wrreq_64B}}'}, {'type': 'VARIABLE', 'value': '{{L2C.perf_dnoc_wrreq_128B}}'}, {'type': 'VARIABLE', 'value': '{{ISU.AP_PERF_ISU_AP_BUSY}}'}]
2026-06-26 13:05:42,216 INFO utils.complier: analyse  formula:[]
2026-06-26 13:05:42,217 INFO utils.complier: analyse  formula:[]
2026-06-26 13:05:42,218 INFO utils.complier: analyse  formula:[{'type': 'PROC_VAR', 'value': '$ma'}, {'type': 'PROC_VAR', 'value': '$RET'}, {'type': 'PROC_VAR', 'value': '$ma'}]
2026-06-26 13:05:42,218 INFO utils.complier: analyse  formula:[]
2026-06-26 13:05:42,219 INFO utils.complier: analyse  formula:[{'type': 'VARIABLE', 'value': '{{L2C.perf_dnoc_rdreq_32B}}'}, {'type': 'VARIABLE', 'value': '{{L2C.perf_dnoc_rdreq_64B}}'}, {'type': 'VARIABLE', 'value': '{{L2C.perf_dnoc_rdreq_128B}}'}, {'type': 'VARIABLE', 'value': '{{L2C.perf_dnoc_wrreq_32B_low}}'}, {'type': 'VARIABLE', 'value': '{{L2C.perf_dnoc_wrreq_32B_high}}'}, {'type': 'VARIABLE', 'value': '{{L2C.perf_dnoc_wrreq_64B}}'}, {'type': 'VARIABLE', 'value': '{{L2C.perf_dnoc_wrreq_128B}}'}, {'type': 'VARIABLE', 'value': '{{ISU.AP_PERF_ISU_AP_BUSY}}'}]
2026-06-26 13:05:42,220 INFO utils.complier: analyse  formula:[]
2026-06-26 13:05:42,221 INFO utils.complier: analyse  formula:[]
2026-06-26 13:05:42,221 INFO utils.complier: analyse  formula:[{'type': 'VARIABLE', 'value': '{{ISU.AP_PERF_ISU_AP_BUSY}}'}]
2026-06-26 13:05:42,222 INFO utils.complier: analyse  formula:[]
2026-06-26 13:05:42,222 INFO utils.complier: analyse  formula:[]
2026-06-26 13:05:42,222 INFO utils.complier: analyse  formula:[{'type': 'PROC_VAR', 'value': '$valid_ap_busy'}, {'type': 'PROC_VAR', 'value': '$RET'}, {'type': 'PROC_VAR', 'value': '$valid_ap_busy'}, {'type': 'PROC_VAR', 'value': '$valid_ap_busy'}]
2026-06-26 13:05:42,223 INFO utils.complier: analyse  formula:[]
2026-06-26 13:05:42,224 INFO utils.complier: analyse  formula:[{'type': 'VARIABLE', 'value': '{{ISU.AP_PERF_ISU_AP_BUSY}}'}]
2026-06-26 13:05:42,225 INFO utils.complier: analyse  formula:[]
2026-06-26 13:05:42,226 INFO utils.complier: analyse  formula:[]
2026-06-26 13:05:42,226 INFO utils.complier: analyse  formula:[{'type': 'VARIABLE', 'value': '{{ISU.AP_PERF_ISU_AP_BUSY}}'}, {'type': 'VARIABLE', 'value': '{{CE.CE_PERF_BUSY_CYCLES}}'}]
2026-06-26 13:05:42,226 INFO utils.complier: analyse  formula:[]
2026-06-26 13:05:42,226 INFO utils.complier: analyse  formula:[]
2026-06-26 13:05:42,226 INFO utils.complier: analyse  formula:[{'type': 'PROC_VAR', 'value': '$RET'}]
2026-06-26 13:05:42,227 INFO utils.complier: analyse  formula:[]
2026-06-26 13:05:42,227 INFO utils.complier: analyse  formula:[{'type': 'VARIABLE', 'value': '{{ISU.AP_PERF_ISU_AP_BUSY}}'}, {'type': 'VARIABLE', 'value': '{{CE.CE_PERF_BUSY_CYCLES}}'}]
2026-06-26 13:05:42,227 INFO utils.complier: analyse  formula:[]
2026-06-26 13:05:42,227 INFO utils.complier: analyse  formula:[]
2026-06-26 13:05:42,228 INFO utils.complier: analyse  formula:[{'type': 'VARIABLE', 'value': '{{ISU.AP_PERF_INST_CYCLES_VALU}}'}, {'type': 'VARIABLE', 'value': '{{ISU.AP_PERF_INST_CYCLES_MMA}}'}, {'type': 'VARIABLE', 'value': '{{ISU.AP_PERF_ISU_AP_BUSY}}'}]
2026-06-26 13:05:42,228 INFO utils.complier: analyse  formula:[]
2026-06-26 13:05:42,228 INFO utils.complier: analyse  formula:[]
2026-06-26 13:05:42,229 INFO utils.complier: analyse  formula:[{'type': 'PROC_VAR', 'value': '$RET'}]
2026-06-26 13:05:42,230 INFO utils.complier: analyse  formula:[]
2026-06-26 13:05:42,230 INFO utils.complier: analyse  formula:[{'type': 'VARIABLE', 'value': '{{ISU.AP_PERF_INST_CYCLES_VALU}}'}, {'type': 'VARIABLE', 'value': '{{ISU.AP_PERF_INST_CYCLES_MMA}}'}, {'type': 'VARIABLE', 'value': '{{ISU.AP_PERF_ISU_AP_BUSY}}'}]
2026-06-26 13:05:42,230 INFO utils.complier: analyse  formula:[]
2026-06-26 13:05:42,231 INFO utils.complier: analyse  formula:[]
2026-06-26 13:05:42,231 INFO utils.complier: analyse  formula:[{'type': 'VARIABLE', 'value': '{{CE.CE_PERF_SEND_RM_WORKGROUPS}}'}]
2026-06-26 13:05:42,231 INFO utils.complier: analyse  formula:[]
2026-06-26 13:05:42,231 INFO utils.complier: analyse  formula:[]
2026-06-26 13:05:42,231 INFO utils.complier: analyse  formula:[{'type': 'PROC_VAR', 'value': '$RET'}]
2026-06-26 13:05:42,236 INFO utils.complier: analyse  formula:[]
2026-06-26 13:05:42,242 INFO utils.complier: analyse  formula:[{'type': 'VARIABLE', 'value': '{{CE.CE_PERF_SEND_RM_WORKGROUPS}}'}]
2026-06-26 13:05:42,242 INFO utils.complier: analyse  formula:[]
2026-06-26 13:05:42,242 INFO utils.complier: analyse  formula:[]
2026-06-26 13:05:42,242 INFO utils.complier: analyse  formula:[{'type': 'VARIABLE', 'value': '{{CE.CE_PERF_SEND_RM_WAVES}}'}]
2026-06-26 13:05:42,242 INFO utils.complier: analyse  formula:[]
2026-06-26 13:05:42,242 INFO utils.complier: analyse  formula:[]
2026-06-26 13:05:42,242 INFO utils.complier: analyse  formula:[{'type': 'PROC_VAR', 'value': '$RET'}]
2026-06-26 13:05:42,242 INFO utils.complier: analyse  formula:[]
2026-06-26 13:05:42,242 INFO utils.complier: analyse  formula:[{'type': 'VARIABLE', 'value': '{{CE.CE_PERF_SEND_RM_WAVES}}'}]
2026-06-26 13:05:42,243 INFO utils.complier: analyse  formula:[]
2026-06-26 13:05:42,243 INFO utils.complier: analyse  formula:[]
2026-06-26 13:05:42,243 INFO utils.complier: analyse  formula:[{'type': 'VARIABLE', 'value': '{{RM.RM_PERF_WAVES_InFlight_Level_P0}}'}, {'type': 'VARIABLE', 'value': '{{RM.RM_PERF_WAVES_InFlight_Level_P1}}'}, {'type': 'VARIABLE', 'value': '{{RM.RM_PERF_WAVES_InFlight_Level_P2}}'}, {'type': 'VARIABLE', 'value': '{{RM.RM_PERF_WAVES_InFlight_Level_P3}}'}, {'type': 'VARIABLE', 'value': '{{CE.CE_PERF_SEND_RM_WAVES}}'}]
2026-06-26 13:05:42,243 INFO utils.complier: analyse  formula:[]
2026-06-26 13:05:42,243 INFO utils.complier: analyse  formula:[]
2026-06-26 13:05:42,244 INFO utils.complier: analyse  formula:[{'type': 'PROC_VAR', 'value': '$RET'}]
2026-06-26 13:05:42,244 INFO utils.complier: analyse  formula:[]
2026-06-26 13:05:42,244 INFO utils.complier: analyse  formula:[{'type': 'VARIABLE', 'value': '{{RM.RM_PERF_WAVES_InFlight_Level_P0}}'}, {'type': 'VARIABLE', 'value': '{{RM.RM_PERF_WAVES_InFlight_Level_P1}}'}, {'type': 'VARIABLE', 'value': '{{RM.RM_PERF_WAVES_InFlight_Level_P2}}'}, {'type': 'VARIABLE', 'value': '{{RM.RM_PERF_WAVES_InFlight_Level_P3}}'}, {'type': 'VARIABLE', 'value': '{{CE.CE_PERF_SEND_RM_WAVES}}'}]
2026-06-26 13:05:42,245 INFO utils.complier: analyse  formula:[]
2026-06-26 13:05:42,245 INFO utils.complier: analyse  formula:[]
2026-06-26 13:05:42,246 INFO utils.complier: analyse  formula:[{'type': 'VARIABLE', 'value': '{{ISU.AP_PERF_INST_CYCLES_VALU_4CYCLES}}'}, {'type': 'VARIABLE', 'value': '{{ISU.AP_PERF_INST_CYCLES_VALU_16CYCLES}}'}, {'type': 'VARIABLE', 'value': '{{ISU.AP_PERF_INST_CYCLES_MMA_16CYCLES}}'}, {'type': 'VARIABLE', 'value': '{{ISU.AP_PERF_INST_CYCLES_MMA_32CYCLES}}'}]
2026-06-26 13:05:42,247 INFO utils.complier: analyse  formula:[]
2026-06-26 13:05:42,248 INFO utils.complier: analyse  formula:[]
2026-06-26 13:05:42,250 INFO utils.complier: analyse  formula:[{'type': 'PROC_VAR', 'value': '$valu_4'}, {'type': 'PROC_VAR', 'value': '$valu_16'}, {'type': 'PROC_VAR', 'value': '$mma_16'}, {'type': 'PROC_VAR', 'value': '$mma_32'}, {'type': 'PROC_VAR', 'value': '$RET'}, {'type': 'PROC_VAR', 'value': '$valu_4'}, {'type': 'PROC_VAR', 'value': '$valu_16'}, {'type': 'PROC_VAR', 'value': '$mma_16'}, {'type': 'PROC_VAR', 'value': '$mma_32'}]
2026-06-26 13:05:42,251 INFO utils.complier: analyse  formula:[]
2026-06-26 13:05:42,257 INFO utils.complier: analyse  formula:[{'type': 'VARIABLE', 'value': '{{ISU.AP_PERF_INST_CYCLES_VALU_4CYCLES}}'}, {'type': 'VARIABLE', 'value': '{{ISU.AP_PERF_INST_CYCLES_VALU_16CYCLES}}'}, {'type': 'VARIABLE', 'value': '{{ISU.AP_PERF_INST_CYCLES_MMA_16CYCLES}}'}, {'type': 'VARIABLE', 'value': '{{ISU.AP_PERF_INST_CYCLES_MMA_32CYCLES}}'}]
2026-06-26 13:05:42,259 INFO utils.complier: analyse  formula:[]
2026-06-26 13:05:42,261 INFO utils.complier: analyse  formula:[]
2026-06-26 13:05:42,285 DEBUG matplotlib.font_manager: findfont: Matching sans\-serif:style=normal:variant=normal:weight=normal:stretch=normal:size=12.0.
2026-06-26 13:05:42,286 DEBUG matplotlib.font_manager: findfont: score(<Font 'STIXNonUnicode' (STIXNonUniIta.ttf) italic normal 400 normal>) = 11.05
2026-06-26 13:05:42,286 DEBUG matplotlib.font_manager: findfont: score(<Font 'DejaVu Serif' (DejaVuSerif.ttf) normal normal 400 normal>) = 10.05
2026-06-26 13:05:42,286 DEBUG matplotlib.font_manager: findfont: score(<Font 'STIXGeneral' (STIXGeneral.ttf) normal normal 400 normal>) = 10.05
2026-06-26 13:05:42,287 DEBUG matplotlib.font_manager: findfont: score(<Font 'STIXNonUnicode' (STIXNonUni.ttf) normal normal 400 normal>) = 10.05
2026-06-26 13:05:42,287 DEBUG matplotlib.font_manager: findfont: score(<Font 'cmsy10' (cmsy10.ttf) normal normal 400 normal>) = 10.05
2026-06-26 13:05:42,287 DEBUG matplotlib.font_manager: findfont: score(<Font 'DejaVu Serif' (DejaVuSerif-Italic.ttf) italic normal 400 normal>) = 11.05
2026-06-26 13:05:42,287 DEBUG matplotlib.font_manager: findfont: score(<Font 'STIXNonUnicode' (STIXNonUniBolIta.ttf) italic normal 700 normal>) = 11.335
2026-06-26 13:05:42,287 DEBUG matplotlib.font_manager: findfont: score(<Font 'STIXSizeFourSym' (STIXSizFourSymReg.ttf) normal normal 400 normal>) = 10.05
2026-06-26 13:05:42,287 DEBUG matplotlib.font_manager: findfont: score(<Font 'cmb10' (cmb10.ttf) normal normal 400 normal>) = 10.05
2026-06-26 13:05:42,287 DEBUG matplotlib.font_manager: findfont: score(<Font 'STIXGeneral' (STIXGeneralBol.ttf) normal normal 700 normal>) = 10.335
2026-06-26 13:05:42,287 DEBUG matplotlib.font_manager: findfont: score(<Font 'STIXSizeThreeSym' (STIXSizThreeSymReg.ttf) normal normal 400 normal>) = 10.05
2026-06-26 13:05:42,287 DEBUG matplotlib.font_manager: findfont: score(<Font 'cmex10' (cmex10.ttf) normal normal 400 normal>) = 10.05
2026-06-26 13:05:42,287 DEBUG matplotlib.font_manager: findfont: score(<Font 'STIXGeneral' (STIXGeneralItalic.ttf) italic normal 400 normal>) = 11.05
2026-06-26 13:05:42,287 DEBUG matplotlib.font_manager: findfont: score(<Font 'DejaVu Sans Mono' (DejaVuSansMono-Oblique.ttf) oblique normal 400 normal>) = 11.05
2026-06-26 13:05:42,287 DEBUG matplotlib.font_manager: findfont: score(<Font 'DejaVu Sans' (DejaVuSans.ttf) normal normal 400 normal>) = 0.05
2026-06-26 13:05:42,287 DEBUG matplotlib.font_manager: findfont: score(<Font 'DejaVu Sans' (DejaVuSans-BoldOblique.ttf) oblique normal 700 normal>) = 1.335
2026-06-26 13:05:42,287 DEBUG matplotlib.font_manager: findfont: score(<Font 'DejaVu Sans Display' (DejaVuSansDisplay.ttf) normal normal 400 normal>) = 10.05
2026-06-26 13:05:42,287 DEBUG matplotlib.font_manager: findfont: score(<Font 'DejaVu Serif' (DejaVuSerif-BoldItalic.ttf) italic normal 700 normal>) = 11.335
2026-06-26 13:05:42,287 DEBUG matplotlib.font_manager: findfont: score(<Font 'STIXSizeFourSym' (STIXSizFourSymBol.ttf) normal normal 700 normal>) = 10.335
2026-06-26 13:05:42,287 DEBUG matplotlib.font_manager: findfont: score(<Font 'STIXNonUnicode' (STIXNonUniBol.ttf) normal normal 700 normal>) = 10.335
2026-06-26 13:05:42,287 DEBUG matplotlib.font_manager: findfont: score(<Font 'DejaVu Sans Mono' (DejaVuSansMono-Bold.ttf) normal normal 700 normal>) = 10.335
2026-06-26 13:05:42,287 DEBUG matplotlib.font_manager: findfont: score(<Font 'cmss10' (cmss10.ttf) normal normal 400 normal>) = 10.05
2026-06-26 13:05:42,287 DEBUG matplotlib.font_manager: findfont: score(<Font 'STIXGeneral' (STIXGeneralBolIta.ttf) italic normal 700 normal>) = 11.335
2026-06-26 13:05:42,287 DEBUG matplotlib.font_manager: findfont: score(<Font 'DejaVu Sans Mono' (DejaVuSansMono.ttf) normal normal 400 normal>) = 10.05
2026-06-26 13:05:42,287 DEBUG matplotlib.font_manager: findfont: score(<Font 'DejaVu Serif Display' (DejaVuSerifDisplay.ttf) normal normal 400 normal>) = 10.05
2026-06-26 13:05:42,287 DEBUG matplotlib.font_manager: findfont: score(<Font 'STIXSizeOneSym' (STIXSizOneSymBol.ttf) normal normal 700 normal>) = 10.335
2026-06-26 13:05:42,287 DEBUG matplotlib.font_manager: findfont: score(<Font 'STIXSizeTwoSym' (STIXSizTwoSymBol.ttf) normal normal 700 normal>) = 10.335
2026-06-26 13:05:42,287 DEBUG matplotlib.font_manager: findfont: score(<Font 'STIXSizeOneSym' (STIXSizOneSymReg.ttf) normal normal 400 normal>) = 10.05
2026-06-26 13:05:42,287 DEBUG matplotlib.font_manager: findfont: score(<Font 'STIXSizeFiveSym' (STIXSizFiveSymReg.ttf) normal normal 400 normal>) = 10.05
2026-06-26 13:05:42,287 DEBUG matplotlib.font_manager: findfont: score(<Font 'DejaVu Sans' (DejaVuSans-Oblique.ttf) oblique normal 400 normal>) = 1.05
2026-06-26 13:05:42,288 DEBUG matplotlib.font_manager: findfont: score(<Font 'DejaVu Sans' (DejaVuSans-Bold.ttf) normal normal 700 normal>) = 0.33499999999999996
2026-06-26 13:05:42,288 DEBUG matplotlib.font_manager: findfont: score(<Font 'cmmi10' (cmmi10.ttf) normal normal 400 normal>) = 10.05
2026-06-26 13:05:42,288 DEBUG matplotlib.font_manager: findfont: score(<Font 'cmtt10' (cmtt10.ttf) normal normal 400 normal>) = 10.05
2026-06-26 13:05:42,288 DEBUG matplotlib.font_manager: findfont: score(<Font 'DejaVu Sans Mono' (DejaVuSansMono-BoldOblique.ttf) oblique normal 700 normal>) = 11.335
2026-06-26 13:05:42,288 DEBUG matplotlib.font_manager: findfont: score(<Font 'STIXSizeThreeSym' (STIXSizThreeSymBol.ttf) normal normal 700 normal>) = 10.335
2026-06-26 13:05:42,288 DEBUG matplotlib.font_manager: findfont: score(<Font 'cmr10' (cmr10.ttf) normal normal 400 normal>) = 10.05
2026-06-26 13:05:42,288 DEBUG matplotlib.font_manager: findfont: score(<Font 'STIXSizeTwoSym' (STIXSizTwoSymReg.ttf) normal normal 400 normal>) = 10.05
2026-06-26 13:05:42,288 DEBUG matplotlib.font_manager: findfont: score(<Font 'DejaVu Serif' (DejaVuSerif-Bold.ttf) normal normal 700 normal>) = 10.335
2026-06-26 13:05:42,288 DEBUG matplotlib.font_manager: findfont: score(<Font 'DejaVu Sans Mono' (DejaVuSansMono-Bold.ttf) normal normal 700 normal>) = 10.335
2026-06-26 13:05:42,288 DEBUG matplotlib.font_manager: findfont: score(<Font 'DejaVu Sans' (DejaVuSans.ttf) normal normal 400 normal>) = 0.05
2026-06-26 13:05:42,288 DEBUG matplotlib.font_manager: findfont: score(<Font 'DejaVu Serif' (DejaVuSerif-Bold.ttf) normal normal 700 normal>) = 10.335
2026-06-26 13:05:42,288 DEBUG matplotlib.font_manager: findfont: score(<Font 'DejaVu Sans' (DejaVuSans-Bold.ttf) normal normal 700 normal>) = 0.33499999999999996
2026-06-26 13:05:42,288 DEBUG matplotlib.font_manager: findfont: score(<Font 'DejaVu Sans Mono' (DejaVuSansMono.ttf) normal normal 400 normal>) = 10.05
2026-06-26 13:05:42,288 DEBUG matplotlib.font_manager: findfont: score(<Font 'DejaVu Serif' (DejaVuSerif.ttf) normal normal 400 normal>) = 10.05
2026-06-26 13:05:42,288 DEBUG matplotlib.font_manager: findfont: Matching sans\-serif:style=normal:variant=normal:weight=normal:stretch=normal:size=12.0 to DejaVu Sans ('/tmp/_MEIKX0DCh/matplotlib/mpl-data/fonts/ttf/DejaVuSans.ttf') with score of 0.050000.
2026-06-26 13:05:42,297 DEBUG matplotlib.font_manager: findfont: Matching sans\-serif:style=normal:variant=normal:weight=normal:stretch=normal:size=10.0.
2026-06-26 13:05:42,297 DEBUG matplotlib.font_manager: findfont: score(<Font 'STIXNonUnicode' (STIXNonUniIta.ttf) italic normal 400 normal>) = 11.05
2026-06-26 13:05:42,297 DEBUG matplotlib.font_manager: findfont: score(<Font 'DejaVu Serif' (DejaVuSerif.ttf) normal normal 400 normal>) = 10.05
2026-06-26 13:05:42,297 DEBUG matplotlib.font_manager: findfont: score(<Font 'STIXGeneral' (STIXGeneral.ttf) normal normal 400 normal>) = 10.05
2026-06-26 13:05:42,297 DEBUG matplotlib.font_manager: findfont: score(<Font 'STIXNonUnicode' (STIXNonUni.ttf) normal normal 400 normal>) = 10.05
2026-06-26 13:05:42,297 DEBUG matplotlib.font_manager: findfont: score(<Font 'cmsy10' (cmsy10.ttf) normal normal 400 normal>) = 10.05
2026-06-26 13:05:42,297 DEBUG matplotlib.font_manager: findfont: score(<Font 'DejaVu Serif' (DejaVuSerif-Italic.ttf) italic normal 400 normal>) = 11.05
2026-06-26 13:05:42,297 DEBUG matplotlib.font_manager: findfont: score(<Font 'STIXNonUnicode' (STIXNonUniBolIta.ttf) italic normal 700 normal>) = 11.335
2026-06-26 13:05:42,297 DEBUG matplotlib.font_manager: findfont: score(<Font 'STIXSizeFourSym' (STIXSizFourSymReg.ttf) normal normal 400 normal>) = 10.05
2026-06-26 13:05:42,297 DEBUG matplotlib.font_manager: findfont: score(<Font 'cmb10' (cmb10.ttf) normal normal 400 normal>) = 10.05
2026-06-26 13:05:42,297 DEBUG matplotlib.font_manager: findfont: score(<Font 'STIXGeneral' (STIXGeneralBol.ttf) normal normal 700 normal>) = 10.335
2026-06-26 13:05:42,297 DEBUG matplotlib.font_manager: findfont: score(<Font 'STIXSizeThreeSym' (STIXSizThreeSymReg.ttf) normal normal 400 normal>) = 10.05
2026-06-26 13:05:42,297 DEBUG matplotlib.font_manager: findfont: score(<Font 'cmex10' (cmex10.ttf) normal normal 400 normal>) = 10.05
2026-06-26 13:05:42,297 DEBUG matplotlib.font_manager: findfont: score(<Font 'STIXGeneral' (STIXGeneralItalic.ttf) italic normal 400 normal>) = 11.05
2026-06-26 13:05:42,297 DEBUG matplotlib.font_manager: findfont: score(<Font 'DejaVu Sans Mono' (DejaVuSansMono-Oblique.ttf) oblique normal 400 normal>) = 11.05
2026-06-26 13:05:42,297 DEBUG matplotlib.font_manager: findfont: score(<Font 'DejaVu Sans' (DejaVuSans.ttf) normal normal 400 normal>) = 0.05
2026-06-26 13:05:42,297 DEBUG matplotlib.font_manager: findfont: score(<Font 'DejaVu Sans' (DejaVuSans-BoldOblique.ttf) oblique normal 700 normal>) = 1.335
2026-06-26 13:05:42,297 DEBUG matplotlib.font_manager: findfont: score(<Font 'DejaVu Sans Display' (DejaVuSansDisplay.ttf) normal normal 400 normal>) = 10.05
2026-06-26 13:05:42,298 DEBUG matplotlib.font_manager: findfont: score(<Font 'DejaVu Serif' (DejaVuSerif-BoldItalic.ttf) italic normal 700 normal>) = 11.335
2026-06-26 13:05:42,298 DEBUG matplotlib.font_manager: findfont: score(<Font 'STIXSizeFourSym' (STIXSizFourSymBol.ttf) normal normal 700 normal>) = 10.335
2026-06-26 13:05:42,298 DEBUG matplotlib.font_manager: findfont: score(<Font 'STIXNonUnicode' (STIXNonUniBol.ttf) normal normal 700 normal>) = 10.335
2026-06-26 13:05:42,298 DEBUG matplotlib.font_manager: findfont: score(<Font 'DejaVu Sans Mono' (DejaVuSansMono-Bold.ttf) normal normal 700 normal>) = 10.335
2026-06-26 13:05:42,298 DEBUG matplotlib.font_manager: findfont: score(<Font 'cmss10' (cmss10.ttf) normal normal 400 normal>) = 10.05
2026-06-26 13:05:42,298 DEBUG matplotlib.font_manager: findfont: score(<Font 'STIXGeneral' (STIXGeneralBolIta.ttf) italic normal 700 normal>) = 11.335
2026-06-26 13:05:42,298 DEBUG matplotlib.font_manager: findfont: score(<Font 'DejaVu Sans Mono' (DejaVuSansMono.ttf) normal normal 400 normal>) = 10.05
2026-06-26 13:05:42,298 DEBUG matplotlib.font_manager: findfont: score(<Font 'DejaVu Serif Display' (DejaVuSerifDisplay.ttf) normal normal 400 normal>) = 10.05
2026-06-26 13:05:42,298 DEBUG matplotlib.font_manager: findfont: score(<Font 'STIXSizeOneSym' (STIXSizOneSymBol.ttf) normal normal 700 normal>) = 10.335
2026-06-26 13:05:42,298 DEBUG matplotlib.font_manager: findfont: score(<Font 'STIXSizeTwoSym' (STIXSizTwoSymBol.ttf) normal normal 700 normal>) = 10.335
2026-06-26 13:05:42,298 DEBUG matplotlib.font_manager: findfont: score(<Font 'STIXSizeOneSym' (STIXSizOneSymReg.ttf) normal normal 400 normal>) = 10.05
2026-06-26 13:05:42,298 DEBUG matplotlib.font_manager: findfont: score(<Font 'STIXSizeFiveSym' (STIXSizFiveSymReg.ttf) normal normal 400 normal>) = 10.05
2026-06-26 13:05:42,298 DEBUG matplotlib.font_manager: findfont: score(<Font 'DejaVu Sans' (DejaVuSans-Oblique.ttf) oblique normal 400 normal>) = 1.05
2026-06-26 13:05:42,298 DEBUG matplotlib.font_manager: findfont: score(<Font 'DejaVu Sans' (DejaVuSans-Bold.ttf) normal normal 700 normal>) = 0.33499999999999996
2026-06-26 13:05:42,298 DEBUG matplotlib.font_manager: findfont: score(<Font 'cmmi10' (cmmi10.ttf) normal normal 400 normal>) = 10.05
2026-06-26 13:05:42,298 DEBUG matplotlib.font_manager: findfont: score(<Font 'cmtt10' (cmtt10.ttf) normal normal 400 normal>) = 10.05
2026-06-26 13:05:42,298 DEBUG matplotlib.font_manager: findfont: score(<Font 'DejaVu Sans Mono' (DejaVuSansMono-BoldOblique.ttf) oblique normal 700 normal>) = 11.335
2026-06-26 13:05:42,298 DEBUG matplotlib.font_manager: findfont: score(<Font 'STIXSizeThreeSym' (STIXSizThreeSymBol.ttf) normal normal 700 normal>) = 10.335
2026-06-26 13:05:42,298 DEBUG matplotlib.font_manager: findfont: score(<Font 'cmr10' (cmr10.ttf) normal normal 400 normal>) = 10.05
2026-06-26 13:05:42,298 DEBUG matplotlib.font_manager: findfont: score(<Font 'STIXSizeTwoSym' (STIXSizTwoSymReg.ttf) normal normal 400 normal>) = 10.05
2026-06-26 13:05:42,298 DEBUG matplotlib.font_manager: findfont: score(<Font 'DejaVu Serif' (DejaVuSerif-Bold.ttf) normal normal 700 normal>) = 10.335
2026-06-26 13:05:42,298 DEBUG matplotlib.font_manager: findfont: score(<Font 'DejaVu Sans Mono' (DejaVuSansMono-Bold.ttf) normal normal 700 normal>) = 10.335
2026-06-26 13:05:42,298 DEBUG matplotlib.font_manager: findfont: score(<Font 'DejaVu Sans' (DejaVuSans.ttf) normal normal 400 normal>) = 0.05
2026-06-26 13:05:42,298 DEBUG matplotlib.font_manager: findfont: score(<Font 'DejaVu Serif' (DejaVuSerif-Bold.ttf) normal normal 700 normal>) = 10.335
2026-06-26 13:05:42,298 DEBUG matplotlib.font_manager: findfont: score(<Font 'DejaVu Sans' (DejaVuSans-Bold.ttf) normal normal 700 normal>) = 0.33499999999999996
2026-06-26 13:05:42,298 DEBUG matplotlib.font_manager: findfont: score(<Font 'DejaVu Sans Mono' (DejaVuSansMono.ttf) normal normal 400 normal>) = 10.05
2026-06-26 13:05:42,298 DEBUG matplotlib.font_manager: findfont: score(<Font 'DejaVu Serif' (DejaVuSerif.ttf) normal normal 400 normal>) = 10.05
2026-06-26 13:05:42,298 DEBUG matplotlib.font_manager: findfont: Matching sans\-serif:style=normal:variant=normal:weight=normal:stretch=normal:size=10.0 to DejaVu Sans ('/tmp/_MEIKX0DCh/matplotlib/mpl-data/fonts/ttf/DejaVuSans.ttf') with score of 0.050000.
2026-06-26 13:05:42,368 INFO utils.complier: analyse  formula:[{'type': 'VARIABLE_DICT', 'value': '{{{ISU.AP_PERF_INST_CYCLES_MMA}}}'}, {'type': 'VARIABLE_DICT', 'value': '{{{ISU.AP_PERF_INST_CYCLES_MMA}}}'}, {'type': 'VARIABLE_DICT', 'value': '{{{ISU.AP_PERF_INST_CYCLES_VALU}}}'}]
2026-06-26 13:05:42,368 INFO utils.complier: analyse  formula:[]
2026-06-26 13:05:42,369 INFO utils.complier: analyse  formula:[]
2026-06-26 13:05:42,370 INFO utils.complier: analyse  formula:[{'type': 'PROC_VAR', 'value': '$dpcs'}, {'type': 'PROC_VAR', 'value': '$RET'}, {'type': 'PROC_VAR', 'value': '$dpcs'}]
2026-06-26 13:05:42,370 INFO utils.complier: analyse  formula:[{'type': 'VARIABLE_DICT', 'value': '{{{ISU.AP_PERF_INST_CYCLES_MMA}}}'}, {'type': 'VARIABLE_DICT', 'value': '{{{ISU.AP_PERF_INST_CYCLES_MMA}}}'}, {'type': 'VARIABLE_DICT', 'value': '{{{ISU.AP_PERF_INST_CYCLES_VALU}}}'}]
2026-06-26 13:05:42,371 INFO utils.complier: analyse  formula:[]
2026-06-26 13:05:42,372 INFO utils.complier: analyse  formula:[]
2026-06-26 13:05:42,373 INFO utils.complier: analyse  formula:[]
2026-06-26 13:05:42,462 INFO utils.complier: analyse  formula:[{'type': 'VARIABLE', 'value': '{{ISU.AP_PERF_INSTS_VALU}}'}, {'type': 'VARIABLE', 'value': '{{ISU.AP_PERF_INSTS_MMA}}'}, {'type': 'VARIABLE', 'value': '{{ISU.AP_PERF_INSTS_SALU}}'}, {'type': 'VARIABLE', 'value': '{{ISU.AP_PERF_INSTS_GVM}}'}, {'type': 'VARIABLE', 'value': '{{ISU.AP_PERF_INSTS_BSM}}'}, {'type': 'VARIABLE', 'value': '{{ISU.AP_PERF_INSTS_LDU}}'}, {'type': 'VARIABLE', 'value': '{{ISU.AP_PERF_INST_MISC}}'}]
2026-06-26 13:05:42,463 INFO utils.complier: analyse  formula:[]
2026-06-26 13:05:42,464 INFO utils.complier: analyse  formula:[]
2026-06-26 13:05:42,466 INFO utils.complier: analyse  formula:[{'type': 'PROC_VAR', 'value': '$valu'}, {'type': 'PROC_VAR', 'value': '$mma'}, {'type': 'PROC_VAR', 'value': '$salu'}, {'type': 'PROC_VAR', 'value': '$gvm'}, {'type': 'PROC_VAR', 'value': '$bsm'}, {'type': 'PROC_VAR', 'value': '$ldu'}, {'type': 'PROC_VAR', 'value': '$misc'}, {'type': 'PROC_VAR', 'value': '$RET'}, {'type': 'PROC_VAR', 'value': '$valu'}, {'type': 'PROC_VAR', 'value': '$mma'}, {'type': 'PROC_VAR', 'value': '$salu'}, {'type': 'PROC_VAR', 'value': '$gvm'}, {'type': 'PROC_VAR', 'value': '$bsm'}, {'type': 'PROC_VAR', 'value': '$ldu'}, {'type': 'PROC_VAR', 'value': '$misc'}]
2026-06-26 13:05:42,468 INFO utils.complier: analyse  formula:[]
2026-06-26 13:05:42,470 INFO utils.complier: analyse  formula:[{'type': 'VARIABLE', 'value': '{{ISU.AP_PERF_INSTS_VALU}}'}, {'type': 'VARIABLE', 'value': '{{ISU.AP_PERF_INSTS_MMA}}'}, {'type': 'VARIABLE', 'value': '{{ISU.AP_PERF_INSTS_SALU}}'}, {'type': 'VARIABLE', 'value': '{{ISU.AP_PERF_INSTS_GVM}}'}, {'type': 'VARIABLE', 'value': '{{ISU.AP_PERF_INSTS_BSM}}'}, {'type': 'VARIABLE', 'value': '{{ISU.AP_PERF_INSTS_LDU}}'}, {'type': 'VARIABLE', 'value': '{{ISU.AP_PERF_INST_MISC}}'}]
2026-06-26 13:05:42,472 INFO utils.complier: analyse  formula:[]
2026-06-26 13:05:42,474 INFO utils.complier: analyse  formula:[]
2026-06-26 13:05:42,560 INFO utils.complier: analyse  formula:[{'type': 'VARIABLE', 'value': '{{ISU.AP_PERF_ISU_ARB_WSM_STALL}}'}, {'type': 'VARIABLE', 'value': '{{ISU.AP_PERF_ISU_ARB_VLS_STALL}}'}, {'type': 'VARIABLE', 'value': '{{ISU.AP_PERF_ISU_ARB_DATA_STALL}}'}, {'type': 'VARIABLE', 'value': '{{ISU.AP_PERF_ISU_ARB_VALU_STALL}}'}]
2026-06-26 13:05:42,561 INFO utils.complier: analyse  formula:[]
2026-06-26 13:05:42,562 INFO utils.complier: analyse  formula:[]
2026-06-26 13:05:42,563 INFO utils.complier: analyse  formula:[{'type': 'PROC_VAR', 'value': '$RET'}]
2026-06-26 13:05:42,564 INFO utils.complier: analyse  formula:[]
2026-06-26 13:05:42,565 INFO utils.complier: analyse  formula:[{'type': 'VARIABLE', 'value': '{{ISU.AP_PERF_ISU_ARB_WSM_STALL}}'}, {'type': 'VARIABLE', 'value': '{{ISU.AP_PERF_ISU_ARB_VLS_STALL}}'}, {'type': 'VARIABLE', 'value': '{{ISU.AP_PERF_ISU_ARB_DATA_STALL}}'}, {'type': 'VARIABLE', 'value': '{{ISU.AP_PERF_ISU_ARB_VALU_STALL}}'}]
2026-06-26 13:05:42,566 INFO utils.complier: analyse  formula:[]
2026-06-26 13:05:42,567 INFO utils.complier: analyse  formula:[]
2026-06-26 13:05:42,634 INFO utils.complier: analyse  formula:[]
2026-06-26 13:05:42,635 INFO utils.complier: analyse  formula:[]
2026-06-26 13:05:42,635 INFO utils.complier: analyse  formula:[{'type': 'PRE_VAR', 'value': '@global_insts_rd'}]
2026-06-26 13:05:42,635 INFO utils.complier: analyse  formula:[{'type': 'PROC_VAR', 'value': '$RET'}]
2026-06-26 13:05:42,635 INFO utils.complier: analyse  formula:[]
2026-06-26 13:05:42,635 INFO utils.complier: analyse  formula:[]
2026-06-26 13:05:42,635 INFO utils.complier: analyse  formula:[{'type': 'PRE_VAR', 'value': '@global_insts_rd'}]
2026-06-26 13:05:42,635 INFO utils.complier: analyse  formula:[]
2026-06-26 13:05:42,635 INFO utils.complier: analyse  formula:[]
2026-06-26 13:05:42,635 INFO utils.complier: analyse  formula:[]
2026-06-26 13:05:42,635 INFO utils.complier: analyse  formula:[{'type': 'PRE_VAR', 'value': '@global_insts_wr'}]
2026-06-26 13:05:42,635 INFO utils.complier: analyse  formula:[{'type': 'PROC_VAR', 'value': '$RET'}]
2026-06-26 13:05:42,636 INFO utils.complier: analyse  formula:[]
2026-06-26 13:05:42,636 INFO utils.complier: analyse  formula:[]
2026-06-26 13:05:42,636 INFO utils.complier: analyse  formula:[{'type': 'PRE_VAR', 'value': '@global_insts_wr'}]
2026-06-26 13:05:42,636 INFO utils.complier: analyse  formula:[]
2026-06-26 13:05:42,636 INFO utils.complier: analyse  formula:[{'type': 'VARIABLE', 'value': '{{ISU.AP_PERF_INST_GLOBAL_ATOMIC}}'}, {'type': 'VARIABLE', 'value': '{{ISU.AP_PERF_INST_GLOBAL_ATOMIC_64}}'}]
2026-06-26 13:05:42,636 INFO utils.complier: analyse  formula:[]
2026-06-26 13:05:42,636 INFO utils.complier: analyse  formula:[]
2026-06-26 13:05:42,637 INFO utils.complier: analyse  formula:[{'type': 'PROC_VAR', 'value': '$RET'}]
2026-06-26 13:05:42,637 INFO utils.complier: analyse  formula:[]
2026-06-26 13:05:42,637 INFO utils.complier: analyse  formula:[{'type': 'VARIABLE', 'value': '{{ISU.AP_PERF_INST_GLOBAL_ATOMIC}}'}, {'type': 'VARIABLE', 'value': '{{ISU.AP_PERF_INST_GLOBAL_ATOMIC_64}}'}]
2026-06-26 13:05:42,637 INFO utils.complier: analyse  formula:[]
2026-06-26 13:05:42,638 INFO utils.complier: analyse  formula:[]
2026-06-26 13:05:42,638 INFO utils.complier: analyse  formula:[]
2026-06-26 13:05:42,638 INFO utils.complier: analyse  formula:[]
2026-06-26 13:05:42,638 INFO utils.complier: analyse  formula:[{'type': 'PRE_VAR', 'value': '@private_insts_rd'}]
2026-06-26 13:05:42,638 INFO utils.complier: analyse  formula:[{'type': 'PROC_VAR', 'value': '$RET'}]
2026-06-26 13:05:42,638 INFO utils.complier: analyse  formula:[]
2026-06-26 13:05:42,638 INFO utils.complier: analyse  formula:[]
2026-06-26 13:05:42,638 INFO utils.complier: analyse  formula:[{'type': 'PRE_VAR', 'value': '@private_insts_rd'}]
2026-06-26 13:05:42,638 INFO utils.complier: analyse  formula:[]
2026-06-26 13:05:42,638 INFO utils.complier: analyse  formula:[]
2026-06-26 13:05:42,638 INFO utils.complier: analyse  formula:[]
2026-06-26 13:05:42,639 INFO utils.complier: analyse  formula:[{'type': 'PRE_VAR', 'value': '@private_insts_wr'}]
2026-06-26 13:05:42,639 INFO utils.complier: analyse  formula:[{'type': 'PROC_VAR', 'value': '$RET'}]
2026-06-26 13:05:42,639 INFO utils.complier: analyse  formula:[]
2026-06-26 13:05:42,639 INFO utils.complier: analyse  formula:[]
2026-06-26 13:05:42,639 INFO utils.complier: analyse  formula:[{'type': 'PRE_VAR', 'value': '@private_insts_wr'}]
2026-06-26 13:05:42,639 INFO utils.complier: analyse  formula:[]
2026-06-26 13:05:42,639 INFO utils.complier: analyse  formula:[]
2026-06-26 13:05:42,639 INFO utils.complier: analyse  formula:[]
2026-06-26 13:05:42,639 INFO utils.complier: analyse  formula:[{'type': 'PRE_VAR', 'value': '@ldu_insts_rd'}]
2026-06-26 13:05:42,639 INFO utils.complier: analyse  formula:[{'type': 'PROC_VAR', 'value': '$RET'}]
2026-06-26 13:05:42,639 INFO utils.complier: analyse  formula:[]
2026-06-26 13:05:42,639 INFO utils.complier: analyse  formula:[]
2026-06-26 13:05:42,640 INFO utils.complier: analyse  formula:[{'type': 'PRE_VAR', 'value': '@ldu_insts_rd'}]
2026-06-26 13:05:42,640 INFO utils.complier: analyse  formula:[]
2026-06-26 13:05:42,640 INFO utils.complier: analyse  formula:[]
2026-06-26 13:05:42,640 INFO utils.complier: analyse  formula:[]
2026-06-26 13:05:42,640 INFO utils.complier: analyse  formula:[{'type': 'PRE_VAR', 'value': '@sl1_rd'}]
2026-06-26 13:05:42,640 INFO utils.complier: analyse  formula:[{'type': 'PROC_VAR', 'value': '$RET'}]
2026-06-26 13:05:42,640 INFO utils.complier: analyse  formula:[]
2026-06-26 13:05:42,640 INFO utils.complier: analyse  formula:[]
2026-06-26 13:05:42,640 INFO utils.complier: analyse  formula:[{'type': 'PRE_VAR', 'value': '@sl1_rd'}]
2026-06-26 13:05:42,640 INFO utils.complier: analyse  formula:[]
2026-06-26 13:05:42,640 INFO utils.complier: analyse  formula:[]
2026-06-26 13:05:42,641 INFO utils.complier: analyse  formula:[]
2026-06-26 13:05:42,641 INFO utils.complier: analyse  formula:[{'type': 'PRE_VAR', 'value': '@sl1_l2c_rd'}]
2026-06-26 13:05:42,641 INFO utils.complier: analyse  formula:[{'type': 'PROC_VAR', 'value': '$RET'}]
2026-06-26 13:05:42,641 INFO utils.complier: analyse  formula:[]
2026-06-26 13:05:42,641 INFO utils.complier: analyse  formula:[]
2026-06-26 13:05:42,641 INFO utils.complier: analyse  formula:[{'type': 'PRE_VAR', 'value': '@sl1_l2c_rd'}]
2026-06-26 13:05:42,641 INFO utils.complier: analyse  formula:[]
2026-06-26 13:05:42,641 INFO utils.complier: analyse  formula:[]
2026-06-26 13:05:42,641 INFO utils.complier: analyse  formula:[]
2026-06-26 13:05:42,641 INFO utils.complier: analyse  formula:[{'type': 'PRE_VAR', 'value': '@sl1_hit_rate'}]
2026-06-26 13:05:42,641 INFO utils.complier: analyse  formula:[{'type': 'PROC_VAR', 'value': '$RET'}]
2026-06-26 13:05:42,641 INFO utils.complier: analyse  formula:[]
2026-06-26 13:05:42,642 INFO utils.complier: analyse  formula:[]
2026-06-26 13:05:42,642 INFO utils.complier: analyse  formula:[{'type': 'PRE_VAR', 'value': '@sl1_hit_rate'}]
2026-06-26 13:05:42,642 INFO utils.complier: analyse  formula:[]
2026-06-26 13:05:42,642 INFO utils.complier: analyse  formula:[]
2026-06-26 13:05:42,642 INFO utils.complier: analyse  formula:[]
2026-06-26 13:05:42,642 INFO utils.complier: analyse  formula:[{'type': 'PRE_VAR', 'value': '@vl1_insts_rd'}]
2026-06-26 13:05:42,642 INFO utils.complier: analyse  formula:[{'type': 'PROC_VAR', 'value': '$RET'}]
2026-06-26 13:05:42,642 INFO utils.complier: analyse  formula:[]
2026-06-26 13:05:42,642 INFO utils.complier: analyse  formula:[]
2026-06-26 13:05:42,642 INFO utils.complier: analyse  formula:[{'type': 'PRE_VAR', 'value': '@vl1_insts_rd'}]
2026-06-26 13:05:42,642 INFO utils.complier: analyse  formula:[]
2026-06-26 13:05:42,643 INFO utils.complier: analyse  formula:[]
2026-06-26 13:05:42,643 INFO utils.complier: analyse  formula:[]
2026-06-26 13:05:42,643 INFO utils.complier: analyse  formula:[{'type': 'PRE_VAR', 'value': '@vl1_insts_wr'}]
2026-06-26 13:05:42,643 INFO utils.complier: analyse  formula:[{'type': 'PROC_VAR', 'value': '$RET'}]
2026-06-26 13:05:42,643 INFO utils.complier: analyse  formula:[]
2026-06-26 13:05:42,643 INFO utils.complier: analyse  formula:[]
2026-06-26 13:05:42,643 INFO utils.complier: analyse  formula:[{'type': 'PRE_VAR', 'value': '@vl1_insts_wr'}]
2026-06-26 13:05:42,643 INFO utils.complier: analyse  formula:[]
2026-06-26 13:05:42,643 INFO utils.complier: analyse  formula:[{'type': 'VARIABLE', 'value': '{{VL1.p_total_atomic_instruction_event}}'}]
2026-06-26 13:05:42,643 INFO utils.complier: analyse  formula:[]
2026-06-26 13:05:42,643 INFO utils.complier: analyse  formula:[]
2026-06-26 13:05:42,644 INFO utils.complier: analyse  formula:[{'type': 'PROC_VAR', 'value': '$RET'}]
2026-06-26 13:05:42,644 INFO utils.complier: analyse  formula:[]
2026-06-26 13:05:42,644 INFO utils.complier: analyse  formula:[{'type': 'VARIABLE', 'value': '{{VL1.p_total_atomic_instruction_event}}'}]
2026-06-26 13:05:42,644 INFO utils.complier: analyse  formula:[]
2026-06-26 13:05:42,644 INFO utils.complier: analyse  formula:[]
2026-06-26 13:05:42,644 INFO utils.complier: analyse  formula:[]
2026-06-26 13:05:42,644 INFO utils.complier: analyse  formula:[]
2026-06-26 13:05:42,644 INFO utils.complier: analyse  formula:[{'type': 'PRE_VAR', 'value': '@vl1_hit_rate'}]
2026-06-26 13:05:42,644 INFO utils.complier: analyse  formula:[{'type': 'PROC_VAR', 'value': '$RET'}]
2026-06-26 13:05:42,645 INFO utils.complier: analyse  formula:[]
2026-06-26 13:05:42,645 INFO utils.complier: analyse  formula:[]
2026-06-26 13:05:42,645 INFO utils.complier: analyse  formula:[{'type': 'PRE_VAR', 'value': '@vl1_hit_rate'}]
2026-06-26 13:05:42,645 INFO utils.complier: analyse  formula:[]
2026-06-26 13:05:42,645 INFO utils.complier: analyse  formula:[]
2026-06-26 13:05:42,645 INFO utils.complier: analyse  formula:[]
2026-06-26 13:05:42,645 INFO utils.complier: analyse  formula:[{'type': 'PRE_VAR', 'value': '@l2c_insts_rd'}]
2026-06-26 13:05:42,645 INFO utils.complier: analyse  formula:[{'type': 'PROC_VAR', 'value': '$RET'}]
2026-06-26 13:05:42,645 INFO utils.complier: analyse  formula:[]
2026-06-26 13:05:42,645 INFO utils.complier: analyse  formula:[]
2026-06-26 13:05:42,645 INFO utils.complier: analyse  formula:[{'type': 'PRE_VAR', 'value': '@l2c_insts_rd'}]
2026-06-26 13:05:42,646 INFO utils.complier: analyse  formula:[]
2026-06-26 13:05:42,646 INFO utils.complier: analyse  formula:[]
2026-06-26 13:05:42,646 INFO utils.complier: analyse  formula:[]
2026-06-26 13:05:42,646 INFO utils.complier: analyse  formula:[{'type': 'PRE_VAR', 'value': '@l2c_insts_wr'}]
2026-06-26 13:05:42,646 INFO utils.complier: analyse  formula:[{'type': 'PROC_VAR', 'value': '$RET'}]
2026-06-26 13:05:42,646 INFO utils.complier: analyse  formula:[]
2026-06-26 13:05:42,646 INFO utils.complier: analyse  formula:[]
2026-06-26 13:05:42,646 INFO utils.complier: analyse  formula:[{'type': 'PRE_VAR', 'value': '@l2c_insts_wr'}]
2026-06-26 13:05:42,646 INFO utils.complier: analyse  formula:[]
2026-06-26 13:05:42,646 INFO utils.complier: analyse  formula:[{'type': 'VARIABLE', 'value': '{{L2C.perf_atomic_req}}'}]
2026-06-26 13:05:42,646 INFO utils.complier: analyse  formula:[]
2026-06-26 13:05:42,646 INFO utils.complier: analyse  formula:[]
2026-06-26 13:05:42,647 INFO utils.complier: analyse  formula:[{'type': 'PROC_VAR', 'value': '$RET'}]
2026-06-26 13:05:42,647 INFO utils.complier: analyse  formula:[]
2026-06-26 13:05:42,647 INFO utils.complier: analyse  formula:[{'type': 'VARIABLE', 'value': '{{L2C.perf_atomic_req}}'}]
2026-06-26 13:05:42,647 INFO utils.complier: analyse  formula:[]
2026-06-26 13:05:42,647 INFO utils.complier: analyse  formula:[]
2026-06-26 13:05:42,647 INFO utils.complier: analyse  formula:[]
2026-06-26 13:05:42,647 INFO utils.complier: analyse  formula:[]
2026-06-26 13:05:42,647 INFO utils.complier: analyse  formula:[{'type': 'PRE_VAR', 'value': '@l2c_hit_rate'}]
2026-06-26 13:05:42,647 INFO utils.complier: analyse  formula:[{'type': 'PROC_VAR', 'value': '$RET'}]
2026-06-26 13:05:42,648 INFO utils.complier: analyse  formula:[]
2026-06-26 13:05:42,648 INFO utils.complier: analyse  formula:[]
2026-06-26 13:05:42,648 INFO utils.complier: analyse  formula:[{'type': 'PRE_VAR', 'value': '@l2c_hit_rate'}]
2026-06-26 13:05:42,648 INFO utils.complier: analyse  formula:[]
2026-06-26 13:05:42,648 INFO utils.complier: analyse  formula:[{'type': 'VARIABLE', 'value': '{{ISU.AP_PERF_INSTS_GVM_ATOMIC}}'}, {'type': 'VARIABLE', 'value': '{{ISU.AP_PERF_INST_BSM_ATOMIC}}'}]
2026-06-26 13:05:42,648 INFO utils.complier: analyse  formula:[]
2026-06-26 13:05:42,648 INFO utils.complier: analyse  formula:[]
2026-06-26 13:05:42,649 INFO utils.complier: analyse  formula:[{'type': 'PROC_VAR', 'value': '$RET'}]
2026-06-26 13:05:42,649 INFO utils.complier: analyse  formula:[]
2026-06-26 13:05:42,649 INFO utils.complier: analyse  formula:[{'type': 'VARIABLE', 'value': '{{ISU.AP_PERF_INSTS_GVM_ATOMIC}}'}, {'type': 'VARIABLE', 'value': '{{ISU.AP_PERF_INST_BSM_ATOMIC}}'}]
2026-06-26 13:05:42,649 INFO utils.complier: analyse  formula:[]
2026-06-26 13:05:42,650 INFO utils.complier: analyse  formula:[]
2026-06-26 13:05:42,650 INFO utils.complier: analyse  formula:[{'type': 'VARIABLE', 'value': '{{L2C.perf_dnoc_rdreq}}'}]
2026-06-26 13:05:42,650 INFO utils.complier: analyse  formula:[]
2026-06-26 13:05:42,650 INFO utils.complier: analyse  formula:[]
2026-06-26 13:05:42,650 INFO utils.complier: analyse  formula:[{'type': 'PROC_VAR', 'value': '$RET'}]
2026-06-26 13:05:42,650 INFO utils.complier: analyse  formula:[]
2026-06-26 13:05:42,650 INFO utils.complier: analyse  formula:[{'type': 'VARIABLE', 'value': '{{L2C.perf_dnoc_rdreq}}'}]
2026-06-26 13:05:42,650 INFO utils.complier: analyse  formula:[]
2026-06-26 13:05:42,650 INFO utils.complier: analyse  formula:[]
2026-06-26 13:05:42,651 INFO utils.complier: analyse  formula:[{'type': 'VARIABLE', 'value': '{{L2C.perf_dnoc_wrreq}}'}]
2026-06-26 13:05:42,651 INFO utils.complier: analyse  formula:[]
2026-06-26 13:05:42,651 INFO utils.complier: analyse  formula:[]
2026-06-26 13:05:42,651 INFO utils.complier: analyse  formula:[{'type': 'PROC_VAR', 'value': '$RET'}]
2026-06-26 13:05:42,651 INFO utils.complier: analyse  formula:[]
2026-06-26 13:05:42,651 INFO utils.complier: analyse  formula:[{'type': 'VARIABLE', 'value': '{{L2C.perf_dnoc_wrreq}}'}]
2026-06-26 13:05:42,651 INFO utils.complier: analyse  formula:[]
2026-06-26 13:05:42,651 INFO utils.complier: analyse  formula:[]
2026-06-26 13:05:42,652 INFO utils.complier: analyse  formula:[{'type': 'VARIABLE', 'value': '{{L2C.perf_dnoc_rdreq_32B}}'}, {'type': 'VARIABLE', 'value': '{{L2C.perf_dnoc_rdreq_64B}}'}, {'type': 'VARIABLE', 'value': '{{L2C.perf_dnoc_rdreq_128B}}'}]
2026-06-26 13:05:42,652 INFO utils.complier: analyse  formula:[]
2026-06-26 13:05:42,652 INFO utils.complier: analyse  formula:[]
2026-06-26 13:05:42,652 INFO utils.complier: analyse  formula:[{'type': 'PROC_VAR', 'value': '$RET'}]
2026-06-26 13:05:42,652 INFO utils.complier: analyse  formula:[]
2026-06-26 13:05:42,653 INFO utils.complier: analyse  formula:[{'type': 'VARIABLE', 'value': '{{L2C.perf_dnoc_rdreq_32B}}'}, {'type': 'VARIABLE', 'value': '{{L2C.perf_dnoc_rdreq_64B}}'}, {'type': 'VARIABLE', 'value': '{{L2C.perf_dnoc_rdreq_128B}}'}]
2026-06-26 13:05:42,653 INFO utils.complier: analyse  formula:[]
2026-06-26 13:05:42,653 INFO utils.complier: analyse  formula:[]
2026-06-26 13:05:42,654 INFO utils.complier: analyse  formula:[{'type': 'VARIABLE', 'value': '{{L2C.perf_dnoc_wrreq_32B_low}}'}, {'type': 'VARIABLE', 'value': '{{L2C.perf_dnoc_wrreq_32B_high}}'}, {'type': 'VARIABLE', 'value': '{{L2C.perf_dnoc_wrreq_64B}}'}, {'type': 'VARIABLE', 'value': '{{L2C.perf_dnoc_wrreq_128B}}'}]
2026-06-26 13:05:42,654 INFO utils.complier: analyse  formula:[]
2026-06-26 13:05:42,654 INFO utils.complier: analyse  formula:[]
2026-06-26 13:05:42,654 INFO utils.complier: analyse  formula:[{'type': 'PROC_VAR', 'value': '$RET'}]
2026-06-26 13:05:42,655 INFO utils.complier: analyse  formula:[]
2026-06-26 13:05:42,655 INFO utils.complier: analyse  formula:[{'type': 'VARIABLE', 'value': '{{L2C.perf_dnoc_wrreq_32B_low}}'}, {'type': 'VARIABLE', 'value': '{{L2C.perf_dnoc_wrreq_32B_high}}'}, {'type': 'VARIABLE', 'value': '{{L2C.perf_dnoc_wrreq_64B}}'}, {'type': 'VARIABLE', 'value': '{{L2C.perf_dnoc_wrreq_128B}}'}]
2026-06-26 13:05:42,655 INFO utils.complier: analyse  formula:[]
2026-06-26 13:05:42,656 INFO utils.complier: analyse  formula:[]
2026-06-26 13:05:42,659 INFO utils.complier: analyse  formula:[]
2026-06-26 13:05:42,662 INFO utils.complier: analyse  formula:[]
2026-06-26 13:05:42,666 INFO utils.complier: analyse  formula:[{'type': 'PRE_VAR', 'value': '@vl1_hit_rate'}, {'type': 'PRE_VAR', 'value': '@l2c_hit_rate'}, {'type': 'PRE_VAR', 'value': '@sl1_hit_rate'}, {'type': 'PRE_VAR', 'value': '@global_insts_rd'}, {'type': 'PRE_VAR', 'value': '@global_insts_wr'}, {'type': 'PRE_VAR', 'value': '@private_insts_rd'}, {'type': 'PRE_VAR', 'value': '@private_insts_wr'}, {'type': 'PRE_VAR', 'value': '@generic_insts_rd'}, {'type': 'PRE_VAR', 'value': '@generic_insts_wr'}, {'type': 'PRE_VAR', 'value': '@ldu_insts_rd'}, {'type': 'PRE_VAR', 'value': '@bsm_insts_rd'}, {'type': 'PRE_VAR', 'value': '@bsm_insts_wr'}, {'type': 'PRE_VAR', 'value': '@vl1_insts_rd'}, {'type': 'PRE_VAR', 'value': '@vl1_insts_wr'}, {'type': 'PRE_VAR', 'value': '@sl1_rd'}, {'type': 'PRE_VAR', 'value': '@sl1_l2c_rd'}, {'type': 'PRE_VAR', 'value': '@l2c_insts_rd'}, {'type': 'PRE_VAR', 'value': '@l2c_insts_wr'}]
2026-06-26 13:05:42,680 INFO utils.complier: analyse  formula:[{'type': 'PROC_VAR', 'value': '$RET'}]
2026-06-26 13:05:42,684 INFO utils.complier: analyse  formula:[]
2026-06-26 13:05:42,687 INFO utils.complier: analyse  formula:[]
2026-06-26 13:05:42,690 INFO utils.complier: analyse  formula:[{'type': 'PRE_VAR', 'value': '@vl1_hit_rate'}, {'type': 'PRE_VAR', 'value': '@l2c_hit_rate'}, {'type': 'PRE_VAR', 'value': '@sl1_hit_rate'}, {'type': 'PRE_VAR', 'value': '@global_insts_rd'}, {'type': 'PRE_VAR', 'value': '@global_insts_wr'}, {'type': 'PRE_VAR', 'value': '@private_insts_rd'}, {'type': 'PRE_VAR', 'value': '@private_insts_wr'}, {'type': 'PRE_VAR', 'value': '@generic_insts_rd'}, {'type': 'PRE_VAR', 'value': '@generic_insts_wr'}, {'type': 'PRE_VAR', 'value': '@ldu_insts_rd'}, {'type': 'PRE_VAR', 'value': '@bsm_insts_rd'}, {'type': 'PRE_VAR', 'value': '@bsm_insts_wr'}, {'type': 'PRE_VAR', 'value': '@vl1_insts_rd'}, {'type': 'PRE_VAR', 'value': '@vl1_insts_wr'}, {'type': 'PRE_VAR', 'value': '@sl1_rd'}, {'type': 'PRE_VAR', 'value': '@sl1_l2c_rd'}, {'type': 'PRE_VAR', 'value': '@l2c_insts_rd'}, {'type': 'PRE_VAR', 'value': '@l2c_insts_wr'}]
2026-06-26 13:05:42,695 INFO utils.complier: analyse  formula:[]
2026-06-26 13:05:42,771 DEBUG matplotlib.font_manager: findfont: Matching sans\-serif:style=normal:variant=normal:weight=normal:stretch=normal:size=5.789999999999999.
2026-06-26 13:05:42,771 DEBUG matplotlib.font_manager: findfont: score(<Font 'STIXNonUnicode' (STIXNonUniIta.ttf) italic normal 400 normal>) = 11.05
2026-06-26 13:05:42,771 DEBUG matplotlib.font_manager: findfont: score(<Font 'DejaVu Serif' (DejaVuSerif.ttf) normal normal 400 normal>) = 10.05
2026-06-26 13:05:42,771 DEBUG matplotlib.font_manager: findfont: score(<Font 'STIXGeneral' (STIXGeneral.ttf) normal normal 400 normal>) = 10.05
2026-06-26 13:05:42,771 DEBUG matplotlib.font_manager: findfont: score(<Font 'STIXNonUnicode' (STIXNonUni.ttf) normal normal 400 normal>) = 10.05
2026-06-26 13:05:42,771 DEBUG matplotlib.font_manager: findfont: score(<Font 'cmsy10' (cmsy10.ttf) normal normal 400 normal>) = 10.05
2026-06-26 13:05:42,771 DEBUG matplotlib.font_manager: findfont: score(<Font 'DejaVu Serif' (DejaVuSerif-Italic.ttf) italic normal 400 normal>) = 11.05
2026-06-26 13:05:42,771 DEBUG matplotlib.font_manager: findfont: score(<Font 'STIXNonUnicode' (STIXNonUniBolIta.ttf) italic normal 700 normal>) = 11.335
2026-06-26 13:05:42,771 DEBUG matplotlib.font_manager: findfont: score(<Font 'STIXSizeFourSym' (STIXSizFourSymReg.ttf) normal normal 400 normal>) = 10.05
2026-06-26 13:05:42,771 DEBUG matplotlib.font_manager: findfont: score(<Font 'cmb10' (cmb10.ttf) normal normal 400 normal>) = 10.05
2026-06-26 13:05:42,771 DEBUG matplotlib.font_manager: findfont: score(<Font 'STIXGeneral' (STIXGeneralBol.ttf) normal normal 700 normal>) = 10.335
2026-06-26 13:05:42,771 DEBUG matplotlib.font_manager: findfont: score(<Font 'STIXSizeThreeSym' (STIXSizThreeSymReg.ttf) normal normal 400 normal>) = 10.05
2026-06-26 13:05:42,771 DEBUG matplotlib.font_manager: findfont: score(<Font 'cmex10' (cmex10.ttf) normal normal 400 normal>) = 10.05
2026-06-26 13:05:42,772 DEBUG matplotlib.font_manager: findfont: score(<Font 'STIXGeneral' (STIXGeneralItalic.ttf) italic normal 400 normal>) = 11.05
2026-06-26 13:05:42,772 DEBUG matplotlib.font_manager: findfont: score(<Font 'DejaVu Sans Mono' (DejaVuSansMono-Oblique.ttf) oblique normal 400 normal>) = 11.05
2026-06-26 13:05:42,772 DEBUG matplotlib.font_manager: findfont: score(<Font 'DejaVu Sans' (DejaVuSans.ttf) normal normal 400 normal>) = 0.05
2026-06-26 13:05:42,772 DEBUG matplotlib.font_manager: findfont: score(<Font 'DejaVu Sans' (DejaVuSans-BoldOblique.ttf) oblique normal 700 normal>) = 1.335
2026-06-26 13:05:42,772 DEBUG matplotlib.font_manager: findfont: score(<Font 'DejaVu Sans Display' (DejaVuSansDisplay.ttf) normal normal 400 normal>) = 10.05
2026-06-26 13:05:42,772 DEBUG matplotlib.font_manager: findfont: score(<Font 'DejaVu Serif' (DejaVuSerif-BoldItalic.ttf) italic normal 700 normal>) = 11.335
2026-06-26 13:05:42,772 DEBUG matplotlib.font_manager: findfont: score(<Font 'STIXSizeFourSym' (STIXSizFourSymBol.ttf) normal normal 700 normal>) = 10.335
2026-06-26 13:05:42,772 DEBUG matplotlib.font_manager: findfont: score(<Font 'STIXNonUnicode' (STIXNonUniBol.ttf) normal normal 700 normal>) = 10.335
2026-06-26 13:05:42,772 DEBUG matplotlib.font_manager: findfont: score(<Font 'DejaVu Sans Mono' (DejaVuSansMono-Bold.ttf) normal normal 700 normal>) = 10.335
2026-06-26 13:05:42,772 DEBUG matplotlib.font_manager: findfont: score(<Font 'cmss10' (cmss10.ttf) normal normal 400 normal>) = 10.05
2026-06-26 13:05:42,772 DEBUG matplotlib.font_manager: findfont: score(<Font 'STIXGeneral' (STIXGeneralBolIta.ttf) italic normal 700 normal>) = 11.335
2026-06-26 13:05:42,772 DEBUG matplotlib.font_manager: findfont: score(<Font 'DejaVu Sans Mono' (DejaVuSansMono.ttf) normal normal 400 normal>) = 10.05
2026-06-26 13:05:42,772 DEBUG matplotlib.font_manager: findfont: score(<Font 'DejaVu Serif Display' (DejaVuSerifDisplay.ttf) normal normal 400 normal>) = 10.05
2026-06-26 13:05:42,772 DEBUG matplotlib.font_manager: findfont: score(<Font 'STIXSizeOneSym' (STIXSizOneSymBol.ttf) normal normal 700 normal>) = 10.335
2026-06-26 13:05:42,772 DEBUG matplotlib.font_manager: findfont: score(<Font 'STIXSizeTwoSym' (STIXSizTwoSymBol.ttf) normal normal 700 normal>) = 10.335
2026-06-26 13:05:42,772 DEBUG matplotlib.font_manager: findfont: score(<Font 'STIXSizeOneSym' (STIXSizOneSymReg.ttf) normal normal 400 normal>) = 10.05
2026-06-26 13:05:42,772 DEBUG matplotlib.font_manager: findfont: score(<Font 'STIXSizeFiveSym' (STIXSizFiveSymReg.ttf) normal normal 400 normal>) = 10.05
2026-06-26 13:05:42,772 DEBUG matplotlib.font_manager: findfont: score(<Font 'DejaVu Sans' (DejaVuSans-Oblique.ttf) oblique normal 400 normal>) = 1.05
2026-06-26 13:05:42,772 DEBUG matplotlib.font_manager: findfont: score(<Font 'DejaVu Sans' (DejaVuSans-Bold.ttf) normal normal 700 normal>) = 0.33499999999999996
2026-06-26 13:05:42,772 DEBUG matplotlib.font_manager: findfont: score(<Font 'cmmi10' (cmmi10.ttf) normal normal 400 normal>) = 10.05
2026-06-26 13:05:42,772 DEBUG matplotlib.font_manager: findfont: score(<Font 'cmtt10' (cmtt10.ttf) normal normal 400 normal>) = 10.05
2026-06-26 13:05:42,772 DEBUG matplotlib.font_manager: findfont: score(<Font 'DejaVu Sans Mono' (DejaVuSansMono-BoldOblique.ttf) oblique normal 700 normal>) = 11.335
2026-06-26 13:05:42,772 DEBUG matplotlib.font_manager: findfont: score(<Font 'STIXSizeThreeSym' (STIXSizThreeSymBol.ttf) normal normal 700 normal>) = 10.335
2026-06-26 13:05:42,772 DEBUG matplotlib.font_manager: findfont: score(<Font 'cmr10' (cmr10.ttf) normal normal 400 normal>) = 10.05
2026-06-26 13:05:42,772 DEBUG matplotlib.font_manager: findfont: score(<Font 'STIXSizeTwoSym' (STIXSizTwoSymReg.ttf) normal normal 400 normal>) = 10.05
2026-06-26 13:05:42,772 DEBUG matplotlib.font_manager: findfont: score(<Font 'DejaVu Serif' (DejaVuSerif-Bold.ttf) normal normal 700 normal>) = 10.335
2026-06-26 13:05:42,772 DEBUG matplotlib.font_manager: findfont: score(<Font 'DejaVu Sans Mono' (DejaVuSansMono-Bold.ttf) normal normal 700 normal>) = 10.335
2026-06-26 13:05:42,772 DEBUG matplotlib.font_manager: findfont: score(<Font 'DejaVu Sans' (DejaVuSans.ttf) normal normal 400 normal>) = 0.05
2026-06-26 13:05:42,772 DEBUG matplotlib.font_manager: findfont: score(<Font 'DejaVu Serif' (DejaVuSerif-Bold.ttf) normal normal 700 normal>) = 10.335
2026-06-26 13:05:42,772 DEBUG matplotlib.font_manager: findfont: score(<Font 'DejaVu Sans' (DejaVuSans-Bold.ttf) normal normal 700 normal>) = 0.33499999999999996
2026-06-26 13:05:42,772 DEBUG matplotlib.font_manager: findfont: score(<Font 'DejaVu Sans Mono' (DejaVuSansMono.ttf) normal normal 400 normal>) = 10.05
2026-06-26 13:05:42,773 DEBUG matplotlib.font_manager: findfont: score(<Font 'DejaVu Serif' (DejaVuSerif.ttf) normal normal 400 normal>) = 10.05
2026-06-26 13:05:42,773 DEBUG matplotlib.font_manager: findfont: Matching sans\-serif:style=normal:variant=normal:weight=normal:stretch=normal:size=5.789999999999999 to DejaVu Sans ('/tmp/_MEIKX0DCh/matplotlib/mpl-data/fonts/ttf/DejaVuSans.ttf') with score of 0.050000.
2026-06-26 13:05:42,855 INFO utils.complier: analyse  formula:[{'type': 'VARIABLE', 'value': '{{L2C.perf_dnoc_rdreq_inflight_level}}'}, {'type': 'VARIABLE', 'value': '{{L2C.perf_dnoc_rdreq}}'}]
2026-06-26 13:05:42,855 INFO utils.complier: analyse  formula:[]
2026-06-26 13:05:42,855 INFO utils.complier: analyse  formula:[]
2026-06-26 13:05:42,855 INFO utils.complier: analyse  formula:[{'type': 'PROC_VAR', 'value': '$RET'}]
2026-06-26 13:05:42,856 INFO utils.complier: analyse  formula:[]
2026-06-26 13:05:42,856 INFO utils.complier: analyse  formula:[{'type': 'VARIABLE', 'value': '{{L2C.perf_dnoc_rdreq_inflight_level}}'}, {'type': 'VARIABLE', 'value': '{{L2C.perf_dnoc_rdreq}}'}]
2026-06-26 13:05:42,856 INFO utils.complier: analyse  formula:[]
2026-06-26 13:05:42,856 INFO utils.complier: analyse  formula:[]
2026-06-26 13:05:42,857 INFO utils.complier: analyse  formula:[{'type': 'VARIABLE', 'value': '{{L2C.perf_dnoc_rd_histogram_0_255}}'}, {'type': 'VARIABLE', 'value': '{{L2C.perf_dnoc_rd_histogram_256_511}}'}, {'type': 'VARIABLE', 'value': '{{L2C.perf_dnoc_rd_histogram_512_1K}}'}, {'type': 'VARIABLE', 'value': '{{L2C.perf_dnoc_rd_histogram_1K_2K}}'}, {'type': 'VARIABLE', 'value': '{{L2C.perf_dnoc_rd_histogram_2K_INF}}'}]
2026-06-26 13:05:42,857 INFO utils.complier: analyse  formula:[]
2026-06-26 13:05:42,858 INFO utils.complier: analyse  formula:[]
2026-06-26 13:05:42,858 INFO utils.complier: analyse  formula:[{'type': 'PROC_VAR', 'value': '$RET'}]
2026-06-26 13:05:42,859 INFO utils.complier: analyse  formula:[]
2026-06-26 13:05:42,859 INFO utils.complier: analyse  formula:[{'type': 'VARIABLE', 'value': '{{L2C.perf_dnoc_rd_histogram_0_255}}'}, {'type': 'VARIABLE', 'value': '{{L2C.perf_dnoc_rd_histogram_256_511}}'}, {'type': 'VARIABLE', 'value': '{{L2C.perf_dnoc_rd_histogram_512_1K}}'}, {'type': 'VARIABLE', 'value': '{{L2C.perf_dnoc_rd_histogram_1K_2K}}'}, {'type': 'VARIABLE', 'value': '{{L2C.perf_dnoc_rd_histogram_2K_INF}}'}]
2026-06-26 13:05:42,860 INFO utils.complier: analyse  formula:[]
2026-06-26 13:05:42,861 INFO utils.complier: analyse  formula:[]
2026-06-26 13:05:42,952 INFO utils.complier: analyse  formula:[{'type': 'VARIABLE', 'value': '{{VL1.p_stall_due_oldest_pt0}}'}, {'type': 'VARIABLE', 'value': '{{VL1.p_stall_due_oldest_pt1}}'}, {'type': 'VARIABLE', 'value': '{{VL1.p_stall_due_oldest_pt2}}'}, {'type': 'VARIABLE', 'value': '{{VL1.p_stall_due_oldest_pt3}}'}]
2026-06-26 13:05:42,952 INFO utils.complier: analyse  formula:[]
2026-06-26 13:05:42,953 INFO utils.complier: analyse  formula:[]
2026-06-26 13:05:42,954 INFO utils.complier: analyse  formula:[{'type': 'PROC_VAR', 'value': '$RET'}]
2026-06-26 13:05:42,954 INFO utils.complier: analyse  formula:[]
2026-06-26 13:05:42,955 INFO utils.complier: analyse  formula:[{'type': 'VARIABLE', 'value': '{{VL1.p_stall_due_oldest_pt0}}'}, {'type': 'VARIABLE', 'value': '{{VL1.p_stall_due_oldest_pt1}}'}, {'type': 'VARIABLE', 'value': '{{VL1.p_stall_due_oldest_pt2}}'}, {'type': 'VARIABLE', 'value': '{{VL1.p_stall_due_oldest_pt3}}'}]
2026-06-26 13:05:42,955 INFO utils.complier: analyse  formula:[]
2026-06-26 13:05:42,956 INFO utils.complier: analyse  formula:[]
2026-06-26 13:05:43,000 INFO utils.complier: analyse  formula:[{'type': 'VARIABLE', 'value': '{{ISU.AP_PERF_INST_BSM_RD}}'}]
2026-06-26 13:05:43,000 INFO utils.complier: analyse  formula:[]
2026-06-26 13:05:43,000 INFO utils.complier: analyse  formula:[]
2026-06-26 13:05:43,001 INFO utils.complier: analyse  formula:[{'type': 'PROC_VAR', 'value': '$RET'}]
2026-06-26 13:05:43,001 INFO utils.complier: analyse  formula:[]
2026-06-26 13:05:43,001 INFO utils.complier: analyse  formula:[{'type': 'VARIABLE', 'value': '{{ISU.AP_PERF_INST_BSM_RD}}'}]
2026-06-26 13:05:43,001 INFO utils.complier: analyse  formula:[]
2026-06-26 13:05:43,001 INFO utils.complier: analyse  formula:[]
2026-06-26 13:05:43,001 INFO utils.complier: analyse  formula:[{'type': 'VARIABLE', 'value': '{{ISU.AP_PERF_INST_BSM_WR}}'}]
2026-06-26 13:05:43,002 INFO utils.complier: analyse  formula:[]
2026-06-26 13:05:43,002 INFO utils.complier: analyse  formula:[]
2026-06-26 13:05:43,002 INFO utils.complier: analyse  formula:[{'type': 'PROC_VAR', 'value': '$RET'}]
2026-06-26 13:05:43,002 INFO utils.complier: analyse  formula:[]
2026-06-26 13:05:43,002 INFO utils.complier: analyse  formula:[{'type': 'VARIABLE', 'value': '{{ISU.AP_PERF_INST_BSM_WR}}'}]
2026-06-26 13:05:43,002 INFO utils.complier: analyse  formula:[]
2026-06-26 13:05:43,002 INFO utils.complier: analyse  formula:[]
2026-06-26 13:05:43,003 INFO utils.complier: analyse  formula:[{'type': 'VARIABLE', 'value': '{{ISU.AP_PERF_INST_BSM_ATOMIC}}'}]
2026-06-26 13:05:43,003 INFO utils.complier: analyse  formula:[]
2026-06-26 13:05:43,003 INFO utils.complier: analyse  formula:[]
2026-06-26 13:05:43,003 INFO utils.complier: analyse  formula:[{'type': 'PROC_VAR', 'value': '$RET'}]
2026-06-26 13:05:43,003 INFO utils.complier: analyse  formula:[]
2026-06-26 13:05:43,003 INFO utils.complier: analyse  formula:[{'type': 'VARIABLE', 'value': '{{ISU.AP_PERF_INST_BSM_ATOMIC}}'}]
2026-06-26 13:05:43,003 INFO utils.complier: analyse  formula:[]
2026-06-26 13:05:43,004 INFO utils.complier: analyse  formula:[]
2026-06-26 13:05:43,004 INFO utils.complier: analyse  formula:[{'type': 'VARIABLE', 'value': '{{ISU.AP_PERF_INSTS_BSM}}'}]
2026-06-26 13:05:43,004 INFO utils.complier: analyse  formula:[]
2026-06-26 13:05:43,004 INFO utils.complier: analyse  formula:[]
2026-06-26 13:05:43,004 INFO utils.complier: analyse  formula:[{'type': 'PROC_VAR', 'value': '$RET'}]
2026-06-26 13:05:43,004 INFO utils.complier: analyse  formula:[]
2026-06-26 13:05:43,004 INFO utils.complier: analyse  formula:[{'type': 'VARIABLE', 'value': '{{ISU.AP_PERF_INSTS_BSM}}'}]
2026-06-26 13:05:43,005 INFO utils.complier: analyse  formula:[]
2026-06-26 13:05:43,005 INFO utils.complier: analyse  formula:[]
2026-06-26 13:05:43,005 INFO utils.complier: analyse  formula:[{'type': 'VARIABLE', 'value': '{{ISU.AP_PERF_BSM_READ_INFLIGHT_LEVEL}}'}, {'type': 'VARIABLE', 'value': '{{ISU.AP_PERF_INST_BSM_RD}}'}, {'type': 'VARIABLE', 'value': '{{ISU.AP_PERF_INST_BSM_RD}}'}]
2026-06-26 13:05:43,005 INFO utils.complier: analyse  formula:[]
2026-06-26 13:05:43,005 INFO utils.complier: analyse  formula:[]
2026-06-26 13:05:43,006 INFO utils.complier: analyse  formula:[{'type': 'PROC_VAR', 'value': '$RET'}]
2026-06-26 13:05:43,006 INFO utils.complier: analyse  formula:[]
2026-06-26 13:05:43,006 INFO utils.complier: analyse  formula:[{'type': 'VARIABLE', 'value': '{{ISU.AP_PERF_BSM_READ_INFLIGHT_LEVEL}}'}, {'type': 'VARIABLE', 'value': '{{ISU.AP_PERF_INST_BSM_RD}}'}, {'type': 'VARIABLE', 'value': '{{ISU.AP_PERF_INST_BSM_RD}}'}]
2026-06-26 13:05:43,007 INFO utils.complier: analyse  formula:[]
2026-06-26 13:05:43,007 INFO utils.complier: analyse  formula:[]
2026-06-26 13:05:43,007 INFO utils.complier: analyse  formula:[{'type': 'VARIABLE', 'value': '{{ISU.AP_PERF_BSM_WR_INFLIGHT_LEVEL}}'}, {'type': 'VARIABLE', 'value': '{{ISU.AP_PERF_INST_BSM_WR}}'}, {'type': 'VARIABLE', 'value': '{{ISU.AP_PERF_INST_BSM_WR}}'}]
2026-06-26 13:05:43,007 INFO utils.complier: analyse  formula:[]
2026-06-26 13:05:43,007 INFO utils.complier: analyse  formula:[]
2026-06-26 13:05:43,008 INFO utils.complier: analyse  formula:[{'type': 'PROC_VAR', 'value': '$RET'}]
2026-06-26 13:05:43,008 INFO utils.complier: analyse  formula:[]
2026-06-26 13:05:43,008 INFO utils.complier: analyse  formula:[{'type': 'VARIABLE', 'value': '{{ISU.AP_PERF_BSM_WR_INFLIGHT_LEVEL}}'}, {'type': 'VARIABLE', 'value': '{{ISU.AP_PERF_INST_BSM_WR}}'}, {'type': 'VARIABLE', 'value': '{{ISU.AP_PERF_INST_BSM_WR}}'}]
2026-06-26 13:05:43,009 INFO utils.complier: analyse  formula:[]
2026-06-26 13:05:43,009 INFO utils.complier: analyse  formula:[]
2026-06-26 13:05:43,009 INFO utils.complier: analyse  formula:[{'type': 'VARIABLE', 'value': '{{ISU.AP_PERF_BSM_ATOMIC_INFLIGHT_LEVEL}}'}, {'type': 'VARIABLE', 'value': '{{ISU.AP_PERF_INST_BSM_ATOMIC}}'}, {'type': 'VARIABLE', 'value': '{{ISU.AP_PERF_INST_BSM_ATOMIC}}'}]
2026-06-26 13:05:43,010 INFO utils.complier: analyse  formula:[]
2026-06-26 13:05:43,010 INFO utils.complier: analyse  formula:[]
2026-06-26 13:05:43,010 INFO utils.complier: analyse  formula:[{'type': 'PROC_VAR', 'value': '$RET'}]
2026-06-26 13:05:43,010 INFO utils.complier: analyse  formula:[]
2026-06-26 13:05:43,011 INFO utils.complier: analyse  formula:[{'type': 'VARIABLE', 'value': '{{ISU.AP_PERF_BSM_ATOMIC_INFLIGHT_LEVEL}}'}, {'type': 'VARIABLE', 'value': '{{ISU.AP_PERF_INST_BSM_ATOMIC}}'}, {'type': 'VARIABLE', 'value': '{{ISU.AP_PERF_INST_BSM_ATOMIC}}'}]
2026-06-26 13:05:43,011 INFO utils.complier: analyse  formula:[]
2026-06-26 13:05:43,012 INFO utils.complier: analyse  formula:[]
2026-06-26 13:05:43,012 INFO utils.complier: analyse  formula:[{'type': 'VARIABLE', 'value': '{{ISU.AP_PERF_BSM_INFLIGHT_LEVEL_IN_AP}}'}, {'type': 'VARIABLE', 'value': '{{ISU.AP_PERF_BSM_INFLIGHT_LEVEL}}'}, {'type': 'VARIABLE', 'value': '{{ISU.AP_PERF_INSTS_BSM}}'}, {'type': 'VARIABLE', 'value': '{{ISU.AP_PERF_INSTS_BSM}}'}]
2026-06-26 13:05:43,012 INFO utils.complier: analyse  formula:[]
2026-06-26 13:05:43,012 INFO utils.complier: analyse  formula:[]
2026-06-26 13:05:43,013 INFO utils.complier: analyse  formula:[{'type': 'PROC_VAR', 'value': '$RET'}]
2026-06-26 13:05:43,013 INFO utils.complier: analyse  formula:[]
2026-06-26 13:05:43,013 INFO utils.complier: analyse  formula:[{'type': 'VARIABLE', 'value': '{{ISU.AP_PERF_BSM_INFLIGHT_LEVEL_IN_AP}}'}, {'type': 'VARIABLE', 'value': '{{ISU.AP_PERF_BSM_INFLIGHT_LEVEL}}'}, {'type': 'VARIABLE', 'value': '{{ISU.AP_PERF_INSTS_BSM}}'}, {'type': 'VARIABLE', 'value': '{{ISU.AP_PERF_INSTS_BSM}}'}]
2026-06-26 13:05:43,014 INFO utils.complier: analyse  formula:[]
2026-06-26 13:05:43,014 INFO utils.complier: analyse  formula:[]
2026-06-26 13:05:43,015 INFO utils.complier: analyse  formula:[{'type': 'VARIABLE', 'value': '{{ISU.AP_PERF_BSM_RD_CYCLES}}'}, {'type': 'VARIABLE', 'value': '{{ISU.AP_PERF_INST_BSM_RD}}'}, {'type': 'VARIABLE', 'value': '{{ISU.AP_PERF_INST_BSM_RD}}'}]
2026-06-26 13:05:43,015 INFO utils.complier: analyse  formula:[]
2026-06-26 13:05:43,015 INFO utils.complier: analyse  formula:[]
2026-06-26 13:05:43,015 INFO utils.complier: analyse  formula:[{'type': 'PROC_VAR', 'value': '$RET'}]
2026-06-26 13:05:43,016 INFO utils.complier: analyse  formula:[]
2026-06-26 13:05:43,016 INFO utils.complier: analyse  formula:[{'type': 'VARIABLE', 'value': '{{ISU.AP_PERF_BSM_RD_CYCLES}}'}, {'type': 'VARIABLE', 'value': '{{ISU.AP_PERF_INST_BSM_RD}}'}, {'type': 'VARIABLE', 'value': '{{ISU.AP_PERF_INST_BSM_RD}}'}]
2026-06-26 13:05:43,016 INFO utils.complier: analyse  formula:[]
2026-06-26 13:05:43,017 INFO utils.complier: analyse  formula:[]
2026-06-26 13:05:43,017 INFO utils.complier: analyse  formula:[{'type': 'VARIABLE', 'value': '{{ISU.AP_PERF_BSM_WR_CYCLES}}'}, {'type': 'VARIABLE', 'value': '{{ISU.AP_PERF_INST_BSM_WR}}'}, {'type': 'VARIABLE', 'value': '{{ISU.AP_PERF_INST_BSM_WR}}'}]
2026-06-26 13:05:43,017 INFO utils.complier: analyse  formula:[]
2026-06-26 13:05:43,017 INFO utils.complier: analyse  formula:[]
2026-06-26 13:05:43,019 INFO utils.complier: analyse  formula:[{'type': 'PROC_VAR', 'value': '$RET'}]
2026-06-26 13:05:43,019 INFO utils.complier: analyse  formula:[]
2026-06-26 13:05:43,019 INFO utils.complier: analyse  formula:[{'type': 'VARIABLE', 'value': '{{ISU.AP_PERF_BSM_WR_CYCLES}}'}, {'type': 'VARIABLE', 'value': '{{ISU.AP_PERF_INST_BSM_WR}}'}, {'type': 'VARIABLE', 'value': '{{ISU.AP_PERF_INST_BSM_WR}}'}]
2026-06-26 13:05:43,019 INFO utils.complier: analyse  formula:[]
2026-06-26 13:05:43,020 INFO utils.complier: analyse  formula:[]
2026-06-26 13:05:43,020 INFO utils.complier: analyse  formula:[{'type': 'VARIABLE', 'value': '{{ISU.AP_PERF_BSM_ATOMIC_CYCLES}}'}, {'type': 'VARIABLE', 'value': '{{ISU.AP_PERF_INST_BSM_ATOMIC}}'}, {'type': 'VARIABLE', 'value': '{{ISU.AP_PERF_INST_BSM_ATOMIC}}'}]
2026-06-26 13:05:43,020 INFO utils.complier: analyse  formula:[]
2026-06-26 13:05:43,020 INFO utils.complier: analyse  formula:[]
2026-06-26 13:05:43,021 INFO utils.complier: analyse  formula:[{'type': 'PROC_VAR', 'value': '$RET'}]
2026-06-26 13:05:43,021 INFO utils.complier: analyse  formula:[]
2026-06-26 13:05:43,021 INFO utils.complier: analyse  formula:[{'type': 'VARIABLE', 'value': '{{ISU.AP_PERF_BSM_ATOMIC_CYCLES}}'}, {'type': 'VARIABLE', 'value': '{{ISU.AP_PERF_INST_BSM_ATOMIC}}'}, {'type': 'VARIABLE', 'value': '{{ISU.AP_PERF_INST_BSM_ATOMIC}}'}]
2026-06-26 13:05:43,022 INFO utils.complier: analyse  formula:[]
2026-06-26 13:05:43,022 INFO utils.complier: analyse  formula:[]
2026-06-26 13:05:43,022 INFO utils.complier: analyse  formula:[{'type': 'VARIABLE', 'value': '{{ISU.AP_PERF_BSM_CONFLICT_CYCLES}}'}, {'type': 'VARIABLE', 'value': '{{ISU.AP_PERF_INSTS_BSM}}'}, {'type': 'VARIABLE', 'value': '{{ISU.AP_PERF_INSTS_BSM}}'}]
2026-06-26 13:05:43,023 INFO utils.complier: analyse  formula:[]
2026-06-26 13:05:43,023 INFO utils.complier: analyse  formula:[]
2026-06-26 13:05:43,023 INFO utils.complier: analyse  formula:[{'type': 'PROC_VAR', 'value': '$RET'}]
2026-06-26 13:05:43,024 INFO utils.complier: analyse  formula:[]
2026-06-26 13:05:43,024 INFO utils.complier: analyse  formula:[{'type': 'VARIABLE', 'value': '{{ISU.AP_PERF_BSM_CONFLICT_CYCLES}}'}, {'type': 'VARIABLE', 'value': '{{ISU.AP_PERF_INSTS_BSM}}'}, {'type': 'VARIABLE', 'value': '{{ISU.AP_PERF_INSTS_BSM}}'}]
2026-06-26 13:05:43,024 INFO utils.complier: analyse  formula:[]
2026-06-26 13:05:43,025 INFO utils.complier: analyse  formula:[]
2026-06-26 13:05:43,025 INFO utils.complier: analyse  formula:[{'type': 'VARIABLE', 'value': '{{ISU.AP_PERF_BSM_RD_CYCLES}}'}, {'type': 'VARIABLE', 'value': '{{ISU.AP_PERF_BSM_WR_CYCLES}}'}, {'type': 'VARIABLE', 'value': '{{ISU.AP_PERF_BSM_ATOMIC_CYCLES}}'}, {'type': 'VARIABLE', 'value': '{{ISU.AP_PERF_INSTS_BSM}}'}, {'type': 'VARIABLE', 'value': '{{ISU.AP_PERF_INSTS_BSM}}'}]
2026-06-26 13:05:43,025 INFO utils.complier: analyse  formula:[]
2026-06-26 13:05:43,025 INFO utils.complier: analyse  formula:[]
2026-06-26 13:05:43,099 INFO utils.complier: analyse  formula:[{'type': 'PROC_VAR', 'value': '$RET'}]
2026-06-26 13:05:43,099 INFO utils.complier: analyse  formula:[]
2026-06-26 13:05:43,099 INFO utils.complier: analyse  formula:[{'type': 'VARIABLE', 'value': '{{ISU.AP_PERF_BSM_RD_CYCLES}}'}, {'type': 'VARIABLE', 'value': '{{ISU.AP_PERF_BSM_WR_CYCLES}}'}, {'type': 'VARIABLE', 'value': '{{ISU.AP_PERF_BSM_ATOMIC_CYCLES}}'}, {'type': 'VARIABLE', 'value': '{{ISU.AP_PERF_INSTS_BSM}}'}, {'type': 'VARIABLE', 'value': '{{ISU.AP_PERF_INSTS_BSM}}'}]
2026-06-26 13:05:43,100 INFO utils.complier: analyse  formula:[]
2026-06-26 13:05:43,101 INFO utils.complier: analyse  formula:[]
2026-06-26 13:05:43,101 INFO utils.complier: analyse  formula:[{'type': 'VARIABLE', 'value': '{{ISU.AP_PERF_BSM_RD_CYCLES}}'}, {'type': 'VARIABLE', 'value': '{{ISU.AP_PERF_BSM_WR_CYCLES}}'}, {'type': 'VARIABLE', 'value': '{{ISU.AP_PERF_BSM_ATOMIC_CYCLES}}'}, {'type': 'VARIABLE', 'value': '{{ISU.AP_PERF_BSM_CONFLICT_CYCLES}}'}]
2026-06-26 13:05:43,101 INFO utils.complier: analyse  formula:[]
2026-06-26 13:05:43,102 INFO utils.complier: analyse  formula:[]
2026-06-26 13:05:43,103 INFO utils.complier: analyse  formula:[{'type': 'PROC_VAR', 'value': '$all_cycle'}, {'type': 'PROC_VAR', 'value': '$conflict_cycle'}, {'type': 'PROC_VAR', 'value': '$rate'}, {'type': 'PROC_VAR', 'value': '$all_cycle'}, {'type': 'PROC_VAR', 'value': '$conflict_cycle'}, {'type': 'PROC_VAR', 'value': '$all_cycle'}, {'type': 'PROC_VAR', 'value': '$all_cycle'}, {'type': 'PROC_VAR', 'value': '$RET'}, {'type': 'PROC_VAR', 'value': '$rate'}]
2026-06-26 13:05:43,104 INFO utils.complier: analyse  formula:[]
2026-06-26 13:05:43,105 INFO utils.complier: analyse  formula:[{'type': 'VARIABLE', 'value': '{{ISU.AP_PERF_BSM_RD_CYCLES}}'}, {'type': 'VARIABLE', 'value': '{{ISU.AP_PERF_BSM_WR_CYCLES}}'}, {'type': 'VARIABLE', 'value': '{{ISU.AP_PERF_BSM_ATOMIC_CYCLES}}'}, {'type': 'VARIABLE', 'value': '{{ISU.AP_PERF_BSM_CONFLICT_CYCLES}}'}]
2026-06-26 13:05:43,107 INFO utils.complier: analyse  formula:[]
2026-06-26 13:05:43,109 INFO utils.complier: analyse  formula:[]
2026-06-26 13:05:43,109 INFO utils.complier: analyse  formula:[{'type': 'VARIABLE', 'value': '{{ISU.AP_PERF_WAVES}}'}]
2026-06-26 13:05:43,109 INFO utils.complier: analyse  formula:[]
2026-06-26 13:05:43,109 INFO utils.complier: analyse  formula:[]
2026-06-26 13:05:43,109 INFO utils.complier: analyse  formula:[{'type': 'PROC_VAR', 'value': '$RET'}]
2026-06-26 13:05:43,109 INFO utils.complier: analyse  formula:[]
2026-06-26 13:05:43,109 INFO utils.complier: analyse  formula:[{'type': 'VARIABLE', 'value': '{{ISU.AP_PERF_WAVES}}'}]
2026-06-26 13:05:43,110 INFO utils.complier: analyse  formula:[]
2026-06-26 13:05:43,110 INFO utils.complier: analyse  formula:[]
2026-06-26 13:05:43,110 INFO utils.complier: analyse  formula:[{'type': 'VARIABLE', 'value': '{{RM.RM_PERF_DISPATCHED_WAVES_P0}}'}, {'type': 'VARIABLE', 'value': '{{RM.RM_PERF_DISPATCHED_WAVES_P1}}'}, {'type': 'VARIABLE', 'value': '{{RM.RM_PERF_DISPATCHED_WAVES_P2}}'}, {'type': 'VARIABLE', 'value': '{{RM.RM_PERF_DISPATCHED_WAVES_P3}}'}]
2026-06-26 13:05:43,110 INFO utils.complier: analyse  formula:[]
2026-06-26 13:05:43,110 INFO utils.complier: analyse  formula:[]
2026-06-26 13:05:43,110 INFO utils.complier: analyse  formula:[{'type': 'PROC_VAR', 'value': '$RET'}]
2026-06-26 13:05:43,111 INFO utils.complier: analyse  formula:[]
2026-06-26 13:05:43,111 INFO utils.complier: analyse  formula:[{'type': 'VARIABLE', 'value': '{{RM.RM_PERF_DISPATCHED_WAVES_P0}}'}, {'type': 'VARIABLE', 'value': '{{RM.RM_PERF_DISPATCHED_WAVES_P1}}'}, {'type': 'VARIABLE', 'value': '{{RM.RM_PERF_DISPATCHED_WAVES_P2}}'}, {'type': 'VARIABLE', 'value': '{{RM.RM_PERF_DISPATCHED_WAVES_P3}}'}]
2026-06-26 13:05:43,111 INFO utils.complier: analyse  formula:[]
2026-06-26 13:05:43,112 INFO utils.complier: analyse  formula:[]
2026-06-26 13:05:43,112 INFO utils.complier: analyse  formula:[{'type': 'VARIABLE', 'value': '{{ISU.AP_PERF_ISU_AP_BUSY}}'}]
2026-06-26 13:05:43,112 INFO utils.complier: analyse  formula:[]
2026-06-26 13:05:43,112 INFO utils.complier: analyse  formula:[]
2026-06-26 13:05:43,112 INFO utils.complier: analyse  formula:[{'type': 'PROC_VAR', 'value': '$RET'}]
2026-06-26 13:05:43,112 INFO utils.complier: analyse  formula:[]
2026-06-26 13:05:43,112 INFO utils.complier: analyse  formula:[{'type': 'VARIABLE', 'value': '{{ISU.AP_PERF_ISU_AP_BUSY}}'}]
2026-06-26 13:05:43,113 INFO utils.complier: analyse  formula:[]
2026-06-26 13:05:43,113 INFO utils.complier: analyse  formula:[]
2026-06-26 13:05:43,113 INFO utils.complier: analyse  formula:[{'type': 'VARIABLE', 'value': '{{ISU.AP_PERF_INST_TRANS_FP16}}'}, {'type': 'VARIABLE', 'value': '{{ISU.AP_PERF_INST_TRANS_FP32}}'}, {'type': 'VARIABLE', 'value': '{{ISU.AP_PERF_MTE_PI_SEG_SEL_F64}}'}, {'type': 'VARIABLE', 'value': '{{ISU.AP_PERF_INST_CYCLES_VALU_4CYCLES}}'}, {'type': 'VARIABLE', 'value': '{{ISU.AP_PERF_ISU_AP_BUSY}}'}]
2026-06-26 13:05:43,114 INFO utils.complier: analyse  formula:[]
2026-06-26 13:05:43,114 INFO utils.complier: analyse  formula:[]
2026-06-26 13:05:43,115 INFO utils.complier: analyse  formula:[{'type': 'PROC_VAR', 'value': '$ap_trans_real'}, {'type': 'PROC_VAR', 'value': '$ap_perf_inst_cycles_valu_real_16'}, {'type': 'PROC_VAR', 'value': '$ap_trans_real'}, {'type': 'PROC_VAR', 'value': '$ap_perf_inst_cycles_valu_real'}, {'type': 'PROC_VAR', 'value': '$ap_perf_inst_cycles_valu_real_16'}, {'type': 'PROC_VAR', 'value': '$RET'}, {'type': 'PROC_VAR', 'value': '$ap_perf_inst_cycles_valu_real'}]
2026-06-26 13:05:43,117 INFO utils.complier: analyse  formula:[]
2026-06-26 13:05:43,119 INFO utils.complier: analyse  formula:[{'type': 'VARIABLE', 'value': '{{ISU.AP_PERF_INST_TRANS_FP16}}'}, {'type': 'VARIABLE', 'value': '{{ISU.AP_PERF_INST_TRANS_FP32}}'}, {'type': 'VARIABLE', 'value': '{{ISU.AP_PERF_MTE_PI_SEG_SEL_F64}}'}, {'type': 'VARIABLE', 'value': '{{ISU.AP_PERF_INST_CYCLES_VALU_4CYCLES}}'}, {'type': 'VARIABLE', 'value': '{{ISU.AP_PERF_ISU_AP_BUSY}}'}]
2026-06-26 13:05:43,121 INFO utils.complier: analyse  formula:[]
2026-06-26 13:05:43,123 INFO utils.complier: analyse  formula:[]
2026-06-26 13:05:43,123 INFO utils.complier: analyse  formula:[{'type': 'VARIABLE', 'value': '{{ISU.AP_PERF_INSTS_SALU}}'}, {'type': 'VARIABLE', 'value': '{{ISU.AP_PERF_ISU_AP_BUSY}}'}]
2026-06-26 13:05:43,124 INFO utils.complier: analyse  formula:[]
2026-06-26 13:05:43,124 INFO utils.complier: analyse  formula:[]
2026-06-26 13:05:43,124 INFO utils.complier: analyse  formula:[{'type': 'PROC_VAR', 'value': '$RET'}]
2026-06-26 13:05:43,124 INFO utils.complier: analyse  formula:[]
2026-06-26 13:05:43,124 INFO utils.complier: analyse  formula:[{'type': 'VARIABLE', 'value': '{{ISU.AP_PERF_INSTS_SALU}}'}, {'type': 'VARIABLE', 'value': '{{ISU.AP_PERF_ISU_AP_BUSY}}'}]
2026-06-26 13:05:43,125 INFO utils.complier: analyse  formula:[]
2026-06-26 13:05:43,125 INFO utils.complier: analyse  formula:[]
2026-06-26 13:05:43,125 INFO utils.complier: analyse  formula:[{'type': 'VARIABLE', 'value': '{{ISU.AP_PERF_INST_CYCLES_MMA}}'}, {'type': 'VARIABLE', 'value': '{{ISU.AP_PERF_ISU_AP_BUSY}}'}]
2026-06-26 13:05:43,125 INFO utils.complier: analyse  formula:[]
2026-06-26 13:05:43,125 INFO utils.complier: analyse  formula:[]
2026-06-26 13:05:43,126 INFO utils.complier: analyse  formula:[{'type': 'PROC_VAR', 'value': '$RET'}]
2026-06-26 13:05:43,126 INFO utils.complier: analyse  formula:[]
2026-06-26 13:05:43,126 INFO utils.complier: analyse  formula:[{'type': 'VARIABLE', 'value': '{{ISU.AP_PERF_INST_CYCLES_MMA}}'}, {'type': 'VARIABLE', 'value': '{{ISU.AP_PERF_ISU_AP_BUSY}}'}]
2026-06-26 13:05:43,126 INFO utils.complier: analyse  formula:[]
2026-06-26 13:05:43,127 INFO utils.complier: analyse  formula:[]
2026-06-26 13:05:43,127 INFO utils.complier: analyse  formula:[{'type': 'VARIABLE', 'value': '{{VLS.PERFEVENT_VLS_ACTIVE}}'}, {'type': 'VARIABLE', 'value': '{{ISU.AP_PERF_ISU_AP_BUSY}}'}]
2026-06-26 13:05:43,127 INFO utils.complier: analyse  formula:[]
2026-06-26 13:05:43,127 INFO utils.complier: analyse  formula:[]
2026-06-26 13:05:43,127 INFO utils.complier: analyse  formula:[{'type': 'PROC_VAR', 'value': '$RET'}]
2026-06-26 13:05:43,128 INFO utils.complier: analyse  formula:[]
2026-06-26 13:05:43,128 INFO utils.complier: analyse  formula:[{'type': 'VARIABLE', 'value': '{{VLS.PERFEVENT_VLS_ACTIVE}}'}, {'type': 'VARIABLE', 'value': '{{ISU.AP_PERF_ISU_AP_BUSY}}'}]
2026-06-26 13:05:43,128 INFO utils.complier: analyse  formula:[]
2026-06-26 13:05:43,128 INFO utils.complier: analyse  formula:[]
2026-06-26 13:05:43,129 INFO utils.complier: analyse  formula:[{'type': 'VARIABLE', 'value': '{{L2C.perf_req}}'}, {'type': 'VARIABLE', 'value': '{{L2C.1_b1}}'}]
2026-06-26 13:05:43,129 INFO utils.complier: analyse  formula:[]
2026-06-26 13:05:43,129 INFO utils.complier: analyse  formula:[]
2026-06-26 13:05:43,129 INFO utils.complier: analyse  formula:[{'type': 'PROC_VAR', 'value': '$RET'}]
2026-06-26 13:05:43,129 INFO utils.complier: analyse  formula:[]
2026-06-26 13:05:43,129 INFO utils.complier: analyse  formula:[{'type': 'VARIABLE', 'value': '{{L2C.perf_req}}'}, {'type': 'VARIABLE', 'value': '{{L2C.1_b1}}'}]
2026-06-26 13:05:43,130 INFO utils.complier: analyse  formula:[]
2026-06-26 13:05:43,130 INFO utils.complier: analyse  formula:[]
2026-06-26 13:05:43,130 INFO utils.complier: analyse  formula:[{'type': 'VARIABLE', 'value': '{{ISU.AP_PERF_ISU_AP_BUSY}}'}]
2026-06-26 13:05:43,130 INFO utils.complier: analyse  formula:[]
2026-06-26 13:05:43,130 INFO utils.complier: analyse  formula:[{'type': 'PRE_VAR', 'value': '@total_instruction_num'}]
2026-06-26 13:05:43,131 INFO utils.complier: analyse  formula:[{'type': 'PROC_VAR', 'value': '$max_ap_cycle'}, {'type': 'PROC_VAR', 'value': '$RET'}, {'type': 'PROC_VAR', 'value': '$max_ap_cycle'}]
2026-06-26 13:05:43,131 INFO utils.complier: analyse  formula:[]
2026-06-26 13:05:43,131 INFO utils.complier: analyse  formula:[{'type': 'VARIABLE', 'value': '{{ISU.AP_PERF_ISU_AP_BUSY}}'}]
2026-06-26 13:05:43,132 INFO utils.complier: analyse  formula:[{'type': 'PRE_VAR', 'value': '@total_instruction_num'}]
2026-06-26 13:05:43,133 INFO utils.complier: analyse  formula:[]
2026-06-26 13:05:43,133 INFO utils.complier: analyse  formula:[{'type': 'VARIABLE_DICT', 'value': '{{{ISU.AP_PERF_INSTS_VALU}}}'}, {'type': 'VARIABLE', 'value': '{{ISU.AP_PERF_ISU_AP_BUSY}}'}]
2026-06-26 13:05:43,133 INFO utils.complier: analyse  formula:[]
2026-06-26 13:05:43,133 INFO utils.complier: analyse  formula:[{'type': 'PRE_VAR', 'value': '@total_instruction_num'}]
2026-06-26 13:05:43,134 INFO utils.complier: analyse  formula:[{'type': 'PROC_VAR', 'value': '$ap_num'}, {'type': 'PROC_VAR', 'value': '$max_ap_cycle'}, {'type': 'PROC_VAR', 'value': '$RET'}, {'type': 'PROC_VAR', 'value': '$max_ap_cycle'}, {'type': 'PROC_VAR', 'value': '$ap_num'}]
2026-06-26 13:05:43,135 INFO utils.complier: analyse  formula:[{'type': 'VARIABLE_DICT', 'value': '{{{ISU.AP_PERF_INSTS_VALU}}}'}]
2026-06-26 13:05:43,136 INFO utils.complier: analyse  formula:[{'type': 'VARIABLE', 'value': '{{ISU.AP_PERF_ISU_AP_BUSY}}'}]
2026-06-26 13:05:43,137 INFO utils.complier: analyse  formula:[{'type': 'PRE_VAR', 'value': '@total_instruction_num'}]
2026-06-26 13:05:43,138 INFO utils.complier: analyse  formula:[]
2026-06-26 13:05:43,138 INFO utils.complier: analyse  formula:[{'type': 'VARIABLE_DICT', 'value': '{{{ISU.AP_PERF_INSTS_VALU}}}'}, {'type': 'VARIABLE', 'value': '{{ISU.AP_PERF_ISU_AP_BUSY}}'}]
2026-06-26 13:05:43,138 INFO utils.complier: analyse  formula:[]
2026-06-26 13:05:43,139 INFO utils.complier: analyse  formula:[{'type': 'PRE_VAR', 'value': '@total_instruction_num'}]
2026-06-26 13:05:43,139 INFO utils.complier: analyse  formula:[{'type': 'PROC_VAR', 'value': '$ap_num'}, {'type': 'PROC_VAR', 'value': '$max_ap_cycle'}, {'type': 'PROC_VAR', 'value': '$RET'}, {'type': 'PROC_VAR', 'value': '$max_ap_cycle'}, {'type': 'PROC_VAR', 'value': '$ap_num'}]
2026-06-26 13:05:43,140 INFO utils.complier: analyse  formula:[{'type': 'VARIABLE_DICT', 'value': '{{{ISU.AP_PERF_INSTS_VALU}}}'}]
2026-06-26 13:05:43,141 INFO utils.complier: analyse  formula:[{'type': 'VARIABLE', 'value': '{{ISU.AP_PERF_ISU_AP_BUSY}}'}]
2026-06-26 13:05:43,142 INFO utils.complier: analyse  formula:[{'type': 'PRE_VAR', 'value': '@total_instruction_num'}]
2026-06-26 13:05:43,143 INFO utils.complier: analyse  formula:[]
2026-06-26 13:05:43,143 INFO utils.complier: analyse  formula:[{'type': 'VARIABLE', 'value': '{{ISU.AP_PERF_INSTS_VALU}}'}, {'type': 'VARIABLE', 'value': '{{ISU.AP_PERF_INSTS_MMA}}'}, {'type': 'VARIABLE', 'value': '{{ISU.AP_PERF_INSTS_SALU}}'}, {'type': 'VARIABLE', 'value': '{{ISU.AP_PERF_INSTS_GVM}}'}, {'type': 'VARIABLE', 'value': '{{ISU.AP_PERF_INSTS_BSM}}'}, {'type': 'VARIABLE', 'value': '{{ISU.AP_PERF_INSTS_LDU}}'}, {'type': 'VARIABLE', 'value': '{{ISU.AP_PERF_INST_MISC}}'}, {'type': 'VARIABLE', 'value': '{{ISU.AP_PERF_ISU_AP_BUSY}}'}]
2026-06-26 13:05:43,143 INFO utils.complier: analyse  formula:[]
2026-06-26 13:05:43,144 INFO utils.complier: analyse  formula:[]
2026-06-26 13:05:43,145 INFO utils.complier: analyse  formula:[{'type': 'PROC_VAR', 'value': '$RET'}, {'type': 'PROC_VAR', 'value': '$max_ap_cycle'}]
2026-06-26 13:05:43,146 INFO utils.complier: analyse  formula:[]
2026-06-26 13:05:43,146 INFO utils.complier: analyse  formula:[{'type': 'VARIABLE', 'value': '{{ISU.AP_PERF_INSTS_VALU}}'}, {'type': 'VARIABLE', 'value': '{{ISU.AP_PERF_INSTS_MMA}}'}, {'type': 'VARIABLE', 'value': '{{ISU.AP_PERF_INSTS_SALU}}'}, {'type': 'VARIABLE', 'value': '{{ISU.AP_PERF_INSTS_GVM}}'}, {'type': 'VARIABLE', 'value': '{{ISU.AP_PERF_INSTS_BSM}}'}, {'type': 'VARIABLE', 'value': '{{ISU.AP_PERF_INSTS_LDU}}'}, {'type': 'VARIABLE', 'value': '{{ISU.AP_PERF_INST_MISC}}'}, {'type': 'VARIABLE', 'value': '{{ISU.AP_PERF_ISU_AP_BUSY}}'}]
2026-06-26 13:05:43,147 INFO utils.complier: analyse  formula:[]
2026-06-26 13:05:43,148 INFO utils.complier: analyse  formula:[]
2026-06-26 13:05:43,149 INFO utils.complier: analyse  formula:[{'type': 'VARIABLE_DICT', 'value': '{{{ISU.AP_PERF_INSTS_VALU}}}'}, {'type': 'VARIABLE', 'value': '{{ISU.AP_PERF_INSTS_VALU}}'}, {'type': 'VARIABLE', 'value': '{{ISU.AP_PERF_INSTS_MMA}}'}, {'type': 'VARIABLE', 'value': '{{ISU.AP_PERF_INSTS_SALU}}'}, {'type': 'VARIABLE', 'value': '{{ISU.AP_PERF_INSTS_GVM}}'}, {'type': 'VARIABLE', 'value': '{{ISU.AP_PERF_INSTS_BSM}}'}, {'type': 'VARIABLE', 'value': '{{ISU.AP_PERF_INSTS_LDU}}'}, {'type': 'VARIABLE', 'value': '{{ISU.AP_PERF_INST_MISC}}'}, {'type': 'VARIABLE', 'value': '{{ISU.AP_PERF_ISU_AP_BUSY}}'}]
2026-06-26 13:05:43,149 INFO utils.complier: analyse  formula:[]
2026-06-26 13:05:43,150 INFO utils.complier: analyse  formula:[]
2026-06-26 13:05:43,151 INFO utils.complier: analyse  formula:[{'type': 'PROC_VAR', 'value': '$ap_num'}, {'type': 'PROC_VAR', 'value': '$Total_Num'}, {'type': 'PROC_VAR', 'value': '$max_ap_cycle'}, {'type': 'PROC_VAR', 'value': '$RET'}, {'type': 'PROC_VAR', 'value': '$Total_Num'}, {'type': 'PROC_VAR', 'value': '$ap_num'}]
2026-06-26 13:05:43,152 INFO utils.complier: analyse  formula:[{'type': 'VARIABLE_DICT', 'value': '{{{ISU.AP_PERF_INSTS_VALU}}}'}]
2026-06-26 13:05:43,154 INFO utils.complier: analyse  formula:[{'type': 'VARIABLE', 'value': '{{ISU.AP_PERF_INSTS_VALU}}'}, {'type': 'VARIABLE', 'value': '{{ISU.AP_PERF_INSTS_MMA}}'}, {'type': 'VARIABLE', 'value': '{{ISU.AP_PERF_INSTS_SALU}}'}, {'type': 'VARIABLE', 'value': '{{ISU.AP_PERF_INSTS_GVM}}'}, {'type': 'VARIABLE', 'value': '{{ISU.AP_PERF_INSTS_BSM}}'}, {'type': 'VARIABLE', 'value': '{{ISU.AP_PERF_INSTS_LDU}}'}, {'type': 'VARIABLE', 'value': '{{ISU.AP_PERF_INST_MISC}}'}, {'type': 'VARIABLE', 'value': '{{ISU.AP_PERF_ISU_AP_BUSY}}'}]
2026-06-26 13:05:43,155 INFO utils.complier: analyse  formula:[]
2026-06-26 13:05:43,157 INFO utils.complier: analyse  formula:[]
2026-06-26 13:05:43,160 INFO utils.complier: analyse  formula:[{'type': 'VARIABLE', 'value': '{{ISU.AP_PERF_INSTS_VALU}}'}, {'type': 'VARIABLE', 'value': '{{ISU.AP_PERF_INST_FMA_F32}}'}, {'type': 'VARIABLE', 'value': '{{ISU.AP_PERF_INST_FMA_F64}}'}, {'type': 'VARIABLE', 'value': '{{ISU.AP_PERF_INST_TRANS_FP16}}'}, {'type': 'VARIABLE', 'value': '{{ISU.AP_PERF_INST_TRANS_FP32}}'}, {'type': 'VARIABLE', 'value': '{{ISU.AP_PERF_MTE_PI_SEG_SEL_F64}}'}, {'type': 'VARIABLE', 'value': '{{ISU.AP_PERF_MTE_PI_SEG_SEL_F64}}'}, {'type': 'VARIABLE', 'value': '{{ISU.AP_PERF_INST_FMA_F32}}'}, {'type': 'VARIABLE', 'value': '{{ISU.AP_PERF_INST_FMA_F64}}'}, {'type': 'VARIABLE', 'value': '{{ISU.AP_PERF_INST_TRANS_FP16}}'}, {'type': 'VARIABLE', 'value': '{{ISU.AP_PERF_INST_TRANS_FP32}}'}, {'type': 'VARIABLE', 'value': '{{ISU.AP_PERF_INST_MMA_INT8}}'}, {'type': 'VARIABLE', 'value': '{{ISU.AP_PERF_INST_MMA_FP16}}'}, {'type': 'VARIABLE', 'value': '{{ISU.AP_PERF_INST_MMA_BF16}}'}, {'type': 'VARIABLE', 'value': '{{ISU.AP_PERF_INST_MMA_TF32}}'}, {'type': 'VARIABLE', 'value': '{{ISU.AP_PERF_INST_MMA_F32}}'}, {'type': 'VARIABLE', 'value': '{{ISU.AP_PERF_INST_MMA_F64}}'}, {'type': 'VARIABLE', 'value': '{{ISU.AP_PERF_INST_MMA_TF64}}'}, {'type': 'VARIABLE', 'value': '{{L2C.perf_dnoc_rdreq_32B}}'}, {'type': 'VARIABLE', 'value': '{{L2C.perf_dnoc_rdreq_64B}}'}, {'type': 'VARIABLE', 'value': '{{L2C.perf_dnoc_rdreq_128B}}'}, {'type': 'VARIABLE', 'value': '{{L2C.perf_dnoc_wrreq_32B_low}}'}, {'type': 'VARIABLE', 'value': '{{L2C.perf_dnoc_wrreq_32B_high}}'}, {'type': 'VARIABLE', 'value': '{{L2C.perf_dnoc_wrreq_64B}}'}, {'type': 'VARIABLE', 'value': '{{L2C.perf_dnoc_wrreq_128B}}'}, {'type': 'VARIABLE', 'value': '{{VL1.p_perf_thread_req_cnt}}'}, {'type': 'VARIABLE', 'value': '{{VL1.perf_inflt_rd_req}}'}, {'type': 'VARIABLE', 'value': '{{ISU.AP_PERF_ISU_AP_BUSY}}'}, {'type': 'VARIABLE_DICT', 'value': '{{{ISU.AP_PERF_ISU_AP_BUSY}}}'}]
2026-06-26 13:05:43,162 INFO utils.complier: analyse  formula:[]
2026-06-26 13:05:43,165 INFO utils.complier: analyse  formula:[]
2026-06-26 13:05:43,171 INFO utils.complier: analyse  formula:[{'type': 'PROC_VAR', 'value': '$valu_inst_all'}, {'type': 'PROC_VAR', 'value': '$valu_64'}, {'type': 'PROC_VAR', 'value': '$valu_inst_all'}, {'type': 'PROC_VAR', 'value': '$fma_128'}, {'type': 'PROC_VAR', 'value': '$trans_16'}, {'type': 'PROC_VAR', 'value': '$mma_4k'}, {'type': 'PROC_VAR', 'value': '$mma_2k'}, {'type': 'PROC_VAR', 'value': '$mma_1k'}, {'type': 'PROC_VAR', 'value': '$mma_256'}, {'type': 'PROC_VAR', 'value': '$all_ops'}, {'type': 'PROC_VAR', 'value': '$fma_128'}, {'type': 'PROC_VAR', 'value': '$trans_16'}, {'type': 'PROC_VAR', 'value': '$mma_4k'}, {'type': 'PROC_VAR', 'value': '$mma_2k'}, {'type': 'PROC_VAR', 'value': '$mma_1k'}, {'type': 'PROC_VAR', 'value': '$mma_256'}, {'type': 'PROC_VAR', 'value': '$valu_64'}, {'type': 'PROC_VAR', 'value': '$all_memacs'}, {'type': 'PROC_VAR', 'value': '$vl1_memacs'}, {'type': 'PROC_VAR', 'value': '$l2c_memacs'}, {'type': 'PROC_VAR', 'value': '$during'}, {'type': 'PROC_VAR', 'value': '$ap_num'}, {'type': 'PROC_VAR', 'value': '$RET'}, {'type': 'PROC_VAR', 'value': '$all_ops'}, {'type': 'PROC_VAR', 'value': '$all_memacs'}, {'type': 'PROC_VAR', 'value': '$during'}, {'type': 'PROC_VAR', 'value': '$ap_num'}, {'type': 'PROC_VAR', 'value': '$vl1_memacs'}, {'type': 'PROC_VAR', 'value': '$l2c_memacs'}]
2026-06-26 13:05:43,176 INFO utils.complier: analyse  formula:[{'type': 'VARIABLE_DICT', 'value': '{{{ISU.AP_PERF_ISU_AP_BUSY}}}'}]
2026-06-26 13:05:43,182 INFO utils.complier: analyse  formula:[{'type': 'VARIABLE', 'value': '{{ISU.AP_PERF_INSTS_VALU}}'}, {'type': 'VARIABLE', 'value': '{{ISU.AP_PERF_INST_FMA_F32}}'}, {'type': 'VARIABLE', 'value': '{{ISU.AP_PERF_INST_FMA_F64}}'}, {'type': 'VARIABLE', 'value': '{{ISU.AP_PERF_INST_TRANS_FP16}}'}, {'type': 'VARIABLE', 'value': '{{ISU.AP_PERF_INST_TRANS_FP32}}'}, {'type': 'VARIABLE', 'value': '{{ISU.AP_PERF_MTE_PI_SEG_SEL_F64}}'}, {'type': 'VARIABLE', 'value': '{{ISU.AP_PERF_MTE_PI_SEG_SEL_F64}}'}, {'type': 'VARIABLE', 'value': '{{ISU.AP_PERF_INST_FMA_F32}}'}, {'type': 'VARIABLE', 'value': '{{ISU.AP_PERF_INST_FMA_F64}}'}, {'type': 'VARIABLE', 'value': '{{ISU.AP_PERF_INST_TRANS_FP16}}'}, {'type': 'VARIABLE', 'value': '{{ISU.AP_PERF_INST_TRANS_FP32}}'}, {'type': 'VARIABLE', 'value': '{{ISU.AP_PERF_INST_MMA_INT8}}'}, {'type': 'VARIABLE', 'value': '{{ISU.AP_PERF_INST_MMA_FP16}}'}, {'type': 'VARIABLE', 'value': '{{ISU.AP_PERF_INST_MMA_BF16}}'}, {'type': 'VARIABLE', 'value': '{{ISU.AP_PERF_INST_MMA_TF32}}'}, {'type': 'VARIABLE', 'value': '{{ISU.AP_PERF_INST_MMA_F32}}'}, {'type': 'VARIABLE', 'value': '{{ISU.AP_PERF_INST_MMA_F64}}'}, {'type': 'VARIABLE', 'value': '{{ISU.AP_PERF_INST_MMA_TF64}}'}, {'type': 'VARIABLE', 'value': '{{L2C.perf_dnoc_rdreq_32B}}'}, {'type': 'VARIABLE', 'value': '{{L2C.perf_dnoc_rdreq_64B}}'}, {'type': 'VARIABLE', 'value': '{{L2C.perf_dnoc_rdreq_128B}}'}, {'type': 'VARIABLE', 'value': '{{L2C.perf_dnoc_wrreq_32B_low}}'}, {'type': 'VARIABLE', 'value': '{{L2C.perf_dnoc_wrreq_32B_high}}'}, {'type': 'VARIABLE', 'value': '{{L2C.perf_dnoc_wrreq_64B}}'}, {'type': 'VARIABLE', 'value': '{{L2C.perf_dnoc_wrreq_128B}}'}, {'type': 'VARIABLE', 'value': '{{VL1.p_perf_thread_req_cnt}}'}, {'type': 'VARIABLE', 'value': '{{VL1.perf_inflt_rd_req}}'}, {'type': 'VARIABLE', 'value': '{{ISU.AP_PERF_ISU_AP_BUSY}}'}]
2026-06-26 13:05:43,190 INFO utils.complier: analyse  formula:[]
2026-06-26 13:05:43,197 INFO utils.complier: analyse  formula:[]
2026-06-26 13:05:43,237 DEBUG matplotlib.ticker: vmin 1e-05 vmax 13487.104010777435
2026-06-26 13:05:43,237 DEBUG matplotlib.ticker: ticklocs array([], dtype=float64)
2026-06-26 13:05:43,239 DEBUG matplotlib.font_manager: findfont: Matching STIXGeneral:style=normal:variant=normal:weight=normal:stretch=normal:size=10.0.
2026-06-26 13:05:43,239 DEBUG matplotlib.font_manager: findfont: score(<Font 'STIXNonUnicode' (STIXNonUniIta.ttf) italic normal 400 normal>) = 11.05
2026-06-26 13:05:43,239 DEBUG matplotlib.font_manager: findfont: score(<Font 'DejaVu Serif' (DejaVuSerif.ttf) normal normal 400 normal>) = 10.05
2026-06-26 13:05:43,239 DEBUG matplotlib.font_manager: findfont: score(<Font 'STIXGeneral' (STIXGeneral.ttf) normal normal 400 normal>) = 0.05
2026-06-26 13:05:43,239 DEBUG matplotlib.font_manager: findfont: score(<Font 'STIXNonUnicode' (STIXNonUni.ttf) normal normal 400 normal>) = 10.05
2026-06-26 13:05:43,239 DEBUG matplotlib.font_manager: findfont: score(<Font 'cmsy10' (cmsy10.ttf) normal normal 400 normal>) = 10.05
2026-06-26 13:05:43,239 DEBUG matplotlib.font_manager: findfont: score(<Font 'DejaVu Serif' (DejaVuSerif-Italic.ttf) italic normal 400 normal>) = 11.05
2026-06-26 13:05:43,239 DEBUG matplotlib.font_manager: findfont: score(<Font 'STIXNonUnicode' (STIXNonUniBolIta.ttf) italic normal 700 normal>) = 11.335
2026-06-26 13:05:43,239 DEBUG matplotlib.font_manager: findfont: score(<Font 'STIXSizeFourSym' (STIXSizFourSymReg.ttf) normal normal 400 normal>) = 10.05
2026-06-26 13:05:43,239 DEBUG matplotlib.font_manager: findfont: score(<Font 'cmb10' (cmb10.ttf) normal normal 400 normal>) = 10.05
2026-06-26 13:05:43,239 DEBUG matplotlib.font_manager: findfont: score(<Font 'STIXGeneral' (STIXGeneralBol.ttf) normal normal 700 normal>) = 0.33499999999999996
2026-06-26 13:05:43,239 DEBUG matplotlib.font_manager: findfont: score(<Font 'STIXSizeThreeSym' (STIXSizThreeSymReg.ttf) normal normal 400 normal>) = 10.05
2026-06-26 13:05:43,239 DEBUG matplotlib.font_manager: findfont: score(<Font 'cmex10' (cmex10.ttf) normal normal 400 normal>) = 10.05
2026-06-26 13:05:43,239 DEBUG matplotlib.font_manager: findfont: score(<Font 'STIXGeneral' (STIXGeneralItalic.ttf) italic normal 400 normal>) = 1.05
2026-06-26 13:05:43,239 DEBUG matplotlib.font_manager: findfont: score(<Font 'DejaVu Sans Mono' (DejaVuSansMono-Oblique.ttf) oblique normal 400 normal>) = 11.05
2026-06-26 13:05:43,239 DEBUG matplotlib.font_manager: findfont: score(<Font 'DejaVu Sans' (DejaVuSans.ttf) normal normal 400 normal>) = 10.05
2026-06-26 13:05:43,239 DEBUG matplotlib.font_manager: findfont: score(<Font 'DejaVu Sans' (DejaVuSans-BoldOblique.ttf) oblique normal 700 normal>) = 11.335
2026-06-26 13:05:43,239 DEBUG matplotlib.font_manager: findfont: score(<Font 'DejaVu Sans Display' (DejaVuSansDisplay.ttf) normal normal 400 normal>) = 10.05
2026-06-26 13:05:43,239 DEBUG matplotlib.font_manager: findfont: score(<Font 'DejaVu Serif' (DejaVuSerif-BoldItalic.ttf) italic normal 700 normal>) = 11.335
2026-06-26 13:05:43,240 DEBUG matplotlib.font_manager: findfont: score(<Font 'STIXSizeFourSym' (STIXSizFourSymBol.ttf) normal normal 700 normal>) = 10.335
2026-06-26 13:05:43,240 DEBUG matplotlib.font_manager: findfont: score(<Font 'STIXNonUnicode' (STIXNonUniBol.ttf) normal normal 700 normal>) = 10.335
2026-06-26 13:05:43,240 DEBUG matplotlib.font_manager: findfont: score(<Font 'DejaVu Sans Mono' (DejaVuSansMono-Bold.ttf) normal normal 700 normal>) = 10.335
2026-06-26 13:05:43,240 DEBUG matplotlib.font_manager: findfont: score(<Font 'cmss10' (cmss10.ttf) normal normal 400 normal>) = 10.05
2026-06-26 13:05:43,240 DEBUG matplotlib.font_manager: findfont: score(<Font 'STIXGeneral' (STIXGeneralBolIta.ttf) italic normal 700 normal>) = 1.335
2026-06-26 13:05:43,240 DEBUG matplotlib.font_manager: findfont: score(<Font 'DejaVu Sans Mono' (DejaVuSansMono.ttf) normal normal 400 normal>) = 10.05
2026-06-26 13:05:43,240 DEBUG matplotlib.font_manager: findfont: score(<Font 'DejaVu Serif Display' (DejaVuSerifDisplay.ttf) normal normal 400 normal>) = 10.05
2026-06-26 13:05:43,240 DEBUG matplotlib.font_manager: findfont: score(<Font 'STIXSizeOneSym' (STIXSizOneSymBol.ttf) normal normal 700 normal>) = 10.335
2026-06-26 13:05:43,240 DEBUG matplotlib.font_manager: findfont: score(<Font 'STIXSizeTwoSym' (STIXSizTwoSymBol.ttf) normal normal 700 normal>) = 10.335
2026-06-26 13:05:43,240 DEBUG matplotlib.font_manager: findfont: score(<Font 'STIXSizeOneSym' (STIXSizOneSymReg.ttf) normal normal 400 normal>) = 10.05
2026-06-26 13:05:43,240 DEBUG matplotlib.font_manager: findfont: score(<Font 'STIXSizeFiveSym' (STIXSizFiveSymReg.ttf) normal normal 400 normal>) = 10.05
2026-06-26 13:05:43,240 DEBUG matplotlib.font_manager: findfont: score(<Font 'DejaVu Sans' (DejaVuSans-Oblique.ttf) oblique normal 400 normal>) = 11.05
2026-06-26 13:05:43,240 DEBUG matplotlib.font_manager: findfont: score(<Font 'DejaVu Sans' (DejaVuSans-Bold.ttf) normal normal 700 normal>) = 10.335
2026-06-26 13:05:43,240 DEBUG matplotlib.font_manager: findfont: score(<Font 'cmmi10' (cmmi10.ttf) normal normal 400 normal>) = 10.05
2026-06-26 13:05:43,240 DEBUG matplotlib.font_manager: findfont: score(<Font 'cmtt10' (cmtt10.ttf) normal normal 400 normal>) = 10.05
2026-06-26 13:05:43,240 DEBUG matplotlib.font_manager: findfont: score(<Font 'DejaVu Sans Mono' (DejaVuSansMono-BoldOblique.ttf) oblique normal 700 normal>) = 11.335
2026-06-26 13:05:43,240 DEBUG matplotlib.font_manager: findfont: score(<Font 'STIXSizeThreeSym' (STIXSizThreeSymBol.ttf) normal normal 700 normal>) = 10.335
2026-06-26 13:05:43,240 DEBUG matplotlib.font_manager: findfont: score(<Font 'cmr10' (cmr10.ttf) normal normal 400 normal>) = 10.05
2026-06-26 13:05:43,240 DEBUG matplotlib.font_manager: findfont: score(<Font 'STIXSizeTwoSym' (STIXSizTwoSymReg.ttf) normal normal 400 normal>) = 10.05
2026-06-26 13:05:43,240 DEBUG matplotlib.font_manager: findfont: score(<Font 'DejaVu Serif' (DejaVuSerif-Bold.ttf) normal normal 700 normal>) = 10.335
2026-06-26 13:05:43,240 DEBUG matplotlib.font_manager: findfont: score(<Font 'DejaVu Sans Mono' (DejaVuSansMono-Bold.ttf) normal normal 700 normal>) = 10.335
2026-06-26 13:05:43,240 DEBUG matplotlib.font_manager: findfont: score(<Font 'DejaVu Sans' (DejaVuSans.ttf) normal normal 400 normal>) = 10.05
2026-06-26 13:05:43,240 DEBUG matplotlib.font_manager: findfont: score(<Font 'DejaVu Serif' (DejaVuSerif-Bold.ttf) normal normal 700 normal>) = 10.335
2026-06-26 13:05:43,240 DEBUG matplotlib.font_manager: findfont: score(<Font 'DejaVu Sans' (DejaVuSans-Bold.ttf) normal normal 700 normal>) = 10.335
2026-06-26 13:05:43,240 DEBUG matplotlib.font_manager: findfont: score(<Font 'DejaVu Sans Mono' (DejaVuSansMono.ttf) normal normal 400 normal>) = 10.05
2026-06-26 13:05:43,240 DEBUG matplotlib.font_manager: findfont: score(<Font 'DejaVu Serif' (DejaVuSerif.ttf) normal normal 400 normal>) = 10.05
2026-06-26 13:05:43,240 DEBUG matplotlib.font_manager: findfont: Matching STIXGeneral:style=normal:variant=normal:weight=normal:stretch=normal:size=10.0 to STIXGeneral ('/tmp/_MEIKX0DCh/matplotlib/mpl-data/fonts/ttf/STIXGeneral.ttf') with score of 0.050000.
2026-06-26 13:05:43,241 DEBUG matplotlib.font_manager: findfont: Matching STIXGeneral:style=italic:variant=normal:weight=normal:stretch=normal:size=10.0.
2026-06-26 13:05:43,241 DEBUG matplotlib.font_manager: findfont: score(<Font 'STIXNonUnicode' (STIXNonUniIta.ttf) italic normal 400 normal>) = 10.05
2026-06-26 13:05:43,241 DEBUG matplotlib.font_manager: findfont: score(<Font 'DejaVu Serif' (DejaVuSerif.ttf) normal normal 400 normal>) = 11.05
2026-06-26 13:05:43,241 DEBUG matplotlib.font_manager: findfont: score(<Font 'STIXGeneral' (STIXGeneral.ttf) normal normal 400 normal>) = 1.05
2026-06-26 13:05:43,241 DEBUG matplotlib.font_manager: findfont: score(<Font 'STIXNonUnicode' (STIXNonUni.ttf) normal normal 400 normal>) = 11.05
2026-06-26 13:05:43,241 DEBUG matplotlib.font_manager: findfont: score(<Font 'cmsy10' (cmsy10.ttf) normal normal 400 normal>) = 11.05
2026-06-26 13:05:43,241 DEBUG matplotlib.font_manager: findfont: score(<Font 'DejaVu Serif' (DejaVuSerif-Italic.ttf) italic normal 400 normal>) = 10.05
2026-06-26 13:05:43,241 DEBUG matplotlib.font_manager: findfont: score(<Font 'STIXNonUnicode' (STIXNonUniBolIta.ttf) italic normal 700 normal>) = 10.335
2026-06-26 13:05:43,241 DEBUG matplotlib.font_manager: findfont: score(<Font 'STIXSizeFourSym' (STIXSizFourSymReg.ttf) normal normal 400 normal>) = 11.05
2026-06-26 13:05:43,241 DEBUG matplotlib.font_manager: findfont: score(<Font 'cmb10' (cmb10.ttf) normal normal 400 normal>) = 11.05
2026-06-26 13:05:43,241 DEBUG matplotlib.font_manager: findfont: score(<Font 'STIXGeneral' (STIXGeneralBol.ttf) normal normal 700 normal>) = 1.335
2026-06-26 13:05:43,241 DEBUG matplotlib.font_manager: findfont: score(<Font 'STIXSizeThreeSym' (STIXSizThreeSymReg.ttf) normal normal 400 normal>) = 11.05
2026-06-26 13:05:43,241 DEBUG matplotlib.font_manager: findfont: score(<Font 'cmex10' (cmex10.ttf) normal normal 400 normal>) = 11.05
2026-06-26 13:05:43,241 DEBUG matplotlib.font_manager: findfont: score(<Font 'STIXGeneral' (STIXGeneralItalic.ttf) italic normal 400 normal>) = 0.05
2026-06-26 13:05:43,241 DEBUG matplotlib.font_manager: findfont: score(<Font 'DejaVu Sans Mono' (DejaVuSansMono-Oblique.ttf) oblique normal 400 normal>) = 10.15
2026-06-26 13:05:43,241 DEBUG matplotlib.font_manager: findfont: score(<Font 'DejaVu Sans' (DejaVuSans.ttf) normal normal 400 normal>) = 11.05
2026-06-26 13:05:43,241 DEBUG matplotlib.font_manager: findfont: score(<Font 'DejaVu Sans' (DejaVuSans-BoldOblique.ttf) oblique normal 700 normal>) = 10.434999999999999
2026-06-26 13:05:43,241 DEBUG matplotlib.font_manager: findfont: score(<Font 'DejaVu Sans Display' (DejaVuSansDisplay.ttf) normal normal 400 normal>) = 11.05
2026-06-26 13:05:43,241 DEBUG matplotlib.font_manager: findfont: score(<Font 'DejaVu Serif' (DejaVuSerif-BoldItalic.ttf) italic normal 700 normal>) = 10.335
2026-06-26 13:05:43,241 DEBUG matplotlib.font_manager: findfont: score(<Font 'STIXSizeFourSym' (STIXSizFourSymBol.ttf) normal normal 700 normal>) = 11.335
2026-06-26 13:05:43,241 DEBUG matplotlib.font_manager: findfont: score(<Font 'STIXNonUnicode' (STIXNonUniBol.ttf) normal normal 700 normal>) = 11.335
2026-06-26 13:05:43,241 DEBUG matplotlib.font_manager: findfont: score(<Font 'DejaVu Sans Mono' (DejaVuSansMono-Bold.ttf) normal normal 700 normal>) = 11.335
2026-06-26 13:05:43,241 DEBUG matplotlib.font_manager: findfont: score(<Font 'cmss10' (cmss10.ttf) normal normal 400 normal>) = 11.05
2026-06-26 13:05:43,241 DEBUG matplotlib.font_manager: findfont: score(<Font 'STIXGeneral' (STIXGeneralBolIta.ttf) italic normal 700 normal>) = 0.33499999999999996
2026-06-26 13:05:43,241 DEBUG matplotlib.font_manager: findfont: score(<Font 'DejaVu Sans Mono' (DejaVuSansMono.ttf) normal normal 400 normal>) = 11.05
2026-06-26 13:05:43,241 DEBUG matplotlib.font_manager: findfont: score(<Font 'DejaVu Serif Display' (DejaVuSerifDisplay.ttf) normal normal 400 normal>) = 11.05
2026-06-26 13:05:43,241 DEBUG matplotlib.font_manager: findfont: score(<Font 'STIXSizeOneSym' (STIXSizOneSymBol.ttf) normal normal 700 normal>) = 11.335
2026-06-26 13:05:43,242 DEBUG matplotlib.font_manager: findfont: score(<Font 'STIXSizeTwoSym' (STIXSizTwoSymBol.ttf) normal normal 700 normal>) = 11.335
2026-06-26 13:05:43,242 DEBUG matplotlib.font_manager: findfont: score(<Font 'STIXSizeOneSym' (STIXSizOneSymReg.ttf) normal normal 400 normal>) = 11.05
2026-06-26 13:05:43,242 DEBUG matplotlib.font_manager: findfont: score(<Font 'STIXSizeFiveSym' (STIXSizFiveSymReg.ttf) normal normal 400 normal>) = 11.05
2026-06-26 13:05:43,242 DEBUG matplotlib.font_manager: findfont: score(<Font 'DejaVu Sans' (DejaVuSans-Oblique.ttf) oblique normal 400 normal>) = 10.15
2026-06-26 13:05:43,242 DEBUG matplotlib.font_manager: findfont: score(<Font 'DejaVu Sans' (DejaVuSans-Bold.ttf) normal normal 700 normal>) = 11.335
2026-06-26 13:05:43,242 DEBUG matplotlib.font_manager: findfont: score(<Font 'cmmi10' (cmmi10.ttf) normal normal 400 normal>) = 11.05
2026-06-26 13:05:43,242 DEBUG matplotlib.font_manager: findfont: score(<Font 'cmtt10' (cmtt10.ttf) normal normal 400 normal>) = 11.05
2026-06-26 13:05:43,242 DEBUG matplotlib.font_manager: findfont: score(<Font 'DejaVu Sans Mono' (DejaVuSansMono-BoldOblique.ttf) oblique normal 700 normal>) = 10.434999999999999
2026-06-26 13:05:43,242 DEBUG matplotlib.font_manager: findfont: score(<Font 'STIXSizeThreeSym' (STIXSizThreeSymBol.ttf) normal normal 700 normal>) = 11.335
2026-06-26 13:05:43,242 DEBUG matplotlib.font_manager: findfont: score(<Font 'cmr10' (cmr10.ttf) normal normal 400 normal>) = 11.05
2026-06-26 13:05:43,242 DEBUG matplotlib.font_manager: findfont: score(<Font 'STIXSizeTwoSym' (STIXSizTwoSymReg.ttf) normal normal 400 normal>) = 11.05
2026-06-26 13:05:43,242 DEBUG matplotlib.font_manager: findfont: score(<Font 'DejaVu Serif' (DejaVuSerif-Bold.ttf) normal normal 700 normal>) = 11.335
2026-06-26 13:05:43,242 DEBUG matplotlib.font_manager: findfont: score(<Font 'DejaVu Sans Mono' (DejaVuSansMono-Bold.ttf) normal normal 700 normal>) = 11.335
2026-06-26 13:05:43,242 DEBUG matplotlib.font_manager: findfont: score(<Font 'DejaVu Sans' (DejaVuSans.ttf) normal normal 400 normal>) = 11.05
2026-06-26 13:05:43,242 DEBUG matplotlib.font_manager: findfont: score(<Font 'DejaVu Serif' (DejaVuSerif-Bold.ttf) normal normal 700 normal>) = 11.335
2026-06-26 13:05:43,242 DEBUG matplotlib.font_manager: findfont: score(<Font 'DejaVu Sans' (DejaVuSans-Bold.ttf) normal normal 700 normal>) = 11.335
2026-06-26 13:05:43,242 DEBUG matplotlib.font_manager: findfont: score(<Font 'DejaVu Sans Mono' (DejaVuSansMono.ttf) normal normal 400 normal>) = 11.05
2026-06-26 13:05:43,242 DEBUG matplotlib.font_manager: findfont: score(<Font 'DejaVu Serif' (DejaVuSerif.ttf) normal normal 400 normal>) = 11.05
2026-06-26 13:05:43,242 DEBUG matplotlib.font_manager: findfont: Matching STIXGeneral:style=italic:variant=normal:weight=normal:stretch=normal:size=10.0 to STIXGeneral ('/tmp/_MEIKX0DCh/matplotlib/mpl-data/fonts/ttf/STIXGeneralItalic.ttf') with score of 0.050000.
2026-06-26 13:05:43,243 DEBUG matplotlib.font_manager: findfont: Matching STIXGeneral:style=normal:variant=normal:weight=bold:stretch=normal:size=10.0.
2026-06-26 13:05:43,243 DEBUG matplotlib.font_manager: findfont: score(<Font 'STIXNonUnicode' (STIXNonUniIta.ttf) italic normal 400 normal>) = 11.335
2026-06-26 13:05:43,243 DEBUG matplotlib.font_manager: findfont: score(<Font 'DejaVu Serif' (DejaVuSerif.ttf) normal normal 400 normal>) = 10.335
2026-06-26 13:05:43,243 DEBUG matplotlib.font_manager: findfont: score(<Font 'STIXGeneral' (STIXGeneral.ttf) normal normal 400 normal>) = 0.33499999999999996
2026-06-26 13:05:43,243 DEBUG matplotlib.font_manager: findfont: score(<Font 'STIXNonUnicode' (STIXNonUni.ttf) normal normal 400 normal>) = 10.335
2026-06-26 13:05:43,243 DEBUG matplotlib.font_manager: findfont: score(<Font 'cmsy10' (cmsy10.ttf) normal normal 400 normal>) = 10.335
2026-06-26 13:05:43,243 DEBUG matplotlib.font_manager: findfont: score(<Font 'DejaVu Serif' (DejaVuSerif-Italic.ttf) italic normal 400 normal>) = 11.335
2026-06-26 13:05:43,243 DEBUG matplotlib.font_manager: findfont: score(<Font 'STIXNonUnicode' (STIXNonUniBolIta.ttf) italic normal 700 normal>) = 11.05
2026-06-26 13:05:43,243 DEBUG matplotlib.font_manager: findfont: score(<Font 'STIXSizeFourSym' (STIXSizFourSymReg.ttf) normal normal 400 normal>) = 10.335
2026-06-26 13:05:43,243 DEBUG matplotlib.font_manager: findfont: score(<Font 'cmb10' (cmb10.ttf) normal normal 400 normal>) = 10.335
2026-06-26 13:05:43,243 DEBUG matplotlib.font_manager: findfont: score(<Font 'STIXGeneral' (STIXGeneralBol.ttf) normal normal 700 normal>) = 0.05
2026-06-26 13:05:43,243 DEBUG matplotlib.font_manager: findfont: score(<Font 'STIXSizeThreeSym' (STIXSizThreeSymReg.ttf) normal normal 400 normal>) = 10.335
2026-06-26 13:05:43,243 DEBUG matplotlib.font_manager: findfont: score(<Font 'cmex10' (cmex10.ttf) normal normal 400 normal>) = 10.335
2026-06-26 13:05:43,243 DEBUG matplotlib.font_manager: findfont: score(<Font 'STIXGeneral' (STIXGeneralItalic.ttf) italic normal 400 normal>) = 1.335
2026-06-26 13:05:43,243 DEBUG matplotlib.font_manager: findfont: score(<Font 'DejaVu Sans Mono' (DejaVuSansMono-Oblique.ttf) oblique normal 400 normal>) = 11.335
2026-06-26 13:05:43,243 DEBUG matplotlib.font_manager: findfont: score(<Font 'DejaVu Sans' (DejaVuSans.ttf) normal normal 400 normal>) = 10.335
2026-06-26 13:05:43,243 DEBUG matplotlib.font_manager: findfont: score(<Font 'DejaVu Sans' (DejaVuSans-BoldOblique.ttf) oblique normal 700 normal>) = 11.05
2026-06-26 13:05:43,243 DEBUG matplotlib.font_manager: findfont: score(<Font 'DejaVu Sans Display' (DejaVuSansDisplay.ttf) normal normal 400 normal>) = 10.335
2026-06-26 13:05:43,243 DEBUG matplotlib.font_manager: findfont: score(<Font 'DejaVu Serif' (DejaVuSerif-BoldItalic.ttf) italic normal 700 normal>) = 11.05
2026-06-26 13:05:43,243 DEBUG matplotlib.font_manager: findfont: score(<Font 'STIXSizeFourSym' (STIXSizFourSymBol.ttf) normal normal 700 normal>) = 10.05
2026-06-26 13:05:43,243 DEBUG matplotlib.font_manager: findfont: score(<Font 'STIXNonUnicode' (STIXNonUniBol.ttf) normal normal 700 normal>) = 10.05
2026-06-26 13:05:43,243 DEBUG matplotlib.font_manager: findfont: score(<Font 'DejaVu Sans Mono' (DejaVuSansMono-Bold.ttf) normal normal 700 normal>) = 10.05
2026-06-26 13:05:43,244 DEBUG matplotlib.font_manager: findfont: score(<Font 'cmss10' (cmss10.ttf) normal normal 400 normal>) = 10.335
2026-06-26 13:05:43,244 DEBUG matplotlib.font_manager: findfont: score(<Font 'STIXGeneral' (STIXGeneralBolIta.ttf) italic normal 700 normal>) = 1.05
2026-06-26 13:05:43,244 DEBUG matplotlib.font_manager: findfont: score(<Font 'DejaVu Sans Mono' (DejaVuSansMono.ttf) normal normal 400 normal>) = 10.335
2026-06-26 13:05:43,244 DEBUG matplotlib.font_manager: findfont: score(<Font 'DejaVu Serif Display' (DejaVuSerifDisplay.ttf) normal normal 400 normal>) = 10.335
2026-06-26 13:05:43,244 DEBUG matplotlib.font_manager: findfont: score(<Font 'STIXSizeOneSym' (STIXSizOneSymBol.ttf) normal normal 700 normal>) = 10.05
2026-06-26 13:05:43,244 DEBUG matplotlib.font_manager: findfont: score(<Font 'STIXSizeTwoSym' (STIXSizTwoSymBol.ttf) normal normal 700 normal>) = 10.05
2026-06-26 13:05:43,244 DEBUG matplotlib.font_manager: findfont: score(<Font 'STIXSizeOneSym' (STIXSizOneSymReg.ttf) normal normal 400 normal>) = 10.335
2026-06-26 13:05:43,244 DEBUG matplotlib.font_manager: findfont: score(<Font 'STIXSizeFiveSym' (STIXSizFiveSymReg.ttf) normal normal 400 normal>) = 10.335
2026-06-26 13:05:43,244 DEBUG matplotlib.font_manager: findfont: score(<Font 'DejaVu Sans' (DejaVuSans-Oblique.ttf) oblique normal 400 normal>) = 11.335
2026-06-26 13:05:43,244 DEBUG matplotlib.font_manager: findfont: score(<Font 'DejaVu Sans' (DejaVuSans-Bold.ttf) normal normal 700 normal>) = 10.05
2026-06-26 13:05:43,244 DEBUG matplotlib.font_manager: findfont: score(<Font 'cmmi10' (cmmi10.ttf) normal normal 400 normal>) = 10.335
2026-06-26 13:05:43,244 DEBUG matplotlib.font_manager: findfont: score(<Font 'cmtt10' (cmtt10.ttf) normal normal 400 normal>) = 10.335
2026-06-26 13:05:43,244 DEBUG matplotlib.font_manager: findfont: score(<Font 'DejaVu Sans Mono' (DejaVuSansMono-BoldOblique.ttf) oblique normal 700 normal>) = 11.05
2026-06-26 13:05:43,244 DEBUG matplotlib.font_manager: findfont: score(<Font 'STIXSizeThreeSym' (STIXSizThreeSymBol.ttf) normal normal 700 normal>) = 10.05
2026-06-26 13:05:43,244 DEBUG matplotlib.font_manager: findfont: score(<Font 'cmr10' (cmr10.ttf) normal normal 400 normal>) = 10.335
2026-06-26 13:05:43,244 DEBUG matplotlib.font_manager: findfont: score(<Font 'STIXSizeTwoSym' (STIXSizTwoSymReg.ttf) normal normal 400 normal>) = 10.335
2026-06-26 13:05:43,244 DEBUG matplotlib.font_manager: findfont: score(<Font 'DejaVu Serif' (DejaVuSerif-Bold.ttf) normal normal 700 normal>) = 10.05
2026-06-26 13:05:43,244 DEBUG matplotlib.font_manager: findfont: score(<Font 'DejaVu Sans Mono' (DejaVuSansMono-Bold.ttf) normal normal 700 normal>) = 10.05
2026-06-26 13:05:43,244 DEBUG matplotlib.font_manager: findfont: score(<Font 'DejaVu Sans' (DejaVuSans.ttf) normal normal 400 normal>) = 10.335
2026-06-26 13:05:43,244 DEBUG matplotlib.font_manager: findfont: score(<Font 'DejaVu Serif' (DejaVuSerif-Bold.ttf) normal normal 700 normal>) = 10.05
2026-06-26 13:05:43,244 DEBUG matplotlib.font_manager: findfont: score(<Font 'DejaVu Sans' (DejaVuSans-Bold.ttf) normal normal 700 normal>) = 10.05
2026-06-26 13:05:43,244 DEBUG matplotlib.font_manager: findfont: score(<Font 'DejaVu Sans Mono' (DejaVuSansMono.ttf) normal normal 400 normal>) = 10.335
2026-06-26 13:05:43,244 DEBUG matplotlib.font_manager: findfont: score(<Font 'DejaVu Serif' (DejaVuSerif.ttf) normal normal 400 normal>) = 10.335
2026-06-26 13:05:43,244 DEBUG matplotlib.font_manager: findfont: Matching STIXGeneral:style=normal:variant=normal:weight=bold:stretch=normal:size=10.0 to STIXGeneral ('/tmp/_MEIKX0DCh/matplotlib/mpl-data/fonts/ttf/STIXGeneralBol.ttf') with score of 0.050000.
2026-06-26 13:05:43,244 DEBUG matplotlib.font_manager: findfont: Matching STIXNonUnicode:style=normal:variant=normal:weight=normal:stretch=normal:size=10.0.
2026-06-26 13:05:43,245 DEBUG matplotlib.font_manager: findfont: score(<Font 'STIXNonUnicode' (STIXNonUniIta.ttf) italic normal 400 normal>) = 1.05
2026-06-26 13:05:43,245 DEBUG matplotlib.font_manager: findfont: score(<Font 'DejaVu Serif' (DejaVuSerif.ttf) normal normal 400 normal>) = 10.05
2026-06-26 13:05:43,245 DEBUG matplotlib.font_manager: findfont: score(<Font 'STIXGeneral' (STIXGeneral.ttf) normal normal 400 normal>) = 10.05
2026-06-26 13:05:43,245 DEBUG matplotlib.font_manager: findfont: score(<Font 'STIXNonUnicode' (STIXNonUni.ttf) normal normal 400 normal>) = 0.05
2026-06-26 13:05:43,245 DEBUG matplotlib.font_manager: findfont: score(<Font 'cmsy10' (cmsy10.ttf) normal normal 400 normal>) = 10.05
2026-06-26 13:05:43,245 DEBUG matplotlib.font_manager: findfont: score(<Font 'DejaVu Serif' (DejaVuSerif-Italic.ttf) italic normal 400 normal>) = 11.05
2026-06-26 13:05:43,245 DEBUG matplotlib.font_manager: findfont: score(<Font 'STIXNonUnicode' (STIXNonUniBolIta.ttf) italic normal 700 normal>) = 1.335
2026-06-26 13:05:43,245 DEBUG matplotlib.font_manager: findfont: score(<Font 'STIXSizeFourSym' (STIXSizFourSymReg.ttf) normal normal 400 normal>) = 10.05
2026-06-26 13:05:43,245 DEBUG matplotlib.font_manager: findfont: score(<Font 'cmb10' (cmb10.ttf) normal normal 400 normal>) = 10.05
2026-06-26 13:05:43,245 DEBUG matplotlib.font_manager: findfont: score(<Font 'STIXGeneral' (STIXGeneralBol.ttf) normal normal 700 normal>) = 10.335
2026-06-26 13:05:43,245 DEBUG matplotlib.font_manager: findfont: score(<Font 'STIXSizeThreeSym' (STIXSizThreeSymReg.ttf) normal normal 400 normal>) = 10.05
2026-06-26 13:05:43,245 DEBUG matplotlib.font_manager: findfont: score(<Font 'cmex10' (cmex10.ttf) normal normal 400 normal>) = 10.05
2026-06-26 13:05:43,245 DEBUG matplotlib.font_manager: findfont: score(<Font 'STIXGeneral' (STIXGeneralItalic.ttf) italic normal 400 normal>) = 11.05
2026-06-26 13:05:43,245 DEBUG matplotlib.font_manager: findfont: score(<Font 'DejaVu Sans Mono' (DejaVuSansMono-Oblique.ttf) oblique normal 400 normal>) = 11.05
2026-06-26 13:05:43,245 DEBUG matplotlib.font_manager: findfont: score(<Font 'DejaVu Sans' (DejaVuSans.ttf) normal normal 400 normal>) = 10.05
2026-06-26 13:05:43,245 DEBUG matplotlib.font_manager: findfont: score(<Font 'DejaVu Sans' (DejaVuSans-BoldOblique.ttf) oblique normal 700 normal>) = 11.335
2026-06-26 13:05:43,245 DEBUG matplotlib.font_manager: findfont: score(<Font 'DejaVu Sans Display' (DejaVuSansDisplay.ttf) normal normal 400 normal>) = 10.05
2026-06-26 13:05:43,245 DEBUG matplotlib.font_manager: findfont: score(<Font 'DejaVu Serif' (DejaVuSerif-BoldItalic.ttf) italic normal 700 normal>) = 11.335
2026-06-26 13:05:43,245 DEBUG matplotlib.font_manager: findfont: score(<Font 'STIXSizeFourSym' (STIXSizFourSymBol.ttf) normal normal 700 normal>) = 10.335
2026-06-26 13:05:43,245 DEBUG matplotlib.font_manager: findfont: score(<Font 'STIXNonUnicode' (STIXNonUniBol.ttf) normal normal 700 normal>) = 0.33499999999999996
2026-06-26 13:05:43,245 DEBUG matplotlib.font_manager: findfont: score(<Font 'DejaVu Sans Mono' (DejaVuSansMono-Bold.ttf) normal normal 700 normal>) = 10.335
2026-06-26 13:05:43,245 DEBUG matplotlib.font_manager: findfont: score(<Font 'cmss10' (cmss10.ttf) normal normal 400 normal>) = 10.05
2026-06-26 13:05:43,245 DEBUG matplotlib.font_manager: findfont: score(<Font 'STIXGeneral' (STIXGeneralBolIta.ttf) italic normal 700 normal>) = 11.335
2026-06-26 13:05:43,245 DEBUG matplotlib.font_manager: findfont: score(<Font 'DejaVu Sans Mono' (DejaVuSansMono.ttf) normal normal 400 normal>) = 10.05
2026-06-26 13:05:43,245 DEBUG matplotlib.font_manager: findfont: score(<Font 'DejaVu Serif Display' (DejaVuSerifDisplay.ttf) normal normal 400 normal>) = 10.05
2026-06-26 13:05:43,245 DEBUG matplotlib.font_manager: findfont: score(<Font 'STIXSizeOneSym' (STIXSizOneSymBol.ttf) normal normal 700 normal>) = 10.335
2026-06-26 13:05:43,245 DEBUG matplotlib.font_manager: findfont: score(<Font 'STIXSizeTwoSym' (STIXSizTwoSymBol.ttf) normal normal 700 normal>) = 10.335
2026-06-26 13:05:43,245 DEBUG matplotlib.font_manager: findfont: score(<Font 'STIXSizeOneSym' (STIXSizOneSymReg.ttf) normal normal 400 normal>) = 10.05
2026-06-26 13:05:43,245 DEBUG matplotlib.font_manager: findfont: score(<Font 'STIXSizeFiveSym' (STIXSizFiveSymReg.ttf) normal normal 400 normal>) = 10.05
2026-06-26 13:05:43,245 DEBUG matplotlib.font_manager: findfont: score(<Font 'DejaVu Sans' (DejaVuSans-Oblique.ttf) oblique normal 400 normal>) = 11.05
2026-06-26 13:05:43,245 DEBUG matplotlib.font_manager: findfont: score(<Font 'DejaVu Sans' (DejaVuSans-Bold.ttf) normal normal 700 normal>) = 10.335
2026-06-26 13:05:43,245 DEBUG matplotlib.font_manager: findfont: score(<Font 'cmmi10' (cmmi10.ttf) normal normal 400 normal>) = 10.05
2026-06-26 13:05:43,245 DEBUG matplotlib.font_manager: findfont: score(<Font 'cmtt10' (cmtt10.ttf) normal normal 400 normal>) = 10.05
2026-06-26 13:05:43,245 DEBUG matplotlib.font_manager: findfont: score(<Font 'DejaVu Sans Mono' (DejaVuSansMono-BoldOblique.ttf) oblique normal 700 normal>) = 11.335
2026-06-26 13:05:43,246 DEBUG matplotlib.font_manager: findfont: score(<Font 'STIXSizeThreeSym' (STIXSizThreeSymBol.ttf) normal normal 700 normal>) = 10.335
2026-06-26 13:05:43,246 DEBUG matplotlib.font_manager: findfont: score(<Font 'cmr10' (cmr10.ttf) normal normal 400 normal>) = 10.05
2026-06-26 13:05:43,246 DEBUG matplotlib.font_manager: findfont: score(<Font 'STIXSizeTwoSym' (STIXSizTwoSymReg.ttf) normal normal 400 normal>) = 10.05
2026-06-26 13:05:43,246 DEBUG matplotlib.font_manager: findfont: score(<Font 'DejaVu Serif' (DejaVuSerif-Bold.ttf) normal normal 700 normal>) = 10.335
2026-06-26 13:05:43,246 DEBUG matplotlib.font_manager: findfont: score(<Font 'DejaVu Sans Mono' (DejaVuSansMono-Bold.ttf) normal normal 700 normal>) = 10.335
2026-06-26 13:05:43,246 DEBUG matplotlib.font_manager: findfont: score(<Font 'DejaVu Sans' (DejaVuSans.ttf) normal normal 400 normal>) = 10.05
2026-06-26 13:05:43,246 DEBUG matplotlib.font_manager: findfont: score(<Font 'DejaVu Serif' (DejaVuSerif-Bold.ttf) normal normal 700 normal>) = 10.335
2026-06-26 13:05:43,246 DEBUG matplotlib.font_manager: findfont: score(<Font 'DejaVu Sans' (DejaVuSans-Bold.ttf) normal normal 700 normal>) = 10.335
2026-06-26 13:05:43,246 DEBUG matplotlib.font_manager: findfont: score(<Font 'DejaVu Sans Mono' (DejaVuSansMono.ttf) normal normal 400 normal>) = 10.05
2026-06-26 13:05:43,246 DEBUG matplotlib.font_manager: findfont: score(<Font 'DejaVu Serif' (DejaVuSerif.ttf) normal normal 400 normal>) = 10.05
2026-06-26 13:05:43,246 DEBUG matplotlib.font_manager: findfont: Matching STIXNonUnicode:style=normal:variant=normal:weight=normal:stretch=normal:size=10.0 to STIXNonUnicode ('/tmp/_MEIKX0DCh/matplotlib/mpl-data/fonts/ttf/STIXNonUni.ttf') with score of 0.050000.
2026-06-26 13:05:43,246 DEBUG matplotlib.font_manager: findfont: Matching STIXNonUnicode:style=italic:variant=normal:weight=normal:stretch=normal:size=10.0.
2026-06-26 13:05:43,246 DEBUG matplotlib.font_manager: findfont: score(<Font 'STIXNonUnicode' (STIXNonUniIta.ttf) italic normal 400 normal>) = 0.05
2026-06-26 13:05:43,246 DEBUG matplotlib.font_manager: findfont: score(<Font 'DejaVu Serif' (DejaVuSerif.ttf) normal normal 400 normal>) = 11.05
2026-06-26 13:05:43,246 DEBUG matplotlib.font_manager: findfont: score(<Font 'STIXGeneral' (STIXGeneral.ttf) normal normal 400 normal>) = 11.05
2026-06-26 13:05:43,246 DEBUG matplotlib.font_manager: findfont: score(<Font 'STIXNonUnicode' (STIXNonUni.ttf) normal normal 400 normal>) = 1.05
2026-06-26 13:05:43,246 DEBUG matplotlib.font_manager: findfont: score(<Font 'cmsy10' (cmsy10.ttf) normal normal 400 normal>) = 11.05
2026-06-26 13:05:43,246 DEBUG matplotlib.font_manager: findfont: score(<Font 'DejaVu Serif' (DejaVuSerif-Italic.ttf) italic normal 400 normal>) = 10.05
2026-06-26 13:05:43,246 DEBUG matplotlib.font_manager: findfont: score(<Font 'STIXNonUnicode' (STIXNonUniBolIta.ttf) italic normal 700 normal>) = 0.33499999999999996
2026-06-26 13:05:43,246 DEBUG matplotlib.font_manager: findfont: score(<Font 'STIXSizeFourSym' (STIXSizFourSymReg.ttf) normal normal 400 normal>) = 11.05
2026-06-26 13:05:43,246 DEBUG matplotlib.font_manager: findfont: score(<Font 'cmb10' (cmb10.ttf) normal normal 400 normal>) = 11.05
2026-06-26 13:05:43,246 DEBUG matplotlib.font_manager: findfont: score(<Font 'STIXGeneral' (STIXGeneralBol.ttf) normal normal 700 normal>) = 11.335
2026-06-26 13:05:43,247 DEBUG matplotlib.font_manager: findfont: score(<Font 'STIXSizeThreeSym' (STIXSizThreeSymReg.ttf) normal normal 400 normal>) = 11.05
2026-06-26 13:05:43,247 DEBUG matplotlib.font_manager: findfont: score(<Font 'cmex10' (cmex10.ttf) normal normal 400 normal>) = 11.05
2026-06-26 13:05:43,247 DEBUG matplotlib.font_manager: findfont: score(<Font 'STIXGeneral' (STIXGeneralItalic.ttf) italic normal 400 normal>) = 10.05
2026-06-26 13:05:43,247 DEBUG matplotlib.font_manager: findfont: score(<Font 'DejaVu Sans Mono' (DejaVuSansMono-Oblique.ttf) oblique normal 400 normal>) = 10.15
2026-06-26 13:05:43,247 DEBUG matplotlib.font_manager: findfont: score(<Font 'DejaVu Sans' (DejaVuSans.ttf) normal normal 400 normal>) = 11.05
2026-06-26 13:05:43,247 DEBUG matplotlib.font_manager: findfont: score(<Font 'DejaVu Sans' (DejaVuSans-BoldOblique.ttf) oblique normal 700 normal>) = 10.434999999999999
2026-06-26 13:05:43,247 DEBUG matplotlib.font_manager: findfont: score(<Font 'DejaVu Sans Display' (DejaVuSansDisplay.ttf) normal normal 400 normal>) = 11.05
2026-06-26 13:05:43,247 DEBUG matplotlib.font_manager: findfont: score(<Font 'DejaVu Serif' (DejaVuSerif-BoldItalic.ttf) italic normal 700 normal>) = 10.335
2026-06-26 13:05:43,247 DEBUG matplotlib.font_manager: findfont: score(<Font 'STIXSizeFourSym' (STIXSizFourSymBol.ttf) normal normal 700 normal>) = 11.335
2026-06-26 13:05:43,247 DEBUG matplotlib.font_manager: findfont: score(<Font 'STIXNonUnicode' (STIXNonUniBol.ttf) normal normal 700 normal>) = 1.335
2026-06-26 13:05:43,247 DEBUG matplotlib.font_manager: findfont: score(<Font 'DejaVu Sans Mono' (DejaVuSansMono-Bold.ttf) normal normal 700 normal>) = 11.335
2026-06-26 13:05:43,247 DEBUG matplotlib.font_manager: findfont: score(<Font 'cmss10' (cmss10.ttf) normal normal 400 normal>) = 11.05
2026-06-26 13:05:43,247 DEBUG matplotlib.font_manager: findfont: score(<Font 'STIXGeneral' (STIXGeneralBolIta.ttf) italic normal 700 normal>) = 10.335
2026-06-26 13:05:43,247 DEBUG matplotlib.font_manager: findfont: score(<Font 'DejaVu Sans Mono' (DejaVuSansMono.ttf) normal normal 400 normal>) = 11.05
2026-06-26 13:05:43,247 DEBUG matplotlib.font_manager: findfont: score(<Font 'DejaVu Serif Display' (DejaVuSerifDisplay.ttf) normal normal 400 normal>) = 11.05
2026-06-26 13:05:43,247 DEBUG matplotlib.font_manager: findfont: score(<Font 'STIXSizeOneSym' (STIXSizOneSymBol.ttf) normal normal 700 normal>) = 11.335
2026-06-26 13:05:43,247 DEBUG matplotlib.font_manager: findfont: score(<Font 'STIXSizeTwoSym' (STIXSizTwoSymBol.ttf) normal normal 700 normal>) = 11.335
2026-06-26 13:05:43,247 DEBUG matplotlib.font_manager: findfont: score(<Font 'STIXSizeOneSym' (STIXSizOneSymReg.ttf) normal normal 400 normal>) = 11.05
2026-06-26 13:05:43,247 DEBUG matplotlib.font_manager: findfont: score(<Font 'STIXSizeFiveSym' (STIXSizFiveSymReg.ttf) normal normal 400 normal>) = 11.05
2026-06-26 13:05:43,247 DEBUG matplotlib.font_manager: findfont: score(<Font 'DejaVu Sans' (DejaVuSans-Oblique.ttf) oblique normal 400 normal>) = 10.15
2026-06-26 13:05:43,247 DEBUG matplotlib.font_manager: findfont: score(<Font 'DejaVu Sans' (DejaVuSans-Bold.ttf) normal normal 700 normal>) = 11.335
2026-06-26 13:05:43,247 DEBUG matplotlib.font_manager: findfont: score(<Font 'cmmi10' (cmmi10.ttf) normal normal 400 normal>) = 11.05
2026-06-26 13:05:43,247 DEBUG matplotlib.font_manager: findfont: score(<Font 'cmtt10' (cmtt10.ttf) normal normal 400 normal>) = 11.05
2026-06-26 13:05:43,247 DEBUG matplotlib.font_manager: findfont: score(<Font 'DejaVu Sans Mono' (DejaVuSansMono-BoldOblique.ttf) oblique normal 700 normal>) = 10.434999999999999
2026-06-26 13:05:43,247 DEBUG matplotlib.font_manager: findfont: score(<Font 'STIXSizeThreeSym' (STIXSizThreeSymBol.ttf) normal normal 700 normal>) = 11.335
2026-06-26 13:05:43,247 DEBUG matplotlib.font_manager: findfont: score(<Font 'cmr10' (cmr10.ttf) normal normal 400 normal>) = 11.05
2026-06-26 13:05:43,247 DEBUG matplotlib.font_manager: findfont: score(<Font 'STIXSizeTwoSym' (STIXSizTwoSymReg.ttf) normal normal 400 normal>) = 11.05
2026-06-26 13:05:43,247 DEBUG matplotlib.font_manager: findfont: score(<Font 'DejaVu Serif' (DejaVuSerif-Bold.ttf) normal normal 700 normal>) = 11.335
2026-06-26 13:05:43,247 DEBUG matplotlib.font_manager: findfont: score(<Font 'DejaVu Sans Mono' (DejaVuSansMono-Bold.ttf) normal normal 700 normal>) = 11.335
2026-06-26 13:05:43,247 DEBUG matplotlib.font_manager: findfont: score(<Font 'DejaVu Sans' (DejaVuSans.ttf) normal normal 400 normal>) = 11.05
2026-06-26 13:05:43,247 DEBUG matplotlib.font_manager: findfont: score(<Font 'DejaVu Serif' (DejaVuSerif-Bold.ttf) normal normal 700 normal>) = 11.335
2026-06-26 13:05:43,247 DEBUG matplotlib.font_manager: findfont: score(<Font 'DejaVu Sans' (DejaVuSans-Bold.ttf) normal normal 700 normal>) = 11.335
2026-06-26 13:05:43,247 DEBUG matplotlib.font_manager: findfont: score(<Font 'DejaVu Sans Mono' (DejaVuSansMono.ttf) normal normal 400 normal>) = 11.05
2026-06-26 13:05:43,247 DEBUG matplotlib.font_manager: findfont: score(<Font 'DejaVu Serif' (DejaVuSerif.ttf) normal normal 400 normal>) = 11.05
2026-06-26 13:05:43,247 DEBUG matplotlib.font_manager: findfont: Matching STIXNonUnicode:style=italic:variant=normal:weight=normal:stretch=normal:size=10.0 to STIXNonUnicode ('/tmp/_MEIKX0DCh/matplotlib/mpl-data/fonts/ttf/STIXNonUniIta.ttf') with score of 0.050000.
2026-06-26 13:05:43,248 DEBUG matplotlib.font_manager: findfont: Matching STIXNonUnicode:style=normal:variant=normal:weight=bold:stretch=normal:size=10.0.
2026-06-26 13:05:43,248 DEBUG matplotlib.font_manager: findfont: score(<Font 'STIXNonUnicode' (STIXNonUniIta.ttf) italic normal 400 normal>) = 1.335
2026-06-26 13:05:43,248 DEBUG matplotlib.font_manager: findfont: score(<Font 'DejaVu Serif' (DejaVuSerif.ttf) normal normal 400 normal>) = 10.335
2026-06-26 13:05:43,248 DEBUG matplotlib.font_manager: findfont: score(<Font 'STIXGeneral' (STIXGeneral.ttf) normal normal 400 normal>) = 10.335
2026-06-26 13:05:43,248 DEBUG matplotlib.font_manager: findfont: score(<Font 'STIXNonUnicode' (STIXNonUni.ttf) normal normal 400 normal>) = 0.33499999999999996
2026-06-26 13:05:43,248 DEBUG matplotlib.font_manager: findfont: score(<Font 'cmsy10' (cmsy10.ttf) normal normal 400 normal>) = 10.335
2026-06-26 13:05:43,248 DEBUG matplotlib.font_manager: findfont: score(<Font 'DejaVu Serif' (DejaVuSerif-Italic.ttf) italic normal 400 normal>) = 11.335
2026-06-26 13:05:43,248 DEBUG matplotlib.font_manager: findfont: score(<Font 'STIXNonUnicode' (STIXNonUniBolIta.ttf) italic normal 700 normal>) = 1.05
2026-06-26 13:05:43,248 DEBUG matplotlib.font_manager: findfont: score(<Font 'STIXSizeFourSym' (STIXSizFourSymReg.ttf) normal normal 400 normal>) = 10.335
2026-06-26 13:05:43,248 DEBUG matplotlib.font_manager: findfont: score(<Font 'cmb10' (cmb10.ttf) normal normal 400 normal>) = 10.335
2026-06-26 13:05:43,248 DEBUG matplotlib.font_manager: findfont: score(<Font 'STIXGeneral' (STIXGeneralBol.ttf) normal normal 700 normal>) = 10.05
2026-06-26 13:05:43,248 DEBUG matplotlib.font_manager: findfont: score(<Font 'STIXSizeThreeSym' (STIXSizThreeSymReg.ttf) normal normal 400 normal>) = 10.335
2026-06-26 13:05:43,248 DEBUG matplotlib.font_manager: findfont: score(<Font 'cmex10' (cmex10.ttf) normal normal 400 normal>) = 10.335
2026-06-26 13:05:43,248 DEBUG matplotlib.font_manager: findfont: score(<Font 'STIXGeneral' (STIXGeneralItalic.ttf) italic normal 400 normal>) = 11.335
2026-06-26 13:05:43,248 DEBUG matplotlib.font_manager: findfont: score(<Font 'DejaVu Sans Mono' (DejaVuSansMono-Oblique.ttf) oblique normal 400 normal>) = 11.335
2026-06-26 13:05:43,248 DEBUG matplotlib.font_manager: findfont: score(<Font 'DejaVu Sans' (DejaVuSans.ttf) normal normal 400 normal>) = 10.335
2026-06-26 13:05:43,248 DEBUG matplotlib.font_manager: findfont: score(<Font 'DejaVu Sans' (DejaVuSans-BoldOblique.ttf) oblique normal 700 normal>) = 11.05
2026-06-26 13:05:43,248 DEBUG matplotlib.font_manager: findfont: score(<Font 'DejaVu Sans Display' (DejaVuSansDisplay.ttf) normal normal 400 normal>) = 10.335
2026-06-26 13:05:43,248 DEBUG matplotlib.font_manager: findfont: score(<Font 'DejaVu Serif' (DejaVuSerif-BoldItalic.ttf) italic normal 700 normal>) = 11.05
2026-06-26 13:05:43,248 DEBUG matplotlib.font_manager: findfont: score(<Font 'STIXSizeFourSym' (STIXSizFourSymBol.ttf) normal normal 700 normal>) = 10.05
2026-06-26 13:05:43,248 DEBUG matplotlib.font_manager: findfont: score(<Font 'STIXNonUnicode' (STIXNonUniBol.ttf) normal normal 700 normal>) = 0.05
2026-06-26 13:05:43,249 DEBUG matplotlib.font_manager: findfont: score(<Font 'DejaVu Sans Mono' (DejaVuSansMono-Bold.ttf) normal normal 700 normal>) = 10.05
2026-06-26 13:05:43,249 DEBUG matplotlib.font_manager: findfont: score(<Font 'cmss10' (cmss10.ttf) normal normal 400 normal>) = 10.335
2026-06-26 13:05:43,249 DEBUG matplotlib.font_manager: findfont: score(<Font 'STIXGeneral' (STIXGeneralBolIta.ttf) italic normal 700 normal>) = 11.05
2026-06-26 13:05:43,249 DEBUG matplotlib.font_manager: findfont: score(<Font 'DejaVu Sans Mono' (DejaVuSansMono.ttf) normal normal 400 normal>) = 10.335
2026-06-26 13:05:43,249 DEBUG matplotlib.font_manager: findfont: score(<Font 'DejaVu Serif Display' (DejaVuSerifDisplay.ttf) normal normal 400 normal>) = 10.335
2026-06-26 13:05:43,249 DEBUG matplotlib.font_manager: findfont: score(<Font 'STIXSizeOneSym' (STIXSizOneSymBol.ttf) normal normal 700 normal>) = 10.05
2026-06-26 13:05:43,249 DEBUG matplotlib.font_manager: findfont: score(<Font 'STIXSizeTwoSym' (STIXSizTwoSymBol.ttf) normal normal 700 normal>) = 10.05
2026-06-26 13:05:43,249 DEBUG matplotlib.font_manager: findfont: score(<Font 'STIXSizeOneSym' (STIXSizOneSymReg.ttf) normal normal 400 normal>) = 10.335
2026-06-26 13:05:43,249 DEBUG matplotlib.font_manager: findfont: score(<Font 'STIXSizeFiveSym' (STIXSizFiveSymReg.ttf) normal normal 400 normal>) = 10.335
2026-06-26 13:05:43,249 DEBUG matplotlib.font_manager: findfont: score(<Font 'DejaVu Sans' (DejaVuSans-Oblique.ttf) oblique normal 400 normal>) = 11.335
2026-06-26 13:05:43,249 DEBUG matplotlib.font_manager: findfont: score(<Font 'DejaVu Sans' (DejaVuSans-Bold.ttf) normal normal 700 normal>) = 10.05
2026-06-26 13:05:43,249 DEBUG matplotlib.font_manager: findfont: score(<Font 'cmmi10' (cmmi10.ttf) normal normal 400 normal>) = 10.335
2026-06-26 13:05:43,249 DEBUG matplotlib.font_manager: findfont: score(<Font 'cmtt10' (cmtt10.ttf) normal normal 400 normal>) = 10.335
2026-06-26 13:05:43,249 DEBUG matplotlib.font_manager: findfont: score(<Font 'DejaVu Sans Mono' (DejaVuSansMono-BoldOblique.ttf) oblique normal 700 normal>) = 11.05
2026-06-26 13:05:43,249 DEBUG matplotlib.font_manager: findfont: score(<Font 'STIXSizeThreeSym' (STIXSizThreeSymBol.ttf) normal normal 700 normal>) = 10.05
2026-06-26 13:05:43,249 DEBUG matplotlib.font_manager: findfont: score(<Font 'cmr10' (cmr10.ttf) normal normal 400 normal>) = 10.335
2026-06-26 13:05:43,249 DEBUG matplotlib.font_manager: findfont: score(<Font 'STIXSizeTwoSym' (STIXSizTwoSymReg.ttf) normal normal 400 normal>) = 10.335
2026-06-26 13:05:43,249 DEBUG matplotlib.font_manager: findfont: score(<Font 'DejaVu Serif' (DejaVuSerif-Bold.ttf) normal normal 700 normal>) = 10.05
2026-06-26 13:05:43,249 DEBUG matplotlib.font_manager: findfont: score(<Font 'DejaVu Sans Mono' (DejaVuSansMono-Bold.ttf) normal normal 700 normal>) = 10.05
2026-06-26 13:05:43,249 DEBUG matplotlib.font_manager: findfont: score(<Font 'DejaVu Sans' (DejaVuSans.ttf) normal normal 400 normal>) = 10.335
2026-06-26 13:05:43,249 DEBUG matplotlib.font_manager: findfont: score(<Font 'DejaVu Serif' (DejaVuSerif-Bold.ttf) normal normal 700 normal>) = 10.05
2026-06-26 13:05:43,249 DEBUG matplotlib.font_manager: findfont: score(<Font 'DejaVu Sans' (DejaVuSans-Bold.ttf) normal normal 700 normal>) = 10.05
2026-06-26 13:05:43,249 DEBUG matplotlib.font_manager: findfont: score(<Font 'DejaVu Sans Mono' (DejaVuSansMono.ttf) normal normal 400 normal>) = 10.335
2026-06-26 13:05:43,249 DEBUG matplotlib.font_manager: findfont: score(<Font 'DejaVu Serif' (DejaVuSerif.ttf) normal normal 400 normal>) = 10.335
2026-06-26 13:05:43,249 DEBUG matplotlib.font_manager: findfont: Matching STIXNonUnicode:style=normal:variant=normal:weight=bold:stretch=normal:size=10.0 to STIXNonUnicode ('/tmp/_MEIKX0DCh/matplotlib/mpl-data/fonts/ttf/STIXNonUniBol.ttf') with score of 0.050000.
2026-06-26 13:05:43,249 DEBUG matplotlib.font_manager: findfont: Matching STIXSizeOneSym:style=normal:variant=normal:weight=normal:stretch=normal:size=10.0.
2026-06-26 13:05:43,250 DEBUG matplotlib.font_manager: findfont: score(<Font 'STIXNonUnicode' (STIXNonUniIta.ttf) italic normal 400 normal>) = 11.05
2026-06-26 13:05:43,250 DEBUG matplotlib.font_manager: findfont: score(<Font 'DejaVu Serif' (DejaVuSerif.ttf) normal normal 400 normal>) = 10.05
2026-06-26 13:05:43,250 DEBUG matplotlib.font_manager: findfont: score(<Font 'STIXGeneral' (STIXGeneral.ttf) normal normal 400 normal>) = 10.05
2026-06-26 13:05:43,250 DEBUG matplotlib.font_manager: findfont: score(<Font 'STIXNonUnicode' (STIXNonUni.ttf) normal normal 400 normal>) = 10.05
2026-06-26 13:05:43,250 DEBUG matplotlib.font_manager: findfont: score(<Font 'cmsy10' (cmsy10.ttf) normal normal 400 normal>) = 10.05
2026-06-26 13:05:43,250 DEBUG matplotlib.font_manager: findfont: score(<Font 'DejaVu Serif' (DejaVuSerif-Italic.ttf) italic normal 400 normal>) = 11.05
2026-06-26 13:05:43,250 DEBUG matplotlib.font_manager: findfont: score(<Font 'STIXNonUnicode' (STIXNonUniBolIta.ttf) italic normal 700 normal>) = 11.335
2026-06-26 13:05:43,250 DEBUG matplotlib.font_manager: findfont: score(<Font 'STIXSizeFourSym' (STIXSizFourSymReg.ttf) normal normal 400 normal>) = 10.05
2026-06-26 13:05:43,250 DEBUG matplotlib.font_manager: findfont: score(<Font 'cmb10' (cmb10.ttf) normal normal 400 normal>) = 10.05
2026-06-26 13:05:43,250 DEBUG matplotlib.font_manager: findfont: score(<Font 'STIXGeneral' (STIXGeneralBol.ttf) normal normal 700 normal>) = 10.335
2026-06-26 13:05:43,250 DEBUG matplotlib.font_manager: findfont: score(<Font 'STIXSizeThreeSym' (STIXSizThreeSymReg.ttf) normal normal 400 normal>) = 10.05
2026-06-26 13:05:43,250 DEBUG matplotlib.font_manager: findfont: score(<Font 'cmex10' (cmex10.ttf) normal normal 400 normal>) = 10.05
2026-06-26 13:05:43,250 DEBUG matplotlib.font_manager: findfont: score(<Font 'STIXGeneral' (STIXGeneralItalic.ttf) italic normal 400 normal>) = 11.05
2026-06-26 13:05:43,250 DEBUG matplotlib.font_manager: findfont: score(<Font 'DejaVu Sans Mono' (DejaVuSansMono-Oblique.ttf) oblique normal 400 normal>) = 11.05
2026-06-26 13:05:43,250 DEBUG matplotlib.font_manager: findfont: score(<Font 'DejaVu Sans' (DejaVuSans.ttf) normal normal 400 normal>) = 10.05
2026-06-26 13:05:43,250 DEBUG matplotlib.font_manager: findfont: score(<Font 'DejaVu Sans' (DejaVuSans-BoldOblique.ttf) oblique normal 700 normal>) = 11.335
2026-06-26 13:05:43,250 DEBUG matplotlib.font_manager: findfont: score(<Font 'DejaVu Sans Display' (DejaVuSansDisplay.ttf) normal normal 400 normal>) = 10.05
2026-06-26 13:05:43,250 DEBUG matplotlib.font_manager: findfont: score(<Font 'DejaVu Serif' (DejaVuSerif-BoldItalic.ttf) italic normal 700 normal>) = 11.335
2026-06-26 13:05:43,250 DEBUG matplotlib.font_manager: findfont: score(<Font 'STIXSizeFourSym' (STIXSizFourSymBol.ttf) normal normal 700 normal>) = 10.335
2026-06-26 13:05:43,250 DEBUG matplotlib.font_manager: findfont: score(<Font 'STIXNonUnicode' (STIXNonUniBol.ttf) normal normal 700 normal>) = 10.335
2026-06-26 13:05:43,250 DEBUG matplotlib.font_manager: findfont: score(<Font 'DejaVu Sans Mono' (DejaVuSansMono-Bold.ttf) normal normal 700 normal>) = 10.335
2026-06-26 13:05:43,250 DEBUG matplotlib.font_manager: findfont: score(<Font 'cmss10' (cmss10.ttf) normal normal 400 normal>) = 10.05
2026-06-26 13:05:43,250 DEBUG matplotlib.font_manager: findfont: score(<Font 'STIXGeneral' (STIXGeneralBolIta.ttf) italic normal 700 normal>) = 11.335
2026-06-26 13:05:43,250 DEBUG matplotlib.font_manager: findfont: score(<Font 'DejaVu Sans Mono' (DejaVuSansMono.ttf) normal normal 400 normal>) = 10.05
2026-06-26 13:05:43,250 DEBUG matplotlib.font_manager: findfont: score(<Font 'DejaVu Serif Display' (DejaVuSerifDisplay.ttf) normal normal 400 normal>) = 10.05
2026-06-26 13:05:43,250 DEBUG matplotlib.font_manager: findfont: score(<Font 'STIXSizeOneSym' (STIXSizOneSymBol.ttf) normal normal 700 normal>) = 0.33499999999999996
2026-06-26 13:05:43,250 DEBUG matplotlib.font_manager: findfont: score(<Font 'STIXSizeTwoSym' (STIXSizTwoSymBol.ttf) normal normal 700 normal>) = 10.335
2026-06-26 13:05:43,250 DEBUG matplotlib.font_manager: findfont: score(<Font 'STIXSizeOneSym' (STIXSizOneSymReg.ttf) normal normal 400 normal>) = 0.05
2026-06-26 13:05:43,250 DEBUG matplotlib.font_manager: findfont: score(<Font 'STIXSizeFiveSym' (STIXSizFiveSymReg.ttf) normal normal 400 normal>) = 10.05
2026-06-26 13:05:43,250 DEBUG matplotlib.font_manager: findfont: score(<Font 'DejaVu Sans' (DejaVuSans-Oblique.ttf) oblique normal 400 normal>) = 11.05
2026-06-26 13:05:43,250 DEBUG matplotlib.font_manager: findfont: score(<Font 'DejaVu Sans' (DejaVuSans-Bold.ttf) normal normal 700 normal>) = 10.335
2026-06-26 13:05:43,250 DEBUG matplotlib.font_manager: findfont: score(<Font 'cmmi10' (cmmi10.ttf) normal normal 400 normal>) = 10.05
2026-06-26 13:05:43,250 DEBUG matplotlib.font_manager: findfont: score(<Font 'cmtt10' (cmtt10.ttf) normal normal 400 normal>) = 10.05
2026-06-26 13:05:43,251 DEBUG matplotlib.font_manager: findfont: score(<Font 'DejaVu Sans Mono' (DejaVuSansMono-BoldOblique.ttf) oblique normal 700 normal>) = 11.335
2026-06-26 13:05:43,251 DEBUG matplotlib.font_manager: findfont: score(<Font 'STIXSizeThreeSym' (STIXSizThreeSymBol.ttf) normal normal 700 normal>) = 10.335
2026-06-26 13:05:43,251 DEBUG matplotlib.font_manager: findfont: score(<Font 'cmr10' (cmr10.ttf) normal normal 400 normal>) = 10.05
2026-06-26 13:05:43,251 DEBUG matplotlib.font_manager: findfont: score(<Font 'STIXSizeTwoSym' (STIXSizTwoSymReg.ttf) normal normal 400 normal>) = 10.05
2026-06-26 13:05:43,251 DEBUG matplotlib.font_manager: findfont: score(<Font 'DejaVu Serif' (DejaVuSerif-Bold.ttf) normal normal 700 normal>) = 10.335
2026-06-26 13:05:43,251 DEBUG matplotlib.font_manager: findfont: score(<Font 'DejaVu Sans Mono' (DejaVuSansMono-Bold.ttf) normal normal 700 normal>) = 10.335
2026-06-26 13:05:43,251 DEBUG matplotlib.font_manager: findfont: score(<Font 'DejaVu Sans' (DejaVuSans.ttf) normal normal 400 normal>) = 10.05
2026-06-26 13:05:43,251 DEBUG matplotlib.font_manager: findfont: score(<Font 'DejaVu Serif' (DejaVuSerif-Bold.ttf) normal normal 700 normal>) = 10.335
2026-06-26 13:05:43,251 DEBUG matplotlib.font_manager: findfont: score(<Font 'DejaVu Sans' (DejaVuSans-Bold.ttf) normal normal 700 normal>) = 10.335
2026-06-26 13:05:43,251 DEBUG matplotlib.font_manager: findfont: score(<Font 'DejaVu Sans Mono' (DejaVuSansMono.ttf) normal normal 400 normal>) = 10.05
2026-06-26 13:05:43,251 DEBUG matplotlib.font_manager: findfont: score(<Font 'DejaVu Serif' (DejaVuSerif.ttf) normal normal 400 normal>) = 10.05
2026-06-26 13:05:43,251 DEBUG matplotlib.font_manager: findfont: Matching STIXSizeOneSym:style=normal:variant=normal:weight=normal:stretch=normal:size=10.0 to STIXSizeOneSym ('/tmp/_MEIKX0DCh/matplotlib/mpl-data/fonts/ttf/STIXSizOneSymReg.ttf') with score of 0.050000.
2026-06-26 13:05:43,251 DEBUG matplotlib.font_manager: findfont: Matching STIXSizeTwoSym:style=normal:variant=normal:weight=normal:stretch=normal:size=10.0.
2026-06-26 13:05:43,251 DEBUG matplotlib.font_manager: findfont: score(<Font 'STIXNonUnicode' (STIXNonUniIta.ttf) italic normal 400 normal>) = 11.05
2026-06-26 13:05:43,251 DEBUG matplotlib.font_manager: findfont: score(<Font 'DejaVu Serif' (DejaVuSerif.ttf) normal normal 400 normal>) = 10.05
2026-06-26 13:05:43,251 DEBUG matplotlib.font_manager: findfont: score(<Font 'STIXGeneral' (STIXGeneral.ttf) normal normal 400 normal>) = 10.05
2026-06-26 13:05:43,251 DEBUG matplotlib.font_manager: findfont: score(<Font 'STIXNonUnicode' (STIXNonUni.ttf) normal normal 400 normal>) = 10.05
2026-06-26 13:05:43,251 DEBUG matplotlib.font_manager: findfont: score(<Font 'cmsy10' (cmsy10.ttf) normal normal 400 normal>) = 10.05
2026-06-26 13:05:43,251 DEBUG matplotlib.font_manager: findfont: score(<Font 'DejaVu Serif' (DejaVuSerif-Italic.ttf) italic normal 400 normal>) = 11.05
2026-06-26 13:05:43,251 DEBUG matplotlib.font_manager: findfont: score(<Font 'STIXNonUnicode' (STIXNonUniBolIta.ttf) italic normal 700 normal>) = 11.335
2026-06-26 13:05:43,251 DEBUG matplotlib.font_manager: findfont: score(<Font 'STIXSizeFourSym' (STIXSizFourSymReg.ttf) normal normal 400 normal>) = 10.05
2026-06-26 13:05:43,251 DEBUG matplotlib.font_manager: findfont: score(<Font 'cmb10' (cmb10.ttf) normal normal 400 normal>) = 10.05
2026-06-26 13:05:43,251 DEBUG matplotlib.font_manager: findfont: score(<Font 'STIXGeneral' (STIXGeneralBol.ttf) normal normal 700 normal>) = 10.335
2026-06-26 13:05:43,251 DEBUG matplotlib.font_manager: findfont: score(<Font 'STIXSizeThreeSym' (STIXSizThreeSymReg.ttf) normal normal 400 normal>) = 10.05
2026-06-26 13:05:43,251 DEBUG matplotlib.font_manager: findfont: score(<Font 'cmex10' (cmex10.ttf) normal normal 400 normal>) = 10.05
2026-06-26 13:05:43,252 DEBUG matplotlib.font_manager: findfont: score(<Font 'STIXGeneral' (STIXGeneralItalic.ttf) italic normal 400 normal>) = 11.05
2026-06-26 13:05:43,252 DEBUG matplotlib.font_manager: findfont: score(<Font 'DejaVu Sans Mono' (DejaVuSansMono-Oblique.ttf) oblique normal 400 normal>) = 11.05
2026-06-26 13:05:43,252 DEBUG matplotlib.font_manager: findfont: score(<Font 'DejaVu Sans' (DejaVuSans.ttf) normal normal 400 normal>) = 10.05
2026-06-26 13:05:43,252 DEBUG matplotlib.font_manager: findfont: score(<Font 'DejaVu Sans' (DejaVuSans-BoldOblique.ttf) oblique normal 700 normal>) = 11.335
2026-06-26 13:05:43,252 DEBUG matplotlib.font_manager: findfont: score(<Font 'DejaVu Sans Display' (DejaVuSansDisplay.ttf) normal normal 400 normal>) = 10.05
2026-06-26 13:05:43,252 DEBUG matplotlib.font_manager: findfont: score(<Font 'DejaVu Serif' (DejaVuSerif-BoldItalic.ttf) italic normal 700 normal>) = 11.335
2026-06-26 13:05:43,252 DEBUG matplotlib.font_manager: findfont: score(<Font 'STIXSizeFourSym' (STIXSizFourSymBol.ttf) normal normal 700 normal>) = 10.335
2026-06-26 13:05:43,252 DEBUG matplotlib.font_manager: findfont: score(<Font 'STIXNonUnicode' (STIXNonUniBol.ttf) normal normal 700 normal>) = 10.335
2026-06-26 13:05:43,252 DEBUG matplotlib.font_manager: findfont: score(<Font 'DejaVu Sans Mono' (DejaVuSansMono-Bold.ttf) normal normal 700 normal>) = 10.335
2026-06-26 13:05:43,252 DEBUG matplotlib.font_manager: findfont: score(<Font 'cmss10' (cmss10.ttf) normal normal 400 normal>) = 10.05
2026-06-26 13:05:43,252 DEBUG matplotlib.font_manager: findfont: score(<Font 'STIXGeneral' (STIXGeneralBolIta.ttf) italic normal 700 normal>) = 11.335
2026-06-26 13:05:43,252 DEBUG matplotlib.font_manager: findfont: score(<Font 'DejaVu Sans Mono' (DejaVuSansMono.ttf) normal normal 400 normal>) = 10.05
2026-06-26 13:05:43,252 DEBUG matplotlib.font_manager: findfont: score(<Font 'DejaVu Serif Display' (DejaVuSerifDisplay.ttf) normal normal 400 normal>) = 10.05
2026-06-26 13:05:43,252 DEBUG matplotlib.font_manager: findfont: score(<Font 'STIXSizeOneSym' (STIXSizOneSymBol.ttf) normal normal 700 normal>) = 10.335
2026-06-26 13:05:43,252 DEBUG matplotlib.font_manager: findfont: score(<Font 'STIXSizeTwoSym' (STIXSizTwoSymBol.ttf) normal normal 700 normal>) = 0.33499999999999996
2026-06-26 13:05:43,252 DEBUG matplotlib.font_manager: findfont: score(<Font 'STIXSizeOneSym' (STIXSizOneSymReg.ttf) normal normal 400 normal>) = 10.05
2026-06-26 13:05:43,252 DEBUG matplotlib.font_manager: findfont: score(<Font 'STIXSizeFiveSym' (STIXSizFiveSymReg.ttf) normal normal 400 normal>) = 10.05
2026-06-26 13:05:43,252 DEBUG matplotlib.font_manager: findfont: score(<Font 'DejaVu Sans' (DejaVuSans-Oblique.ttf) oblique normal 400 normal>) = 11.05
2026-06-26 13:05:43,252 DEBUG matplotlib.font_manager: findfont: score(<Font 'DejaVu Sans' (DejaVuSans-Bold.ttf) normal normal 700 normal>) = 10.335
2026-06-26 13:05:43,252 DEBUG matplotlib.font_manager: findfont: score(<Font 'cmmi10' (cmmi10.ttf) normal normal 400 normal>) = 10.05
2026-06-26 13:05:43,252 DEBUG matplotlib.font_manager: findfont: score(<Font 'cmtt10' (cmtt10.ttf) normal normal 400 normal>) = 10.05
2026-06-26 13:05:43,252 DEBUG matplotlib.font_manager: findfont: score(<Font 'DejaVu Sans Mono' (DejaVuSansMono-BoldOblique.ttf) oblique normal 700 normal>) = 11.335
2026-06-26 13:05:43,252 DEBUG matplotlib.font_manager: findfont: score(<Font 'STIXSizeThreeSym' (STIXSizThreeSymBol.ttf) normal normal 700 normal>) = 10.335
2026-06-26 13:05:43,252 DEBUG matplotlib.font_manager: findfont: score(<Font 'cmr10' (cmr10.ttf) normal normal 400 normal>) = 10.05
2026-06-26 13:05:43,252 DEBUG matplotlib.font_manager: findfont: score(<Font 'STIXSizeTwoSym' (STIXSizTwoSymReg.ttf) normal normal 400 normal>) = 0.05
2026-06-26 13:05:43,252 DEBUG matplotlib.font_manager: findfont: score(<Font 'DejaVu Serif' (DejaVuSerif-Bold.ttf) normal normal 700 normal>) = 10.335
2026-06-26 13:05:43,252 DEBUG matplotlib.font_manager: findfont: score(<Font 'DejaVu Sans Mono' (DejaVuSansMono-Bold.ttf) normal normal 700 normal>) = 10.335
2026-06-26 13:05:43,252 DEBUG matplotlib.font_manager: findfont: score(<Font 'DejaVu Sans' (DejaVuSans.ttf) normal normal 400 normal>) = 10.05
2026-06-26 13:05:43,252 DEBUG matplotlib.font_manager: findfont: score(<Font 'DejaVu Serif' (DejaVuSerif-Bold.ttf) normal normal 700 normal>) = 10.335
2026-06-26 13:05:43,252 DEBUG matplotlib.font_manager: findfont: score(<Font 'DejaVu Sans' (DejaVuSans-Bold.ttf) normal normal 700 normal>) = 10.335
2026-06-26 13:05:43,252 DEBUG matplotlib.font_manager: findfont: score(<Font 'DejaVu Sans Mono' (DejaVuSansMono.ttf) normal normal 400 normal>) = 10.05
2026-06-26 13:05:43,252 DEBUG matplotlib.font_manager: findfont: score(<Font 'DejaVu Serif' (DejaVuSerif.ttf) normal normal 400 normal>) = 10.05
2026-06-26 13:05:43,252 DEBUG matplotlib.font_manager: findfont: Matching STIXSizeTwoSym:style=normal:variant=normal:weight=normal:stretch=normal:size=10.0 to STIXSizeTwoSym ('/tmp/_MEIKX0DCh/matplotlib/mpl-data/fonts/ttf/STIXSizTwoSymReg.ttf') with score of 0.050000.
2026-06-26 13:05:43,253 DEBUG matplotlib.font_manager: findfont: Matching STIXSizeThreeSym:style=normal:variant=normal:weight=normal:stretch=normal:size=10.0.
2026-06-26 13:05:43,253 DEBUG matplotlib.font_manager: findfont: score(<Font 'STIXNonUnicode' (STIXNonUniIta.ttf) italic normal 400 normal>) = 11.05
2026-06-26 13:05:43,253 DEBUG matplotlib.font_manager: findfont: score(<Font 'DejaVu Serif' (DejaVuSerif.ttf) normal normal 400 normal>) = 10.05
2026-06-26 13:05:43,253 DEBUG matplotlib.font_manager: findfont: score(<Font 'STIXGeneral' (STIXGeneral.ttf) normal normal 400 normal>) = 10.05
2026-06-26 13:05:43,253 DEBUG matplotlib.font_manager: findfont: score(<Font 'STIXNonUnicode' (STIXNonUni.ttf) normal normal 400 normal>) = 10.05
2026-06-26 13:05:43,253 DEBUG matplotlib.font_manager: findfont: score(<Font 'cmsy10' (cmsy10.ttf) normal normal 400 normal>) = 10.05
2026-06-26 13:05:43,253 DEBUG matplotlib.font_manager: findfont: score(<Font 'DejaVu Serif' (DejaVuSerif-Italic.ttf) italic normal 400 normal>) = 11.05
2026-06-26 13:05:43,253 DEBUG matplotlib.font_manager: findfont: score(<Font 'STIXNonUnicode' (STIXNonUniBolIta.ttf) italic normal 700 normal>) = 11.335
2026-06-26 13:05:43,253 DEBUG matplotlib.font_manager: findfont: score(<Font 'STIXSizeFourSym' (STIXSizFourSymReg.ttf) normal normal 400 normal>) = 10.05
2026-06-26 13:05:43,253 DEBUG matplotlib.font_manager: findfont: score(<Font 'cmb10' (cmb10.ttf) normal normal 400 normal>) = 10.05
2026-06-26 13:05:43,253 DEBUG matplotlib.font_manager: findfont: score(<Font 'STIXGeneral' (STIXGeneralBol.ttf) normal normal 700 normal>) = 10.335
2026-06-26 13:05:43,253 DEBUG matplotlib.font_manager: findfont: score(<Font 'STIXSizeThreeSym' (STIXSizThreeSymReg.ttf) normal normal 400 normal>) = 0.05
2026-06-26 13:05:43,253 DEBUG matplotlib.font_manager: findfont: score(<Font 'cmex10' (cmex10.ttf) normal normal 400 normal>) = 10.05
2026-06-26 13:05:43,253 DEBUG matplotlib.font_manager: findfont: score(<Font 'STIXGeneral' (STIXGeneralItalic.ttf) italic normal 400 normal>) = 11.05
2026-06-26 13:05:43,253 DEBUG matplotlib.font_manager: findfont: score(<Font 'DejaVu Sans Mono' (DejaVuSansMono-Oblique.ttf) oblique normal 400 normal>) = 11.05
2026-06-26 13:05:43,253 DEBUG matplotlib.font_manager: findfont: score(<Font 'DejaVu Sans' (DejaVuSans.ttf) normal normal 400 normal>) = 10.05
2026-06-26 13:05:43,253 DEBUG matplotlib.font_manager: findfont: score(<Font 'DejaVu Sans' (DejaVuSans-BoldOblique.ttf) oblique normal 700 normal>) = 11.335
2026-06-26 13:05:43,253 DEBUG matplotlib.font_manager: findfont: score(<Font 'DejaVu Sans Display' (DejaVuSansDisplay.ttf) normal normal 400 normal>) = 10.05
2026-06-26 13:05:43,253 DEBUG matplotlib.font_manager: findfont: score(<Font 'DejaVu Serif' (DejaVuSerif-BoldItalic.ttf) italic normal 700 normal>) = 11.335
2026-06-26 13:05:43,253 DEBUG matplotlib.font_manager: findfont: score(<Font 'STIXSizeFourSym' (STIXSizFourSymBol.ttf) normal normal 700 normal>) = 10.335
2026-06-26 13:05:43,253 DEBUG matplotlib.font_manager: findfont: score(<Font 'STIXNonUnicode' (STIXNonUniBol.ttf) normal normal 700 normal>) = 10.335
2026-06-26 13:05:43,253 DEBUG matplotlib.font_manager: findfont: score(<Font 'DejaVu Sans Mono' (DejaVuSansMono-Bold.ttf) normal normal 700 normal>) = 10.335
2026-06-26 13:05:43,253 DEBUG matplotlib.font_manager: findfont: score(<Font 'cmss10' (cmss10.ttf) normal normal 400 normal>) = 10.05
2026-06-26 13:05:43,253 DEBUG matplotlib.font_manager: findfont: score(<Font 'STIXGeneral' (STIXGeneralBolIta.ttf) italic normal 700 normal>) = 11.335
2026-06-26 13:05:43,253 DEBUG matplotlib.font_manager: findfont: score(<Font 'DejaVu Sans Mono' (DejaVuSansMono.ttf) normal normal 400 normal>) = 10.05
2026-06-26 13:05:43,253 DEBUG matplotlib.font_manager: findfont: score(<Font 'DejaVu Serif Display' (DejaVuSerifDisplay.ttf) normal normal 400 normal>) = 10.05
2026-06-26 13:05:43,253 DEBUG matplotlib.font_manager: findfont: score(<Font 'STIXSizeOneSym' (STIXSizOneSymBol.ttf) normal normal 700 normal>) = 10.335
2026-06-26 13:05:43,253 DEBUG matplotlib.font_manager: findfont: score(<Font 'STIXSizeTwoSym' (STIXSizTwoSymBol.ttf) normal normal 700 normal>) = 10.335
2026-06-26 13:05:43,254 DEBUG matplotlib.font_manager: findfont: score(<Font 'STIXSizeOneSym' (STIXSizOneSymReg.ttf) normal normal 400 normal>) = 10.05
2026-06-26 13:05:43,254 DEBUG matplotlib.font_manager: findfont: score(<Font 'STIXSizeFiveSym' (STIXSizFiveSymReg.ttf) normal normal 400 normal>) = 10.05
2026-06-26 13:05:43,254 DEBUG matplotlib.font_manager: findfont: score(<Font 'DejaVu Sans' (DejaVuSans-Oblique.ttf) oblique normal 400 normal>) = 11.05
2026-06-26 13:05:43,254 DEBUG matplotlib.font_manager: findfont: score(<Font 'DejaVu Sans' (DejaVuSans-Bold.ttf) normal normal 700 normal>) = 10.335
2026-06-26 13:05:43,254 DEBUG matplotlib.font_manager: findfont: score(<Font 'cmmi10' (cmmi10.ttf) normal normal 400 normal>) = 10.05
2026-06-26 13:05:43,254 DEBUG matplotlib.font_manager: findfont: score(<Font 'cmtt10' (cmtt10.ttf) normal normal 400 normal>) = 10.05
2026-06-26 13:05:43,254 DEBUG matplotlib.font_manager: findfont: score(<Font 'DejaVu Sans Mono' (DejaVuSansMono-BoldOblique.ttf) oblique normal 700 normal>) = 11.335
2026-06-26 13:05:43,254 DEBUG matplotlib.font_manager: findfont: score(<Font 'STIXSizeThreeSym' (STIXSizThreeSymBol.ttf) normal normal 700 normal>) = 0.33499999999999996
2026-06-26 13:05:43,254 DEBUG matplotlib.font_manager: findfont: score(<Font 'cmr10' (cmr10.ttf) normal normal 400 normal>) = 10.05
2026-06-26 13:05:43,254 DEBUG matplotlib.font_manager: findfont: score(<Font 'STIXSizeTwoSym' (STIXSizTwoSymReg.ttf) normal normal 400 normal>) = 10.05
2026-06-26 13:05:43,254 DEBUG matplotlib.font_manager: findfont: score(<Font 'DejaVu Serif' (DejaVuSerif-Bold.ttf) normal normal 700 normal>) = 10.335
2026-06-26 13:05:43,254 DEBUG matplotlib.font_manager: findfont: score(<Font 'DejaVu Sans Mono' (DejaVuSansMono-Bold.ttf) normal normal 700 normal>) = 10.335
2026-06-26 13:05:43,254 DEBUG matplotlib.font_manager: findfont: score(<Font 'DejaVu Sans' (DejaVuSans.ttf) normal normal 400 normal>) = 10.05
2026-06-26 13:05:43,254 DEBUG matplotlib.font_manager: findfont: score(<Font 'DejaVu Serif' (DejaVuSerif-Bold.ttf) normal normal 700 normal>) = 10.335
2026-06-26 13:05:43,254 DEBUG matplotlib.font_manager: findfont: score(<Font 'DejaVu Sans' (DejaVuSans-Bold.ttf) normal normal 700 normal>) = 10.335
2026-06-26 13:05:43,254 DEBUG matplotlib.font_manager: findfont: score(<Font 'DejaVu Sans Mono' (DejaVuSansMono.ttf) normal normal 400 normal>) = 10.05
2026-06-26 13:05:43,254 DEBUG matplotlib.font_manager: findfont: score(<Font 'DejaVu Serif' (DejaVuSerif.ttf) normal normal 400 normal>) = 10.05
2026-06-26 13:05:43,254 DEBUG matplotlib.font_manager: findfont: Matching STIXSizeThreeSym:style=normal:variant=normal:weight=normal:stretch=normal:size=10.0 to STIXSizeThreeSym ('/tmp/_MEIKX0DCh/matplotlib/mpl-data/fonts/ttf/STIXSizThreeSymReg.ttf') with score of 0.050000.
2026-06-26 13:05:43,254 DEBUG matplotlib.font_manager: findfont: Matching STIXSizeFourSym:style=normal:variant=normal:weight=normal:stretch=normal:size=10.0.
2026-06-26 13:05:43,254 DEBUG matplotlib.font_manager: findfont: score(<Font 'STIXNonUnicode' (STIXNonUniIta.ttf) italic normal 400 normal>) = 11.05
2026-06-26 13:05:43,254 DEBUG matplotlib.font_manager: findfont: score(<Font 'DejaVu Serif' (DejaVuSerif.ttf) normal normal 400 normal>) = 10.05
2026-06-26 13:05:43,254 DEBUG matplotlib.font_manager: findfont: score(<Font 'STIXGeneral' (STIXGeneral.ttf) normal normal 400 normal>) = 10.05
2026-06-26 13:05:43,254 DEBUG matplotlib.font_manager: findfont: score(<Font 'STIXNonUnicode' (STIXNonUni.ttf) normal normal 400 normal>) = 10.05
2026-06-26 13:05:43,254 DEBUG matplotlib.font_manager: findfont: score(<Font 'cmsy10' (cmsy10.ttf) normal normal 400 normal>) = 10.05
2026-06-26 13:05:43,254 DEBUG matplotlib.font_manager: findfont: score(<Font 'DejaVu Serif' (DejaVuSerif-Italic.ttf) italic normal 400 normal>) = 11.05
2026-06-26 13:05:43,254 DEBUG matplotlib.font_manager: findfont: score(<Font 'STIXNonUnicode' (STIXNonUniBolIta.ttf) italic normal 700 normal>) = 11.335
2026-06-26 13:05:43,255 DEBUG matplotlib.font_manager: findfont: score(<Font 'STIXSizeFourSym' (STIXSizFourSymReg.ttf) normal normal 400 normal>) = 0.05
2026-06-26 13:05:43,255 DEBUG matplotlib.font_manager: findfont: score(<Font 'cmb10' (cmb10.ttf) normal normal 400 normal>) = 10.05
2026-06-26 13:05:43,255 DEBUG matplotlib.font_manager: findfont: score(<Font 'STIXGeneral' (STIXGeneralBol.ttf) normal normal 700 normal>) = 10.335
2026-06-26 13:05:43,255 DEBUG matplotlib.font_manager: findfont: score(<Font 'STIXSizeThreeSym' (STIXSizThreeSymReg.ttf) normal normal 400 normal>) = 10.05
2026-06-26 13:05:43,255 DEBUG matplotlib.font_manager: findfont: score(<Font 'cmex10' (cmex10.ttf) normal normal 400 normal>) = 10.05
2026-06-26 13:05:43,255 DEBUG matplotlib.font_manager: findfont: score(<Font 'STIXGeneral' (STIXGeneralItalic.ttf) italic normal 400 normal>) = 11.05
2026-06-26 13:05:43,255 DEBUG matplotlib.font_manager: findfont: score(<Font 'DejaVu Sans Mono' (DejaVuSansMono-Oblique.ttf) oblique normal 400 normal>) = 11.05
2026-06-26 13:05:43,255 DEBUG matplotlib.font_manager: findfont: score(<Font 'DejaVu Sans' (DejaVuSans.ttf) normal normal 400 normal>) = 10.05
2026-06-26 13:05:43,255 DEBUG matplotlib.font_manager: findfont: score(<Font 'DejaVu Sans' (DejaVuSans-BoldOblique.ttf) oblique normal 700 normal>) = 11.335
2026-06-26 13:05:43,255 DEBUG matplotlib.font_manager: findfont: score(<Font 'DejaVu Sans Display' (DejaVuSansDisplay.ttf) normal normal 400 normal>) = 10.05
2026-06-26 13:05:43,255 DEBUG matplotlib.font_manager: findfont: score(<Font 'DejaVu Serif' (DejaVuSerif-BoldItalic.ttf) italic normal 700 normal>) = 11.335
2026-06-26 13:05:43,255 DEBUG matplotlib.font_manager: findfont: score(<Font 'STIXSizeFourSym' (STIXSizFourSymBol.ttf) normal normal 700 normal>) = 0.33499999999999996
2026-06-26 13:05:43,255 DEBUG matplotlib.font_manager: findfont: score(<Font 'STIXNonUnicode' (STIXNonUniBol.ttf) normal normal 700 normal>) = 10.335
2026-06-26 13:05:43,255 DEBUG matplotlib.font_manager: findfont: score(<Font 'DejaVu Sans Mono' (DejaVuSansMono-Bold.ttf) normal normal 700 normal>) = 10.335
2026-06-26 13:05:43,255 DEBUG matplotlib.font_manager: findfont: score(<Font 'cmss10' (cmss10.ttf) normal normal 400 normal>) = 10.05
2026-06-26 13:05:43,255 DEBUG matplotlib.font_manager: findfont: score(<Font 'STIXGeneral' (STIXGeneralBolIta.ttf) italic normal 700 normal>) = 11.335
2026-06-26 13:05:43,255 DEBUG matplotlib.font_manager: findfont: score(<Font 'DejaVu Sans Mono' (DejaVuSansMono.ttf) normal normal 400 normal>) = 10.05
2026-06-26 13:05:43,255 DEBUG matplotlib.font_manager: findfont: score(<Font 'DejaVu Serif Display' (DejaVuSerifDisplay.ttf) normal normal 400 normal>) = 10.05
2026-06-26 13:05:43,255 DEBUG matplotlib.font_manager: findfont: score(<Font 'STIXSizeOneSym' (STIXSizOneSymBol.ttf) normal normal 700 normal>) = 10.335
2026-06-26 13:05:43,255 DEBUG matplotlib.font_manager: findfont: score(<Font 'STIXSizeTwoSym' (STIXSizTwoSymBol.ttf) normal normal 700 normal>) = 10.335
2026-06-26 13:05:43,255 DEBUG matplotlib.font_manager: findfont: score(<Font 'STIXSizeOneSym' (STIXSizOneSymReg.ttf) normal normal 400 normal>) = 10.05
2026-06-26 13:05:43,255 DEBUG matplotlib.font_manager: findfont: score(<Font 'STIXSizeFiveSym' (STIXSizFiveSymReg.ttf) normal normal 400 normal>) = 10.05
2026-06-26 13:05:43,255 DEBUG matplotlib.font_manager: findfont: score(<Font 'DejaVu Sans' (DejaVuSans-Oblique.ttf) oblique normal 400 normal>) = 11.05
2026-06-26 13:05:43,255 DEBUG matplotlib.font_manager: findfont: score(<Font 'DejaVu Sans' (DejaVuSans-Bold.ttf) normal normal 700 normal>) = 10.335
2026-06-26 13:05:43,255 DEBUG matplotlib.font_manager: findfont: score(<Font 'cmmi10' (cmmi10.ttf) normal normal 400 normal>) = 10.05
2026-06-26 13:05:43,255 DEBUG matplotlib.font_manager: findfont: score(<Font 'cmtt10' (cmtt10.ttf) normal normal 400 normal>) = 10.05
2026-06-26 13:05:43,255 DEBUG matplotlib.font_manager: findfont: score(<Font 'DejaVu Sans Mono' (DejaVuSansMono-BoldOblique.ttf) oblique normal 700 normal>) = 11.335
2026-06-26 13:05:43,255 DEBUG matplotlib.font_manager: findfont: score(<Font 'STIXSizeThreeSym' (STIXSizThreeSymBol.ttf) normal normal 700 normal>) = 10.335
2026-06-26 13:05:43,255 DEBUG matplotlib.font_manager: findfont: score(<Font 'cmr10' (cmr10.ttf) normal normal 400 normal>) = 10.05
2026-06-26 13:05:43,255 DEBUG matplotlib.font_manager: findfont: score(<Font 'STIXSizeTwoSym' (STIXSizTwoSymReg.ttf) normal normal 400 normal>) = 10.05
2026-06-26 13:05:43,255 DEBUG matplotlib.font_manager: findfont: score(<Font 'DejaVu Serif' (DejaVuSerif-Bold.ttf) normal normal 700 normal>) = 10.335
2026-06-26 13:05:43,255 DEBUG matplotlib.font_manager: findfont: score(<Font 'DejaVu Sans Mono' (DejaVuSansMono-Bold.ttf) normal normal 700 normal>) = 10.335
2026-06-26 13:05:43,255 DEBUG matplotlib.font_manager: findfont: score(<Font 'DejaVu Sans' (DejaVuSans.ttf) normal normal 400 normal>) = 10.05
2026-06-26 13:05:43,255 DEBUG matplotlib.font_manager: findfont: score(<Font 'DejaVu Serif' (DejaVuSerif-Bold.ttf) normal normal 700 normal>) = 10.335
2026-06-26 13:05:43,256 DEBUG matplotlib.font_manager: findfont: score(<Font 'DejaVu Sans' (DejaVuSans-Bold.ttf) normal normal 700 normal>) = 10.335
2026-06-26 13:05:43,256 DEBUG matplotlib.font_manager: findfont: score(<Font 'DejaVu Sans Mono' (DejaVuSansMono.ttf) normal normal 400 normal>) = 10.05
2026-06-26 13:05:43,256 DEBUG matplotlib.font_manager: findfont: score(<Font 'DejaVu Serif' (DejaVuSerif.ttf) normal normal 400 normal>) = 10.05
2026-06-26 13:05:43,256 DEBUG matplotlib.font_manager: findfont: Matching STIXSizeFourSym:style=normal:variant=normal:weight=normal:stretch=normal:size=10.0 to STIXSizeFourSym ('/tmp/_MEIKX0DCh/matplotlib/mpl-data/fonts/ttf/STIXSizFourSymReg.ttf') with score of 0.050000.
2026-06-26 13:05:43,256 DEBUG matplotlib.font_manager: findfont: Matching STIXSizeFiveSym:style=normal:variant=normal:weight=normal:stretch=normal:size=10.0.
2026-06-26 13:05:43,256 DEBUG matplotlib.font_manager: findfont: score(<Font 'STIXNonUnicode' (STIXNonUniIta.ttf) italic normal 400 normal>) = 11.05
2026-06-26 13:05:43,256 DEBUG matplotlib.font_manager: findfont: score(<Font 'DejaVu Serif' (DejaVuSerif.ttf) normal normal 400 normal>) = 10.05
2026-06-26 13:05:43,256 DEBUG matplotlib.font_manager: findfont: score(<Font 'STIXGeneral' (STIXGeneral.ttf) normal normal 400 normal>) = 10.05
2026-06-26 13:05:43,256 DEBUG matplotlib.font_manager: findfont: score(<Font 'STIXNonUnicode' (STIXNonUni.ttf) normal normal 400 normal>) = 10.05
2026-06-26 13:05:43,256 DEBUG matplotlib.font_manager: findfont: score(<Font 'cmsy10' (cmsy10.ttf) normal normal 400 normal>) = 10.05
2026-06-26 13:05:43,256 DEBUG matplotlib.font_manager: findfont: score(<Font 'DejaVu Serif' (DejaVuSerif-Italic.ttf) italic normal 400 normal>) = 11.05
2026-06-26 13:05:43,256 DEBUG matplotlib.font_manager: findfont: score(<Font 'STIXNonUnicode' (STIXNonUniBolIta.ttf) italic normal 700 normal>) = 11.335
2026-06-26 13:05:43,256 DEBUG matplotlib.font_manager: findfont: score(<Font 'STIXSizeFourSym' (STIXSizFourSymReg.ttf) normal normal 400 normal>) = 10.05
2026-06-26 13:05:43,256 DEBUG matplotlib.font_manager: findfont: score(<Font 'cmb10' (cmb10.ttf) normal normal 400 normal>) = 10.05
2026-06-26 13:05:43,256 DEBUG matplotlib.font_manager: findfont: score(<Font 'STIXGeneral' (STIXGeneralBol.ttf) normal normal 700 normal>) = 10.335
2026-06-26 13:05:43,256 DEBUG matplotlib.font_manager: findfont: score(<Font 'STIXSizeThreeSym' (STIXSizThreeSymReg.ttf) normal normal 400 normal>) = 10.05
2026-06-26 13:05:43,256 DEBUG matplotlib.font_manager: findfont: score(<Font 'cmex10' (cmex10.ttf) normal normal 400 normal>) = 10.05
2026-06-26 13:05:43,256 DEBUG matplotlib.font_manager: findfont: score(<Font 'STIXGeneral' (STIXGeneralItalic.ttf) italic normal 400 normal>) = 11.05
2026-06-26 13:05:43,256 DEBUG matplotlib.font_manager: findfont: score(<Font 'DejaVu Sans Mono' (DejaVuSansMono-Oblique.ttf) oblique normal 400 normal>) = 11.05
2026-06-26 13:05:43,256 DEBUG matplotlib.font_manager: findfont: score(<Font 'DejaVu Sans' (DejaVuSans.ttf) normal normal 400 normal>) = 10.05
2026-06-26 13:05:43,256 DEBUG matplotlib.font_manager: findfont: score(<Font 'DejaVu Sans' (DejaVuSans-BoldOblique.ttf) oblique normal 700 normal>) = 11.335
2026-06-26 13:05:43,256 DEBUG matplotlib.font_manager: findfont: score(<Font 'DejaVu Sans Display' (DejaVuSansDisplay.ttf) normal normal 400 normal>) = 10.05
2026-06-26 13:05:43,256 DEBUG matplotlib.font_manager: findfont: score(<Font 'DejaVu Serif' (DejaVuSerif-BoldItalic.ttf) italic normal 700 normal>) = 11.335
2026-06-26 13:05:43,256 DEBUG matplotlib.font_manager: findfont: score(<Font 'STIXSizeFourSym' (STIXSizFourSymBol.ttf) normal normal 700 normal>) = 10.335
2026-06-26 13:05:43,256 DEBUG matplotlib.font_manager: findfont: score(<Font 'STIXNonUnicode' (STIXNonUniBol.ttf) normal normal 700 normal>) = 10.335
2026-06-26 13:05:43,256 DEBUG matplotlib.font_manager: findfont: score(<Font 'DejaVu Sans Mono' (DejaVuSansMono-Bold.ttf) normal normal 700 normal>) = 10.335
2026-06-26 13:05:43,257 DEBUG matplotlib.font_manager: findfont: score(<Font 'cmss10' (cmss10.ttf) normal normal 400 normal>) = 10.05
2026-06-26 13:05:43,257 DEBUG matplotlib.font_manager: findfont: score(<Font 'STIXGeneral' (STIXGeneralBolIta.ttf) italic normal 700 normal>) = 11.335
2026-06-26 13:05:43,257 DEBUG matplotlib.font_manager: findfont: score(<Font 'DejaVu Sans Mono' (DejaVuSansMono.ttf) normal normal 400 normal>) = 10.05
2026-06-26 13:05:43,257 DEBUG matplotlib.font_manager: findfont: score(<Font 'DejaVu Serif Display' (DejaVuSerifDisplay.ttf) normal normal 400 normal>) = 10.05
2026-06-26 13:05:43,257 DEBUG matplotlib.font_manager: findfont: score(<Font 'STIXSizeOneSym' (STIXSizOneSymBol.ttf) normal normal 700 normal>) = 10.335
2026-06-26 13:05:43,257 DEBUG matplotlib.font_manager: findfont: score(<Font 'STIXSizeTwoSym' (STIXSizTwoSymBol.ttf) normal normal 700 normal>) = 10.335
2026-06-26 13:05:43,257 DEBUG matplotlib.font_manager: findfont: score(<Font 'STIXSizeOneSym' (STIXSizOneSymReg.ttf) normal normal 400 normal>) = 10.05
2026-06-26 13:05:43,257 DEBUG matplotlib.font_manager: findfont: score(<Font 'STIXSizeFiveSym' (STIXSizFiveSymReg.ttf) normal normal 400 normal>) = 0.05
2026-06-26 13:05:43,257 DEBUG matplotlib.font_manager: findfont: score(<Font 'DejaVu Sans' (DejaVuSans-Oblique.ttf) oblique normal 400 normal>) = 11.05
2026-06-26 13:05:43,257 DEBUG matplotlib.font_manager: findfont: score(<Font 'DejaVu Sans' (DejaVuSans-Bold.ttf) normal normal 700 normal>) = 10.335
2026-06-26 13:05:43,257 DEBUG matplotlib.font_manager: findfont: score(<Font 'cmmi10' (cmmi10.ttf) normal normal 400 normal>) = 10.05
2026-06-26 13:05:43,257 DEBUG matplotlib.font_manager: findfont: score(<Font 'cmtt10' (cmtt10.ttf) normal normal 400 normal>) = 10.05
2026-06-26 13:05:43,257 DEBUG matplotlib.font_manager: findfont: score(<Font 'DejaVu Sans Mono' (DejaVuSansMono-BoldOblique.ttf) oblique normal 700 normal>) = 11.335
2026-06-26 13:05:43,257 DEBUG matplotlib.font_manager: findfont: score(<Font 'STIXSizeThreeSym' (STIXSizThreeSymBol.ttf) normal normal 700 normal>) = 10.335
2026-06-26 13:05:43,257 DEBUG matplotlib.font_manager: findfont: score(<Font 'cmr10' (cmr10.ttf) normal normal 400 normal>) = 10.05
2026-06-26 13:05:43,257 DEBUG matplotlib.font_manager: findfont: score(<Font 'STIXSizeTwoSym' (STIXSizTwoSymReg.ttf) normal normal 400 normal>) = 10.05
2026-06-26 13:05:43,257 DEBUG matplotlib.font_manager: findfont: score(<Font 'DejaVu Serif' (DejaVuSerif-Bold.ttf) normal normal 700 normal>) = 10.335
2026-06-26 13:05:43,257 DEBUG matplotlib.font_manager: findfont: score(<Font 'DejaVu Sans Mono' (DejaVuSansMono-Bold.ttf) normal normal 700 normal>) = 10.335
2026-06-26 13:05:43,257 DEBUG matplotlib.font_manager: findfont: score(<Font 'DejaVu Sans' (DejaVuSans.ttf) normal normal 400 normal>) = 10.05
2026-06-26 13:05:43,257 DEBUG matplotlib.font_manager: findfont: score(<Font 'DejaVu Serif' (DejaVuSerif-Bold.ttf) normal normal 700 normal>) = 10.335
2026-06-26 13:05:43,257 DEBUG matplotlib.font_manager: findfont: score(<Font 'DejaVu Sans' (DejaVuSans-Bold.ttf) normal normal 700 normal>) = 10.335
2026-06-26 13:05:43,257 DEBUG matplotlib.font_manager: findfont: score(<Font 'DejaVu Sans Mono' (DejaVuSansMono.ttf) normal normal 400 normal>) = 10.05
2026-06-26 13:05:43,257 DEBUG matplotlib.font_manager: findfont: score(<Font 'DejaVu Serif' (DejaVuSerif.ttf) normal normal 400 normal>) = 10.05
2026-06-26 13:05:43,257 DEBUG matplotlib.font_manager: findfont: Matching STIXSizeFiveSym:style=normal:variant=normal:weight=normal:stretch=normal:size=10.0 to STIXSizeFiveSym ('/tmp/_MEIKX0DCh/matplotlib/mpl-data/fonts/ttf/STIXSizFiveSymReg.ttf') with score of 0.050000.
2026-06-26 13:05:43,258 DEBUG matplotlib.font_manager: findfont: Matching cmsy10:style=normal:variant=normal:weight=normal:stretch=normal:size=10.0.
2026-06-26 13:05:43,258 DEBUG matplotlib.font_manager: findfont: score(<Font 'STIXNonUnicode' (STIXNonUniIta.ttf) italic normal 400 normal>) = 11.05
2026-06-26 13:05:43,258 DEBUG matplotlib.font_manager: findfont: score(<Font 'DejaVu Serif' (DejaVuSerif.ttf) normal normal 400 normal>) = 10.05
2026-06-26 13:05:43,258 DEBUG matplotlib.font_manager: findfont: score(<Font 'STIXGeneral' (STIXGeneral.ttf) normal normal 400 normal>) = 10.05
2026-06-26 13:05:43,258 DEBUG matplotlib.font_manager: findfont: score(<Font 'STIXNonUnicode' (STIXNonUni.ttf) normal normal 400 normal>) = 10.05
2026-06-26 13:05:43,258 DEBUG matplotlib.font_manager: findfont: score(<Font 'cmsy10' (cmsy10.ttf) normal normal 400 normal>) = 0.05
2026-06-26 13:05:43,258 DEBUG matplotlib.font_manager: findfont: score(<Font 'DejaVu Serif' (DejaVuSerif-Italic.ttf) italic normal 400 normal>) = 11.05
2026-06-26 13:05:43,258 DEBUG matplotlib.font_manager: findfont: score(<Font 'STIXNonUnicode' (STIXNonUniBolIta.ttf) italic normal 700 normal>) = 11.335
2026-06-26 13:05:43,258 DEBUG matplotlib.font_manager: findfont: score(<Font 'STIXSizeFourSym' (STIXSizFourSymReg.ttf) normal normal 400 normal>) = 10.05
2026-06-26 13:05:43,258 DEBUG matplotlib.font_manager: findfont: score(<Font 'cmb10' (cmb10.ttf) normal normal 400 normal>) = 10.05
2026-06-26 13:05:43,258 DEBUG matplotlib.font_manager: findfont: score(<Font 'STIXGeneral' (STIXGeneralBol.ttf) normal normal 700 normal>) = 10.335
2026-06-26 13:05:43,258 DEBUG matplotlib.font_manager: findfont: score(<Font 'STIXSizeThreeSym' (STIXSizThreeSymReg.ttf) normal normal 400 normal>) = 10.05
2026-06-26 13:05:43,258 DEBUG matplotlib.font_manager: findfont: score(<Font 'cmex10' (cmex10.ttf) normal normal 400 normal>) = 10.05
2026-06-26 13:05:43,258 DEBUG matplotlib.font_manager: findfont: score(<Font 'STIXGeneral' (STIXGeneralItalic.ttf) italic normal 400 normal>) = 11.05
2026-06-26 13:05:43,258 DEBUG matplotlib.font_manager: findfont: score(<Font 'DejaVu Sans Mono' (DejaVuSansMono-Oblique.ttf) oblique normal 400 normal>) = 11.05
2026-06-26 13:05:43,258 DEBUG matplotlib.font_manager: findfont: score(<Font 'DejaVu Sans' (DejaVuSans.ttf) normal normal 400 normal>) = 10.05
2026-06-26 13:05:43,259 DEBUG matplotlib.font_manager: findfont: score(<Font 'DejaVu Sans' (DejaVuSans-BoldOblique.ttf) oblique normal 700 normal>) = 11.335
2026-06-26 13:05:43,259 DEBUG matplotlib.font_manager: findfont: score(<Font 'DejaVu Sans Display' (DejaVuSansDisplay.ttf) normal normal 400 normal>) = 10.05
2026-06-26 13:05:43,259 DEBUG matplotlib.font_manager: findfont: score(<Font 'DejaVu Serif' (DejaVuSerif-BoldItalic.ttf) italic normal 700 normal>) = 11.335
2026-06-26 13:05:43,259 DEBUG matplotlib.font_manager: findfont: score(<Font 'STIXSizeFourSym' (STIXSizFourSymBol.ttf) normal normal 700 normal>) = 10.335
2026-06-26 13:05:43,259 DEBUG matplotlib.font_manager: findfont: score(<Font 'STIXNonUnicode' (STIXNonUniBol.ttf) normal normal 700 normal>) = 10.335
2026-06-26 13:05:43,259 DEBUG matplotlib.font_manager: findfont: score(<Font 'DejaVu Sans Mono' (DejaVuSansMono-Bold.ttf) normal normal 700 normal>) = 10.335
2026-06-26 13:05:43,259 DEBUG matplotlib.font_manager: findfont: score(<Font 'cmss10' (cmss10.ttf) normal normal 400 normal>) = 10.05
2026-06-26 13:05:43,259 DEBUG matplotlib.font_manager: findfont: score(<Font 'STIXGeneral' (STIXGeneralBolIta.ttf) italic normal 700 normal>) = 11.335
2026-06-26 13:05:43,259 DEBUG matplotlib.font_manager: findfont: score(<Font 'DejaVu Sans Mono' (DejaVuSansMono.ttf) normal normal 400 normal>) = 10.05
2026-06-26 13:05:43,259 DEBUG matplotlib.font_manager: findfont: score(<Font 'DejaVu Serif Display' (DejaVuSerifDisplay.ttf) normal normal 400 normal>) = 10.05
2026-06-26 13:05:43,259 DEBUG matplotlib.font_manager: findfont: score(<Font 'STIXSizeOneSym' (STIXSizOneSymBol.ttf) normal normal 700 normal>) = 10.335
2026-06-26 13:05:43,259 DEBUG matplotlib.font_manager: findfont: score(<Font 'STIXSizeTwoSym' (STIXSizTwoSymBol.ttf) normal normal 700 normal>) = 10.335
2026-06-26 13:05:43,259 DEBUG matplotlib.font_manager: findfont: score(<Font 'STIXSizeOneSym' (STIXSizOneSymReg.ttf) normal normal 400 normal>) = 10.05
2026-06-26 13:05:43,259 DEBUG matplotlib.font_manager: findfont: score(<Font 'STIXSizeFiveSym' (STIXSizFiveSymReg.ttf) normal normal 400 normal>) = 10.05
2026-06-26 13:05:43,259 DEBUG matplotlib.font_manager: findfont: score(<Font 'DejaVu Sans' (DejaVuSans-Oblique.ttf) oblique normal 400 normal>) = 11.05
2026-06-26 13:05:43,259 DEBUG matplotlib.font_manager: findfont: score(<Font 'DejaVu Sans' (DejaVuSans-Bold.ttf) normal normal 700 normal>) = 10.335
2026-06-26 13:05:43,259 DEBUG matplotlib.font_manager: findfont: score(<Font 'cmmi10' (cmmi10.ttf) normal normal 400 normal>) = 10.05
2026-06-26 13:05:43,259 DEBUG matplotlib.font_manager: findfont: score(<Font 'cmtt10' (cmtt10.ttf) normal normal 400 normal>) = 10.05
2026-06-26 13:05:43,259 DEBUG matplotlib.font_manager: findfont: score(<Font 'DejaVu Sans Mono' (DejaVuSansMono-BoldOblique.ttf) oblique normal 700 normal>) = 11.335
2026-06-26 13:05:43,259 DEBUG matplotlib.font_manager: findfont: score(<Font 'STIXSizeThreeSym' (STIXSizThreeSymBol.ttf) normal normal 700 normal>) = 10.335
2026-06-26 13:05:43,259 DEBUG matplotlib.font_manager: findfont: score(<Font 'cmr10' (cmr10.ttf) normal normal 400 normal>) = 10.05
2026-06-26 13:05:43,259 DEBUG matplotlib.font_manager: findfont: score(<Font 'STIXSizeTwoSym' (STIXSizTwoSymReg.ttf) normal normal 400 normal>) = 10.05
2026-06-26 13:05:43,259 DEBUG matplotlib.font_manager: findfont: score(<Font 'DejaVu Serif' (DejaVuSerif-Bold.ttf) normal normal 700 normal>) = 10.335
2026-06-26 13:05:43,259 DEBUG matplotlib.font_manager: findfont: score(<Font 'DejaVu Sans Mono' (DejaVuSansMono-Bold.ttf) normal normal 700 normal>) = 10.335
2026-06-26 13:05:43,259 DEBUG matplotlib.font_manager: findfont: score(<Font 'DejaVu Sans' (DejaVuSans.ttf) normal normal 400 normal>) = 10.05
2026-06-26 13:05:43,259 DEBUG matplotlib.font_manager: findfont: score(<Font 'DejaVu Serif' (DejaVuSerif-Bold.ttf) normal normal 700 normal>) = 10.335
2026-06-26 13:05:43,259 DEBUG matplotlib.font_manager: findfont: score(<Font 'DejaVu Sans' (DejaVuSans-Bold.ttf) normal normal 700 normal>) = 10.335
2026-06-26 13:05:43,259 DEBUG matplotlib.font_manager: findfont: score(<Font 'DejaVu Sans Mono' (DejaVuSansMono.ttf) normal normal 400 normal>) = 10.05
2026-06-26 13:05:43,259 DEBUG matplotlib.font_manager: findfont: score(<Font 'DejaVu Serif' (DejaVuSerif.ttf) normal normal 400 normal>) = 10.05
2026-06-26 13:05:43,259 DEBUG matplotlib.font_manager: findfont: Matching cmsy10:style=normal:variant=normal:weight=normal:stretch=normal:size=10.0 to cmsy10 ('/tmp/_MEIKX0DCh/matplotlib/mpl-data/fonts/ttf/cmsy10.ttf') with score of 0.050000.
2026-06-26 13:05:43,260 DEBUG matplotlib.font_manager: findfont: Matching cmr10:style=normal:variant=normal:weight=normal:stretch=normal:size=10.0.
2026-06-26 13:05:43,260 DEBUG matplotlib.font_manager: findfont: score(<Font 'STIXNonUnicode' (STIXNonUniIta.ttf) italic normal 400 normal>) = 11.05
2026-06-26 13:05:43,260 DEBUG matplotlib.font_manager: findfont: score(<Font 'DejaVu Serif' (DejaVuSerif.ttf) normal normal 400 normal>) = 10.05
2026-06-26 13:05:43,260 DEBUG matplotlib.font_manager: findfont: score(<Font 'STIXGeneral' (STIXGeneral.ttf) normal normal 400 normal>) = 10.05
2026-06-26 13:05:43,260 DEBUG matplotlib.font_manager: findfont: score(<Font 'STIXNonUnicode' (STIXNonUni.ttf) normal normal 400 normal>) = 10.05
2026-06-26 13:05:43,260 DEBUG matplotlib.font_manager: findfont: score(<Font 'cmsy10' (cmsy10.ttf) normal normal 400 normal>) = 10.05
2026-06-26 13:05:43,260 DEBUG matplotlib.font_manager: findfont: score(<Font 'DejaVu Serif' (DejaVuSerif-Italic.ttf) italic normal 400 normal>) = 11.05
2026-06-26 13:05:43,260 DEBUG matplotlib.font_manager: findfont: score(<Font 'STIXNonUnicode' (STIXNonUniBolIta.ttf) italic normal 700 normal>) = 11.335
2026-06-26 13:05:43,260 DEBUG matplotlib.font_manager: findfont: score(<Font 'STIXSizeFourSym' (STIXSizFourSymReg.ttf) normal normal 400 normal>) = 10.05
2026-06-26 13:05:43,260 DEBUG matplotlib.font_manager: findfont: score(<Font 'cmb10' (cmb10.ttf) normal normal 400 normal>) = 10.05
2026-06-26 13:05:43,260 DEBUG matplotlib.font_manager: findfont: score(<Font 'STIXGeneral' (STIXGeneralBol.ttf) normal normal 700 normal>) = 10.335
2026-06-26 13:05:43,260 DEBUG matplotlib.font_manager: findfont: score(<Font 'STIXSizeThreeSym' (STIXSizThreeSymReg.ttf) normal normal 400 normal>) = 10.05
2026-06-26 13:05:43,260 DEBUG matplotlib.font_manager: findfont: score(<Font 'cmex10' (cmex10.ttf) normal normal 400 normal>) = 10.05
2026-06-26 13:05:43,260 DEBUG matplotlib.font_manager: findfont: score(<Font 'STIXGeneral' (STIXGeneralItalic.ttf) italic normal 400 normal>) = 11.05
2026-06-26 13:05:43,260 DEBUG matplotlib.font_manager: findfont: score(<Font 'DejaVu Sans Mono' (DejaVuSansMono-Oblique.ttf) oblique normal 400 normal>) = 11.05
2026-06-26 13:05:43,260 DEBUG matplotlib.font_manager: findfont: score(<Font 'DejaVu Sans' (DejaVuSans.ttf) normal normal 400 normal>) = 10.05
2026-06-26 13:05:43,260 DEBUG matplotlib.font_manager: findfont: score(<Font 'DejaVu Sans' (DejaVuSans-BoldOblique.ttf) oblique normal 700 normal>) = 11.335
2026-06-26 13:05:43,260 DEBUG matplotlib.font_manager: findfont: score(<Font 'DejaVu Sans Display' (DejaVuSansDisplay.ttf) normal normal 400 normal>) = 10.05
2026-06-26 13:05:43,260 DEBUG matplotlib.font_manager: findfont: score(<Font 'DejaVu Serif' (DejaVuSerif-BoldItalic.ttf) italic normal 700 normal>) = 11.335
2026-06-26 13:05:43,260 DEBUG matplotlib.font_manager: findfont: score(<Font 'STIXSizeFourSym' (STIXSizFourSymBol.ttf) normal normal 700 normal>) = 10.335
2026-06-26 13:05:43,260 DEBUG matplotlib.font_manager: findfont: score(<Font 'STIXNonUnicode' (STIXNonUniBol.ttf) normal normal 700 normal>) = 10.335
2026-06-26 13:05:43,260 DEBUG matplotlib.font_manager: findfont: score(<Font 'DejaVu Sans Mono' (DejaVuSansMono-Bold.ttf) normal normal 700 normal>) = 10.335
2026-06-26 13:05:43,260 DEBUG matplotlib.font_manager: findfont: score(<Font 'cmss10' (cmss10.ttf) normal normal 400 normal>) = 10.05
2026-06-26 13:05:43,260 DEBUG matplotlib.font_manager: findfont: score(<Font 'STIXGeneral' (STIXGeneralBolIta.ttf) italic normal 700 normal>) = 11.335
2026-06-26 13:05:43,260 DEBUG matplotlib.font_manager: findfont: score(<Font 'DejaVu Sans Mono' (DejaVuSansMono.ttf) normal normal 400 normal>) = 10.05
2026-06-26 13:05:43,260 DEBUG matplotlib.font_manager: findfont: score(<Font 'DejaVu Serif Display' (DejaVuSerifDisplay.ttf) normal normal 400 normal>) = 10.05
2026-06-26 13:05:43,260 DEBUG matplotlib.font_manager: findfont: score(<Font 'STIXSizeOneSym' (STIXSizOneSymBol.ttf) normal normal 700 normal>) = 10.335
2026-06-26 13:05:43,260 DEBUG matplotlib.font_manager: findfont: score(<Font 'STIXSizeTwoSym' (STIXSizTwoSymBol.ttf) normal normal 700 normal>) = 10.335
2026-06-26 13:05:43,260 DEBUG matplotlib.font_manager: findfont: score(<Font 'STIXSizeOneSym' (STIXSizOneSymReg.ttf) normal normal 400 normal>) = 10.05
2026-06-26 13:05:43,260 DEBUG matplotlib.font_manager: findfont: score(<Font 'STIXSizeFiveSym' (STIXSizFiveSymReg.ttf) normal normal 400 normal>) = 10.05
2026-06-26 13:05:43,261 DEBUG matplotlib.font_manager: findfont: score(<Font 'DejaVu Sans' (DejaVuSans-Oblique.ttf) oblique normal 400 normal>) = 11.05
2026-06-26 13:05:43,261 DEBUG matplotlib.font_manager: findfont: score(<Font 'DejaVu Sans' (DejaVuSans-Bold.ttf) normal normal 700 normal>) = 10.335
2026-06-26 13:05:43,261 DEBUG matplotlib.font_manager: findfont: score(<Font 'cmmi10' (cmmi10.ttf) normal normal 400 normal>) = 10.05
2026-06-26 13:05:43,261 DEBUG matplotlib.font_manager: findfont: score(<Font 'cmtt10' (cmtt10.ttf) normal normal 400 normal>) = 10.05
2026-06-26 13:05:43,261 DEBUG matplotlib.font_manager: findfont: score(<Font 'DejaVu Sans Mono' (DejaVuSansMono-BoldOblique.ttf) oblique normal 700 normal>) = 11.335
2026-06-26 13:05:43,261 DEBUG matplotlib.font_manager: findfont: score(<Font 'STIXSizeThreeSym' (STIXSizThreeSymBol.ttf) normal normal 700 normal>) = 10.335
2026-06-26 13:05:43,261 DEBUG matplotlib.font_manager: findfont: score(<Font 'cmr10' (cmr10.ttf) normal normal 400 normal>) = 0.05
2026-06-26 13:05:43,261 DEBUG matplotlib.font_manager: findfont: score(<Font 'STIXSizeTwoSym' (STIXSizTwoSymReg.ttf) normal normal 400 normal>) = 10.05
2026-06-26 13:05:43,261 DEBUG matplotlib.font_manager: findfont: score(<Font 'DejaVu Serif' (DejaVuSerif-Bold.ttf) normal normal 700 normal>) = 10.335
2026-06-26 13:05:43,261 DEBUG matplotlib.font_manager: findfont: score(<Font 'DejaVu Sans Mono' (DejaVuSansMono-Bold.ttf) normal normal 700 normal>) = 10.335
2026-06-26 13:05:43,261 DEBUG matplotlib.font_manager: findfont: score(<Font 'DejaVu Sans' (DejaVuSans.ttf) normal normal 400 normal>) = 10.05
2026-06-26 13:05:43,261 DEBUG matplotlib.font_manager: findfont: score(<Font 'DejaVu Serif' (DejaVuSerif-Bold.ttf) normal normal 700 normal>) = 10.335
2026-06-26 13:05:43,261 DEBUG matplotlib.font_manager: findfont: score(<Font 'DejaVu Sans' (DejaVuSans-Bold.ttf) normal normal 700 normal>) = 10.335
2026-06-26 13:05:43,261 DEBUG matplotlib.font_manager: findfont: score(<Font 'DejaVu Sans Mono' (DejaVuSansMono.ttf) normal normal 400 normal>) = 10.05
2026-06-26 13:05:43,261 DEBUG matplotlib.font_manager: findfont: score(<Font 'DejaVu Serif' (DejaVuSerif.ttf) normal normal 400 normal>) = 10.05
2026-06-26 13:05:43,261 DEBUG matplotlib.font_manager: findfont: Matching cmr10:style=normal:variant=normal:weight=normal:stretch=normal:size=10.0 to cmr10 ('/tmp/_MEIKX0DCh/matplotlib/mpl-data/fonts/ttf/cmr10.ttf') with score of 0.050000.
2026-06-26 13:05:43,261 DEBUG matplotlib.font_manager: findfont: Matching cmtt10:style=normal:variant=normal:weight=normal:stretch=normal:size=10.0.
2026-06-26 13:05:43,261 DEBUG matplotlib.font_manager: findfont: score(<Font 'STIXNonUnicode' (STIXNonUniIta.ttf) italic normal 400 normal>) = 11.05
2026-06-26 13:05:43,261 DEBUG matplotlib.font_manager: findfont: score(<Font 'DejaVu Serif' (DejaVuSerif.ttf) normal normal 400 normal>) = 10.05
2026-06-26 13:05:43,261 DEBUG matplotlib.font_manager: findfont: score(<Font 'STIXGeneral' (STIXGeneral.ttf) normal normal 400 normal>) = 10.05
2026-06-26 13:05:43,261 DEBUG matplotlib.font_manager: findfont: score(<Font 'STIXNonUnicode' (STIXNonUni.ttf) normal normal 400 normal>) = 10.05
2026-06-26 13:05:43,261 DEBUG matplotlib.font_manager: findfont: score(<Font 'cmsy10' (cmsy10.ttf) normal normal 400 normal>) = 10.05
2026-06-26 13:05:43,261 DEBUG matplotlib.font_manager: findfont: score(<Font 'DejaVu Serif' (DejaVuSerif-Italic.ttf) italic normal 400 normal>) = 11.05
2026-06-26 13:05:43,261 DEBUG matplotlib.font_manager: findfont: score(<Font 'STIXNonUnicode' (STIXNonUniBolIta.ttf) italic normal 700 normal>) = 11.335
2026-06-26 13:05:43,261 DEBUG matplotlib.font_manager: findfont: score(<Font 'STIXSizeFourSym' (STIXSizFourSymReg.ttf) normal normal 400 normal>) = 10.05
2026-06-26 13:05:43,261 DEBUG matplotlib.font_manager: findfont: score(<Font 'cmb10' (cmb10.ttf) normal normal 400 normal>) = 10.05
2026-06-26 13:05:43,262 DEBUG matplotlib.font_manager: findfont: score(<Font 'STIXGeneral' (STIXGeneralBol.ttf) normal normal 700 normal>) = 10.335
2026-06-26 13:05:43,262 DEBUG matplotlib.font_manager: findfont: score(<Font 'STIXSizeThreeSym' (STIXSizThreeSymReg.ttf) normal normal 400 normal>) = 10.05
2026-06-26 13:05:43,262 DEBUG matplotlib.font_manager: findfont: score(<Font 'cmex10' (cmex10.ttf) normal normal 400 normal>) = 10.05
2026-06-26 13:05:43,262 DEBUG matplotlib.font_manager: findfont: score(<Font 'STIXGeneral' (STIXGeneralItalic.ttf) italic normal 400 normal>) = 11.05
2026-06-26 13:05:43,262 DEBUG matplotlib.font_manager: findfont: score(<Font 'DejaVu Sans Mono' (DejaVuSansMono-Oblique.ttf) oblique normal 400 normal>) = 11.05
2026-06-26 13:05:43,262 DEBUG matplotlib.font_manager: findfont: score(<Font 'DejaVu Sans' (DejaVuSans.ttf) normal normal 400 normal>) = 10.05
2026-06-26 13:05:43,262 DEBUG matplotlib.font_manager: findfont: score(<Font 'DejaVu Sans' (DejaVuSans-BoldOblique.ttf) oblique normal 700 normal>) = 11.335
2026-06-26 13:05:43,262 DEBUG matplotlib.font_manager: findfont: score(<Font 'DejaVu Sans Display' (DejaVuSansDisplay.ttf) normal normal 400 normal>) = 10.05
2026-06-26 13:05:43,262 DEBUG matplotlib.font_manager: findfont: score(<Font 'DejaVu Serif' (DejaVuSerif-BoldItalic.ttf) italic normal 700 normal>) = 11.335
2026-06-26 13:05:43,262 DEBUG matplotlib.font_manager: findfont: score(<Font 'STIXSizeFourSym' (STIXSizFourSymBol.ttf) normal normal 700 normal>) = 10.335
2026-06-26 13:05:43,262 DEBUG matplotlib.font_manager: findfont: score(<Font 'STIXNonUnicode' (STIXNonUniBol.ttf) normal normal 700 normal>) = 10.335
2026-06-26 13:05:43,262 DEBUG matplotlib.font_manager: findfont: score(<Font 'DejaVu Sans Mono' (DejaVuSansMono-Bold.ttf) normal normal 700 normal>) = 10.335
2026-06-26 13:05:43,262 DEBUG matplotlib.font_manager: findfont: score(<Font 'cmss10' (cmss10.ttf) normal normal 400 normal>) = 10.05
2026-06-26 13:05:43,262 DEBUG matplotlib.font_manager: findfont: score(<Font 'STIXGeneral' (STIXGeneralBolIta.ttf) italic normal 700 normal>) = 11.335
2026-06-26 13:05:43,262 DEBUG matplotlib.font_manager: findfont: score(<Font 'DejaVu Sans Mono' (DejaVuSansMono.ttf) normal normal 400 normal>) = 10.05
2026-06-26 13:05:43,262 DEBUG matplotlib.font_manager: findfont: score(<Font 'DejaVu Serif Display' (DejaVuSerifDisplay.ttf) normal normal 400 normal>) = 10.05
2026-06-26 13:05:43,262 DEBUG matplotlib.font_manager: findfont: score(<Font 'STIXSizeOneSym' (STIXSizOneSymBol.ttf) normal normal 700 normal>) = 10.335
2026-06-26 13:05:43,262 DEBUG matplotlib.font_manager: findfont: score(<Font 'STIXSizeTwoSym' (STIXSizTwoSymBol.ttf) normal normal 700 normal>) = 10.335
2026-06-26 13:05:43,262 DEBUG matplotlib.font_manager: findfont: score(<Font 'STIXSizeOneSym' (STIXSizOneSymReg.ttf) normal normal 400 normal>) = 10.05
2026-06-26 13:05:43,262 DEBUG matplotlib.font_manager: findfont: score(<Font 'STIXSizeFiveSym' (STIXSizFiveSymReg.ttf) normal normal 400 normal>) = 10.05
2026-06-26 13:05:43,262 DEBUG matplotlib.font_manager: findfont: score(<Font 'DejaVu Sans' (DejaVuSans-Oblique.ttf) oblique normal 400 normal>) = 11.05
2026-06-26 13:05:43,262 DEBUG matplotlib.font_manager: findfont: score(<Font 'DejaVu Sans' (DejaVuSans-Bold.ttf) normal normal 700 normal>) = 10.335
2026-06-26 13:05:43,262 DEBUG matplotlib.font_manager: findfont: score(<Font 'cmmi10' (cmmi10.ttf) normal normal 400 normal>) = 10.05
2026-06-26 13:05:43,262 DEBUG matplotlib.font_manager: findfont: score(<Font 'cmtt10' (cmtt10.ttf) normal normal 400 normal>) = 0.05
2026-06-26 13:05:43,262 DEBUG matplotlib.font_manager: findfont: score(<Font 'DejaVu Sans Mono' (DejaVuSansMono-BoldOblique.ttf) oblique normal 700 normal>) = 11.335
2026-06-26 13:05:43,262 DEBUG matplotlib.font_manager: findfont: score(<Font 'STIXSizeThreeSym' (STIXSizThreeSymBol.ttf) normal normal 700 normal>) = 10.335
2026-06-26 13:05:43,262 DEBUG matplotlib.font_manager: findfont: score(<Font 'cmr10' (cmr10.ttf) normal normal 400 normal>) = 10.05
2026-06-26 13:05:43,262 DEBUG matplotlib.font_manager: findfont: score(<Font 'STIXSizeTwoSym' (STIXSizTwoSymReg.ttf) normal normal 400 normal>) = 10.05
2026-06-26 13:05:43,262 DEBUG matplotlib.font_manager: findfont: score(<Font 'DejaVu Serif' (DejaVuSerif-Bold.ttf) normal normal 700 normal>) = 10.335
2026-06-26 13:05:43,262 DEBUG matplotlib.font_manager: findfont: score(<Font 'DejaVu Sans Mono' (DejaVuSansMono-Bold.ttf) normal normal 700 normal>) = 10.335
2026-06-26 13:05:43,262 DEBUG matplotlib.font_manager: findfont: score(<Font 'DejaVu Sans' (DejaVuSans.ttf) normal normal 400 normal>) = 10.05
2026-06-26 13:05:43,262 DEBUG matplotlib.font_manager: findfont: score(<Font 'DejaVu Serif' (DejaVuSerif-Bold.ttf) normal normal 700 normal>) = 10.335
2026-06-26 13:05:43,262 DEBUG matplotlib.font_manager: findfont: score(<Font 'DejaVu Sans' (DejaVuSans-Bold.ttf) normal normal 700 normal>) = 10.335
2026-06-26 13:05:43,262 DEBUG matplotlib.font_manager: findfont: score(<Font 'DejaVu Sans Mono' (DejaVuSansMono.ttf) normal normal 400 normal>) = 10.05
2026-06-26 13:05:43,263 DEBUG matplotlib.font_manager: findfont: score(<Font 'DejaVu Serif' (DejaVuSerif.ttf) normal normal 400 normal>) = 10.05
2026-06-26 13:05:43,263 DEBUG matplotlib.font_manager: findfont: Matching cmtt10:style=normal:variant=normal:weight=normal:stretch=normal:size=10.0 to cmtt10 ('/tmp/_MEIKX0DCh/matplotlib/mpl-data/fonts/ttf/cmtt10.ttf') with score of 0.050000.
2026-06-26 13:05:43,263 DEBUG matplotlib.font_manager: findfont: Matching cmmi10:style=normal:variant=normal:weight=normal:stretch=normal:size=10.0.
2026-06-26 13:05:43,263 DEBUG matplotlib.font_manager: findfont: score(<Font 'STIXNonUnicode' (STIXNonUniIta.ttf) italic normal 400 normal>) = 11.05
2026-06-26 13:05:43,263 DEBUG matplotlib.font_manager: findfont: score(<Font 'DejaVu Serif' (DejaVuSerif.ttf) normal normal 400 normal>) = 10.05
2026-06-26 13:05:43,263 DEBUG matplotlib.font_manager: findfont: score(<Font 'STIXGeneral' (STIXGeneral.ttf) normal normal 400 normal>) = 10.05
2026-06-26 13:05:43,263 DEBUG matplotlib.font_manager: findfont: score(<Font 'STIXNonUnicode' (STIXNonUni.ttf) normal normal 400 normal>) = 10.05
2026-06-26 13:05:43,263 DEBUG matplotlib.font_manager: findfont: score(<Font 'cmsy10' (cmsy10.ttf) normal normal 400 normal>) = 10.05
2026-06-26 13:05:43,263 DEBUG matplotlib.font_manager: findfont: score(<Font 'DejaVu Serif' (DejaVuSerif-Italic.ttf) italic normal 400 normal>) = 11.05
2026-06-26 13:05:43,263 DEBUG matplotlib.font_manager: findfont: score(<Font 'STIXNonUnicode' (STIXNonUniBolIta.ttf) italic normal 700 normal>) = 11.335
2026-06-26 13:05:43,263 DEBUG matplotlib.font_manager: findfont: score(<Font 'STIXSizeFourSym' (STIXSizFourSymReg.ttf) normal normal 400 normal>) = 10.05
2026-06-26 13:05:43,263 DEBUG matplotlib.font_manager: findfont: score(<Font 'cmb10' (cmb10.ttf) normal normal 400 normal>) = 10.05
2026-06-26 13:05:43,263 DEBUG matplotlib.font_manager: findfont: score(<Font 'STIXGeneral' (STIXGeneralBol.ttf) normal normal 700 normal>) = 10.335
2026-06-26 13:05:43,263 DEBUG matplotlib.font_manager: findfont: score(<Font 'STIXSizeThreeSym' (STIXSizThreeSymReg.ttf) normal normal 400 normal>) = 10.05
2026-06-26 13:05:43,263 DEBUG matplotlib.font_manager: findfont: score(<Font 'cmex10' (cmex10.ttf) normal normal 400 normal>) = 10.05
2026-06-26 13:05:43,263 DEBUG matplotlib.font_manager: findfont: score(<Font 'STIXGeneral' (STIXGeneralItalic.ttf) italic normal 400 normal>) = 11.05
2026-06-26 13:05:43,263 DEBUG matplotlib.font_manager: findfont: score(<Font 'DejaVu Sans Mono' (DejaVuSansMono-Oblique.ttf) oblique normal 400 normal>) = 11.05
2026-06-26 13:05:43,263 DEBUG matplotlib.font_manager: findfont: score(<Font 'DejaVu Sans' (DejaVuSans.ttf) normal normal 400 normal>) = 10.05
2026-06-26 13:05:43,263 DEBUG matplotlib.font_manager: findfont: score(<Font 'DejaVu Sans' (DejaVuSans-BoldOblique.ttf) oblique normal 700 normal>) = 11.335
2026-06-26 13:05:43,263 DEBUG matplotlib.font_manager: findfont: score(<Font 'DejaVu Sans Display' (DejaVuSansDisplay.ttf) normal normal 400 normal>) = 10.05
2026-06-26 13:05:43,263 DEBUG matplotlib.font_manager: findfont: score(<Font 'DejaVu Serif' (DejaVuSerif-BoldItalic.ttf) italic normal 700 normal>) = 11.335
2026-06-26 13:05:43,263 DEBUG matplotlib.font_manager: findfont: score(<Font 'STIXSizeFourSym' (STIXSizFourSymBol.ttf) normal normal 700 normal>) = 10.335
2026-06-26 13:05:43,263 DEBUG matplotlib.font_manager: findfont: score(<Font 'STIXNonUnicode' (STIXNonUniBol.ttf) normal normal 700 normal>) = 10.335
2026-06-26 13:05:43,263 DEBUG matplotlib.font_manager: findfont: score(<Font 'DejaVu Sans Mono' (DejaVuSansMono-Bold.ttf) normal normal 700 normal>) = 10.335
2026-06-26 13:05:43,263 DEBUG matplotlib.font_manager: findfont: score(<Font 'cmss10' (cmss10.ttf) normal normal 400 normal>) = 10.05
2026-06-26 13:05:43,263 DEBUG matplotlib.font_manager: findfont: score(<Font 'STIXGeneral' (STIXGeneralBolIta.ttf) italic normal 700 normal>) = 11.335
2026-06-26 13:05:43,264 DEBUG matplotlib.font_manager: findfont: score(<Font 'DejaVu Sans Mono' (DejaVuSansMono.ttf) normal normal 400 normal>) = 10.05
2026-06-26 13:05:43,264 DEBUG matplotlib.font_manager: findfont: score(<Font 'DejaVu Serif Display' (DejaVuSerifDisplay.ttf) normal normal 400 normal>) = 10.05
2026-06-26 13:05:43,264 DEBUG matplotlib.font_manager: findfont: score(<Font 'STIXSizeOneSym' (STIXSizOneSymBol.ttf) normal normal 700 normal>) = 10.335
2026-06-26 13:05:43,264 DEBUG matplotlib.font_manager: findfont: score(<Font 'STIXSizeTwoSym' (STIXSizTwoSymBol.ttf) normal normal 700 normal>) = 10.335
2026-06-26 13:05:43,264 DEBUG matplotlib.font_manager: findfont: score(<Font 'STIXSizeOneSym' (STIXSizOneSymReg.ttf) normal normal 400 normal>) = 10.05
2026-06-26 13:05:43,264 DEBUG matplotlib.font_manager: findfont: score(<Font 'STIXSizeFiveSym' (STIXSizFiveSymReg.ttf) normal normal 400 normal>) = 10.05
2026-06-26 13:05:43,264 DEBUG matplotlib.font_manager: findfont: score(<Font 'DejaVu Sans' (DejaVuSans-Oblique.ttf) oblique normal 400 normal>) = 11.05
2026-06-26 13:05:43,264 DEBUG matplotlib.font_manager: findfont: score(<Font 'DejaVu Sans' (DejaVuSans-Bold.ttf) normal normal 700 normal>) = 10.335
2026-06-26 13:05:43,264 DEBUG matplotlib.font_manager: findfont: score(<Font 'cmmi10' (cmmi10.ttf) normal normal 400 normal>) = 0.05
2026-06-26 13:05:43,264 DEBUG matplotlib.font_manager: findfont: score(<Font 'cmtt10' (cmtt10.ttf) normal normal 400 normal>) = 10.05
2026-06-26 13:05:43,264 DEBUG matplotlib.font_manager: findfont: score(<Font 'DejaVu Sans Mono' (DejaVuSansMono-BoldOblique.ttf) oblique normal 700 normal>) = 11.335
2026-06-26 13:05:43,264 DEBUG matplotlib.font_manager: findfont: score(<Font 'STIXSizeThreeSym' (STIXSizThreeSymBol.ttf) normal normal 700 normal>) = 10.335
2026-06-26 13:05:43,264 DEBUG matplotlib.font_manager: findfont: score(<Font 'cmr10' (cmr10.ttf) normal normal 400 normal>) = 10.05
2026-06-26 13:05:43,264 DEBUG matplotlib.font_manager: findfont: score(<Font 'STIXSizeTwoSym' (STIXSizTwoSymReg.ttf) normal normal 400 normal>) = 10.05
2026-06-26 13:05:43,264 DEBUG matplotlib.font_manager: findfont: score(<Font 'DejaVu Serif' (DejaVuSerif-Bold.ttf) normal normal 700 normal>) = 10.335
2026-06-26 13:05:43,264 DEBUG matplotlib.font_manager: findfont: score(<Font 'DejaVu Sans Mono' (DejaVuSansMono-Bold.ttf) normal normal 700 normal>) = 10.335
2026-06-26 13:05:43,264 DEBUG matplotlib.font_manager: findfont: score(<Font 'DejaVu Sans' (DejaVuSans.ttf) normal normal 400 normal>) = 10.05
2026-06-26 13:05:43,264 DEBUG matplotlib.font_manager: findfont: score(<Font 'DejaVu Serif' (DejaVuSerif-Bold.ttf) normal normal 700 normal>) = 10.335
2026-06-26 13:05:43,264 DEBUG matplotlib.font_manager: findfont: score(<Font 'DejaVu Sans' (DejaVuSans-Bold.ttf) normal normal 700 normal>) = 10.335
2026-06-26 13:05:43,264 DEBUG matplotlib.font_manager: findfont: score(<Font 'DejaVu Sans Mono' (DejaVuSansMono.ttf) normal normal 400 normal>) = 10.05
2026-06-26 13:05:43,264 DEBUG matplotlib.font_manager: findfont: score(<Font 'DejaVu Serif' (DejaVuSerif.ttf) normal normal 400 normal>) = 10.05
2026-06-26 13:05:43,264 DEBUG matplotlib.font_manager: findfont: Matching cmmi10:style=normal:variant=normal:weight=normal:stretch=normal:size=10.0 to cmmi10 ('/tmp/_MEIKX0DCh/matplotlib/mpl-data/fonts/ttf/cmmi10.ttf') with score of 0.050000.
2026-06-26 13:05:43,264 DEBUG matplotlib.font_manager: findfont: Matching cmb10:style=normal:variant=normal:weight=normal:stretch=normal:size=10.0.
2026-06-26 13:05:43,264 DEBUG matplotlib.font_manager: findfont: score(<Font 'STIXNonUnicode' (STIXNonUniIta.ttf) italic normal 400 normal>) = 11.05
2026-06-26 13:05:43,264 DEBUG matplotlib.font_manager: findfont: score(<Font 'DejaVu Serif' (DejaVuSerif.ttf) normal normal 400 normal>) = 10.05
2026-06-26 13:05:43,264 DEBUG matplotlib.font_manager: findfont: score(<Font 'STIXGeneral' (STIXGeneral.ttf) normal normal 400 normal>) = 10.05
2026-06-26 13:05:43,265 DEBUG matplotlib.font_manager: findfont: score(<Font 'STIXNonUnicode' (STIXNonUni.ttf) normal normal 400 normal>) = 10.05
2026-06-26 13:05:43,265 DEBUG matplotlib.font_manager: findfont: score(<Font 'cmsy10' (cmsy10.ttf) normal normal 400 normal>) = 10.05
2026-06-26 13:05:43,265 DEBUG matplotlib.font_manager: findfont: score(<Font 'DejaVu Serif' (DejaVuSerif-Italic.ttf) italic normal 400 normal>) = 11.05
2026-06-26 13:05:43,265 DEBUG matplotlib.font_manager: findfont: score(<Font 'STIXNonUnicode' (STIXNonUniBolIta.ttf) italic normal 700 normal>) = 11.335
2026-06-26 13:05:43,265 DEBUG matplotlib.font_manager: findfont: score(<Font 'STIXSizeFourSym' (STIXSizFourSymReg.ttf) normal normal 400 normal>) = 10.05
2026-06-26 13:05:43,265 DEBUG matplotlib.font_manager: findfont: score(<Font 'cmb10' (cmb10.ttf) normal normal 400 normal>) = 0.05
2026-06-26 13:05:43,265 DEBUG matplotlib.font_manager: findfont: score(<Font 'STIXGeneral' (STIXGeneralBol.ttf) normal normal 700 normal>) = 10.335
2026-06-26 13:05:43,265 DEBUG matplotlib.font_manager: findfont: score(<Font 'STIXSizeThreeSym' (STIXSizThreeSymReg.ttf) normal normal 400 normal>) = 10.05
2026-06-26 13:05:43,265 DEBUG matplotlib.font_manager: findfont: score(<Font 'cmex10' (cmex10.ttf) normal normal 400 normal>) = 10.05
2026-06-26 13:05:43,265 DEBUG matplotlib.font_manager: findfont: score(<Font 'STIXGeneral' (STIXGeneralItalic.ttf) italic normal 400 normal>) = 11.05
2026-06-26 13:05:43,265 DEBUG matplotlib.font_manager: findfont: score(<Font 'DejaVu Sans Mono' (DejaVuSansMono-Oblique.ttf) oblique normal 400 normal>) = 11.05
2026-06-26 13:05:43,265 DEBUG matplotlib.font_manager: findfont: score(<Font 'DejaVu Sans' (DejaVuSans.ttf) normal normal 400 normal>) = 10.05
2026-06-26 13:05:43,265 DEBUG matplotlib.font_manager: findfont: score(<Font 'DejaVu Sans' (DejaVuSans-BoldOblique.ttf) oblique normal 700 normal>) = 11.335
2026-06-26 13:05:43,265 DEBUG matplotlib.font_manager: findfont: score(<Font 'DejaVu Sans Display' (DejaVuSansDisplay.ttf) normal normal 400 normal>) = 10.05
2026-06-26 13:05:43,265 DEBUG matplotlib.font_manager: findfont: score(<Font 'DejaVu Serif' (DejaVuSerif-BoldItalic.ttf) italic normal 700 normal>) = 11.335
2026-06-26 13:05:43,265 DEBUG matplotlib.font_manager: findfont: score(<Font 'STIXSizeFourSym' (STIXSizFourSymBol.ttf) normal normal 700 normal>) = 10.335
2026-06-26 13:05:43,265 DEBUG matplotlib.font_manager: findfont: score(<Font 'STIXNonUnicode' (STIXNonUniBol.ttf) normal normal 700 normal>) = 10.335
2026-06-26 13:05:43,265 DEBUG matplotlib.font_manager: findfont: score(<Font 'DejaVu Sans Mono' (DejaVuSansMono-Bold.ttf) normal normal 700 normal>) = 10.335
2026-06-26 13:05:43,265 DEBUG matplotlib.font_manager: findfont: score(<Font 'cmss10' (cmss10.ttf) normal normal 400 normal>) = 10.05
2026-06-26 13:05:43,265 DEBUG matplotlib.font_manager: findfont: score(<Font 'STIXGeneral' (STIXGeneralBolIta.ttf) italic normal 700 normal>) = 11.335
2026-06-26 13:05:43,265 DEBUG matplotlib.font_manager: findfont: score(<Font 'DejaVu Sans Mono' (DejaVuSansMono.ttf) normal normal 400 normal>) = 10.05
2026-06-26 13:05:43,265 DEBUG matplotlib.font_manager: findfont: score(<Font 'DejaVu Serif Display' (DejaVuSerifDisplay.ttf) normal normal 400 normal>) = 10.05
2026-06-26 13:05:43,265 DEBUG matplotlib.font_manager: findfont: score(<Font 'STIXSizeOneSym' (STIXSizOneSymBol.ttf) normal normal 700 normal>) = 10.335
2026-06-26 13:05:43,265 DEBUG matplotlib.font_manager: findfont: score(<Font 'STIXSizeTwoSym' (STIXSizTwoSymBol.ttf) normal normal 700 normal>) = 10.335
2026-06-26 13:05:43,265 DEBUG matplotlib.font_manager: findfont: score(<Font 'STIXSizeOneSym' (STIXSizOneSymReg.ttf) normal normal 400 normal>) = 10.05
2026-06-26 13:05:43,265 DEBUG matplotlib.font_manager: findfont: score(<Font 'STIXSizeFiveSym' (STIXSizFiveSymReg.ttf) normal normal 400 normal>) = 10.05
2026-06-26 13:05:43,265 DEBUG matplotlib.font_manager: findfont: score(<Font 'DejaVu Sans' (DejaVuSans-Oblique.ttf) oblique normal 400 normal>) = 11.05
2026-06-26 13:05:43,265 DEBUG matplotlib.font_manager: findfont: score(<Font 'DejaVu Sans' (DejaVuSans-Bold.ttf) normal normal 700 normal>) = 10.335
2026-06-26 13:05:43,265 DEBUG matplotlib.font_manager: findfont: score(<Font 'cmmi10' (cmmi10.ttf) normal normal 400 normal>) = 10.05
2026-06-26 13:05:43,265 DEBUG matplotlib.font_manager: findfont: score(<Font 'cmtt10' (cmtt10.ttf) normal normal 400 normal>) = 10.05
2026-06-26 13:05:43,265 DEBUG matplotlib.font_manager: findfont: score(<Font 'DejaVu Sans Mono' (DejaVuSansMono-BoldOblique.ttf) oblique normal 700 normal>) = 11.335
2026-06-26 13:05:43,265 DEBUG matplotlib.font_manager: findfont: score(<Font 'STIXSizeThreeSym' (STIXSizThreeSymBol.ttf) normal normal 700 normal>) = 10.335
2026-06-26 13:05:43,265 DEBUG matplotlib.font_manager: findfont: score(<Font 'cmr10' (cmr10.ttf) normal normal 400 normal>) = 10.05
2026-06-26 13:05:43,265 DEBUG matplotlib.font_manager: findfont: score(<Font 'STIXSizeTwoSym' (STIXSizTwoSymReg.ttf) normal normal 400 normal>) = 10.05
2026-06-26 13:05:43,266 DEBUG matplotlib.font_manager: findfont: score(<Font 'DejaVu Serif' (DejaVuSerif-Bold.ttf) normal normal 700 normal>) = 10.335
2026-06-26 13:05:43,266 DEBUG matplotlib.font_manager: findfont: score(<Font 'DejaVu Sans Mono' (DejaVuSansMono-Bold.ttf) normal normal 700 normal>) = 10.335
2026-06-26 13:05:43,266 DEBUG matplotlib.font_manager: findfont: score(<Font 'DejaVu Sans' (DejaVuSans.ttf) normal normal 400 normal>) = 10.05
2026-06-26 13:05:43,266 DEBUG matplotlib.font_manager: findfont: score(<Font 'DejaVu Serif' (DejaVuSerif-Bold.ttf) normal normal 700 normal>) = 10.335
2026-06-26 13:05:43,266 DEBUG matplotlib.font_manager: findfont: score(<Font 'DejaVu Sans' (DejaVuSans-Bold.ttf) normal normal 700 normal>) = 10.335
2026-06-26 13:05:43,266 DEBUG matplotlib.font_manager: findfont: score(<Font 'DejaVu Sans Mono' (DejaVuSansMono.ttf) normal normal 400 normal>) = 10.05
2026-06-26 13:05:43,266 DEBUG matplotlib.font_manager: findfont: score(<Font 'DejaVu Serif' (DejaVuSerif.ttf) normal normal 400 normal>) = 10.05
2026-06-26 13:05:43,266 DEBUG matplotlib.font_manager: findfont: Matching cmb10:style=normal:variant=normal:weight=normal:stretch=normal:size=10.0 to cmb10 ('/tmp/_MEIKX0DCh/matplotlib/mpl-data/fonts/ttf/cmb10.ttf') with score of 0.050000.
2026-06-26 13:05:43,266 DEBUG matplotlib.font_manager: findfont: Matching cmss10:style=normal:variant=normal:weight=normal:stretch=normal:size=10.0.
2026-06-26 13:05:43,266 DEBUG matplotlib.font_manager: findfont: score(<Font 'STIXNonUnicode' (STIXNonUniIta.ttf) italic normal 400 normal>) = 11.05
2026-06-26 13:05:43,266 DEBUG matplotlib.font_manager: findfont: score(<Font 'DejaVu Serif' (DejaVuSerif.ttf) normal normal 400 normal>) = 10.05
2026-06-26 13:05:43,266 DEBUG matplotlib.font_manager: findfont: score(<Font 'STIXGeneral' (STIXGeneral.ttf) normal normal 400 normal>) = 10.05
2026-06-26 13:05:43,266 DEBUG matplotlib.font_manager: findfont: score(<Font 'STIXNonUnicode' (STIXNonUni.ttf) normal normal 400 normal>) = 10.05
2026-06-26 13:05:43,266 DEBUG matplotlib.font_manager: findfont: score(<Font 'cmsy10' (cmsy10.ttf) normal normal 400 normal>) = 10.05
2026-06-26 13:05:43,266 DEBUG matplotlib.font_manager: findfont: score(<Font 'DejaVu Serif' (DejaVuSerif-Italic.ttf) italic normal 400 normal>) = 11.05
2026-06-26 13:05:43,266 DEBUG matplotlib.font_manager: findfont: score(<Font 'STIXNonUnicode' (STIXNonUniBolIta.ttf) italic normal 700 normal>) = 11.335
2026-06-26 13:05:43,266 DEBUG matplotlib.font_manager: findfont: score(<Font 'STIXSizeFourSym' (STIXSizFourSymReg.ttf) normal normal 400 normal>) = 10.05
2026-06-26 13:05:43,266 DEBUG matplotlib.font_manager: findfont: score(<Font 'cmb10' (cmb10.ttf) normal normal 400 normal>) = 10.05
2026-06-26 13:05:43,266 DEBUG matplotlib.font_manager: findfont: score(<Font 'STIXGeneral' (STIXGeneralBol.ttf) normal normal 700 normal>) = 10.335
2026-06-26 13:05:43,266 DEBUG matplotlib.font_manager: findfont: score(<Font 'STIXSizeThreeSym' (STIXSizThreeSymReg.ttf) normal normal 400 normal>) = 10.05
2026-06-26 13:05:43,266 DEBUG matplotlib.font_manager: findfont: score(<Font 'cmex10' (cmex10.ttf) normal normal 400 normal>) = 10.05
2026-06-26 13:05:43,266 DEBUG matplotlib.font_manager: findfont: score(<Font 'STIXGeneral' (STIXGeneralItalic.ttf) italic normal 400 normal>) = 11.05
2026-06-26 13:05:43,266 DEBUG matplotlib.font_manager: findfont: score(<Font 'DejaVu Sans Mono' (DejaVuSansMono-Oblique.ttf) oblique normal 400 normal>) = 11.05
2026-06-26 13:05:43,266 DEBUG matplotlib.font_manager: findfont: score(<Font 'DejaVu Sans' (DejaVuSans.ttf) normal normal 400 normal>) = 10.05
2026-06-26 13:05:43,266 DEBUG matplotlib.font_manager: findfont: score(<Font 'DejaVu Sans' (DejaVuSans-BoldOblique.ttf) oblique normal 700 normal>) = 11.335
2026-06-26 13:05:43,266 DEBUG matplotlib.font_manager: findfont: score(<Font 'DejaVu Sans Display' (DejaVuSansDisplay.ttf) normal normal 400 normal>) = 10.05
2026-06-26 13:05:43,267 DEBUG matplotlib.font_manager: findfont: score(<Font 'DejaVu Serif' (DejaVuSerif-BoldItalic.ttf) italic normal 700 normal>) = 11.335
2026-06-26 13:05:43,267 DEBUG matplotlib.font_manager: findfont: score(<Font 'STIXSizeFourSym' (STIXSizFourSymBol.ttf) normal normal 700 normal>) = 10.335
2026-06-26 13:05:43,267 DEBUG matplotlib.font_manager: findfont: score(<Font 'STIXNonUnicode' (STIXNonUniBol.ttf) normal normal 700 normal>) = 10.335
2026-06-26 13:05:43,267 DEBUG matplotlib.font_manager: findfont: score(<Font 'DejaVu Sans Mono' (DejaVuSansMono-Bold.ttf) normal normal 700 normal>) = 10.335
2026-06-26 13:05:43,267 DEBUG matplotlib.font_manager: findfont: score(<Font 'cmss10' (cmss10.ttf) normal normal 400 normal>) = 0.05
2026-06-26 13:05:43,267 DEBUG matplotlib.font_manager: findfont: score(<Font 'STIXGeneral' (STIXGeneralBolIta.ttf) italic normal 700 normal>) = 11.335
2026-06-26 13:05:43,267 DEBUG matplotlib.font_manager: findfont: score(<Font 'DejaVu Sans Mono' (DejaVuSansMono.ttf) normal normal 400 normal>) = 10.05
2026-06-26 13:05:43,267 DEBUG matplotlib.font_manager: findfont: score(<Font 'DejaVu Serif Display' (DejaVuSerifDisplay.ttf) normal normal 400 normal>) = 10.05
2026-06-26 13:05:43,267 DEBUG matplotlib.font_manager: findfont: score(<Font 'STIXSizeOneSym' (STIXSizOneSymBol.ttf) normal normal 700 normal>) = 10.335
2026-06-26 13:05:43,267 DEBUG matplotlib.font_manager: findfont: score(<Font 'STIXSizeTwoSym' (STIXSizTwoSymBol.ttf) normal normal 700 normal>) = 10.335
2026-06-26 13:05:43,267 DEBUG matplotlib.font_manager: findfont: score(<Font 'STIXSizeOneSym' (STIXSizOneSymReg.ttf) normal normal 400 normal>) = 10.05
2026-06-26 13:05:43,267 DEBUG matplotlib.font_manager: findfont: score(<Font 'STIXSizeFiveSym' (STIXSizFiveSymReg.ttf) normal normal 400 normal>) = 10.05
2026-06-26 13:05:43,267 DEBUG matplotlib.font_manager: findfont: score(<Font 'DejaVu Sans' (DejaVuSans-Oblique.ttf) oblique normal 400 normal>) = 11.05
2026-06-26 13:05:43,267 DEBUG matplotlib.font_manager: findfont: score(<Font 'DejaVu Sans' (DejaVuSans-Bold.ttf) normal normal 700 normal>) = 10.335
2026-06-26 13:05:43,267 DEBUG matplotlib.font_manager: findfont: score(<Font 'cmmi10' (cmmi10.ttf) normal normal 400 normal>) = 10.05
2026-06-26 13:05:43,267 DEBUG matplotlib.font_manager: findfont: score(<Font 'cmtt10' (cmtt10.ttf) normal normal 400 normal>) = 10.05
2026-06-26 13:05:43,267 DEBUG matplotlib.font_manager: findfont: score(<Font 'DejaVu Sans Mono' (DejaVuSansMono-BoldOblique.ttf) oblique normal 700 normal>) = 11.335
2026-06-26 13:05:43,267 DEBUG matplotlib.font_manager: findfont: score(<Font 'STIXSizeThreeSym' (STIXSizThreeSymBol.ttf) normal normal 700 normal>) = 10.335
2026-06-26 13:05:43,267 DEBUG matplotlib.font_manager: findfont: score(<Font 'cmr10' (cmr10.ttf) normal normal 400 normal>) = 10.05
2026-06-26 13:05:43,267 DEBUG matplotlib.font_manager: findfont: score(<Font 'STIXSizeTwoSym' (STIXSizTwoSymReg.ttf) normal normal 400 normal>) = 10.05
2026-06-26 13:05:43,267 DEBUG matplotlib.font_manager: findfont: score(<Font 'DejaVu Serif' (DejaVuSerif-Bold.ttf) normal normal 700 normal>) = 10.335
2026-06-26 13:05:43,267 DEBUG matplotlib.font_manager: findfont: score(<Font 'DejaVu Sans Mono' (DejaVuSansMono-Bold.ttf) normal normal 700 normal>) = 10.335
2026-06-26 13:05:43,267 DEBUG matplotlib.font_manager: findfont: score(<Font 'DejaVu Sans' (DejaVuSans.ttf) normal normal 400 normal>) = 10.05
2026-06-26 13:05:43,267 DEBUG matplotlib.font_manager: findfont: score(<Font 'DejaVu Serif' (DejaVuSerif-Bold.ttf) normal normal 700 normal>) = 10.335
2026-06-26 13:05:43,267 DEBUG matplotlib.font_manager: findfont: score(<Font 'DejaVu Sans' (DejaVuSans-Bold.ttf) normal normal 700 normal>) = 10.335
2026-06-26 13:05:43,267 DEBUG matplotlib.font_manager: findfont: score(<Font 'DejaVu Sans Mono' (DejaVuSansMono.ttf) normal normal 400 normal>) = 10.05
2026-06-26 13:05:43,267 DEBUG matplotlib.font_manager: findfont: score(<Font 'DejaVu Serif' (DejaVuSerif.ttf) normal normal 400 normal>) = 10.05
2026-06-26 13:05:43,267 DEBUG matplotlib.font_manager: findfont: Matching cmss10:style=normal:variant=normal:weight=normal:stretch=normal:size=10.0 to cmss10 ('/tmp/_MEIKX0DCh/matplotlib/mpl-data/fonts/ttf/cmss10.ttf') with score of 0.050000.
2026-06-26 13:05:43,268 DEBUG matplotlib.font_manager: findfont: Matching cmex10:style=normal:variant=normal:weight=normal:stretch=normal:size=10.0.
2026-06-26 13:05:43,268 DEBUG matplotlib.font_manager: findfont: score(<Font 'STIXNonUnicode' (STIXNonUniIta.ttf) italic normal 400 normal>) = 11.05
2026-06-26 13:05:43,268 DEBUG matplotlib.font_manager: findfont: score(<Font 'DejaVu Serif' (DejaVuSerif.ttf) normal normal 400 normal>) = 10.05
2026-06-26 13:05:43,268 DEBUG matplotlib.font_manager: findfont: score(<Font 'STIXGeneral' (STIXGeneral.ttf) normal normal 400 normal>) = 10.05
2026-06-26 13:05:43,268 DEBUG matplotlib.font_manager: findfont: score(<Font 'STIXNonUnicode' (STIXNonUni.ttf) normal normal 400 normal>) = 10.05
2026-06-26 13:05:43,268 DEBUG matplotlib.font_manager: findfont: score(<Font 'cmsy10' (cmsy10.ttf) normal normal 400 normal>) = 10.05
2026-06-26 13:05:43,268 DEBUG matplotlib.font_manager: findfont: score(<Font 'DejaVu Serif' (DejaVuSerif-Italic.ttf) italic normal 400 normal>) = 11.05
2026-06-26 13:05:43,268 DEBUG matplotlib.font_manager: findfont: score(<Font 'STIXNonUnicode' (STIXNonUniBolIta.ttf) italic normal 700 normal>) = 11.335
2026-06-26 13:05:43,268 DEBUG matplotlib.font_manager: findfont: score(<Font 'STIXSizeFourSym' (STIXSizFourSymReg.ttf) normal normal 400 normal>) = 10.05
2026-06-26 13:05:43,268 DEBUG matplotlib.font_manager: findfont: score(<Font 'cmb10' (cmb10.ttf) normal normal 400 normal>) = 10.05
2026-06-26 13:05:43,268 DEBUG matplotlib.font_manager: findfont: score(<Font 'STIXGeneral' (STIXGeneralBol.ttf) normal normal 700 normal>) = 10.335
2026-06-26 13:05:43,268 DEBUG matplotlib.font_manager: findfont: score(<Font 'STIXSizeThreeSym' (STIXSizThreeSymReg.ttf) normal normal 400 normal>) = 10.05
2026-06-26 13:05:43,268 DEBUG matplotlib.font_manager: findfont: score(<Font 'cmex10' (cmex10.ttf) normal normal 400 normal>) = 0.05
2026-06-26 13:05:43,268 DEBUG matplotlib.font_manager: findfont: score(<Font 'STIXGeneral' (STIXGeneralItalic.ttf) italic normal 400 normal>) = 11.05
2026-06-26 13:05:43,268 DEBUG matplotlib.font_manager: findfont: score(<Font 'DejaVu Sans Mono' (DejaVuSansMono-Oblique.ttf) oblique normal 400 normal>) = 11.05
2026-06-26 13:05:43,268 DEBUG matplotlib.font_manager: findfont: score(<Font 'DejaVu Sans' (DejaVuSans.ttf) normal normal 400 normal>) = 10.05
2026-06-26 13:05:43,268 DEBUG matplotlib.font_manager: findfont: score(<Font 'DejaVu Sans' (DejaVuSans-BoldOblique.ttf) oblique normal 700 normal>) = 11.335
2026-06-26 13:05:43,268 DEBUG matplotlib.font_manager: findfont: score(<Font 'DejaVu Sans Display' (DejaVuSansDisplay.ttf) normal normal 400 normal>) = 10.05
2026-06-26 13:05:43,268 DEBUG matplotlib.font_manager: findfont: score(<Font 'DejaVu Serif' (DejaVuSerif-BoldItalic.ttf) italic normal 700 normal>) = 11.335
2026-06-26 13:05:43,268 DEBUG matplotlib.font_manager: findfont: score(<Font 'STIXSizeFourSym' (STIXSizFourSymBol.ttf) normal normal 700 normal>) = 10.335
2026-06-26 13:05:43,268 DEBUG matplotlib.font_manager: findfont: score(<Font 'STIXNonUnicode' (STIXNonUniBol.ttf) normal normal 700 normal>) = 10.335
2026-06-26 13:05:43,268 DEBUG matplotlib.font_manager: findfont: score(<Font 'DejaVu Sans Mono' (DejaVuSansMono-Bold.ttf) normal normal 700 normal>) = 10.335
2026-06-26 13:05:43,268 DEBUG matplotlib.font_manager: findfont: score(<Font 'cmss10' (cmss10.ttf) normal normal 400 normal>) = 10.05
2026-06-26 13:05:43,268 DEBUG matplotlib.font_manager: findfont: score(<Font 'STIXGeneral' (STIXGeneralBolIta.ttf) italic normal 700 normal>) = 11.335
2026-06-26 13:05:43,268 DEBUG matplotlib.font_manager: findfont: score(<Font 'DejaVu Sans Mono' (DejaVuSansMono.ttf) normal normal 400 normal>) = 10.05
2026-06-26 13:05:43,268 DEBUG matplotlib.font_manager: findfont: score(<Font 'DejaVu Serif Display' (DejaVuSerifDisplay.ttf) normal normal 400 normal>) = 10.05
2026-06-26 13:05:43,268 DEBUG matplotlib.font_manager: findfont: score(<Font 'STIXSizeOneSym' (STIXSizOneSymBol.ttf) normal normal 700 normal>) = 10.335
2026-06-26 13:05:43,268 DEBUG matplotlib.font_manager: findfont: score(<Font 'STIXSizeTwoSym' (STIXSizTwoSymBol.ttf) normal normal 700 normal>) = 10.335
2026-06-26 13:05:43,268 DEBUG matplotlib.font_manager: findfont: score(<Font 'STIXSizeOneSym' (STIXSizOneSymReg.ttf) normal normal 400 normal>) = 10.05
2026-06-26 13:05:43,268 DEBUG matplotlib.font_manager: findfont: score(<Font 'STIXSizeFiveSym' (STIXSizFiveSymReg.ttf) normal normal 400 normal>) = 10.05
2026-06-26 13:05:43,268 DEBUG matplotlib.font_manager: findfont: score(<Font 'DejaVu Sans' (DejaVuSans-Oblique.ttf) oblique normal 400 normal>) = 11.05
2026-06-26 13:05:43,268 DEBUG matplotlib.font_manager: findfont: score(<Font 'DejaVu Sans' (DejaVuSans-Bold.ttf) normal normal 700 normal>) = 10.335
2026-06-26 13:05:43,269 DEBUG matplotlib.font_manager: findfont: score(<Font 'cmmi10' (cmmi10.ttf) normal normal 400 normal>) = 10.05
2026-06-26 13:05:43,269 DEBUG matplotlib.font_manager: findfont: score(<Font 'cmtt10' (cmtt10.ttf) normal normal 400 normal>) = 10.05
2026-06-26 13:05:43,269 DEBUG matplotlib.font_manager: findfont: score(<Font 'DejaVu Sans Mono' (DejaVuSansMono-BoldOblique.ttf) oblique normal 700 normal>) = 11.335
2026-06-26 13:05:43,269 DEBUG matplotlib.font_manager: findfont: score(<Font 'STIXSizeThreeSym' (STIXSizThreeSymBol.ttf) normal normal 700 normal>) = 10.335
2026-06-26 13:05:43,269 DEBUG matplotlib.font_manager: findfont: score(<Font 'cmr10' (cmr10.ttf) normal normal 400 normal>) = 10.05
2026-06-26 13:05:43,269 DEBUG matplotlib.font_manager: findfont: score(<Font 'STIXSizeTwoSym' (STIXSizTwoSymReg.ttf) normal normal 400 normal>) = 10.05
2026-06-26 13:05:43,269 DEBUG matplotlib.font_manager: findfont: score(<Font 'DejaVu Serif' (DejaVuSerif-Bold.ttf) normal normal 700 normal>) = 10.335
2026-06-26 13:05:43,269 DEBUG matplotlib.font_manager: findfont: score(<Font 'DejaVu Sans Mono' (DejaVuSansMono-Bold.ttf) normal normal 700 normal>) = 10.335
2026-06-26 13:05:43,269 DEBUG matplotlib.font_manager: findfont: score(<Font 'DejaVu Sans' (DejaVuSans.ttf) normal normal 400 normal>) = 10.05
2026-06-26 13:05:43,269 DEBUG matplotlib.font_manager: findfont: score(<Font 'DejaVu Serif' (DejaVuSerif-Bold.ttf) normal normal 700 normal>) = 10.335
2026-06-26 13:05:43,269 DEBUG matplotlib.font_manager: findfont: score(<Font 'DejaVu Sans' (DejaVuSans-Bold.ttf) normal normal 700 normal>) = 10.335
2026-06-26 13:05:43,269 DEBUG matplotlib.font_manager: findfont: score(<Font 'DejaVu Sans Mono' (DejaVuSansMono.ttf) normal normal 400 normal>) = 10.05
2026-06-26 13:05:43,269 DEBUG matplotlib.font_manager: findfont: score(<Font 'DejaVu Serif' (DejaVuSerif.ttf) normal normal 400 normal>) = 10.05
2026-06-26 13:05:43,269 DEBUG matplotlib.font_manager: findfont: Matching cmex10:style=normal:variant=normal:weight=normal:stretch=normal:size=10.0 to cmex10 ('/tmp/_MEIKX0DCh/matplotlib/mpl-data/fonts/ttf/cmex10.ttf') with score of 0.050000.
2026-06-26 13:05:43,269 DEBUG matplotlib.font_manager: findfont: Matching DejaVu Sans:style=normal:variant=normal:weight=normal:stretch=normal:size=10.0.
2026-06-26 13:05:43,269 DEBUG matplotlib.font_manager: findfont: score(<Font 'STIXNonUnicode' (STIXNonUniIta.ttf) italic normal 400 normal>) = 11.05
2026-06-26 13:05:43,269 DEBUG matplotlib.font_manager: findfont: score(<Font 'DejaVu Serif' (DejaVuSerif.ttf) normal normal 400 normal>) = 10.05
2026-06-26 13:05:43,269 DEBUG matplotlib.font_manager: findfont: score(<Font 'STIXGeneral' (STIXGeneral.ttf) normal normal 400 normal>) = 10.05
2026-06-26 13:05:43,269 DEBUG matplotlib.font_manager: findfont: score(<Font 'STIXNonUnicode' (STIXNonUni.ttf) normal normal 400 normal>) = 10.05
2026-06-26 13:05:43,269 DEBUG matplotlib.font_manager: findfont: score(<Font 'cmsy10' (cmsy10.ttf) normal normal 400 normal>) = 10.05
2026-06-26 13:05:43,269 DEBUG matplotlib.font_manager: findfont: score(<Font 'DejaVu Serif' (DejaVuSerif-Italic.ttf) italic normal 400 normal>) = 11.05
2026-06-26 13:05:43,269 DEBUG matplotlib.font_manager: findfont: score(<Font 'STIXNonUnicode' (STIXNonUniBolIta.ttf) italic normal 700 normal>) = 11.335
2026-06-26 13:05:43,270 DEBUG matplotlib.font_manager: findfont: score(<Font 'STIXSizeFourSym' (STIXSizFourSymReg.ttf) normal normal 400 normal>) = 10.05
2026-06-26 13:05:43,270 DEBUG matplotlib.font_manager: findfont: score(<Font 'cmb10' (cmb10.ttf) normal normal 400 normal>) = 10.05
2026-06-26 13:05:43,270 DEBUG matplotlib.font_manager: findfont: score(<Font 'STIXGeneral' (STIXGeneralBol.ttf) normal normal 700 normal>) = 10.335
2026-06-26 13:05:43,270 DEBUG matplotlib.font_manager: findfont: score(<Font 'STIXSizeThreeSym' (STIXSizThreeSymReg.ttf) normal normal 400 normal>) = 10.05
2026-06-26 13:05:43,270 DEBUG matplotlib.font_manager: findfont: score(<Font 'cmex10' (cmex10.ttf) normal normal 400 normal>) = 10.05
2026-06-26 13:05:43,270 DEBUG matplotlib.font_manager: findfont: score(<Font 'STIXGeneral' (STIXGeneralItalic.ttf) italic normal 400 normal>) = 11.05
2026-06-26 13:05:43,270 DEBUG matplotlib.font_manager: findfont: score(<Font 'DejaVu Sans Mono' (DejaVuSansMono-Oblique.ttf) oblique normal 400 normal>) = 11.05
2026-06-26 13:05:43,270 DEBUG matplotlib.font_manager: findfont: score(<Font 'DejaVu Sans' (DejaVuSans.ttf) normal normal 400 normal>) = 0.05
2026-06-26 13:05:43,270 DEBUG matplotlib.font_manager: findfont: score(<Font 'DejaVu Sans' (DejaVuSans-BoldOblique.ttf) oblique normal 700 normal>) = 1.335
2026-06-26 13:05:43,270 DEBUG matplotlib.font_manager: findfont: score(<Font 'DejaVu Sans Display' (DejaVuSansDisplay.ttf) normal normal 400 normal>) = 10.05
2026-06-26 13:05:43,270 DEBUG matplotlib.font_manager: findfont: score(<Font 'DejaVu Serif' (DejaVuSerif-BoldItalic.ttf) italic normal 700 normal>) = 11.335
2026-06-26 13:05:43,270 DEBUG matplotlib.font_manager: findfont: score(<Font 'STIXSizeFourSym' (STIXSizFourSymBol.ttf) normal normal 700 normal>) = 10.335
2026-06-26 13:05:43,270 DEBUG matplotlib.font_manager: findfont: score(<Font 'STIXNonUnicode' (STIXNonUniBol.ttf) normal normal 700 normal>) = 10.335
2026-06-26 13:05:43,270 DEBUG matplotlib.font_manager: findfont: score(<Font 'DejaVu Sans Mono' (DejaVuSansMono-Bold.ttf) normal normal 700 normal>) = 10.335
2026-06-26 13:05:43,270 DEBUG matplotlib.font_manager: findfont: score(<Font 'cmss10' (cmss10.ttf) normal normal 400 normal>) = 10.05
2026-06-26 13:05:43,270 DEBUG matplotlib.font_manager: findfont: score(<Font 'STIXGeneral' (STIXGeneralBolIta.ttf) italic normal 700 normal>) = 11.335
2026-06-26 13:05:43,270 DEBUG matplotlib.font_manager: findfont: score(<Font 'DejaVu Sans Mono' (DejaVuSansMono.ttf) normal normal 400 normal>) = 10.05
2026-06-26 13:05:43,270 DEBUG matplotlib.font_manager: findfont: score(<Font 'DejaVu Serif Display' (DejaVuSerifDisplay.ttf) normal normal 400 normal>) = 10.05
2026-06-26 13:05:43,270 DEBUG matplotlib.font_manager: findfont: score(<Font 'STIXSizeOneSym' (STIXSizOneSymBol.ttf) normal normal 700 normal>) = 10.335
2026-06-26 13:05:43,270 DEBUG matplotlib.font_manager: findfont: score(<Font 'STIXSizeTwoSym' (STIXSizTwoSymBol.ttf) normal normal 700 normal>) = 10.335
2026-06-26 13:05:43,270 DEBUG matplotlib.font_manager: findfont: score(<Font 'STIXSizeOneSym' (STIXSizOneSymReg.ttf) normal normal 400 normal>) = 10.05
2026-06-26 13:05:43,270 DEBUG matplotlib.font_manager: findfont: score(<Font 'STIXSizeFiveSym' (STIXSizFiveSymReg.ttf) normal normal 400 normal>) = 10.05
2026-06-26 13:05:43,270 DEBUG matplotlib.font_manager: findfont: score(<Font 'DejaVu Sans' (DejaVuSans-Oblique.ttf) oblique normal 400 normal>) = 1.05
2026-06-26 13:05:43,270 DEBUG matplotlib.font_manager: findfont: score(<Font 'DejaVu Sans' (DejaVuSans-Bold.ttf) normal normal 700 normal>) = 0.33499999999999996
2026-06-26 13:05:43,270 DEBUG matplotlib.font_manager: findfont: score(<Font 'cmmi10' (cmmi10.ttf) normal normal 400 normal>) = 10.05
2026-06-26 13:05:43,270 DEBUG matplotlib.font_manager: findfont: score(<Font 'cmtt10' (cmtt10.ttf) normal normal 400 normal>) = 10.05
2026-06-26 13:05:43,270 DEBUG matplotlib.font_manager: findfont: score(<Font 'DejaVu Sans Mono' (DejaVuSansMono-BoldOblique.ttf) oblique normal 700 normal>) = 11.335
2026-06-26 13:05:43,270 DEBUG matplotlib.font_manager: findfont: score(<Font 'STIXSizeThreeSym' (STIXSizThreeSymBol.ttf) normal normal 700 normal>) = 10.335
2026-06-26 13:05:43,270 DEBUG matplotlib.font_manager: findfont: score(<Font 'cmr10' (cmr10.ttf) normal normal 400 normal>) = 10.05
2026-06-26 13:05:43,270 DEBUG matplotlib.font_manager: findfont: score(<Font 'STIXSizeTwoSym' (STIXSizTwoSymReg.ttf) normal normal 400 normal>) = 10.05
2026-06-26 13:05:43,270 DEBUG matplotlib.font_manager: findfont: score(<Font 'DejaVu Serif' (DejaVuSerif-Bold.ttf) normal normal 700 normal>) = 10.335
2026-06-26 13:05:43,270 DEBUG matplotlib.font_manager: findfont: score(<Font 'DejaVu Sans Mono' (DejaVuSansMono-Bold.ttf) normal normal 700 normal>) = 10.335
2026-06-26 13:05:43,270 DEBUG matplotlib.font_manager: findfont: score(<Font 'DejaVu Sans' (DejaVuSans.ttf) normal normal 400 normal>) = 0.05
2026-06-26 13:05:43,270 DEBUG matplotlib.font_manager: findfont: score(<Font 'DejaVu Serif' (DejaVuSerif-Bold.ttf) normal normal 700 normal>) = 10.335
2026-06-26 13:05:43,271 DEBUG matplotlib.font_manager: findfont: score(<Font 'DejaVu Sans' (DejaVuSans-Bold.ttf) normal normal 700 normal>) = 0.33499999999999996
2026-06-26 13:05:43,271 DEBUG matplotlib.font_manager: findfont: score(<Font 'DejaVu Sans Mono' (DejaVuSansMono.ttf) normal normal 400 normal>) = 10.05
2026-06-26 13:05:43,271 DEBUG matplotlib.font_manager: findfont: score(<Font 'DejaVu Serif' (DejaVuSerif.ttf) normal normal 400 normal>) = 10.05
2026-06-26 13:05:43,271 DEBUG matplotlib.font_manager: findfont: Matching DejaVu Sans:style=normal:variant=normal:weight=normal:stretch=normal:size=10.0 to DejaVu Sans ('/tmp/_MEIKX0DCh/matplotlib/mpl-data/fonts/ttf/DejaVuSans.ttf') with score of 0.050000.
2026-06-26 13:05:43,271 DEBUG matplotlib.font_manager: findfont: Matching DejaVu Sans:style=italic:variant=normal:weight=normal:stretch=normal:size=10.0.
2026-06-26 13:05:43,271 DEBUG matplotlib.font_manager: findfont: score(<Font 'STIXNonUnicode' (STIXNonUniIta.ttf) italic normal 400 normal>) = 10.05
2026-06-26 13:05:43,271 DEBUG matplotlib.font_manager: findfont: score(<Font 'DejaVu Serif' (DejaVuSerif.ttf) normal normal 400 normal>) = 11.05
2026-06-26 13:05:43,271 DEBUG matplotlib.font_manager: findfont: score(<Font 'STIXGeneral' (STIXGeneral.ttf) normal normal 400 normal>) = 11.05
2026-06-26 13:05:43,271 DEBUG matplotlib.font_manager: findfont: score(<Font 'STIXNonUnicode' (STIXNonUni.ttf) normal normal 400 normal>) = 11.05
2026-06-26 13:05:43,271 DEBUG matplotlib.font_manager: findfont: score(<Font 'cmsy10' (cmsy10.ttf) normal normal 400 normal>) = 11.05
2026-06-26 13:05:43,271 DEBUG matplotlib.font_manager: findfont: score(<Font 'DejaVu Serif' (DejaVuSerif-Italic.ttf) italic normal 400 normal>) = 10.05
2026-06-26 13:05:43,271 DEBUG matplotlib.font_manager: findfont: score(<Font 'STIXNonUnicode' (STIXNonUniBolIta.ttf) italic normal 700 normal>) = 10.335
2026-06-26 13:05:43,271 DEBUG matplotlib.font_manager: findfont: score(<Font 'STIXSizeFourSym' (STIXSizFourSymReg.ttf) normal normal 400 normal>) = 11.05
2026-06-26 13:05:43,271 DEBUG matplotlib.font_manager: findfont: score(<Font 'cmb10' (cmb10.ttf) normal normal 400 normal>) = 11.05
2026-06-26 13:05:43,271 DEBUG matplotlib.font_manager: findfont: score(<Font 'STIXGeneral' (STIXGeneralBol.ttf) normal normal 700 normal>) = 11.335
2026-06-26 13:05:43,271 DEBUG matplotlib.font_manager: findfont: score(<Font 'STIXSizeThreeSym' (STIXSizThreeSymReg.ttf) normal normal 400 normal>) = 11.05
2026-06-26 13:05:43,271 DEBUG matplotlib.font_manager: findfont: score(<Font 'cmex10' (cmex10.ttf) normal normal 400 normal>) = 11.05
2026-06-26 13:05:43,271 DEBUG matplotlib.font_manager: findfont: score(<Font 'STIXGeneral' (STIXGeneralItalic.ttf) italic normal 400 normal>) = 10.05
2026-06-26 13:05:43,271 DEBUG matplotlib.font_manager: findfont: score(<Font 'DejaVu Sans Mono' (DejaVuSansMono-Oblique.ttf) oblique normal 400 normal>) = 10.15
2026-06-26 13:05:43,271 DEBUG matplotlib.font_manager: findfont: score(<Font 'DejaVu Sans' (DejaVuSans.ttf) normal normal 400 normal>) = 1.05
2026-06-26 13:05:43,271 DEBUG matplotlib.font_manager: findfont: score(<Font 'DejaVu Sans' (DejaVuSans-BoldOblique.ttf) oblique normal 700 normal>) = 0.43499999999999994
2026-06-26 13:05:43,271 DEBUG matplotlib.font_manager: findfont: score(<Font 'DejaVu Sans Display' (DejaVuSansDisplay.ttf) normal normal 400 normal>) = 11.05
2026-06-26 13:05:43,272 DEBUG matplotlib.font_manager: findfont: score(<Font 'DejaVu Serif' (DejaVuSerif-BoldItalic.ttf) italic normal 700 normal>) = 10.335
2026-06-26 13:05:43,272 DEBUG matplotlib.font_manager: findfont: score(<Font 'STIXSizeFourSym' (STIXSizFourSymBol.ttf) normal normal 700 normal>) = 11.335
2026-06-26 13:05:43,272 DEBUG matplotlib.font_manager: findfont: score(<Font 'STIXNonUnicode' (STIXNonUniBol.ttf) normal normal 700 normal>) = 11.335
2026-06-26 13:05:43,272 DEBUG matplotlib.font_manager: findfont: score(<Font 'DejaVu Sans Mono' (DejaVuSansMono-Bold.ttf) normal normal 700 normal>) = 11.335
2026-06-26 13:05:43,272 DEBUG matplotlib.font_manager: findfont: score(<Font 'cmss10' (cmss10.ttf) normal normal 400 normal>) = 11.05
2026-06-26 13:05:43,272 DEBUG matplotlib.font_manager: findfont: score(<Font 'STIXGeneral' (STIXGeneralBolIta.ttf) italic normal 700 normal>) = 10.335
2026-06-26 13:05:43,272 DEBUG matplotlib.font_manager: findfont: score(<Font 'DejaVu Sans Mono' (DejaVuSansMono.ttf) normal normal 400 normal>) = 11.05
2026-06-26 13:05:43,272 DEBUG matplotlib.font_manager: findfont: score(<Font 'DejaVu Serif Display' (DejaVuSerifDisplay.ttf) normal normal 400 normal>) = 11.05
2026-06-26 13:05:43,272 DEBUG matplotlib.font_manager: findfont: score(<Font 'STIXSizeOneSym' (STIXSizOneSymBol.ttf) normal normal 700 normal>) = 11.335
2026-06-26 13:05:43,272 DEBUG matplotlib.font_manager: findfont: score(<Font 'STIXSizeTwoSym' (STIXSizTwoSymBol.ttf) normal normal 700 normal>) = 11.335
2026-06-26 13:05:43,272 DEBUG matplotlib.font_manager: findfont: score(<Font 'STIXSizeOneSym' (STIXSizOneSymReg.ttf) normal normal 400 normal>) = 11.05
2026-06-26 13:05:43,272 DEBUG matplotlib.font_manager: findfont: score(<Font 'STIXSizeFiveSym' (STIXSizFiveSymReg.ttf) normal normal 400 normal>) = 11.05
2026-06-26 13:05:43,272 DEBUG matplotlib.font_manager: findfont: score(<Font 'DejaVu Sans' (DejaVuSans-Oblique.ttf) oblique normal 400 normal>) = 0.15000000000000002
2026-06-26 13:05:43,272 DEBUG matplotlib.font_manager: findfont: score(<Font 'DejaVu Sans' (DejaVuSans-Bold.ttf) normal normal 700 normal>) = 1.335
2026-06-26 13:05:43,272 DEBUG matplotlib.font_manager: findfont: score(<Font 'cmmi10' (cmmi10.ttf) normal normal 400 normal>) = 11.05
2026-06-26 13:05:43,272 DEBUG matplotlib.font_manager: findfont: score(<Font 'cmtt10' (cmtt10.ttf) normal normal 400 normal>) = 11.05
2026-06-26 13:05:43,272 DEBUG matplotlib.font_manager: findfont: score(<Font 'DejaVu Sans Mono' (DejaVuSansMono-BoldOblique.ttf) oblique normal 700 normal>) = 10.434999999999999
2026-06-26 13:05:43,272 DEBUG matplotlib.font_manager: findfont: score(<Font 'STIXSizeThreeSym' (STIXSizThreeSymBol.ttf) normal normal 700 normal>) = 11.335
2026-06-26 13:05:43,272 DEBUG matplotlib.font_manager: findfont: score(<Font 'cmr10' (cmr10.ttf) normal normal 400 normal>) = 11.05
2026-06-26 13:05:43,272 DEBUG matplotlib.font_manager: findfont: score(<Font 'STIXSizeTwoSym' (STIXSizTwoSymReg.ttf) normal normal 400 normal>) = 11.05
2026-06-26 13:05:43,272 DEBUG matplotlib.font_manager: findfont: score(<Font 'DejaVu Serif' (DejaVuSerif-Bold.ttf) normal normal 700 normal>) = 11.335
2026-06-26 13:05:43,272 DEBUG matplotlib.font_manager: findfont: score(<Font 'DejaVu Sans Mono' (DejaVuSansMono-Bold.ttf) normal normal 700 normal>) = 11.335
2026-06-26 13:05:43,272 DEBUG matplotlib.font_manager: findfont: score(<Font 'DejaVu Sans' (DejaVuSans.ttf) normal normal 400 normal>) = 1.05
2026-06-26 13:05:43,272 DEBUG matplotlib.font_manager: findfont: score(<Font 'DejaVu Serif' (DejaVuSerif-Bold.ttf) normal normal 700 normal>) = 11.335
2026-06-26 13:05:43,272 DEBUG matplotlib.font_manager: findfont: score(<Font 'DejaVu Sans' (DejaVuSans-Bold.ttf) normal normal 700 normal>) = 1.335
2026-06-26 13:05:43,272 DEBUG matplotlib.font_manager: findfont: score(<Font 'DejaVu Sans Mono' (DejaVuSansMono.ttf) normal normal 400 normal>) = 11.05
2026-06-26 13:05:43,272 DEBUG matplotlib.font_manager: findfont: score(<Font 'DejaVu Serif' (DejaVuSerif.ttf) normal normal 400 normal>) = 11.05
2026-06-26 13:05:43,272 DEBUG matplotlib.font_manager: findfont: Matching DejaVu Sans:style=italic:variant=normal:weight=normal:stretch=normal:size=10.0 to DejaVu Sans ('/tmp/_MEIKX0DCh/matplotlib/mpl-data/fonts/ttf/DejaVuSans-Oblique.ttf') with score of 0.150000.
2026-06-26 13:05:43,273 DEBUG matplotlib.font_manager: findfont: Matching DejaVu Sans:style=normal:variant=normal:weight=bold:stretch=normal:size=10.0.
2026-06-26 13:05:43,273 DEBUG matplotlib.font_manager: findfont: score(<Font 'STIXNonUnicode' (STIXNonUniIta.ttf) italic normal 400 normal>) = 11.335
2026-06-26 13:05:43,273 DEBUG matplotlib.font_manager: findfont: score(<Font 'DejaVu Serif' (DejaVuSerif.ttf) normal normal 400 normal>) = 10.335
2026-06-26 13:05:43,273 DEBUG matplotlib.font_manager: findfont: score(<Font 'STIXGeneral' (STIXGeneral.ttf) normal normal 400 normal>) = 10.335
2026-06-26 13:05:43,273 DEBUG matplotlib.font_manager: findfont: score(<Font 'STIXNonUnicode' (STIXNonUni.ttf) normal normal 400 normal>) = 10.335
2026-06-26 13:05:43,273 DEBUG matplotlib.font_manager: findfont: score(<Font 'cmsy10' (cmsy10.ttf) normal normal 400 normal>) = 10.335
2026-06-26 13:05:43,273 DEBUG matplotlib.font_manager: findfont: score(<Font 'DejaVu Serif' (DejaVuSerif-Italic.ttf) italic normal 400 normal>) = 11.335
2026-06-26 13:05:43,273 DEBUG matplotlib.font_manager: findfont: score(<Font 'STIXNonUnicode' (STIXNonUniBolIta.ttf) italic normal 700 normal>) = 11.05
2026-06-26 13:05:43,273 DEBUG matplotlib.font_manager: findfont: score(<Font 'STIXSizeFourSym' (STIXSizFourSymReg.ttf) normal normal 400 normal>) = 10.335
2026-06-26 13:05:43,273 DEBUG matplotlib.font_manager: findfont: score(<Font 'cmb10' (cmb10.ttf) normal normal 400 normal>) = 10.335
2026-06-26 13:05:43,273 DEBUG matplotlib.font_manager: findfont: score(<Font 'STIXGeneral' (STIXGeneralBol.ttf) normal normal 700 normal>) = 10.05
2026-06-26 13:05:43,273 DEBUG matplotlib.font_manager: findfont: score(<Font 'STIXSizeThreeSym' (STIXSizThreeSymReg.ttf) normal normal 400 normal>) = 10.335
2026-06-26 13:05:43,273 DEBUG matplotlib.font_manager: findfont: score(<Font 'cmex10' (cmex10.ttf) normal normal 400 normal>) = 10.335
2026-06-26 13:05:43,273 DEBUG matplotlib.font_manager: findfont: score(<Font 'STIXGeneral' (STIXGeneralItalic.ttf) italic normal 400 normal>) = 11.335
2026-06-26 13:05:43,273 DEBUG matplotlib.font_manager: findfont: score(<Font 'DejaVu Sans Mono' (DejaVuSansMono-Oblique.ttf) oblique normal 400 normal>) = 11.335
2026-06-26 13:05:43,273 DEBUG matplotlib.font_manager: findfont: score(<Font 'DejaVu Sans' (DejaVuSans.ttf) normal normal 400 normal>) = 0.33499999999999996
2026-06-26 13:05:43,273 DEBUG matplotlib.font_manager: findfont: score(<Font 'DejaVu Sans' (DejaVuSans-BoldOblique.ttf) oblique normal 700 normal>) = 1.05
2026-06-26 13:05:43,273 DEBUG matplotlib.font_manager: findfont: score(<Font 'DejaVu Sans Display' (DejaVuSansDisplay.ttf) normal normal 400 normal>) = 10.335
2026-06-26 13:05:43,273 DEBUG matplotlib.font_manager: findfont: score(<Font 'DejaVu Serif' (DejaVuSerif-BoldItalic.ttf) italic normal 700 normal>) = 11.05
2026-06-26 13:05:43,273 DEBUG matplotlib.font_manager: findfont: score(<Font 'STIXSizeFourSym' (STIXSizFourSymBol.ttf) normal normal 700 normal>) = 10.05
2026-06-26 13:05:43,273 DEBUG matplotlib.font_manager: findfont: score(<Font 'STIXNonUnicode' (STIXNonUniBol.ttf) normal normal 700 normal>) = 10.05
2026-06-26 13:05:43,273 DEBUG matplotlib.font_manager: findfont: score(<Font 'DejaVu Sans Mono' (DejaVuSansMono-Bold.ttf) normal normal 700 normal>) = 10.05
2026-06-26 13:05:43,273 DEBUG matplotlib.font_manager: findfont: score(<Font 'cmss10' (cmss10.ttf) normal normal 400 normal>) = 10.335
2026-06-26 13:05:43,273 DEBUG matplotlib.font_manager: findfont: score(<Font 'STIXGeneral' (STIXGeneralBolIta.ttf) italic normal 700 normal>) = 11.05
2026-06-26 13:05:43,273 DEBUG matplotlib.font_manager: findfont: score(<Font 'DejaVu Sans Mono' (DejaVuSansMono.ttf) normal normal 400 normal>) = 10.335
2026-06-26 13:05:43,273 DEBUG matplotlib.font_manager: findfont: score(<Font 'DejaVu Serif Display' (DejaVuSerifDisplay.ttf) normal normal 400 normal>) = 10.335
2026-06-26 13:05:43,273 DEBUG matplotlib.font_manager: findfont: score(<Font 'STIXSizeOneSym' (STIXSizOneSymBol.ttf) normal normal 700 normal>) = 10.05
2026-06-26 13:05:43,273 DEBUG matplotlib.font_manager: findfont: score(<Font 'STIXSizeTwoSym' (STIXSizTwoSymBol.ttf) normal normal 700 normal>) = 10.05
2026-06-26 13:05:43,274 DEBUG matplotlib.font_manager: findfont: score(<Font 'STIXSizeOneSym' (STIXSizOneSymReg.ttf) normal normal 400 normal>) = 10.335
2026-06-26 13:05:43,274 DEBUG matplotlib.font_manager: findfont: score(<Font 'STIXSizeFiveSym' (STIXSizFiveSymReg.ttf) normal normal 400 normal>) = 10.335
2026-06-26 13:05:43,274 DEBUG matplotlib.font_manager: findfont: score(<Font 'DejaVu Sans' (DejaVuSans-Oblique.ttf) oblique normal 400 normal>) = 1.335
2026-06-26 13:05:43,274 DEBUG matplotlib.font_manager: findfont: score(<Font 'DejaVu Sans' (DejaVuSans-Bold.ttf) normal normal 700 normal>) = 0.05
2026-06-26 13:05:43,274 DEBUG matplotlib.font_manager: findfont: score(<Font 'cmmi10' (cmmi10.ttf) normal normal 400 normal>) = 10.335
2026-06-26 13:05:43,274 DEBUG matplotlib.font_manager: findfont: score(<Font 'cmtt10' (cmtt10.ttf) normal normal 400 normal>) = 10.335
2026-06-26 13:05:43,274 DEBUG matplotlib.font_manager: findfont: score(<Font 'DejaVu Sans Mono' (DejaVuSansMono-BoldOblique.ttf) oblique normal 700 normal>) = 11.05
2026-06-26 13:05:43,274 DEBUG matplotlib.font_manager: findfont: score(<Font 'STIXSizeThreeSym' (STIXSizThreeSymBol.ttf) normal normal 700 normal>) = 10.05
2026-06-26 13:05:43,274 DEBUG matplotlib.font_manager: findfont: score(<Font 'cmr10' (cmr10.ttf) normal normal 400 normal>) = 10.335
2026-06-26 13:05:43,274 DEBUG matplotlib.font_manager: findfont: score(<Font 'STIXSizeTwoSym' (STIXSizTwoSymReg.ttf) normal normal 400 normal>) = 10.335
2026-06-26 13:05:43,274 DEBUG matplotlib.font_manager: findfont: score(<Font 'DejaVu Serif' (DejaVuSerif-Bold.ttf) normal normal 700 normal>) = 10.05
2026-06-26 13:05:43,274 DEBUG matplotlib.font_manager: findfont: score(<Font 'DejaVu Sans Mono' (DejaVuSansMono-Bold.ttf) normal normal 700 normal>) = 10.05
2026-06-26 13:05:43,274 DEBUG matplotlib.font_manager: findfont: score(<Font 'DejaVu Sans' (DejaVuSans.ttf) normal normal 400 normal>) = 0.33499999999999996
2026-06-26 13:05:43,274 DEBUG matplotlib.font_manager: findfont: score(<Font 'DejaVu Serif' (DejaVuSerif-Bold.ttf) normal normal 700 normal>) = 10.05
2026-06-26 13:05:43,274 DEBUG matplotlib.font_manager: findfont: score(<Font 'DejaVu Sans' (DejaVuSans-Bold.ttf) normal normal 700 normal>) = 0.05
2026-06-26 13:05:43,274 DEBUG matplotlib.font_manager: findfont: score(<Font 'DejaVu Sans Mono' (DejaVuSansMono.ttf) normal normal 400 normal>) = 10.335
2026-06-26 13:05:43,274 DEBUG matplotlib.font_manager: findfont: score(<Font 'DejaVu Serif' (DejaVuSerif.ttf) normal normal 400 normal>) = 10.335
2026-06-26 13:05:43,274 DEBUG matplotlib.font_manager: findfont: Matching DejaVu Sans:style=normal:variant=normal:weight=bold:stretch=normal:size=10.0 to DejaVu Sans ('/tmp/_MEIKX0DCh/matplotlib/mpl-data/fonts/ttf/DejaVuSans-Bold.ttf') with score of 0.050000.
2026-06-26 13:05:43,274 DEBUG matplotlib.font_manager: findfont: Matching DejaVu Sans Mono:style=normal:variant=normal:weight=normal:stretch=normal:size=10.0.
2026-06-26 13:05:43,274 DEBUG matplotlib.font_manager: findfont: score(<Font 'STIXNonUnicode' (STIXNonUniIta.ttf) italic normal 400 normal>) = 11.05
2026-06-26 13:05:43,274 DEBUG matplotlib.font_manager: findfont: score(<Font 'DejaVu Serif' (DejaVuSerif.ttf) normal normal 400 normal>) = 10.05
2026-06-26 13:05:43,274 DEBUG matplotlib.font_manager: findfont: score(<Font 'STIXGeneral' (STIXGeneral.ttf) normal normal 400 normal>) = 10.05
2026-06-26 13:05:43,274 DEBUG matplotlib.font_manager: findfont: score(<Font 'STIXNonUnicode' (STIXNonUni.ttf) normal normal 400 normal>) = 10.05
2026-06-26 13:05:43,274 DEBUG matplotlib.font_manager: findfont: score(<Font 'cmsy10' (cmsy10.ttf) normal normal 400 normal>) = 10.05
2026-06-26 13:05:43,275 DEBUG matplotlib.font_manager: findfont: score(<Font 'DejaVu Serif' (DejaVuSerif-Italic.ttf) italic normal 400 normal>) = 11.05
2026-06-26 13:05:43,275 DEBUG matplotlib.font_manager: findfont: score(<Font 'STIXNonUnicode' (STIXNonUniBolIta.ttf) italic normal 700 normal>) = 11.335
2026-06-26 13:05:43,275 DEBUG matplotlib.font_manager: findfont: score(<Font 'STIXSizeFourSym' (STIXSizFourSymReg.ttf) normal normal 400 normal>) = 10.05
2026-06-26 13:05:43,275 DEBUG matplotlib.font_manager: findfont: score(<Font 'cmb10' (cmb10.ttf) normal normal 400 normal>) = 10.05
2026-06-26 13:05:43,275 DEBUG matplotlib.font_manager: findfont: score(<Font 'STIXGeneral' (STIXGeneralBol.ttf) normal normal 700 normal>) = 10.335
2026-06-26 13:05:43,275 DEBUG matplotlib.font_manager: findfont: score(<Font 'STIXSizeThreeSym' (STIXSizThreeSymReg.ttf) normal normal 400 normal>) = 10.05
2026-06-26 13:05:43,275 DEBUG matplotlib.font_manager: findfont: score(<Font 'cmex10' (cmex10.ttf) normal normal 400 normal>) = 10.05
2026-06-26 13:05:43,275 DEBUG matplotlib.font_manager: findfont: score(<Font 'STIXGeneral' (STIXGeneralItalic.ttf) italic normal 400 normal>) = 11.05
2026-06-26 13:05:43,275 DEBUG matplotlib.font_manager: findfont: score(<Font 'DejaVu Sans Mono' (DejaVuSansMono-Oblique.ttf) oblique normal 400 normal>) = 1.05
2026-06-26 13:05:43,275 DEBUG matplotlib.font_manager: findfont: score(<Font 'DejaVu Sans' (DejaVuSans.ttf) normal normal 400 normal>) = 10.05
2026-06-26 13:05:43,275 DEBUG matplotlib.font_manager: findfont: score(<Font 'DejaVu Sans' (DejaVuSans-BoldOblique.ttf) oblique normal 700 normal>) = 11.335
2026-06-26 13:05:43,275 DEBUG matplotlib.font_manager: findfont: score(<Font 'DejaVu Sans Display' (DejaVuSansDisplay.ttf) normal normal 400 normal>) = 10.05
2026-06-26 13:05:43,275 DEBUG matplotlib.font_manager: findfont: score(<Font 'DejaVu Serif' (DejaVuSerif-BoldItalic.ttf) italic normal 700 normal>) = 11.335
2026-06-26 13:05:43,275 DEBUG matplotlib.font_manager: findfont: score(<Font 'STIXSizeFourSym' (STIXSizFourSymBol.ttf) normal normal 700 normal>) = 10.335
2026-06-26 13:05:43,275 DEBUG matplotlib.font_manager: findfont: score(<Font 'STIXNonUnicode' (STIXNonUniBol.ttf) normal normal 700 normal>) = 10.335
2026-06-26 13:05:43,275 DEBUG matplotlib.font_manager: findfont: score(<Font 'DejaVu Sans Mono' (DejaVuSansMono-Bold.ttf) normal normal 700 normal>) = 0.33499999999999996
2026-06-26 13:05:43,275 DEBUG matplotlib.font_manager: findfont: score(<Font 'cmss10' (cmss10.ttf) normal normal 400 normal>) = 10.05
2026-06-26 13:05:43,275 DEBUG matplotlib.font_manager: findfont: score(<Font 'STIXGeneral' (STIXGeneralBolIta.ttf) italic normal 700 normal>) = 11.335
2026-06-26 13:05:43,275 DEBUG matplotlib.font_manager: findfont: score(<Font 'DejaVu Sans Mono' (DejaVuSansMono.ttf) normal normal 400 normal>) = 0.05
2026-06-26 13:05:43,275 DEBUG matplotlib.font_manager: findfont: score(<Font 'DejaVu Serif Display' (DejaVuSerifDisplay.ttf) normal normal 400 normal>) = 10.05
2026-06-26 13:05:43,275 DEBUG matplotlib.font_manager: findfont: score(<Font 'STIXSizeOneSym' (STIXSizOneSymBol.ttf) normal normal 700 normal>) = 10.335
2026-06-26 13:05:43,275 DEBUG matplotlib.font_manager: findfont: score(<Font 'STIXSizeTwoSym' (STIXSizTwoSymBol.ttf) normal normal 700 normal>) = 10.335
2026-06-26 13:05:43,275 DEBUG matplotlib.font_manager: findfont: score(<Font 'STIXSizeOneSym' (STIXSizOneSymReg.ttf) normal normal 400 normal>) = 10.05
2026-06-26 13:05:43,275 DEBUG matplotlib.font_manager: findfont: score(<Font 'STIXSizeFiveSym' (STIXSizFiveSymReg.ttf) normal normal 400 normal>) = 10.05
2026-06-26 13:05:43,275 DEBUG matplotlib.font_manager: findfont: score(<Font 'DejaVu Sans' (DejaVuSans-Oblique.ttf) oblique normal 400 normal>) = 11.05
2026-06-26 13:05:43,275 DEBUG matplotlib.font_manager: findfont: score(<Font 'DejaVu Sans' (DejaVuSans-Bold.ttf) normal normal 700 normal>) = 10.335
2026-06-26 13:05:43,275 DEBUG matplotlib.font_manager: findfont: score(<Font 'cmmi10' (cmmi10.ttf) normal normal 400 normal>) = 10.05
2026-06-26 13:05:43,275 DEBUG matplotlib.font_manager: findfont: score(<Font 'cmtt10' (cmtt10.ttf) normal normal 400 normal>) = 10.05
2026-06-26 13:05:43,275 DEBUG matplotlib.font_manager: findfont: score(<Font 'DejaVu Sans Mono' (DejaVuSansMono-BoldOblique.ttf) oblique normal 700 normal>) = 1.335
2026-06-26 13:05:43,275 DEBUG matplotlib.font_manager: findfont: score(<Font 'STIXSizeThreeSym' (STIXSizThreeSymBol.ttf) normal normal 700 normal>) = 10.335
2026-06-26 13:05:43,275 DEBUG matplotlib.font_manager: findfont: score(<Font 'cmr10' (cmr10.ttf) normal normal 400 normal>) = 10.05
2026-06-26 13:05:43,275 DEBUG matplotlib.font_manager: findfont: score(<Font 'STIXSizeTwoSym' (STIXSizTwoSymReg.ttf) normal normal 400 normal>) = 10.05
2026-06-26 13:05:43,275 DEBUG matplotlib.font_manager: findfont: score(<Font 'DejaVu Serif' (DejaVuSerif-Bold.ttf) normal normal 700 normal>) = 10.335
2026-06-26 13:05:43,275 DEBUG matplotlib.font_manager: findfont: score(<Font 'DejaVu Sans Mono' (DejaVuSansMono-Bold.ttf) normal normal 700 normal>) = 0.33499999999999996
2026-06-26 13:05:43,276 DEBUG matplotlib.font_manager: findfont: score(<Font 'DejaVu Sans' (DejaVuSans.ttf) normal normal 400 normal>) = 10.05
2026-06-26 13:05:43,276 DEBUG matplotlib.font_manager: findfont: score(<Font 'DejaVu Serif' (DejaVuSerif-Bold.ttf) normal normal 700 normal>) = 10.335
2026-06-26 13:05:43,276 DEBUG matplotlib.font_manager: findfont: score(<Font 'DejaVu Sans' (DejaVuSans-Bold.ttf) normal normal 700 normal>) = 10.335
2026-06-26 13:05:43,276 DEBUG matplotlib.font_manager: findfont: score(<Font 'DejaVu Sans Mono' (DejaVuSansMono.ttf) normal normal 400 normal>) = 0.05
2026-06-26 13:05:43,276 DEBUG matplotlib.font_manager: findfont: score(<Font 'DejaVu Serif' (DejaVuSerif.ttf) normal normal 400 normal>) = 10.05
2026-06-26 13:05:43,276 DEBUG matplotlib.font_manager: findfont: Matching DejaVu Sans Mono:style=normal:variant=normal:weight=normal:stretch=normal:size=10.0 to DejaVu Sans Mono ('/tmp/_MEIKX0DCh/matplotlib/mpl-data/fonts/ttf/DejaVuSansMono.ttf') with score of 0.050000.
2026-06-26 13:05:43,276 DEBUG matplotlib.font_manager: findfont: Matching DejaVu Sans Display:style=normal:variant=normal:weight=normal:stretch=normal:size=10.0.
2026-06-26 13:05:43,276 DEBUG matplotlib.font_manager: findfont: score(<Font 'STIXNonUnicode' (STIXNonUniIta.ttf) italic normal 400 normal>) = 11.05
2026-06-26 13:05:43,276 DEBUG matplotlib.font_manager: findfont: score(<Font 'DejaVu Serif' (DejaVuSerif.ttf) normal normal 400 normal>) = 10.05
2026-06-26 13:05:43,276 DEBUG matplotlib.font_manager: findfont: score(<Font 'STIXGeneral' (STIXGeneral.ttf) normal normal 400 normal>) = 10.05
2026-06-26 13:05:43,276 DEBUG matplotlib.font_manager: findfont: score(<Font 'STIXNonUnicode' (STIXNonUni.ttf) normal normal 400 normal>) = 10.05
2026-06-26 13:05:43,276 DEBUG matplotlib.font_manager: findfont: score(<Font 'cmsy10' (cmsy10.ttf) normal normal 400 normal>) = 10.05
2026-06-26 13:05:43,276 DEBUG matplotlib.font_manager: findfont: score(<Font 'DejaVu Serif' (DejaVuSerif-Italic.ttf) italic normal 400 normal>) = 11.05
2026-06-26 13:05:43,276 DEBUG matplotlib.font_manager: findfont: score(<Font 'STIXNonUnicode' (STIXNonUniBolIta.ttf) italic normal 700 normal>) = 11.335
2026-06-26 13:05:43,276 DEBUG matplotlib.font_manager: findfont: score(<Font 'STIXSizeFourSym' (STIXSizFourSymReg.ttf) normal normal 400 normal>) = 10.05
2026-06-26 13:05:43,276 DEBUG matplotlib.font_manager: findfont: score(<Font 'cmb10' (cmb10.ttf) normal normal 400 normal>) = 10.05
2026-06-26 13:05:43,276 DEBUG matplotlib.font_manager: findfont: score(<Font 'STIXGeneral' (STIXGeneralBol.ttf) normal normal 700 normal>) = 10.335
2026-06-26 13:05:43,276 DEBUG matplotlib.font_manager: findfont: score(<Font 'STIXSizeThreeSym' (STIXSizThreeSymReg.ttf) normal normal 400 normal>) = 10.05
2026-06-26 13:05:43,276 DEBUG matplotlib.font_manager: findfont: score(<Font 'cmex10' (cmex10.ttf) normal normal 400 normal>) = 10.05
2026-06-26 13:05:43,276 DEBUG matplotlib.font_manager: findfont: score(<Font 'STIXGeneral' (STIXGeneralItalic.ttf) italic normal 400 normal>) = 11.05
2026-06-26 13:05:43,276 DEBUG matplotlib.font_manager: findfont: score(<Font 'DejaVu Sans Mono' (DejaVuSansMono-Oblique.ttf) oblique normal 400 normal>) = 11.05
2026-06-26 13:05:43,276 DEBUG matplotlib.font_manager: findfont: score(<Font 'DejaVu Sans' (DejaVuSans.ttf) normal normal 400 normal>) = 10.05
2026-06-26 13:05:43,276 DEBUG matplotlib.font_manager: findfont: score(<Font 'DejaVu Sans' (DejaVuSans-BoldOblique.ttf) oblique normal 700 normal>) = 11.335
2026-06-26 13:05:43,276 DEBUG matplotlib.font_manager: findfont: score(<Font 'DejaVu Sans Display' (DejaVuSansDisplay.ttf) normal normal 400 normal>) = 0.05
2026-06-26 13:05:43,276 DEBUG matplotlib.font_manager: findfont: score(<Font 'DejaVu Serif' (DejaVuSerif-BoldItalic.ttf) italic normal 700 normal>) = 11.335
2026-06-26 13:05:43,276 DEBUG matplotlib.font_manager: findfont: score(<Font 'STIXSizeFourSym' (STIXSizFourSymBol.ttf) normal normal 700 normal>) = 10.335
2026-06-26 13:05:43,277 DEBUG matplotlib.font_manager: findfont: score(<Font 'STIXNonUnicode' (STIXNonUniBol.ttf) normal normal 700 normal>) = 10.335
2026-06-26 13:05:43,277 DEBUG matplotlib.font_manager: findfont: score(<Font 'DejaVu Sans Mono' (DejaVuSansMono-Bold.ttf) normal normal 700 normal>) = 10.335
2026-06-26 13:05:43,277 DEBUG matplotlib.font_manager: findfont: score(<Font 'cmss10' (cmss10.ttf) normal normal 400 normal>) = 10.05
2026-06-26 13:05:43,277 DEBUG matplotlib.font_manager: findfont: score(<Font 'STIXGeneral' (STIXGeneralBolIta.ttf) italic normal 700 normal>) = 11.335
2026-06-26 13:05:43,277 DEBUG matplotlib.font_manager: findfont: score(<Font 'DejaVu Sans Mono' (DejaVuSansMono.ttf) normal normal 400 normal>) = 10.05
2026-06-26 13:05:43,277 DEBUG matplotlib.font_manager: findfont: score(<Font 'DejaVu Serif Display' (DejaVuSerifDisplay.ttf) normal normal 400 normal>) = 10.05
2026-06-26 13:05:43,277 DEBUG matplotlib.font_manager: findfont: score(<Font 'STIXSizeOneSym' (STIXSizOneSymBol.ttf) normal normal 700 normal>) = 10.335
2026-06-26 13:05:43,277 DEBUG matplotlib.font_manager: findfont: score(<Font 'STIXSizeTwoSym' (STIXSizTwoSymBol.ttf) normal normal 700 normal>) = 10.335
2026-06-26 13:05:43,277 DEBUG matplotlib.font_manager: findfont: score(<Font 'STIXSizeOneSym' (STIXSizOneSymReg.ttf) normal normal 400 normal>) = 10.05
2026-06-26 13:05:43,277 DEBUG matplotlib.font_manager: findfont: score(<Font 'STIXSizeFiveSym' (STIXSizFiveSymReg.ttf) normal normal 400 normal>) = 10.05
2026-06-26 13:05:43,277 DEBUG matplotlib.font_manager: findfont: score(<Font 'DejaVu Sans' (DejaVuSans-Oblique.ttf) oblique normal 400 normal>) = 11.05
2026-06-26 13:05:43,277 DEBUG matplotlib.font_manager: findfont: score(<Font 'DejaVu Sans' (DejaVuSans-Bold.ttf) normal normal 700 normal>) = 10.335
2026-06-26 13:05:43,277 DEBUG matplotlib.font_manager: findfont: score(<Font 'cmmi10' (cmmi10.ttf) normal normal 400 normal>) = 10.05
2026-06-26 13:05:43,277 DEBUG matplotlib.font_manager: findfont: score(<Font 'cmtt10' (cmtt10.ttf) normal normal 400 normal>) = 10.05
2026-06-26 13:05:43,277 DEBUG matplotlib.font_manager: findfont: score(<Font 'DejaVu Sans Mono' (DejaVuSansMono-BoldOblique.ttf) oblique normal 700 normal>) = 11.335
2026-06-26 13:05:43,277 DEBUG matplotlib.font_manager: findfont: score(<Font 'STIXSizeThreeSym' (STIXSizThreeSymBol.ttf) normal normal 700 normal>) = 10.335
2026-06-26 13:05:43,277 DEBUG matplotlib.font_manager: findfont: score(<Font 'cmr10' (cmr10.ttf) normal normal 400 normal>) = 10.05
2026-06-26 13:05:43,277 DEBUG matplotlib.font_manager: findfont: score(<Font 'STIXSizeTwoSym' (STIXSizTwoSymReg.ttf) normal normal 400 normal>) = 10.05
2026-06-26 13:05:43,277 DEBUG matplotlib.font_manager: findfont: score(<Font 'DejaVu Serif' (DejaVuSerif-Bold.ttf) normal normal 700 normal>) = 10.335
2026-06-26 13:05:43,277 DEBUG matplotlib.font_manager: findfont: score(<Font 'DejaVu Sans Mono' (DejaVuSansMono-Bold.ttf) normal normal 700 normal>) = 10.335
2026-06-26 13:05:43,277 DEBUG matplotlib.font_manager: findfont: score(<Font 'DejaVu Sans' (DejaVuSans.ttf) normal normal 400 normal>) = 10.05
2026-06-26 13:05:43,277 DEBUG matplotlib.font_manager: findfont: score(<Font 'DejaVu Serif' (DejaVuSerif-Bold.ttf) normal normal 700 normal>) = 10.335
2026-06-26 13:05:43,277 DEBUG matplotlib.font_manager: findfont: score(<Font 'DejaVu Sans' (DejaVuSans-Bold.ttf) normal normal 700 normal>) = 10.335
2026-06-26 13:05:43,277 DEBUG matplotlib.font_manager: findfont: score(<Font 'DejaVu Sans Mono' (DejaVuSansMono.ttf) normal normal 400 normal>) = 10.05
2026-06-26 13:05:43,277 DEBUG matplotlib.font_manager: findfont: score(<Font 'DejaVu Serif' (DejaVuSerif.ttf) normal normal 400 normal>) = 10.05
2026-06-26 13:05:43,277 DEBUG matplotlib.font_manager: findfont: Matching DejaVu Sans Display:style=normal:variant=normal:weight=normal:stretch=normal:size=10.0 to DejaVu Sans Display ('/tmp/_MEIKX0DCh/matplotlib/mpl-data/fonts/ttf/DejaVuSansDisplay.ttf') with score of 0.050000.
2026-06-26 13:05:43,422 DEBUG matplotlib.ticker: vmin 1e-05 vmax 13487.104010777435
2026-06-26 13:05:43,422 DEBUG matplotlib.ticker: ticklocs array([], dtype=float64)
2026-06-26 13:05:43,425 DEBUG matplotlib.ticker: vmin 0.00044668359215096305 vmax 22387.21138568338
2026-06-26 13:05:43,425 DEBUG matplotlib.ticker: ticklocs array([2.e-05, 3.e-05, 4.e-05, 5.e-05, 6.e-05, 7.e-05, 8.e-05, 9.e-05,
       2.e-04, 3.e-04, 4.e-04, 5.e-04, 6.e-04, 7.e-04, 8.e-04, 9.e-04,
       2.e-03, 3.e-03, 4.e-03, 5.e-03, 6.e-03, 7.e-03, 8.e-03, 9.e-03,
       2.e-02, 3.e-02, 4.e-02, 5.e-02, 6.e-02, 7.e-02, 8.e-02, 9.e-02,
       2.e-01, 3.e-01, 4.e-01, 5.e-01, 6.e-01, 7.e-01, 8.e-01, 9.e-01,
       2.e+00, 3.e+00, 4.e+00, 5.e+00, 6.e+00, 7.e+00, 8.e+00, 9.e+00,
       2.e+01, 3.e+01, 4.e+01, 5.e+01, 6.e+01, 7.e+01, 8.e+01, 9.e+01,
       2.e+02, 3.e+02, 4.e+02, 5.e+02, 6.e+02, 7.e+02, 8.e+02, 9.e+02,
       2.e+03, 3.e+03, 4.e+03, 5.e+03, 6.e+03, 7.e+03, 8.e+03, 9.e+03,
       2.e+04, 3.e+04, 4.e+04, 5.e+04, 6.e+04, 7.e+04, 8.e+04, 9.e+04,
       2.e+05, 3.e+05, 4.e+05, 5.e+05, 6.e+05, 7.e+05, 8.e+05, 9.e+05,
       2.e+06, 3.e+06, 4.e+06, 5.e+06, 6.e+06, 7.e+06, 8.e+06, 9.e+06])
2026-06-26 13:05:43,526 DEBUG matplotlib.ticker: vmin 0.00044668359215096305 vmax 22387.21138568338
2026-06-26 13:05:43,526 DEBUG matplotlib.ticker: ticklocs array([2.e-05, 3.e-05, 4.e-05, 5.e-05, 6.e-05, 7.e-05, 8.e-05, 9.e-05,
       2.e-04, 3.e-04, 4.e-04, 5.e-04, 6.e-04, 7.e-04, 8.e-04, 9.e-04,
       2.e-03, 3.e-03, 4.e-03, 5.e-03, 6.e-03, 7.e-03, 8.e-03, 9.e-03,
       2.e-02, 3.e-02, 4.e-02, 5.e-02, 6.e-02, 7.e-02, 8.e-02, 9.e-02,
       2.e-01, 3.e-01, 4.e-01, 5.e-01, 6.e-01, 7.e-01, 8.e-01, 9.e-01,
       2.e+00, 3.e+00, 4.e+00, 5.e+00, 6.e+00, 7.e+00, 8.e+00, 9.e+00,
       2.e+01, 3.e+01, 4.e+01, 5.e+01, 6.e+01, 7.e+01, 8.e+01, 9.e+01,
       2.e+02, 3.e+02, 4.e+02, 5.e+02, 6.e+02, 7.e+02, 8.e+02, 9.e+02,
       2.e+03, 3.e+03, 4.e+03, 5.e+03, 6.e+03, 7.e+03, 8.e+03, 9.e+03,
       2.e+04, 3.e+04, 4.e+04, 5.e+04, 6.e+04, 7.e+04, 8.e+04, 9.e+04,
       2.e+05, 3.e+05, 4.e+05, 5.e+05, 6.e+05, 7.e+05, 8.e+05, 9.e+05,
       2.e+06, 3.e+06, 4.e+06, 5.e+06, 6.e+06, 7.e+06, 8.e+06, 9.e+06])
2026-06-26 13:05:43,621 DEBUG matplotlib.ticker: vmin 1e-05 vmax 13487.104010777435
2026-06-26 13:05:43,621 DEBUG matplotlib.ticker: ticklocs array([], dtype=float64)
2026-06-26 13:05:43,626 DEBUG matplotlib.ticker: vmin 1e-05 vmax 13487.104010777435
2026-06-26 13:05:43,626 DEBUG matplotlib.ticker: ticklocs array([], dtype=float64)
2026-06-26 13:05:43,629 DEBUG matplotlib.ticker: vmin 0.00044668359215096305 vmax 22387.21138568338
2026-06-26 13:05:43,629 DEBUG matplotlib.ticker: ticklocs array([2.e-05, 3.e-05, 4.e-05, 5.e-05, 6.e-05, 7.e-05, 8.e-05, 9.e-05,
       2.e-04, 3.e-04, 4.e-04, 5.e-04, 6.e-04, 7.e-04, 8.e-04, 9.e-04,
       2.e-03, 3.e-03, 4.e-03, 5.e-03, 6.e-03, 7.e-03, 8.e-03, 9.e-03,
       2.e-02, 3.e-02, 4.e-02, 5.e-02, 6.e-02, 7.e-02, 8.e-02, 9.e-02,
       2.e-01, 3.e-01, 4.e-01, 5.e-01, 6.e-01, 7.e-01, 8.e-01, 9.e-01,
       2.e+00, 3.e+00, 4.e+00, 5.e+00, 6.e+00, 7.e+00, 8.e+00, 9.e+00,
       2.e+01, 3.e+01, 4.e+01, 5.e+01, 6.e+01, 7.e+01, 8.e+01, 9.e+01,
       2.e+02, 3.e+02, 4.e+02, 5.e+02, 6.e+02, 7.e+02, 8.e+02, 9.e+02,
       2.e+03, 3.e+03, 4.e+03, 5.e+03, 6.e+03, 7.e+03, 8.e+03, 9.e+03,
       2.e+04, 3.e+04, 4.e+04, 5.e+04, 6.e+04, 7.e+04, 8.e+04, 9.e+04,
       2.e+05, 3.e+05, 4.e+05, 5.e+05, 6.e+05, 7.e+05, 8.e+05, 9.e+05,
       2.e+06, 3.e+06, 4.e+06, 5.e+06, 6.e+06, 7.e+06, 8.e+06, 9.e+06])
2026-06-26 13:05:43,652 DEBUG matplotlib.ticker: vmin 0.00044668359215096305 vmax 22387.21138568338
2026-06-26 13:05:43,652 DEBUG matplotlib.ticker: ticklocs array([2.e-05, 3.e-05, 4.e-05, 5.e-05, 6.e-05, 7.e-05, 8.e-05, 9.e-05,
       2.e-04, 3.e-04, 4.e-04, 5.e-04, 6.e-04, 7.e-04, 8.e-04, 9.e-04,
       2.e-03, 3.e-03, 4.e-03, 5.e-03, 6.e-03, 7.e-03, 8.e-03, 9.e-03,
       2.e-02, 3.e-02, 4.e-02, 5.e-02, 6.e-02, 7.e-02, 8.e-02, 9.e-02,
       2.e-01, 3.e-01, 4.e-01, 5.e-01, 6.e-01, 7.e-01, 8.e-01, 9.e-01,
       2.e+00, 3.e+00, 4.e+00, 5.e+00, 6.e+00, 7.e+00, 8.e+00, 9.e+00,
       2.e+01, 3.e+01, 4.e+01, 5.e+01, 6.e+01, 7.e+01, 8.e+01, 9.e+01,
       2.e+02, 3.e+02, 4.e+02, 5.e+02, 6.e+02, 7.e+02, 8.e+02, 9.e+02,
       2.e+03, 3.e+03, 4.e+03, 5.e+03, 6.e+03, 7.e+03, 8.e+03, 9.e+03,
       2.e+04, 3.e+04, 4.e+04, 5.e+04, 6.e+04, 7.e+04, 8.e+04, 9.e+04,
       2.e+05, 3.e+05, 4.e+05, 5.e+05, 6.e+05, 7.e+05, 8.e+05, 9.e+05,
       2.e+06, 3.e+06, 4.e+06, 5.e+06, 6.e+06, 7.e+06, 8.e+06, 9.e+06])
2026-06-26 13:05:43,693 INFO common.report_asm: report infomation: ##############################
Sub-module: Summary
------------------------------
Name: Total Instructions
Description: number of all instructions
Value: 51,120
------------------------------
Name: Compute Instructions
Description: number of compute instructions
Value: 45,210
------------------------------
Name: Memory Instructions
Description: number of memory instructions
Value: 5,910
------------------------------
Name: Total Cycles
Description: cycles use by kernel
Value: 3,435,669.44(Kcycles)
------------------------------
Name: Memory Access per Second
Description: memory access per second
Value: 54,137.92(MB/s)
------------------------------
Name: Average AP busy cycles
Description: Average busy cycles per AP
Value: 4,045.84
------------------------------
Name: AP busy Duty
Description: average AP busy duty of total cycles
Value: 0.00%
------------------------------
Name: Compute Instructions busy Duty
Description: Compute Instructions busy duty of total AP cycles
Value: 5.40%
##############################
Sub-module: CE Statistics
------------------------------
Name: WORKGROUPS
Description: ce send workgroup
Value: 214.0
------------------------------
Name: WAVES
Description: ce send waves
Value: 856.0
------------------------------
Name: Average Wave life cycles
Description: average life cycles per wave from start to end
Value: 608.91
##############################
Sub-module: ISU Statistics
------------------------------
Name: Compute Instructions Cycles Rate
Description: rate between compute instructions cycles
Value: {
    "data": {
        "MTE_4CYCLES": 87976.0,
        "MTE_16CYCLES": 8192.0,
        "MMA_16CYCLES": 0.0,
        "MMA_32CYCLES": 0.0
    },
    "filename": "/mnt/opt_test/engram_fused_weight_run/profile-artifacts/engram_fused_weight_v0_baseline/mcprofiler_raw_baseline/Compute_Instructions_Cycles_Rate20260626130542249.png"
}
------------------------------
Name: DPC Computing cycles comparison
Description: Comparison on AP computing cycles
Value: {
    "data": {
        "0": 12632.0,
        "1": 12632.0,
        "2": 9984.0,
        "3": 9984.0,
        "4": 9984.0,
        "5": 9600.0,
        "6": 12796.0,
        "7": 12412.0
    },
    "filename": "/mnt/opt_test/engram_fused_weight_run/profile-artifacts/engram_fused_weight_v0_baseline/mcprofiler_raw_baseline/DPC_Computing_cycles_comparison20260626130542370.png"
}
------------------------------
Name: ISU stall cycles layout
Description: ISU stall cycles layout
Value: {
    "data": {
        "wsm_stall": 0.0,
        "vls_pipeline_stall": 3756.0,
        "vls_wdata_stall": 3424.0,
        "valu_stall": 0.0
    },
    "filename": "/mnt/opt_test/engram_fused_weight_run/profile-artifacts/engram_fused_weight_v0_baseline/mcprofiler_raw_baseline/ISU_stall_cycles_layout20260626130542563.png"
}
------------------------------
Name: Instructions Comparison
Description: Comparison between all instructions
Value: {
    "data": {
        "MTE": 22026.0,
        "MMA": 0.0,
        "STE": 15498.0,
        "GVM": 2502.0,
        "BSM": 0.0,
        "LDU": 3408.0,
        "MISC": 7686.0
    },
    "filename": "/mnt/opt_test/engram_fused_weight_run/profile-artifacts/engram_fused_weight_v0_baseline/mcprofiler_raw_baseline/Instructions_Comparison20260626130542465.png"
}
##############################
Sub-module: Memory Statistics
------------------------------
Name: Global Read Instructions
Description: Number of global read instructions in all APs
Value: 1,664
------------------------------
Name: Global Write Instructions
Description: Number of global write instructions in all APs
Value: 838
------------------------------
Name: Global Atomic Instructions
Description: Number of global atomic instructions in all APs
Value: 0.0
------------------------------
Name: Private Read Instructions
Description: Number of private read instructions in all APs
Value: 0
------------------------------
Name: Private Write Instructions
Description: Number of private write instructions in all APs
Value: 0
------------------------------
Name: Constant Read Instructions
Description: Number of smem instructions in all APs
Value: 3,408
------------------------------
Name: Constant Read SL1 Instructions
Description: Num of LDU instructions in all SL1s
Value: 2,128
------------------------------
Name: Constant Read L2 Instructions
Description: Num of SL1 data miss requests
Value: 136
------------------------------
Name: Constant SL1 Hit Rate
Description: Total LDU instructions hit rate in all SL1s
Value: 93.79%
------------------------------
Name: VL1 Read Instructions
Description: total read instructions in all VL1s
Value: 1,664
------------------------------
Name: VL1 Write Instructions
Description: total write instructions in all VL1s
Value: 838
------------------------------
Name: VL1 Atomic Instructions
Description: total atomic instructions in all VL1s
Value: 0.0
------------------------------
Name: VL1 Hit Rate
Description: hit rate of all instructions in all VL1s
Value: 96.82%
------------------------------
Name: L2C Read Instructions
Description: total read instructions in all L2Cs
Value: 8,333
------------------------------
Name: L2C Write Instructions
Description: total write instructions in all L2Cs
Value: 4,707
------------------------------
Name: L2C Atomic Instructions
Description: total atomic instructions in all L2Cs
Value: 0.0
------------------------------
Name: L2C Hit Rate
Description: hit rate of all instructions in all L2Cs
Value: 29.80%
------------------------------
Name: Total Atomic Instructions
Description: total atomic instructions in memory access, include global atomic and shared memory atomic
Value: 0.0
------------------------------
Name: Dnoc Read Req
Description: number of dnoc read requests
Value: 5,428.0
------------------------------
Name: Dnoc Write Req
Description: number of dnoc write requests
Value: 2,924.0
------------------------------
Name: Global Memory Read bytes
Description: bytes read from global memory
Value: 440,768.0byte
------------------------------
Name: Global Memory Write bytes
Description: bytes write from global memory
Value: 253,312.0byte
------------------------------
Name: Dnoc Read Average Latency
Description: average latency of dnoc read request
Value: 147.52
------------------------------
Name: Memory Data Flow Chart
Description: 
Value: {
    "data": {
        "vl1c": 96.82254196642685,
        "l2c": 29.795194958645137,
        "sl1": 93.78531073446328,
        "global_kernel_rd": 1664,
        "global_kernel_wr": 838,
        "private_kernel_rd": 0,
        "private_kernel_wr": 0,
        "generic_kernel_rd": 0,
        "generic_kernel_wr": 0,
        "const_kernel_rd": 3408,
        "shared_kernel_rd": 0,
        "shared_kernel_wr": 0,
        "Ggeneric_vl1c_rd": 1664,
        "Ggeneric_vl1c_wr": 838,
        "const_sl1c_rd": 2128,
        "sl1_l2c_rd": 136,
        "vl1c_l2c_rd": 8333,
        "vl1c_l2c_wr": 4707,
        "l2c_Gmemory_rd": null,
        "l2c_Gmemory_wr": null
    },
    "filename": "/mnt/opt_test/engram_fused_weight_run/profile-artifacts/engram_fused_weight_v0_baseline/mcprofiler_raw_baseline/Memory_Data_Flow_Chart20260626130542666.png"
}
------------------------------
Name: Dnoc Read Latency Histogram
Description: histogram of dnoc read latency
Value: {
    "data": {
        "0-255": 4184.0,
        "256-511": 968.0,
        "512-1k": 637.0,
        "1k-2k": 0.0,
        "2k-": 0.0
    },
    "filename": "/mnt/opt_test/engram_fused_weight_run/profile-artifacts/engram_fused_weight_v0_baseline/mcprofiler_raw_baseline/Dnoc_Read_Latency_Histogram20260626130542858.png"
}
------------------------------
Name: VL1 partition stall cycles layout
Description: VL1 partition access stall cycles layout
Value: {
    "data": {
        "pt0": 0.0,
        "pt1": 0.0,
        "pt2": 0.0,
        "pt3": 0.0
    },
    "filename": "/mnt/opt_test/engram_fused_weight_run/profile-artifacts/engram_fused_weight_v0_baseline/mcprofiler_raw_baseline/VL1_partition_stall_cycles_layout20260626130542953.png"
}
##############################
Sub-module: Workgroup Memory
------------------------------
Name: load instructions
Description: number of total workgroup memory load instructions
Value: 0.0
------------------------------
Name: store instructions
Description: number of total workgroup memory write instructions
Value: 0.0
------------------------------
Name: atomic instructions
Description: number of total workgroup memory atomic instructions
Value: 0.0
------------------------------
Name: total instructions
Description: number of total workgroup memory instructions
Value: 0.0
------------------------------
Name: average latency per load instruction
Description: average latency per WG-load from issue to mem-ops done
Value: 0
------------------------------
Name: average latency per store instruction
Description: average latency per WG-store from issue to memops done
Value: 0
------------------------------
Name: average latency per atomic instruction
Description: average latency per WG-atom from issue to memops done
Value: 0
------------------------------
Name: average latency of all stages per instruction
Description: average latency of all WG-inst from issue to memops done
Value: 0
------------------------------
Name: average cycles per load instruction
Description: average cycles per WG-load when issuing (with bank conflict)
Value: 0
------------------------------
Name: average cycles per store instruction
Description: average cycles per WG-store when issuing (with bank conflict)
Value: 0
------------------------------
Name: average cycles per atomic instruction
Description: average cycles per WG-atom when issuing (with bank conflict)
Value: 0
------------------------------
Name: average conflict cycles per instruction
Description: average conflict cycles per WG-inst when bank conflict happens
Value: 0
------------------------------
Name: average cycles per instruction
Description: average cycles per WG-inst when issuing (with bank conflict)
Value: 0
------------------------------
Name: shared memory access efficiency
Description: Proportion of NON-CONFLICT access
Value: 0%
##############################
Sub-module: Occupancy
------------------------------
Name: Achieved waves
Description: number of achieved waves
Value: 848.0
------------------------------
Name: Dispatched waves
Description: number of dispatched waves
Value: 856.0
##############################
Sub-module: GPU Throughput Statistics
------------------------------
Name: AP active cycles
Description: number of wave instruction cycles executed on the AP
Value: 416,722.0
------------------------------
Name: AP MTE Duty ratio
Description: MTE Duty ratio relative to AP active
Value: 5.31%
------------------------------
Name: AP STE Duty ratio
Description: STE Duty ratio relative to AP active
Value: 3.72%
------------------------------
Name: AP MMA Duty ratio
Description: MMA Duty ratio relative to AP active
Value: 0.0%
------------------------------
Name: VLS Duty ratio
Description: VLS Duty ratio relative to AP active
Value: 0.0%
------------------------------
Name: L2C Duty ratio
Description: L2C Duty ratio relative to L2C active
Value: 0.00%
##############################
Sub-module: Compute workload
------------------------------
Name: instruction per cycle
Description: The number of instructions per busy cycle across all sub-unit instances
Value: 4.65
------------------------------
Name: instruction throughput
Description: The percent of achieved instructions and theoretical instructions during all busy cycles 
Value: 0.04
------------------------------
Name: instruction throughput efficiency
Description: The percentage of the maximum instruction throughput achieved during all busy cycles 
Value: 1.12%
##############################
Sub-module: Instruction Statistics
------------------------------
Name: instruction number
Description: The total number of instructions
Value: 51,120.0
------------------------------
Name: instructions per AP
Description: The number of instructions per PEU
Value: 491.54
##############################
Sub-module: Internal
------------------------------
Name: RoofLine
Description: 
Value: {
    "processed_data": {
        "all_ops": 1403520.0,
        "all_memacs": 694080.0,
        "during": 11004.0,
        "block_num": 104,
        "vl1_memacs": 640512.0,
        "l2c_memacs": 212992.0
    },
    "data": {
        "all_ops": 1403520.0,
        "all_memacs": 694080.0,
        "block_num": 104,
        "during": 11004.0,
        "core_clk": 1.125,
        "MAX_Flops_base": 0.117,
        "case_flops": 0.14348964013086152,
        "MAX_Bandwith": 1843.2,
        "MAX_I": 260.0,
        "case_I": 2.0221300138312586,
        "case_bandwith": 70.95965103598691,
        "case_VL1_I": 2.1912470023980815,
        "case_L2C_I": 6.589543269230769,
        "mc_clk": 0.9
    },
    "filename": "/mnt/opt_test/engram_fused_weight_run/profile-artifacts/engram_fused_weight_v0_baseline/mcprofiler_raw_baseline/RoofLine20260626130543166.png"
}
2026-06-26 13:05:43,706 DEBUG PIL.PngImagePlugin: STREAM b'IHDR' 16 13
2026-06-26 13:05:43,706 DEBUG PIL.PngImagePlugin: STREAM b'tEXt' 41 57
2026-06-26 13:05:43,706 DEBUG PIL.PngImagePlugin: STREAM b'pHYs' 110 9
2026-06-26 13:05:43,706 DEBUG PIL.PngImagePlugin: STREAM b'IDAT' 131 33649
2026-06-26 13:05:43,756 DEBUG PIL.PngImagePlugin: STREAM b'IHDR' 16 13
2026-06-26 13:05:43,756 DEBUG PIL.PngImagePlugin: STREAM b'tEXt' 41 57
2026-06-26 13:05:43,756 DEBUG PIL.PngImagePlugin: STREAM b'pHYs' 110 9
2026-06-26 13:05:43,756 DEBUG PIL.PngImagePlugin: STREAM b'IDAT' 131 56005
2026-06-26 13:05:43,815 DEBUG PIL.PngImagePlugin: STREAM b'IHDR' 16 13
2026-06-26 13:05:43,815 DEBUG PIL.PngImagePlugin: STREAM b'tEXt' 41 57
2026-06-26 13:05:43,815 DEBUG PIL.PngImagePlugin: STREAM b'pHYs' 110 9
2026-06-26 13:05:43,815 DEBUG PIL.PngImagePlugin: STREAM b'IDAT' 131 31199
2026-06-26 13:05:43,865 DEBUG PIL.PngImagePlugin: STREAM b'IHDR' 16 13
2026-06-26 13:05:43,865 DEBUG PIL.PngImagePlugin: STREAM b'tEXt' 41 57
2026-06-26 13:05:43,865 DEBUG PIL.PngImagePlugin: STREAM b'pHYs' 110 9
2026-06-26 13:05:43,865 DEBUG PIL.PngImagePlugin: STREAM b'IDAT' 131 23226
2026-06-26 13:05:43,918 DEBUG PIL.PngImagePlugin: STREAM b'IHDR' 16 13
2026-06-26 13:05:43,919 DEBUG PIL.PngImagePlugin: STREAM b'tEXt' 41 57
2026-06-26 13:05:43,919 DEBUG PIL.PngImagePlugin: STREAM b'pHYs' 110 9
2026-06-26 13:05:43,919 DEBUG PIL.PngImagePlugin: STREAM b'IDAT' 131 56648
2026-06-26 13:05:43,979 DEBUG PIL.PngImagePlugin: STREAM b'IHDR' 16 13
2026-06-26 13:05:43,979 DEBUG PIL.PngImagePlugin: STREAM b'tEXt' 41 57
2026-06-26 13:05:43,979 DEBUG PIL.PngImagePlugin: STREAM b'pHYs' 110 9
2026-06-26 13:05:43,979 DEBUG PIL.PngImagePlugin: STREAM b'IDAT' 131 24207
2026-06-26 13:05:44,029 DEBUG PIL.PngImagePlugin: STREAM b'IHDR' 16 13
2026-06-26 13:05:44,029 DEBUG PIL.PngImagePlugin: STREAM b'tEXt' 41 57
2026-06-26 13:05:44,029 DEBUG PIL.PngImagePlugin: STREAM b'pHYs' 110 9
2026-06-26 13:05:44,030 DEBUG PIL.PngImagePlugin: STREAM b'IDAT' 131 10280
2026-06-26 13:05:44,071 DEBUG PIL.PngImagePlugin: STREAM b'IHDR' 16 13
2026-06-26 13:05:44,071 DEBUG PIL.PngImagePlugin: STREAM b'tEXt' 41 57
2026-06-26 13:05:44,071 DEBUG PIL.PngImagePlugin: STREAM b'pHYs' 110 9
2026-06-26 13:05:44,071 DEBUG PIL.PngImagePlugin: STREAM b'IDAT' 131 65536
2026-06-26 13:05:44,267 INFO phttp.server_backend: complete task dba4017b-3b15-4c3c-b04e-767cfbea66f1
2026-06-26 13:05:47,014 DEBUG urllib3.connectionpool: Starting new HTTP connection (1): 127.0.0.1:50123
2026-06-26 13:05:47,017 INFO werkzeug: 127.0.0.1 - - [26/Jun/2026 13:05:47] "GET /perf_progress?exec_id=dba4017b-3b15-4c3c-b04e-767cfbea66f1 HTTP/1.1" 200 -
2026-06-26 13:05:47,018 DEBUG urllib3.connectionpool: http://127.0.0.1:50123 "GET /perf_progress?exec_id=dba4017b-3b15-4c3c-b04e-767cfbea66f1 HTTP/1.1" 200 9918
2026-06-26 13:05:52,025 DEBUG urllib3.connectionpool: Starting new HTTP connection (1): 127.0.0.1:50123
2026-06-26 13:05:52,028 INFO werkzeug: 127.0.0.1 - - [26/Jun/2026 13:05:52] "GET /perf_progress?exec_id=dba4017b-3b15-4c3c-b04e-767cfbea66f1 HTTP/1.1" 200 -
2026-06-26 13:05:52,029 DEBUG urllib3.connectionpool: http://127.0.0.1:50123 "GET /perf_progress?exec_id=dba4017b-3b15-4c3c-b04e-767cfbea66f1 HTTP/1.1" 200 9918
2026-06-26 13:05:57,036 DEBUG urllib3.connectionpool: Starting new HTTP connection (1): 127.0.0.1:50123
2026-06-26 13:05:57,039 INFO werkzeug: 127.0.0.1 - - [26/Jun/2026 13:05:57] "GET /perf_progress?exec_id=dba4017b-3b15-4c3c-b04e-767cfbea66f1 HTTP/1.1" 200 -
2026-06-26 13:05:57,040 DEBUG urllib3.connectionpool: http://127.0.0.1:50123 "GET /perf_progress?exec_id=dba4017b-3b15-4c3c-b04e-767cfbea66f1 HTTP/1.1" 200 9913
2026-06-26 13:06:05,050 DEBUG urllib3.connectionpool: Starting new HTTP connection (1): 127.0.0.1:50123
2026-06-26 13:06:05,052 ERROR phttp.http_server: remove .pkey failed
2026-06-26 13:06:05,052 INFO werkzeug: 127.0.0.1 - - [26/Jun/2026 13:06:05] "GET /stop HTTP/1.1" 200 -
2026-06-26 13:06:05,053 DEBUG urllib3.connectionpool: http://127.0.0.1:50123 "GET /stop HTTP/1.1" 200 29
2026-06-26 13:20:06,038 DEBUG matplotlib: (private) matplotlib data path: /tmp/_MEIl3XpmA/matplotlib/mpl-data
2026-06-26 13:20:06,038 DEBUG matplotlib: matplotlib data path: /tmp/_MEIl3XpmA/matplotlib/mpl-data
2026-06-26 13:20:06,042 DEBUG matplotlib: CONFIGDIR=/tmp/tmp852sg0_i
2026-06-26 13:20:06,043 DEBUG matplotlib: matplotlib version 3.3.4
2026-06-26 13:20:06,044 DEBUG matplotlib: interactive is False
2026-06-26 13:20:06,044 DEBUG matplotlib: platform is linux
2026-06-26 13:20:06,044 DEBUG matplotlib: loaded modules: ['builtins', 'sys', '_frozen_importlib', '_imp', '_warnings', '_thread', '_weakref', '_frozen_importlib_external', '_io', 'marshal', 'posix', 'zipimport', 'encodings', 'codecs', '_codecs', 'encodings.aliases', 'encodings.ascii', '_signal', '__main__', 'encodings.utf_8', 'encodings.latin_1', 'io', 'abc', '_weakrefset', '_bootlocale', '_locale', 'struct', '_struct', 'pyimod01_os_path', 'pyimod02_archive', 'zlib', 'pyimod03_importers', 'pyimod04_ctypes', 'os', 'errno', 'stat', '_stat', 'posixpath', 'genericpath', 'os.path', '_collections_abc', 'ctypes', '_ctypes', 'ctypes._endian', 'pkgutil', 'collections', 'operator', '_operator', 'keyword', 'heapq', '_heapq', 'itertools', 'reprlib', '_collections', 'functools', '_functools', 'types', 'collections.abc', 'weakref', 'importlib', 'importlib._bootstrap', 'importlib._bootstrap_external', 'warnings', 'importlib.util', 'importlib.abc', 'importlib.machinery', 'contextlib', 'inspect', 'ast', '_ast', 'dis', 'opcode', '_opcode', 'enum', 'linecache', 'tokenize', 're', 'sre_compile', '_sre', 'sre_parse', 'sre_constants', 'copyreg', 'token', 'pathlib', 'fnmatch', 'ntpath', 'urllib', 'urllib.parse', 'pkg_resources', 'time', 'zipfile', 'shutil', 'bz2', '_compression', 'threading', 'traceback', '_bz2', 'lzma', '_lzma', 'pwd', 'grp', 'binascii', 'platform', 'subprocess', 'signal', '_posixsubprocess', 'select', 'selectors', 'math', 'plistlib', 'datetime', '_datetime', 'xml', 'xml.parsers', 'xml.parsers.expat', 'pyexpat.errors', 'pyexpat.model', 'pyexpat', 'xml.parsers.expat.model', 'xml.parsers.expat.errors', 'email', 'email.parser', 'email.feedparser', 'email.errors', 'email._policybase', 'email.header', 'email.quoprimime', 'string', '_string', 'email.base64mime', 'base64', 'email.charset', 'email.encoders', 'quopri', 'email.utils', 'random', 'hashlib', '_hashlib', '_blake2', '_sha3', 'bisect', '_bisect', '_random', 'socket', '_socket', 'email._parseaddr', 'calendar', 'locale', 'tempfile', 'textwrap', 'pkg_resources.extern', 'pkg_resources._vendor', 'pkg_resources._vendor.appdirs', 'pkg_resources.extern.appdirs', 'pkg_resources._vendor.packaging', 'pkg_resources._vendor.packaging.__about__', 'pkg_resources.extern.packaging', 'pkg_resources.extern.packaging.version', 'typing', 'typing.io', 'typing.re', 'pkg_resources.extern.packaging._structures', 'pkg_resources.extern.packaging.specifiers', 'pkg_resources.extern.packaging.utils', 'pkg_resources.extern.packaging.tags', 'logging', 'atexit', 'sysconfig', 'pkg_resources._vendor.packaging._manylinux', 'pkg_resources._vendor.packaging._musllinux', 'pkg_resources.extern.packaging.requirements', 'pkg_resources._vendor.pyparsing', 'copy', 'pprint', 'pkg_resources.extern.pyparsing', 'pkg_resources.extern.packaging.markers', 'multiprocessing', 'multiprocessing.context', 'multiprocessing.process', 'multiprocessing.reduction', 'pickle', '_compat_pickle', '_pickle', 'array', '__mp_main__', 'multiprocessing.spawn', 'runpy', 'multiprocessing.util', 'multiprocessing.popen_fork', 'multiprocessing.popen_spawn_posix', 'concurrent', 'concurrent.futures', 'concurrent.futures._base', 'concurrent.futures.process', 'queue', 'multiprocessing.connection', '_multiprocessing', 'concurrent.futures.thread', 'argparse', 'gettext', 'common', 'common.api_common', 'json', 'json.decoder', 'json.scanner', '_json', 'json.encoder', 'paramiko', 'paramiko._version', 'paramiko.transport', 'cryptography', 'cryptography.__about__', 'cryptography.utils', 'cryptography.hazmat', 'cryptography.hazmat.backends', 'cryptography.hazmat.primitives', 'cryptography.hazmat.primitives.ciphers', 'cryptography.hazmat.primitives._cipheralgorithm', 'cryptography.hazmat.primitives.ciphers.base', 'cryptography.exceptions', 'cryptography.hazmat.primitives.ciphers.modes', 'cryptography.hazmat.primitives.ciphers.algorithms', 'paramiko.util', 'paramiko.common', 'paramiko.config', 'getpass', 'termios', 'shlex', 'paramiko.ssh_exception', 'paramiko.auth_handler', 'paramiko.message', 'paramiko.server', 'paramiko.ssh_gss', 'paramiko.channel', 'paramiko.file', 'paramiko.buffered_pipe', 'paramiko.pipe', 'paramiko.compress', 'paramiko.dsskey', 'cryptography.hazmat.primitives.hashes', 'cryptography.hazmat.primitives.serialization', 'cryptography.hazmat.primitives._serialization', 'cryptography.hazmat.primitives.serialization.base', 'cryptography.hazmat.primitives.asymmetric', 'cryptography.hazmat.primitives.asymmetric.dh', 'cryptography.hazmat.primitives.asymmetric.types', 'cryptography.hazmat.primitives.asymmetric.dsa', 'cryptography.hazmat.primitives.asymmetric.utils', 'cryptography.hazmat.bindings', '_cffi_backend', '_openssl.lib', '_openssl', 'cryptography.hazmat.bindings._rust', 'cryptography.hazmat.primitives.asymmetric.ec', 'cryptography.hazmat._oid', 'cryptography.hazmat.primitives.asymmetric.ed448', 'cryptography.hazmat.primitives.asymmetric.ed25519', 'cryptography.hazmat.primitives.asymmetric.rsa', 'cryptography.hazmat.primitives._asymmetric', 'cryptography.hazmat.primitives.asymmetric.x448', 'cryptography.hazmat.primitives.asymmetric.x25519', 'cryptography.hazmat.primitives.serialization.ssh', 'cryptography.hazmat.primitives.asymmetric.padding', 'bcrypt', '__future__', 'hmac', 'bcrypt.__about__', 'bcrypt._bcrypt', 'paramiko.ber', 'paramiko.sftp', 'paramiko.pkey', 'paramiko.ed25519key', 'nacl', 'nacl.signing', 'nacl.bindings', 'nacl.bindings.crypto_aead', 'nacl.exceptions', '_sodium.lib', '_sodium', 'nacl._sodium', 'nacl.bindings.crypto_box', 'nacl.bindings.crypto_core', 'nacl.bindings.crypto_generichash', 'nacl.bindings.crypto_hash', 'nacl.bindings.crypto_kx', 'nacl.bindings.crypto_pwhash', 'nacl.bindings.crypto_scalarmult', 'nacl.bindings.crypto_secretbox', 'nacl.bindings.crypto_secretstream', 'nacl.bindings.crypto_shorthash', 'nacl.bindings.crypto_sign', 'nacl.bindings.randombytes', 'nacl.bindings.sodium_core', 'nacl.bindings.utils', 'nacl.encoding', 'nacl.public', 'nacl.utils', 'paramiko.kex_curve25519', 'cryptography.hazmat.primitives.constant_time', 'paramiko.kex_gex', 'paramiko.kex_group1', 'paramiko.kex_group14', 'paramiko.kex_group16', 'paramiko.kex_ecdh_nist', 'paramiko.kex_gss', 'paramiko.packet', 'paramiko.primes', 'paramiko.rsakey', 'paramiko.ecdsakey', 'paramiko.sftp_client', 'paramiko.sftp_attr', 'paramiko.sftp_file', 'cryptography.hazmat.backends.openssl', 'cryptography.hazmat.backends.openssl.backend', 'cryptography.x509', 'cryptography.x509.certificate_transparency', 'cryptography.x509.base', 'cryptography.x509.extensions', 'ipaddress', 'cryptography.x509.general_name', 'cryptography.x509.name', 'cryptography.x509.oid', 'cryptography.hazmat.backends.openssl.aead', 'cryptography.hazmat.backends.openssl.ciphers', 'cryptography.hazmat.backends.openssl.cmac', 'cryptography.hazmat.backends.openssl.dh', 'cryptography.hazmat.backends.openssl.dsa', 'cryptography.hazmat.backends.openssl.utils', 'cryptography.hazmat.backends.openssl.ec', 'cryptography.hazmat.backends.openssl.ed448', 'cryptography.hazmat.backends.openssl.ed25519', 'cryptography.hazmat.backends.openssl.hashes', 'cryptography.hazmat.backends.openssl.hmac', 'cryptography.hazmat.backends.openssl.poly1305', 'cryptography.hazmat.backends.openssl.rsa', 'cryptography.hazmat.backends.openssl.x448', 'cryptography.hazmat.bindings.openssl', 'cryptography.hazmat.bindings.openssl.binding', 'cryptography.hazmat.bindings.openssl._conditional', 'cryptography.hazmat.primitives.kdf', 'cryptography.hazmat.primitives.kdf.scrypt', 'cryptography.hazmat.primitives.serialization.pkcs12', 'paramiko.client', 'paramiko.agent', 'paramiko.hostkeys', 'paramiko.auth_strategy', 'paramiko.sftp_server', 'paramiko.sftp_si', 'paramiko.sftp_handle', 'paramiko.proxy', 'sshtunnel', 'socketserver', 'utils', 'utils.exceptions', 'utils.logging', 'utils.complier', 'utils.rawdata_elements', 'common.pc_piechart', 'matplotlib', 'distutils', 'distutils.version', 'matplotlib.cbook', 'gzip', 'numpy', 'numpy._globals', 'numpy.__config__', 'numpy.version', 'numpy._distributor_init', 'numpy.core', 'numpy.core.multiarray', 'numpy.core.overrides', 'numpy.core._multiarray_umath', 'numpy.compat', 'numpy.compat._inspect', 'numpy.compat.py3k', 'numpy.core.umath', 'numpy.core.numerictypes', 'numbers', 'numpy.core._string_helpers', 'numpy.core._type_aliases', 'numpy.core._dtype', 'numpy.core.numeric', 'numpy.core.shape_base', 'numpy.core._asarray', 'numpy.core.fromnumeric', 'numpy.core._methods', 'numpy.core._exceptions', 'numpy.core._ufunc_config', 'numpy.core.arrayprint', 'numpy.core.defchararray', 'numpy.core.records', 'numpy.core.memmap', 'numpy.core.function_base', 'numpy.core.machar', 'numpy.core.getlimits', 'numpy.core.einsumfunc', 'numpy.core._add_newdocs', 'numpy.core._multiarray_tests', 'numpy.core._dtype_ctypes', 'numpy.core._internal', 'numpy._pytesttester', 'numpy.lib', 'numpy.lib.mixins', 'numpy.lib.scimath', 'numpy.lib.type_check', 'numpy.lib.ufunclike', 'numpy.lib.index_tricks', 'numpy.matrixlib', 'numpy.matrixlib.defmatrix', 'numpy.linalg', 'numpy.linalg.linalg', 'numpy.lib.twodim_base', 'numpy.linalg.lapack_lite', 'numpy.linalg._umath_linalg', 'numpy.lib.function_base', 'numpy.lib.histograms', 'numpy.lib.stride_tricks', 'numpy.lib.nanfunctions', 'numpy.lib.shape_base', 'numpy.lib.polynomial', 'numpy.lib.utils', 'numpy.lib.arraysetops', 'numpy.lib.npyio', 'numpy.lib.format', 'numpy.lib._datasource', 'numpy.lib._iotools', 'numpy.lib.financial', 'decimal', '_decimal', 'numpy.lib.arrayterator', 'numpy.lib.arraypad', 'numpy.lib._version', 'numpy.fft', 'numpy.fft._pocketfft', 'numpy.fft._pocketfft_internal', 'numpy.fft.helper', 'numpy.polynomial', 'numpy.polynomial.polynomial', 'numpy.polynomial.polyutils', 'numpy.polynomial._polybase', 'numpy.polynomial.chebyshev', 'numpy.polynomial.legendre', 'numpy.polynomial.hermite', 'numpy.polynomial.hermite_e', 'numpy.polynomial.laguerre', 'numpy.random', 'numpy.random._pickle', 'numpy.random.mtrand', 'cython_runtime', 'numpy.random.bit_generator', '_cython_0_29_21', 'numpy.random._common', 'secrets', 'numpy.random._bounded_integers', 'numpy.random._mt19937', 'numpy.random._philox', 'numpy.random._pcg64', 'numpy.random._sfc64', 'numpy.random._generator', 'numpy.ctypeslib', 'numpy.ma', 'numpy.ma.core', 'numpy.ma.extras', 'numpy.testing', 'unittest', 'unittest.result', 'unittest.util', 'unittest.case', 'difflib', 'unittest.suite', 'unittest.loader', 'unittest.main', 'unittest.runner', 'unittest.signals', 'numpy.testing._private', 'numpy.testing._private.utils', 'gc', 'numpy.testing._private.decorators', 'numpy.testing._private.nosetester', 'matplotlib.cbook.deprecation', 'matplotlib.rcsetup', 'matplotlib.animation', 'uuid', 'ctypes.util', 'matplotlib._animation_data', 'matplotlib.fontconfig_pattern', 'pyparsing', 'pyparsing.util', 'pyparsing.exceptions', 'pyparsing.unicode', 'pyparsing.actions', 'pyparsing.core', 'pyparsing.results', 'pyparsing.helpers', 'html', 'html.entities', 'pyparsing.testing', 'pyparsing.common', 'matplotlib.colors', 'matplotlib.docstring', 'matplotlib._color_data', 'cycler', 'matplotlib._version', 'matplotlib.ft2font', 'dateutil', 'dateutil._version', 'kiwisolver']
2026-06-26 13:20:06,078 DEBUG matplotlib: CACHEDIR=/tmp/tmp852sg0_i
2026-06-26 13:20:06,078 INFO matplotlib.font_manager: Generating new fontManager, this may take some time...
2026-06-26 13:20:06,078 DEBUG matplotlib.font_manager: font search path [PosixPath('/tmp/_MEIl3XpmA/matplotlib/mpl-data/fonts/ttf'), PosixPath('/tmp/_MEIl3XpmA/matplotlib/mpl-data/fonts/afm'), PosixPath('/tmp/_MEIl3XpmA/matplotlib/mpl-data/fonts/pdfcorefonts')]
2026-06-26 13:20:06,365 DEBUG matplotlib.pyplot: Loaded backend agg version unknown.
2026-06-26 13:20:07,290 DEBUG urllib3.connectionpool: Starting new HTTP connection (1): 127.0.0.1:50123
2026-06-26 13:20:07,291 INFO common.api_common: load json file /opt/mcProfiler-linux/config/workgroup_memory.pcd error, so try to decrypt: Expecting value: line 1 column 1 (char 0)
2026-06-26 13:20:07,292 INFO common.api_common: load json file /opt/mcProfiler-linux/config/summary.pcd error, so try to decrypt: Expecting value: line 1 column 1 (char 0)
2026-06-26 13:20:07,292 INFO common.api_common: load json file /opt/mcProfiler-linux/config/occupancy.pcd error, so try to decrypt: Expecting value: line 1 column 1 (char 0)
2026-06-26 13:20:07,292 INFO common.api_common: load json file /opt/mcProfiler-linux/config/memory_statistics.pcd error, so try to decrypt: Expecting value: line 1 column 1 (char 0)
2026-06-26 13:20:07,293 INFO common.api_common: load json file /opt/mcProfiler-linux/config/isu_statistics.pcd error, so try to decrypt: Expecting value: line 1 column 1 (char 0)
2026-06-26 13:20:07,294 INFO common.api_common: load json file /opt/mcProfiler-linux/config/internal.pcd error, so try to decrypt: Expecting value: line 1 column 1 (char 0)
2026-06-26 13:20:07,294 INFO common.api_common: load json file /opt/mcProfiler-linux/config/instruction_statistics.pcd error, so try to decrypt: Expecting value: line 1 column 1 (char 0)
2026-06-26 13:20:07,294 INFO common.api_common: load json file /opt/mcProfiler-linux/config/gpu_throughput_statistics.pcd error, so try to decrypt: Expecting value: line 1 column 1 (char 0)
2026-06-26 13:20:07,294 INFO common.api_common: load json file /opt/mcProfiler-linux/config/compute_workload.pcd error, so try to decrypt: Expecting value: line 1 column 1 (char 0)
2026-06-26 13:20:07,295 INFO common.api_common: load json file /opt/mcProfiler-linux/config/ce_statistics.pcd error, so try to decrypt: Expecting value: line 1 column 1 (char 0)
2026-06-26 13:20:07,302 INFO werkzeug:  * Running on http://127.0.0.1:50123/ (Press CTRL+C to quit)
2026-06-26 13:20:07,793 DEBUG urllib3.connectionpool: Starting new HTTP connection (1): 127.0.0.1:50123
2026-06-26 13:20:07,796 INFO werkzeug: 127.0.0.1 - - [26/Jun/2026 13:20:07] "GET / HTTP/1.1" 200 -
2026-06-26 13:20:07,797 DEBUG urllib3.connectionpool: http://127.0.0.1:50123 "GET / HTTP/1.1" 200 29
2026-06-26 13:20:07,798 DEBUG urllib3.connectionpool: Starting new HTTP connection (1): 127.0.0.1:50123
2026-06-26 13:20:07,799 INFO werkzeug: 127.0.0.1 - - [26/Jun/2026 13:20:07] "GET /show_metrics HTTP/1.1" 200 -
2026-06-26 13:20:07,800 DEBUG urllib3.connectionpool: http://127.0.0.1:50123 "GET /show_metrics HTTP/1.1" 200 1989
2026-06-26 13:20:07,801 DEBUG urllib3.connectionpool: Starting new HTTP connection (1): 127.0.0.1:50123
2026-06-26 13:20:07,815 INFO phttp.http_server: start a new perf exec thread
2026-06-26 13:20:07,815 INFO phttp.server_backend: start perf_exec
2026-06-26 13:20:07,815 INFO phttp.http_server: new exec 20bd6103-bf98-40b8-91fe-5727129c5c18:('export MACA_PATH=/opt/maca/; export LD_LIBRARY_PATH=/opt/maca/lib/:${LD_LIBRARY_PATH}; ./test_maca 5 100 2', 'engram_fused_weight_v1_optimized', ['WORKGROUPS', 'WAVES', 'Average Wave life cycles', 'instruction per cycle', 'instruction throughput', 'instruction throughput efficiency', 'AP active cycles', 'AP MTE Duty ratio', 'AP STE Duty ratio', 'AP MMA Duty ratio', 'VLS Duty ratio', 'L2C Duty ratio', 'Compute Instructions Cycles Rate', 'DPC Computing cycles comparison', 'Instructions Comparison', 'ISU stall cycles layout', 'instruction number', 'instructions per AP', 'RoofLine', 'Global Read Instructions', 'Global Write Instructions', 'Global Atomic Instructions', 'Private Read Instructions', 'Private Write Instructions', 'Constant Read Instructions', 'Constant Read SL1 Instructions', 'Constant Read L2 Instructions', 'Constant SL1 Hit Rate', 'VL1 Read Instructions', 'VL1 Write Instructions', 'VL1 Atomic Instructions', 'VL1 Hit Rate', 'L2C Read Instructions', 'L2C Write Instructions', 'L2C Atomic Instructions', 'L2C Hit Rate', 'Total Atomic Instructions', 'Dnoc Read Req', 'Dnoc Write Req', 'Global Memory Read bytes', 'Global Memory Write bytes', 'Memory Data Flow Chart', 'Dnoc Read Average Latency', 'Dnoc Read Latency Histogram', 'VL1 partition stall cycles layout', 'Achieved waves', 'Dispatched waves', 'Total Instructions', 'Compute Instructions', 'Memory Instructions', 'Total Cycles', 'Memory Access per Second', 'Average AP busy cycles', 'AP busy Duty', 'Compute Instructions busy Duty', 'load instructions', 'store instructions', 'atomic instructions', 'total instructions', 'average latency per load instruction', 'average latency per store instruction', 'average latency per atomic instruction', 'average latency of all stages per instruction', 'average cycles per load instruction', 'average cycles per store instruction', 'average cycles per atomic instruction', 'average conflict cycles per instruction', 'average cycles per instruction', 'shared memory access efficiency'])
2026-06-26 13:20:07,817 INFO werkzeug: 127.0.0.1 - - [26/Jun/2026 13:20:07] "POST /perf_exec HTTP/1.1" 200 -
2026-06-26 13:20:07,817 INFO common.api_common: ret_code cmdline_str: env
2026-06-26 13:20:07,817 DEBUG urllib3.connectionpool: http://127.0.0.1:50123 "POST /perf_exec HTTP/1.1" 200 51
2026-06-26 13:20:07,828 INFO common.api_common: ret_code cmdline_str: ls /sys/devices/virtual/mxcd/
2026-06-26 13:20:07,834 INFO common.api_common: ret_code cmdline_str: ls /sys/devices/virtual/mxcd/mxcd/layout/nodes/
2026-06-26 13:20:07,840 INFO phttp.server_backend: get_device_info.layout nodes: ['0', '1', '2', '3', '4', '5', '6', '7', '8', '9']
2026-06-26 13:20:07,840 INFO common.api_common: ret_code cmdline_str: cat /sys/devices/virtual/mxcd/mxcd/layout/nodes//0/gpu_id
2026-06-26 13:20:07,846 INFO phttp.server_backend: get_device_info.node 0 gpu_id 0
2026-06-26 13:20:07,846 INFO common.api_common: ret_code cmdline_str: cat /sys/devices/virtual/mxcd/mxcd/layout/nodes//1/gpu_id
2026-06-26 13:20:07,851 INFO phttp.server_backend: get_device_info.node 1 gpu_id 0
2026-06-26 13:20:07,851 INFO common.api_common: ret_code cmdline_str: cat /sys/devices/virtual/mxcd/mxcd/layout/nodes//2/gpu_id
2026-06-26 13:20:07,856 INFO phttp.server_backend: get_device_info.node 2 gpu_id 64198
2026-06-26 13:20:07,856 INFO phttp.server_backend: get_device_info.using node id 2
2026-06-26 13:20:07,856 INFO common.api_common: ret_code cmdline_str: cat /sys/devices/virtual/mxcd/mxcd/layout/nodes//3/gpu_id
2026-06-26 13:20:07,861 INFO phttp.server_backend: get_device_info.node 3 gpu_id 27143
2026-06-26 13:20:07,861 INFO phttp.server_backend: get_device_info.using node id 3
2026-06-26 13:20:07,861 INFO common.api_common: ret_code cmdline_str: cat /sys/devices/virtual/mxcd/mxcd/layout/nodes//4/gpu_id
2026-06-26 13:20:07,866 INFO phttp.server_backend: get_device_info.node 4 gpu_id 22597
2026-06-26 13:20:07,866 INFO phttp.server_backend: get_device_info.using node id 4
2026-06-26 13:20:07,866 INFO common.api_common: ret_code cmdline_str: cat /sys/devices/virtual/mxcd/mxcd/layout/nodes//5/gpu_id
2026-06-26 13:20:07,871 INFO phttp.server_backend: get_device_info.node 5 gpu_id 24589
2026-06-26 13:20:07,871 INFO phttp.server_backend: get_device_info.using node id 5
2026-06-26 13:20:07,871 INFO common.api_common: ret_code cmdline_str: cat /sys/devices/virtual/mxcd/mxcd/layout/nodes//6/gpu_id
2026-06-26 13:20:07,876 INFO phttp.server_backend: get_device_info.node 6 gpu_id 18772
2026-06-26 13:20:07,876 INFO phttp.server_backend: get_device_info.using node id 6
2026-06-26 13:20:07,876 INFO common.api_common: ret_code cmdline_str: cat /sys/devices/virtual/mxcd/mxcd/layout/nodes//7/gpu_id
2026-06-26 13:20:07,881 INFO phttp.server_backend: get_device_info.node 7 gpu_id 61138
2026-06-26 13:20:07,881 INFO phttp.server_backend: get_device_info.using node id 7
2026-06-26 13:20:07,881 INFO common.api_common: ret_code cmdline_str: cat /sys/devices/virtual/mxcd/mxcd/layout/nodes//8/gpu_id
2026-06-26 13:20:07,886 INFO phttp.server_backend: get_device_info.node 8 gpu_id 8082
2026-06-26 13:20:07,886 INFO phttp.server_backend: get_device_info.using node id 8
2026-06-26 13:20:07,886 INFO common.api_common: ret_code cmdline_str: cat /sys/devices/virtual/mxcd/mxcd/layout/nodes//9/gpu_id
2026-06-26 13:20:07,891 INFO phttp.server_backend: get_device_info.node 9 gpu_id 11728
2026-06-26 13:20:07,891 INFO phttp.server_backend: get_device_info.using node id 9
2026-06-26 13:20:07,891 INFO common.api_common: ret_code cmdline_str: cat /sys/devices/virtual/mxcd/mxcd/layout/nodes//2/properties
2026-06-26 13:20:07,896 ERROR phttp.server_backend: get_device_info.parse 2 device info vbios_version 1.25.1.0 error.
2026-06-26 13:20:07,896 ERROR phttp.server_backend: get_device_info.parse 2 device info  error.
2026-06-26 13:20:07,897 INFO common.api_common: ret_code cmdline_str: cat /sys/devices/virtual/mxcd/mxcd/layout/nodes//3/properties
2026-06-26 13:20:07,901 ERROR phttp.server_backend: get_device_info.parse 3 device info vbios_version 1.25.1.0 error.
2026-06-26 13:20:07,902 INFO common.api_common: ret_code cmdline_str: cat /sys/devices/virtual/mxcd/mxcd/layout/nodes//4/properties
2026-06-26 13:20:07,906 ERROR phttp.server_backend: get_device_info.parse 4 device info vbios_version 1.25.1.0 error.
2026-06-26 13:20:07,907 ERROR phttp.server_backend: get_device_info.parse 4 device info  error.
2026-06-26 13:20:07,907 INFO common.api_common: ret_code cmdline_str: cat /sys/devices/virtual/mxcd/mxcd/layout/nodes//5/properties
2026-06-26 13:20:07,911 ERROR phttp.server_backend: get_device_info.parse 5 device info vbios_version 1.25.1.0 error.
2026-06-26 13:20:07,911 ERROR phttp.server_backend: get_device_info.parse 5 device info  error.
2026-06-26 13:20:07,912 INFO common.api_common: ret_code cmdline_str: cat /sys/devices/virtual/mxcd/mxcd/layout/nodes//6/properties
2026-06-26 13:20:07,916 ERROR phttp.server_backend: get_device_info.parse 6 device info vbios_version 1.25.1.0 error.
2026-06-26 13:20:07,917 INFO common.api_common: ret_code cmdline_str: cat /sys/devices/virtual/mxcd/mxcd/layout/nodes//7/properties
2026-06-26 13:20:07,922 ERROR phttp.server_backend: get_device_info.parse 7 device info vbios_version 1.25.1.0 error.
2026-06-26 13:20:07,922 ERROR phttp.server_backend: get_device_info.parse 7 device info  error.
2026-06-26 13:20:07,922 INFO common.api_common: ret_code cmdline_str: cat /sys/devices/virtual/mxcd/mxcd/layout/nodes//8/properties
2026-06-26 13:20:07,927 ERROR phttp.server_backend: get_device_info.parse 8 device info vbios_version 1.25.1.0 error.
2026-06-26 13:20:07,927 ERROR phttp.server_backend: get_device_info.parse 8 device info  error.
2026-06-26 13:20:07,927 ERROR phttp.server_backend: get_device_info.parse 8 device info  error.
2026-06-26 13:20:07,927 INFO common.api_common: ret_code cmdline_str: cat /sys/devices/virtual/mxcd/mxcd/layout/nodes//9/properties
2026-06-26 13:20:07,932 ERROR phttp.server_backend: get_device_info.parse 9 device info vbios_version 1.25.1.0 error.
2026-06-26 13:20:07,932 ERROR phttp.server_backend: get_device_info.parse 9 device info  error.
2026-06-26 13:20:07,932 INFO phttp.server_backend: get_device_info.device_info: {'2': {'gpu_id': '64198', 'cpu_cores_count': 0, 'mem_banks_count': 1, 'direct_link_count': 4, 'indirect_link_count': 8, 'vendor_id': 39321, 'device_id': 16385, 'drm_render_minor': 128, 'isa_major': 10, 'isa_minor': 0, 'is_vf': 0, 'max_vf_nums': 8, 'domain': 0, 'location_id': 2048, 'num_sdma_engines': 5, 'num_sdma_queues_per_engine': 9, 'num_vpue_cores': 1, 'num_vpud_cores': 8, 'caches_count': 157, 'peu_id_base': 0, 'peu_count': 416, 'max_waves_per_peu': 8, 'wsm_size_in_kb': 64, 'wave_front_size': 64, 'dpc_count': 8, 'dpc0_ap_mask': 8191, 'dpc1_ap_mask': 73727, 'dpc2_ap_mask': 139263, 'dpc3_ap_mask': 204799, 'dpc4_ap_mask': 270335, 'dpc5_ap_mask': 344061, 'dpc6_ap_mask': 401407, 'dpc7_ap_mask': 466943, 'dpc_arrays': 1, 'ap_per_dpc': 13, 'peu_per_ap': 4, 'pri_mem_per_thread': 4, 'max_slots_private_ap': 32, 'num_ce_queues': 16, 'max_engine_clk_gpu': 1600, 'max_engine_clk_cpu': 3600, 'mgpu_id': 0, 'topology_id': 2, 'socket_id': 2, 'hbmecc': 1, 'local_mem_size': 68719476736, 'capability': 4432512, 'maxprocess': 10}, '3': {'gpu_id': '27143', 'cpu_cores_count': 0, 'mem_banks_count': 1, 'direct_link_count': 4, 'indirect_link_count': 8, 'vendor_id': 39321, 'device_id': 16385, 'drm_render_minor': 129, 'isa_major': 10, 'isa_minor': 0, 'is_vf': 0, 'max_vf_nums': 8, 'domain': 0, 'location_id': 2304, 'num_sdma_engines': 5, 'num_sdma_queues_per_engine': 9, 'num_vpue_cores': 1, 'num_vpud_cores': 8, 'caches_count': 157, 'peu_id_base': 0, 'peu_count': 416, 'max_waves_per_peu': 8, 'wsm_size_in_kb': 64, 'wave_front_size': 64, 'dpc_count': 8, 'dpc0_ap_mask': 8191, 'dpc1_ap_mask': 73727, 'dpc2_ap_mask': 139263, 'dpc3_ap_mask': 204799, 'dpc4_ap_mask': 270335, 'dpc5_ap_mask': 344062, 'dpc6_ap_mask': 401407, 'dpc7_ap_mask': 474623, 'dpc_arrays': 1, 'ap_per_dpc': 13, 'peu_per_ap': 4, 'pri_mem_per_thread': 4, 'max_slots_private_ap': 32, 'num_ce_queues': 16, 'max_engine_clk_gpu': 1600, 'max_engine_clk_cpu': 3600, 'mgpu_id': 0, 'topology_id': 2, 'socket_id': 0, 'hbmecc': 1, 'local_mem_size': 68719476736, 'capability': 4432512, 'maxprocess': 10}, '4': {'gpu_id': '22597', 'cpu_cores_count': 0, 'mem_banks_count': 1, 'direct_link_count': 4, 'indirect_link_count': 8, 'vendor_id': 39321, 'device_id': 16385, 'drm_render_minor': 130, 'isa_major': 10, 'isa_minor': 0, 'is_vf': 0, 'max_vf_nums': 8, 'domain': 0, 'location_id': 3584, 'num_sdma_engines': 5, 'num_sdma_queues_per_engine': 9, 'num_vpue_cores': 1, 'num_vpud_cores': 8, 'caches_count': 157, 'peu_id_base': 0, 'peu_count': 416, 'max_waves_per_peu': 8, 'wsm_size_in_kb': 64, 'wave_front_size': 64, 'dpc_count': 8, 'dpc0_ap_mask': 8191, 'dpc1_ap_mask': 73727, 'dpc2_ap_mask': 139263, 'dpc3_ap_mask': 204799, 'dpc4_ap_mask': 270335, 'dpc5_ap_mask': 335871, 'dpc6_ap_mask': 401407, 'dpc7_ap_mask': 466943, 'dpc_arrays': 1, 'ap_per_dpc': 13, 'peu_per_ap': 4, 'pri_mem_per_thread': 4, 'max_slots_private_ap': 32, 'num_ce_queues': 16, 'max_engine_clk_gpu': 1600, 'max_engine_clk_cpu': 3600, 'mgpu_id': 0, 'topology_id': 2, 'socket_id': 3, 'hbmecc': 1, 'local_mem_size': 68719476736, 'capability': 4432512, 'maxprocess': 10}, '5': {'gpu_id': '24589', 'cpu_cores_count': 0, 'mem_banks_count': 1, 'direct_link_count': 4, 'indirect_link_count': 8, 'vendor_id': 39321, 'device_id': 16385, 'drm_render_minor': 131, 'isa_major': 10, 'isa_minor': 0, 'is_vf': 0, 'max_vf_nums': 8, 'domain': 0, 'location_id': 4352, 'num_sdma_engines': 5, 'num_sdma_queues_per_engine': 9, 'num_vpue_cores': 1, 'num_vpud_cores': 8, 'caches_count': 157, 'peu_id_base': 0, 'peu_count': 416, 'max_waves_per_peu': 8, 'wsm_size_in_kb': 64, 'wave_front_size': 64, 'dpc_count': 8, 'dpc0_ap_mask': 8191, 'dpc1_ap_mask': 73727, 'dpc2_ap_mask': 139263, 'dpc3_ap_mask': 204799, 'dpc4_ap_mask': 270335, 'dpc5_ap_mask': 335871, 'dpc6_ap_mask': 401407, 'dpc7_ap_mask': 466943, 'dpc_arrays': 1, 'ap_per_dpc': 13, 'peu_per_ap': 4, 'pri_mem_per_thread': 4, 'max_slots_private_ap': 32, 'num_ce_queues': 16, 'max_engine_clk_gpu': 1600, 'max_engine_clk_cpu': 3600, 'mgpu_id': 0, 'topology_id': 2, 'socket_id': 1, 'hbmecc': 1, 'local_mem_size': 68719476736, 'capability': 4432512, 'maxprocess': 10}, '6': {'gpu_id': '18772', 'cpu_cores_count': 0, 'mem_banks_count': 1, 'direct_link_count': 4, 'indirect_link_count': 8, 'vendor_id': 39321, 'device_id': 16385, 'drm_render_minor': 132, 'isa_major': 10, 'isa_minor': 0, 'is_vf': 0, 'max_vf_nums': 8, 'domain': 0, 'location_id': 12800, 'num_sdma_engines': 5, 'num_sdma_queues_per_engine': 9, 'num_vpue_cores': 1, 'num_vpud_cores': 8, 'caches_count': 157, 'peu_id_base': 0, 'peu_count': 416, 'max_waves_per_peu': 8, 'wsm_size_in_kb': 64, 'wave_front_size': 64, 'dpc_count': 8, 'dpc0_ap_mask': 8191, 'dpc1_ap_mask': 73727, 'dpc2_ap_mask': 139263, 'dpc3_ap_mask': 204799, 'dpc4_ap_mask': 270335, 'dpc5_ap_mask': 335871, 'dpc6_ap_mask': 407551, 'dpc7_ap_mask': 466943, 'dpc_arrays': 1, 'ap_per_dpc': 13, 'peu_per_ap': 4, 'pri_mem_per_thread': 4, 'max_slots_private_ap': 32, 'num_ce_queues': 16, 'max_engine_clk_gpu': 1600, 'max_engine_clk_cpu': 3600, 'mgpu_id': 0, 'topology_id': 2, 'socket_id': 0, 'hbmecc': 1, 'local_mem_size': 68719476736, 'capability': 4432512, 'maxprocess': 10}, '7': {'gpu_id': '61138', 'cpu_cores_count': 0, 'mem_banks_count': 1, 'direct_link_count': 4, 'indirect_link_count': 8, 'vendor_id': 39321, 'device_id': 16385, 'drm_render_minor': 133, 'isa_major': 10, 'isa_minor': 0, 'is_vf': 0, 'max_vf_nums': 8, 'domain': 0, 'location_id': 14336, 'num_sdma_engines': 5, 'num_sdma_queues_per_engine': 9, 'num_vpue_cores': 1, 'num_vpud_cores': 8, 'caches_count': 157, 'peu_id_base': 0, 'peu_count': 416, 'max_waves_per_peu': 8, 'wsm_size_in_kb': 64, 'wave_front_size': 64, 'dpc_count': 8, 'dpc0_ap_mask': 8191, 'dpc1_ap_mask': 73727, 'dpc2_ap_mask': 139263, 'dpc3_ap_mask': 204799, 'dpc4_ap_mask': 270335, 'dpc5_ap_mask': 335871, 'dpc6_ap_mask': 401407, 'dpc7_ap_mask': 466943, 'dpc_arrays': 1, 'ap_per_dpc': 13, 'peu_per_ap': 4, 'pri_mem_per_thread': 4, 'max_slots_private_ap': 32, 'num_ce_queues': 16, 'max_engine_clk_gpu': 1600, 'max_engine_clk_cpu': 3600, 'mgpu_id': 0, 'topology_id': 2, 'socket_id': 2, 'hbmecc': 1, 'local_mem_size': 68719476736, 'capability': 4432512, 'maxprocess': 10}, '8': {'gpu_id': '8082', 'cpu_cores_count': 0, 'mem_banks_count': 1, 'direct_link_count': 4, 'indirect_link_count': 8, 'vendor_id': 39321, 'device_id': 16385, 'drm_render_minor': 134, 'isa_major': 10, 'isa_minor': 0, 'is_vf': 0, 'max_vf_nums': 8, 'domain': 0, 'location_id': 15104, 'num_sdma_engines': 5, 'num_sdma_queues_per_engine': 9, 'num_vpue_cores': 1, 'num_vpud_cores': 8, 'caches_count': 157, 'peu_id_base': 0, 'peu_count': 416, 'max_waves_per_peu': 8, 'wsm_size_in_kb': 64, 'wave_front_size': 64, 'dpc_count': 8, 'dpc0_ap_mask': 8191, 'dpc1_ap_mask': 73727, 'dpc2_ap_mask': 139263, 'dpc3_ap_mask': 204799, 'dpc4_ap_mask': 270335, 'dpc5_ap_mask': 344031, 'dpc6_ap_mask': 401407, 'dpc7_ap_mask': 466943, 'dpc_arrays': 1, 'ap_per_dpc': 13, 'peu_per_ap': 4, 'pri_mem_per_thread': 4, 'max_slots_private_ap': 32, 'num_ce_queues': 16, 'max_engine_clk_gpu': 1600, 'max_engine_clk_cpu': 3600, 'mgpu_id': 0, 'topology_id': 2, 'socket_id': 3, 'hbmecc': 1, 'local_mem_size': 68719476736, 'capability': 4432512, 'maxprocess': 10}, '9': {'gpu_id': '11728', 'cpu_cores_count': 0, 'mem_banks_count': 1, 'direct_link_count': 4, 'indirect_link_count': 8, 'vendor_id': 39321, 'device_id': 16385, 'drm_render_minor': 135, 'isa_major': 10, 'isa_minor': 0, 'is_vf': 0, 'max_vf_nums': 8, 'domain': 0, 'location_id': 15360, 'num_sdma_engines': 5, 'num_sdma_queues_per_engine': 9, 'num_vpue_cores': 1, 'num_vpud_cores': 8, 'caches_count': 157, 'peu_id_base': 0, 'peu_count': 416, 'max_waves_per_peu': 8, 'wsm_size_in_kb': 64, 'wave_front_size': 64, 'dpc_count': 8, 'dpc0_ap_mask': 8191, 'dpc1_ap_mask': 73727, 'dpc2_ap_mask': 139263, 'dpc3_ap_mask': 204799, 'dpc4_ap_mask': 270335, 'dpc5_ap_mask': 335871, 'dpc6_ap_mask': 401407, 'dpc7_ap_mask': 466943, 'dpc_arrays': 1, 'ap_per_dpc': 13, 'peu_per_ap': 4, 'pri_mem_per_thread': 4, 'max_slots_private_ap': 32, 'num_ce_queues': 16, 'max_engine_clk_gpu': 1600, 'max_engine_clk_cpu': 3600, 'mgpu_id': 0, 'topology_id': 2, 'socket_id': 1, 'hbmecc': 1, 'local_mem_size': 68719476736, 'capability': 4432512, 'maxprocess': 10}}
2026-06-26 13:20:07,932 INFO phttp.server_backend: start generate batch files
2026-06-26 13:20:07,933 INFO utils.complier: analyse  formula:[]
2026-06-26 13:20:07,933 INFO utils.complier: analyse  formula:[{'type': 'PRE_VAR', 'value': '@compute_instructions'}, {'type': 'PRE_VAR', 'value': '@memory_instructions'}]
2026-06-26 13:20:07,933 INFO utils.complier: analyse  formula:[]
2026-06-26 13:20:07,933 INFO utils.complier: analyse  formula:[]
2026-06-26 13:20:07,933 INFO utils.complier: analyse  formula:[{'type': 'PRE_VAR', 'value': '@compute_instructions'}]
2026-06-26 13:20:07,933 INFO utils.complier: analyse  formula:[]
2026-06-26 13:20:07,933 INFO utils.complier: analyse  formula:[]
2026-06-26 13:20:07,933 INFO utils.complier: analyse  formula:[{'type': 'PRE_VAR', 'value': '@memory_instructions'}]
2026-06-26 13:20:07,933 INFO utils.complier: analyse  formula:[]
2026-06-26 13:20:07,933 INFO utils.complier: analyse  formula:[{'type': 'VARIABLE', 'value': '{{CE.CE_PERF_BUSY_CYCLES}}'}]
2026-06-26 13:20:07,934 INFO utils.complier: analyse  formula:[]
2026-06-26 13:20:07,934 INFO utils.complier: analyse  formula:[]
2026-06-26 13:20:07,934 INFO utils.complier: analyse  formula:[{'type': 'VARIABLE', 'value': '{{L2C.perf_dnoc_rdreq_32B}}'}, {'type': 'VARIABLE', 'value': '{{L2C.perf_dnoc_rdreq_64B}}'}, {'type': 'VARIABLE', 'value': '{{L2C.perf_dnoc_rdreq_128B}}'}, {'type': 'VARIABLE', 'value': '{{L2C.perf_dnoc_wrreq_32B_low}}'}, {'type': 'VARIABLE', 'value': '{{L2C.perf_dnoc_wrreq_32B_high}}'}, {'type': 'VARIABLE', 'value': '{{L2C.perf_dnoc_wrreq_64B}}'}, {'type': 'VARIABLE', 'value': '{{L2C.perf_dnoc_wrreq_128B}}'}, {'type': 'VARIABLE', 'value': '{{ISU.AP_PERF_ISU_AP_BUSY}}'}]
2026-06-26 13:20:07,934 INFO utils.complier: analyse  formula:[]
2026-06-26 13:20:07,935 INFO utils.complier: analyse  formula:[]
2026-06-26 13:20:07,935 INFO utils.complier: analyse  formula:[{'type': 'VARIABLE', 'value': '{{ISU.AP_PERF_ISU_AP_BUSY}}'}]
2026-06-26 13:20:07,935 INFO utils.complier: analyse  formula:[]
2026-06-26 13:20:07,936 INFO utils.complier: analyse  formula:[]
2026-06-26 13:20:07,936 INFO utils.complier: analyse  formula:[{'type': 'VARIABLE', 'value': '{{ISU.AP_PERF_ISU_AP_BUSY}}'}, {'type': 'VARIABLE', 'value': '{{CE.CE_PERF_BUSY_CYCLES}}'}]
2026-06-26 13:20:07,936 INFO utils.complier: analyse  formula:[]
2026-06-26 13:20:07,936 INFO utils.complier: analyse  formula:[]
2026-06-26 13:20:07,936 INFO utils.complier: analyse  formula:[{'type': 'VARIABLE', 'value': '{{ISU.AP_PERF_INST_CYCLES_VALU}}'}, {'type': 'VARIABLE', 'value': '{{ISU.AP_PERF_INST_CYCLES_MMA}}'}, {'type': 'VARIABLE', 'value': '{{ISU.AP_PERF_ISU_AP_BUSY}}'}]
2026-06-26 13:20:07,936 INFO utils.complier: analyse  formula:[]
2026-06-26 13:20:07,936 INFO utils.complier: analyse  formula:[]
2026-06-26 13:20:07,936 INFO utils.complier: analyse  formula:[{'type': 'VARIABLE', 'value': '{{CE.CE_PERF_SEND_RM_WORKGROUPS}}'}]
2026-06-26 13:20:07,936 INFO utils.complier: analyse  formula:[]
2026-06-26 13:20:07,936 INFO utils.complier: analyse  formula:[]
2026-06-26 13:20:07,936 INFO utils.complier: analyse  formula:[{'type': 'VARIABLE', 'value': '{{CE.CE_PERF_SEND_RM_WAVES}}'}]
2026-06-26 13:20:07,937 INFO utils.complier: analyse  formula:[]
2026-06-26 13:20:07,937 INFO utils.complier: analyse  formula:[]
2026-06-26 13:20:07,937 INFO utils.complier: analyse  formula:[{'type': 'VARIABLE', 'value': '{{RM.RM_PERF_WAVES_InFlight_Level_P0}}'}, {'type': 'VARIABLE', 'value': '{{RM.RM_PERF_WAVES_InFlight_Level_P1}}'}, {'type': 'VARIABLE', 'value': '{{RM.RM_PERF_WAVES_InFlight_Level_P2}}'}, {'type': 'VARIABLE', 'value': '{{RM.RM_PERF_WAVES_InFlight_Level_P3}}'}, {'type': 'VARIABLE', 'value': '{{CE.CE_PERF_SEND_RM_WAVES}}'}]
2026-06-26 13:20:07,937 INFO utils.complier: analyse  formula:[]
2026-06-26 13:20:07,937 INFO utils.complier: analyse  formula:[]
2026-06-26 13:20:07,938 INFO utils.complier: analyse  formula:[{'type': 'VARIABLE', 'value': '{{ISU.AP_PERF_INST_CYCLES_VALU_4CYCLES}}'}, {'type': 'VARIABLE', 'value': '{{ISU.AP_PERF_INST_CYCLES_VALU_16CYCLES}}'}, {'type': 'VARIABLE', 'value': '{{ISU.AP_PERF_INST_CYCLES_MMA_16CYCLES}}'}, {'type': 'VARIABLE', 'value': '{{ISU.AP_PERF_INST_CYCLES_MMA_32CYCLES}}'}]
2026-06-26 13:20:07,939 INFO utils.complier: analyse  formula:[]
2026-06-26 13:20:07,939 INFO utils.complier: analyse  formula:[]
2026-06-26 13:20:07,940 INFO utils.complier: analyse  formula:[{'type': 'VARIABLE_DICT', 'value': '{{{ISU.AP_PERF_INST_CYCLES_MMA}}}'}, {'type': 'VARIABLE_DICT', 'value': '{{{ISU.AP_PERF_INST_CYCLES_MMA}}}'}, {'type': 'VARIABLE_DICT', 'value': '{{{ISU.AP_PERF_INST_CYCLES_VALU}}}'}]
2026-06-26 13:20:07,940 INFO utils.complier: analyse  formula:[]
2026-06-26 13:20:07,941 INFO utils.complier: analyse  formula:[]
2026-06-26 13:20:07,942 INFO utils.complier: analyse  formula:[{'type': 'VARIABLE', 'value': '{{ISU.AP_PERF_INSTS_VALU}}'}, {'type': 'VARIABLE', 'value': '{{ISU.AP_PERF_INSTS_MMA}}'}, {'type': 'VARIABLE', 'value': '{{ISU.AP_PERF_INSTS_SALU}}'}, {'type': 'VARIABLE', 'value': '{{ISU.AP_PERF_INSTS_GVM}}'}, {'type': 'VARIABLE', 'value': '{{ISU.AP_PERF_INSTS_BSM}}'}, {'type': 'VARIABLE', 'value': '{{ISU.AP_PERF_INSTS_LDU}}'}, {'type': 'VARIABLE', 'value': '{{ISU.AP_PERF_INST_MISC}}'}]
2026-06-26 13:20:07,942 INFO utils.complier: analyse  formula:[]
2026-06-26 13:20:07,943 INFO utils.complier: analyse  formula:[]
2026-06-26 13:20:07,944 INFO utils.complier: analyse  formula:[{'type': 'VARIABLE', 'value': '{{ISU.AP_PERF_ISU_ARB_WSM_STALL}}'}, {'type': 'VARIABLE', 'value': '{{ISU.AP_PERF_ISU_ARB_VLS_STALL}}'}, {'type': 'VARIABLE', 'value': '{{ISU.AP_PERF_ISU_ARB_DATA_STALL}}'}, {'type': 'VARIABLE', 'value': '{{ISU.AP_PERF_ISU_ARB_VALU_STALL}}'}]
2026-06-26 13:20:07,945 INFO utils.complier: analyse  formula:[]
2026-06-26 13:20:07,945 INFO utils.complier: analyse  formula:[]
2026-06-26 13:20:07,945 INFO utils.complier: analyse  formula:[]
2026-06-26 13:20:07,945 INFO utils.complier: analyse  formula:[{'type': 'PRE_VAR', 'value': '@global_insts_rd'}]
2026-06-26 13:20:07,946 INFO utils.complier: analyse  formula:[]
2026-06-26 13:20:07,946 INFO utils.complier: analyse  formula:[]
2026-06-26 13:20:07,946 INFO utils.complier: analyse  formula:[{'type': 'PRE_VAR', 'value': '@global_insts_wr'}]
2026-06-26 13:20:07,946 INFO utils.complier: analyse  formula:[]
2026-06-26 13:20:07,946 INFO utils.complier: analyse  formula:[{'type': 'VARIABLE', 'value': '{{ISU.AP_PERF_INST_GLOBAL_ATOMIC}}'}, {'type': 'VARIABLE', 'value': '{{ISU.AP_PERF_INST_GLOBAL_ATOMIC_64}}'}]
2026-06-26 13:20:07,946 INFO utils.complier: analyse  formula:[]
2026-06-26 13:20:07,946 INFO utils.complier: analyse  formula:[]
2026-06-26 13:20:07,946 INFO utils.complier: analyse  formula:[]
2026-06-26 13:20:07,946 INFO utils.complier: analyse  formula:[{'type': 'PRE_VAR', 'value': '@private_insts_rd'}]
2026-06-26 13:20:07,946 INFO utils.complier: analyse  formula:[]
2026-06-26 13:20:07,946 INFO utils.complier: analyse  formula:[]
2026-06-26 13:20:07,946 INFO utils.complier: analyse  formula:[{'type': 'PRE_VAR', 'value': '@private_insts_wr'}]
2026-06-26 13:20:07,946 INFO utils.complier: analyse  formula:[]
2026-06-26 13:20:07,946 INFO utils.complier: analyse  formula:[]
2026-06-26 13:20:07,946 INFO utils.complier: analyse  formula:[{'type': 'PRE_VAR', 'value': '@ldu_insts_rd'}]
2026-06-26 13:20:07,946 INFO utils.complier: analyse  formula:[]
2026-06-26 13:20:07,946 INFO utils.complier: analyse  formula:[]
2026-06-26 13:20:07,946 INFO utils.complier: analyse  formula:[{'type': 'PRE_VAR', 'value': '@sl1_rd'}]
2026-06-26 13:20:07,946 INFO utils.complier: analyse  formula:[]
2026-06-26 13:20:07,947 INFO utils.complier: analyse  formula:[]
2026-06-26 13:20:07,947 INFO utils.complier: analyse  formula:[{'type': 'PRE_VAR', 'value': '@sl1_l2c_rd'}]
2026-06-26 13:20:07,947 INFO utils.complier: analyse  formula:[]
2026-06-26 13:20:07,947 INFO utils.complier: analyse  formula:[]
2026-06-26 13:20:07,947 INFO utils.complier: analyse  formula:[{'type': 'PRE_VAR', 'value': '@sl1_hit_rate'}]
2026-06-26 13:20:07,947 INFO utils.complier: analyse  formula:[]
2026-06-26 13:20:07,947 INFO utils.complier: analyse  formula:[]
2026-06-26 13:20:07,947 INFO utils.complier: analyse  formula:[{'type': 'PRE_VAR', 'value': '@vl1_insts_rd'}]
2026-06-26 13:20:07,947 INFO utils.complier: analyse  formula:[]
2026-06-26 13:20:07,947 INFO utils.complier: analyse  formula:[]
2026-06-26 13:20:07,947 INFO utils.complier: analyse  formula:[{'type': 'PRE_VAR', 'value': '@vl1_insts_wr'}]
2026-06-26 13:20:07,947 INFO utils.complier: analyse  formula:[]
2026-06-26 13:20:07,947 INFO utils.complier: analyse  formula:[{'type': 'VARIABLE', 'value': '{{VL1.p_total_atomic_instruction_event}}'}]
2026-06-26 13:20:07,947 INFO utils.complier: analyse  formula:[]
2026-06-26 13:20:07,947 INFO utils.complier: analyse  formula:[]
2026-06-26 13:20:07,947 INFO utils.complier: analyse  formula:[]
2026-06-26 13:20:07,947 INFO utils.complier: analyse  formula:[{'type': 'PRE_VAR', 'value': '@vl1_hit_rate'}]
2026-06-26 13:20:07,947 INFO utils.complier: analyse  formula:[]
2026-06-26 13:20:07,947 INFO utils.complier: analyse  formula:[]
2026-06-26 13:20:07,947 INFO utils.complier: analyse  formula:[{'type': 'PRE_VAR', 'value': '@l2c_insts_rd'}]
2026-06-26 13:20:07,948 INFO utils.complier: analyse  formula:[]
2026-06-26 13:20:07,948 INFO utils.complier: analyse  formula:[]
2026-06-26 13:20:07,948 INFO utils.complier: analyse  formula:[{'type': 'PRE_VAR', 'value': '@l2c_insts_wr'}]
2026-06-26 13:20:07,948 INFO utils.complier: analyse  formula:[]
2026-06-26 13:20:07,948 INFO utils.complier: analyse  formula:[{'type': 'VARIABLE', 'value': '{{L2C.perf_atomic_req}}'}]
2026-06-26 13:20:07,948 INFO utils.complier: analyse  formula:[]
2026-06-26 13:20:07,948 INFO utils.complier: analyse  formula:[]
2026-06-26 13:20:07,948 INFO utils.complier: analyse  formula:[]
2026-06-26 13:20:07,948 INFO utils.complier: analyse  formula:[{'type': 'PRE_VAR', 'value': '@l2c_hit_rate'}]
2026-06-26 13:20:07,948 INFO utils.complier: analyse  formula:[]
2026-06-26 13:20:07,948 INFO utils.complier: analyse  formula:[{'type': 'VARIABLE', 'value': '{{ISU.AP_PERF_INSTS_GVM_ATOMIC}}'}, {'type': 'VARIABLE', 'value': '{{ISU.AP_PERF_INST_BSM_ATOMIC}}'}]
2026-06-26 13:20:07,948 INFO utils.complier: analyse  formula:[]
2026-06-26 13:20:07,948 INFO utils.complier: analyse  formula:[]
2026-06-26 13:20:07,948 INFO utils.complier: analyse  formula:[{'type': 'VARIABLE', 'value': '{{L2C.perf_dnoc_rdreq}}'}]
2026-06-26 13:20:07,948 INFO utils.complier: analyse  formula:[]
2026-06-26 13:20:07,948 INFO utils.complier: analyse  formula:[]
2026-06-26 13:20:07,948 INFO utils.complier: analyse  formula:[{'type': 'VARIABLE', 'value': '{{L2C.perf_dnoc_wrreq}}'}]
2026-06-26 13:20:07,948 INFO utils.complier: analyse  formula:[]
2026-06-26 13:20:07,949 INFO utils.complier: analyse  formula:[]
2026-06-26 13:20:07,949 INFO utils.complier: analyse  formula:[{'type': 'VARIABLE', 'value': '{{L2C.perf_dnoc_rdreq_32B}}'}, {'type': 'VARIABLE', 'value': '{{L2C.perf_dnoc_rdreq_64B}}'}, {'type': 'VARIABLE', 'value': '{{L2C.perf_dnoc_rdreq_128B}}'}]
2026-06-26 13:20:07,949 INFO utils.complier: analyse  formula:[]
2026-06-26 13:20:07,949 INFO utils.complier: analyse  formula:[]
2026-06-26 13:20:07,949 INFO utils.complier: analyse  formula:[{'type': 'VARIABLE', 'value': '{{L2C.perf_dnoc_wrreq_32B_low}}'}, {'type': 'VARIABLE', 'value': '{{L2C.perf_dnoc_wrreq_32B_high}}'}, {'type': 'VARIABLE', 'value': '{{L2C.perf_dnoc_wrreq_64B}}'}, {'type': 'VARIABLE', 'value': '{{L2C.perf_dnoc_wrreq_128B}}'}]
2026-06-26 13:20:07,949 INFO utils.complier: analyse  formula:[]
2026-06-26 13:20:07,949 INFO utils.complier: analyse  formula:[]
2026-06-26 13:20:07,953 INFO utils.complier: analyse  formula:[]
2026-06-26 13:20:07,956 INFO utils.complier: analyse  formula:[{'type': 'PRE_VAR', 'value': '@vl1_hit_rate'}, {'type': 'PRE_VAR', 'value': '@l2c_hit_rate'}, {'type': 'PRE_VAR', 'value': '@sl1_hit_rate'}, {'type': 'PRE_VAR', 'value': '@global_insts_rd'}, {'type': 'PRE_VAR', 'value': '@global_insts_wr'}, {'type': 'PRE_VAR', 'value': '@private_insts_rd'}, {'type': 'PRE_VAR', 'value': '@private_insts_wr'}, {'type': 'PRE_VAR', 'value': '@generic_insts_rd'}, {'type': 'PRE_VAR', 'value': '@generic_insts_wr'}, {'type': 'PRE_VAR', 'value': '@ldu_insts_rd'}, {'type': 'PRE_VAR', 'value': '@bsm_insts_rd'}, {'type': 'PRE_VAR', 'value': '@bsm_insts_wr'}, {'type': 'PRE_VAR', 'value': '@vl1_insts_rd'}, {'type': 'PRE_VAR', 'value': '@vl1_insts_wr'}, {'type': 'PRE_VAR', 'value': '@sl1_rd'}, {'type': 'PRE_VAR', 'value': '@sl1_l2c_rd'}, {'type': 'PRE_VAR', 'value': '@l2c_insts_rd'}, {'type': 'PRE_VAR', 'value': '@l2c_insts_wr'}]
2026-06-26 13:20:07,959 INFO utils.complier: analyse  formula:[]
2026-06-26 13:20:07,959 INFO utils.complier: analyse  formula:[{'type': 'VARIABLE', 'value': '{{L2C.perf_dnoc_rdreq_inflight_level}}'}, {'type': 'VARIABLE', 'value': '{{L2C.perf_dnoc_rdreq}}'}]
2026-06-26 13:20:07,959 INFO utils.complier: analyse  formula:[]
2026-06-26 13:20:07,959 INFO utils.complier: analyse  formula:[]
2026-06-26 13:20:07,960 INFO utils.complier: analyse  formula:[{'type': 'VARIABLE', 'value': '{{L2C.perf_dnoc_rd_histogram_0_255}}'}, {'type': 'VARIABLE', 'value': '{{L2C.perf_dnoc_rd_histogram_256_511}}'}, {'type': 'VARIABLE', 'value': '{{L2C.perf_dnoc_rd_histogram_512_1K}}'}, {'type': 'VARIABLE', 'value': '{{L2C.perf_dnoc_rd_histogram_1K_2K}}'}, {'type': 'VARIABLE', 'value': '{{L2C.perf_dnoc_rd_histogram_2K_INF}}'}]
2026-06-26 13:20:07,960 INFO utils.complier: analyse  formula:[]
2026-06-26 13:20:07,961 INFO utils.complier: analyse  formula:[]
2026-06-26 13:20:07,961 INFO utils.complier: analyse  formula:[{'type': 'VARIABLE', 'value': '{{VL1.p_stall_due_oldest_pt0}}'}, {'type': 'VARIABLE', 'value': '{{VL1.p_stall_due_oldest_pt1}}'}, {'type': 'VARIABLE', 'value': '{{VL1.p_stall_due_oldest_pt2}}'}, {'type': 'VARIABLE', 'value': '{{VL1.p_stall_due_oldest_pt3}}'}]
2026-06-26 13:20:07,961 INFO utils.complier: analyse  formula:[]
2026-06-26 13:20:07,962 INFO utils.complier: analyse  formula:[]
2026-06-26 13:20:07,962 INFO utils.complier: analyse  formula:[{'type': 'VARIABLE', 'value': '{{ISU.AP_PERF_INST_BSM_RD}}'}]
2026-06-26 13:20:07,962 INFO utils.complier: analyse  formula:[]
2026-06-26 13:20:07,962 INFO utils.complier: analyse  formula:[]
2026-06-26 13:20:07,962 INFO utils.complier: analyse  formula:[{'type': 'VARIABLE', 'value': '{{ISU.AP_PERF_INST_BSM_WR}}'}]
2026-06-26 13:20:07,962 INFO utils.complier: analyse  formula:[]
2026-06-26 13:20:07,962 INFO utils.complier: analyse  formula:[]
2026-06-26 13:20:07,962 INFO utils.complier: analyse  formula:[{'type': 'VARIABLE', 'value': '{{ISU.AP_PERF_INST_BSM_ATOMIC}}'}]
2026-06-26 13:20:07,962 INFO utils.complier: analyse  formula:[]
2026-06-26 13:20:07,962 INFO utils.complier: analyse  formula:[]
2026-06-26 13:20:07,962 INFO utils.complier: analyse  formula:[{'type': 'VARIABLE', 'value': '{{ISU.AP_PERF_INSTS_BSM}}'}]
2026-06-26 13:20:07,962 INFO utils.complier: analyse  formula:[]
2026-06-26 13:20:07,962 INFO utils.complier: analyse  formula:[]
2026-06-26 13:20:07,962 INFO utils.complier: analyse  formula:[{'type': 'VARIABLE', 'value': '{{ISU.AP_PERF_BSM_READ_INFLIGHT_LEVEL}}'}, {'type': 'VARIABLE', 'value': '{{ISU.AP_PERF_INST_BSM_RD}}'}, {'type': 'VARIABLE', 'value': '{{ISU.AP_PERF_INST_BSM_RD}}'}]
2026-06-26 13:20:07,963 INFO utils.complier: analyse  formula:[]
2026-06-26 13:20:07,963 INFO utils.complier: analyse  formula:[]
2026-06-26 13:20:07,963 INFO utils.complier: analyse  formula:[{'type': 'VARIABLE', 'value': '{{ISU.AP_PERF_BSM_WR_INFLIGHT_LEVEL}}'}, {'type': 'VARIABLE', 'value': '{{ISU.AP_PERF_INST_BSM_WR}}'}, {'type': 'VARIABLE', 'value': '{{ISU.AP_PERF_INST_BSM_WR}}'}]
2026-06-26 13:20:07,963 INFO utils.complier: analyse  formula:[]
2026-06-26 13:20:07,963 INFO utils.complier: analyse  formula:[]
2026-06-26 13:20:07,963 INFO utils.complier: analyse  formula:[{'type': 'VARIABLE', 'value': '{{ISU.AP_PERF_BSM_ATOMIC_INFLIGHT_LEVEL}}'}, {'type': 'VARIABLE', 'value': '{{ISU.AP_PERF_INST_BSM_ATOMIC}}'}, {'type': 'VARIABLE', 'value': '{{ISU.AP_PERF_INST_BSM_ATOMIC}}'}]
2026-06-26 13:20:07,964 INFO utils.complier: analyse  formula:[]
2026-06-26 13:20:07,964 INFO utils.complier: analyse  formula:[]
2026-06-26 13:20:07,964 INFO utils.complier: analyse  formula:[{'type': 'VARIABLE', 'value': '{{ISU.AP_PERF_BSM_INFLIGHT_LEVEL_IN_AP}}'}, {'type': 'VARIABLE', 'value': '{{ISU.AP_PERF_BSM_INFLIGHT_LEVEL}}'}, {'type': 'VARIABLE', 'value': '{{ISU.AP_PERF_INSTS_BSM}}'}, {'type': 'VARIABLE', 'value': '{{ISU.AP_PERF_INSTS_BSM}}'}]
2026-06-26 13:20:07,964 INFO utils.complier: analyse  formula:[]
2026-06-26 13:20:07,964 INFO utils.complier: analyse  formula:[]
2026-06-26 13:20:07,964 INFO utils.complier: analyse  formula:[{'type': 'VARIABLE', 'value': '{{ISU.AP_PERF_BSM_RD_CYCLES}}'}, {'type': 'VARIABLE', 'value': '{{ISU.AP_PERF_INST_BSM_RD}}'}, {'type': 'VARIABLE', 'value': '{{ISU.AP_PERF_INST_BSM_RD}}'}]
2026-06-26 13:20:07,965 INFO utils.complier: analyse  formula:[]
2026-06-26 13:20:07,965 INFO utils.complier: analyse  formula:[]
2026-06-26 13:20:07,965 INFO utils.complier: analyse  formula:[{'type': 'VARIABLE', 'value': '{{ISU.AP_PERF_BSM_WR_CYCLES}}'}, {'type': 'VARIABLE', 'value': '{{ISU.AP_PERF_INST_BSM_WR}}'}, {'type': 'VARIABLE', 'value': '{{ISU.AP_PERF_INST_BSM_WR}}'}]
2026-06-26 13:20:07,965 INFO utils.complier: analyse  formula:[]
2026-06-26 13:20:07,965 INFO utils.complier: analyse  formula:[]
2026-06-26 13:20:07,965 INFO utils.complier: analyse  formula:[{'type': 'VARIABLE', 'value': '{{ISU.AP_PERF_BSM_ATOMIC_CYCLES}}'}, {'type': 'VARIABLE', 'value': '{{ISU.AP_PERF_INST_BSM_ATOMIC}}'}, {'type': 'VARIABLE', 'value': '{{ISU.AP_PERF_INST_BSM_ATOMIC}}'}]
2026-06-26 13:20:07,965 INFO utils.complier: analyse  formula:[]
2026-06-26 13:20:07,966 INFO utils.complier: analyse  formula:[]
2026-06-26 13:20:07,966 INFO utils.complier: analyse  formula:[{'type': 'VARIABLE', 'value': '{{ISU.AP_PERF_BSM_CONFLICT_CYCLES}}'}, {'type': 'VARIABLE', 'value': '{{ISU.AP_PERF_INSTS_BSM}}'}, {'type': 'VARIABLE', 'value': '{{ISU.AP_PERF_INSTS_BSM}}'}]
2026-06-26 13:20:07,966 INFO utils.complier: analyse  formula:[]
2026-06-26 13:20:07,966 INFO utils.complier: analyse  formula:[]
2026-06-26 13:20:07,966 INFO utils.complier: analyse  formula:[{'type': 'VARIABLE', 'value': '{{ISU.AP_PERF_BSM_RD_CYCLES}}'}, {'type': 'VARIABLE', 'value': '{{ISU.AP_PERF_BSM_WR_CYCLES}}'}, {'type': 'VARIABLE', 'value': '{{ISU.AP_PERF_BSM_ATOMIC_CYCLES}}'}, {'type': 'VARIABLE', 'value': '{{ISU.AP_PERF_INSTS_BSM}}'}, {'type': 'VARIABLE', 'value': '{{ISU.AP_PERF_INSTS_BSM}}'}]
2026-06-26 13:20:07,966 INFO utils.complier: analyse  formula:[]
2026-06-26 13:20:07,967 INFO utils.complier: analyse  formula:[]
2026-06-26 13:20:07,967 INFO utils.complier: analyse  formula:[{'type': 'VARIABLE', 'value': '{{ISU.AP_PERF_BSM_RD_CYCLES}}'}, {'type': 'VARIABLE', 'value': '{{ISU.AP_PERF_BSM_WR_CYCLES}}'}, {'type': 'VARIABLE', 'value': '{{ISU.AP_PERF_BSM_ATOMIC_CYCLES}}'}, {'type': 'VARIABLE', 'value': '{{ISU.AP_PERF_BSM_CONFLICT_CYCLES}}'}]
2026-06-26 13:20:07,967 INFO utils.complier: analyse  formula:[]
2026-06-26 13:20:07,968 INFO utils.complier: analyse  formula:[]
2026-06-26 13:20:07,968 INFO utils.complier: analyse  formula:[{'type': 'VARIABLE', 'value': '{{ISU.AP_PERF_WAVES}}'}]
2026-06-26 13:20:07,968 INFO utils.complier: analyse  formula:[]
2026-06-26 13:20:07,968 INFO utils.complier: analyse  formula:[]
2026-06-26 13:20:07,968 INFO utils.complier: analyse  formula:[{'type': 'VARIABLE', 'value': '{{RM.RM_PERF_DISPATCHED_WAVES_P0}}'}, {'type': 'VARIABLE', 'value': '{{RM.RM_PERF_DISPATCHED_WAVES_P1}}'}, {'type': 'VARIABLE', 'value': '{{RM.RM_PERF_DISPATCHED_WAVES_P2}}'}, {'type': 'VARIABLE', 'value': '{{RM.RM_PERF_DISPATCHED_WAVES_P3}}'}]
2026-06-26 13:20:07,968 INFO utils.complier: analyse  formula:[]
2026-06-26 13:20:07,968 INFO utils.complier: analyse  formula:[]
2026-06-26 13:20:07,968 INFO utils.complier: analyse  formula:[{'type': 'VARIABLE', 'value': '{{ISU.AP_PERF_ISU_AP_BUSY}}'}]
2026-06-26 13:20:07,968 INFO utils.complier: analyse  formula:[]
2026-06-26 13:20:07,968 INFO utils.complier: analyse  formula:[]
2026-06-26 13:20:07,968 INFO utils.complier: analyse  formula:[{'type': 'VARIABLE', 'value': '{{ISU.AP_PERF_INST_TRANS_FP16}}'}, {'type': 'VARIABLE', 'value': '{{ISU.AP_PERF_INST_TRANS_FP32}}'}, {'type': 'VARIABLE', 'value': '{{ISU.AP_PERF_MTE_PI_SEG_SEL_F64}}'}, {'type': 'VARIABLE', 'value': '{{ISU.AP_PERF_INST_CYCLES_VALU_4CYCLES}}'}, {'type': 'VARIABLE', 'value': '{{ISU.AP_PERF_ISU_AP_BUSY}}'}]
2026-06-26 13:20:07,969 INFO utils.complier: analyse  formula:[]
2026-06-26 13:20:07,969 INFO utils.complier: analyse  formula:[]
2026-06-26 13:20:07,969 INFO utils.complier: analyse  formula:[{'type': 'VARIABLE', 'value': '{{ISU.AP_PERF_INSTS_SALU}}'}, {'type': 'VARIABLE', 'value': '{{ISU.AP_PERF_ISU_AP_BUSY}}'}]
2026-06-26 13:20:07,969 INFO utils.complier: analyse  formula:[]
2026-06-26 13:20:07,969 INFO utils.complier: analyse  formula:[]
2026-06-26 13:20:07,969 INFO utils.complier: analyse  formula:[{'type': 'VARIABLE', 'value': '{{ISU.AP_PERF_INST_CYCLES_MMA}}'}, {'type': 'VARIABLE', 'value': '{{ISU.AP_PERF_ISU_AP_BUSY}}'}]
2026-06-26 13:20:07,970 INFO utils.complier: analyse  formula:[]
2026-06-26 13:20:07,970 INFO utils.complier: analyse  formula:[]
2026-06-26 13:20:07,970 INFO utils.complier: analyse  formula:[{'type': 'VARIABLE', 'value': '{{VLS.PERFEVENT_VLS_ACTIVE}}'}, {'type': 'VARIABLE', 'value': '{{ISU.AP_PERF_ISU_AP_BUSY}}'}]
2026-06-26 13:20:07,970 INFO utils.complier: analyse  formula:[]
2026-06-26 13:20:07,970 INFO utils.complier: analyse  formula:[]
2026-06-26 13:20:07,970 INFO utils.complier: analyse  formula:[{'type': 'VARIABLE', 'value': '{{L2C.perf_req}}'}, {'type': 'VARIABLE', 'value': '{{L2C.1_b1}}'}]
2026-06-26 13:20:07,970 INFO utils.complier: analyse  formula:[]
2026-06-26 13:20:07,970 INFO utils.complier: analyse  formula:[]
2026-06-26 13:20:07,970 INFO utils.complier: analyse  formula:[{'type': 'VARIABLE', 'value': '{{ISU.AP_PERF_ISU_AP_BUSY}}'}]
2026-06-26 13:20:07,970 INFO utils.complier: analyse  formula:[{'type': 'PRE_VAR', 'value': '@total_instruction_num'}]
2026-06-26 13:20:07,970 INFO utils.complier: analyse  formula:[]
2026-06-26 13:20:07,971 INFO utils.complier: analyse  formula:[{'type': 'VARIABLE_DICT', 'value': '{{{ISU.AP_PERF_INSTS_VALU}}}'}, {'type': 'VARIABLE', 'value': '{{ISU.AP_PERF_ISU_AP_BUSY}}'}]
2026-06-26 13:20:07,971 INFO utils.complier: analyse  formula:[{'type': 'PRE_VAR', 'value': '@total_instruction_num'}]
2026-06-26 13:20:07,971 INFO utils.complier: analyse  formula:[]
2026-06-26 13:20:07,972 INFO utils.complier: analyse  formula:[{'type': 'VARIABLE_DICT', 'value': '{{{ISU.AP_PERF_INSTS_VALU}}}'}, {'type': 'VARIABLE', 'value': '{{ISU.AP_PERF_ISU_AP_BUSY}}'}]
2026-06-26 13:20:07,972 INFO utils.complier: analyse  formula:[{'type': 'PRE_VAR', 'value': '@total_instruction_num'}]
2026-06-26 13:20:07,972 INFO utils.complier: analyse  formula:[]
2026-06-26 13:20:07,972 INFO utils.complier: analyse  formula:[{'type': 'VARIABLE', 'value': '{{ISU.AP_PERF_INSTS_VALU}}'}, {'type': 'VARIABLE', 'value': '{{ISU.AP_PERF_INSTS_MMA}}'}, {'type': 'VARIABLE', 'value': '{{ISU.AP_PERF_INSTS_SALU}}'}, {'type': 'VARIABLE', 'value': '{{ISU.AP_PERF_INSTS_GVM}}'}, {'type': 'VARIABLE', 'value': '{{ISU.AP_PERF_INSTS_BSM}}'}, {'type': 'VARIABLE', 'value': '{{ISU.AP_PERF_INSTS_LDU}}'}, {'type': 'VARIABLE', 'value': '{{ISU.AP_PERF_INST_MISC}}'}, {'type': 'VARIABLE', 'value': '{{ISU.AP_PERF_ISU_AP_BUSY}}'}]
2026-06-26 13:20:07,973 INFO utils.complier: analyse  formula:[]
2026-06-26 13:20:07,973 INFO utils.complier: analyse  formula:[]
2026-06-26 13:20:07,973 INFO utils.complier: analyse  formula:[{'type': 'VARIABLE_DICT', 'value': '{{{ISU.AP_PERF_INSTS_VALU}}}'}, {'type': 'VARIABLE', 'value': '{{ISU.AP_PERF_INSTS_VALU}}'}, {'type': 'VARIABLE', 'value': '{{ISU.AP_PERF_INSTS_MMA}}'}, {'type': 'VARIABLE', 'value': '{{ISU.AP_PERF_INSTS_SALU}}'}, {'type': 'VARIABLE', 'value': '{{ISU.AP_PERF_INSTS_GVM}}'}, {'type': 'VARIABLE', 'value': '{{ISU.AP_PERF_INSTS_BSM}}'}, {'type': 'VARIABLE', 'value': '{{ISU.AP_PERF_INSTS_LDU}}'}, {'type': 'VARIABLE', 'value': '{{ISU.AP_PERF_INST_MISC}}'}, {'type': 'VARIABLE', 'value': '{{ISU.AP_PERF_ISU_AP_BUSY}}'}]
2026-06-26 13:20:07,974 INFO utils.complier: analyse  formula:[]
2026-06-26 13:20:07,974 INFO utils.complier: analyse  formula:[]
2026-06-26 13:20:07,977 INFO utils.complier: analyse  formula:[{'type': 'VARIABLE', 'value': '{{ISU.AP_PERF_INSTS_VALU}}'}, {'type': 'VARIABLE', 'value': '{{ISU.AP_PERF_INST_FMA_F32}}'}, {'type': 'VARIABLE', 'value': '{{ISU.AP_PERF_INST_FMA_F64}}'}, {'type': 'VARIABLE', 'value': '{{ISU.AP_PERF_INST_TRANS_FP16}}'}, {'type': 'VARIABLE', 'value': '{{ISU.AP_PERF_INST_TRANS_FP32}}'}, {'type': 'VARIABLE', 'value': '{{ISU.AP_PERF_MTE_PI_SEG_SEL_F64}}'}, {'type': 'VARIABLE', 'value': '{{ISU.AP_PERF_MTE_PI_SEG_SEL_F64}}'}, {'type': 'VARIABLE', 'value': '{{ISU.AP_PERF_INST_FMA_F32}}'}, {'type': 'VARIABLE', 'value': '{{ISU.AP_PERF_INST_FMA_F64}}'}, {'type': 'VARIABLE', 'value': '{{ISU.AP_PERF_INST_TRANS_FP16}}'}, {'type': 'VARIABLE', 'value': '{{ISU.AP_PERF_INST_TRANS_FP32}}'}, {'type': 'VARIABLE', 'value': '{{ISU.AP_PERF_INST_MMA_INT8}}'}, {'type': 'VARIABLE', 'value': '{{ISU.AP_PERF_INST_MMA_FP16}}'}, {'type': 'VARIABLE', 'value': '{{ISU.AP_PERF_INST_MMA_BF16}}'}, {'type': 'VARIABLE', 'value': '{{ISU.AP_PERF_INST_MMA_TF32}}'}, {'type': 'VARIABLE', 'value': '{{ISU.AP_PERF_INST_MMA_F32}}'}, {'type': 'VARIABLE', 'value': '{{ISU.AP_PERF_INST_MMA_F64}}'}, {'type': 'VARIABLE', 'value': '{{ISU.AP_PERF_INST_MMA_TF64}}'}, {'type': 'VARIABLE', 'value': '{{L2C.perf_dnoc_rdreq_32B}}'}, {'type': 'VARIABLE', 'value': '{{L2C.perf_dnoc_rdreq_64B}}'}, {'type': 'VARIABLE', 'value': '{{L2C.perf_dnoc_rdreq_128B}}'}, {'type': 'VARIABLE', 'value': '{{L2C.perf_dnoc_wrreq_32B_low}}'}, {'type': 'VARIABLE', 'value': '{{L2C.perf_dnoc_wrreq_32B_high}}'}, {'type': 'VARIABLE', 'value': '{{L2C.perf_dnoc_wrreq_64B}}'}, {'type': 'VARIABLE', 'value': '{{L2C.perf_dnoc_wrreq_128B}}'}, {'type': 'VARIABLE', 'value': '{{VL1.p_perf_thread_req_cnt}}'}, {'type': 'VARIABLE', 'value': '{{VL1.perf_inflt_rd_req}}'}, {'type': 'VARIABLE', 'value': '{{ISU.AP_PERF_ISU_AP_BUSY}}'}, {'type': 'VARIABLE_DICT', 'value': '{{{ISU.AP_PERF_ISU_AP_BUSY}}}'}]
2026-06-26 13:20:07,979 INFO utils.complier: analyse  formula:[]
2026-06-26 13:20:07,982 INFO utils.complier: analyse  formula:[]
2026-06-26 13:20:07,982 INFO utils.complier: analyse  formula:[{'type': 'VARIABLE', 'value': '{{ISU.AP_PERF_INSTS_VALU}}'}, {'type': 'VARIABLE', 'value': '{{ISU.AP_PERF_INSTS_MMA}}'}, {'type': 'VARIABLE', 'value': '{{ISU.AP_PERF_INSTS_SALU}}'}, {'type': 'VARIABLE', 'value': '{{ISU.AP_PERF_INST_MISC}}'}]
2026-06-26 13:20:07,982 INFO utils.complier: analyse  formula:[]
2026-06-26 13:20:07,982 INFO utils.complier: analyse  formula:[{'type': 'VARIABLE', 'value': '{{ISU.AP_PERF_INSTS_GVM}}'}, {'type': 'VARIABLE', 'value': '{{ISU.AP_PERF_INSTS_BSM}}'}, {'type': 'VARIABLE', 'value': '{{ISU.AP_PERF_INSTS_LDU}}'}]
2026-06-26 13:20:07,982 INFO utils.complier: analyse  formula:[]
2026-06-26 13:20:07,982 INFO utils.complier: analyse  formula:[{'type': 'VARIABLE', 'value': '{{ISU.AP_PERF_INST_GLOBAL_RD}}'}]
2026-06-26 13:20:07,982 INFO utils.complier: analyse  formula:[]
2026-06-26 13:20:07,982 INFO utils.complier: analyse  formula:[{'type': 'VARIABLE', 'value': '{{ISU.AP_PERF_INST_GLOBAL_WR}}'}]
2026-06-26 13:20:07,982 INFO utils.complier: analyse  formula:[]
2026-06-26 13:20:07,982 INFO utils.complier: analyse  formula:[{'type': 'VARIABLE', 'value': '{{ISU.AP_PERF_INST_PRIVATE_RD}}'}]
2026-06-26 13:20:07,982 INFO utils.complier: analyse  formula:[]
2026-06-26 13:20:07,982 INFO utils.complier: analyse  formula:[{'type': 'VARIABLE', 'value': '{{ISU.AP_PERF_INST_PRIVATE_WR}}'}]
2026-06-26 13:20:07,983 INFO utils.complier: analyse  formula:[]
2026-06-26 13:20:07,983 INFO utils.complier: analyse  formula:[{'type': 'VARIABLE', 'value': '{{ISU.AP_PERF_INST_GENERIC_RD}}'}]
2026-06-26 13:20:07,983 INFO utils.complier: analyse  formula:[]
2026-06-26 13:20:07,983 INFO utils.complier: analyse  formula:[{'type': 'VARIABLE', 'value': '{{ISU.AP_PERF_INST_GENERIC_WR}}'}]
2026-06-26 13:20:07,983 INFO utils.complier: analyse  formula:[]
2026-06-26 13:20:07,983 INFO utils.complier: analyse  formula:[{'type': 'VARIABLE', 'value': '{{ISU.AP_PERF_INSTS_LDU}}'}]
2026-06-26 13:20:07,983 INFO utils.complier: analyse  formula:[]
2026-06-26 13:20:07,983 INFO utils.complier: analyse  formula:[{'type': 'VARIABLE', 'value': '{{ISU.AP_PERF_INST_BSM_RD}}'}]
2026-06-26 13:20:07,983 INFO utils.complier: analyse  formula:[]
2026-06-26 13:20:07,983 INFO utils.complier: analyse  formula:[{'type': 'VARIABLE', 'value': '{{ISU.AP_PERF_INST_BSM_WR}}'}]
2026-06-26 13:20:07,983 INFO utils.complier: analyse  formula:[]
2026-06-26 13:20:07,983 INFO utils.complier: analyse  formula:[{'type': 'VARIABLE', 'value': '{{VL1.p_total_read_instruction_event}}'}]
2026-06-26 13:20:07,983 INFO utils.complier: analyse  formula:[]
2026-06-26 13:20:07,983 INFO utils.complier: analyse  formula:[{'type': 'VARIABLE', 'value': '{{VL1.p_total_write_instruction_event}}'}]
2026-06-26 13:20:07,983 INFO utils.complier: analyse  formula:[]
2026-06-26 13:20:07,983 INFO utils.complier: analyse  formula:[{'type': 'VARIABLE', 'value': '{{VL1.p_perf_thread_req_cnt}}'}, {'type': 'VARIABLE', 'value': '{{VL1.p_perf_miss_cnt}}'}, {'type': 'VARIABLE', 'value': '{{VL1.p_perf_thread_req_cnt}}'}]
2026-06-26 13:20:07,984 INFO utils.complier: analyse  formula:[]
2026-06-26 13:20:07,984 INFO utils.complier: analyse  formula:[{'type': 'VARIABLE', 'value': '{{L2C.perf_rd_req}}'}]
2026-06-26 13:20:07,984 INFO utils.complier: analyse  formula:[]
2026-06-26 13:20:07,984 INFO utils.complier: analyse  formula:[{'type': 'VARIABLE', 'value': '{{L2C.perf_wr_req}}'}]
2026-06-26 13:20:07,984 INFO utils.complier: analyse  formula:[]
2026-06-26 13:20:07,984 INFO utils.complier: analyse  formula:[{'type': 'VARIABLE', 'value': '{{L2C.perf_hit}}'}, {'type': 'VARIABLE', 'value': '{{L2C.perf_sector_hit}}'}, {'type': 'VARIABLE', 'value': '{{L2C.perf_miss}}'}]
2026-06-26 13:20:07,984 INFO utils.complier: analyse  formula:[]
2026-06-26 13:20:07,984 INFO utils.complier: analyse  formula:[{'type': 'VARIABLE', 'value': '{{SL1.sl1_kcache_total_hit_event}}'}, {'type': 'VARIABLE', 'value': '{{SL1.sl1_kcache_total_hit_on_miss_event}}'}, {'type': 'VARIABLE', 'value': '{{SL1.sl1_kcache_total_miss_event}}'}]
2026-06-26 13:20:07,985 INFO utils.complier: analyse  formula:[]
2026-06-26 13:20:07,985 INFO utils.complier: analyse  formula:[{'type': 'VARIABLE', 'value': '{{SL1.sl1_kcache_rd}}'}]
2026-06-26 13:20:07,985 INFO utils.complier: analyse  formula:[]
2026-06-26 13:20:07,985 INFO utils.complier: analyse  formula:[{'type': 'VARIABLE', 'value': '{{SL1.sl1_kcache_l2_rd}}'}]
2026-06-26 13:20:07,985 INFO utils.complier: analyse  formula:[]
2026-06-26 13:20:07,985 INFO utils.complier: analyse  formula:[{'type': 'VARIABLE', 'value': '{{ISU.AP_PERF_INSTS_VALU}}'}, {'type': 'VARIABLE', 'value': '{{ISU.AP_PERF_INSTS_MMA}}'}, {'type': 'VARIABLE', 'value': '{{ISU.AP_PERF_INSTS_SALU}}'}, {'type': 'VARIABLE', 'value': '{{ISU.AP_PERF_INSTS_GVM}}'}, {'type': 'VARIABLE', 'value': '{{ISU.AP_PERF_INSTS_BSM}}'}, {'type': 'VARIABLE', 'value': '{{ISU.AP_PERF_INSTS_LDU}}'}, {'type': 'VARIABLE', 'value': '{{ISU.AP_PERF_INST_MISC}}'}]
2026-06-26 13:20:07,985 INFO utils.complier: analyse  formula:[]
2026-06-26 13:20:07,985 INFO common.api_common: f_var:ISU.AP_PERF_INST_GLOBAL_ATOMIC
2026-06-26 13:20:07,985 INFO common.api_common: f_var:ISU.AP_PERF_INST_GLOBAL_WR
2026-06-26 13:20:07,985 INFO common.api_common: f_var:ISU.AP_PERF_ISU_ARB_VLS_STALL
2026-06-26 13:20:07,985 INFO common.api_common: f_var:ISU.AP_PERF_INST_MMA_F32
2026-06-26 13:20:07,985 INFO common.api_common: f_var:L2C.perf_dnoc_rd_histogram_512_1K
2026-06-26 13:20:07,985 INFO common.api_common: f_var:ISU.AP_PERF_BSM_ATOMIC_CYCLES
2026-06-26 13:20:07,985 INFO common.api_common: f_var:ISU.AP_PERF_INST_CYCLES_MMA_32CYCLES
2026-06-26 13:20:07,985 INFO common.api_common: f_var:L2C.perf_dnoc_rdreq_64B
2026-06-26 13:20:07,985 INFO common.api_common: f_var:SL1.sl1_kcache_rd
2026-06-26 13:20:07,985 INFO common.api_common: f_var:ISU.AP_PERF_INST_CYCLES_VALU_16CYCLES
2026-06-26 13:20:07,985 INFO common.api_common: f_var:L2C.perf_dnoc_rd_histogram_1K_2K
2026-06-26 13:20:07,985 INFO common.api_common: f_var:SL1.sl1_kcache_total_hit_event
2026-06-26 13:20:07,985 INFO common.api_common: f_var:L2C.perf_miss
2026-06-26 13:20:07,985 INFO common.api_common: f_var:VL1.p_total_atomic_instruction_event
2026-06-26 13:20:07,985 INFO common.api_common: f_var:ISU.AP_PERF_INSTS_MMA
2026-06-26 13:20:07,985 INFO common.api_common: f_var:ISU.AP_PERF_INST_BSM_RD
2026-06-26 13:20:07,985 INFO common.api_common: f_var:ISU.AP_PERF_INST_GLOBAL_ATOMIC_64
2026-06-26 13:20:07,985 INFO common.api_common: f_var:RM.RM_PERF_DISPATCHED_WAVES_P0
2026-06-26 13:20:07,985 INFO common.api_common: f_var:ISU.AP_PERF_INST_GLOBAL_RD
2026-06-26 13:20:07,986 INFO common.api_common: f_var:ISU.AP_PERF_BSM_RD_CYCLES
2026-06-26 13:20:07,986 INFO common.api_common: f_var:ISU.AP_PERF_INST_MMA_TF64
2026-06-26 13:20:07,986 INFO common.api_common: f_var:ISU.AP_PERF_BSM_CONFLICT_CYCLES
2026-06-26 13:20:07,986 INFO common.api_common: f_var:ISU.AP_PERF_INST_CYCLES_VALU
2026-06-26 13:20:07,986 INFO common.api_common: f_var:L2C.perf_dnoc_rdreq_128B
2026-06-26 13:20:07,986 INFO common.api_common: f_var:L2C.perf_req
2026-06-26 13:20:07,986 INFO common.api_common: f_var:ISU.AP_PERF_INST_MISC
2026-06-26 13:20:07,986 INFO common.api_common: f_var:VL1.p_total_write_instruction_event
2026-06-26 13:20:07,986 INFO common.api_common: f_var:SL1.sl1_kcache_l2_rd
2026-06-26 13:20:07,986 INFO common.api_common: f_var:VL1.p_stall_due_oldest_pt0
2026-06-26 13:20:07,986 INFO common.api_common: f_var:RM.RM_PERF_DISPATCHED_WAVES_P2
2026-06-26 13:20:07,986 INFO common.api_common: f_var:L2C.perf_rd_req
2026-06-26 13:20:07,986 INFO common.api_common: f_var:ISU.AP_PERF_INST_CYCLES_MMA_16CYCLES
2026-06-26 13:20:07,986 INFO common.api_common: f_var:L2C.perf_dnoc_wrreq_32B_high
2026-06-26 13:20:07,986 INFO common.api_common: f_var:RM.RM_PERF_DISPATCHED_WAVES_P1
2026-06-26 13:20:07,986 INFO common.api_common: f_var:ISU.AP_PERF_ISU_ARB_VALU_STALL
2026-06-26 13:20:07,986 INFO common.api_common: f_var:ISU.AP_PERF_INST_PRIVATE_WR
2026-06-26 13:20:07,986 INFO common.api_common: f_var:L2C.perf_hit
2026-06-26 13:20:07,986 INFO common.api_common: f_var:SL1.sl1_kcache_total_miss_event
2026-06-26 13:20:07,986 INFO common.api_common: f_var:ISU.AP_PERF_BSM_ATOMIC_INFLIGHT_LEVEL
2026-06-26 13:20:07,986 INFO common.api_common: f_var:VLS.PERFEVENT_VLS_ACTIVE
2026-06-26 13:20:07,986 INFO common.api_common: f_var:ISU.AP_PERF_BSM_INFLIGHT_LEVEL_IN_AP
2026-06-26 13:20:07,986 INFO common.api_common: f_var:SL1.sl1_kcache_total_hit_on_miss_event
2026-06-26 13:20:07,986 INFO common.api_common: f_var:CE.CE_PERF_SEND_RM_WAVES
2026-06-26 13:20:07,986 INFO common.api_common: f_var:ISU.AP_PERF_INSTS_LDU
2026-06-26 13:20:07,986 INFO common.api_common: f_var:ISU.AP_PERF_INST_MMA_TF32
2026-06-26 13:20:07,986 INFO common.api_common: f_var:VL1.p_stall_due_oldest_pt1
2026-06-26 13:20:07,986 INFO common.api_common: f_var:CE.CE_PERF_SEND_RM_WORKGROUPS
2026-06-26 13:20:07,986 INFO common.api_common: f_var:RM.RM_PERF_WAVES_InFlight_Level_P2
2026-06-26 13:20:07,986 INFO common.api_common: f_var:RM.RM_PERF_WAVES_InFlight_Level_P3
2026-06-26 13:20:07,986 INFO common.api_common: f_var:VL1.p_perf_miss_cnt
2026-06-26 13:20:07,986 INFO common.api_common: f_var:ISU.AP_PERF_INSTS_GVM_ATOMIC
2026-06-26 13:20:07,986 INFO common.api_common: f_var:ISU.AP_PERF_INST_CYCLES_VALU_4CYCLES
2026-06-26 13:20:07,986 INFO common.api_common: f_var:ISU.AP_PERF_INST_GENERIC_WR
2026-06-26 13:20:07,986 INFO common.api_common: f_var:ISU.AP_PERF_INST_FMA_F32
2026-06-26 13:20:07,986 INFO common.api_common: f_var:ISU.AP_PERF_INSTS_GVM
2026-06-26 13:20:07,986 INFO common.api_common: f_var:L2C.perf_dnoc_rdreq
2026-06-26 13:20:07,986 INFO common.api_common: f_var:ISU.AP_PERF_ISU_ARB_DATA_STALL
2026-06-26 13:20:07,986 INFO common.api_common: f_var:ISU.AP_PERF_BSM_READ_INFLIGHT_LEVEL
2026-06-26 13:20:07,986 INFO common.api_common: f_var:L2C.1_b1
2026-06-26 13:20:07,986 INFO common.api_common: f_var:L2C.perf_dnoc_rd_histogram_256_511
2026-06-26 13:20:07,986 INFO common.api_common: f_var:L2C.perf_dnoc_wrreq_64B
2026-06-26 13:20:07,986 INFO common.api_common: f_var:VL1.p_total_read_instruction_event
2026-06-26 13:20:07,986 INFO common.api_common: f_var:ISU.AP_PERF_WAVES
2026-06-26 13:20:07,986 INFO common.api_common: f_var:RM.RM_PERF_DISPATCHED_WAVES_P3
2026-06-26 13:20:07,986 INFO common.api_common: f_var:ISU.AP_PERF_INST_MMA_BF16
2026-06-26 13:20:07,986 INFO common.api_common: f_var:L2C.perf_dnoc_rdreq_inflight_level
2026-06-26 13:20:07,986 INFO common.api_common: f_var:CE.CE_PERF_BUSY_CYCLES
2026-06-26 13:20:07,986 INFO common.api_common: f_var:L2C.perf_dnoc_rd_histogram_2K_INF
2026-06-26 13:20:07,986 INFO common.api_common: f_var:ISU.AP_PERF_ISU_ARB_WSM_STALL
2026-06-26 13:20:07,986 INFO common.api_common: f_var:ISU.AP_PERF_INST_BSM_ATOMIC
2026-06-26 13:20:07,986 INFO common.api_common: f_var:RM.RM_PERF_WAVES_InFlight_Level_P0
2026-06-26 13:20:07,986 INFO common.api_common: f_var:L2C.perf_sector_hit
2026-06-26 13:20:07,986 INFO common.api_common: f_var:L2C.perf_dnoc_rd_histogram_0_255
2026-06-26 13:20:07,986 INFO common.api_common: f_var:VL1.p_stall_due_oldest_pt2
2026-06-26 13:20:07,987 INFO common.api_common: f_var:ISU.AP_PERF_ISU_AP_BUSY
2026-06-26 13:20:07,987 INFO common.api_common: f_var:ISU.AP_PERF_INSTS_BSM
2026-06-26 13:20:07,987 INFO common.api_common: f_var:VL1.perf_inflt_rd_req
2026-06-26 13:20:07,987 INFO common.api_common: f_var:ISU.AP_PERF_INST_MMA_F64
2026-06-26 13:20:07,987 INFO common.api_common: f_var:L2C.perf_dnoc_wrreq_32B_low
2026-06-26 13:20:07,987 INFO common.api_common: f_var:ISU.AP_PERF_INST_MMA_INT8
2026-06-26 13:20:07,987 INFO common.api_common: f_var:L2C.perf_dnoc_rdreq_32B
2026-06-26 13:20:07,987 INFO common.api_common: f_var:VL1.p_stall_due_oldest_pt3
2026-06-26 13:20:07,987 INFO common.api_common: f_var:ISU.AP_PERF_INST_CYCLES_MMA
2026-06-26 13:20:07,987 INFO common.api_common: f_var:ISU.AP_PERF_INST_TRANS_FP16
2026-06-26 13:20:07,987 INFO common.api_common: f_var:ISU.AP_PERF_INST_PRIVATE_RD
2026-06-26 13:20:07,987 INFO common.api_common: f_var:ISU.AP_PERF_INST_BSM_WR
2026-06-26 13:20:07,987 INFO common.api_common: f_var:L2C.perf_dnoc_wrreq
2026-06-26 13:20:07,987 INFO common.api_common: f_var:ISU.AP_PERF_INSTS_SALU
2026-06-26 13:20:07,987 INFO common.api_common: f_var:L2C.perf_wr_req
2026-06-26 13:20:07,987 INFO common.api_common: f_var:ISU.AP_PERF_BSM_WR_INFLIGHT_LEVEL
2026-06-26 13:20:07,987 INFO common.api_common: f_var:ISU.AP_PERF_INST_FMA_F64
2026-06-26 13:20:07,987 INFO common.api_common: f_var:ISU.AP_PERF_BSM_INFLIGHT_LEVEL
2026-06-26 13:20:07,987 INFO common.api_common: f_var:VL1.p_perf_thread_req_cnt
2026-06-26 13:20:07,987 INFO common.api_common: f_var:RM.RM_PERF_WAVES_InFlight_Level_P1
2026-06-26 13:20:07,987 INFO common.api_common: f_var:L2C.perf_dnoc_wrreq_128B
2026-06-26 13:20:07,987 INFO common.api_common: f_var:ISU.AP_PERF_INST_TRANS_FP32
2026-06-26 13:20:07,987 INFO common.api_common: f_var:ISU.AP_PERF_MTE_PI_SEG_SEL_F64
2026-06-26 13:20:07,987 INFO common.api_common: f_var:ISU.AP_PERF_BSM_WR_CYCLES
2026-06-26 13:20:07,987 INFO common.api_common: f_var:L2C.perf_atomic_req
2026-06-26 13:20:07,987 INFO common.api_common: f_var:ISU.AP_PERF_INSTS_VALU
2026-06-26 13:20:07,987 INFO common.api_common: f_var:ISU.AP_PERF_INST_GENERIC_RD
2026-06-26 13:20:07,987 INFO common.api_common: f_var:ISU.AP_PERF_INST_MMA_FP16
2026-06-26 13:20:07,988 INFO tools.events_generator.batches_generator: output path is: /mnt/opt_test/engram_fused_weight_run/profile-artifacts/engram_fused_weight_v1_optimized/mcprofiler_raw_optimized
2026-06-26 13:20:07,989 INFO tools.events_generator.batches_generator: generate event_batch_1.json successfully!
2026-06-26 13:20:07,989 INFO tools.events_generator.batches_generator: generate event_batch_2.json successfully!
2026-06-26 13:20:07,989 INFO tools.events_generator.batches_generator: generate event_batch_3.json successfully!
2026-06-26 13:20:07,989 INFO tools.events_generator.batches_generator: generate event_batch_4.json successfully!
2026-06-26 13:20:07,989 INFO tools.events_generator.batches_generator: generate event_batch_5.json successfully!
2026-06-26 13:20:07,989 INFO tools.events_generator.batches_generator: generate event_batch_6.json successfully!
2026-06-26 13:20:07,989 INFO tools.events_generator.batches_generator: generate event_batch_7.json successfully!
2026-06-26 13:20:07,990 INFO tools.events_generator.batches_generator: generate event_batch_8.json successfully!
2026-06-26 13:20:07,990 INFO phttp.server_backend: generate batch files done
2026-06-26 13:20:07,990 INFO common.api_common: ret_code cmdline_str: rm -f /root/mcRpcPort.ini
2026-06-26 13:20:07,996 INFO common.api_common: ret_code cmdline_str: cp /mnt/opt_test/engram_fused_weight_run/profile-artifacts/engram_fused_weight_v1_optimized/mcprofiler_raw_optimized/event_batch_1.json /mnt/opt_test/engram_fused_weight_run/profile-artifacts/engram_fused_weight_v1_optimized/mcprofiler_raw_optimized/mcProfiler.json
2026-06-26 13:20:08,003 INFO common.api_common: ret_code cmdline_str: export MCTX_TARGET_INIT=true; export MACA_ETC_PATH=/mnt/opt_test/engram_fused_weight_run/profile-artifacts/engram_fused_weight_v1_optimized/mcprofiler_raw_optimized; export MXLOG_LEVEL=info; export MACA_PATH=/opt/maca/; export LD_LIBRARY_PATH=/opt/maca/lib/:${LD_LIBRARY_PATH}; ./test_maca 5 100 2
2026-06-26 13:20:08,003 INFO common.api_common: ret_code cmdline_str: cat /root/mcRpcPort.ini
2026-06-26 13:20:08,010 WARNING phttp.server_backend: get_srvrpc_port get rpc server ports failed: cannot retrieve rpc server port.
2026-06-26 13:20:08,211 INFO common.api_common: ret_code cmdline_str: cat /root/mcRpcPort.ini
2026-06-26 13:20:08,629 INFO common.api_common: ret_code cmdline_str: cat /root/mcRpcPort.ini
2026-06-26 13:20:08,632 INFO prpc_client.mctool_client: MctxStreamProfilerCountDataGet Start
2026-06-26 13:20:08,632 INFO prpc_client.mctool_client: MctxStreamProfilerCountDataGet Loop
2026-06-26 13:20:09,437 INFO common.api_common: ret_code cmdline_str: cat /root/mcRpcPort.ini
2026-06-26 13:20:11,046 INFO common.api_common: ret_code cmdline_str: cat /root/mcRpcPort.ini
2026-06-26 13:20:11,170 INFO prpc_client.mctool_client: MctxStreamProfilerCountDataGet Loop
2026-06-26 13:20:12,829 DEBUG urllib3.connectionpool: Starting new HTTP connection (1): 127.0.0.1:50123
2026-06-26 13:20:12,834 INFO werkzeug: 127.0.0.1 - - [26/Jun/2026 13:20:12] "GET /perf_progress?exec_id=20bd6103-bf98-40b8-91fe-5727129c5c18 HTTP/1.1" 200 -
2026-06-26 13:20:12,834 DEBUG urllib3.connectionpool: http://127.0.0.1:50123 "GET /perf_progress?exec_id=20bd6103-bf98-40b8-91fe-5727129c5c18 HTTP/1.1" 200 2482
2026-06-26 13:20:14,259 INFO common.api_common: ret_code cmdline_str: rm -f /root/mcRpcPort.ini
2026-06-26 13:20:14,266 INFO common.api_common: ret_code cmdline_str: cp /mnt/opt_test/engram_fused_weight_run/profile-artifacts/engram_fused_weight_v1_optimized/mcprofiler_raw_optimized/event_batch_2.json /mnt/opt_test/engram_fused_weight_run/profile-artifacts/engram_fused_weight_v1_optimized/mcprofiler_raw_optimized/mcProfiler.json
2026-06-26 13:20:14,274 INFO common.api_common: ret_code cmdline_str: export MCTX_TARGET_INIT=true; export MACA_ETC_PATH=/mnt/opt_test/engram_fused_weight_run/profile-artifacts/engram_fused_weight_v1_optimized/mcprofiler_raw_optimized; export MXLOG_LEVEL=info; export MACA_PATH=/opt/maca/; export LD_LIBRARY_PATH=/opt/maca/lib/:${LD_LIBRARY_PATH}; ./test_maca 5 100 2
2026-06-26 13:20:14,274 INFO common.api_common: ret_code cmdline_str: cat /root/mcRpcPort.ini
2026-06-26 13:20:14,282 WARNING phttp.server_backend: get_srvrpc_port get rpc server ports failed: cannot retrieve rpc server port.
2026-06-26 13:20:14,482 INFO common.api_common: ret_code cmdline_str: cat /root/mcRpcPort.ini
2026-06-26 13:20:14,894 INFO common.api_common: ret_code cmdline_str: cat /root/mcRpcPort.ini
2026-06-26 13:20:14,894 INFO prpc_client.mctool_client: MctxStreamProfilerCountDataGet Start
2026-06-26 13:20:14,898 INFO prpc_client.mctool_client: MctxStreamProfilerCountDataGet Loop
2026-06-26 13:20:15,702 INFO common.api_common: ret_code cmdline_str: cat /root/mcRpcPort.ini
2026-06-26 13:20:17,312 INFO common.api_common: ret_code cmdline_str: cat /root/mcRpcPort.ini
2026-06-26 13:20:17,435 INFO prpc_client.mctool_client: MctxStreamProfilerCountDataGet Loop
2026-06-26 13:20:17,837 DEBUG urllib3.connectionpool: Starting new HTTP connection (1): 127.0.0.1:50123
2026-06-26 13:20:18,019 INFO werkzeug: 127.0.0.1 - - [26/Jun/2026 13:20:18] "GET /perf_progress?exec_id=20bd6103-bf98-40b8-91fe-5727129c5c18 HTTP/1.1" 200 -
2026-06-26 13:20:18,020 DEBUG urllib3.connectionpool: http://127.0.0.1:50123 "GET /perf_progress?exec_id=20bd6103-bf98-40b8-91fe-5727129c5c18 HTTP/1.1" 200 9921
2026-06-26 13:20:20,525 INFO common.api_common: ret_code cmdline_str: rm -f /root/mcRpcPort.ini
2026-06-26 13:20:20,533 INFO common.api_common: ret_code cmdline_str: cp /mnt/opt_test/engram_fused_weight_run/profile-artifacts/engram_fused_weight_v1_optimized/mcprofiler_raw_optimized/event_batch_3.json /mnt/opt_test/engram_fused_weight_run/profile-artifacts/engram_fused_weight_v1_optimized/mcprofiler_raw_optimized/mcProfiler.json
2026-06-26 13:20:20,540 INFO common.api_common: ret_code cmdline_str: export MCTX_TARGET_INIT=true; export MACA_ETC_PATH=/mnt/opt_test/engram_fused_weight_run/profile-artifacts/engram_fused_weight_v1_optimized/mcprofiler_raw_optimized; export MXLOG_LEVEL=info; export MACA_PATH=/opt/maca/; export LD_LIBRARY_PATH=/opt/maca/lib/:${LD_LIBRARY_PATH}; ./test_maca 5 100 2
2026-06-26 13:20:20,540 INFO common.api_common: ret_code cmdline_str: cat /root/mcRpcPort.ini
2026-06-26 13:20:20,548 WARNING phttp.server_backend: get_srvrpc_port get rpc server ports failed: cannot retrieve rpc server port.
2026-06-26 13:20:20,749 INFO common.api_common: ret_code cmdline_str: cat /root/mcRpcPort.ini
2026-06-26 13:20:21,159 INFO common.api_common: ret_code cmdline_str: cat /root/mcRpcPort.ini
2026-06-26 13:20:21,160 INFO prpc_client.mctool_client: MctxStreamProfilerCountDataGet Start
2026-06-26 13:20:21,163 INFO prpc_client.mctool_client: MctxStreamProfilerCountDataGet Loop
2026-06-26 13:20:21,968 INFO common.api_common: ret_code cmdline_str: cat /root/mcRpcPort.ini
2026-06-26 13:20:23,027 DEBUG urllib3.connectionpool: Starting new HTTP connection (1): 127.0.0.1:50123
2026-06-26 13:20:23,033 INFO werkzeug: 127.0.0.1 - - [26/Jun/2026 13:20:23] "GET /perf_progress?exec_id=20bd6103-bf98-40b8-91fe-5727129c5c18 HTTP/1.1" 200 -
2026-06-26 13:20:23,033 DEBUG urllib3.connectionpool: http://127.0.0.1:50123 "GET /perf_progress?exec_id=20bd6103-bf98-40b8-91fe-5727129c5c18 HTTP/1.1" 200 9921
2026-06-26 13:20:23,577 INFO common.api_common: ret_code cmdline_str: cat /root/mcRpcPort.ini
2026-06-26 13:20:23,688 INFO prpc_client.mctool_client: MctxStreamProfilerCountDataGet Loop
2026-06-26 13:20:26,791 INFO common.api_common: ret_code cmdline_str: rm -f /root/mcRpcPort.ini
2026-06-26 13:20:26,799 INFO common.api_common: ret_code cmdline_str: cp /mnt/opt_test/engram_fused_weight_run/profile-artifacts/engram_fused_weight_v1_optimized/mcprofiler_raw_optimized/event_batch_4.json /mnt/opt_test/engram_fused_weight_run/profile-artifacts/engram_fused_weight_v1_optimized/mcprofiler_raw_optimized/mcProfiler.json
2026-06-26 13:20:26,807 INFO common.api_common: ret_code cmdline_str: export MCTX_TARGET_INIT=true; export MACA_ETC_PATH=/mnt/opt_test/engram_fused_weight_run/profile-artifacts/engram_fused_weight_v1_optimized/mcprofiler_raw_optimized; export MXLOG_LEVEL=info; export MACA_PATH=/opt/maca/; export LD_LIBRARY_PATH=/opt/maca/lib/:${LD_LIBRARY_PATH}; ./test_maca 5 100 2
2026-06-26 13:20:26,807 INFO common.api_common: ret_code cmdline_str: cat /root/mcRpcPort.ini
2026-06-26 13:20:26,815 WARNING phttp.server_backend: get_srvrpc_port get rpc server ports failed: cannot retrieve rpc server port.
2026-06-26 13:20:27,015 INFO common.api_common: ret_code cmdline_str: cat /root/mcRpcPort.ini
2026-06-26 13:20:27,426 INFO common.api_common: ret_code cmdline_str: cat /root/mcRpcPort.ini
2026-06-26 13:20:27,426 INFO prpc_client.mctool_client: MctxStreamProfilerCountDataGet Start
2026-06-26 13:20:27,430 INFO prpc_client.mctool_client: MctxStreamProfilerCountDataGet Loop
2026-06-26 13:20:28,039 DEBUG urllib3.connectionpool: Starting new HTTP connection (1): 127.0.0.1:50123
2026-06-26 13:20:28,084 INFO werkzeug: 127.0.0.1 - - [26/Jun/2026 13:20:28] "GET /perf_progress?exec_id=20bd6103-bf98-40b8-91fe-5727129c5c18 HTTP/1.1" 200 -
2026-06-26 13:20:28,084 DEBUG urllib3.connectionpool: http://127.0.0.1:50123 "GET /perf_progress?exec_id=20bd6103-bf98-40b8-91fe-5727129c5c18 HTTP/1.1" 200 9921
2026-06-26 13:20:28,234 INFO common.api_common: ret_code cmdline_str: cat /root/mcRpcPort.ini
2026-06-26 13:20:29,843 INFO common.api_common: ret_code cmdline_str: cat /root/mcRpcPort.ini
2026-06-26 13:20:29,954 INFO prpc_client.mctool_client: MctxStreamProfilerCountDataGet Loop
2026-06-26 13:20:33,057 INFO common.api_common: ret_code cmdline_str: rm -f /root/mcRpcPort.ini
2026-06-26 13:20:33,065 INFO common.api_common: ret_code cmdline_str: cp /mnt/opt_test/engram_fused_weight_run/profile-artifacts/engram_fused_weight_v1_optimized/mcprofiler_raw_optimized/event_batch_5.json /mnt/opt_test/engram_fused_weight_run/profile-artifacts/engram_fused_weight_v1_optimized/mcprofiler_raw_optimized/mcProfiler.json
2026-06-26 13:20:33,072 INFO common.api_common: ret_code cmdline_str: export MCTX_TARGET_INIT=true; export MACA_ETC_PATH=/mnt/opt_test/engram_fused_weight_run/profile-artifacts/engram_fused_weight_v1_optimized/mcprofiler_raw_optimized; export MXLOG_LEVEL=info; export MACA_PATH=/opt/maca/; export LD_LIBRARY_PATH=/opt/maca/lib/:${LD_LIBRARY_PATH}; ./test_maca 5 100 2
2026-06-26 13:20:33,073 INFO common.api_common: ret_code cmdline_str: cat /root/mcRpcPort.ini
2026-06-26 13:20:33,081 WARNING phttp.server_backend: get_srvrpc_port get rpc server ports failed: cannot retrieve rpc server port.
2026-06-26 13:20:33,087 DEBUG urllib3.connectionpool: Starting new HTTP connection (1): 127.0.0.1:50123
2026-06-26 13:20:33,092 INFO werkzeug: 127.0.0.1 - - [26/Jun/2026 13:20:33] "GET /perf_progress?exec_id=20bd6103-bf98-40b8-91fe-5727129c5c18 HTTP/1.1" 200 -
2026-06-26 13:20:33,093 DEBUG urllib3.connectionpool: http://127.0.0.1:50123 "GET /perf_progress?exec_id=20bd6103-bf98-40b8-91fe-5727129c5c18 HTTP/1.1" 200 9921
2026-06-26 13:20:33,281 INFO common.api_common: ret_code cmdline_str: cat /root/mcRpcPort.ini
2026-06-26 13:20:33,693 INFO common.api_common: ret_code cmdline_str: cat /root/mcRpcPort.ini
2026-06-26 13:20:33,694 INFO prpc_client.mctool_client: MctxStreamProfilerCountDataGet Start
2026-06-26 13:20:33,698 INFO prpc_client.mctool_client: MctxStreamProfilerCountDataGet Loop
2026-06-26 13:20:34,502 INFO common.api_common: ret_code cmdline_str: cat /root/mcRpcPort.ini
2026-06-26 13:20:36,111 INFO common.api_common: ret_code cmdline_str: cat /root/mcRpcPort.ini
2026-06-26 13:20:36,222 INFO prpc_client.mctool_client: MctxStreamProfilerCountDataGet Loop
2026-06-26 13:20:38,105 DEBUG urllib3.connectionpool: Starting new HTTP connection (1): 127.0.0.1:50123
2026-06-26 13:20:38,139 INFO werkzeug: 127.0.0.1 - - [26/Jun/2026 13:20:38] "GET /perf_progress?exec_id=20bd6103-bf98-40b8-91fe-5727129c5c18 HTTP/1.1" 200 -
2026-06-26 13:20:38,139 DEBUG urllib3.connectionpool: http://127.0.0.1:50123 "GET /perf_progress?exec_id=20bd6103-bf98-40b8-91fe-5727129c5c18 HTTP/1.1" 200 9921
2026-06-26 13:20:39,325 INFO common.api_common: ret_code cmdline_str: rm -f /root/mcRpcPort.ini
2026-06-26 13:20:39,333 INFO common.api_common: ret_code cmdline_str: cp /mnt/opt_test/engram_fused_weight_run/profile-artifacts/engram_fused_weight_v1_optimized/mcprofiler_raw_optimized/event_batch_6.json /mnt/opt_test/engram_fused_weight_run/profile-artifacts/engram_fused_weight_v1_optimized/mcprofiler_raw_optimized/mcProfiler.json
2026-06-26 13:20:39,340 INFO common.api_common: ret_code cmdline_str: export MCTX_TARGET_INIT=true; export MACA_ETC_PATH=/mnt/opt_test/engram_fused_weight_run/profile-artifacts/engram_fused_weight_v1_optimized/mcprofiler_raw_optimized; export MXLOG_LEVEL=info; export MACA_PATH=/opt/maca/; export LD_LIBRARY_PATH=/opt/maca/lib/:${LD_LIBRARY_PATH}; ./test_maca 5 100 2
2026-06-26 13:20:39,340 INFO common.api_common: ret_code cmdline_str: cat /root/mcRpcPort.ini
2026-06-26 13:20:39,346 WARNING phttp.server_backend: get_srvrpc_port get rpc server ports failed: cannot retrieve rpc server port.
2026-06-26 13:20:39,546 INFO common.api_common: ret_code cmdline_str: cat /root/mcRpcPort.ini
2026-06-26 13:20:39,957 INFO common.api_common: ret_code cmdline_str: cat /root/mcRpcPort.ini
2026-06-26 13:20:39,958 INFO prpc_client.mctool_client: MctxStreamProfilerCountDataGet Start
2026-06-26 13:20:39,961 INFO prpc_client.mctool_client: MctxStreamProfilerCountDataGet Loop
2026-06-26 13:20:40,766 INFO common.api_common: ret_code cmdline_str: cat /root/mcRpcPort.ini
2026-06-26 13:20:42,375 INFO common.api_common: ret_code cmdline_str: cat /root/mcRpcPort.ini
2026-06-26 13:20:42,497 INFO prpc_client.mctool_client: MctxStreamProfilerCountDataGet Loop
2026-06-26 13:20:43,147 DEBUG urllib3.connectionpool: Starting new HTTP connection (1): 127.0.0.1:50123
2026-06-26 13:20:43,152 INFO werkzeug: 127.0.0.1 - - [26/Jun/2026 13:20:43] "GET /perf_progress?exec_id=20bd6103-bf98-40b8-91fe-5727129c5c18 HTTP/1.1" 200 -
2026-06-26 13:20:43,153 DEBUG urllib3.connectionpool: http://127.0.0.1:50123 "GET /perf_progress?exec_id=20bd6103-bf98-40b8-91fe-5727129c5c18 HTTP/1.1" 200 9921
2026-06-26 13:20:45,587 INFO common.api_common: ret_code cmdline_str: rm -f /root/mcRpcPort.ini
2026-06-26 13:20:45,595 INFO common.api_common: ret_code cmdline_str: cp /mnt/opt_test/engram_fused_weight_run/profile-artifacts/engram_fused_weight_v1_optimized/mcprofiler_raw_optimized/event_batch_7.json /mnt/opt_test/engram_fused_weight_run/profile-artifacts/engram_fused_weight_v1_optimized/mcprofiler_raw_optimized/mcProfiler.json
2026-06-26 13:20:45,602 INFO common.api_common: ret_code cmdline_str: export MCTX_TARGET_INIT=true; export MACA_ETC_PATH=/mnt/opt_test/engram_fused_weight_run/profile-artifacts/engram_fused_weight_v1_optimized/mcprofiler_raw_optimized; export MXLOG_LEVEL=info; export MACA_PATH=/opt/maca/; export LD_LIBRARY_PATH=/opt/maca/lib/:${LD_LIBRARY_PATH}; ./test_maca 5 100 2
2026-06-26 13:20:45,602 INFO common.api_common: ret_code cmdline_str: cat /root/mcRpcPort.ini
2026-06-26 13:20:45,610 WARNING phttp.server_backend: get_srvrpc_port get rpc server ports failed: cannot retrieve rpc server port.
2026-06-26 13:20:45,810 INFO common.api_common: ret_code cmdline_str: cat /root/mcRpcPort.ini
2026-06-26 13:20:46,221 INFO common.api_common: ret_code cmdline_str: cat /root/mcRpcPort.ini
2026-06-26 13:20:46,224 INFO prpc_client.mctool_client: MctxStreamProfilerCountDataGet Start
2026-06-26 13:20:46,225 INFO prpc_client.mctool_client: MctxStreamProfilerCountDataGet Loop
2026-06-26 13:20:47,029 INFO common.api_common: ret_code cmdline_str: cat /root/mcRpcPort.ini
2026-06-26 13:20:48,162 DEBUG urllib3.connectionpool: Starting new HTTP connection (1): 127.0.0.1:50123
2026-06-26 13:20:48,205 INFO werkzeug: 127.0.0.1 - - [26/Jun/2026 13:20:48] "GET /perf_progress?exec_id=20bd6103-bf98-40b8-91fe-5727129c5c18 HTTP/1.1" 200 -
2026-06-26 13:20:48,206 DEBUG urllib3.connectionpool: http://127.0.0.1:50123 "GET /perf_progress?exec_id=20bd6103-bf98-40b8-91fe-5727129c5c18 HTTP/1.1" 200 9921
2026-06-26 13:20:48,638 INFO common.api_common: ret_code cmdline_str: cat /root/mcRpcPort.ini
2026-06-26 13:20:48,761 INFO prpc_client.mctool_client: MctxStreamProfilerCountDataGet Loop
2026-06-26 13:20:51,851 INFO common.api_common: ret_code cmdline_str: rm -f /root/mcRpcPort.ini
2026-06-26 13:20:51,858 INFO common.api_common: ret_code cmdline_str: cp /mnt/opt_test/engram_fused_weight_run/profile-artifacts/engram_fused_weight_v1_optimized/mcprofiler_raw_optimized/event_batch_8.json /mnt/opt_test/engram_fused_weight_run/profile-artifacts/engram_fused_weight_v1_optimized/mcprofiler_raw_optimized/mcProfiler.json
2026-06-26 13:20:51,865 INFO common.api_common: ret_code cmdline_str: export MCTX_TARGET_INIT=true; export MACA_ETC_PATH=/mnt/opt_test/engram_fused_weight_run/profile-artifacts/engram_fused_weight_v1_optimized/mcprofiler_raw_optimized; export MXLOG_LEVEL=info; export MACA_PATH=/opt/maca/; export LD_LIBRARY_PATH=/opt/maca/lib/:${LD_LIBRARY_PATH}; ./test_maca 5 100 2
2026-06-26 13:20:51,865 INFO common.api_common: ret_code cmdline_str: cat /root/mcRpcPort.ini
2026-06-26 13:20:51,873 WARNING phttp.server_backend: get_srvrpc_port get rpc server ports failed: cannot retrieve rpc server port.
2026-06-26 13:20:52,074 INFO common.api_common: ret_code cmdline_str: cat /root/mcRpcPort.ini
2026-06-26 13:20:52,485 INFO common.api_common: ret_code cmdline_str: cat /root/mcRpcPort.ini
2026-06-26 13:20:52,485 INFO prpc_client.mctool_client: MctxStreamProfilerCountDataGet Start
2026-06-26 13:20:52,488 INFO prpc_client.mctool_client: MctxStreamProfilerCountDataGet Loop
2026-06-26 13:20:53,214 DEBUG urllib3.connectionpool: Starting new HTTP connection (1): 127.0.0.1:50123
2026-06-26 13:20:53,219 INFO werkzeug: 127.0.0.1 - - [26/Jun/2026 13:20:53] "GET /perf_progress?exec_id=20bd6103-bf98-40b8-91fe-5727129c5c18 HTTP/1.1" 200 -
2026-06-26 13:20:53,219 DEBUG urllib3.connectionpool: http://127.0.0.1:50123 "GET /perf_progress?exec_id=20bd6103-bf98-40b8-91fe-5727129c5c18 HTTP/1.1" 200 9921
2026-06-26 13:20:53,293 INFO common.api_common: ret_code cmdline_str: cat /root/mcRpcPort.ini
2026-06-26 13:20:54,903 INFO common.api_common: ret_code cmdline_str: cat /root/mcRpcPort.ini
2026-06-26 13:20:55,022 INFO prpc_client.mctool_client: MctxStreamProfilerCountDataGet Loop
2026-06-26 13:20:58,133 INFO phttp.server_backend: profiling task 20bd6103-bf98-40b8-91fe-5727129c5c18
2026-06-26 13:20:58,133 INFO utils.complier: analyse  formula:[{'type': 'VARIABLE', 'value': '{{ISU.AP_PERF_INSTS_VALU}}'}, {'type': 'VARIABLE', 'value': '{{ISU.AP_PERF_INSTS_MMA}}'}, {'type': 'VARIABLE', 'value': '{{ISU.AP_PERF_INSTS_SALU}}'}, {'type': 'VARIABLE', 'value': '{{ISU.AP_PERF_INST_MISC}}'}]
2026-06-26 13:20:58,133 INFO utils.complier: analyse  formula:[]
2026-06-26 13:20:58,133 INFO utils.complier: analyse  formula:[]
2026-06-26 13:20:58,134 INFO utils.complier: analyse  formula:[{'type': 'PROC_VAR', 'value': '$RET'}]
2026-06-26 13:20:58,134 INFO utils.complier: analyse  formula:[]
2026-06-26 13:20:58,135 INFO utils.complier: analyse  formula:[{'type': 'VARIABLE', 'value': '{{ISU.AP_PERF_INSTS_VALU}}'}, {'type': 'VARIABLE', 'value': '{{ISU.AP_PERF_INSTS_MMA}}'}, {'type': 'VARIABLE', 'value': '{{ISU.AP_PERF_INSTS_SALU}}'}, {'type': 'VARIABLE', 'value': '{{ISU.AP_PERF_INST_MISC}}'}]
2026-06-26 13:20:58,135 INFO utils.complier: analyse  formula:[]
2026-06-26 13:20:58,136 INFO utils.complier: analyse  formula:[]
2026-06-26 13:20:58,136 INFO utils.complier: analyse  formula:[{'type': 'VARIABLE', 'value': '{{ISU.AP_PERF_INSTS_GVM}}'}, {'type': 'VARIABLE', 'value': '{{ISU.AP_PERF_INSTS_BSM}}'}, {'type': 'VARIABLE', 'value': '{{ISU.AP_PERF_INSTS_LDU}}'}]
2026-06-26 13:20:58,136 INFO utils.complier: analyse  formula:[]
2026-06-26 13:20:58,136 INFO utils.complier: analyse  formula:[]
2026-06-26 13:20:58,137 INFO utils.complier: analyse  formula:[{'type': 'PROC_VAR', 'value': '$RET'}]
2026-06-26 13:20:58,137 INFO utils.complier: analyse  formula:[]
2026-06-26 13:20:58,137 INFO utils.complier: analyse  formula:[{'type': 'VARIABLE', 'value': '{{ISU.AP_PERF_INSTS_GVM}}'}, {'type': 'VARIABLE', 'value': '{{ISU.AP_PERF_INSTS_BSM}}'}, {'type': 'VARIABLE', 'value': '{{ISU.AP_PERF_INSTS_LDU}}'}]
2026-06-26 13:20:58,138 INFO utils.complier: analyse  formula:[]
2026-06-26 13:20:58,138 INFO utils.complier: analyse  formula:[]
2026-06-26 13:20:58,138 INFO utils.complier: analyse  formula:[]
2026-06-26 13:20:58,138 INFO utils.complier: analyse  formula:[{'type': 'UMD_VARIABLE', 'value': '{TRACER.dur}'}]
2026-06-26 13:20:58,138 INFO utils.complier: analyse  formula:[]
2026-06-26 13:20:58,138 ERROR utils.pc_base: get_varvalues failed: 'TRACER'
2026-06-26 13:20:58,138 ERROR utils.pc_base: cannot calculate: 'TRACER'
2026-06-26 13:20:58,138 INFO utils.complier: analyse  formula:[{'type': 'VARIABLE', 'value': '{{ISU.AP_PERF_ISU_AP_BUSY}}'}]
2026-06-26 13:20:58,138 INFO utils.complier: analyse  formula:[{'type': 'UMD_VARIABLE', 'value': '{TRACER.dur}'}]
2026-06-26 13:20:58,138 INFO utils.complier: analyse  formula:[]
2026-06-26 13:20:58,139 ERROR utils.pc_base: get_varvalues failed: 'TRACER'
2026-06-26 13:20:58,139 ERROR utils.pc_base: cannot calculate: 'TRACER'
2026-06-26 13:20:58,139 INFO utils.complier: analyse  formula:[{'type': 'VARIABLE', 'value': '{{ISU.AP_PERF_INST_GLOBAL_RD}}'}]
2026-06-26 13:20:58,139 INFO utils.complier: analyse  formula:[]
2026-06-26 13:20:58,139 INFO utils.complier: analyse  formula:[]
2026-06-26 13:20:58,139 INFO utils.complier: analyse  formula:[{'type': 'PROC_VAR', 'value': '$RET'}]
2026-06-26 13:20:58,139 INFO utils.complier: analyse  formula:[]
2026-06-26 13:20:58,139 INFO utils.complier: analyse  formula:[{'type': 'VARIABLE', 'value': '{{ISU.AP_PERF_INST_GLOBAL_RD}}'}]
2026-06-26 13:20:58,139 INFO utils.complier: analyse  formula:[]
2026-06-26 13:20:58,140 INFO utils.complier: analyse  formula:[]
2026-06-26 13:20:58,140 INFO utils.complier: analyse  formula:[{'type': 'VARIABLE', 'value': '{{ISU.AP_PERF_INST_GLOBAL_WR}}'}]
2026-06-26 13:20:58,140 INFO utils.complier: analyse  formula:[]
2026-06-26 13:20:58,140 INFO utils.complier: analyse  formula:[]
2026-06-26 13:20:58,140 INFO utils.complier: analyse  formula:[{'type': 'PROC_VAR', 'value': '$RET'}]
2026-06-26 13:20:58,140 INFO utils.complier: analyse  formula:[]
2026-06-26 13:20:58,140 INFO utils.complier: analyse  formula:[{'type': 'VARIABLE', 'value': '{{ISU.AP_PERF_INST_GLOBAL_WR}}'}]
2026-06-26 13:20:58,141 INFO utils.complier: analyse  formula:[]
2026-06-26 13:20:58,141 INFO utils.complier: analyse  formula:[]
2026-06-26 13:20:58,141 INFO utils.complier: analyse  formula:[{'type': 'VARIABLE', 'value': '{{ISU.AP_PERF_INST_PRIVATE_RD}}'}]
2026-06-26 13:20:58,141 INFO utils.complier: analyse  formula:[]
2026-06-26 13:20:58,141 INFO utils.complier: analyse  formula:[]
2026-06-26 13:20:58,141 INFO utils.complier: analyse  formula:[{'type': 'PROC_VAR', 'value': '$RET'}]
2026-06-26 13:20:58,141 INFO utils.complier: analyse  formula:[]
2026-06-26 13:20:58,141 INFO utils.complier: analyse  formula:[{'type': 'VARIABLE', 'value': '{{ISU.AP_PERF_INST_PRIVATE_RD}}'}]
2026-06-26 13:20:58,142 INFO utils.complier: analyse  formula:[]
2026-06-26 13:20:58,142 INFO utils.complier: analyse  formula:[]
2026-06-26 13:20:58,142 INFO utils.complier: analyse  formula:[{'type': 'VARIABLE', 'value': '{{ISU.AP_PERF_INST_PRIVATE_WR}}'}]
2026-06-26 13:20:58,142 INFO utils.complier: analyse  formula:[]
2026-06-26 13:20:58,142 INFO utils.complier: analyse  formula:[]
2026-06-26 13:20:58,142 INFO utils.complier: analyse  formula:[{'type': 'PROC_VAR', 'value': '$RET'}]
2026-06-26 13:20:58,142 INFO utils.complier: analyse  formula:[]
2026-06-26 13:20:58,142 INFO utils.complier: analyse  formula:[{'type': 'VARIABLE', 'value': '{{ISU.AP_PERF_INST_PRIVATE_WR}}'}]
2026-06-26 13:20:58,143 INFO utils.complier: analyse  formula:[]
2026-06-26 13:20:58,143 INFO utils.complier: analyse  formula:[]
2026-06-26 13:20:58,143 INFO utils.complier: analyse  formula:[{'type': 'VARIABLE', 'value': '{{ISU.AP_PERF_INST_GENERIC_RD}}'}]
2026-06-26 13:20:58,143 INFO utils.complier: analyse  formula:[]
2026-06-26 13:20:58,143 INFO utils.complier: analyse  formula:[]
2026-06-26 13:20:58,143 INFO utils.complier: analyse  formula:[{'type': 'PROC_VAR', 'value': '$RET'}]
2026-06-26 13:20:58,143 INFO utils.complier: analyse  formula:[]
2026-06-26 13:20:58,143 INFO utils.complier: analyse  formula:[{'type': 'VARIABLE', 'value': '{{ISU.AP_PERF_INST_GENERIC_RD}}'}]
2026-06-26 13:20:58,144 INFO utils.complier: analyse  formula:[]
2026-06-26 13:20:58,144 INFO utils.complier: analyse  formula:[]
2026-06-26 13:20:58,144 INFO utils.complier: analyse  formula:[{'type': 'VARIABLE', 'value': '{{ISU.AP_PERF_INST_GENERIC_WR}}'}]
2026-06-26 13:20:58,144 INFO utils.complier: analyse  formula:[]
2026-06-26 13:20:58,144 INFO utils.complier: analyse  formula:[]
2026-06-26 13:20:58,144 INFO utils.complier: analyse  formula:[{'type': 'PROC_VAR', 'value': '$RET'}]
2026-06-26 13:20:58,144 INFO utils.complier: analyse  formula:[]
2026-06-26 13:20:58,145 INFO utils.complier: analyse  formula:[{'type': 'VARIABLE', 'value': '{{ISU.AP_PERF_INST_GENERIC_WR}}'}]
2026-06-26 13:20:58,145 INFO utils.complier: analyse  formula:[]
2026-06-26 13:20:58,145 INFO utils.complier: analyse  formula:[]
2026-06-26 13:20:58,145 INFO utils.complier: analyse  formula:[{'type': 'VARIABLE', 'value': '{{ISU.AP_PERF_INSTS_LDU}}'}]
2026-06-26 13:20:58,145 INFO utils.complier: analyse  formula:[]
2026-06-26 13:20:58,145 INFO utils.complier: analyse  formula:[]
2026-06-26 13:20:58,145 INFO utils.complier: analyse  formula:[{'type': 'PROC_VAR', 'value': '$RET'}]
2026-06-26 13:20:58,145 INFO utils.complier: analyse  formula:[]
2026-06-26 13:20:58,146 INFO utils.complier: analyse  formula:[{'type': 'VARIABLE', 'value': '{{ISU.AP_PERF_INSTS_LDU}}'}]
2026-06-26 13:20:58,146 INFO utils.complier: analyse  formula:[]
2026-06-26 13:20:58,146 INFO utils.complier: analyse  formula:[]
2026-06-26 13:20:58,146 INFO utils.complier: analyse  formula:[{'type': 'VARIABLE', 'value': '{{ISU.AP_PERF_INST_BSM_RD}}'}]
2026-06-26 13:20:58,146 INFO utils.complier: analyse  formula:[]
2026-06-26 13:20:58,146 INFO utils.complier: analyse  formula:[]
2026-06-26 13:20:58,146 INFO utils.complier: analyse  formula:[{'type': 'PROC_VAR', 'value': '$RET'}]
2026-06-26 13:20:58,146 INFO utils.complier: analyse  formula:[]
2026-06-26 13:20:58,147 INFO utils.complier: analyse  formula:[{'type': 'VARIABLE', 'value': '{{ISU.AP_PERF_INST_BSM_RD}}'}]
2026-06-26 13:20:58,147 INFO utils.complier: analyse  formula:[]
2026-06-26 13:20:58,147 INFO utils.complier: analyse  formula:[]
2026-06-26 13:20:58,147 INFO utils.complier: analyse  formula:[{'type': 'VARIABLE', 'value': '{{ISU.AP_PERF_INST_BSM_WR}}'}]
2026-06-26 13:20:58,147 INFO utils.complier: analyse  formula:[]
2026-06-26 13:20:58,147 INFO utils.complier: analyse  formula:[]
2026-06-26 13:20:58,147 INFO utils.complier: analyse  formula:[{'type': 'PROC_VAR', 'value': '$RET'}]
2026-06-26 13:20:58,148 INFO utils.complier: analyse  formula:[]
2026-06-26 13:20:58,148 INFO utils.complier: analyse  formula:[{'type': 'VARIABLE', 'value': '{{ISU.AP_PERF_INST_BSM_WR}}'}]
2026-06-26 13:20:58,148 INFO utils.complier: analyse  formula:[]
2026-06-26 13:20:58,148 INFO utils.complier: analyse  formula:[]
2026-06-26 13:20:58,148 INFO utils.complier: analyse  formula:[{'type': 'VARIABLE', 'value': '{{VL1.p_total_read_instruction_event}}'}]
2026-06-26 13:20:58,148 INFO utils.complier: analyse  formula:[]
2026-06-26 13:20:58,148 INFO utils.complier: analyse  formula:[]
2026-06-26 13:20:58,149 INFO utils.complier: analyse  formula:[{'type': 'PROC_VAR', 'value': '$RET'}]
2026-06-26 13:20:58,149 INFO utils.complier: analyse  formula:[]
2026-06-26 13:20:58,149 INFO utils.complier: analyse  formula:[{'type': 'VARIABLE', 'value': '{{VL1.p_total_read_instruction_event}}'}]
2026-06-26 13:20:58,149 INFO utils.complier: analyse  formula:[]
2026-06-26 13:20:58,149 INFO utils.complier: analyse  formula:[]
2026-06-26 13:20:58,149 INFO utils.complier: analyse  formula:[{'type': 'VARIABLE', 'value': '{{VL1.p_total_write_instruction_event}}'}]
2026-06-26 13:20:58,149 INFO utils.complier: analyse  formula:[]
2026-06-26 13:20:58,149 INFO utils.complier: analyse  formula:[]
2026-06-26 13:20:58,150 INFO utils.complier: analyse  formula:[{'type': 'PROC_VAR', 'value': '$RET'}]
2026-06-26 13:20:58,150 INFO utils.complier: analyse  formula:[]
2026-06-26 13:20:58,150 INFO utils.complier: analyse  formula:[{'type': 'VARIABLE', 'value': '{{VL1.p_total_write_instruction_event}}'}]
2026-06-26 13:20:58,150 INFO utils.complier: analyse  formula:[]
2026-06-26 13:20:58,150 INFO utils.complier: analyse  formula:[]
2026-06-26 13:20:58,150 INFO utils.complier: analyse  formula:[{'type': 'VARIABLE', 'value': '{{VL1.p_perf_thread_req_cnt}}'}, {'type': 'VARIABLE', 'value': '{{VL1.p_perf_miss_cnt}}'}, {'type': 'VARIABLE', 'value': '{{VL1.p_perf_thread_req_cnt}}'}]
2026-06-26 13:20:58,151 INFO utils.complier: analyse  formula:[]
2026-06-26 13:20:58,151 INFO utils.complier: analyse  formula:[]
2026-06-26 13:20:58,151 INFO utils.complier: analyse  formula:[{'type': 'PROC_VAR', 'value': '$vl1hit'}, {'type': 'PROC_VAR', 'value': '$RET'}, {'type': 'PROC_VAR', 'value': '$vl1hit'}]
2026-06-26 13:20:58,152 INFO utils.complier: analyse  formula:[]
2026-06-26 13:20:58,152 INFO utils.complier: analyse  formula:[{'type': 'VARIABLE', 'value': '{{VL1.p_perf_thread_req_cnt}}'}, {'type': 'VARIABLE', 'value': '{{VL1.p_perf_miss_cnt}}'}, {'type': 'VARIABLE', 'value': '{{VL1.p_perf_thread_req_cnt}}'}]
2026-06-26 13:20:58,153 INFO utils.complier: analyse  formula:[]
2026-06-26 13:20:58,154 INFO utils.complier: analyse  formula:[]
2026-06-26 13:20:58,154 INFO utils.complier: analyse  formula:[{'type': 'VARIABLE', 'value': '{{L2C.perf_rd_req}}'}]
2026-06-26 13:20:58,154 INFO utils.complier: analyse  formula:[]
2026-06-26 13:20:58,154 INFO utils.complier: analyse  formula:[]
2026-06-26 13:20:58,154 INFO utils.complier: analyse  formula:[{'type': 'PROC_VAR', 'value': '$RET'}]
2026-06-26 13:20:58,154 INFO utils.complier: analyse  formula:[]
2026-06-26 13:20:58,154 INFO utils.complier: analyse  formula:[{'type': 'VARIABLE', 'value': '{{L2C.perf_rd_req}}'}]
2026-06-26 13:20:58,155 INFO utils.complier: analyse  formula:[]
2026-06-26 13:20:58,155 INFO utils.complier: analyse  formula:[]
2026-06-26 13:20:58,155 INFO utils.complier: analyse  formula:[{'type': 'VARIABLE', 'value': '{{L2C.perf_wr_req}}'}]
2026-06-26 13:20:58,155 INFO utils.complier: analyse  formula:[]
2026-06-26 13:20:58,155 INFO utils.complier: analyse  formula:[]
2026-06-26 13:20:58,155 INFO utils.complier: analyse  formula:[{'type': 'PROC_VAR', 'value': '$RET'}]
2026-06-26 13:20:58,155 INFO utils.complier: analyse  formula:[]
2026-06-26 13:20:58,155 INFO utils.complier: analyse  formula:[{'type': 'VARIABLE', 'value': '{{L2C.perf_wr_req}}'}]
2026-06-26 13:20:58,156 INFO utils.complier: analyse  formula:[]
2026-06-26 13:20:58,156 INFO utils.complier: analyse  formula:[]
2026-06-26 13:20:58,156 INFO utils.complier: analyse  formula:[{'type': 'VARIABLE', 'value': '{{L2C.perf_hit}}'}, {'type': 'VARIABLE', 'value': '{{L2C.perf_sector_hit}}'}, {'type': 'VARIABLE', 'value': '{{L2C.perf_miss}}'}]
2026-06-26 13:20:58,156 INFO utils.complier: analyse  formula:[]
2026-06-26 13:20:58,156 INFO utils.complier: analyse  formula:[]
2026-06-26 13:20:58,157 INFO utils.complier: analyse  formula:[{'type': 'PROC_VAR', 'value': '$hit_events'}, {'type': 'PROC_VAR', 'value': '$RET'}, {'type': 'PROC_VAR', 'value': '$hit_events'}, {'type': 'PROC_VAR', 'value': '$hit_events'}]
2026-06-26 13:20:58,157 INFO utils.complier: analyse  formula:[]
2026-06-26 13:20:58,158 INFO utils.complier: analyse  formula:[{'type': 'VARIABLE', 'value': '{{L2C.perf_hit}}'}, {'type': 'VARIABLE', 'value': '{{L2C.perf_sector_hit}}'}, {'type': 'VARIABLE', 'value': '{{L2C.perf_miss}}'}]
2026-06-26 13:20:58,159 INFO utils.complier: analyse  formula:[]
2026-06-26 13:20:58,160 INFO utils.complier: analyse  formula:[]
2026-06-26 13:20:58,160 INFO utils.complier: analyse  formula:[{'type': 'VARIABLE', 'value': '{{SL1.sl1_kcache_total_hit_event}}'}, {'type': 'VARIABLE', 'value': '{{SL1.sl1_kcache_total_hit_on_miss_event}}'}, {'type': 'VARIABLE', 'value': '{{SL1.sl1_kcache_total_miss_event}}'}]
2026-06-26 13:20:58,160 INFO utils.complier: analyse  formula:[]
2026-06-26 13:20:58,160 INFO utils.complier: analyse  formula:[]
2026-06-26 13:20:58,161 INFO utils.complier: analyse  formula:[{'type': 'PROC_VAR', 'value': '$hit'}, {'type': 'PROC_VAR', 'value': '$RET'}, {'type': 'PROC_VAR', 'value': '$hit'}, {'type': 'PROC_VAR', 'value': '$hit'}]
2026-06-26 13:20:58,161 INFO utils.complier: analyse  formula:[]
2026-06-26 13:20:58,161 INFO utils.complier: analyse  formula:[{'type': 'VARIABLE', 'value': '{{SL1.sl1_kcache_total_hit_event}}'}, {'type': 'VARIABLE', 'value': '{{SL1.sl1_kcache_total_hit_on_miss_event}}'}, {'type': 'VARIABLE', 'value': '{{SL1.sl1_kcache_total_miss_event}}'}]
2026-06-26 13:20:58,162 INFO utils.complier: analyse  formula:[]
2026-06-26 13:20:58,163 INFO utils.complier: analyse  formula:[]
2026-06-26 13:20:58,163 INFO utils.complier: analyse  formula:[{'type': 'VARIABLE', 'value': '{{SL1.sl1_kcache_rd}}'}]
2026-06-26 13:20:58,163 INFO utils.complier: analyse  formula:[]
2026-06-26 13:20:58,163 INFO utils.complier: analyse  formula:[]
2026-06-26 13:20:58,163 INFO utils.complier: analyse  formula:[{'type': 'PROC_VAR', 'value': '$RET'}]
2026-06-26 13:20:58,163 INFO utils.complier: analyse  formula:[]
2026-06-26 13:20:58,163 INFO utils.complier: analyse  formula:[{'type': 'VARIABLE', 'value': '{{SL1.sl1_kcache_rd}}'}]
2026-06-26 13:20:58,164 INFO utils.complier: analyse  formula:[]
2026-06-26 13:20:58,164 INFO utils.complier: analyse  formula:[]
2026-06-26 13:20:58,164 INFO utils.complier: analyse  formula:[{'type': 'VARIABLE', 'value': '{{SL1.sl1_kcache_l2_rd}}'}]
2026-06-26 13:20:58,164 INFO utils.complier: analyse  formula:[]
2026-06-26 13:20:58,164 INFO utils.complier: analyse  formula:[]
2026-06-26 13:20:58,164 INFO utils.complier: analyse  formula:[{'type': 'PROC_VAR', 'value': '$RET'}]
2026-06-26 13:20:58,164 INFO utils.complier: analyse  formula:[]
2026-06-26 13:20:58,164 INFO utils.complier: analyse  formula:[{'type': 'VARIABLE', 'value': '{{SL1.sl1_kcache_l2_rd}}'}]
2026-06-26 13:20:58,164 INFO utils.complier: analyse  formula:[]
2026-06-26 13:20:58,165 INFO utils.complier: analyse  formula:[]
2026-06-26 13:20:58,165 INFO utils.complier: analyse  formula:[{'type': 'VARIABLE', 'value': '{{ISU.AP_PERF_INSTS_VALU}}'}, {'type': 'VARIABLE', 'value': '{{ISU.AP_PERF_INSTS_MMA}}'}, {'type': 'VARIABLE', 'value': '{{ISU.AP_PERF_INSTS_SALU}}'}, {'type': 'VARIABLE', 'value': '{{ISU.AP_PERF_INSTS_GVM}}'}, {'type': 'VARIABLE', 'value': '{{ISU.AP_PERF_INSTS_BSM}}'}, {'type': 'VARIABLE', 'value': '{{ISU.AP_PERF_INSTS_LDU}}'}, {'type': 'VARIABLE', 'value': '{{ISU.AP_PERF_INST_MISC}}'}]
2026-06-26 13:20:58,165 INFO utils.complier: analyse  formula:[]
2026-06-26 13:20:58,165 INFO utils.complier: analyse  formula:[]
2026-06-26 13:20:58,167 INFO utils.complier: analyse  formula:[{'type': 'PROC_VAR', 'value': '$RET'}]
2026-06-26 13:20:58,167 INFO utils.complier: analyse  formula:[]
2026-06-26 13:20:58,167 INFO utils.complier: analyse  formula:[{'type': 'VARIABLE', 'value': '{{ISU.AP_PERF_INSTS_VALU}}'}, {'type': 'VARIABLE', 'value': '{{ISU.AP_PERF_INSTS_MMA}}'}, {'type': 'VARIABLE', 'value': '{{ISU.AP_PERF_INSTS_SALU}}'}, {'type': 'VARIABLE', 'value': '{{ISU.AP_PERF_INSTS_GVM}}'}, {'type': 'VARIABLE', 'value': '{{ISU.AP_PERF_INSTS_BSM}}'}, {'type': 'VARIABLE', 'value': '{{ISU.AP_PERF_INSTS_LDU}}'}, {'type': 'VARIABLE', 'value': '{{ISU.AP_PERF_INST_MISC}}'}]
2026-06-26 13:20:58,168 INFO utils.complier: analyse  formula:[]
2026-06-26 13:20:58,169 INFO utils.complier: analyse  formula:[]
2026-06-26 13:20:58,169 INFO utils.complier: analyse  formula:[]
2026-06-26 13:20:58,169 INFO utils.complier: analyse  formula:[]
2026-06-26 13:20:58,169 INFO utils.complier: analyse  formula:[{'type': 'PRE_VAR', 'value': '@compute_instructions'}, {'type': 'PRE_VAR', 'value': '@memory_instructions'}]
2026-06-26 13:20:58,169 INFO utils.complier: analyse  formula:[{'type': 'PROC_VAR', 'value': '$RET'}]
2026-06-26 13:20:58,169 INFO utils.complier: analyse  formula:[]
2026-06-26 13:20:58,169 INFO utils.complier: analyse  formula:[]
2026-06-26 13:20:58,170 INFO utils.complier: analyse  formula:[{'type': 'PRE_VAR', 'value': '@compute_instructions'}, {'type': 'PRE_VAR', 'value': '@memory_instructions'}]
2026-06-26 13:20:58,170 INFO utils.complier: analyse  formula:[]
2026-06-26 13:20:58,170 INFO utils.complier: analyse  formula:[]
2026-06-26 13:20:58,170 INFO utils.complier: analyse  formula:[]
2026-06-26 13:20:58,170 INFO utils.complier: analyse  formula:[{'type': 'PRE_VAR', 'value': '@compute_instructions'}]
2026-06-26 13:20:58,170 INFO utils.complier: analyse  formula:[{'type': 'PROC_VAR', 'value': '$RET'}]
2026-06-26 13:20:58,170 INFO utils.complier: analyse  formula:[]
2026-06-26 13:20:58,170 INFO utils.complier: analyse  formula:[]
2026-06-26 13:20:58,170 INFO utils.complier: analyse  formula:[{'type': 'PRE_VAR', 'value': '@compute_instructions'}]
2026-06-26 13:20:58,171 INFO utils.complier: analyse  formula:[]
2026-06-26 13:20:58,171 INFO utils.complier: analyse  formula:[]
2026-06-26 13:20:58,171 INFO utils.complier: analyse  formula:[]
2026-06-26 13:20:58,171 INFO utils.complier: analyse  formula:[{'type': 'PRE_VAR', 'value': '@memory_instructions'}]
2026-06-26 13:20:58,171 INFO utils.complier: analyse  formula:[{'type': 'PROC_VAR', 'value': '$RET'}]
2026-06-26 13:20:58,171 INFO utils.complier: analyse  formula:[]
2026-06-26 13:20:58,171 INFO utils.complier: analyse  formula:[]
2026-06-26 13:20:58,171 INFO utils.complier: analyse  formula:[{'type': 'PRE_VAR', 'value': '@memory_instructions'}]
2026-06-26 13:20:58,171 INFO utils.complier: analyse  formula:[]
2026-06-26 13:20:58,171 INFO utils.complier: analyse  formula:[{'type': 'VARIABLE', 'value': '{{CE.CE_PERF_BUSY_CYCLES}}'}]
2026-06-26 13:20:58,171 INFO utils.complier: analyse  formula:[]
2026-06-26 13:20:58,171 INFO utils.complier: analyse  formula:[]
2026-06-26 13:20:58,172 INFO utils.complier: analyse  formula:[{'type': 'PROC_VAR', 'value': '$RET'}]
2026-06-26 13:20:58,172 INFO utils.complier: analyse  formula:[]
2026-06-26 13:20:58,172 INFO utils.complier: analyse  formula:[{'type': 'VARIABLE', 'value': '{{CE.CE_PERF_BUSY_CYCLES}}'}]
2026-06-26 13:20:58,172 INFO utils.complier: analyse  formula:[]
2026-06-26 13:20:58,172 INFO utils.complier: analyse  formula:[]
2026-06-26 13:20:58,173 INFO utils.complier: analyse  formula:[{'type': 'VARIABLE', 'value': '{{L2C.perf_dnoc_rdreq_32B}}'}, {'type': 'VARIABLE', 'value': '{{L2C.perf_dnoc_rdreq_64B}}'}, {'type': 'VARIABLE', 'value': '{{L2C.perf_dnoc_rdreq_128B}}'}, {'type': 'VARIABLE', 'value': '{{L2C.perf_dnoc_wrreq_32B_low}}'}, {'type': 'VARIABLE', 'value': '{{L2C.perf_dnoc_wrreq_32B_high}}'}, {'type': 'VARIABLE', 'value': '{{L2C.perf_dnoc_wrreq_64B}}'}, {'type': 'VARIABLE', 'value': '{{L2C.perf_dnoc_wrreq_128B}}'}, {'type': 'VARIABLE', 'value': '{{ISU.AP_PERF_ISU_AP_BUSY}}'}]
2026-06-26 13:20:58,173 INFO utils.complier: analyse  formula:[]
2026-06-26 13:20:58,173 INFO utils.complier: analyse  formula:[]
2026-06-26 13:20:58,174 INFO utils.complier: analyse  formula:[{'type': 'PROC_VAR', 'value': '$ma'}, {'type': 'PROC_VAR', 'value': '$RET'}, {'type': 'PROC_VAR', 'value': '$ma'}]
2026-06-26 13:20:58,175 INFO utils.complier: analyse  formula:[]
2026-06-26 13:20:58,175 INFO utils.complier: analyse  formula:[{'type': 'VARIABLE', 'value': '{{L2C.perf_dnoc_rdreq_32B}}'}, {'type': 'VARIABLE', 'value': '{{L2C.perf_dnoc_rdreq_64B}}'}, {'type': 'VARIABLE', 'value': '{{L2C.perf_dnoc_rdreq_128B}}'}, {'type': 'VARIABLE', 'value': '{{L2C.perf_dnoc_wrreq_32B_low}}'}, {'type': 'VARIABLE', 'value': '{{L2C.perf_dnoc_wrreq_32B_high}}'}, {'type': 'VARIABLE', 'value': '{{L2C.perf_dnoc_wrreq_64B}}'}, {'type': 'VARIABLE', 'value': '{{L2C.perf_dnoc_wrreq_128B}}'}, {'type': 'VARIABLE', 'value': '{{ISU.AP_PERF_ISU_AP_BUSY}}'}]
2026-06-26 13:20:58,177 INFO utils.complier: analyse  formula:[]
2026-06-26 13:20:58,178 INFO utils.complier: analyse  formula:[]
2026-06-26 13:20:58,178 INFO utils.complier: analyse  formula:[{'type': 'VARIABLE', 'value': '{{ISU.AP_PERF_ISU_AP_BUSY}}'}]
2026-06-26 13:20:58,178 INFO utils.complier: analyse  formula:[]
2026-06-26 13:20:58,179 INFO utils.complier: analyse  formula:[]
2026-06-26 13:20:58,179 INFO utils.complier: analyse  formula:[{'type': 'PROC_VAR', 'value': '$valid_ap_busy'}, {'type': 'PROC_VAR', 'value': '$RET'}, {'type': 'PROC_VAR', 'value': '$valid_ap_busy'}, {'type': 'PROC_VAR', 'value': '$valid_ap_busy'}]
2026-06-26 13:20:58,180 INFO utils.complier: analyse  formula:[]
2026-06-26 13:20:58,181 INFO utils.complier: analyse  formula:[{'type': 'VARIABLE', 'value': '{{ISU.AP_PERF_ISU_AP_BUSY}}'}]
2026-06-26 13:20:58,182 INFO utils.complier: analyse  formula:[]
2026-06-26 13:20:58,182 INFO utils.complier: analyse  formula:[]
2026-06-26 13:20:58,183 INFO utils.complier: analyse  formula:[{'type': 'VARIABLE', 'value': '{{ISU.AP_PERF_ISU_AP_BUSY}}'}, {'type': 'VARIABLE', 'value': '{{CE.CE_PERF_BUSY_CYCLES}}'}]
2026-06-26 13:20:58,183 INFO utils.complier: analyse  formula:[]
2026-06-26 13:20:58,183 INFO utils.complier: analyse  formula:[]
2026-06-26 13:20:58,183 INFO utils.complier: analyse  formula:[{'type': 'PROC_VAR', 'value': '$RET'}]
2026-06-26 13:20:58,183 INFO utils.complier: analyse  formula:[]
2026-06-26 13:20:58,183 INFO utils.complier: analyse  formula:[{'type': 'VARIABLE', 'value': '{{ISU.AP_PERF_ISU_AP_BUSY}}'}, {'type': 'VARIABLE', 'value': '{{CE.CE_PERF_BUSY_CYCLES}}'}]
2026-06-26 13:20:58,184 INFO utils.complier: analyse  formula:[]
2026-06-26 13:20:58,184 INFO utils.complier: analyse  formula:[]
2026-06-26 13:20:58,184 INFO utils.complier: analyse  formula:[{'type': 'VARIABLE', 'value': '{{ISU.AP_PERF_INST_CYCLES_VALU}}'}, {'type': 'VARIABLE', 'value': '{{ISU.AP_PERF_INST_CYCLES_MMA}}'}, {'type': 'VARIABLE', 'value': '{{ISU.AP_PERF_ISU_AP_BUSY}}'}]
2026-06-26 13:20:58,184 INFO utils.complier: analyse  formula:[]
2026-06-26 13:20:58,184 INFO utils.complier: analyse  formula:[]
2026-06-26 13:20:58,186 INFO utils.complier: analyse  formula:[{'type': 'PROC_VAR', 'value': '$RET'}]
2026-06-26 13:20:58,186 INFO utils.complier: analyse  formula:[]
2026-06-26 13:20:58,186 INFO utils.complier: analyse  formula:[{'type': 'VARIABLE', 'value': '{{ISU.AP_PERF_INST_CYCLES_VALU}}'}, {'type': 'VARIABLE', 'value': '{{ISU.AP_PERF_INST_CYCLES_MMA}}'}, {'type': 'VARIABLE', 'value': '{{ISU.AP_PERF_ISU_AP_BUSY}}'}]
2026-06-26 13:20:58,187 INFO utils.complier: analyse  formula:[]
2026-06-26 13:20:58,187 INFO utils.complier: analyse  formula:[]
2026-06-26 13:20:58,187 INFO utils.complier: analyse  formula:[{'type': 'VARIABLE', 'value': '{{CE.CE_PERF_SEND_RM_WORKGROUPS}}'}]
2026-06-26 13:20:58,187 INFO utils.complier: analyse  formula:[]
2026-06-26 13:20:58,187 INFO utils.complier: analyse  formula:[]
2026-06-26 13:20:58,188 INFO utils.complier: analyse  formula:[{'type': 'PROC_VAR', 'value': '$RET'}]
2026-06-26 13:20:58,188 INFO utils.complier: analyse  formula:[]
2026-06-26 13:20:58,188 INFO utils.complier: analyse  formula:[{'type': 'VARIABLE', 'value': '{{CE.CE_PERF_SEND_RM_WORKGROUPS}}'}]
2026-06-26 13:20:58,188 INFO utils.complier: analyse  formula:[]
2026-06-26 13:20:58,188 INFO utils.complier: analyse  formula:[]
2026-06-26 13:20:58,188 INFO utils.complier: analyse  formula:[{'type': 'VARIABLE', 'value': '{{CE.CE_PERF_SEND_RM_WAVES}}'}]
2026-06-26 13:20:58,188 INFO utils.complier: analyse  formula:[]
2026-06-26 13:20:58,188 INFO utils.complier: analyse  formula:[]
2026-06-26 13:20:58,188 INFO utils.complier: analyse  formula:[{'type': 'PROC_VAR', 'value': '$RET'}]
2026-06-26 13:20:58,189 INFO utils.complier: analyse  formula:[]
2026-06-26 13:20:58,189 INFO utils.complier: analyse  formula:[{'type': 'VARIABLE', 'value': '{{CE.CE_PERF_SEND_RM_WAVES}}'}]
2026-06-26 13:20:58,189 INFO utils.complier: analyse  formula:[]
2026-06-26 13:20:58,189 INFO utils.complier: analyse  formula:[]
2026-06-26 13:20:58,189 INFO utils.complier: analyse  formula:[{'type': 'VARIABLE', 'value': '{{RM.RM_PERF_WAVES_InFlight_Level_P0}}'}, {'type': 'VARIABLE', 'value': '{{RM.RM_PERF_WAVES_InFlight_Level_P1}}'}, {'type': 'VARIABLE', 'value': '{{RM.RM_PERF_WAVES_InFlight_Level_P2}}'}, {'type': 'VARIABLE', 'value': '{{RM.RM_PERF_WAVES_InFlight_Level_P3}}'}, {'type': 'VARIABLE', 'value': '{{CE.CE_PERF_SEND_RM_WAVES}}'}]
2026-06-26 13:20:58,189 INFO utils.complier: analyse  formula:[]
2026-06-26 13:20:58,190 INFO utils.complier: analyse  formula:[]
2026-06-26 13:20:58,190 INFO utils.complier: analyse  formula:[{'type': 'PROC_VAR', 'value': '$RET'}]
2026-06-26 13:20:58,190 INFO utils.complier: analyse  formula:[]
2026-06-26 13:20:58,190 INFO utils.complier: analyse  formula:[{'type': 'VARIABLE', 'value': '{{RM.RM_PERF_WAVES_InFlight_Level_P0}}'}, {'type': 'VARIABLE', 'value': '{{RM.RM_PERF_WAVES_InFlight_Level_P1}}'}, {'type': 'VARIABLE', 'value': '{{RM.RM_PERF_WAVES_InFlight_Level_P2}}'}, {'type': 'VARIABLE', 'value': '{{RM.RM_PERF_WAVES_InFlight_Level_P3}}'}, {'type': 'VARIABLE', 'value': '{{CE.CE_PERF_SEND_RM_WAVES}}'}]
2026-06-26 13:20:58,191 INFO utils.complier: analyse  formula:[]
2026-06-26 13:20:58,191 INFO utils.complier: analyse  formula:[]
2026-06-26 13:20:58,192 INFO utils.complier: analyse  formula:[{'type': 'VARIABLE', 'value': '{{ISU.AP_PERF_INST_CYCLES_VALU_4CYCLES}}'}, {'type': 'VARIABLE', 'value': '{{ISU.AP_PERF_INST_CYCLES_VALU_16CYCLES}}'}, {'type': 'VARIABLE', 'value': '{{ISU.AP_PERF_INST_CYCLES_MMA_16CYCLES}}'}, {'type': 'VARIABLE', 'value': '{{ISU.AP_PERF_INST_CYCLES_MMA_32CYCLES}}'}]
2026-06-26 13:20:58,193 INFO utils.complier: analyse  formula:[]
2026-06-26 13:20:58,194 INFO utils.complier: analyse  formula:[]
2026-06-26 13:20:58,196 INFO utils.complier: analyse  formula:[{'type': 'PROC_VAR', 'value': '$valu_4'}, {'type': 'PROC_VAR', 'value': '$valu_16'}, {'type': 'PROC_VAR', 'value': '$mma_16'}, {'type': 'PROC_VAR', 'value': '$mma_32'}, {'type': 'PROC_VAR', 'value': '$RET'}, {'type': 'PROC_VAR', 'value': '$valu_4'}, {'type': 'PROC_VAR', 'value': '$valu_16'}, {'type': 'PROC_VAR', 'value': '$mma_16'}, {'type': 'PROC_VAR', 'value': '$mma_32'}]
2026-06-26 13:20:58,197 INFO utils.complier: analyse  formula:[]
2026-06-26 13:20:58,199 INFO utils.complier: analyse  formula:[{'type': 'VARIABLE', 'value': '{{ISU.AP_PERF_INST_CYCLES_VALU_4CYCLES}}'}, {'type': 'VARIABLE', 'value': '{{ISU.AP_PERF_INST_CYCLES_VALU_16CYCLES}}'}, {'type': 'VARIABLE', 'value': '{{ISU.AP_PERF_INST_CYCLES_MMA_16CYCLES}}'}, {'type': 'VARIABLE', 'value': '{{ISU.AP_PERF_INST_CYCLES_MMA_32CYCLES}}'}]
2026-06-26 13:20:58,201 INFO utils.complier: analyse  formula:[]
2026-06-26 13:20:58,203 INFO utils.complier: analyse  formula:[]
2026-06-26 13:20:58,235 DEBUG urllib3.connectionpool: Starting new HTTP connection (1): 127.0.0.1:50123
2026-06-26 13:20:58,259 DEBUG matplotlib.font_manager: findfont: Matching sans\-serif:style=normal:variant=normal:weight=normal:stretch=normal:size=12.0.
2026-06-26 13:20:58,261 DEBUG matplotlib.font_manager: findfont: score(<Font 'STIXSizeThreeSym' (STIXSizThreeSymReg.ttf) normal normal 400 normal>) = 10.05
2026-06-26 13:20:58,261 DEBUG matplotlib.font_manager: findfont: score(<Font 'STIXSizeTwoSym' (STIXSizTwoSymBol.ttf) normal normal 700 normal>) = 10.335
2026-06-26 13:20:58,261 DEBUG matplotlib.font_manager: findfont: score(<Font 'STIXSizeThreeSym' (STIXSizThreeSymBol.ttf) normal normal 700 normal>) = 10.335
2026-06-26 13:20:58,261 DEBUG matplotlib.font_manager: findfont: score(<Font 'cmex10' (cmex10.ttf) normal normal 400 normal>) = 10.05
2026-06-26 13:20:58,262 DEBUG matplotlib.font_manager: findfont: score(<Font 'DejaVu Sans' (DejaVuSans-BoldOblique.ttf) oblique normal 700 normal>) = 1.335
2026-06-26 13:20:58,262 DEBUG matplotlib.font_manager: findfont: score(<Font 'DejaVu Serif' (DejaVuSerif.ttf) normal normal 400 normal>) = 10.05
2026-06-26 13:20:58,262 DEBUG matplotlib.font_manager: findfont: score(<Font 'STIXSizeFourSym' (STIXSizFourSymBol.ttf) normal normal 700 normal>) = 10.335
2026-06-26 13:20:58,262 DEBUG matplotlib.font_manager: findfont: score(<Font 'DejaVu Sans' (DejaVuSans-Oblique.ttf) oblique normal 400 normal>) = 1.05
2026-06-26 13:20:58,262 DEBUG matplotlib.font_manager: findfont: score(<Font 'DejaVu Sans Mono' (DejaVuSansMono.ttf) normal normal 400 normal>) = 10.05
2026-06-26 13:20:58,262 DEBUG matplotlib.font_manager: findfont: score(<Font 'STIXGeneral' (STIXGeneralBol.ttf) normal normal 700 normal>) = 10.335
2026-06-26 13:20:58,262 DEBUG matplotlib.font_manager: findfont: score(<Font 'STIXSizeFourSym' (STIXSizFourSymReg.ttf) normal normal 400 normal>) = 10.05
2026-06-26 13:20:58,262 DEBUG matplotlib.font_manager: findfont: score(<Font 'cmmi10' (cmmi10.ttf) normal normal 400 normal>) = 10.05
2026-06-26 13:20:58,262 DEBUG matplotlib.font_manager: findfont: score(<Font 'STIXSizeOneSym' (STIXSizOneSymBol.ttf) normal normal 700 normal>) = 10.335
2026-06-26 13:20:58,262 DEBUG matplotlib.font_manager: findfont: score(<Font 'STIXGeneral' (STIXGeneral.ttf) normal normal 400 normal>) = 10.05
2026-06-26 13:20:58,262 DEBUG matplotlib.font_manager: findfont: score(<Font 'cmss10' (cmss10.ttf) normal normal 400 normal>) = 10.05
2026-06-26 13:20:58,262 DEBUG matplotlib.font_manager: findfont: score(<Font 'DejaVu Serif' (DejaVuSerif-Italic.ttf) italic normal 400 normal>) = 11.05
2026-06-26 13:20:58,262 DEBUG matplotlib.font_manager: findfont: score(<Font 'STIXSizeFiveSym' (STIXSizFiveSymReg.ttf) normal normal 400 normal>) = 10.05
2026-06-26 13:20:58,262 DEBUG matplotlib.font_manager: findfont: score(<Font 'DejaVu Sans Display' (DejaVuSansDisplay.ttf) normal normal 400 normal>) = 10.05
2026-06-26 13:20:58,263 DEBUG matplotlib.font_manager: findfont: score(<Font 'STIXGeneral' (STIXGeneralItalic.ttf) italic normal 400 normal>) = 11.05
2026-06-26 13:20:58,263 DEBUG matplotlib.font_manager: findfont: score(<Font 'STIXNonUnicode' (STIXNonUniBolIta.ttf) italic normal 700 normal>) = 11.335
2026-06-26 13:20:58,263 DEBUG matplotlib.font_manager: findfont: score(<Font 'DejaVu Sans Mono' (DejaVuSansMono-Bold.ttf) normal normal 700 normal>) = 10.335
2026-06-26 13:20:58,263 DEBUG matplotlib.font_manager: findfont: score(<Font 'STIXNonUnicode' (STIXNonUniIta.ttf) italic normal 400 normal>) = 11.05
2026-06-26 13:20:58,263 DEBUG matplotlib.font_manager: findfont: score(<Font 'DejaVu Serif' (DejaVuSerif-Bold.ttf) normal normal 700 normal>) = 10.335
2026-06-26 13:20:58,263 DEBUG matplotlib.font_manager: findfont: score(<Font 'cmb10' (cmb10.ttf) normal normal 400 normal>) = 10.05
2026-06-26 13:20:58,263 DEBUG matplotlib.font_manager: findfont: score(<Font 'cmtt10' (cmtt10.ttf) normal normal 400 normal>) = 10.05
2026-06-26 13:20:58,263 DEBUG matplotlib.font_manager: findfont: score(<Font 'STIXGeneral' (STIXGeneralBolIta.ttf) italic normal 700 normal>) = 11.335
2026-06-26 13:20:58,263 DEBUG matplotlib.font_manager: findfont: score(<Font 'STIXSizeTwoSym' (STIXSizTwoSymReg.ttf) normal normal 400 normal>) = 10.05
2026-06-26 13:20:58,263 DEBUG matplotlib.font_manager: findfont: score(<Font 'DejaVu Serif' (DejaVuSerif-BoldItalic.ttf) italic normal 700 normal>) = 11.335
2026-06-26 13:20:58,263 DEBUG matplotlib.font_manager: findfont: score(<Font 'STIXNonUnicode' (STIXNonUniBol.ttf) normal normal 700 normal>) = 10.335
2026-06-26 13:20:58,263 DEBUG matplotlib.font_manager: findfont: score(<Font 'cmr10' (cmr10.ttf) normal normal 400 normal>) = 10.05
2026-06-26 13:20:58,263 DEBUG matplotlib.font_manager: findfont: score(<Font 'DejaVu Serif Display' (DejaVuSerifDisplay.ttf) normal normal 400 normal>) = 10.05
2026-06-26 13:20:58,263 DEBUG matplotlib.font_manager: findfont: score(<Font 'DejaVu Sans Mono' (DejaVuSansMono-BoldOblique.ttf) oblique normal 700 normal>) = 11.335
2026-06-26 13:20:58,263 DEBUG matplotlib.font_manager: findfont: score(<Font 'STIXSizeOneSym' (STIXSizOneSymReg.ttf) normal normal 400 normal>) = 10.05
2026-06-26 13:20:58,263 DEBUG matplotlib.font_manager: findfont: score(<Font 'DejaVu Sans Mono' (DejaVuSansMono-Oblique.ttf) oblique normal 400 normal>) = 11.05
2026-06-26 13:20:58,263 DEBUG matplotlib.font_manager: findfont: score(<Font 'STIXNonUnicode' (STIXNonUni.ttf) normal normal 400 normal>) = 10.05
2026-06-26 13:20:58,263 DEBUG matplotlib.font_manager: findfont: score(<Font 'cmsy10' (cmsy10.ttf) normal normal 400 normal>) = 10.05
2026-06-26 13:20:58,263 DEBUG matplotlib.font_manager: findfont: score(<Font 'DejaVu Sans' (DejaVuSans.ttf) normal normal 400 normal>) = 0.05
2026-06-26 13:20:58,263 DEBUG matplotlib.font_manager: findfont: score(<Font 'DejaVu Sans' (DejaVuSans-Bold.ttf) normal normal 700 normal>) = 0.33499999999999996
2026-06-26 13:20:58,263 DEBUG matplotlib.font_manager: findfont: score(<Font 'DejaVu Sans' (DejaVuSans.ttf) normal normal 400 normal>) = 0.05
2026-06-26 13:20:58,263 DEBUG matplotlib.font_manager: findfont: score(<Font 'DejaVu Sans' (DejaVuSans-Bold.ttf) normal normal 700 normal>) = 0.33499999999999996
2026-06-26 13:20:58,263 DEBUG matplotlib.font_manager: findfont: score(<Font 'DejaVu Sans Mono' (DejaVuSansMono.ttf) normal normal 400 normal>) = 10.05
2026-06-26 13:20:58,263 DEBUG matplotlib.font_manager: findfont: score(<Font 'DejaVu Serif' (DejaVuSerif-Bold.ttf) normal normal 700 normal>) = 10.335
2026-06-26 13:20:58,263 DEBUG matplotlib.font_manager: findfont: score(<Font 'DejaVu Sans Mono' (DejaVuSansMono-Bold.ttf) normal normal 700 normal>) = 10.335
2026-06-26 13:20:58,263 DEBUG matplotlib.font_manager: findfont: score(<Font 'DejaVu Serif' (DejaVuSerif.ttf) normal normal 400 normal>) = 10.05
2026-06-26 13:20:58,263 DEBUG matplotlib.font_manager: findfont: Matching sans\-serif:style=normal:variant=normal:weight=normal:stretch=normal:size=12.0 to DejaVu Sans ('/tmp/_MEIl3XpmA/matplotlib/mpl-data/fonts/ttf/DejaVuSans.ttf') with score of 0.050000.
2026-06-26 13:20:58,267 DEBUG matplotlib.font_manager: findfont: Matching sans\-serif:style=normal:variant=normal:weight=normal:stretch=normal:size=10.0.
2026-06-26 13:20:58,267 DEBUG matplotlib.font_manager: findfont: score(<Font 'STIXSizeThreeSym' (STIXSizThreeSymReg.ttf) normal normal 400 normal>) = 10.05
2026-06-26 13:20:58,267 DEBUG matplotlib.font_manager: findfont: score(<Font 'STIXSizeTwoSym' (STIXSizTwoSymBol.ttf) normal normal 700 normal>) = 10.335
2026-06-26 13:20:58,267 DEBUG matplotlib.font_manager: findfont: score(<Font 'STIXSizeThreeSym' (STIXSizThreeSymBol.ttf) normal normal 700 normal>) = 10.335
2026-06-26 13:20:58,267 DEBUG matplotlib.font_manager: findfont: score(<Font 'cmex10' (cmex10.ttf) normal normal 400 normal>) = 10.05
2026-06-26 13:20:58,268 DEBUG matplotlib.font_manager: findfont: score(<Font 'DejaVu Sans' (DejaVuSans-BoldOblique.ttf) oblique normal 700 normal>) = 1.335
2026-06-26 13:20:58,268 DEBUG matplotlib.font_manager: findfont: score(<Font 'DejaVu Serif' (DejaVuSerif.ttf) normal normal 400 normal>) = 10.05
2026-06-26 13:20:58,268 DEBUG matplotlib.font_manager: findfont: score(<Font 'STIXSizeFourSym' (STIXSizFourSymBol.ttf) normal normal 700 normal>) = 10.335
2026-06-26 13:20:58,268 DEBUG matplotlib.font_manager: findfont: score(<Font 'DejaVu Sans' (DejaVuSans-Oblique.ttf) oblique normal 400 normal>) = 1.05
2026-06-26 13:20:58,268 DEBUG matplotlib.font_manager: findfont: score(<Font 'DejaVu Sans Mono' (DejaVuSansMono.ttf) normal normal 400 normal>) = 10.05
2026-06-26 13:20:58,268 DEBUG matplotlib.font_manager: findfont: score(<Font 'STIXGeneral' (STIXGeneralBol.ttf) normal normal 700 normal>) = 10.335
2026-06-26 13:20:58,268 DEBUG matplotlib.font_manager: findfont: score(<Font 'STIXSizeFourSym' (STIXSizFourSymReg.ttf) normal normal 400 normal>) = 10.05
2026-06-26 13:20:58,268 DEBUG matplotlib.font_manager: findfont: score(<Font 'cmmi10' (cmmi10.ttf) normal normal 400 normal>) = 10.05
2026-06-26 13:20:58,269 DEBUG matplotlib.font_manager: findfont: score(<Font 'STIXSizeOneSym' (STIXSizOneSymBol.ttf) normal normal 700 normal>) = 10.335
2026-06-26 13:20:58,269 DEBUG matplotlib.font_manager: findfont: score(<Font 'STIXGeneral' (STIXGeneral.ttf) normal normal 400 normal>) = 10.05
2026-06-26 13:20:58,269 DEBUG matplotlib.font_manager: findfont: score(<Font 'cmss10' (cmss10.ttf) normal normal 400 normal>) = 10.05
2026-06-26 13:20:58,269 DEBUG matplotlib.font_manager: findfont: score(<Font 'DejaVu Serif' (DejaVuSerif-Italic.ttf) italic normal 400 normal>) = 11.05
2026-06-26 13:20:58,269 DEBUG matplotlib.font_manager: findfont: score(<Font 'STIXSizeFiveSym' (STIXSizFiveSymReg.ttf) normal normal 400 normal>) = 10.05
2026-06-26 13:20:58,269 DEBUG matplotlib.font_manager: findfont: score(<Font 'DejaVu Sans Display' (DejaVuSansDisplay.ttf) normal normal 400 normal>) = 10.05
2026-06-26 13:20:58,269 DEBUG matplotlib.font_manager: findfont: score(<Font 'STIXGeneral' (STIXGeneralItalic.ttf) italic normal 400 normal>) = 11.05
2026-06-26 13:20:58,269 DEBUG matplotlib.font_manager: findfont: score(<Font 'STIXNonUnicode' (STIXNonUniBolIta.ttf) italic normal 700 normal>) = 11.335
2026-06-26 13:20:58,269 DEBUG matplotlib.font_manager: findfont: score(<Font 'DejaVu Sans Mono' (DejaVuSansMono-Bold.ttf) normal normal 700 normal>) = 10.335
2026-06-26 13:20:58,269 DEBUG matplotlib.font_manager: findfont: score(<Font 'STIXNonUnicode' (STIXNonUniIta.ttf) italic normal 400 normal>) = 11.05
2026-06-26 13:20:58,269 DEBUG matplotlib.font_manager: findfont: score(<Font 'DejaVu Serif' (DejaVuSerif-Bold.ttf) normal normal 700 normal>) = 10.335
2026-06-26 13:20:58,269 DEBUG matplotlib.font_manager: findfont: score(<Font 'cmb10' (cmb10.ttf) normal normal 400 normal>) = 10.05
2026-06-26 13:20:58,269 DEBUG matplotlib.font_manager: findfont: score(<Font 'cmtt10' (cmtt10.ttf) normal normal 400 normal>) = 10.05
2026-06-26 13:20:58,269 DEBUG matplotlib.font_manager: findfont: score(<Font 'STIXGeneral' (STIXGeneralBolIta.ttf) italic normal 700 normal>) = 11.335
2026-06-26 13:20:58,269 DEBUG matplotlib.font_manager: findfont: score(<Font 'STIXSizeTwoSym' (STIXSizTwoSymReg.ttf) normal normal 400 normal>) = 10.05
2026-06-26 13:20:58,269 DEBUG matplotlib.font_manager: findfont: score(<Font 'DejaVu Serif' (DejaVuSerif-BoldItalic.ttf) italic normal 700 normal>) = 11.335
2026-06-26 13:20:58,269 DEBUG matplotlib.font_manager: findfont: score(<Font 'STIXNonUnicode' (STIXNonUniBol.ttf) normal normal 700 normal>) = 10.335
2026-06-26 13:20:58,269 DEBUG matplotlib.font_manager: findfont: score(<Font 'cmr10' (cmr10.ttf) normal normal 400 normal>) = 10.05
2026-06-26 13:20:58,269 DEBUG matplotlib.font_manager: findfont: score(<Font 'DejaVu Serif Display' (DejaVuSerifDisplay.ttf) normal normal 400 normal>) = 10.05
2026-06-26 13:20:58,269 DEBUG matplotlib.font_manager: findfont: score(<Font 'DejaVu Sans Mono' (DejaVuSansMono-BoldOblique.ttf) oblique normal 700 normal>) = 11.335
2026-06-26 13:20:58,269 DEBUG matplotlib.font_manager: findfont: score(<Font 'STIXSizeOneSym' (STIXSizOneSymReg.ttf) normal normal 400 normal>) = 10.05
2026-06-26 13:20:58,270 DEBUG matplotlib.font_manager: findfont: score(<Font 'DejaVu Sans Mono' (DejaVuSansMono-Oblique.ttf) oblique normal 400 normal>) = 11.05
2026-06-26 13:20:58,270 DEBUG matplotlib.font_manager: findfont: score(<Font 'STIXNonUnicode' (STIXNonUni.ttf) normal normal 400 normal>) = 10.05
2026-06-26 13:20:58,270 DEBUG matplotlib.font_manager: findfont: score(<Font 'cmsy10' (cmsy10.ttf) normal normal 400 normal>) = 10.05
2026-06-26 13:20:58,270 DEBUG matplotlib.font_manager: findfont: score(<Font 'DejaVu Sans' (DejaVuSans.ttf) normal normal 400 normal>) = 0.05
2026-06-26 13:20:58,270 DEBUG matplotlib.font_manager: findfont: score(<Font 'DejaVu Sans' (DejaVuSans-Bold.ttf) normal normal 700 normal>) = 0.33499999999999996
2026-06-26 13:20:58,270 DEBUG matplotlib.font_manager: findfont: score(<Font 'DejaVu Sans' (DejaVuSans.ttf) normal normal 400 normal>) = 0.05
2026-06-26 13:20:58,270 DEBUG matplotlib.font_manager: findfont: score(<Font 'DejaVu Sans' (DejaVuSans-Bold.ttf) normal normal 700 normal>) = 0.33499999999999996
2026-06-26 13:20:58,270 DEBUG matplotlib.font_manager: findfont: score(<Font 'DejaVu Sans Mono' (DejaVuSansMono.ttf) normal normal 400 normal>) = 10.05
2026-06-26 13:20:58,270 DEBUG matplotlib.font_manager: findfont: score(<Font 'DejaVu Serif' (DejaVuSerif-Bold.ttf) normal normal 700 normal>) = 10.335
2026-06-26 13:20:58,270 DEBUG matplotlib.font_manager: findfont: score(<Font 'DejaVu Sans Mono' (DejaVuSansMono-Bold.ttf) normal normal 700 normal>) = 10.335
2026-06-26 13:20:58,270 DEBUG matplotlib.font_manager: findfont: score(<Font 'DejaVu Serif' (DejaVuSerif.ttf) normal normal 400 normal>) = 10.05
2026-06-26 13:20:58,270 DEBUG matplotlib.font_manager: findfont: Matching sans\-serif:style=normal:variant=normal:weight=normal:stretch=normal:size=10.0 to DejaVu Sans ('/tmp/_MEIl3XpmA/matplotlib/mpl-data/fonts/ttf/DejaVuSans.ttf') with score of 0.050000.
2026-06-26 13:20:58,320 INFO werkzeug: 127.0.0.1 - - [26/Jun/2026 13:20:58] "GET /perf_progress?exec_id=20bd6103-bf98-40b8-91fe-5727129c5c18 HTTP/1.1" 200 -
2026-06-26 13:20:58,320 DEBUG urllib3.connectionpool: http://127.0.0.1:50123 "GET /perf_progress?exec_id=20bd6103-bf98-40b8-91fe-5727129c5c18 HTTP/1.1" 200 9921
2026-06-26 13:20:58,333 INFO utils.complier: analyse  formula:[{'type': 'VARIABLE_DICT', 'value': '{{{ISU.AP_PERF_INST_CYCLES_MMA}}}'}, {'type': 'VARIABLE_DICT', 'value': '{{{ISU.AP_PERF_INST_CYCLES_MMA}}}'}, {'type': 'VARIABLE_DICT', 'value': '{{{ISU.AP_PERF_INST_CYCLES_VALU}}}'}]
2026-06-26 13:20:58,333 INFO utils.complier: analyse  formula:[]
2026-06-26 13:20:58,334 INFO utils.complier: analyse  formula:[]
2026-06-26 13:20:58,335 INFO utils.complier: analyse  formula:[{'type': 'PROC_VAR', 'value': '$dpcs'}, {'type': 'PROC_VAR', 'value': '$RET'}, {'type': 'PROC_VAR', 'value': '$dpcs'}]
2026-06-26 13:20:58,335 INFO utils.complier: analyse  formula:[{'type': 'VARIABLE_DICT', 'value': '{{{ISU.AP_PERF_INST_CYCLES_MMA}}}'}, {'type': 'VARIABLE_DICT', 'value': '{{{ISU.AP_PERF_INST_CYCLES_MMA}}}'}, {'type': 'VARIABLE_DICT', 'value': '{{{ISU.AP_PERF_INST_CYCLES_VALU}}}'}]
2026-06-26 13:20:58,336 INFO utils.complier: analyse  formula:[]
2026-06-26 13:20:58,337 INFO utils.complier: analyse  formula:[]
2026-06-26 13:20:58,338 INFO utils.complier: analyse  formula:[]
2026-06-26 13:20:58,427 INFO utils.complier: analyse  formula:[{'type': 'VARIABLE', 'value': '{{ISU.AP_PERF_INSTS_VALU}}'}, {'type': 'VARIABLE', 'value': '{{ISU.AP_PERF_INSTS_MMA}}'}, {'type': 'VARIABLE', 'value': '{{ISU.AP_PERF_INSTS_SALU}}'}, {'type': 'VARIABLE', 'value': '{{ISU.AP_PERF_INSTS_GVM}}'}, {'type': 'VARIABLE', 'value': '{{ISU.AP_PERF_INSTS_BSM}}'}, {'type': 'VARIABLE', 'value': '{{ISU.AP_PERF_INSTS_LDU}}'}, {'type': 'VARIABLE', 'value': '{{ISU.AP_PERF_INST_MISC}}'}]
2026-06-26 13:20:58,428 INFO utils.complier: analyse  formula:[]
2026-06-26 13:20:58,428 INFO utils.complier: analyse  formula:[]
2026-06-26 13:20:58,431 INFO utils.complier: analyse  formula:[{'type': 'PROC_VAR', 'value': '$valu'}, {'type': 'PROC_VAR', 'value': '$mma'}, {'type': 'PROC_VAR', 'value': '$salu'}, {'type': 'PROC_VAR', 'value': '$gvm'}, {'type': 'PROC_VAR', 'value': '$bsm'}, {'type': 'PROC_VAR', 'value': '$ldu'}, {'type': 'PROC_VAR', 'value': '$misc'}, {'type': 'PROC_VAR', 'value': '$RET'}, {'type': 'PROC_VAR', 'value': '$valu'}, {'type': 'PROC_VAR', 'value': '$mma'}, {'type': 'PROC_VAR', 'value': '$salu'}, {'type': 'PROC_VAR', 'value': '$gvm'}, {'type': 'PROC_VAR', 'value': '$bsm'}, {'type': 'PROC_VAR', 'value': '$ldu'}, {'type': 'PROC_VAR', 'value': '$misc'}]
2026-06-26 13:20:58,433 INFO utils.complier: analyse  formula:[]
2026-06-26 13:20:58,434 INFO utils.complier: analyse  formula:[{'type': 'VARIABLE', 'value': '{{ISU.AP_PERF_INSTS_VALU}}'}, {'type': 'VARIABLE', 'value': '{{ISU.AP_PERF_INSTS_MMA}}'}, {'type': 'VARIABLE', 'value': '{{ISU.AP_PERF_INSTS_SALU}}'}, {'type': 'VARIABLE', 'value': '{{ISU.AP_PERF_INSTS_GVM}}'}, {'type': 'VARIABLE', 'value': '{{ISU.AP_PERF_INSTS_BSM}}'}, {'type': 'VARIABLE', 'value': '{{ISU.AP_PERF_INSTS_LDU}}'}, {'type': 'VARIABLE', 'value': '{{ISU.AP_PERF_INST_MISC}}'}]
2026-06-26 13:20:58,437 INFO utils.complier: analyse  formula:[]
2026-06-26 13:20:58,439 INFO utils.complier: analyse  formula:[]
2026-06-26 13:20:58,525 INFO utils.complier: analyse  formula:[{'type': 'VARIABLE', 'value': '{{ISU.AP_PERF_ISU_ARB_WSM_STALL}}'}, {'type': 'VARIABLE', 'value': '{{ISU.AP_PERF_ISU_ARB_VLS_STALL}}'}, {'type': 'VARIABLE', 'value': '{{ISU.AP_PERF_ISU_ARB_DATA_STALL}}'}, {'type': 'VARIABLE', 'value': '{{ISU.AP_PERF_ISU_ARB_VALU_STALL}}'}]
2026-06-26 13:20:58,526 INFO utils.complier: analyse  formula:[]
2026-06-26 13:20:58,527 INFO utils.complier: analyse  formula:[]
2026-06-26 13:20:58,528 INFO utils.complier: analyse  formula:[{'type': 'PROC_VAR', 'value': '$RET'}]
2026-06-26 13:20:58,529 INFO utils.complier: analyse  formula:[]
2026-06-26 13:20:58,530 INFO utils.complier: analyse  formula:[{'type': 'VARIABLE', 'value': '{{ISU.AP_PERF_ISU_ARB_WSM_STALL}}'}, {'type': 'VARIABLE', 'value': '{{ISU.AP_PERF_ISU_ARB_VLS_STALL}}'}, {'type': 'VARIABLE', 'value': '{{ISU.AP_PERF_ISU_ARB_DATA_STALL}}'}, {'type': 'VARIABLE', 'value': '{{ISU.AP_PERF_ISU_ARB_VALU_STALL}}'}]
2026-06-26 13:20:58,531 INFO utils.complier: analyse  formula:[]
2026-06-26 13:20:58,532 INFO utils.complier: analyse  formula:[]
2026-06-26 13:20:58,598 INFO utils.complier: analyse  formula:[]
2026-06-26 13:20:58,598 INFO utils.complier: analyse  formula:[]
2026-06-26 13:20:58,598 INFO utils.complier: analyse  formula:[{'type': 'PRE_VAR', 'value': '@global_insts_rd'}]
2026-06-26 13:20:58,598 INFO utils.complier: analyse  formula:[{'type': 'PROC_VAR', 'value': '$RET'}]
2026-06-26 13:20:58,598 INFO utils.complier: analyse  formula:[]
2026-06-26 13:20:58,598 INFO utils.complier: analyse  formula:[]
2026-06-26 13:20:58,599 INFO utils.complier: analyse  formula:[{'type': 'PRE_VAR', 'value': '@global_insts_rd'}]
2026-06-26 13:20:58,599 INFO utils.complier: analyse  formula:[]
2026-06-26 13:20:58,599 INFO utils.complier: analyse  formula:[]
2026-06-26 13:20:58,599 INFO utils.complier: analyse  formula:[]
2026-06-26 13:20:58,599 INFO utils.complier: analyse  formula:[{'type': 'PRE_VAR', 'value': '@global_insts_wr'}]
2026-06-26 13:20:58,599 INFO utils.complier: analyse  formula:[{'type': 'PROC_VAR', 'value': '$RET'}]
2026-06-26 13:20:58,599 INFO utils.complier: analyse  formula:[]
2026-06-26 13:20:58,599 INFO utils.complier: analyse  formula:[]
2026-06-26 13:20:58,599 INFO utils.complier: analyse  formula:[{'type': 'PRE_VAR', 'value': '@global_insts_wr'}]
2026-06-26 13:20:58,600 INFO utils.complier: analyse  formula:[]
2026-06-26 13:20:58,600 INFO utils.complier: analyse  formula:[{'type': 'VARIABLE', 'value': '{{ISU.AP_PERF_INST_GLOBAL_ATOMIC}}'}, {'type': 'VARIABLE', 'value': '{{ISU.AP_PERF_INST_GLOBAL_ATOMIC_64}}'}]
2026-06-26 13:20:58,600 INFO utils.complier: analyse  formula:[]
2026-06-26 13:20:58,600 INFO utils.complier: analyse  formula:[]
2026-06-26 13:20:58,600 INFO utils.complier: analyse  formula:[{'type': 'PROC_VAR', 'value': '$RET'}]
2026-06-26 13:20:58,600 INFO utils.complier: analyse  formula:[]
2026-06-26 13:20:58,601 INFO utils.complier: analyse  formula:[{'type': 'VARIABLE', 'value': '{{ISU.AP_PERF_INST_GLOBAL_ATOMIC}}'}, {'type': 'VARIABLE', 'value': '{{ISU.AP_PERF_INST_GLOBAL_ATOMIC_64}}'}]
2026-06-26 13:20:58,601 INFO utils.complier: analyse  formula:[]
2026-06-26 13:20:58,601 INFO utils.complier: analyse  formula:[]
2026-06-26 13:20:58,601 INFO utils.complier: analyse  formula:[]
2026-06-26 13:20:58,601 INFO utils.complier: analyse  formula:[]
2026-06-26 13:20:58,601 INFO utils.complier: analyse  formula:[{'type': 'PRE_VAR', 'value': '@private_insts_rd'}]
2026-06-26 13:20:58,601 INFO utils.complier: analyse  formula:[{'type': 'PROC_VAR', 'value': '$RET'}]
2026-06-26 13:20:58,602 INFO utils.complier: analyse  formula:[]
2026-06-26 13:20:58,602 INFO utils.complier: analyse  formula:[]
2026-06-26 13:20:58,602 INFO utils.complier: analyse  formula:[{'type': 'PRE_VAR', 'value': '@private_insts_rd'}]
2026-06-26 13:20:58,602 INFO utils.complier: analyse  formula:[]
2026-06-26 13:20:58,602 INFO utils.complier: analyse  formula:[]
2026-06-26 13:20:58,602 INFO utils.complier: analyse  formula:[]
2026-06-26 13:20:58,602 INFO utils.complier: analyse  formula:[{'type': 'PRE_VAR', 'value': '@private_insts_wr'}]
2026-06-26 13:20:58,602 INFO utils.complier: analyse  formula:[{'type': 'PROC_VAR', 'value': '$RET'}]
2026-06-26 13:20:58,602 INFO utils.complier: analyse  formula:[]
2026-06-26 13:20:58,602 INFO utils.complier: analyse  formula:[]
2026-06-26 13:20:58,602 INFO utils.complier: analyse  formula:[{'type': 'PRE_VAR', 'value': '@private_insts_wr'}]
2026-06-26 13:20:58,603 INFO utils.complier: analyse  formula:[]
2026-06-26 13:20:58,603 INFO utils.complier: analyse  formula:[]
2026-06-26 13:20:58,603 INFO utils.complier: analyse  formula:[]
2026-06-26 13:20:58,603 INFO utils.complier: analyse  formula:[{'type': 'PRE_VAR', 'value': '@ldu_insts_rd'}]
2026-06-26 13:20:58,603 INFO utils.complier: analyse  formula:[{'type': 'PROC_VAR', 'value': '$RET'}]
2026-06-26 13:20:58,603 INFO utils.complier: analyse  formula:[]
2026-06-26 13:20:58,603 INFO utils.complier: analyse  formula:[]
2026-06-26 13:20:58,603 INFO utils.complier: analyse  formula:[{'type': 'PRE_VAR', 'value': '@ldu_insts_rd'}]
2026-06-26 13:20:58,603 INFO utils.complier: analyse  formula:[]
2026-06-26 13:20:58,603 INFO utils.complier: analyse  formula:[]
2026-06-26 13:20:58,603 INFO utils.complier: analyse  formula:[]
2026-06-26 13:20:58,603 INFO utils.complier: analyse  formula:[{'type': 'PRE_VAR', 'value': '@sl1_rd'}]
2026-06-26 13:20:58,604 INFO utils.complier: analyse  formula:[{'type': 'PROC_VAR', 'value': '$RET'}]
2026-06-26 13:20:58,604 INFO utils.complier: analyse  formula:[]
2026-06-26 13:20:58,604 INFO utils.complier: analyse  formula:[]
2026-06-26 13:20:58,604 INFO utils.complier: analyse  formula:[{'type': 'PRE_VAR', 'value': '@sl1_rd'}]
2026-06-26 13:20:58,604 INFO utils.complier: analyse  formula:[]
2026-06-26 13:20:58,604 INFO utils.complier: analyse  formula:[]
2026-06-26 13:20:58,604 INFO utils.complier: analyse  formula:[]
2026-06-26 13:20:58,604 INFO utils.complier: analyse  formula:[{'type': 'PRE_VAR', 'value': '@sl1_l2c_rd'}]
2026-06-26 13:20:58,604 INFO utils.complier: analyse  formula:[{'type': 'PROC_VAR', 'value': '$RET'}]
2026-06-26 13:20:58,604 INFO utils.complier: analyse  formula:[]
2026-06-26 13:20:58,604 INFO utils.complier: analyse  formula:[]
2026-06-26 13:20:58,605 INFO utils.complier: analyse  formula:[{'type': 'PRE_VAR', 'value': '@sl1_l2c_rd'}]
2026-06-26 13:20:58,605 INFO utils.complier: analyse  formula:[]
2026-06-26 13:20:58,605 INFO utils.complier: analyse  formula:[]
2026-06-26 13:20:58,605 INFO utils.complier: analyse  formula:[]
2026-06-26 13:20:58,605 INFO utils.complier: analyse  formula:[{'type': 'PRE_VAR', 'value': '@sl1_hit_rate'}]
2026-06-26 13:20:58,605 INFO utils.complier: analyse  formula:[{'type': 'PROC_VAR', 'value': '$RET'}]
2026-06-26 13:20:58,605 INFO utils.complier: analyse  formula:[]
2026-06-26 13:20:58,605 INFO utils.complier: analyse  formula:[]
2026-06-26 13:20:58,605 INFO utils.complier: analyse  formula:[{'type': 'PRE_VAR', 'value': '@sl1_hit_rate'}]
2026-06-26 13:20:58,605 INFO utils.complier: analyse  formula:[]
2026-06-26 13:20:58,605 INFO utils.complier: analyse  formula:[]
2026-06-26 13:20:58,606 INFO utils.complier: analyse  formula:[]
2026-06-26 13:20:58,606 INFO utils.complier: analyse  formula:[{'type': 'PRE_VAR', 'value': '@vl1_insts_rd'}]
2026-06-26 13:20:58,606 INFO utils.complier: analyse  formula:[{'type': 'PROC_VAR', 'value': '$RET'}]
2026-06-26 13:20:58,606 INFO utils.complier: analyse  formula:[]
2026-06-26 13:20:58,606 INFO utils.complier: analyse  formula:[]
2026-06-26 13:20:58,606 INFO utils.complier: analyse  formula:[{'type': 'PRE_VAR', 'value': '@vl1_insts_rd'}]
2026-06-26 13:20:58,606 INFO utils.complier: analyse  formula:[]
2026-06-26 13:20:58,606 INFO utils.complier: analyse  formula:[]
2026-06-26 13:20:58,606 INFO utils.complier: analyse  formula:[]
2026-06-26 13:20:58,606 INFO utils.complier: analyse  formula:[{'type': 'PRE_VAR', 'value': '@vl1_insts_wr'}]
2026-06-26 13:20:58,606 INFO utils.complier: analyse  formula:[{'type': 'PROC_VAR', 'value': '$RET'}]
2026-06-26 13:20:58,606 INFO utils.complier: analyse  formula:[]
2026-06-26 13:20:58,607 INFO utils.complier: analyse  formula:[]
2026-06-26 13:20:58,607 INFO utils.complier: analyse  formula:[{'type': 'PRE_VAR', 'value': '@vl1_insts_wr'}]
2026-06-26 13:20:58,607 INFO utils.complier: analyse  formula:[]
2026-06-26 13:20:58,607 INFO utils.complier: analyse  formula:[{'type': 'VARIABLE', 'value': '{{VL1.p_total_atomic_instruction_event}}'}]
2026-06-26 13:20:58,607 INFO utils.complier: analyse  formula:[]
2026-06-26 13:20:58,607 INFO utils.complier: analyse  formula:[]
2026-06-26 13:20:58,607 INFO utils.complier: analyse  formula:[{'type': 'PROC_VAR', 'value': '$RET'}]
2026-06-26 13:20:58,607 INFO utils.complier: analyse  formula:[]
2026-06-26 13:20:58,607 INFO utils.complier: analyse  formula:[{'type': 'VARIABLE', 'value': '{{VL1.p_total_atomic_instruction_event}}'}]
2026-06-26 13:20:58,608 INFO utils.complier: analyse  formula:[]
2026-06-26 13:20:58,608 INFO utils.complier: analyse  formula:[]
2026-06-26 13:20:58,608 INFO utils.complier: analyse  formula:[]
2026-06-26 13:20:58,608 INFO utils.complier: analyse  formula:[]
2026-06-26 13:20:58,608 INFO utils.complier: analyse  formula:[{'type': 'PRE_VAR', 'value': '@vl1_hit_rate'}]
2026-06-26 13:20:58,608 INFO utils.complier: analyse  formula:[{'type': 'PROC_VAR', 'value': '$RET'}]
2026-06-26 13:20:58,608 INFO utils.complier: analyse  formula:[]
2026-06-26 13:20:58,608 INFO utils.complier: analyse  formula:[]
2026-06-26 13:20:58,608 INFO utils.complier: analyse  formula:[{'type': 'PRE_VAR', 'value': '@vl1_hit_rate'}]
2026-06-26 13:20:58,609 INFO utils.complier: analyse  formula:[]
2026-06-26 13:20:58,609 INFO utils.complier: analyse  formula:[]
2026-06-26 13:20:58,609 INFO utils.complier: analyse  formula:[]
2026-06-26 13:20:58,609 INFO utils.complier: analyse  formula:[{'type': 'PRE_VAR', 'value': '@l2c_insts_rd'}]
2026-06-26 13:20:58,609 INFO utils.complier: analyse  formula:[{'type': 'PROC_VAR', 'value': '$RET'}]
2026-06-26 13:20:58,609 INFO utils.complier: analyse  formula:[]
2026-06-26 13:20:58,609 INFO utils.complier: analyse  formula:[]
2026-06-26 13:20:58,609 INFO utils.complier: analyse  formula:[{'type': 'PRE_VAR', 'value': '@l2c_insts_rd'}]
2026-06-26 13:20:58,609 INFO utils.complier: analyse  formula:[]
2026-06-26 13:20:58,609 INFO utils.complier: analyse  formula:[]
2026-06-26 13:20:58,609 INFO utils.complier: analyse  formula:[]
2026-06-26 13:20:58,609 INFO utils.complier: analyse  formula:[{'type': 'PRE_VAR', 'value': '@l2c_insts_wr'}]
2026-06-26 13:20:58,609 INFO utils.complier: analyse  formula:[{'type': 'PROC_VAR', 'value': '$RET'}]
2026-06-26 13:20:58,610 INFO utils.complier: analyse  formula:[]
2026-06-26 13:20:58,610 INFO utils.complier: analyse  formula:[]
2026-06-26 13:20:58,610 INFO utils.complier: analyse  formula:[{'type': 'PRE_VAR', 'value': '@l2c_insts_wr'}]
2026-06-26 13:20:58,610 INFO utils.complier: analyse  formula:[]
2026-06-26 13:20:58,610 INFO utils.complier: analyse  formula:[{'type': 'VARIABLE', 'value': '{{L2C.perf_atomic_req}}'}]
2026-06-26 13:20:58,610 INFO utils.complier: analyse  formula:[]
2026-06-26 13:20:58,610 INFO utils.complier: analyse  formula:[]
2026-06-26 13:20:58,610 INFO utils.complier: analyse  formula:[{'type': 'PROC_VAR', 'value': '$RET'}]
2026-06-26 13:20:58,610 INFO utils.complier: analyse  formula:[]
2026-06-26 13:20:58,611 INFO utils.complier: analyse  formula:[{'type': 'VARIABLE', 'value': '{{L2C.perf_atomic_req}}'}]
2026-06-26 13:20:58,611 INFO utils.complier: analyse  formula:[]
2026-06-26 13:20:58,611 INFO utils.complier: analyse  formula:[]
2026-06-26 13:20:58,611 INFO utils.complier: analyse  formula:[]
2026-06-26 13:20:58,611 INFO utils.complier: analyse  formula:[]
2026-06-26 13:20:58,611 INFO utils.complier: analyse  formula:[{'type': 'PRE_VAR', 'value': '@l2c_hit_rate'}]
2026-06-26 13:20:58,611 INFO utils.complier: analyse  formula:[{'type': 'PROC_VAR', 'value': '$RET'}]
2026-06-26 13:20:58,611 INFO utils.complier: analyse  formula:[]
2026-06-26 13:20:58,611 INFO utils.complier: analyse  formula:[]
2026-06-26 13:20:58,611 INFO utils.complier: analyse  formula:[{'type': 'PRE_VAR', 'value': '@l2c_hit_rate'}]
2026-06-26 13:20:58,612 INFO utils.complier: analyse  formula:[]
2026-06-26 13:20:58,612 INFO utils.complier: analyse  formula:[{'type': 'VARIABLE', 'value': '{{ISU.AP_PERF_INSTS_GVM_ATOMIC}}'}, {'type': 'VARIABLE', 'value': '{{ISU.AP_PERF_INST_BSM_ATOMIC}}'}]
2026-06-26 13:20:58,612 INFO utils.complier: analyse  formula:[]
2026-06-26 13:20:58,612 INFO utils.complier: analyse  formula:[]
2026-06-26 13:20:58,612 INFO utils.complier: analyse  formula:[{'type': 'PROC_VAR', 'value': '$RET'}]
2026-06-26 13:20:58,612 INFO utils.complier: analyse  formula:[]
2026-06-26 13:20:58,613 INFO utils.complier: analyse  formula:[{'type': 'VARIABLE', 'value': '{{ISU.AP_PERF_INSTS_GVM_ATOMIC}}'}, {'type': 'VARIABLE', 'value': '{{ISU.AP_PERF_INST_BSM_ATOMIC}}'}]
2026-06-26 13:20:58,613 INFO utils.complier: analyse  formula:[]
2026-06-26 13:20:58,613 INFO utils.complier: analyse  formula:[]
2026-06-26 13:20:58,613 INFO utils.complier: analyse  formula:[{'type': 'VARIABLE', 'value': '{{L2C.perf_dnoc_rdreq}}'}]
2026-06-26 13:20:58,613 INFO utils.complier: analyse  formula:[]
2026-06-26 13:20:58,613 INFO utils.complier: analyse  formula:[]
2026-06-26 13:20:58,613 INFO utils.complier: analyse  formula:[{'type': 'PROC_VAR', 'value': '$RET'}]
2026-06-26 13:20:58,614 INFO utils.complier: analyse  formula:[]
2026-06-26 13:20:58,614 INFO utils.complier: analyse  formula:[{'type': 'VARIABLE', 'value': '{{L2C.perf_dnoc_rdreq}}'}]
2026-06-26 13:20:58,614 INFO utils.complier: analyse  formula:[]
2026-06-26 13:20:58,614 INFO utils.complier: analyse  formula:[]
2026-06-26 13:20:58,614 INFO utils.complier: analyse  formula:[{'type': 'VARIABLE', 'value': '{{L2C.perf_dnoc_wrreq}}'}]
2026-06-26 13:20:58,614 INFO utils.complier: analyse  formula:[]
2026-06-26 13:20:58,614 INFO utils.complier: analyse  formula:[]
2026-06-26 13:20:58,614 INFO utils.complier: analyse  formula:[{'type': 'PROC_VAR', 'value': '$RET'}]
2026-06-26 13:20:58,615 INFO utils.complier: analyse  formula:[]
2026-06-26 13:20:58,615 INFO utils.complier: analyse  formula:[{'type': 'VARIABLE', 'value': '{{L2C.perf_dnoc_wrreq}}'}]
2026-06-26 13:20:58,615 INFO utils.complier: analyse  formula:[]
2026-06-26 13:20:58,615 INFO utils.complier: analyse  formula:[]
2026-06-26 13:20:58,615 INFO utils.complier: analyse  formula:[{'type': 'VARIABLE', 'value': '{{L2C.perf_dnoc_rdreq_32B}}'}, {'type': 'VARIABLE', 'value': '{{L2C.perf_dnoc_rdreq_64B}}'}, {'type': 'VARIABLE', 'value': '{{L2C.perf_dnoc_rdreq_128B}}'}]
2026-06-26 13:20:58,615 INFO utils.complier: analyse  formula:[]
2026-06-26 13:20:58,615 INFO utils.complier: analyse  formula:[]
2026-06-26 13:20:58,616 INFO utils.complier: analyse  formula:[{'type': 'PROC_VAR', 'value': '$RET'}]
2026-06-26 13:20:58,616 INFO utils.complier: analyse  formula:[]
2026-06-26 13:20:58,616 INFO utils.complier: analyse  formula:[{'type': 'VARIABLE', 'value': '{{L2C.perf_dnoc_rdreq_32B}}'}, {'type': 'VARIABLE', 'value': '{{L2C.perf_dnoc_rdreq_64B}}'}, {'type': 'VARIABLE', 'value': '{{L2C.perf_dnoc_rdreq_128B}}'}]
2026-06-26 13:20:58,617 INFO utils.complier: analyse  formula:[]
2026-06-26 13:20:58,617 INFO utils.complier: analyse  formula:[]
2026-06-26 13:20:58,617 INFO utils.complier: analyse  formula:[{'type': 'VARIABLE', 'value': '{{L2C.perf_dnoc_wrreq_32B_low}}'}, {'type': 'VARIABLE', 'value': '{{L2C.perf_dnoc_wrreq_32B_high}}'}, {'type': 'VARIABLE', 'value': '{{L2C.perf_dnoc_wrreq_64B}}'}, {'type': 'VARIABLE', 'value': '{{L2C.perf_dnoc_wrreq_128B}}'}]
2026-06-26 13:20:58,617 INFO utils.complier: analyse  formula:[]
2026-06-26 13:20:58,618 INFO utils.complier: analyse  formula:[]
2026-06-26 13:20:58,618 INFO utils.complier: analyse  formula:[{'type': 'PROC_VAR', 'value': '$RET'}]
2026-06-26 13:20:58,618 INFO utils.complier: analyse  formula:[]
2026-06-26 13:20:58,618 INFO utils.complier: analyse  formula:[{'type': 'VARIABLE', 'value': '{{L2C.perf_dnoc_wrreq_32B_low}}'}, {'type': 'VARIABLE', 'value': '{{L2C.perf_dnoc_wrreq_32B_high}}'}, {'type': 'VARIABLE', 'value': '{{L2C.perf_dnoc_wrreq_64B}}'}, {'type': 'VARIABLE', 'value': '{{L2C.perf_dnoc_wrreq_128B}}'}]
2026-06-26 13:20:58,619 INFO utils.complier: analyse  formula:[]
2026-06-26 13:20:58,620 INFO utils.complier: analyse  formula:[]
2026-06-26 13:20:58,623 INFO utils.complier: analyse  formula:[]
2026-06-26 13:20:58,626 INFO utils.complier: analyse  formula:[]
2026-06-26 13:20:58,629 INFO utils.complier: analyse  formula:[{'type': 'PRE_VAR', 'value': '@vl1_hit_rate'}, {'type': 'PRE_VAR', 'value': '@l2c_hit_rate'}, {'type': 'PRE_VAR', 'value': '@sl1_hit_rate'}, {'type': 'PRE_VAR', 'value': '@global_insts_rd'}, {'type': 'PRE_VAR', 'value': '@global_insts_wr'}, {'type': 'PRE_VAR', 'value': '@private_insts_rd'}, {'type': 'PRE_VAR', 'value': '@private_insts_wr'}, {'type': 'PRE_VAR', 'value': '@generic_insts_rd'}, {'type': 'PRE_VAR', 'value': '@generic_insts_wr'}, {'type': 'PRE_VAR', 'value': '@ldu_insts_rd'}, {'type': 'PRE_VAR', 'value': '@bsm_insts_rd'}, {'type': 'PRE_VAR', 'value': '@bsm_insts_wr'}, {'type': 'PRE_VAR', 'value': '@vl1_insts_rd'}, {'type': 'PRE_VAR', 'value': '@vl1_insts_wr'}, {'type': 'PRE_VAR', 'value': '@sl1_rd'}, {'type': 'PRE_VAR', 'value': '@sl1_l2c_rd'}, {'type': 'PRE_VAR', 'value': '@l2c_insts_rd'}, {'type': 'PRE_VAR', 'value': '@l2c_insts_wr'}]
2026-06-26 13:20:58,644 INFO utils.complier: analyse  formula:[{'type': 'PROC_VAR', 'value': '$RET'}]
2026-06-26 13:20:58,648 INFO utils.complier: analyse  formula:[]
2026-06-26 13:20:58,651 INFO utils.complier: analyse  formula:[]
2026-06-26 13:20:58,654 INFO utils.complier: analyse  formula:[{'type': 'PRE_VAR', 'value': '@vl1_hit_rate'}, {'type': 'PRE_VAR', 'value': '@l2c_hit_rate'}, {'type': 'PRE_VAR', 'value': '@sl1_hit_rate'}, {'type': 'PRE_VAR', 'value': '@global_insts_rd'}, {'type': 'PRE_VAR', 'value': '@global_insts_wr'}, {'type': 'PRE_VAR', 'value': '@private_insts_rd'}, {'type': 'PRE_VAR', 'value': '@private_insts_wr'}, {'type': 'PRE_VAR', 'value': '@generic_insts_rd'}, {'type': 'PRE_VAR', 'value': '@generic_insts_wr'}, {'type': 'PRE_VAR', 'value': '@ldu_insts_rd'}, {'type': 'PRE_VAR', 'value': '@bsm_insts_rd'}, {'type': 'PRE_VAR', 'value': '@bsm_insts_wr'}, {'type': 'PRE_VAR', 'value': '@vl1_insts_rd'}, {'type': 'PRE_VAR', 'value': '@vl1_insts_wr'}, {'type': 'PRE_VAR', 'value': '@sl1_rd'}, {'type': 'PRE_VAR', 'value': '@sl1_l2c_rd'}, {'type': 'PRE_VAR', 'value': '@l2c_insts_rd'}, {'type': 'PRE_VAR', 'value': '@l2c_insts_wr'}]
2026-06-26 13:20:58,658 INFO utils.complier: analyse  formula:[]
2026-06-26 13:20:58,734 DEBUG matplotlib.font_manager: findfont: Matching sans\-serif:style=normal:variant=normal:weight=normal:stretch=normal:size=5.789999999999999.
2026-06-26 13:20:58,734 DEBUG matplotlib.font_manager: findfont: score(<Font 'STIXSizeThreeSym' (STIXSizThreeSymReg.ttf) normal normal 400 normal>) = 10.05
2026-06-26 13:20:58,734 DEBUG matplotlib.font_manager: findfont: score(<Font 'STIXSizeTwoSym' (STIXSizTwoSymBol.ttf) normal normal 700 normal>) = 10.335
2026-06-26 13:20:58,734 DEBUG matplotlib.font_manager: findfont: score(<Font 'STIXSizeThreeSym' (STIXSizThreeSymBol.ttf) normal normal 700 normal>) = 10.335
2026-06-26 13:20:58,734 DEBUG matplotlib.font_manager: findfont: score(<Font 'cmex10' (cmex10.ttf) normal normal 400 normal>) = 10.05
2026-06-26 13:20:58,734 DEBUG matplotlib.font_manager: findfont: score(<Font 'DejaVu Sans' (DejaVuSans-BoldOblique.ttf) oblique normal 700 normal>) = 1.335
2026-06-26 13:20:58,735 DEBUG matplotlib.font_manager: findfont: score(<Font 'DejaVu Serif' (DejaVuSerif.ttf) normal normal 400 normal>) = 10.05
2026-06-26 13:20:58,735 DEBUG matplotlib.font_manager: findfont: score(<Font 'STIXSizeFourSym' (STIXSizFourSymBol.ttf) normal normal 700 normal>) = 10.335
2026-06-26 13:20:58,735 DEBUG matplotlib.font_manager: findfont: score(<Font 'DejaVu Sans' (DejaVuSans-Oblique.ttf) oblique normal 400 normal>) = 1.05
2026-06-26 13:20:58,735 DEBUG matplotlib.font_manager: findfont: score(<Font 'DejaVu Sans Mono' (DejaVuSansMono.ttf) normal normal 400 normal>) = 10.05
2026-06-26 13:20:58,735 DEBUG matplotlib.font_manager: findfont: score(<Font 'STIXGeneral' (STIXGeneralBol.ttf) normal normal 700 normal>) = 10.335
2026-06-26 13:20:58,735 DEBUG matplotlib.font_manager: findfont: score(<Font 'STIXSizeFourSym' (STIXSizFourSymReg.ttf) normal normal 400 normal>) = 10.05
2026-06-26 13:20:58,735 DEBUG matplotlib.font_manager: findfont: score(<Font 'cmmi10' (cmmi10.ttf) normal normal 400 normal>) = 10.05
2026-06-26 13:20:58,735 DEBUG matplotlib.font_manager: findfont: score(<Font 'STIXSizeOneSym' (STIXSizOneSymBol.ttf) normal normal 700 normal>) = 10.335
2026-06-26 13:20:58,735 DEBUG matplotlib.font_manager: findfont: score(<Font 'STIXGeneral' (STIXGeneral.ttf) normal normal 400 normal>) = 10.05
2026-06-26 13:20:58,735 DEBUG matplotlib.font_manager: findfont: score(<Font 'cmss10' (cmss10.ttf) normal normal 400 normal>) = 10.05
2026-06-26 13:20:58,735 DEBUG matplotlib.font_manager: findfont: score(<Font 'DejaVu Serif' (DejaVuSerif-Italic.ttf) italic normal 400 normal>) = 11.05
2026-06-26 13:20:58,735 DEBUG matplotlib.font_manager: findfont: score(<Font 'STIXSizeFiveSym' (STIXSizFiveSymReg.ttf) normal normal 400 normal>) = 10.05
2026-06-26 13:20:58,735 DEBUG matplotlib.font_manager: findfont: score(<Font 'DejaVu Sans Display' (DejaVuSansDisplay.ttf) normal normal 400 normal>) = 10.05
2026-06-26 13:20:58,735 DEBUG matplotlib.font_manager: findfont: score(<Font 'STIXGeneral' (STIXGeneralItalic.ttf) italic normal 400 normal>) = 11.05
2026-06-26 13:20:58,735 DEBUG matplotlib.font_manager: findfont: score(<Font 'STIXNonUnicode' (STIXNonUniBolIta.ttf) italic normal 700 normal>) = 11.335
2026-06-26 13:20:58,735 DEBUG matplotlib.font_manager: findfont: score(<Font 'DejaVu Sans Mono' (DejaVuSansMono-Bold.ttf) normal normal 700 normal>) = 10.335
2026-06-26 13:20:58,735 DEBUG matplotlib.font_manager: findfont: score(<Font 'STIXNonUnicode' (STIXNonUniIta.ttf) italic normal 400 normal>) = 11.05
2026-06-26 13:20:58,735 DEBUG matplotlib.font_manager: findfont: score(<Font 'DejaVu Serif' (DejaVuSerif-Bold.ttf) normal normal 700 normal>) = 10.335
2026-06-26 13:20:58,735 DEBUG matplotlib.font_manager: findfont: score(<Font 'cmb10' (cmb10.ttf) normal normal 400 normal>) = 10.05
2026-06-26 13:20:58,735 DEBUG matplotlib.font_manager: findfont: score(<Font 'cmtt10' (cmtt10.ttf) normal normal 400 normal>) = 10.05
2026-06-26 13:20:58,735 DEBUG matplotlib.font_manager: findfont: score(<Font 'STIXGeneral' (STIXGeneralBolIta.ttf) italic normal 700 normal>) = 11.335
2026-06-26 13:20:58,735 DEBUG matplotlib.font_manager: findfont: score(<Font 'STIXSizeTwoSym' (STIXSizTwoSymReg.ttf) normal normal 400 normal>) = 10.05
2026-06-26 13:20:58,735 DEBUG matplotlib.font_manager: findfont: score(<Font 'DejaVu Serif' (DejaVuSerif-BoldItalic.ttf) italic normal 700 normal>) = 11.335
2026-06-26 13:20:58,735 DEBUG matplotlib.font_manager: findfont: score(<Font 'STIXNonUnicode' (STIXNonUniBol.ttf) normal normal 700 normal>) = 10.335
2026-06-26 13:20:58,735 DEBUG matplotlib.font_manager: findfont: score(<Font 'cmr10' (cmr10.ttf) normal normal 400 normal>) = 10.05
2026-06-26 13:20:58,735 DEBUG matplotlib.font_manager: findfont: score(<Font 'DejaVu Serif Display' (DejaVuSerifDisplay.ttf) normal normal 400 normal>) = 10.05
2026-06-26 13:20:58,735 DEBUG matplotlib.font_manager: findfont: score(<Font 'DejaVu Sans Mono' (DejaVuSansMono-BoldOblique.ttf) oblique normal 700 normal>) = 11.335
2026-06-26 13:20:58,735 DEBUG matplotlib.font_manager: findfont: score(<Font 'STIXSizeOneSym' (STIXSizOneSymReg.ttf) normal normal 400 normal>) = 10.05
2026-06-26 13:20:58,735 DEBUG matplotlib.font_manager: findfont: score(<Font 'DejaVu Sans Mono' (DejaVuSansMono-Oblique.ttf) oblique normal 400 normal>) = 11.05
2026-06-26 13:20:58,735 DEBUG matplotlib.font_manager: findfont: score(<Font 'STIXNonUnicode' (STIXNonUni.ttf) normal normal 400 normal>) = 10.05
2026-06-26 13:20:58,736 DEBUG matplotlib.font_manager: findfont: score(<Font 'cmsy10' (cmsy10.ttf) normal normal 400 normal>) = 10.05
2026-06-26 13:20:58,736 DEBUG matplotlib.font_manager: findfont: score(<Font 'DejaVu Sans' (DejaVuSans.ttf) normal normal 400 normal>) = 0.05
2026-06-26 13:20:58,736 DEBUG matplotlib.font_manager: findfont: score(<Font 'DejaVu Sans' (DejaVuSans-Bold.ttf) normal normal 700 normal>) = 0.33499999999999996
2026-06-26 13:20:58,736 DEBUG matplotlib.font_manager: findfont: score(<Font 'DejaVu Sans' (DejaVuSans.ttf) normal normal 400 normal>) = 0.05
2026-06-26 13:20:58,736 DEBUG matplotlib.font_manager: findfont: score(<Font 'DejaVu Sans' (DejaVuSans-Bold.ttf) normal normal 700 normal>) = 0.33499999999999996
2026-06-26 13:20:58,736 DEBUG matplotlib.font_manager: findfont: score(<Font 'DejaVu Sans Mono' (DejaVuSansMono.ttf) normal normal 400 normal>) = 10.05
2026-06-26 13:20:58,736 DEBUG matplotlib.font_manager: findfont: score(<Font 'DejaVu Serif' (DejaVuSerif-Bold.ttf) normal normal 700 normal>) = 10.335
2026-06-26 13:20:58,736 DEBUG matplotlib.font_manager: findfont: score(<Font 'DejaVu Sans Mono' (DejaVuSansMono-Bold.ttf) normal normal 700 normal>) = 10.335
2026-06-26 13:20:58,736 DEBUG matplotlib.font_manager: findfont: score(<Font 'DejaVu Serif' (DejaVuSerif.ttf) normal normal 400 normal>) = 10.05
2026-06-26 13:20:58,736 DEBUG matplotlib.font_manager: findfont: Matching sans\-serif:style=normal:variant=normal:weight=normal:stretch=normal:size=5.789999999999999 to DejaVu Sans ('/tmp/_MEIl3XpmA/matplotlib/mpl-data/fonts/ttf/DejaVuSans.ttf') with score of 0.050000.
2026-06-26 13:20:58,818 INFO utils.complier: analyse  formula:[{'type': 'VARIABLE', 'value': '{{L2C.perf_dnoc_rdreq_inflight_level}}'}, {'type': 'VARIABLE', 'value': '{{L2C.perf_dnoc_rdreq}}'}]
2026-06-26 13:20:58,818 INFO utils.complier: analyse  formula:[]
2026-06-26 13:20:58,818 INFO utils.complier: analyse  formula:[]
2026-06-26 13:20:58,819 INFO utils.complier: analyse  formula:[{'type': 'PROC_VAR', 'value': '$RET'}]
2026-06-26 13:20:58,819 INFO utils.complier: analyse  formula:[]
2026-06-26 13:20:58,819 INFO utils.complier: analyse  formula:[{'type': 'VARIABLE', 'value': '{{L2C.perf_dnoc_rdreq_inflight_level}}'}, {'type': 'VARIABLE', 'value': '{{L2C.perf_dnoc_rdreq}}'}]
2026-06-26 13:20:58,819 INFO utils.complier: analyse  formula:[]
2026-06-26 13:20:58,820 INFO utils.complier: analyse  formula:[]
2026-06-26 13:20:58,820 INFO utils.complier: analyse  formula:[{'type': 'VARIABLE', 'value': '{{L2C.perf_dnoc_rd_histogram_0_255}}'}, {'type': 'VARIABLE', 'value': '{{L2C.perf_dnoc_rd_histogram_256_511}}'}, {'type': 'VARIABLE', 'value': '{{L2C.perf_dnoc_rd_histogram_512_1K}}'}, {'type': 'VARIABLE', 'value': '{{L2C.perf_dnoc_rd_histogram_1K_2K}}'}, {'type': 'VARIABLE', 'value': '{{L2C.perf_dnoc_rd_histogram_2K_INF}}'}]
2026-06-26 13:20:58,820 INFO utils.complier: analyse  formula:[]
2026-06-26 13:20:58,821 INFO utils.complier: analyse  formula:[]
2026-06-26 13:20:58,822 INFO utils.complier: analyse  formula:[{'type': 'PROC_VAR', 'value': '$RET'}]
2026-06-26 13:20:58,822 INFO utils.complier: analyse  formula:[]
2026-06-26 13:20:58,823 INFO utils.complier: analyse  formula:[{'type': 'VARIABLE', 'value': '{{L2C.perf_dnoc_rd_histogram_0_255}}'}, {'type': 'VARIABLE', 'value': '{{L2C.perf_dnoc_rd_histogram_256_511}}'}, {'type': 'VARIABLE', 'value': '{{L2C.perf_dnoc_rd_histogram_512_1K}}'}, {'type': 'VARIABLE', 'value': '{{L2C.perf_dnoc_rd_histogram_1K_2K}}'}, {'type': 'VARIABLE', 'value': '{{L2C.perf_dnoc_rd_histogram_2K_INF}}'}]
2026-06-26 13:20:58,823 INFO utils.complier: analyse  formula:[]
2026-06-26 13:20:58,824 INFO utils.complier: analyse  formula:[]
2026-06-26 13:20:58,910 INFO utils.complier: analyse  formula:[{'type': 'VARIABLE', 'value': '{{VL1.p_stall_due_oldest_pt0}}'}, {'type': 'VARIABLE', 'value': '{{VL1.p_stall_due_oldest_pt1}}'}, {'type': 'VARIABLE', 'value': '{{VL1.p_stall_due_oldest_pt2}}'}, {'type': 'VARIABLE', 'value': '{{VL1.p_stall_due_oldest_pt3}}'}]
2026-06-26 13:20:58,911 INFO utils.complier: analyse  formula:[]
2026-06-26 13:20:58,911 INFO utils.complier: analyse  formula:[]
2026-06-26 13:20:58,912 INFO utils.complier: analyse  formula:[{'type': 'PROC_VAR', 'value': '$RET'}]
2026-06-26 13:20:58,913 INFO utils.complier: analyse  formula:[]
2026-06-26 13:20:58,913 INFO utils.complier: analyse  formula:[{'type': 'VARIABLE', 'value': '{{VL1.p_stall_due_oldest_pt0}}'}, {'type': 'VARIABLE', 'value': '{{VL1.p_stall_due_oldest_pt1}}'}, {'type': 'VARIABLE', 'value': '{{VL1.p_stall_due_oldest_pt2}}'}, {'type': 'VARIABLE', 'value': '{{VL1.p_stall_due_oldest_pt3}}'}]
2026-06-26 13:20:58,914 INFO utils.complier: analyse  formula:[]
2026-06-26 13:20:58,915 INFO utils.complier: analyse  formula:[]
2026-06-26 13:20:58,958 INFO utils.complier: analyse  formula:[{'type': 'VARIABLE', 'value': '{{ISU.AP_PERF_INST_BSM_RD}}'}]
2026-06-26 13:20:58,958 INFO utils.complier: analyse  formula:[]
2026-06-26 13:20:58,958 INFO utils.complier: analyse  formula:[]
2026-06-26 13:20:58,958 INFO utils.complier: analyse  formula:[{'type': 'PROC_VAR', 'value': '$RET'}]
2026-06-26 13:20:58,959 INFO utils.complier: analyse  formula:[]
2026-06-26 13:20:58,959 INFO utils.complier: analyse  formula:[{'type': 'VARIABLE', 'value': '{{ISU.AP_PERF_INST_BSM_RD}}'}]
2026-06-26 13:20:58,959 INFO utils.complier: analyse  formula:[]
2026-06-26 13:20:58,959 INFO utils.complier: analyse  formula:[]
2026-06-26 13:20:58,959 INFO utils.complier: analyse  formula:[{'type': 'VARIABLE', 'value': '{{ISU.AP_PERF_INST_BSM_WR}}'}]
2026-06-26 13:20:58,959 INFO utils.complier: analyse  formula:[]
2026-06-26 13:20:58,959 INFO utils.complier: analyse  formula:[]
2026-06-26 13:20:58,960 INFO utils.complier: analyse  formula:[{'type': 'PROC_VAR', 'value': '$RET'}]
2026-06-26 13:20:58,960 INFO utils.complier: analyse  formula:[]
2026-06-26 13:20:58,960 INFO utils.complier: analyse  formula:[{'type': 'VARIABLE', 'value': '{{ISU.AP_PERF_INST_BSM_WR}}'}]
2026-06-26 13:20:58,960 INFO utils.complier: analyse  formula:[]
2026-06-26 13:20:58,960 INFO utils.complier: analyse  formula:[]
2026-06-26 13:20:58,960 INFO utils.complier: analyse  formula:[{'type': 'VARIABLE', 'value': '{{ISU.AP_PERF_INST_BSM_ATOMIC}}'}]
2026-06-26 13:20:58,960 INFO utils.complier: analyse  formula:[]
2026-06-26 13:20:58,960 INFO utils.complier: analyse  formula:[]
2026-06-26 13:20:58,961 INFO utils.complier: analyse  formula:[{'type': 'PROC_VAR', 'value': '$RET'}]
2026-06-26 13:20:58,961 INFO utils.complier: analyse  formula:[]
2026-06-26 13:20:58,961 INFO utils.complier: analyse  formula:[{'type': 'VARIABLE', 'value': '{{ISU.AP_PERF_INST_BSM_ATOMIC}}'}]
2026-06-26 13:20:58,961 INFO utils.complier: analyse  formula:[]
2026-06-26 13:20:58,961 INFO utils.complier: analyse  formula:[]
2026-06-26 13:20:58,961 INFO utils.complier: analyse  formula:[{'type': 'VARIABLE', 'value': '{{ISU.AP_PERF_INSTS_BSM}}'}]
2026-06-26 13:20:58,961 INFO utils.complier: analyse  formula:[]
2026-06-26 13:20:58,961 INFO utils.complier: analyse  formula:[]
2026-06-26 13:20:58,962 INFO utils.complier: analyse  formula:[{'type': 'PROC_VAR', 'value': '$RET'}]
2026-06-26 13:20:58,962 INFO utils.complier: analyse  formula:[]
2026-06-26 13:20:58,962 INFO utils.complier: analyse  formula:[{'type': 'VARIABLE', 'value': '{{ISU.AP_PERF_INSTS_BSM}}'}]
2026-06-26 13:20:58,962 INFO utils.complier: analyse  formula:[]
2026-06-26 13:20:58,962 INFO utils.complier: analyse  formula:[]
2026-06-26 13:20:58,963 INFO utils.complier: analyse  formula:[{'type': 'VARIABLE', 'value': '{{ISU.AP_PERF_BSM_READ_INFLIGHT_LEVEL}}'}, {'type': 'VARIABLE', 'value': '{{ISU.AP_PERF_INST_BSM_RD}}'}, {'type': 'VARIABLE', 'value': '{{ISU.AP_PERF_INST_BSM_RD}}'}]
2026-06-26 13:20:58,963 INFO utils.complier: analyse  formula:[]
2026-06-26 13:20:58,963 INFO utils.complier: analyse  formula:[]
2026-06-26 13:20:58,963 INFO utils.complier: analyse  formula:[{'type': 'PROC_VAR', 'value': '$RET'}]
2026-06-26 13:20:58,964 INFO utils.complier: analyse  formula:[]
2026-06-26 13:20:58,964 INFO utils.complier: analyse  formula:[{'type': 'VARIABLE', 'value': '{{ISU.AP_PERF_BSM_READ_INFLIGHT_LEVEL}}'}, {'type': 'VARIABLE', 'value': '{{ISU.AP_PERF_INST_BSM_RD}}'}, {'type': 'VARIABLE', 'value': '{{ISU.AP_PERF_INST_BSM_RD}}'}]
2026-06-26 13:20:58,964 INFO utils.complier: analyse  formula:[]
2026-06-26 13:20:58,965 INFO utils.complier: analyse  formula:[]
2026-06-26 13:20:58,965 INFO utils.complier: analyse  formula:[{'type': 'VARIABLE', 'value': '{{ISU.AP_PERF_BSM_WR_INFLIGHT_LEVEL}}'}, {'type': 'VARIABLE', 'value': '{{ISU.AP_PERF_INST_BSM_WR}}'}, {'type': 'VARIABLE', 'value': '{{ISU.AP_PERF_INST_BSM_WR}}'}]
2026-06-26 13:20:58,965 INFO utils.complier: analyse  formula:[]
2026-06-26 13:20:58,965 INFO utils.complier: analyse  formula:[]
2026-06-26 13:20:58,966 INFO utils.complier: analyse  formula:[{'type': 'PROC_VAR', 'value': '$RET'}]
2026-06-26 13:20:58,966 INFO utils.complier: analyse  formula:[]
2026-06-26 13:20:58,966 INFO utils.complier: analyse  formula:[{'type': 'VARIABLE', 'value': '{{ISU.AP_PERF_BSM_WR_INFLIGHT_LEVEL}}'}, {'type': 'VARIABLE', 'value': '{{ISU.AP_PERF_INST_BSM_WR}}'}, {'type': 'VARIABLE', 'value': '{{ISU.AP_PERF_INST_BSM_WR}}'}]
2026-06-26 13:20:58,967 INFO utils.complier: analyse  formula:[]
2026-06-26 13:20:58,967 INFO utils.complier: analyse  formula:[]
2026-06-26 13:20:58,967 INFO utils.complier: analyse  formula:[{'type': 'VARIABLE', 'value': '{{ISU.AP_PERF_BSM_ATOMIC_INFLIGHT_LEVEL}}'}, {'type': 'VARIABLE', 'value': '{{ISU.AP_PERF_INST_BSM_ATOMIC}}'}, {'type': 'VARIABLE', 'value': '{{ISU.AP_PERF_INST_BSM_ATOMIC}}'}]
2026-06-26 13:20:58,967 INFO utils.complier: analyse  formula:[]
2026-06-26 13:20:58,967 INFO utils.complier: analyse  formula:[]
2026-06-26 13:20:58,968 INFO utils.complier: analyse  formula:[{'type': 'PROC_VAR', 'value': '$RET'}]
2026-06-26 13:20:58,968 INFO utils.complier: analyse  formula:[]
2026-06-26 13:20:58,968 INFO utils.complier: analyse  formula:[{'type': 'VARIABLE', 'value': '{{ISU.AP_PERF_BSM_ATOMIC_INFLIGHT_LEVEL}}'}, {'type': 'VARIABLE', 'value': '{{ISU.AP_PERF_INST_BSM_ATOMIC}}'}, {'type': 'VARIABLE', 'value': '{{ISU.AP_PERF_INST_BSM_ATOMIC}}'}]
2026-06-26 13:20:58,969 INFO utils.complier: analyse  formula:[]
2026-06-26 13:20:58,969 INFO utils.complier: analyse  formula:[]
2026-06-26 13:20:58,969 INFO utils.complier: analyse  formula:[{'type': 'VARIABLE', 'value': '{{ISU.AP_PERF_BSM_INFLIGHT_LEVEL_IN_AP}}'}, {'type': 'VARIABLE', 'value': '{{ISU.AP_PERF_BSM_INFLIGHT_LEVEL}}'}, {'type': 'VARIABLE', 'value': '{{ISU.AP_PERF_INSTS_BSM}}'}, {'type': 'VARIABLE', 'value': '{{ISU.AP_PERF_INSTS_BSM}}'}]
2026-06-26 13:20:58,970 INFO utils.complier: analyse  formula:[]
2026-06-26 13:20:58,970 INFO utils.complier: analyse  formula:[]
2026-06-26 13:20:58,971 INFO utils.complier: analyse  formula:[{'type': 'PROC_VAR', 'value': '$RET'}]
2026-06-26 13:20:58,971 INFO utils.complier: analyse  formula:[]
2026-06-26 13:20:58,971 INFO utils.complier: analyse  formula:[{'type': 'VARIABLE', 'value': '{{ISU.AP_PERF_BSM_INFLIGHT_LEVEL_IN_AP}}'}, {'type': 'VARIABLE', 'value': '{{ISU.AP_PERF_BSM_INFLIGHT_LEVEL}}'}, {'type': 'VARIABLE', 'value': '{{ISU.AP_PERF_INSTS_BSM}}'}, {'type': 'VARIABLE', 'value': '{{ISU.AP_PERF_INSTS_BSM}}'}]
2026-06-26 13:20:58,972 INFO utils.complier: analyse  formula:[]
2026-06-26 13:20:58,972 INFO utils.complier: analyse  formula:[]
2026-06-26 13:20:58,972 INFO utils.complier: analyse  formula:[{'type': 'VARIABLE', 'value': '{{ISU.AP_PERF_BSM_RD_CYCLES}}'}, {'type': 'VARIABLE', 'value': '{{ISU.AP_PERF_INST_BSM_RD}}'}, {'type': 'VARIABLE', 'value': '{{ISU.AP_PERF_INST_BSM_RD}}'}]
2026-06-26 13:20:58,972 INFO utils.complier: analyse  formula:[]
2026-06-26 13:20:58,973 INFO utils.complier: analyse  formula:[]
2026-06-26 13:20:58,974 INFO utils.complier: analyse  formula:[{'type': 'PROC_VAR', 'value': '$RET'}]
2026-06-26 13:20:58,974 INFO utils.complier: analyse  formula:[]
2026-06-26 13:20:58,974 INFO utils.complier: analyse  formula:[{'type': 'VARIABLE', 'value': '{{ISU.AP_PERF_BSM_RD_CYCLES}}'}, {'type': 'VARIABLE', 'value': '{{ISU.AP_PERF_INST_BSM_RD}}'}, {'type': 'VARIABLE', 'value': '{{ISU.AP_PERF_INST_BSM_RD}}'}]
2026-06-26 13:20:58,975 INFO utils.complier: analyse  formula:[]
2026-06-26 13:20:58,975 INFO utils.complier: analyse  formula:[]
2026-06-26 13:20:58,975 INFO utils.complier: analyse  formula:[{'type': 'VARIABLE', 'value': '{{ISU.AP_PERF_BSM_WR_CYCLES}}'}, {'type': 'VARIABLE', 'value': '{{ISU.AP_PERF_INST_BSM_WR}}'}, {'type': 'VARIABLE', 'value': '{{ISU.AP_PERF_INST_BSM_WR}}'}]
2026-06-26 13:20:58,976 INFO utils.complier: analyse  formula:[]
2026-06-26 13:20:58,976 INFO utils.complier: analyse  formula:[]
2026-06-26 13:20:58,976 INFO utils.complier: analyse  formula:[{'type': 'PROC_VAR', 'value': '$RET'}]
2026-06-26 13:20:58,976 INFO utils.complier: analyse  formula:[]
2026-06-26 13:20:58,977 INFO utils.complier: analyse  formula:[{'type': 'VARIABLE', 'value': '{{ISU.AP_PERF_BSM_WR_CYCLES}}'}, {'type': 'VARIABLE', 'value': '{{ISU.AP_PERF_INST_BSM_WR}}'}, {'type': 'VARIABLE', 'value': '{{ISU.AP_PERF_INST_BSM_WR}}'}]
2026-06-26 13:20:58,977 INFO utils.complier: analyse  formula:[]
2026-06-26 13:20:58,978 INFO utils.complier: analyse  formula:[]
2026-06-26 13:20:58,978 INFO utils.complier: analyse  formula:[{'type': 'VARIABLE', 'value': '{{ISU.AP_PERF_BSM_ATOMIC_CYCLES}}'}, {'type': 'VARIABLE', 'value': '{{ISU.AP_PERF_INST_BSM_ATOMIC}}'}, {'type': 'VARIABLE', 'value': '{{ISU.AP_PERF_INST_BSM_ATOMIC}}'}]
2026-06-26 13:20:58,978 INFO utils.complier: analyse  formula:[]
2026-06-26 13:20:58,978 INFO utils.complier: analyse  formula:[]
2026-06-26 13:20:58,979 INFO utils.complier: analyse  formula:[{'type': 'PROC_VAR', 'value': '$RET'}]
2026-06-26 13:20:58,979 INFO utils.complier: analyse  formula:[]
2026-06-26 13:20:58,979 INFO utils.complier: analyse  formula:[{'type': 'VARIABLE', 'value': '{{ISU.AP_PERF_BSM_ATOMIC_CYCLES}}'}, {'type': 'VARIABLE', 'value': '{{ISU.AP_PERF_INST_BSM_ATOMIC}}'}, {'type': 'VARIABLE', 'value': '{{ISU.AP_PERF_INST_BSM_ATOMIC}}'}]
2026-06-26 13:20:58,979 INFO utils.complier: analyse  formula:[]
2026-06-26 13:20:58,980 INFO utils.complier: analyse  formula:[]
2026-06-26 13:20:58,980 INFO utils.complier: analyse  formula:[{'type': 'VARIABLE', 'value': '{{ISU.AP_PERF_BSM_CONFLICT_CYCLES}}'}, {'type': 'VARIABLE', 'value': '{{ISU.AP_PERF_INSTS_BSM}}'}, {'type': 'VARIABLE', 'value': '{{ISU.AP_PERF_INSTS_BSM}}'}]
2026-06-26 13:20:58,980 INFO utils.complier: analyse  formula:[]
2026-06-26 13:20:58,980 INFO utils.complier: analyse  formula:[]
2026-06-26 13:20:59,054 INFO utils.complier: analyse  formula:[{'type': 'PROC_VAR', 'value': '$RET'}]
2026-06-26 13:20:59,054 INFO utils.complier: analyse  formula:[]
2026-06-26 13:20:59,054 INFO utils.complier: analyse  formula:[{'type': 'VARIABLE', 'value': '{{ISU.AP_PERF_BSM_CONFLICT_CYCLES}}'}, {'type': 'VARIABLE', 'value': '{{ISU.AP_PERF_INSTS_BSM}}'}, {'type': 'VARIABLE', 'value': '{{ISU.AP_PERF_INSTS_BSM}}'}]
2026-06-26 13:20:59,055 INFO utils.complier: analyse  formula:[]
2026-06-26 13:20:59,055 INFO utils.complier: analyse  formula:[]
2026-06-26 13:20:59,055 INFO utils.complier: analyse  formula:[{'type': 'VARIABLE', 'value': '{{ISU.AP_PERF_BSM_RD_CYCLES}}'}, {'type': 'VARIABLE', 'value': '{{ISU.AP_PERF_BSM_WR_CYCLES}}'}, {'type': 'VARIABLE', 'value': '{{ISU.AP_PERF_BSM_ATOMIC_CYCLES}}'}, {'type': 'VARIABLE', 'value': '{{ISU.AP_PERF_INSTS_BSM}}'}, {'type': 'VARIABLE', 'value': '{{ISU.AP_PERF_INSTS_BSM}}'}]
2026-06-26 13:20:59,056 INFO utils.complier: analyse  formula:[]
2026-06-26 13:20:59,056 INFO utils.complier: analyse  formula:[]
2026-06-26 13:20:59,057 INFO utils.complier: analyse  formula:[{'type': 'PROC_VAR', 'value': '$RET'}]
2026-06-26 13:20:59,057 INFO utils.complier: analyse  formula:[]
2026-06-26 13:20:59,057 INFO utils.complier: analyse  formula:[{'type': 'VARIABLE', 'value': '{{ISU.AP_PERF_BSM_RD_CYCLES}}'}, {'type': 'VARIABLE', 'value': '{{ISU.AP_PERF_BSM_WR_CYCLES}}'}, {'type': 'VARIABLE', 'value': '{{ISU.AP_PERF_BSM_ATOMIC_CYCLES}}'}, {'type': 'VARIABLE', 'value': '{{ISU.AP_PERF_INSTS_BSM}}'}, {'type': 'VARIABLE', 'value': '{{ISU.AP_PERF_INSTS_BSM}}'}]
2026-06-26 13:20:59,058 INFO utils.complier: analyse  formula:[]
2026-06-26 13:20:59,059 INFO utils.complier: analyse  formula:[]
2026-06-26 13:20:59,059 INFO utils.complier: analyse  formula:[{'type': 'VARIABLE', 'value': '{{ISU.AP_PERF_BSM_RD_CYCLES}}'}, {'type': 'VARIABLE', 'value': '{{ISU.AP_PERF_BSM_WR_CYCLES}}'}, {'type': 'VARIABLE', 'value': '{{ISU.AP_PERF_BSM_ATOMIC_CYCLES}}'}, {'type': 'VARIABLE', 'value': '{{ISU.AP_PERF_BSM_CONFLICT_CYCLES}}'}]
2026-06-26 13:20:59,059 INFO utils.complier: analyse  formula:[]
2026-06-26 13:20:59,060 INFO utils.complier: analyse  formula:[]
2026-06-26 13:20:59,061 INFO utils.complier: analyse  formula:[{'type': 'PROC_VAR', 'value': '$all_cycle'}, {'type': 'PROC_VAR', 'value': '$conflict_cycle'}, {'type': 'PROC_VAR', 'value': '$rate'}, {'type': 'PROC_VAR', 'value': '$all_cycle'}, {'type': 'PROC_VAR', 'value': '$conflict_cycle'}, {'type': 'PROC_VAR', 'value': '$all_cycle'}, {'type': 'PROC_VAR', 'value': '$all_cycle'}, {'type': 'PROC_VAR', 'value': '$RET'}, {'type': 'PROC_VAR', 'value': '$rate'}]
2026-06-26 13:20:59,062 INFO utils.complier: analyse  formula:[]
2026-06-26 13:20:59,063 INFO utils.complier: analyse  formula:[{'type': 'VARIABLE', 'value': '{{ISU.AP_PERF_BSM_RD_CYCLES}}'}, {'type': 'VARIABLE', 'value': '{{ISU.AP_PERF_BSM_WR_CYCLES}}'}, {'type': 'VARIABLE', 'value': '{{ISU.AP_PERF_BSM_ATOMIC_CYCLES}}'}, {'type': 'VARIABLE', 'value': '{{ISU.AP_PERF_BSM_CONFLICT_CYCLES}}'}]
2026-06-26 13:20:59,065 INFO utils.complier: analyse  formula:[]
2026-06-26 13:20:59,067 INFO utils.complier: analyse  formula:[]
2026-06-26 13:20:59,067 INFO utils.complier: analyse  formula:[{'type': 'VARIABLE', 'value': '{{ISU.AP_PERF_WAVES}}'}]
2026-06-26 13:20:59,067 INFO utils.complier: analyse  formula:[]
2026-06-26 13:20:59,067 INFO utils.complier: analyse  formula:[]
2026-06-26 13:20:59,067 INFO utils.complier: analyse  formula:[{'type': 'PROC_VAR', 'value': '$RET'}]
2026-06-26 13:20:59,067 INFO utils.complier: analyse  formula:[]
2026-06-26 13:20:59,067 INFO utils.complier: analyse  formula:[{'type': 'VARIABLE', 'value': '{{ISU.AP_PERF_WAVES}}'}]
2026-06-26 13:20:59,068 INFO utils.complier: analyse  formula:[]
2026-06-26 13:20:59,068 INFO utils.complier: analyse  formula:[]
2026-06-26 13:20:59,068 INFO utils.complier: analyse  formula:[{'type': 'VARIABLE', 'value': '{{RM.RM_PERF_DISPATCHED_WAVES_P0}}'}, {'type': 'VARIABLE', 'value': '{{RM.RM_PERF_DISPATCHED_WAVES_P1}}'}, {'type': 'VARIABLE', 'value': '{{RM.RM_PERF_DISPATCHED_WAVES_P2}}'}, {'type': 'VARIABLE', 'value': '{{RM.RM_PERF_DISPATCHED_WAVES_P3}}'}]
2026-06-26 13:20:59,068 INFO utils.complier: analyse  formula:[]
2026-06-26 13:20:59,068 INFO utils.complier: analyse  formula:[]
2026-06-26 13:20:59,068 INFO utils.complier: analyse  formula:[{'type': 'PROC_VAR', 'value': '$RET'}]
2026-06-26 13:20:59,069 INFO utils.complier: analyse  formula:[]
2026-06-26 13:20:59,069 INFO utils.complier: analyse  formula:[{'type': 'VARIABLE', 'value': '{{RM.RM_PERF_DISPATCHED_WAVES_P0}}'}, {'type': 'VARIABLE', 'value': '{{RM.RM_PERF_DISPATCHED_WAVES_P1}}'}, {'type': 'VARIABLE', 'value': '{{RM.RM_PERF_DISPATCHED_WAVES_P2}}'}, {'type': 'VARIABLE', 'value': '{{RM.RM_PERF_DISPATCHED_WAVES_P3}}'}]
2026-06-26 13:20:59,069 INFO utils.complier: analyse  formula:[]
2026-06-26 13:20:59,070 INFO utils.complier: analyse  formula:[]
2026-06-26 13:20:59,070 INFO utils.complier: analyse  formula:[{'type': 'VARIABLE', 'value': '{{ISU.AP_PERF_ISU_AP_BUSY}}'}]
2026-06-26 13:20:59,070 INFO utils.complier: analyse  formula:[]
2026-06-26 13:20:59,070 INFO utils.complier: analyse  formula:[]
2026-06-26 13:20:59,070 INFO utils.complier: analyse  formula:[{'type': 'PROC_VAR', 'value': '$RET'}]
2026-06-26 13:20:59,070 INFO utils.complier: analyse  formula:[]
2026-06-26 13:20:59,070 INFO utils.complier: analyse  formula:[{'type': 'VARIABLE', 'value': '{{ISU.AP_PERF_ISU_AP_BUSY}}'}]
2026-06-26 13:20:59,071 INFO utils.complier: analyse  formula:[]
2026-06-26 13:20:59,071 INFO utils.complier: analyse  formula:[]
2026-06-26 13:20:59,071 INFO utils.complier: analyse  formula:[{'type': 'VARIABLE', 'value': '{{ISU.AP_PERF_INST_TRANS_FP16}}'}, {'type': 'VARIABLE', 'value': '{{ISU.AP_PERF_INST_TRANS_FP32}}'}, {'type': 'VARIABLE', 'value': '{{ISU.AP_PERF_MTE_PI_SEG_SEL_F64}}'}, {'type': 'VARIABLE', 'value': '{{ISU.AP_PERF_INST_CYCLES_VALU_4CYCLES}}'}, {'type': 'VARIABLE', 'value': '{{ISU.AP_PERF_ISU_AP_BUSY}}'}]
2026-06-26 13:20:59,071 INFO utils.complier: analyse  formula:[]
2026-06-26 13:20:59,072 INFO utils.complier: analyse  formula:[]
2026-06-26 13:20:59,073 INFO utils.complier: analyse  formula:[{'type': 'PROC_VAR', 'value': '$ap_trans_real'}, {'type': 'PROC_VAR', 'value': '$ap_perf_inst_cycles_valu_real_16'}, {'type': 'PROC_VAR', 'value': '$ap_trans_real'}, {'type': 'PROC_VAR', 'value': '$ap_perf_inst_cycles_valu_real'}, {'type': 'PROC_VAR', 'value': '$ap_perf_inst_cycles_valu_real_16'}, {'type': 'PROC_VAR', 'value': '$RET'}, {'type': 'PROC_VAR', 'value': '$ap_perf_inst_cycles_valu_real'}]
2026-06-26 13:20:59,075 INFO utils.complier: analyse  formula:[]
2026-06-26 13:20:59,077 INFO utils.complier: analyse  formula:[{'type': 'VARIABLE', 'value': '{{ISU.AP_PERF_INST_TRANS_FP16}}'}, {'type': 'VARIABLE', 'value': '{{ISU.AP_PERF_INST_TRANS_FP32}}'}, {'type': 'VARIABLE', 'value': '{{ISU.AP_PERF_MTE_PI_SEG_SEL_F64}}'}, {'type': 'VARIABLE', 'value': '{{ISU.AP_PERF_INST_CYCLES_VALU_4CYCLES}}'}, {'type': 'VARIABLE', 'value': '{{ISU.AP_PERF_ISU_AP_BUSY}}'}]
2026-06-26 13:20:59,079 INFO utils.complier: analyse  formula:[]
2026-06-26 13:20:59,081 INFO utils.complier: analyse  formula:[]
2026-06-26 13:20:59,081 INFO utils.complier: analyse  formula:[{'type': 'VARIABLE', 'value': '{{ISU.AP_PERF_INSTS_SALU}}'}, {'type': 'VARIABLE', 'value': '{{ISU.AP_PERF_ISU_AP_BUSY}}'}]
2026-06-26 13:20:59,081 INFO utils.complier: analyse  formula:[]
2026-06-26 13:20:59,082 INFO utils.complier: analyse  formula:[]
2026-06-26 13:20:59,082 INFO utils.complier: analyse  formula:[{'type': 'PROC_VAR', 'value': '$RET'}]
2026-06-26 13:20:59,082 INFO utils.complier: analyse  formula:[]
2026-06-26 13:20:59,082 INFO utils.complier: analyse  formula:[{'type': 'VARIABLE', 'value': '{{ISU.AP_PERF_INSTS_SALU}}'}, {'type': 'VARIABLE', 'value': '{{ISU.AP_PERF_ISU_AP_BUSY}}'}]
2026-06-26 13:20:59,083 INFO utils.complier: analyse  formula:[]
2026-06-26 13:20:59,083 INFO utils.complier: analyse  formula:[]
2026-06-26 13:20:59,083 INFO utils.complier: analyse  formula:[{'type': 'VARIABLE', 'value': '{{ISU.AP_PERF_INST_CYCLES_MMA}}'}, {'type': 'VARIABLE', 'value': '{{ISU.AP_PERF_ISU_AP_BUSY}}'}]
2026-06-26 13:20:59,083 INFO utils.complier: analyse  formula:[]
2026-06-26 13:20:59,083 INFO utils.complier: analyse  formula:[]
2026-06-26 13:20:59,084 INFO utils.complier: analyse  formula:[{'type': 'PROC_VAR', 'value': '$RET'}]
2026-06-26 13:20:59,084 INFO utils.complier: analyse  formula:[]
2026-06-26 13:20:59,084 INFO utils.complier: analyse  formula:[{'type': 'VARIABLE', 'value': '{{ISU.AP_PERF_INST_CYCLES_MMA}}'}, {'type': 'VARIABLE', 'value': '{{ISU.AP_PERF_ISU_AP_BUSY}}'}]
2026-06-26 13:20:59,084 INFO utils.complier: analyse  formula:[]
2026-06-26 13:20:59,085 INFO utils.complier: analyse  formula:[]
2026-06-26 13:20:59,085 INFO utils.complier: analyse  formula:[{'type': 'VARIABLE', 'value': '{{VLS.PERFEVENT_VLS_ACTIVE}}'}, {'type': 'VARIABLE', 'value': '{{ISU.AP_PERF_ISU_AP_BUSY}}'}]
2026-06-26 13:20:59,085 INFO utils.complier: analyse  formula:[]
2026-06-26 13:20:59,085 INFO utils.complier: analyse  formula:[]
2026-06-26 13:20:59,085 INFO utils.complier: analyse  formula:[{'type': 'PROC_VAR', 'value': '$RET'}]
2026-06-26 13:20:59,086 INFO utils.complier: analyse  formula:[]
2026-06-26 13:20:59,086 INFO utils.complier: analyse  formula:[{'type': 'VARIABLE', 'value': '{{VLS.PERFEVENT_VLS_ACTIVE}}'}, {'type': 'VARIABLE', 'value': '{{ISU.AP_PERF_ISU_AP_BUSY}}'}]
2026-06-26 13:20:59,086 INFO utils.complier: analyse  formula:[]
2026-06-26 13:20:59,086 INFO utils.complier: analyse  formula:[]
2026-06-26 13:20:59,086 INFO utils.complier: analyse  formula:[{'type': 'VARIABLE', 'value': '{{L2C.perf_req}}'}, {'type': 'VARIABLE', 'value': '{{L2C.1_b1}}'}]
2026-06-26 13:20:59,087 INFO utils.complier: analyse  formula:[]
2026-06-26 13:20:59,087 INFO utils.complier: analyse  formula:[]
2026-06-26 13:20:59,087 INFO utils.complier: analyse  formula:[{'type': 'PROC_VAR', 'value': '$RET'}]
2026-06-26 13:20:59,087 INFO utils.complier: analyse  formula:[]
2026-06-26 13:20:59,087 INFO utils.complier: analyse  formula:[{'type': 'VARIABLE', 'value': '{{L2C.perf_req}}'}, {'type': 'VARIABLE', 'value': '{{L2C.1_b1}}'}]
2026-06-26 13:20:59,088 INFO utils.complier: analyse  formula:[]
2026-06-26 13:20:59,088 INFO utils.complier: analyse  formula:[]
2026-06-26 13:20:59,088 INFO utils.complier: analyse  formula:[{'type': 'VARIABLE', 'value': '{{ISU.AP_PERF_ISU_AP_BUSY}}'}]
2026-06-26 13:20:59,088 INFO utils.complier: analyse  formula:[]
2026-06-26 13:20:59,088 INFO utils.complier: analyse  formula:[{'type': 'PRE_VAR', 'value': '@total_instruction_num'}]
2026-06-26 13:20:59,089 INFO utils.complier: analyse  formula:[{'type': 'PROC_VAR', 'value': '$max_ap_cycle'}, {'type': 'PROC_VAR', 'value': '$RET'}, {'type': 'PROC_VAR', 'value': '$max_ap_cycle'}]
2026-06-26 13:20:59,089 INFO utils.complier: analyse  formula:[]
2026-06-26 13:20:59,089 INFO utils.complier: analyse  formula:[{'type': 'VARIABLE', 'value': '{{ISU.AP_PERF_ISU_AP_BUSY}}'}]
2026-06-26 13:20:59,090 INFO utils.complier: analyse  formula:[{'type': 'PRE_VAR', 'value': '@total_instruction_num'}]
2026-06-26 13:20:59,091 INFO utils.complier: analyse  formula:[]
2026-06-26 13:20:59,091 INFO utils.complier: analyse  formula:[{'type': 'VARIABLE_DICT', 'value': '{{{ISU.AP_PERF_INSTS_VALU}}}'}, {'type': 'VARIABLE', 'value': '{{ISU.AP_PERF_ISU_AP_BUSY}}'}]
2026-06-26 13:20:59,091 INFO utils.complier: analyse  formula:[]
2026-06-26 13:20:59,091 INFO utils.complier: analyse  formula:[{'type': 'PRE_VAR', 'value': '@total_instruction_num'}]
2026-06-26 13:20:59,092 INFO utils.complier: analyse  formula:[{'type': 'PROC_VAR', 'value': '$ap_num'}, {'type': 'PROC_VAR', 'value': '$max_ap_cycle'}, {'type': 'PROC_VAR', 'value': '$RET'}, {'type': 'PROC_VAR', 'value': '$max_ap_cycle'}, {'type': 'PROC_VAR', 'value': '$ap_num'}]
2026-06-26 13:20:59,093 INFO utils.complier: analyse  formula:[{'type': 'VARIABLE_DICT', 'value': '{{{ISU.AP_PERF_INSTS_VALU}}}'}]
2026-06-26 13:20:59,094 INFO utils.complier: analyse  formula:[{'type': 'VARIABLE', 'value': '{{ISU.AP_PERF_ISU_AP_BUSY}}'}]
2026-06-26 13:20:59,095 INFO utils.complier: analyse  formula:[{'type': 'PRE_VAR', 'value': '@total_instruction_num'}]
2026-06-26 13:20:59,096 INFO utils.complier: analyse  formula:[]
2026-06-26 13:20:59,096 INFO utils.complier: analyse  formula:[{'type': 'VARIABLE_DICT', 'value': '{{{ISU.AP_PERF_INSTS_VALU}}}'}, {'type': 'VARIABLE', 'value': '{{ISU.AP_PERF_ISU_AP_BUSY}}'}]
2026-06-26 13:20:59,096 INFO utils.complier: analyse  formula:[]
2026-06-26 13:20:59,097 INFO utils.complier: analyse  formula:[{'type': 'PRE_VAR', 'value': '@total_instruction_num'}]
2026-06-26 13:20:59,097 INFO utils.complier: analyse  formula:[{'type': 'PROC_VAR', 'value': '$ap_num'}, {'type': 'PROC_VAR', 'value': '$max_ap_cycle'}, {'type': 'PROC_VAR', 'value': '$RET'}, {'type': 'PROC_VAR', 'value': '$max_ap_cycle'}, {'type': 'PROC_VAR', 'value': '$ap_num'}]
2026-06-26 13:20:59,098 INFO utils.complier: analyse  formula:[{'type': 'VARIABLE_DICT', 'value': '{{{ISU.AP_PERF_INSTS_VALU}}}'}]
2026-06-26 13:20:59,099 INFO utils.complier: analyse  formula:[{'type': 'VARIABLE', 'value': '{{ISU.AP_PERF_ISU_AP_BUSY}}'}]
2026-06-26 13:20:59,100 INFO utils.complier: analyse  formula:[{'type': 'PRE_VAR', 'value': '@total_instruction_num'}]
2026-06-26 13:20:59,101 INFO utils.complier: analyse  formula:[]
2026-06-26 13:20:59,101 INFO utils.complier: analyse  formula:[{'type': 'VARIABLE', 'value': '{{ISU.AP_PERF_INSTS_VALU}}'}, {'type': 'VARIABLE', 'value': '{{ISU.AP_PERF_INSTS_MMA}}'}, {'type': 'VARIABLE', 'value': '{{ISU.AP_PERF_INSTS_SALU}}'}, {'type': 'VARIABLE', 'value': '{{ISU.AP_PERF_INSTS_GVM}}'}, {'type': 'VARIABLE', 'value': '{{ISU.AP_PERF_INSTS_BSM}}'}, {'type': 'VARIABLE', 'value': '{{ISU.AP_PERF_INSTS_LDU}}'}, {'type': 'VARIABLE', 'value': '{{ISU.AP_PERF_INST_MISC}}'}, {'type': 'VARIABLE', 'value': '{{ISU.AP_PERF_ISU_AP_BUSY}}'}]
2026-06-26 13:20:59,101 INFO utils.complier: analyse  formula:[]
2026-06-26 13:20:59,102 INFO utils.complier: analyse  formula:[]
2026-06-26 13:20:59,103 INFO utils.complier: analyse  formula:[{'type': 'PROC_VAR', 'value': '$RET'}, {'type': 'PROC_VAR', 'value': '$max_ap_cycle'}]
2026-06-26 13:20:59,104 INFO utils.complier: analyse  formula:[]
2026-06-26 13:20:59,104 INFO utils.complier: analyse  formula:[{'type': 'VARIABLE', 'value': '{{ISU.AP_PERF_INSTS_VALU}}'}, {'type': 'VARIABLE', 'value': '{{ISU.AP_PERF_INSTS_MMA}}'}, {'type': 'VARIABLE', 'value': '{{ISU.AP_PERF_INSTS_SALU}}'}, {'type': 'VARIABLE', 'value': '{{ISU.AP_PERF_INSTS_GVM}}'}, {'type': 'VARIABLE', 'value': '{{ISU.AP_PERF_INSTS_BSM}}'}, {'type': 'VARIABLE', 'value': '{{ISU.AP_PERF_INSTS_LDU}}'}, {'type': 'VARIABLE', 'value': '{{ISU.AP_PERF_INST_MISC}}'}, {'type': 'VARIABLE', 'value': '{{ISU.AP_PERF_ISU_AP_BUSY}}'}]
2026-06-26 13:20:59,105 INFO utils.complier: analyse  formula:[]
2026-06-26 13:20:59,106 INFO utils.complier: analyse  formula:[]
2026-06-26 13:20:59,107 INFO utils.complier: analyse  formula:[{'type': 'VARIABLE_DICT', 'value': '{{{ISU.AP_PERF_INSTS_VALU}}}'}, {'type': 'VARIABLE', 'value': '{{ISU.AP_PERF_INSTS_VALU}}'}, {'type': 'VARIABLE', 'value': '{{ISU.AP_PERF_INSTS_MMA}}'}, {'type': 'VARIABLE', 'value': '{{ISU.AP_PERF_INSTS_SALU}}'}, {'type': 'VARIABLE', 'value': '{{ISU.AP_PERF_INSTS_GVM}}'}, {'type': 'VARIABLE', 'value': '{{ISU.AP_PERF_INSTS_BSM}}'}, {'type': 'VARIABLE', 'value': '{{ISU.AP_PERF_INSTS_LDU}}'}, {'type': 'VARIABLE', 'value': '{{ISU.AP_PERF_INST_MISC}}'}, {'type': 'VARIABLE', 'value': '{{ISU.AP_PERF_ISU_AP_BUSY}}'}]
2026-06-26 13:20:59,107 INFO utils.complier: analyse  formula:[]
2026-06-26 13:20:59,108 INFO utils.complier: analyse  formula:[]
2026-06-26 13:20:59,110 INFO utils.complier: analyse  formula:[{'type': 'PROC_VAR', 'value': '$ap_num'}, {'type': 'PROC_VAR', 'value': '$Total_Num'}, {'type': 'PROC_VAR', 'value': '$max_ap_cycle'}, {'type': 'PROC_VAR', 'value': '$RET'}, {'type': 'PROC_VAR', 'value': '$Total_Num'}, {'type': 'PROC_VAR', 'value': '$ap_num'}]
2026-06-26 13:20:59,111 INFO utils.complier: analyse  formula:[{'type': 'VARIABLE_DICT', 'value': '{{{ISU.AP_PERF_INSTS_VALU}}}'}]
2026-06-26 13:20:59,112 INFO utils.complier: analyse  formula:[{'type': 'VARIABLE', 'value': '{{ISU.AP_PERF_INSTS_VALU}}'}, {'type': 'VARIABLE', 'value': '{{ISU.AP_PERF_INSTS_MMA}}'}, {'type': 'VARIABLE', 'value': '{{ISU.AP_PERF_INSTS_SALU}}'}, {'type': 'VARIABLE', 'value': '{{ISU.AP_PERF_INSTS_GVM}}'}, {'type': 'VARIABLE', 'value': '{{ISU.AP_PERF_INSTS_BSM}}'}, {'type': 'VARIABLE', 'value': '{{ISU.AP_PERF_INSTS_LDU}}'}, {'type': 'VARIABLE', 'value': '{{ISU.AP_PERF_INST_MISC}}'}, {'type': 'VARIABLE', 'value': '{{ISU.AP_PERF_ISU_AP_BUSY}}'}]
2026-06-26 13:20:59,113 INFO utils.complier: analyse  formula:[]
2026-06-26 13:20:59,115 INFO utils.complier: analyse  formula:[]
2026-06-26 13:20:59,118 INFO utils.complier: analyse  formula:[{'type': 'VARIABLE', 'value': '{{ISU.AP_PERF_INSTS_VALU}}'}, {'type': 'VARIABLE', 'value': '{{ISU.AP_PERF_INST_FMA_F32}}'}, {'type': 'VARIABLE', 'value': '{{ISU.AP_PERF_INST_FMA_F64}}'}, {'type': 'VARIABLE', 'value': '{{ISU.AP_PERF_INST_TRANS_FP16}}'}, {'type': 'VARIABLE', 'value': '{{ISU.AP_PERF_INST_TRANS_FP32}}'}, {'type': 'VARIABLE', 'value': '{{ISU.AP_PERF_MTE_PI_SEG_SEL_F64}}'}, {'type': 'VARIABLE', 'value': '{{ISU.AP_PERF_MTE_PI_SEG_SEL_F64}}'}, {'type': 'VARIABLE', 'value': '{{ISU.AP_PERF_INST_FMA_F32}}'}, {'type': 'VARIABLE', 'value': '{{ISU.AP_PERF_INST_FMA_F64}}'}, {'type': 'VARIABLE', 'value': '{{ISU.AP_PERF_INST_TRANS_FP16}}'}, {'type': 'VARIABLE', 'value': '{{ISU.AP_PERF_INST_TRANS_FP32}}'}, {'type': 'VARIABLE', 'value': '{{ISU.AP_PERF_INST_MMA_INT8}}'}, {'type': 'VARIABLE', 'value': '{{ISU.AP_PERF_INST_MMA_FP16}}'}, {'type': 'VARIABLE', 'value': '{{ISU.AP_PERF_INST_MMA_BF16}}'}, {'type': 'VARIABLE', 'value': '{{ISU.AP_PERF_INST_MMA_TF32}}'}, {'type': 'VARIABLE', 'value': '{{ISU.AP_PERF_INST_MMA_F32}}'}, {'type': 'VARIABLE', 'value': '{{ISU.AP_PERF_INST_MMA_F64}}'}, {'type': 'VARIABLE', 'value': '{{ISU.AP_PERF_INST_MMA_TF64}}'}, {'type': 'VARIABLE', 'value': '{{L2C.perf_dnoc_rdreq_32B}}'}, {'type': 'VARIABLE', 'value': '{{L2C.perf_dnoc_rdreq_64B}}'}, {'type': 'VARIABLE', 'value': '{{L2C.perf_dnoc_rdreq_128B}}'}, {'type': 'VARIABLE', 'value': '{{L2C.perf_dnoc_wrreq_32B_low}}'}, {'type': 'VARIABLE', 'value': '{{L2C.perf_dnoc_wrreq_32B_high}}'}, {'type': 'VARIABLE', 'value': '{{L2C.perf_dnoc_wrreq_64B}}'}, {'type': 'VARIABLE', 'value': '{{L2C.perf_dnoc_wrreq_128B}}'}, {'type': 'VARIABLE', 'value': '{{VL1.p_perf_thread_req_cnt}}'}, {'type': 'VARIABLE', 'value': '{{VL1.perf_inflt_rd_req}}'}, {'type': 'VARIABLE', 'value': '{{ISU.AP_PERF_ISU_AP_BUSY}}'}, {'type': 'VARIABLE_DICT', 'value': '{{{ISU.AP_PERF_ISU_AP_BUSY}}}'}]
2026-06-26 13:20:59,120 INFO utils.complier: analyse  formula:[]
2026-06-26 13:20:59,123 INFO utils.complier: analyse  formula:[]
2026-06-26 13:20:59,129 INFO utils.complier: analyse  formula:[{'type': 'PROC_VAR', 'value': '$valu_inst_all'}, {'type': 'PROC_VAR', 'value': '$valu_64'}, {'type': 'PROC_VAR', 'value': '$valu_inst_all'}, {'type': 'PROC_VAR', 'value': '$fma_128'}, {'type': 'PROC_VAR', 'value': '$trans_16'}, {'type': 'PROC_VAR', 'value': '$mma_4k'}, {'type': 'PROC_VAR', 'value': '$mma_2k'}, {'type': 'PROC_VAR', 'value': '$mma_1k'}, {'type': 'PROC_VAR', 'value': '$mma_256'}, {'type': 'PROC_VAR', 'value': '$all_ops'}, {'type': 'PROC_VAR', 'value': '$fma_128'}, {'type': 'PROC_VAR', 'value': '$trans_16'}, {'type': 'PROC_VAR', 'value': '$mma_4k'}, {'type': 'PROC_VAR', 'value': '$mma_2k'}, {'type': 'PROC_VAR', 'value': '$mma_1k'}, {'type': 'PROC_VAR', 'value': '$mma_256'}, {'type': 'PROC_VAR', 'value': '$valu_64'}, {'type': 'PROC_VAR', 'value': '$all_memacs'}, {'type': 'PROC_VAR', 'value': '$vl1_memacs'}, {'type': 'PROC_VAR', 'value': '$l2c_memacs'}, {'type': 'PROC_VAR', 'value': '$during'}, {'type': 'PROC_VAR', 'value': '$ap_num'}, {'type': 'PROC_VAR', 'value': '$RET'}, {'type': 'PROC_VAR', 'value': '$all_ops'}, {'type': 'PROC_VAR', 'value': '$all_memacs'}, {'type': 'PROC_VAR', 'value': '$during'}, {'type': 'PROC_VAR', 'value': '$ap_num'}, {'type': 'PROC_VAR', 'value': '$vl1_memacs'}, {'type': 'PROC_VAR', 'value': '$l2c_memacs'}]
2026-06-26 13:20:59,135 INFO utils.complier: analyse  formula:[{'type': 'VARIABLE_DICT', 'value': '{{{ISU.AP_PERF_ISU_AP_BUSY}}}'}]
2026-06-26 13:20:59,140 INFO utils.complier: analyse  formula:[{'type': 'VARIABLE', 'value': '{{ISU.AP_PERF_INSTS_VALU}}'}, {'type': 'VARIABLE', 'value': '{{ISU.AP_PERF_INST_FMA_F32}}'}, {'type': 'VARIABLE', 'value': '{{ISU.AP_PERF_INST_FMA_F64}}'}, {'type': 'VARIABLE', 'value': '{{ISU.AP_PERF_INST_TRANS_FP16}}'}, {'type': 'VARIABLE', 'value': '{{ISU.AP_PERF_INST_TRANS_FP32}}'}, {'type': 'VARIABLE', 'value': '{{ISU.AP_PERF_MTE_PI_SEG_SEL_F64}}'}, {'type': 'VARIABLE', 'value': '{{ISU.AP_PERF_MTE_PI_SEG_SEL_F64}}'}, {'type': 'VARIABLE', 'value': '{{ISU.AP_PERF_INST_FMA_F32}}'}, {'type': 'VARIABLE', 'value': '{{ISU.AP_PERF_INST_FMA_F64}}'}, {'type': 'VARIABLE', 'value': '{{ISU.AP_PERF_INST_TRANS_FP16}}'}, {'type': 'VARIABLE', 'value': '{{ISU.AP_PERF_INST_TRANS_FP32}}'}, {'type': 'VARIABLE', 'value': '{{ISU.AP_PERF_INST_MMA_INT8}}'}, {'type': 'VARIABLE', 'value': '{{ISU.AP_PERF_INST_MMA_FP16}}'}, {'type': 'VARIABLE', 'value': '{{ISU.AP_PERF_INST_MMA_BF16}}'}, {'type': 'VARIABLE', 'value': '{{ISU.AP_PERF_INST_MMA_TF32}}'}, {'type': 'VARIABLE', 'value': '{{ISU.AP_PERF_INST_MMA_F32}}'}, {'type': 'VARIABLE', 'value': '{{ISU.AP_PERF_INST_MMA_F64}}'}, {'type': 'VARIABLE', 'value': '{{ISU.AP_PERF_INST_MMA_TF64}}'}, {'type': 'VARIABLE', 'value': '{{L2C.perf_dnoc_rdreq_32B}}'}, {'type': 'VARIABLE', 'value': '{{L2C.perf_dnoc_rdreq_64B}}'}, {'type': 'VARIABLE', 'value': '{{L2C.perf_dnoc_rdreq_128B}}'}, {'type': 'VARIABLE', 'value': '{{L2C.perf_dnoc_wrreq_32B_low}}'}, {'type': 'VARIABLE', 'value': '{{L2C.perf_dnoc_wrreq_32B_high}}'}, {'type': 'VARIABLE', 'value': '{{L2C.perf_dnoc_wrreq_64B}}'}, {'type': 'VARIABLE', 'value': '{{L2C.perf_dnoc_wrreq_128B}}'}, {'type': 'VARIABLE', 'value': '{{VL1.p_perf_thread_req_cnt}}'}, {'type': 'VARIABLE', 'value': '{{VL1.perf_inflt_rd_req}}'}, {'type': 'VARIABLE', 'value': '{{ISU.AP_PERF_ISU_AP_BUSY}}'}]
2026-06-26 13:20:59,148 INFO utils.complier: analyse  formula:[]
2026-06-26 13:20:59,155 INFO utils.complier: analyse  formula:[]
2026-06-26 13:20:59,195 DEBUG matplotlib.ticker: vmin 1e-05 vmax 13487.104010777435
2026-06-26 13:20:59,195 DEBUG matplotlib.ticker: ticklocs array([], dtype=float64)
2026-06-26 13:20:59,197 DEBUG matplotlib.font_manager: findfont: Matching STIXGeneral:style=normal:variant=normal:weight=normal:stretch=normal:size=10.0.
2026-06-26 13:20:59,197 DEBUG matplotlib.font_manager: findfont: score(<Font 'STIXSizeThreeSym' (STIXSizThreeSymReg.ttf) normal normal 400 normal>) = 10.05
2026-06-26 13:20:59,197 DEBUG matplotlib.font_manager: findfont: score(<Font 'STIXSizeTwoSym' (STIXSizTwoSymBol.ttf) normal normal 700 normal>) = 10.335
2026-06-26 13:20:59,197 DEBUG matplotlib.font_manager: findfont: score(<Font 'STIXSizeThreeSym' (STIXSizThreeSymBol.ttf) normal normal 700 normal>) = 10.335
2026-06-26 13:20:59,197 DEBUG matplotlib.font_manager: findfont: score(<Font 'cmex10' (cmex10.ttf) normal normal 400 normal>) = 10.05
2026-06-26 13:20:59,197 DEBUG matplotlib.font_manager: findfont: score(<Font 'DejaVu Sans' (DejaVuSans-BoldOblique.ttf) oblique normal 700 normal>) = 11.335
2026-06-26 13:20:59,197 DEBUG matplotlib.font_manager: findfont: score(<Font 'DejaVu Serif' (DejaVuSerif.ttf) normal normal 400 normal>) = 10.05
2026-06-26 13:20:59,197 DEBUG matplotlib.font_manager: findfont: score(<Font 'STIXSizeFourSym' (STIXSizFourSymBol.ttf) normal normal 700 normal>) = 10.335
2026-06-26 13:20:59,197 DEBUG matplotlib.font_manager: findfont: score(<Font 'DejaVu Sans' (DejaVuSans-Oblique.ttf) oblique normal 400 normal>) = 11.05
2026-06-26 13:20:59,197 DEBUG matplotlib.font_manager: findfont: score(<Font 'DejaVu Sans Mono' (DejaVuSansMono.ttf) normal normal 400 normal>) = 10.05
2026-06-26 13:20:59,198 DEBUG matplotlib.font_manager: findfont: score(<Font 'STIXGeneral' (STIXGeneralBol.ttf) normal normal 700 normal>) = 0.33499999999999996
2026-06-26 13:20:59,198 DEBUG matplotlib.font_manager: findfont: score(<Font 'STIXSizeFourSym' (STIXSizFourSymReg.ttf) normal normal 400 normal>) = 10.05
2026-06-26 13:20:59,198 DEBUG matplotlib.font_manager: findfont: score(<Font 'cmmi10' (cmmi10.ttf) normal normal 400 normal>) = 10.05
2026-06-26 13:20:59,198 DEBUG matplotlib.font_manager: findfont: score(<Font 'STIXSizeOneSym' (STIXSizOneSymBol.ttf) normal normal 700 normal>) = 10.335
2026-06-26 13:20:59,198 DEBUG matplotlib.font_manager: findfont: score(<Font 'STIXGeneral' (STIXGeneral.ttf) normal normal 400 normal>) = 0.05
2026-06-26 13:20:59,198 DEBUG matplotlib.font_manager: findfont: score(<Font 'cmss10' (cmss10.ttf) normal normal 400 normal>) = 10.05
2026-06-26 13:20:59,198 DEBUG matplotlib.font_manager: findfont: score(<Font 'DejaVu Serif' (DejaVuSerif-Italic.ttf) italic normal 400 normal>) = 11.05
2026-06-26 13:20:59,198 DEBUG matplotlib.font_manager: findfont: score(<Font 'STIXSizeFiveSym' (STIXSizFiveSymReg.ttf) normal normal 400 normal>) = 10.05
2026-06-26 13:20:59,198 DEBUG matplotlib.font_manager: findfont: score(<Font 'DejaVu Sans Display' (DejaVuSansDisplay.ttf) normal normal 400 normal>) = 10.05
2026-06-26 13:20:59,198 DEBUG matplotlib.font_manager: findfont: score(<Font 'STIXGeneral' (STIXGeneralItalic.ttf) italic normal 400 normal>) = 1.05
2026-06-26 13:20:59,198 DEBUG matplotlib.font_manager: findfont: score(<Font 'STIXNonUnicode' (STIXNonUniBolIta.ttf) italic normal 700 normal>) = 11.335
2026-06-26 13:20:59,198 DEBUG matplotlib.font_manager: findfont: score(<Font 'DejaVu Sans Mono' (DejaVuSansMono-Bold.ttf) normal normal 700 normal>) = 10.335
2026-06-26 13:20:59,198 DEBUG matplotlib.font_manager: findfont: score(<Font 'STIXNonUnicode' (STIXNonUniIta.ttf) italic normal 400 normal>) = 11.05
2026-06-26 13:20:59,198 DEBUG matplotlib.font_manager: findfont: score(<Font 'DejaVu Serif' (DejaVuSerif-Bold.ttf) normal normal 700 normal>) = 10.335
2026-06-26 13:20:59,198 DEBUG matplotlib.font_manager: findfont: score(<Font 'cmb10' (cmb10.ttf) normal normal 400 normal>) = 10.05
2026-06-26 13:20:59,198 DEBUG matplotlib.font_manager: findfont: score(<Font 'cmtt10' (cmtt10.ttf) normal normal 400 normal>) = 10.05
2026-06-26 13:20:59,198 DEBUG matplotlib.font_manager: findfont: score(<Font 'STIXGeneral' (STIXGeneralBolIta.ttf) italic normal 700 normal>) = 1.335
2026-06-26 13:20:59,198 DEBUG matplotlib.font_manager: findfont: score(<Font 'STIXSizeTwoSym' (STIXSizTwoSymReg.ttf) normal normal 400 normal>) = 10.05
2026-06-26 13:20:59,198 DEBUG matplotlib.font_manager: findfont: score(<Font 'DejaVu Serif' (DejaVuSerif-BoldItalic.ttf) italic normal 700 normal>) = 11.335
2026-06-26 13:20:59,198 DEBUG matplotlib.font_manager: findfont: score(<Font 'STIXNonUnicode' (STIXNonUniBol.ttf) normal normal 700 normal>) = 10.335
2026-06-26 13:20:59,198 DEBUG matplotlib.font_manager: findfont: score(<Font 'cmr10' (cmr10.ttf) normal normal 400 normal>) = 10.05
2026-06-26 13:20:59,198 DEBUG matplotlib.font_manager: findfont: score(<Font 'DejaVu Serif Display' (DejaVuSerifDisplay.ttf) normal normal 400 normal>) = 10.05
2026-06-26 13:20:59,198 DEBUG matplotlib.font_manager: findfont: score(<Font 'DejaVu Sans Mono' (DejaVuSansMono-BoldOblique.ttf) oblique normal 700 normal>) = 11.335
2026-06-26 13:20:59,198 DEBUG matplotlib.font_manager: findfont: score(<Font 'STIXSizeOneSym' (STIXSizOneSymReg.ttf) normal normal 400 normal>) = 10.05
2026-06-26 13:20:59,198 DEBUG matplotlib.font_manager: findfont: score(<Font 'DejaVu Sans Mono' (DejaVuSansMono-Oblique.ttf) oblique normal 400 normal>) = 11.05
2026-06-26 13:20:59,198 DEBUG matplotlib.font_manager: findfont: score(<Font 'STIXNonUnicode' (STIXNonUni.ttf) normal normal 400 normal>) = 10.05
2026-06-26 13:20:59,198 DEBUG matplotlib.font_manager: findfont: score(<Font 'cmsy10' (cmsy10.ttf) normal normal 400 normal>) = 10.05
2026-06-26 13:20:59,198 DEBUG matplotlib.font_manager: findfont: score(<Font 'DejaVu Sans' (DejaVuSans.ttf) normal normal 400 normal>) = 10.05
2026-06-26 13:20:59,198 DEBUG matplotlib.font_manager: findfont: score(<Font 'DejaVu Sans' (DejaVuSans-Bold.ttf) normal normal 700 normal>) = 10.335
2026-06-26 13:20:59,198 DEBUG matplotlib.font_manager: findfont: score(<Font 'DejaVu Sans' (DejaVuSans.ttf) normal normal 400 normal>) = 10.05
2026-06-26 13:20:59,198 DEBUG matplotlib.font_manager: findfont: score(<Font 'DejaVu Sans' (DejaVuSans-Bold.ttf) normal normal 700 normal>) = 10.335
2026-06-26 13:20:59,198 DEBUG matplotlib.font_manager: findfont: score(<Font 'DejaVu Sans Mono' (DejaVuSansMono.ttf) normal normal 400 normal>) = 10.05
2026-06-26 13:20:59,198 DEBUG matplotlib.font_manager: findfont: score(<Font 'DejaVu Serif' (DejaVuSerif-Bold.ttf) normal normal 700 normal>) = 10.335
2026-06-26 13:20:59,198 DEBUG matplotlib.font_manager: findfont: score(<Font 'DejaVu Sans Mono' (DejaVuSansMono-Bold.ttf) normal normal 700 normal>) = 10.335
2026-06-26 13:20:59,199 DEBUG matplotlib.font_manager: findfont: score(<Font 'DejaVu Serif' (DejaVuSerif.ttf) normal normal 400 normal>) = 10.05
2026-06-26 13:20:59,199 DEBUG matplotlib.font_manager: findfont: Matching STIXGeneral:style=normal:variant=normal:weight=normal:stretch=normal:size=10.0 to STIXGeneral ('/tmp/_MEIl3XpmA/matplotlib/mpl-data/fonts/ttf/STIXGeneral.ttf') with score of 0.050000.
2026-06-26 13:20:59,199 DEBUG matplotlib.font_manager: findfont: Matching STIXGeneral:style=italic:variant=normal:weight=normal:stretch=normal:size=10.0.
2026-06-26 13:20:59,199 DEBUG matplotlib.font_manager: findfont: score(<Font 'STIXSizeThreeSym' (STIXSizThreeSymReg.ttf) normal normal 400 normal>) = 11.05
2026-06-26 13:20:59,199 DEBUG matplotlib.font_manager: findfont: score(<Font 'STIXSizeTwoSym' (STIXSizTwoSymBol.ttf) normal normal 700 normal>) = 11.335
2026-06-26 13:20:59,199 DEBUG matplotlib.font_manager: findfont: score(<Font 'STIXSizeThreeSym' (STIXSizThreeSymBol.ttf) normal normal 700 normal>) = 11.335
2026-06-26 13:20:59,199 DEBUG matplotlib.font_manager: findfont: score(<Font 'cmex10' (cmex10.ttf) normal normal 400 normal>) = 11.05
2026-06-26 13:20:59,199 DEBUG matplotlib.font_manager: findfont: score(<Font 'DejaVu Sans' (DejaVuSans-BoldOblique.ttf) oblique normal 700 normal>) = 10.434999999999999
2026-06-26 13:20:59,199 DEBUG matplotlib.font_manager: findfont: score(<Font 'DejaVu Serif' (DejaVuSerif.ttf) normal normal 400 normal>) = 11.05
2026-06-26 13:20:59,199 DEBUG matplotlib.font_manager: findfont: score(<Font 'STIXSizeFourSym' (STIXSizFourSymBol.ttf) normal normal 700 normal>) = 11.335
2026-06-26 13:20:59,199 DEBUG matplotlib.font_manager: findfont: score(<Font 'DejaVu Sans' (DejaVuSans-Oblique.ttf) oblique normal 400 normal>) = 10.15
2026-06-26 13:20:59,199 DEBUG matplotlib.font_manager: findfont: score(<Font 'DejaVu Sans Mono' (DejaVuSansMono.ttf) normal normal 400 normal>) = 11.05
2026-06-26 13:20:59,199 DEBUG matplotlib.font_manager: findfont: score(<Font 'STIXGeneral' (STIXGeneralBol.ttf) normal normal 700 normal>) = 1.335
2026-06-26 13:20:59,199 DEBUG matplotlib.font_manager: findfont: score(<Font 'STIXSizeFourSym' (STIXSizFourSymReg.ttf) normal normal 400 normal>) = 11.05
2026-06-26 13:20:59,199 DEBUG matplotlib.font_manager: findfont: score(<Font 'cmmi10' (cmmi10.ttf) normal normal 400 normal>) = 11.05
2026-06-26 13:20:59,199 DEBUG matplotlib.font_manager: findfont: score(<Font 'STIXSizeOneSym' (STIXSizOneSymBol.ttf) normal normal 700 normal>) = 11.335
2026-06-26 13:20:59,199 DEBUG matplotlib.font_manager: findfont: score(<Font 'STIXGeneral' (STIXGeneral.ttf) normal normal 400 normal>) = 1.05
2026-06-26 13:20:59,199 DEBUG matplotlib.font_manager: findfont: score(<Font 'cmss10' (cmss10.ttf) normal normal 400 normal>) = 11.05
2026-06-26 13:20:59,199 DEBUG matplotlib.font_manager: findfont: score(<Font 'DejaVu Serif' (DejaVuSerif-Italic.ttf) italic normal 400 normal>) = 10.05
2026-06-26 13:20:59,200 DEBUG matplotlib.font_manager: findfont: score(<Font 'STIXSizeFiveSym' (STIXSizFiveSymReg.ttf) normal normal 400 normal>) = 11.05
2026-06-26 13:20:59,200 DEBUG matplotlib.font_manager: findfont: score(<Font 'DejaVu Sans Display' (DejaVuSansDisplay.ttf) normal normal 400 normal>) = 11.05
2026-06-26 13:20:59,200 DEBUG matplotlib.font_manager: findfont: score(<Font 'STIXGeneral' (STIXGeneralItalic.ttf) italic normal 400 normal>) = 0.05
2026-06-26 13:20:59,200 DEBUG matplotlib.font_manager: findfont: score(<Font 'STIXNonUnicode' (STIXNonUniBolIta.ttf) italic normal 700 normal>) = 10.335
2026-06-26 13:20:59,200 DEBUG matplotlib.font_manager: findfont: score(<Font 'DejaVu Sans Mono' (DejaVuSansMono-Bold.ttf) normal normal 700 normal>) = 11.335
2026-06-26 13:20:59,200 DEBUG matplotlib.font_manager: findfont: score(<Font 'STIXNonUnicode' (STIXNonUniIta.ttf) italic normal 400 normal>) = 10.05
2026-06-26 13:20:59,200 DEBUG matplotlib.font_manager: findfont: score(<Font 'DejaVu Serif' (DejaVuSerif-Bold.ttf) normal normal 700 normal>) = 11.335
2026-06-26 13:20:59,200 DEBUG matplotlib.font_manager: findfont: score(<Font 'cmb10' (cmb10.ttf) normal normal 400 normal>) = 11.05
2026-06-26 13:20:59,200 DEBUG matplotlib.font_manager: findfont: score(<Font 'cmtt10' (cmtt10.ttf) normal normal 400 normal>) = 11.05
2026-06-26 13:20:59,200 DEBUG matplotlib.font_manager: findfont: score(<Font 'STIXGeneral' (STIXGeneralBolIta.ttf) italic normal 700 normal>) = 0.33499999999999996
2026-06-26 13:20:59,200 DEBUG matplotlib.font_manager: findfont: score(<Font 'STIXSizeTwoSym' (STIXSizTwoSymReg.ttf) normal normal 400 normal>) = 11.05
2026-06-26 13:20:59,200 DEBUG matplotlib.font_manager: findfont: score(<Font 'DejaVu Serif' (DejaVuSerif-BoldItalic.ttf) italic normal 700 normal>) = 10.335
2026-06-26 13:20:59,200 DEBUG matplotlib.font_manager: findfont: score(<Font 'STIXNonUnicode' (STIXNonUniBol.ttf) normal normal 700 normal>) = 11.335
2026-06-26 13:20:59,200 DEBUG matplotlib.font_manager: findfont: score(<Font 'cmr10' (cmr10.ttf) normal normal 400 normal>) = 11.05
2026-06-26 13:20:59,200 DEBUG matplotlib.font_manager: findfont: score(<Font 'DejaVu Serif Display' (DejaVuSerifDisplay.ttf) normal normal 400 normal>) = 11.05
2026-06-26 13:20:59,200 DEBUG matplotlib.font_manager: findfont: score(<Font 'DejaVu Sans Mono' (DejaVuSansMono-BoldOblique.ttf) oblique normal 700 normal>) = 10.434999999999999
2026-06-26 13:20:59,200 DEBUG matplotlib.font_manager: findfont: score(<Font 'STIXSizeOneSym' (STIXSizOneSymReg.ttf) normal normal 400 normal>) = 11.05
2026-06-26 13:20:59,200 DEBUG matplotlib.font_manager: findfont: score(<Font 'DejaVu Sans Mono' (DejaVuSansMono-Oblique.ttf) oblique normal 400 normal>) = 10.15
2026-06-26 13:20:59,200 DEBUG matplotlib.font_manager: findfont: score(<Font 'STIXNonUnicode' (STIXNonUni.ttf) normal normal 400 normal>) = 11.05
2026-06-26 13:20:59,200 DEBUG matplotlib.font_manager: findfont: score(<Font 'cmsy10' (cmsy10.ttf) normal normal 400 normal>) = 11.05
2026-06-26 13:20:59,200 DEBUG matplotlib.font_manager: findfont: score(<Font 'DejaVu Sans' (DejaVuSans.ttf) normal normal 400 normal>) = 11.05
2026-06-26 13:20:59,200 DEBUG matplotlib.font_manager: findfont: score(<Font 'DejaVu Sans' (DejaVuSans-Bold.ttf) normal normal 700 normal>) = 11.335
2026-06-26 13:20:59,200 DEBUG matplotlib.font_manager: findfont: score(<Font 'DejaVu Sans' (DejaVuSans.ttf) normal normal 400 normal>) = 11.05
2026-06-26 13:20:59,200 DEBUG matplotlib.font_manager: findfont: score(<Font 'DejaVu Sans' (DejaVuSans-Bold.ttf) normal normal 700 normal>) = 11.335
2026-06-26 13:20:59,200 DEBUG matplotlib.font_manager: findfont: score(<Font 'DejaVu Sans Mono' (DejaVuSansMono.ttf) normal normal 400 normal>) = 11.05
2026-06-26 13:20:59,200 DEBUG matplotlib.font_manager: findfont: score(<Font 'DejaVu Serif' (DejaVuSerif-Bold.ttf) normal normal 700 normal>) = 11.335
2026-06-26 13:20:59,200 DEBUG matplotlib.font_manager: findfont: score(<Font 'DejaVu Sans Mono' (DejaVuSansMono-Bold.ttf) normal normal 700 normal>) = 11.335
2026-06-26 13:20:59,200 DEBUG matplotlib.font_manager: findfont: score(<Font 'DejaVu Serif' (DejaVuSerif.ttf) normal normal 400 normal>) = 11.05
2026-06-26 13:20:59,200 DEBUG matplotlib.font_manager: findfont: Matching STIXGeneral:style=italic:variant=normal:weight=normal:stretch=normal:size=10.0 to STIXGeneral ('/tmp/_MEIl3XpmA/matplotlib/mpl-data/fonts/ttf/STIXGeneralItalic.ttf') with score of 0.050000.
2026-06-26 13:20:59,201 DEBUG matplotlib.font_manager: findfont: Matching STIXGeneral:style=normal:variant=normal:weight=bold:stretch=normal:size=10.0.
2026-06-26 13:20:59,201 DEBUG matplotlib.font_manager: findfont: score(<Font 'STIXSizeThreeSym' (STIXSizThreeSymReg.ttf) normal normal 400 normal>) = 10.335
2026-06-26 13:20:59,201 DEBUG matplotlib.font_manager: findfont: score(<Font 'STIXSizeTwoSym' (STIXSizTwoSymBol.ttf) normal normal 700 normal>) = 10.05
2026-06-26 13:20:59,201 DEBUG matplotlib.font_manager: findfont: score(<Font 'STIXSizeThreeSym' (STIXSizThreeSymBol.ttf) normal normal 700 normal>) = 10.05
2026-06-26 13:20:59,201 DEBUG matplotlib.font_manager: findfont: score(<Font 'cmex10' (cmex10.ttf) normal normal 400 normal>) = 10.335
2026-06-26 13:20:59,201 DEBUG matplotlib.font_manager: findfont: score(<Font 'DejaVu Sans' (DejaVuSans-BoldOblique.ttf) oblique normal 700 normal>) = 11.05
2026-06-26 13:20:59,201 DEBUG matplotlib.font_manager: findfont: score(<Font 'DejaVu Serif' (DejaVuSerif.ttf) normal normal 400 normal>) = 10.335
2026-06-26 13:20:59,201 DEBUG matplotlib.font_manager: findfont: score(<Font 'STIXSizeFourSym' (STIXSizFourSymBol.ttf) normal normal 700 normal>) = 10.05
2026-06-26 13:20:59,201 DEBUG matplotlib.font_manager: findfont: score(<Font 'DejaVu Sans' (DejaVuSans-Oblique.ttf) oblique normal 400 normal>) = 11.335
2026-06-26 13:20:59,201 DEBUG matplotlib.font_manager: findfont: score(<Font 'DejaVu Sans Mono' (DejaVuSansMono.ttf) normal normal 400 normal>) = 10.335
2026-06-26 13:20:59,201 DEBUG matplotlib.font_manager: findfont: score(<Font 'STIXGeneral' (STIXGeneralBol.ttf) normal normal 700 normal>) = 0.05
2026-06-26 13:20:59,201 DEBUG matplotlib.font_manager: findfont: score(<Font 'STIXSizeFourSym' (STIXSizFourSymReg.ttf) normal normal 400 normal>) = 10.335
2026-06-26 13:20:59,201 DEBUG matplotlib.font_manager: findfont: score(<Font 'cmmi10' (cmmi10.ttf) normal normal 400 normal>) = 10.335
2026-06-26 13:20:59,201 DEBUG matplotlib.font_manager: findfont: score(<Font 'STIXSizeOneSym' (STIXSizOneSymBol.ttf) normal normal 700 normal>) = 10.05
2026-06-26 13:20:59,201 DEBUG matplotlib.font_manager: findfont: score(<Font 'STIXGeneral' (STIXGeneral.ttf) normal normal 400 normal>) = 0.33499999999999996
2026-06-26 13:20:59,201 DEBUG matplotlib.font_manager: findfont: score(<Font 'cmss10' (cmss10.ttf) normal normal 400 normal>) = 10.335
2026-06-26 13:20:59,201 DEBUG matplotlib.font_manager: findfont: score(<Font 'DejaVu Serif' (DejaVuSerif-Italic.ttf) italic normal 400 normal>) = 11.335
2026-06-26 13:20:59,201 DEBUG matplotlib.font_manager: findfont: score(<Font 'STIXSizeFiveSym' (STIXSizFiveSymReg.ttf) normal normal 400 normal>) = 10.335
2026-06-26 13:20:59,202 DEBUG matplotlib.font_manager: findfont: score(<Font 'DejaVu Sans Display' (DejaVuSansDisplay.ttf) normal normal 400 normal>) = 10.335
2026-06-26 13:20:59,202 DEBUG matplotlib.font_manager: findfont: score(<Font 'STIXGeneral' (STIXGeneralItalic.ttf) italic normal 400 normal>) = 1.335
2026-06-26 13:20:59,202 DEBUG matplotlib.font_manager: findfont: score(<Font 'STIXNonUnicode' (STIXNonUniBolIta.ttf) italic normal 700 normal>) = 11.05
2026-06-26 13:20:59,202 DEBUG matplotlib.font_manager: findfont: score(<Font 'DejaVu Sans Mono' (DejaVuSansMono-Bold.ttf) normal normal 700 normal>) = 10.05
2026-06-26 13:20:59,202 DEBUG matplotlib.font_manager: findfont: score(<Font 'STIXNonUnicode' (STIXNonUniIta.ttf) italic normal 400 normal>) = 11.335
2026-06-26 13:20:59,202 DEBUG matplotlib.font_manager: findfont: score(<Font 'DejaVu Serif' (DejaVuSerif-Bold.ttf) normal normal 700 normal>) = 10.05
2026-06-26 13:20:59,202 DEBUG matplotlib.font_manager: findfont: score(<Font 'cmb10' (cmb10.ttf) normal normal 400 normal>) = 10.335
2026-06-26 13:20:59,202 DEBUG matplotlib.font_manager: findfont: score(<Font 'cmtt10' (cmtt10.ttf) normal normal 400 normal>) = 10.335
2026-06-26 13:20:59,202 DEBUG matplotlib.font_manager: findfont: score(<Font 'STIXGeneral' (STIXGeneralBolIta.ttf) italic normal 700 normal>) = 1.05
2026-06-26 13:20:59,202 DEBUG matplotlib.font_manager: findfont: score(<Font 'STIXSizeTwoSym' (STIXSizTwoSymReg.ttf) normal normal 400 normal>) = 10.335
2026-06-26 13:20:59,202 DEBUG matplotlib.font_manager: findfont: score(<Font 'DejaVu Serif' (DejaVuSerif-BoldItalic.ttf) italic normal 700 normal>) = 11.05
2026-06-26 13:20:59,202 DEBUG matplotlib.font_manager: findfont: score(<Font 'STIXNonUnicode' (STIXNonUniBol.ttf) normal normal 700 normal>) = 10.05
2026-06-26 13:20:59,202 DEBUG matplotlib.font_manager: findfont: score(<Font 'cmr10' (cmr10.ttf) normal normal 400 normal>) = 10.335
2026-06-26 13:20:59,202 DEBUG matplotlib.font_manager: findfont: score(<Font 'DejaVu Serif Display' (DejaVuSerifDisplay.ttf) normal normal 400 normal>) = 10.335
2026-06-26 13:20:59,202 DEBUG matplotlib.font_manager: findfont: score(<Font 'DejaVu Sans Mono' (DejaVuSansMono-BoldOblique.ttf) oblique normal 700 normal>) = 11.05
2026-06-26 13:20:59,202 DEBUG matplotlib.font_manager: findfont: score(<Font 'STIXSizeOneSym' (STIXSizOneSymReg.ttf) normal normal 400 normal>) = 10.335
2026-06-26 13:20:59,202 DEBUG matplotlib.font_manager: findfont: score(<Font 'DejaVu Sans Mono' (DejaVuSansMono-Oblique.ttf) oblique normal 400 normal>) = 11.335
2026-06-26 13:20:59,202 DEBUG matplotlib.font_manager: findfont: score(<Font 'STIXNonUnicode' (STIXNonUni.ttf) normal normal 400 normal>) = 10.335
2026-06-26 13:20:59,202 DEBUG matplotlib.font_manager: findfont: score(<Font 'cmsy10' (cmsy10.ttf) normal normal 400 normal>) = 10.335
2026-06-26 13:20:59,202 DEBUG matplotlib.font_manager: findfont: score(<Font 'DejaVu Sans' (DejaVuSans.ttf) normal normal 400 normal>) = 10.335
2026-06-26 13:20:59,202 DEBUG matplotlib.font_manager: findfont: score(<Font 'DejaVu Sans' (DejaVuSans-Bold.ttf) normal normal 700 normal>) = 10.05
2026-06-26 13:20:59,202 DEBUG matplotlib.font_manager: findfont: score(<Font 'DejaVu Sans' (DejaVuSans.ttf) normal normal 400 normal>) = 10.335
2026-06-26 13:20:59,202 DEBUG matplotlib.font_manager: findfont: score(<Font 'DejaVu Sans' (DejaVuSans-Bold.ttf) normal normal 700 normal>) = 10.05
2026-06-26 13:20:59,202 DEBUG matplotlib.font_manager: findfont: score(<Font 'DejaVu Sans Mono' (DejaVuSansMono.ttf) normal normal 400 normal>) = 10.335
2026-06-26 13:20:59,202 DEBUG matplotlib.font_manager: findfont: score(<Font 'DejaVu Serif' (DejaVuSerif-Bold.ttf) normal normal 700 normal>) = 10.05
2026-06-26 13:20:59,202 DEBUG matplotlib.font_manager: findfont: score(<Font 'DejaVu Sans Mono' (DejaVuSansMono-Bold.ttf) normal normal 700 normal>) = 10.05
2026-06-26 13:20:59,202 DEBUG matplotlib.font_manager: findfont: score(<Font 'DejaVu Serif' (DejaVuSerif.ttf) normal normal 400 normal>) = 10.335
2026-06-26 13:20:59,202 DEBUG matplotlib.font_manager: findfont: Matching STIXGeneral:style=normal:variant=normal:weight=bold:stretch=normal:size=10.0 to STIXGeneral ('/tmp/_MEIl3XpmA/matplotlib/mpl-data/fonts/ttf/STIXGeneralBol.ttf') with score of 0.050000.
2026-06-26 13:20:59,203 DEBUG matplotlib.font_manager: findfont: Matching STIXNonUnicode:style=normal:variant=normal:weight=normal:stretch=normal:size=10.0.
2026-06-26 13:20:59,203 DEBUG matplotlib.font_manager: findfont: score(<Font 'STIXSizeThreeSym' (STIXSizThreeSymReg.ttf) normal normal 400 normal>) = 10.05
2026-06-26 13:20:59,203 DEBUG matplotlib.font_manager: findfont: score(<Font 'STIXSizeTwoSym' (STIXSizTwoSymBol.ttf) normal normal 700 normal>) = 10.335
2026-06-26 13:20:59,203 DEBUG matplotlib.font_manager: findfont: score(<Font 'STIXSizeThreeSym' (STIXSizThreeSymBol.ttf) normal normal 700 normal>) = 10.335
2026-06-26 13:20:59,203 DEBUG matplotlib.font_manager: findfont: score(<Font 'cmex10' (cmex10.ttf) normal normal 400 normal>) = 10.05
2026-06-26 13:20:59,203 DEBUG matplotlib.font_manager: findfont: score(<Font 'DejaVu Sans' (DejaVuSans-BoldOblique.ttf) oblique normal 700 normal>) = 11.335
2026-06-26 13:20:59,203 DEBUG matplotlib.font_manager: findfont: score(<Font 'DejaVu Serif' (DejaVuSerif.ttf) normal normal 400 normal>) = 10.05
2026-06-26 13:20:59,203 DEBUG matplotlib.font_manager: findfont: score(<Font 'STIXSizeFourSym' (STIXSizFourSymBol.ttf) normal normal 700 normal>) = 10.335
2026-06-26 13:20:59,203 DEBUG matplotlib.font_manager: findfont: score(<Font 'DejaVu Sans' (DejaVuSans-Oblique.ttf) oblique normal 400 normal>) = 11.05
2026-06-26 13:20:59,203 DEBUG matplotlib.font_manager: findfont: score(<Font 'DejaVu Sans Mono' (DejaVuSansMono.ttf) normal normal 400 normal>) = 10.05
2026-06-26 13:20:59,203 DEBUG matplotlib.font_manager: findfont: score(<Font 'STIXGeneral' (STIXGeneralBol.ttf) normal normal 700 normal>) = 10.335
2026-06-26 13:20:59,203 DEBUG matplotlib.font_manager: findfont: score(<Font 'STIXSizeFourSym' (STIXSizFourSymReg.ttf) normal normal 400 normal>) = 10.05
2026-06-26 13:20:59,203 DEBUG matplotlib.font_manager: findfont: score(<Font 'cmmi10' (cmmi10.ttf) normal normal 400 normal>) = 10.05
2026-06-26 13:20:59,203 DEBUG matplotlib.font_manager: findfont: score(<Font 'STIXSizeOneSym' (STIXSizOneSymBol.ttf) normal normal 700 normal>) = 10.335
2026-06-26 13:20:59,203 DEBUG matplotlib.font_manager: findfont: score(<Font 'STIXGeneral' (STIXGeneral.ttf) normal normal 400 normal>) = 10.05
2026-06-26 13:20:59,203 DEBUG matplotlib.font_manager: findfont: score(<Font 'cmss10' (cmss10.ttf) normal normal 400 normal>) = 10.05
2026-06-26 13:20:59,203 DEBUG matplotlib.font_manager: findfont: score(<Font 'DejaVu Serif' (DejaVuSerif-Italic.ttf) italic normal 400 normal>) = 11.05
2026-06-26 13:20:59,203 DEBUG matplotlib.font_manager: findfont: score(<Font 'STIXSizeFiveSym' (STIXSizFiveSymReg.ttf) normal normal 400 normal>) = 10.05
2026-06-26 13:20:59,203 DEBUG matplotlib.font_manager: findfont: score(<Font 'DejaVu Sans Display' (DejaVuSansDisplay.ttf) normal normal 400 normal>) = 10.05
2026-06-26 13:20:59,203 DEBUG matplotlib.font_manager: findfont: score(<Font 'STIXGeneral' (STIXGeneralItalic.ttf) italic normal 400 normal>) = 11.05
2026-06-26 13:20:59,203 DEBUG matplotlib.font_manager: findfont: score(<Font 'STIXNonUnicode' (STIXNonUniBolIta.ttf) italic normal 700 normal>) = 1.335
2026-06-26 13:20:59,203 DEBUG matplotlib.font_manager: findfont: score(<Font 'DejaVu Sans Mono' (DejaVuSansMono-Bold.ttf) normal normal 700 normal>) = 10.335
2026-06-26 13:20:59,203 DEBUG matplotlib.font_manager: findfont: score(<Font 'STIXNonUnicode' (STIXNonUniIta.ttf) italic normal 400 normal>) = 1.05
2026-06-26 13:20:59,203 DEBUG matplotlib.font_manager: findfont: score(<Font 'DejaVu Serif' (DejaVuSerif-Bold.ttf) normal normal 700 normal>) = 10.335
2026-06-26 13:20:59,203 DEBUG matplotlib.font_manager: findfont: score(<Font 'cmb10' (cmb10.ttf) normal normal 400 normal>) = 10.05
2026-06-26 13:20:59,203 DEBUG matplotlib.font_manager: findfont: score(<Font 'cmtt10' (cmtt10.ttf) normal normal 400 normal>) = 10.05
2026-06-26 13:20:59,203 DEBUG matplotlib.font_manager: findfont: score(<Font 'STIXGeneral' (STIXGeneralBolIta.ttf) italic normal 700 normal>) = 11.335
2026-06-26 13:20:59,203 DEBUG matplotlib.font_manager: findfont: score(<Font 'STIXSizeTwoSym' (STIXSizTwoSymReg.ttf) normal normal 400 normal>) = 10.05
2026-06-26 13:20:59,203 DEBUG matplotlib.font_manager: findfont: score(<Font 'DejaVu Serif' (DejaVuSerif-BoldItalic.ttf) italic normal 700 normal>) = 11.335
2026-06-26 13:20:59,203 DEBUG matplotlib.font_manager: findfont: score(<Font 'STIXNonUnicode' (STIXNonUniBol.ttf) normal normal 700 normal>) = 0.33499999999999996
2026-06-26 13:20:59,203 DEBUG matplotlib.font_manager: findfont: score(<Font 'cmr10' (cmr10.ttf) normal normal 400 normal>) = 10.05
2026-06-26 13:20:59,204 DEBUG matplotlib.font_manager: findfont: score(<Font 'DejaVu Serif Display' (DejaVuSerifDisplay.ttf) normal normal 400 normal>) = 10.05
2026-06-26 13:20:59,204 DEBUG matplotlib.font_manager: findfont: score(<Font 'DejaVu Sans Mono' (DejaVuSansMono-BoldOblique.ttf) oblique normal 700 normal>) = 11.335
2026-06-26 13:20:59,204 DEBUG matplotlib.font_manager: findfont: score(<Font 'STIXSizeOneSym' (STIXSizOneSymReg.ttf) normal normal 400 normal>) = 10.05
2026-06-26 13:20:59,204 DEBUG matplotlib.font_manager: findfont: score(<Font 'DejaVu Sans Mono' (DejaVuSansMono-Oblique.ttf) oblique normal 400 normal>) = 11.05
2026-06-26 13:20:59,204 DEBUG matplotlib.font_manager: findfont: score(<Font 'STIXNonUnicode' (STIXNonUni.ttf) normal normal 400 normal>) = 0.05
2026-06-26 13:20:59,204 DEBUG matplotlib.font_manager: findfont: score(<Font 'cmsy10' (cmsy10.ttf) normal normal 400 normal>) = 10.05
2026-06-26 13:20:59,204 DEBUG matplotlib.font_manager: findfont: score(<Font 'DejaVu Sans' (DejaVuSans.ttf) normal normal 400 normal>) = 10.05
2026-06-26 13:20:59,204 DEBUG matplotlib.font_manager: findfont: score(<Font 'DejaVu Sans' (DejaVuSans-Bold.ttf) normal normal 700 normal>) = 10.335
2026-06-26 13:20:59,204 DEBUG matplotlib.font_manager: findfont: score(<Font 'DejaVu Sans' (DejaVuSans.ttf) normal normal 400 normal>) = 10.05
2026-06-26 13:20:59,204 DEBUG matplotlib.font_manager: findfont: score(<Font 'DejaVu Sans' (DejaVuSans-Bold.ttf) normal normal 700 normal>) = 10.335
2026-06-26 13:20:59,204 DEBUG matplotlib.font_manager: findfont: score(<Font 'DejaVu Sans Mono' (DejaVuSansMono.ttf) normal normal 400 normal>) = 10.05
2026-06-26 13:20:59,204 DEBUG matplotlib.font_manager: findfont: score(<Font 'DejaVu Serif' (DejaVuSerif-Bold.ttf) normal normal 700 normal>) = 10.335
2026-06-26 13:20:59,204 DEBUG matplotlib.font_manager: findfont: score(<Font 'DejaVu Sans Mono' (DejaVuSansMono-Bold.ttf) normal normal 700 normal>) = 10.335
2026-06-26 13:20:59,204 DEBUG matplotlib.font_manager: findfont: score(<Font 'DejaVu Serif' (DejaVuSerif.ttf) normal normal 400 normal>) = 10.05
2026-06-26 13:20:59,204 DEBUG matplotlib.font_manager: findfont: Matching STIXNonUnicode:style=normal:variant=normal:weight=normal:stretch=normal:size=10.0 to STIXNonUnicode ('/tmp/_MEIl3XpmA/matplotlib/mpl-data/fonts/ttf/STIXNonUni.ttf') with score of 0.050000.
2026-06-26 13:20:59,204 DEBUG matplotlib.font_manager: findfont: Matching STIXNonUnicode:style=italic:variant=normal:weight=normal:stretch=normal:size=10.0.
2026-06-26 13:20:59,204 DEBUG matplotlib.font_manager: findfont: score(<Font 'STIXSizeThreeSym' (STIXSizThreeSymReg.ttf) normal normal 400 normal>) = 11.05
2026-06-26 13:20:59,204 DEBUG matplotlib.font_manager: findfont: score(<Font 'STIXSizeTwoSym' (STIXSizTwoSymBol.ttf) normal normal 700 normal>) = 11.335
2026-06-26 13:20:59,204 DEBUG matplotlib.font_manager: findfont: score(<Font 'STIXSizeThreeSym' (STIXSizThreeSymBol.ttf) normal normal 700 normal>) = 11.335
2026-06-26 13:20:59,204 DEBUG matplotlib.font_manager: findfont: score(<Font 'cmex10' (cmex10.ttf) normal normal 400 normal>) = 11.05
2026-06-26 13:20:59,204 DEBUG matplotlib.font_manager: findfont: score(<Font 'DejaVu Sans' (DejaVuSans-BoldOblique.ttf) oblique normal 700 normal>) = 10.434999999999999
2026-06-26 13:20:59,204 DEBUG matplotlib.font_manager: findfont: score(<Font 'DejaVu Serif' (DejaVuSerif.ttf) normal normal 400 normal>) = 11.05
2026-06-26 13:20:59,205 DEBUG matplotlib.font_manager: findfont: score(<Font 'STIXSizeFourSym' (STIXSizFourSymBol.ttf) normal normal 700 normal>) = 11.335
2026-06-26 13:20:59,205 DEBUG matplotlib.font_manager: findfont: score(<Font 'DejaVu Sans' (DejaVuSans-Oblique.ttf) oblique normal 400 normal>) = 10.15
2026-06-26 13:20:59,205 DEBUG matplotlib.font_manager: findfont: score(<Font 'DejaVu Sans Mono' (DejaVuSansMono.ttf) normal normal 400 normal>) = 11.05
2026-06-26 13:20:59,205 DEBUG matplotlib.font_manager: findfont: score(<Font 'STIXGeneral' (STIXGeneralBol.ttf) normal normal 700 normal>) = 11.335
2026-06-26 13:20:59,205 DEBUG matplotlib.font_manager: findfont: score(<Font 'STIXSizeFourSym' (STIXSizFourSymReg.ttf) normal normal 400 normal>) = 11.05
2026-06-26 13:20:59,205 DEBUG matplotlib.font_manager: findfont: score(<Font 'cmmi10' (cmmi10.ttf) normal normal 400 normal>) = 11.05
2026-06-26 13:20:59,205 DEBUG matplotlib.font_manager: findfont: score(<Font 'STIXSizeOneSym' (STIXSizOneSymBol.ttf) normal normal 700 normal>) = 11.335
2026-06-26 13:20:59,205 DEBUG matplotlib.font_manager: findfont: score(<Font 'STIXGeneral' (STIXGeneral.ttf) normal normal 400 normal>) = 11.05
2026-06-26 13:20:59,205 DEBUG matplotlib.font_manager: findfont: score(<Font 'cmss10' (cmss10.ttf) normal normal 400 normal>) = 11.05
2026-06-26 13:20:59,205 DEBUG matplotlib.font_manager: findfont: score(<Font 'DejaVu Serif' (DejaVuSerif-Italic.ttf) italic normal 400 normal>) = 10.05
2026-06-26 13:20:59,205 DEBUG matplotlib.font_manager: findfont: score(<Font 'STIXSizeFiveSym' (STIXSizFiveSymReg.ttf) normal normal 400 normal>) = 11.05
2026-06-26 13:20:59,205 DEBUG matplotlib.font_manager: findfont: score(<Font 'DejaVu Sans Display' (DejaVuSansDisplay.ttf) normal normal 400 normal>) = 11.05
2026-06-26 13:20:59,205 DEBUG matplotlib.font_manager: findfont: score(<Font 'STIXGeneral' (STIXGeneralItalic.ttf) italic normal 400 normal>) = 10.05
2026-06-26 13:20:59,205 DEBUG matplotlib.font_manager: findfont: score(<Font 'STIXNonUnicode' (STIXNonUniBolIta.ttf) italic normal 700 normal>) = 0.33499999999999996
2026-06-26 13:20:59,205 DEBUG matplotlib.font_manager: findfont: score(<Font 'DejaVu Sans Mono' (DejaVuSansMono-Bold.ttf) normal normal 700 normal>) = 11.335
2026-06-26 13:20:59,205 DEBUG matplotlib.font_manager: findfont: score(<Font 'STIXNonUnicode' (STIXNonUniIta.ttf) italic normal 400 normal>) = 0.05
2026-06-26 13:20:59,205 DEBUG matplotlib.font_manager: findfont: score(<Font 'DejaVu Serif' (DejaVuSerif-Bold.ttf) normal normal 700 normal>) = 11.335
2026-06-26 13:20:59,205 DEBUG matplotlib.font_manager: findfont: score(<Font 'cmb10' (cmb10.ttf) normal normal 400 normal>) = 11.05
2026-06-26 13:20:59,205 DEBUG matplotlib.font_manager: findfont: score(<Font 'cmtt10' (cmtt10.ttf) normal normal 400 normal>) = 11.05
2026-06-26 13:20:59,205 DEBUG matplotlib.font_manager: findfont: score(<Font 'STIXGeneral' (STIXGeneralBolIta.ttf) italic normal 700 normal>) = 10.335
2026-06-26 13:20:59,205 DEBUG matplotlib.font_manager: findfont: score(<Font 'STIXSizeTwoSym' (STIXSizTwoSymReg.ttf) normal normal 400 normal>) = 11.05
2026-06-26 13:20:59,205 DEBUG matplotlib.font_manager: findfont: score(<Font 'DejaVu Serif' (DejaVuSerif-BoldItalic.ttf) italic normal 700 normal>) = 10.335
2026-06-26 13:20:59,205 DEBUG matplotlib.font_manager: findfont: score(<Font 'STIXNonUnicode' (STIXNonUniBol.ttf) normal normal 700 normal>) = 1.335
2026-06-26 13:20:59,205 DEBUG matplotlib.font_manager: findfont: score(<Font 'cmr10' (cmr10.ttf) normal normal 400 normal>) = 11.05
2026-06-26 13:20:59,205 DEBUG matplotlib.font_manager: findfont: score(<Font 'DejaVu Serif Display' (DejaVuSerifDisplay.ttf) normal normal 400 normal>) = 11.05
2026-06-26 13:20:59,205 DEBUG matplotlib.font_manager: findfont: score(<Font 'DejaVu Sans Mono' (DejaVuSansMono-BoldOblique.ttf) oblique normal 700 normal>) = 10.434999999999999
2026-06-26 13:20:59,205 DEBUG matplotlib.font_manager: findfont: score(<Font 'STIXSizeOneSym' (STIXSizOneSymReg.ttf) normal normal 400 normal>) = 11.05
2026-06-26 13:20:59,205 DEBUG matplotlib.font_manager: findfont: score(<Font 'DejaVu Sans Mono' (DejaVuSansMono-Oblique.ttf) oblique normal 400 normal>) = 10.15
2026-06-26 13:20:59,205 DEBUG matplotlib.font_manager: findfont: score(<Font 'STIXNonUnicode' (STIXNonUni.ttf) normal normal 400 normal>) = 1.05
2026-06-26 13:20:59,205 DEBUG matplotlib.font_manager: findfont: score(<Font 'cmsy10' (cmsy10.ttf) normal normal 400 normal>) = 11.05
2026-06-26 13:20:59,205 DEBUG matplotlib.font_manager: findfont: score(<Font 'DejaVu Sans' (DejaVuSans.ttf) normal normal 400 normal>) = 11.05
2026-06-26 13:20:59,205 DEBUG matplotlib.font_manager: findfont: score(<Font 'DejaVu Sans' (DejaVuSans-Bold.ttf) normal normal 700 normal>) = 11.335
2026-06-26 13:20:59,205 DEBUG matplotlib.font_manager: findfont: score(<Font 'DejaVu Sans' (DejaVuSans.ttf) normal normal 400 normal>) = 11.05
2026-06-26 13:20:59,205 DEBUG matplotlib.font_manager: findfont: score(<Font 'DejaVu Sans' (DejaVuSans-Bold.ttf) normal normal 700 normal>) = 11.335
2026-06-26 13:20:59,206 DEBUG matplotlib.font_manager: findfont: score(<Font 'DejaVu Sans Mono' (DejaVuSansMono.ttf) normal normal 400 normal>) = 11.05
2026-06-26 13:20:59,206 DEBUG matplotlib.font_manager: findfont: score(<Font 'DejaVu Serif' (DejaVuSerif-Bold.ttf) normal normal 700 normal>) = 11.335
2026-06-26 13:20:59,206 DEBUG matplotlib.font_manager: findfont: score(<Font 'DejaVu Sans Mono' (DejaVuSansMono-Bold.ttf) normal normal 700 normal>) = 11.335
2026-06-26 13:20:59,206 DEBUG matplotlib.font_manager: findfont: score(<Font 'DejaVu Serif' (DejaVuSerif.ttf) normal normal 400 normal>) = 11.05
2026-06-26 13:20:59,206 DEBUG matplotlib.font_manager: findfont: Matching STIXNonUnicode:style=italic:variant=normal:weight=normal:stretch=normal:size=10.0 to STIXNonUnicode ('/tmp/_MEIl3XpmA/matplotlib/mpl-data/fonts/ttf/STIXNonUniIta.ttf') with score of 0.050000.
2026-06-26 13:20:59,206 DEBUG matplotlib.font_manager: findfont: Matching STIXNonUnicode:style=normal:variant=normal:weight=bold:stretch=normal:size=10.0.
2026-06-26 13:20:59,206 DEBUG matplotlib.font_manager: findfont: score(<Font 'STIXSizeThreeSym' (STIXSizThreeSymReg.ttf) normal normal 400 normal>) = 10.335
2026-06-26 13:20:59,206 DEBUG matplotlib.font_manager: findfont: score(<Font 'STIXSizeTwoSym' (STIXSizTwoSymBol.ttf) normal normal 700 normal>) = 10.05
2026-06-26 13:20:59,206 DEBUG matplotlib.font_manager: findfont: score(<Font 'STIXSizeThreeSym' (STIXSizThreeSymBol.ttf) normal normal 700 normal>) = 10.05
2026-06-26 13:20:59,206 DEBUG matplotlib.font_manager: findfont: score(<Font 'cmex10' (cmex10.ttf) normal normal 400 normal>) = 10.335
2026-06-26 13:20:59,206 DEBUG matplotlib.font_manager: findfont: score(<Font 'DejaVu Sans' (DejaVuSans-BoldOblique.ttf) oblique normal 700 normal>) = 11.05
2026-06-26 13:20:59,206 DEBUG matplotlib.font_manager: findfont: score(<Font 'DejaVu Serif' (DejaVuSerif.ttf) normal normal 400 normal>) = 10.335
2026-06-26 13:20:59,206 DEBUG matplotlib.font_manager: findfont: score(<Font 'STIXSizeFourSym' (STIXSizFourSymBol.ttf) normal normal 700 normal>) = 10.05
2026-06-26 13:20:59,206 DEBUG matplotlib.font_manager: findfont: score(<Font 'DejaVu Sans' (DejaVuSans-Oblique.ttf) oblique normal 400 normal>) = 11.335
2026-06-26 13:20:59,206 DEBUG matplotlib.font_manager: findfont: score(<Font 'DejaVu Sans Mono' (DejaVuSansMono.ttf) normal normal 400 normal>) = 10.335
2026-06-26 13:20:59,206 DEBUG matplotlib.font_manager: findfont: score(<Font 'STIXGeneral' (STIXGeneralBol.ttf) normal normal 700 normal>) = 10.05
2026-06-26 13:20:59,206 DEBUG matplotlib.font_manager: findfont: score(<Font 'STIXSizeFourSym' (STIXSizFourSymReg.ttf) normal normal 400 normal>) = 10.335
2026-06-26 13:20:59,206 DEBUG matplotlib.font_manager: findfont: score(<Font 'cmmi10' (cmmi10.ttf) normal normal 400 normal>) = 10.335
2026-06-26 13:20:59,206 DEBUG matplotlib.font_manager: findfont: score(<Font 'STIXSizeOneSym' (STIXSizOneSymBol.ttf) normal normal 700 normal>) = 10.05
2026-06-26 13:20:59,206 DEBUG matplotlib.font_manager: findfont: score(<Font 'STIXGeneral' (STIXGeneral.ttf) normal normal 400 normal>) = 10.335
2026-06-26 13:20:59,206 DEBUG matplotlib.font_manager: findfont: score(<Font 'cmss10' (cmss10.ttf) normal normal 400 normal>) = 10.335
2026-06-26 13:20:59,206 DEBUG matplotlib.font_manager: findfont: score(<Font 'DejaVu Serif' (DejaVuSerif-Italic.ttf) italic normal 400 normal>) = 11.335
2026-06-26 13:20:59,207 DEBUG matplotlib.font_manager: findfont: score(<Font 'STIXSizeFiveSym' (STIXSizFiveSymReg.ttf) normal normal 400 normal>) = 10.335
2026-06-26 13:20:59,207 DEBUG matplotlib.font_manager: findfont: score(<Font 'DejaVu Sans Display' (DejaVuSansDisplay.ttf) normal normal 400 normal>) = 10.335
2026-06-26 13:20:59,207 DEBUG matplotlib.font_manager: findfont: score(<Font 'STIXGeneral' (STIXGeneralItalic.ttf) italic normal 400 normal>) = 11.335
2026-06-26 13:20:59,207 DEBUG matplotlib.font_manager: findfont: score(<Font 'STIXNonUnicode' (STIXNonUniBolIta.ttf) italic normal 700 normal>) = 1.05
2026-06-26 13:20:59,207 DEBUG matplotlib.font_manager: findfont: score(<Font 'DejaVu Sans Mono' (DejaVuSansMono-Bold.ttf) normal normal 700 normal>) = 10.05
2026-06-26 13:20:59,207 DEBUG matplotlib.font_manager: findfont: score(<Font 'STIXNonUnicode' (STIXNonUniIta.ttf) italic normal 400 normal>) = 1.335
2026-06-26 13:20:59,207 DEBUG matplotlib.font_manager: findfont: score(<Font 'DejaVu Serif' (DejaVuSerif-Bold.ttf) normal normal 700 normal>) = 10.05
2026-06-26 13:20:59,207 DEBUG matplotlib.font_manager: findfont: score(<Font 'cmb10' (cmb10.ttf) normal normal 400 normal>) = 10.335
2026-06-26 13:20:59,207 DEBUG matplotlib.font_manager: findfont: score(<Font 'cmtt10' (cmtt10.ttf) normal normal 400 normal>) = 10.335
2026-06-26 13:20:59,207 DEBUG matplotlib.font_manager: findfont: score(<Font 'STIXGeneral' (STIXGeneralBolIta.ttf) italic normal 700 normal>) = 11.05
2026-06-26 13:20:59,207 DEBUG matplotlib.font_manager: findfont: score(<Font 'STIXSizeTwoSym' (STIXSizTwoSymReg.ttf) normal normal 400 normal>) = 10.335
2026-06-26 13:20:59,207 DEBUG matplotlib.font_manager: findfont: score(<Font 'DejaVu Serif' (DejaVuSerif-BoldItalic.ttf) italic normal 700 normal>) = 11.05
2026-06-26 13:20:59,207 DEBUG matplotlib.font_manager: findfont: score(<Font 'STIXNonUnicode' (STIXNonUniBol.ttf) normal normal 700 normal>) = 0.05
2026-06-26 13:20:59,207 DEBUG matplotlib.font_manager: findfont: score(<Font 'cmr10' (cmr10.ttf) normal normal 400 normal>) = 10.335
2026-06-26 13:20:59,207 DEBUG matplotlib.font_manager: findfont: score(<Font 'DejaVu Serif Display' (DejaVuSerifDisplay.ttf) normal normal 400 normal>) = 10.335
2026-06-26 13:20:59,207 DEBUG matplotlib.font_manager: findfont: score(<Font 'DejaVu Sans Mono' (DejaVuSansMono-BoldOblique.ttf) oblique normal 700 normal>) = 11.05
2026-06-26 13:20:59,207 DEBUG matplotlib.font_manager: findfont: score(<Font 'STIXSizeOneSym' (STIXSizOneSymReg.ttf) normal normal 400 normal>) = 10.335
2026-06-26 13:20:59,207 DEBUG matplotlib.font_manager: findfont: score(<Font 'DejaVu Sans Mono' (DejaVuSansMono-Oblique.ttf) oblique normal 400 normal>) = 11.335
2026-06-26 13:20:59,207 DEBUG matplotlib.font_manager: findfont: score(<Font 'STIXNonUnicode' (STIXNonUni.ttf) normal normal 400 normal>) = 0.33499999999999996
2026-06-26 13:20:59,207 DEBUG matplotlib.font_manager: findfont: score(<Font 'cmsy10' (cmsy10.ttf) normal normal 400 normal>) = 10.335
2026-06-26 13:20:59,207 DEBUG matplotlib.font_manager: findfont: score(<Font 'DejaVu Sans' (DejaVuSans.ttf) normal normal 400 normal>) = 10.335
2026-06-26 13:20:59,207 DEBUG matplotlib.font_manager: findfont: score(<Font 'DejaVu Sans' (DejaVuSans-Bold.ttf) normal normal 700 normal>) = 10.05
2026-06-26 13:20:59,207 DEBUG matplotlib.font_manager: findfont: score(<Font 'DejaVu Sans' (DejaVuSans.ttf) normal normal 400 normal>) = 10.335
2026-06-26 13:20:59,207 DEBUG matplotlib.font_manager: findfont: score(<Font 'DejaVu Sans' (DejaVuSans-Bold.ttf) normal normal 700 normal>) = 10.05
2026-06-26 13:20:59,207 DEBUG matplotlib.font_manager: findfont: score(<Font 'DejaVu Sans Mono' (DejaVuSansMono.ttf) normal normal 400 normal>) = 10.335
2026-06-26 13:20:59,207 DEBUG matplotlib.font_manager: findfont: score(<Font 'DejaVu Serif' (DejaVuSerif-Bold.ttf) normal normal 700 normal>) = 10.05
2026-06-26 13:20:59,207 DEBUG matplotlib.font_manager: findfont: score(<Font 'DejaVu Sans Mono' (DejaVuSansMono-Bold.ttf) normal normal 700 normal>) = 10.05
2026-06-26 13:20:59,207 DEBUG matplotlib.font_manager: findfont: score(<Font 'DejaVu Serif' (DejaVuSerif.ttf) normal normal 400 normal>) = 10.335
2026-06-26 13:20:59,207 DEBUG matplotlib.font_manager: findfont: Matching STIXNonUnicode:style=normal:variant=normal:weight=bold:stretch=normal:size=10.0 to STIXNonUnicode ('/tmp/_MEIl3XpmA/matplotlib/mpl-data/fonts/ttf/STIXNonUniBol.ttf') with score of 0.050000.
2026-06-26 13:20:59,208 DEBUG matplotlib.font_manager: findfont: Matching STIXSizeOneSym:style=normal:variant=normal:weight=normal:stretch=normal:size=10.0.
2026-06-26 13:20:59,208 DEBUG matplotlib.font_manager: findfont: score(<Font 'STIXSizeThreeSym' (STIXSizThreeSymReg.ttf) normal normal 400 normal>) = 10.05
2026-06-26 13:20:59,208 DEBUG matplotlib.font_manager: findfont: score(<Font 'STIXSizeTwoSym' (STIXSizTwoSymBol.ttf) normal normal 700 normal>) = 10.335
2026-06-26 13:20:59,208 DEBUG matplotlib.font_manager: findfont: score(<Font 'STIXSizeThreeSym' (STIXSizThreeSymBol.ttf) normal normal 700 normal>) = 10.335
2026-06-26 13:20:59,208 DEBUG matplotlib.font_manager: findfont: score(<Font 'cmex10' (cmex10.ttf) normal normal 400 normal>) = 10.05
2026-06-26 13:20:59,208 DEBUG matplotlib.font_manager: findfont: score(<Font 'DejaVu Sans' (DejaVuSans-BoldOblique.ttf) oblique normal 700 normal>) = 11.335
2026-06-26 13:20:59,208 DEBUG matplotlib.font_manager: findfont: score(<Font 'DejaVu Serif' (DejaVuSerif.ttf) normal normal 400 normal>) = 10.05
2026-06-26 13:20:59,208 DEBUG matplotlib.font_manager: findfont: score(<Font 'STIXSizeFourSym' (STIXSizFourSymBol.ttf) normal normal 700 normal>) = 10.335
2026-06-26 13:20:59,208 DEBUG matplotlib.font_manager: findfont: score(<Font 'DejaVu Sans' (DejaVuSans-Oblique.ttf) oblique normal 400 normal>) = 11.05
2026-06-26 13:20:59,208 DEBUG matplotlib.font_manager: findfont: score(<Font 'DejaVu Sans Mono' (DejaVuSansMono.ttf) normal normal 400 normal>) = 10.05
2026-06-26 13:20:59,208 DEBUG matplotlib.font_manager: findfont: score(<Font 'STIXGeneral' (STIXGeneralBol.ttf) normal normal 700 normal>) = 10.335
2026-06-26 13:20:59,208 DEBUG matplotlib.font_manager: findfont: score(<Font 'STIXSizeFourSym' (STIXSizFourSymReg.ttf) normal normal 400 normal>) = 10.05
2026-06-26 13:20:59,208 DEBUG matplotlib.font_manager: findfont: score(<Font 'cmmi10' (cmmi10.ttf) normal normal 400 normal>) = 10.05
2026-06-26 13:20:59,208 DEBUG matplotlib.font_manager: findfont: score(<Font 'STIXSizeOneSym' (STIXSizOneSymBol.ttf) normal normal 700 normal>) = 0.33499999999999996
2026-06-26 13:20:59,208 DEBUG matplotlib.font_manager: findfont: score(<Font 'STIXGeneral' (STIXGeneral.ttf) normal normal 400 normal>) = 10.05
2026-06-26 13:20:59,208 DEBUG matplotlib.font_manager: findfont: score(<Font 'cmss10' (cmss10.ttf) normal normal 400 normal>) = 10.05
2026-06-26 13:20:59,208 DEBUG matplotlib.font_manager: findfont: score(<Font 'DejaVu Serif' (DejaVuSerif-Italic.ttf) italic normal 400 normal>) = 11.05
2026-06-26 13:20:59,208 DEBUG matplotlib.font_manager: findfont: score(<Font 'STIXSizeFiveSym' (STIXSizFiveSymReg.ttf) normal normal 400 normal>) = 10.05
2026-06-26 13:20:59,208 DEBUG matplotlib.font_manager: findfont: score(<Font 'DejaVu Sans Display' (DejaVuSansDisplay.ttf) normal normal 400 normal>) = 10.05
2026-06-26 13:20:59,208 DEBUG matplotlib.font_manager: findfont: score(<Font 'STIXGeneral' (STIXGeneralItalic.ttf) italic normal 400 normal>) = 11.05
2026-06-26 13:20:59,208 DEBUG matplotlib.font_manager: findfont: score(<Font 'STIXNonUnicode' (STIXNonUniBolIta.ttf) italic normal 700 normal>) = 11.335
2026-06-26 13:20:59,208 DEBUG matplotlib.font_manager: findfont: score(<Font 'DejaVu Sans Mono' (DejaVuSansMono-Bold.ttf) normal normal 700 normal>) = 10.335
2026-06-26 13:20:59,208 DEBUG matplotlib.font_manager: findfont: score(<Font 'STIXNonUnicode' (STIXNonUniIta.ttf) italic normal 400 normal>) = 11.05
2026-06-26 13:20:59,208 DEBUG matplotlib.font_manager: findfont: score(<Font 'DejaVu Serif' (DejaVuSerif-Bold.ttf) normal normal 700 normal>) = 10.335
2026-06-26 13:20:59,208 DEBUG matplotlib.font_manager: findfont: score(<Font 'cmb10' (cmb10.ttf) normal normal 400 normal>) = 10.05
2026-06-26 13:20:59,208 DEBUG matplotlib.font_manager: findfont: score(<Font 'cmtt10' (cmtt10.ttf) normal normal 400 normal>) = 10.05
2026-06-26 13:20:59,208 DEBUG matplotlib.font_manager: findfont: score(<Font 'STIXGeneral' (STIXGeneralBolIta.ttf) italic normal 700 normal>) = 11.335
2026-06-26 13:20:59,208 DEBUG matplotlib.font_manager: findfont: score(<Font 'STIXSizeTwoSym' (STIXSizTwoSymReg.ttf) normal normal 400 normal>) = 10.05
2026-06-26 13:20:59,208 DEBUG matplotlib.font_manager: findfont: score(<Font 'DejaVu Serif' (DejaVuSerif-BoldItalic.ttf) italic normal 700 normal>) = 11.335
2026-06-26 13:20:59,209 DEBUG matplotlib.font_manager: findfont: score(<Font 'STIXNonUnicode' (STIXNonUniBol.ttf) normal normal 700 normal>) = 10.335
2026-06-26 13:20:59,209 DEBUG matplotlib.font_manager: findfont: score(<Font 'cmr10' (cmr10.ttf) normal normal 400 normal>) = 10.05
2026-06-26 13:20:59,209 DEBUG matplotlib.font_manager: findfont: score(<Font 'DejaVu Serif Display' (DejaVuSerifDisplay.ttf) normal normal 400 normal>) = 10.05
2026-06-26 13:20:59,209 DEBUG matplotlib.font_manager: findfont: score(<Font 'DejaVu Sans Mono' (DejaVuSansMono-BoldOblique.ttf) oblique normal 700 normal>) = 11.335
2026-06-26 13:20:59,209 DEBUG matplotlib.font_manager: findfont: score(<Font 'STIXSizeOneSym' (STIXSizOneSymReg.ttf) normal normal 400 normal>) = 0.05
2026-06-26 13:20:59,209 DEBUG matplotlib.font_manager: findfont: score(<Font 'DejaVu Sans Mono' (DejaVuSansMono-Oblique.ttf) oblique normal 400 normal>) = 11.05
2026-06-26 13:20:59,209 DEBUG matplotlib.font_manager: findfont: score(<Font 'STIXNonUnicode' (STIXNonUni.ttf) normal normal 400 normal>) = 10.05
2026-06-26 13:20:59,209 DEBUG matplotlib.font_manager: findfont: score(<Font 'cmsy10' (cmsy10.ttf) normal normal 400 normal>) = 10.05
2026-06-26 13:20:59,209 DEBUG matplotlib.font_manager: findfont: score(<Font 'DejaVu Sans' (DejaVuSans.ttf) normal normal 400 normal>) = 10.05
2026-06-26 13:20:59,209 DEBUG matplotlib.font_manager: findfont: score(<Font 'DejaVu Sans' (DejaVuSans-Bold.ttf) normal normal 700 normal>) = 10.335
2026-06-26 13:20:59,209 DEBUG matplotlib.font_manager: findfont: score(<Font 'DejaVu Sans' (DejaVuSans.ttf) normal normal 400 normal>) = 10.05
2026-06-26 13:20:59,209 DEBUG matplotlib.font_manager: findfont: score(<Font 'DejaVu Sans' (DejaVuSans-Bold.ttf) normal normal 700 normal>) = 10.335
2026-06-26 13:20:59,209 DEBUG matplotlib.font_manager: findfont: score(<Font 'DejaVu Sans Mono' (DejaVuSansMono.ttf) normal normal 400 normal>) = 10.05
2026-06-26 13:20:59,209 DEBUG matplotlib.font_manager: findfont: score(<Font 'DejaVu Serif' (DejaVuSerif-Bold.ttf) normal normal 700 normal>) = 10.335
2026-06-26 13:20:59,209 DEBUG matplotlib.font_manager: findfont: score(<Font 'DejaVu Sans Mono' (DejaVuSansMono-Bold.ttf) normal normal 700 normal>) = 10.335
2026-06-26 13:20:59,209 DEBUG matplotlib.font_manager: findfont: score(<Font 'DejaVu Serif' (DejaVuSerif.ttf) normal normal 400 normal>) = 10.05
2026-06-26 13:20:59,209 DEBUG matplotlib.font_manager: findfont: Matching STIXSizeOneSym:style=normal:variant=normal:weight=normal:stretch=normal:size=10.0 to STIXSizeOneSym ('/tmp/_MEIl3XpmA/matplotlib/mpl-data/fonts/ttf/STIXSizOneSymReg.ttf') with score of 0.050000.
2026-06-26 13:20:59,209 DEBUG matplotlib.font_manager: findfont: Matching STIXSizeTwoSym:style=normal:variant=normal:weight=normal:stretch=normal:size=10.0.
2026-06-26 13:20:59,209 DEBUG matplotlib.font_manager: findfont: score(<Font 'STIXSizeThreeSym' (STIXSizThreeSymReg.ttf) normal normal 400 normal>) = 10.05
2026-06-26 13:20:59,209 DEBUG matplotlib.font_manager: findfont: score(<Font 'STIXSizeTwoSym' (STIXSizTwoSymBol.ttf) normal normal 700 normal>) = 0.33499999999999996
2026-06-26 13:20:59,209 DEBUG matplotlib.font_manager: findfont: score(<Font 'STIXSizeThreeSym' (STIXSizThreeSymBol.ttf) normal normal 700 normal>) = 10.335
2026-06-26 13:20:59,209 DEBUG matplotlib.font_manager: findfont: score(<Font 'cmex10' (cmex10.ttf) normal normal 400 normal>) = 10.05
2026-06-26 13:20:59,209 DEBUG matplotlib.font_manager: findfont: score(<Font 'DejaVu Sans' (DejaVuSans-BoldOblique.ttf) oblique normal 700 normal>) = 11.335
2026-06-26 13:20:59,209 DEBUG matplotlib.font_manager: findfont: score(<Font 'DejaVu Serif' (DejaVuSerif.ttf) normal normal 400 normal>) = 10.05
2026-06-26 13:20:59,209 DEBUG matplotlib.font_manager: findfont: score(<Font 'STIXSizeFourSym' (STIXSizFourSymBol.ttf) normal normal 700 normal>) = 10.335
2026-06-26 13:20:59,209 DEBUG matplotlib.font_manager: findfont: score(<Font 'DejaVu Sans' (DejaVuSans-Oblique.ttf) oblique normal 400 normal>) = 11.05
2026-06-26 13:20:59,210 DEBUG matplotlib.font_manager: findfont: score(<Font 'DejaVu Sans Mono' (DejaVuSansMono.ttf) normal normal 400 normal>) = 10.05
2026-06-26 13:20:59,210 DEBUG matplotlib.font_manager: findfont: score(<Font 'STIXGeneral' (STIXGeneralBol.ttf) normal normal 700 normal>) = 10.335
2026-06-26 13:20:59,210 DEBUG matplotlib.font_manager: findfont: score(<Font 'STIXSizeFourSym' (STIXSizFourSymReg.ttf) normal normal 400 normal>) = 10.05
2026-06-26 13:20:59,210 DEBUG matplotlib.font_manager: findfont: score(<Font 'cmmi10' (cmmi10.ttf) normal normal 400 normal>) = 10.05
2026-06-26 13:20:59,210 DEBUG matplotlib.font_manager: findfont: score(<Font 'STIXSizeOneSym' (STIXSizOneSymBol.ttf) normal normal 700 normal>) = 10.335
2026-06-26 13:20:59,210 DEBUG matplotlib.font_manager: findfont: score(<Font 'STIXGeneral' (STIXGeneral.ttf) normal normal 400 normal>) = 10.05
2026-06-26 13:20:59,210 DEBUG matplotlib.font_manager: findfont: score(<Font 'cmss10' (cmss10.ttf) normal normal 400 normal>) = 10.05
2026-06-26 13:20:59,210 DEBUG matplotlib.font_manager: findfont: score(<Font 'DejaVu Serif' (DejaVuSerif-Italic.ttf) italic normal 400 normal>) = 11.05
2026-06-26 13:20:59,210 DEBUG matplotlib.font_manager: findfont: score(<Font 'STIXSizeFiveSym' (STIXSizFiveSymReg.ttf) normal normal 400 normal>) = 10.05
2026-06-26 13:20:59,210 DEBUG matplotlib.font_manager: findfont: score(<Font 'DejaVu Sans Display' (DejaVuSansDisplay.ttf) normal normal 400 normal>) = 10.05
2026-06-26 13:20:59,210 DEBUG matplotlib.font_manager: findfont: score(<Font 'STIXGeneral' (STIXGeneralItalic.ttf) italic normal 400 normal>) = 11.05
2026-06-26 13:20:59,210 DEBUG matplotlib.font_manager: findfont: score(<Font 'STIXNonUnicode' (STIXNonUniBolIta.ttf) italic normal 700 normal>) = 11.335
2026-06-26 13:20:59,210 DEBUG matplotlib.font_manager: findfont: score(<Font 'DejaVu Sans Mono' (DejaVuSansMono-Bold.ttf) normal normal 700 normal>) = 10.335
2026-06-26 13:20:59,210 DEBUG matplotlib.font_manager: findfont: score(<Font 'STIXNonUnicode' (STIXNonUniIta.ttf) italic normal 400 normal>) = 11.05
2026-06-26 13:20:59,210 DEBUG matplotlib.font_manager: findfont: score(<Font 'DejaVu Serif' (DejaVuSerif-Bold.ttf) normal normal 700 normal>) = 10.335
2026-06-26 13:20:59,210 DEBUG matplotlib.font_manager: findfont: score(<Font 'cmb10' (cmb10.ttf) normal normal 400 normal>) = 10.05
2026-06-26 13:20:59,210 DEBUG matplotlib.font_manager: findfont: score(<Font 'cmtt10' (cmtt10.ttf) normal normal 400 normal>) = 10.05
2026-06-26 13:20:59,210 DEBUG matplotlib.font_manager: findfont: score(<Font 'STIXGeneral' (STIXGeneralBolIta.ttf) italic normal 700 normal>) = 11.335
2026-06-26 13:20:59,210 DEBUG matplotlib.font_manager: findfont: score(<Font 'STIXSizeTwoSym' (STIXSizTwoSymReg.ttf) normal normal 400 normal>) = 0.05
2026-06-26 13:20:59,210 DEBUG matplotlib.font_manager: findfont: score(<Font 'DejaVu Serif' (DejaVuSerif-BoldItalic.ttf) italic normal 700 normal>) = 11.335
2026-06-26 13:20:59,210 DEBUG matplotlib.font_manager: findfont: score(<Font 'STIXNonUnicode' (STIXNonUniBol.ttf) normal normal 700 normal>) = 10.335
2026-06-26 13:20:59,210 DEBUG matplotlib.font_manager: findfont: score(<Font 'cmr10' (cmr10.ttf) normal normal 400 normal>) = 10.05
2026-06-26 13:20:59,210 DEBUG matplotlib.font_manager: findfont: score(<Font 'DejaVu Serif Display' (DejaVuSerifDisplay.ttf) normal normal 400 normal>) = 10.05
2026-06-26 13:20:59,210 DEBUG matplotlib.font_manager: findfont: score(<Font 'DejaVu Sans Mono' (DejaVuSansMono-BoldOblique.ttf) oblique normal 700 normal>) = 11.335
2026-06-26 13:20:59,210 DEBUG matplotlib.font_manager: findfont: score(<Font 'STIXSizeOneSym' (STIXSizOneSymReg.ttf) normal normal 400 normal>) = 10.05
2026-06-26 13:20:59,210 DEBUG matplotlib.font_manager: findfont: score(<Font 'DejaVu Sans Mono' (DejaVuSansMono-Oblique.ttf) oblique normal 400 normal>) = 11.05
2026-06-26 13:20:59,210 DEBUG matplotlib.font_manager: findfont: score(<Font 'STIXNonUnicode' (STIXNonUni.ttf) normal normal 400 normal>) = 10.05
2026-06-26 13:20:59,210 DEBUG matplotlib.font_manager: findfont: score(<Font 'cmsy10' (cmsy10.ttf) normal normal 400 normal>) = 10.05
2026-06-26 13:20:59,210 DEBUG matplotlib.font_manager: findfont: score(<Font 'DejaVu Sans' (DejaVuSans.ttf) normal normal 400 normal>) = 10.05
2026-06-26 13:20:59,210 DEBUG matplotlib.font_manager: findfont: score(<Font 'DejaVu Sans' (DejaVuSans-Bold.ttf) normal normal 700 normal>) = 10.335
2026-06-26 13:20:59,210 DEBUG matplotlib.font_manager: findfont: score(<Font 'DejaVu Sans' (DejaVuSans.ttf) normal normal 400 normal>) = 10.05
2026-06-26 13:20:59,210 DEBUG matplotlib.font_manager: findfont: score(<Font 'DejaVu Sans' (DejaVuSans-Bold.ttf) normal normal 700 normal>) = 10.335
2026-06-26 13:20:59,210 DEBUG matplotlib.font_manager: findfont: score(<Font 'DejaVu Sans Mono' (DejaVuSansMono.ttf) normal normal 400 normal>) = 10.05
2026-06-26 13:20:59,210 DEBUG matplotlib.font_manager: findfont: score(<Font 'DejaVu Serif' (DejaVuSerif-Bold.ttf) normal normal 700 normal>) = 10.335
2026-06-26 13:20:59,211 DEBUG matplotlib.font_manager: findfont: score(<Font 'DejaVu Sans Mono' (DejaVuSansMono-Bold.ttf) normal normal 700 normal>) = 10.335
2026-06-26 13:20:59,211 DEBUG matplotlib.font_manager: findfont: score(<Font 'DejaVu Serif' (DejaVuSerif.ttf) normal normal 400 normal>) = 10.05
2026-06-26 13:20:59,211 DEBUG matplotlib.font_manager: findfont: Matching STIXSizeTwoSym:style=normal:variant=normal:weight=normal:stretch=normal:size=10.0 to STIXSizeTwoSym ('/tmp/_MEIl3XpmA/matplotlib/mpl-data/fonts/ttf/STIXSizTwoSymReg.ttf') with score of 0.050000.
2026-06-26 13:20:59,211 DEBUG matplotlib.font_manager: findfont: Matching STIXSizeThreeSym:style=normal:variant=normal:weight=normal:stretch=normal:size=10.0.
2026-06-26 13:20:59,211 DEBUG matplotlib.font_manager: findfont: score(<Font 'STIXSizeThreeSym' (STIXSizThreeSymReg.ttf) normal normal 400 normal>) = 0.05
2026-06-26 13:20:59,211 DEBUG matplotlib.font_manager: findfont: score(<Font 'STIXSizeTwoSym' (STIXSizTwoSymBol.ttf) normal normal 700 normal>) = 10.335
2026-06-26 13:20:59,211 DEBUG matplotlib.font_manager: findfont: score(<Font 'STIXSizeThreeSym' (STIXSizThreeSymBol.ttf) normal normal 700 normal>) = 0.33499999999999996
2026-06-26 13:20:59,211 DEBUG matplotlib.font_manager: findfont: score(<Font 'cmex10' (cmex10.ttf) normal normal 400 normal>) = 10.05
2026-06-26 13:20:59,211 DEBUG matplotlib.font_manager: findfont: score(<Font 'DejaVu Sans' (DejaVuSans-BoldOblique.ttf) oblique normal 700 normal>) = 11.335
2026-06-26 13:20:59,211 DEBUG matplotlib.font_manager: findfont: score(<Font 'DejaVu Serif' (DejaVuSerif.ttf) normal normal 400 normal>) = 10.05
2026-06-26 13:20:59,211 DEBUG matplotlib.font_manager: findfont: score(<Font 'STIXSizeFourSym' (STIXSizFourSymBol.ttf) normal normal 700 normal>) = 10.335
2026-06-26 13:20:59,211 DEBUG matplotlib.font_manager: findfont: score(<Font 'DejaVu Sans' (DejaVuSans-Oblique.ttf) oblique normal 400 normal>) = 11.05
2026-06-26 13:20:59,211 DEBUG matplotlib.font_manager: findfont: score(<Font 'DejaVu Sans Mono' (DejaVuSansMono.ttf) normal normal 400 normal>) = 10.05
2026-06-26 13:20:59,211 DEBUG matplotlib.font_manager: findfont: score(<Font 'STIXGeneral' (STIXGeneralBol.ttf) normal normal 700 normal>) = 10.335
2026-06-26 13:20:59,211 DEBUG matplotlib.font_manager: findfont: score(<Font 'STIXSizeFourSym' (STIXSizFourSymReg.ttf) normal normal 400 normal>) = 10.05
2026-06-26 13:20:59,211 DEBUG matplotlib.font_manager: findfont: score(<Font 'cmmi10' (cmmi10.ttf) normal normal 400 normal>) = 10.05
2026-06-26 13:20:59,211 DEBUG matplotlib.font_manager: findfont: score(<Font 'STIXSizeOneSym' (STIXSizOneSymBol.ttf) normal normal 700 normal>) = 10.335
2026-06-26 13:20:59,211 DEBUG matplotlib.font_manager: findfont: score(<Font 'STIXGeneral' (STIXGeneral.ttf) normal normal 400 normal>) = 10.05
2026-06-26 13:20:59,211 DEBUG matplotlib.font_manager: findfont: score(<Font 'cmss10' (cmss10.ttf) normal normal 400 normal>) = 10.05
2026-06-26 13:20:59,211 DEBUG matplotlib.font_manager: findfont: score(<Font 'DejaVu Serif' (DejaVuSerif-Italic.ttf) italic normal 400 normal>) = 11.05
2026-06-26 13:20:59,211 DEBUG matplotlib.font_manager: findfont: score(<Font 'STIXSizeFiveSym' (STIXSizFiveSymReg.ttf) normal normal 400 normal>) = 10.05
2026-06-26 13:20:59,211 DEBUG matplotlib.font_manager: findfont: score(<Font 'DejaVu Sans Display' (DejaVuSansDisplay.ttf) normal normal 400 normal>) = 10.05
2026-06-26 13:20:59,211 DEBUG matplotlib.font_manager: findfont: score(<Font 'STIXGeneral' (STIXGeneralItalic.ttf) italic normal 400 normal>) = 11.05
2026-06-26 13:20:59,211 DEBUG matplotlib.font_manager: findfont: score(<Font 'STIXNonUnicode' (STIXNonUniBolIta.ttf) italic normal 700 normal>) = 11.335
2026-06-26 13:20:59,211 DEBUG matplotlib.font_manager: findfont: score(<Font 'DejaVu Sans Mono' (DejaVuSansMono-Bold.ttf) normal normal 700 normal>) = 10.335
2026-06-26 13:20:59,211 DEBUG matplotlib.font_manager: findfont: score(<Font 'STIXNonUnicode' (STIXNonUniIta.ttf) italic normal 400 normal>) = 11.05
2026-06-26 13:20:59,212 DEBUG matplotlib.font_manager: findfont: score(<Font 'DejaVu Serif' (DejaVuSerif-Bold.ttf) normal normal 700 normal>) = 10.335
2026-06-26 13:20:59,212 DEBUG matplotlib.font_manager: findfont: score(<Font 'cmb10' (cmb10.ttf) normal normal 400 normal>) = 10.05
2026-06-26 13:20:59,212 DEBUG matplotlib.font_manager: findfont: score(<Font 'cmtt10' (cmtt10.ttf) normal normal 400 normal>) = 10.05
2026-06-26 13:20:59,212 DEBUG matplotlib.font_manager: findfont: score(<Font 'STIXGeneral' (STIXGeneralBolIta.ttf) italic normal 700 normal>) = 11.335
2026-06-26 13:20:59,212 DEBUG matplotlib.font_manager: findfont: score(<Font 'STIXSizeTwoSym' (STIXSizTwoSymReg.ttf) normal normal 400 normal>) = 10.05
2026-06-26 13:20:59,212 DEBUG matplotlib.font_manager: findfont: score(<Font 'DejaVu Serif' (DejaVuSerif-BoldItalic.ttf) italic normal 700 normal>) = 11.335
2026-06-26 13:20:59,212 DEBUG matplotlib.font_manager: findfont: score(<Font 'STIXNonUnicode' (STIXNonUniBol.ttf) normal normal 700 normal>) = 10.335
2026-06-26 13:20:59,212 DEBUG matplotlib.font_manager: findfont: score(<Font 'cmr10' (cmr10.ttf) normal normal 400 normal>) = 10.05
2026-06-26 13:20:59,212 DEBUG matplotlib.font_manager: findfont: score(<Font 'DejaVu Serif Display' (DejaVuSerifDisplay.ttf) normal normal 400 normal>) = 10.05
2026-06-26 13:20:59,212 DEBUG matplotlib.font_manager: findfont: score(<Font 'DejaVu Sans Mono' (DejaVuSansMono-BoldOblique.ttf) oblique normal 700 normal>) = 11.335
2026-06-26 13:20:59,212 DEBUG matplotlib.font_manager: findfont: score(<Font 'STIXSizeOneSym' (STIXSizOneSymReg.ttf) normal normal 400 normal>) = 10.05
2026-06-26 13:20:59,212 DEBUG matplotlib.font_manager: findfont: score(<Font 'DejaVu Sans Mono' (DejaVuSansMono-Oblique.ttf) oblique normal 400 normal>) = 11.05
2026-06-26 13:20:59,212 DEBUG matplotlib.font_manager: findfont: score(<Font 'STIXNonUnicode' (STIXNonUni.ttf) normal normal 400 normal>) = 10.05
2026-06-26 13:20:59,212 DEBUG matplotlib.font_manager: findfont: score(<Font 'cmsy10' (cmsy10.ttf) normal normal 400 normal>) = 10.05
2026-06-26 13:20:59,212 DEBUG matplotlib.font_manager: findfont: score(<Font 'DejaVu Sans' (DejaVuSans.ttf) normal normal 400 normal>) = 10.05
2026-06-26 13:20:59,212 DEBUG matplotlib.font_manager: findfont: score(<Font 'DejaVu Sans' (DejaVuSans-Bold.ttf) normal normal 700 normal>) = 10.335
2026-06-26 13:20:59,212 DEBUG matplotlib.font_manager: findfont: score(<Font 'DejaVu Sans' (DejaVuSans.ttf) normal normal 400 normal>) = 10.05
2026-06-26 13:20:59,212 DEBUG matplotlib.font_manager: findfont: score(<Font 'DejaVu Sans' (DejaVuSans-Bold.ttf) normal normal 700 normal>) = 10.335
2026-06-26 13:20:59,212 DEBUG matplotlib.font_manager: findfont: score(<Font 'DejaVu Sans Mono' (DejaVuSansMono.ttf) normal normal 400 normal>) = 10.05
2026-06-26 13:20:59,212 DEBUG matplotlib.font_manager: findfont: score(<Font 'DejaVu Serif' (DejaVuSerif-Bold.ttf) normal normal 700 normal>) = 10.335
2026-06-26 13:20:59,212 DEBUG matplotlib.font_manager: findfont: score(<Font 'DejaVu Sans Mono' (DejaVuSansMono-Bold.ttf) normal normal 700 normal>) = 10.335
2026-06-26 13:20:59,212 DEBUG matplotlib.font_manager: findfont: score(<Font 'DejaVu Serif' (DejaVuSerif.ttf) normal normal 400 normal>) = 10.05
2026-06-26 13:20:59,212 DEBUG matplotlib.font_manager: findfont: Matching STIXSizeThreeSym:style=normal:variant=normal:weight=normal:stretch=normal:size=10.0 to STIXSizeThreeSym ('/tmp/_MEIl3XpmA/matplotlib/mpl-data/fonts/ttf/STIXSizThreeSymReg.ttf') with score of 0.050000.
2026-06-26 13:20:59,212 DEBUG matplotlib.font_manager: findfont: Matching STIXSizeFourSym:style=normal:variant=normal:weight=normal:stretch=normal:size=10.0.
2026-06-26 13:20:59,213 DEBUG matplotlib.font_manager: findfont: score(<Font 'STIXSizeThreeSym' (STIXSizThreeSymReg.ttf) normal normal 400 normal>) = 10.05
2026-06-26 13:20:59,213 DEBUG matplotlib.font_manager: findfont: score(<Font 'STIXSizeTwoSym' (STIXSizTwoSymBol.ttf) normal normal 700 normal>) = 10.335
2026-06-26 13:20:59,213 DEBUG matplotlib.font_manager: findfont: score(<Font 'STIXSizeThreeSym' (STIXSizThreeSymBol.ttf) normal normal 700 normal>) = 10.335
2026-06-26 13:20:59,213 DEBUG matplotlib.font_manager: findfont: score(<Font 'cmex10' (cmex10.ttf) normal normal 400 normal>) = 10.05
2026-06-26 13:20:59,213 DEBUG matplotlib.font_manager: findfont: score(<Font 'DejaVu Sans' (DejaVuSans-BoldOblique.ttf) oblique normal 700 normal>) = 11.335
2026-06-26 13:20:59,213 DEBUG matplotlib.font_manager: findfont: score(<Font 'DejaVu Serif' (DejaVuSerif.ttf) normal normal 400 normal>) = 10.05
2026-06-26 13:20:59,213 DEBUG matplotlib.font_manager: findfont: score(<Font 'STIXSizeFourSym' (STIXSizFourSymBol.ttf) normal normal 700 normal>) = 0.33499999999999996
2026-06-26 13:20:59,213 DEBUG matplotlib.font_manager: findfont: score(<Font 'DejaVu Sans' (DejaVuSans-Oblique.ttf) oblique normal 400 normal>) = 11.05
2026-06-26 13:20:59,213 DEBUG matplotlib.font_manager: findfont: score(<Font 'DejaVu Sans Mono' (DejaVuSansMono.ttf) normal normal 400 normal>) = 10.05
2026-06-26 13:20:59,213 DEBUG matplotlib.font_manager: findfont: score(<Font 'STIXGeneral' (STIXGeneralBol.ttf) normal normal 700 normal>) = 10.335
2026-06-26 13:20:59,213 DEBUG matplotlib.font_manager: findfont: score(<Font 'STIXSizeFourSym' (STIXSizFourSymReg.ttf) normal normal 400 normal>) = 0.05
2026-06-26 13:20:59,213 DEBUG matplotlib.font_manager: findfont: score(<Font 'cmmi10' (cmmi10.ttf) normal normal 400 normal>) = 10.05
2026-06-26 13:20:59,213 DEBUG matplotlib.font_manager: findfont: score(<Font 'STIXSizeOneSym' (STIXSizOneSymBol.ttf) normal normal 700 normal>) = 10.335
2026-06-26 13:20:59,213 DEBUG matplotlib.font_manager: findfont: score(<Font 'STIXGeneral' (STIXGeneral.ttf) normal normal 400 normal>) = 10.05
2026-06-26 13:20:59,213 DEBUG matplotlib.font_manager: findfont: score(<Font 'cmss10' (cmss10.ttf) normal normal 400 normal>) = 10.05
2026-06-26 13:20:59,213 DEBUG matplotlib.font_manager: findfont: score(<Font 'DejaVu Serif' (DejaVuSerif-Italic.ttf) italic normal 400 normal>) = 11.05
2026-06-26 13:20:59,213 DEBUG matplotlib.font_manager: findfont: score(<Font 'STIXSizeFiveSym' (STIXSizFiveSymReg.ttf) normal normal 400 normal>) = 10.05
2026-06-26 13:20:59,213 DEBUG matplotlib.font_manager: findfont: score(<Font 'DejaVu Sans Display' (DejaVuSansDisplay.ttf) normal normal 400 normal>) = 10.05
2026-06-26 13:20:59,213 DEBUG matplotlib.font_manager: findfont: score(<Font 'STIXGeneral' (STIXGeneralItalic.ttf) italic normal 400 normal>) = 11.05
2026-06-26 13:20:59,213 DEBUG matplotlib.font_manager: findfont: score(<Font 'STIXNonUnicode' (STIXNonUniBolIta.ttf) italic normal 700 normal>) = 11.335
2026-06-26 13:20:59,213 DEBUG matplotlib.font_manager: findfont: score(<Font 'DejaVu Sans Mono' (DejaVuSansMono-Bold.ttf) normal normal 700 normal>) = 10.335
2026-06-26 13:20:59,213 DEBUG matplotlib.font_manager: findfont: score(<Font 'STIXNonUnicode' (STIXNonUniIta.ttf) italic normal 400 normal>) = 11.05
2026-06-26 13:20:59,213 DEBUG matplotlib.font_manager: findfont: score(<Font 'DejaVu Serif' (DejaVuSerif-Bold.ttf) normal normal 700 normal>) = 10.335
2026-06-26 13:20:59,213 DEBUG matplotlib.font_manager: findfont: score(<Font 'cmb10' (cmb10.ttf) normal normal 400 normal>) = 10.05
2026-06-26 13:20:59,213 DEBUG matplotlib.font_manager: findfont: score(<Font 'cmtt10' (cmtt10.ttf) normal normal 400 normal>) = 10.05
2026-06-26 13:20:59,213 DEBUG matplotlib.font_manager: findfont: score(<Font 'STIXGeneral' (STIXGeneralBolIta.ttf) italic normal 700 normal>) = 11.335
2026-06-26 13:20:59,213 DEBUG matplotlib.font_manager: findfont: score(<Font 'STIXSizeTwoSym' (STIXSizTwoSymReg.ttf) normal normal 400 normal>) = 10.05
2026-06-26 13:20:59,213 DEBUG matplotlib.font_manager: findfont: score(<Font 'DejaVu Serif' (DejaVuSerif-BoldItalic.ttf) italic normal 700 normal>) = 11.335
2026-06-26 13:20:59,213 DEBUG matplotlib.font_manager: findfont: score(<Font 'STIXNonUnicode' (STIXNonUniBol.ttf) normal normal 700 normal>) = 10.335
2026-06-26 13:20:59,213 DEBUG matplotlib.font_manager: findfont: score(<Font 'cmr10' (cmr10.ttf) normal normal 400 normal>) = 10.05
2026-06-26 13:20:59,213 DEBUG matplotlib.font_manager: findfont: score(<Font 'DejaVu Serif Display' (DejaVuSerifDisplay.ttf) normal normal 400 normal>) = 10.05
2026-06-26 13:20:59,213 DEBUG matplotlib.font_manager: findfont: score(<Font 'DejaVu Sans Mono' (DejaVuSansMono-BoldOblique.ttf) oblique normal 700 normal>) = 11.335
2026-06-26 13:20:59,213 DEBUG matplotlib.font_manager: findfont: score(<Font 'STIXSizeOneSym' (STIXSizOneSymReg.ttf) normal normal 400 normal>) = 10.05
2026-06-26 13:20:59,214 DEBUG matplotlib.font_manager: findfont: score(<Font 'DejaVu Sans Mono' (DejaVuSansMono-Oblique.ttf) oblique normal 400 normal>) = 11.05
2026-06-26 13:20:59,214 DEBUG matplotlib.font_manager: findfont: score(<Font 'STIXNonUnicode' (STIXNonUni.ttf) normal normal 400 normal>) = 10.05
2026-06-26 13:20:59,214 DEBUG matplotlib.font_manager: findfont: score(<Font 'cmsy10' (cmsy10.ttf) normal normal 400 normal>) = 10.05
2026-06-26 13:20:59,214 DEBUG matplotlib.font_manager: findfont: score(<Font 'DejaVu Sans' (DejaVuSans.ttf) normal normal 400 normal>) = 10.05
2026-06-26 13:20:59,214 DEBUG matplotlib.font_manager: findfont: score(<Font 'DejaVu Sans' (DejaVuSans-Bold.ttf) normal normal 700 normal>) = 10.335
2026-06-26 13:20:59,214 DEBUG matplotlib.font_manager: findfont: score(<Font 'DejaVu Sans' (DejaVuSans.ttf) normal normal 400 normal>) = 10.05
2026-06-26 13:20:59,214 DEBUG matplotlib.font_manager: findfont: score(<Font 'DejaVu Sans' (DejaVuSans-Bold.ttf) normal normal 700 normal>) = 10.335
2026-06-26 13:20:59,214 DEBUG matplotlib.font_manager: findfont: score(<Font 'DejaVu Sans Mono' (DejaVuSansMono.ttf) normal normal 400 normal>) = 10.05
2026-06-26 13:20:59,214 DEBUG matplotlib.font_manager: findfont: score(<Font 'DejaVu Serif' (DejaVuSerif-Bold.ttf) normal normal 700 normal>) = 10.335
2026-06-26 13:20:59,214 DEBUG matplotlib.font_manager: findfont: score(<Font 'DejaVu Sans Mono' (DejaVuSansMono-Bold.ttf) normal normal 700 normal>) = 10.335
2026-06-26 13:20:59,214 DEBUG matplotlib.font_manager: findfont: score(<Font 'DejaVu Serif' (DejaVuSerif.ttf) normal normal 400 normal>) = 10.05
2026-06-26 13:20:59,214 DEBUG matplotlib.font_manager: findfont: Matching STIXSizeFourSym:style=normal:variant=normal:weight=normal:stretch=normal:size=10.0 to STIXSizeFourSym ('/tmp/_MEIl3XpmA/matplotlib/mpl-data/fonts/ttf/STIXSizFourSymReg.ttf') with score of 0.050000.
2026-06-26 13:20:59,214 DEBUG matplotlib.font_manager: findfont: Matching STIXSizeFiveSym:style=normal:variant=normal:weight=normal:stretch=normal:size=10.0.
2026-06-26 13:20:59,214 DEBUG matplotlib.font_manager: findfont: score(<Font 'STIXSizeThreeSym' (STIXSizThreeSymReg.ttf) normal normal 400 normal>) = 10.05
2026-06-26 13:20:59,214 DEBUG matplotlib.font_manager: findfont: score(<Font 'STIXSizeTwoSym' (STIXSizTwoSymBol.ttf) normal normal 700 normal>) = 10.335
2026-06-26 13:20:59,214 DEBUG matplotlib.font_manager: findfont: score(<Font 'STIXSizeThreeSym' (STIXSizThreeSymBol.ttf) normal normal 700 normal>) = 10.335
2026-06-26 13:20:59,214 DEBUG matplotlib.font_manager: findfont: score(<Font 'cmex10' (cmex10.ttf) normal normal 400 normal>) = 10.05
2026-06-26 13:20:59,214 DEBUG matplotlib.font_manager: findfont: score(<Font 'DejaVu Sans' (DejaVuSans-BoldOblique.ttf) oblique normal 700 normal>) = 11.335
2026-06-26 13:20:59,214 DEBUG matplotlib.font_manager: findfont: score(<Font 'DejaVu Serif' (DejaVuSerif.ttf) normal normal 400 normal>) = 10.05
2026-06-26 13:20:59,214 DEBUG matplotlib.font_manager: findfont: score(<Font 'STIXSizeFourSym' (STIXSizFourSymBol.ttf) normal normal 700 normal>) = 10.335
2026-06-26 13:20:59,214 DEBUG matplotlib.font_manager: findfont: score(<Font 'DejaVu Sans' (DejaVuSans-Oblique.ttf) oblique normal 400 normal>) = 11.05
2026-06-26 13:20:59,214 DEBUG matplotlib.font_manager: findfont: score(<Font 'DejaVu Sans Mono' (DejaVuSansMono.ttf) normal normal 400 normal>) = 10.05
2026-06-26 13:20:59,214 DEBUG matplotlib.font_manager: findfont: score(<Font 'STIXGeneral' (STIXGeneralBol.ttf) normal normal 700 normal>) = 10.335
2026-06-26 13:20:59,214 DEBUG matplotlib.font_manager: findfont: score(<Font 'STIXSizeFourSym' (STIXSizFourSymReg.ttf) normal normal 400 normal>) = 10.05
2026-06-26 13:20:59,214 DEBUG matplotlib.font_manager: findfont: score(<Font 'cmmi10' (cmmi10.ttf) normal normal 400 normal>) = 10.05
2026-06-26 13:20:59,215 DEBUG matplotlib.font_manager: findfont: score(<Font 'STIXSizeOneSym' (STIXSizOneSymBol.ttf) normal normal 700 normal>) = 10.335
2026-06-26 13:20:59,215 DEBUG matplotlib.font_manager: findfont: score(<Font 'STIXGeneral' (STIXGeneral.ttf) normal normal 400 normal>) = 10.05
2026-06-26 13:20:59,215 DEBUG matplotlib.font_manager: findfont: score(<Font 'cmss10' (cmss10.ttf) normal normal 400 normal>) = 10.05
2026-06-26 13:20:59,215 DEBUG matplotlib.font_manager: findfont: score(<Font 'DejaVu Serif' (DejaVuSerif-Italic.ttf) italic normal 400 normal>) = 11.05
2026-06-26 13:20:59,215 DEBUG matplotlib.font_manager: findfont: score(<Font 'STIXSizeFiveSym' (STIXSizFiveSymReg.ttf) normal normal 400 normal>) = 0.05
2026-06-26 13:20:59,215 DEBUG matplotlib.font_manager: findfont: score(<Font 'DejaVu Sans Display' (DejaVuSansDisplay.ttf) normal normal 400 normal>) = 10.05
2026-06-26 13:20:59,215 DEBUG matplotlib.font_manager: findfont: score(<Font 'STIXGeneral' (STIXGeneralItalic.ttf) italic normal 400 normal>) = 11.05
2026-06-26 13:20:59,215 DEBUG matplotlib.font_manager: findfont: score(<Font 'STIXNonUnicode' (STIXNonUniBolIta.ttf) italic normal 700 normal>) = 11.335
2026-06-26 13:20:59,215 DEBUG matplotlib.font_manager: findfont: score(<Font 'DejaVu Sans Mono' (DejaVuSansMono-Bold.ttf) normal normal 700 normal>) = 10.335
2026-06-26 13:20:59,215 DEBUG matplotlib.font_manager: findfont: score(<Font 'STIXNonUnicode' (STIXNonUniIta.ttf) italic normal 400 normal>) = 11.05
2026-06-26 13:20:59,215 DEBUG matplotlib.font_manager: findfont: score(<Font 'DejaVu Serif' (DejaVuSerif-Bold.ttf) normal normal 700 normal>) = 10.335
2026-06-26 13:20:59,215 DEBUG matplotlib.font_manager: findfont: score(<Font 'cmb10' (cmb10.ttf) normal normal 400 normal>) = 10.05
2026-06-26 13:20:59,215 DEBUG matplotlib.font_manager: findfont: score(<Font 'cmtt10' (cmtt10.ttf) normal normal 400 normal>) = 10.05
2026-06-26 13:20:59,215 DEBUG matplotlib.font_manager: findfont: score(<Font 'STIXGeneral' (STIXGeneralBolIta.ttf) italic normal 700 normal>) = 11.335
2026-06-26 13:20:59,215 DEBUG matplotlib.font_manager: findfont: score(<Font 'STIXSizeTwoSym' (STIXSizTwoSymReg.ttf) normal normal 400 normal>) = 10.05
2026-06-26 13:20:59,215 DEBUG matplotlib.font_manager: findfont: score(<Font 'DejaVu Serif' (DejaVuSerif-BoldItalic.ttf) italic normal 700 normal>) = 11.335
2026-06-26 13:20:59,215 DEBUG matplotlib.font_manager: findfont: score(<Font 'STIXNonUnicode' (STIXNonUniBol.ttf) normal normal 700 normal>) = 10.335
2026-06-26 13:20:59,215 DEBUG matplotlib.font_manager: findfont: score(<Font 'cmr10' (cmr10.ttf) normal normal 400 normal>) = 10.05
2026-06-26 13:20:59,215 DEBUG matplotlib.font_manager: findfont: score(<Font 'DejaVu Serif Display' (DejaVuSerifDisplay.ttf) normal normal 400 normal>) = 10.05
2026-06-26 13:20:59,215 DEBUG matplotlib.font_manager: findfont: score(<Font 'DejaVu Sans Mono' (DejaVuSansMono-BoldOblique.ttf) oblique normal 700 normal>) = 11.335
2026-06-26 13:20:59,215 DEBUG matplotlib.font_manager: findfont: score(<Font 'STIXSizeOneSym' (STIXSizOneSymReg.ttf) normal normal 400 normal>) = 10.05
2026-06-26 13:20:59,215 DEBUG matplotlib.font_manager: findfont: score(<Font 'DejaVu Sans Mono' (DejaVuSansMono-Oblique.ttf) oblique normal 400 normal>) = 11.05
2026-06-26 13:20:59,215 DEBUG matplotlib.font_manager: findfont: score(<Font 'STIXNonUnicode' (STIXNonUni.ttf) normal normal 400 normal>) = 10.05
2026-06-26 13:20:59,215 DEBUG matplotlib.font_manager: findfont: score(<Font 'cmsy10' (cmsy10.ttf) normal normal 400 normal>) = 10.05
2026-06-26 13:20:59,215 DEBUG matplotlib.font_manager: findfont: score(<Font 'DejaVu Sans' (DejaVuSans.ttf) normal normal 400 normal>) = 10.05
2026-06-26 13:20:59,215 DEBUG matplotlib.font_manager: findfont: score(<Font 'DejaVu Sans' (DejaVuSans-Bold.ttf) normal normal 700 normal>) = 10.335
2026-06-26 13:20:59,215 DEBUG matplotlib.font_manager: findfont: score(<Font 'DejaVu Sans' (DejaVuSans.ttf) normal normal 400 normal>) = 10.05
2026-06-26 13:20:59,215 DEBUG matplotlib.font_manager: findfont: score(<Font 'DejaVu Sans' (DejaVuSans-Bold.ttf) normal normal 700 normal>) = 10.335
2026-06-26 13:20:59,215 DEBUG matplotlib.font_manager: findfont: score(<Font 'DejaVu Sans Mono' (DejaVuSansMono.ttf) normal normal 400 normal>) = 10.05
2026-06-26 13:20:59,215 DEBUG matplotlib.font_manager: findfont: score(<Font 'DejaVu Serif' (DejaVuSerif-Bold.ttf) normal normal 700 normal>) = 10.335
2026-06-26 13:20:59,215 DEBUG matplotlib.font_manager: findfont: score(<Font 'DejaVu Sans Mono' (DejaVuSansMono-Bold.ttf) normal normal 700 normal>) = 10.335
2026-06-26 13:20:59,215 DEBUG matplotlib.font_manager: findfont: score(<Font 'DejaVu Serif' (DejaVuSerif.ttf) normal normal 400 normal>) = 10.05
2026-06-26 13:20:59,215 DEBUG matplotlib.font_manager: findfont: Matching STIXSizeFiveSym:style=normal:variant=normal:weight=normal:stretch=normal:size=10.0 to STIXSizeFiveSym ('/tmp/_MEIl3XpmA/matplotlib/mpl-data/fonts/ttf/STIXSizFiveSymReg.ttf') with score of 0.050000.
2026-06-26 13:20:59,216 DEBUG matplotlib.font_manager: findfont: Matching cmsy10:style=normal:variant=normal:weight=normal:stretch=normal:size=10.0.
2026-06-26 13:20:59,216 DEBUG matplotlib.font_manager: findfont: score(<Font 'STIXSizeThreeSym' (STIXSizThreeSymReg.ttf) normal normal 400 normal>) = 10.05
2026-06-26 13:20:59,216 DEBUG matplotlib.font_manager: findfont: score(<Font 'STIXSizeTwoSym' (STIXSizTwoSymBol.ttf) normal normal 700 normal>) = 10.335
2026-06-26 13:20:59,216 DEBUG matplotlib.font_manager: findfont: score(<Font 'STIXSizeThreeSym' (STIXSizThreeSymBol.ttf) normal normal 700 normal>) = 10.335
2026-06-26 13:20:59,216 DEBUG matplotlib.font_manager: findfont: score(<Font 'cmex10' (cmex10.ttf) normal normal 400 normal>) = 10.05
2026-06-26 13:20:59,216 DEBUG matplotlib.font_manager: findfont: score(<Font 'DejaVu Sans' (DejaVuSans-BoldOblique.ttf) oblique normal 700 normal>) = 11.335
2026-06-26 13:20:59,216 DEBUG matplotlib.font_manager: findfont: score(<Font 'DejaVu Serif' (DejaVuSerif.ttf) normal normal 400 normal>) = 10.05
2026-06-26 13:20:59,217 DEBUG matplotlib.font_manager: findfont: score(<Font 'STIXSizeFourSym' (STIXSizFourSymBol.ttf) normal normal 700 normal>) = 10.335
2026-06-26 13:20:59,217 DEBUG matplotlib.font_manager: findfont: score(<Font 'DejaVu Sans' (DejaVuSans-Oblique.ttf) oblique normal 400 normal>) = 11.05
2026-06-26 13:20:59,217 DEBUG matplotlib.font_manager: findfont: score(<Font 'DejaVu Sans Mono' (DejaVuSansMono.ttf) normal normal 400 normal>) = 10.05
2026-06-26 13:20:59,217 DEBUG matplotlib.font_manager: findfont: score(<Font 'STIXGeneral' (STIXGeneralBol.ttf) normal normal 700 normal>) = 10.335
2026-06-26 13:20:59,217 DEBUG matplotlib.font_manager: findfont: score(<Font 'STIXSizeFourSym' (STIXSizFourSymReg.ttf) normal normal 400 normal>) = 10.05
2026-06-26 13:20:59,217 DEBUG matplotlib.font_manager: findfont: score(<Font 'cmmi10' (cmmi10.ttf) normal normal 400 normal>) = 10.05
2026-06-26 13:20:59,217 DEBUG matplotlib.font_manager: findfont: score(<Font 'STIXSizeOneSym' (STIXSizOneSymBol.ttf) normal normal 700 normal>) = 10.335
2026-06-26 13:20:59,217 DEBUG matplotlib.font_manager: findfont: score(<Font 'STIXGeneral' (STIXGeneral.ttf) normal normal 400 normal>) = 10.05
2026-06-26 13:20:59,217 DEBUG matplotlib.font_manager: findfont: score(<Font 'cmss10' (cmss10.ttf) normal normal 400 normal>) = 10.05
2026-06-26 13:20:59,217 DEBUG matplotlib.font_manager: findfont: score(<Font 'DejaVu Serif' (DejaVuSerif-Italic.ttf) italic normal 400 normal>) = 11.05
2026-06-26 13:20:59,217 DEBUG matplotlib.font_manager: findfont: score(<Font 'STIXSizeFiveSym' (STIXSizFiveSymReg.ttf) normal normal 400 normal>) = 10.05
2026-06-26 13:20:59,217 DEBUG matplotlib.font_manager: findfont: score(<Font 'DejaVu Sans Display' (DejaVuSansDisplay.ttf) normal normal 400 normal>) = 10.05
2026-06-26 13:20:59,217 DEBUG matplotlib.font_manager: findfont: score(<Font 'STIXGeneral' (STIXGeneralItalic.ttf) italic normal 400 normal>) = 11.05
2026-06-26 13:20:59,217 DEBUG matplotlib.font_manager: findfont: score(<Font 'STIXNonUnicode' (STIXNonUniBolIta.ttf) italic normal 700 normal>) = 11.335
2026-06-26 13:20:59,217 DEBUG matplotlib.font_manager: findfont: score(<Font 'DejaVu Sans Mono' (DejaVuSansMono-Bold.ttf) normal normal 700 normal>) = 10.335
2026-06-26 13:20:59,217 DEBUG matplotlib.font_manager: findfont: score(<Font 'STIXNonUnicode' (STIXNonUniIta.ttf) italic normal 400 normal>) = 11.05
2026-06-26 13:20:59,217 DEBUG matplotlib.font_manager: findfont: score(<Font 'DejaVu Serif' (DejaVuSerif-Bold.ttf) normal normal 700 normal>) = 10.335
2026-06-26 13:20:59,217 DEBUG matplotlib.font_manager: findfont: score(<Font 'cmb10' (cmb10.ttf) normal normal 400 normal>) = 10.05
2026-06-26 13:20:59,217 DEBUG matplotlib.font_manager: findfont: score(<Font 'cmtt10' (cmtt10.ttf) normal normal 400 normal>) = 10.05
2026-06-26 13:20:59,217 DEBUG matplotlib.font_manager: findfont: score(<Font 'STIXGeneral' (STIXGeneralBolIta.ttf) italic normal 700 normal>) = 11.335
2026-06-26 13:20:59,217 DEBUG matplotlib.font_manager: findfont: score(<Font 'STIXSizeTwoSym' (STIXSizTwoSymReg.ttf) normal normal 400 normal>) = 10.05
2026-06-26 13:20:59,217 DEBUG matplotlib.font_manager: findfont: score(<Font 'DejaVu Serif' (DejaVuSerif-BoldItalic.ttf) italic normal 700 normal>) = 11.335
2026-06-26 13:20:59,217 DEBUG matplotlib.font_manager: findfont: score(<Font 'STIXNonUnicode' (STIXNonUniBol.ttf) normal normal 700 normal>) = 10.335
2026-06-26 13:20:59,217 DEBUG matplotlib.font_manager: findfont: score(<Font 'cmr10' (cmr10.ttf) normal normal 400 normal>) = 10.05
2026-06-26 13:20:59,217 DEBUG matplotlib.font_manager: findfont: score(<Font 'DejaVu Serif Display' (DejaVuSerifDisplay.ttf) normal normal 400 normal>) = 10.05
2026-06-26 13:20:59,217 DEBUG matplotlib.font_manager: findfont: score(<Font 'DejaVu Sans Mono' (DejaVuSansMono-BoldOblique.ttf) oblique normal 700 normal>) = 11.335
2026-06-26 13:20:59,217 DEBUG matplotlib.font_manager: findfont: score(<Font 'STIXSizeOneSym' (STIXSizOneSymReg.ttf) normal normal 400 normal>) = 10.05
2026-06-26 13:20:59,217 DEBUG matplotlib.font_manager: findfont: score(<Font 'DejaVu Sans Mono' (DejaVuSansMono-Oblique.ttf) oblique normal 400 normal>) = 11.05
2026-06-26 13:20:59,217 DEBUG matplotlib.font_manager: findfont: score(<Font 'STIXNonUnicode' (STIXNonUni.ttf) normal normal 400 normal>) = 10.05
2026-06-26 13:20:59,217 DEBUG matplotlib.font_manager: findfont: score(<Font 'cmsy10' (cmsy10.ttf) normal normal 400 normal>) = 0.05
2026-06-26 13:20:59,217 DEBUG matplotlib.font_manager: findfont: score(<Font 'DejaVu Sans' (DejaVuSans.ttf) normal normal 400 normal>) = 10.05
2026-06-26 13:20:59,217 DEBUG matplotlib.font_manager: findfont: score(<Font 'DejaVu Sans' (DejaVuSans-Bold.ttf) normal normal 700 normal>) = 10.335
2026-06-26 13:20:59,217 DEBUG matplotlib.font_manager: findfont: score(<Font 'DejaVu Sans' (DejaVuSans.ttf) normal normal 400 normal>) = 10.05
2026-06-26 13:20:59,217 DEBUG matplotlib.font_manager: findfont: score(<Font 'DejaVu Sans' (DejaVuSans-Bold.ttf) normal normal 700 normal>) = 10.335
2026-06-26 13:20:59,218 DEBUG matplotlib.font_manager: findfont: score(<Font 'DejaVu Sans Mono' (DejaVuSansMono.ttf) normal normal 400 normal>) = 10.05
2026-06-26 13:20:59,218 DEBUG matplotlib.font_manager: findfont: score(<Font 'DejaVu Serif' (DejaVuSerif-Bold.ttf) normal normal 700 normal>) = 10.335
2026-06-26 13:20:59,218 DEBUG matplotlib.font_manager: findfont: score(<Font 'DejaVu Sans Mono' (DejaVuSansMono-Bold.ttf) normal normal 700 normal>) = 10.335
2026-06-26 13:20:59,218 DEBUG matplotlib.font_manager: findfont: score(<Font 'DejaVu Serif' (DejaVuSerif.ttf) normal normal 400 normal>) = 10.05
2026-06-26 13:20:59,218 DEBUG matplotlib.font_manager: findfont: Matching cmsy10:style=normal:variant=normal:weight=normal:stretch=normal:size=10.0 to cmsy10 ('/tmp/_MEIl3XpmA/matplotlib/mpl-data/fonts/ttf/cmsy10.ttf') with score of 0.050000.
2026-06-26 13:20:59,218 DEBUG matplotlib.font_manager: findfont: Matching cmr10:style=normal:variant=normal:weight=normal:stretch=normal:size=10.0.
2026-06-26 13:20:59,218 DEBUG matplotlib.font_manager: findfont: score(<Font 'STIXSizeThreeSym' (STIXSizThreeSymReg.ttf) normal normal 400 normal>) = 10.05
2026-06-26 13:20:59,218 DEBUG matplotlib.font_manager: findfont: score(<Font 'STIXSizeTwoSym' (STIXSizTwoSymBol.ttf) normal normal 700 normal>) = 10.335
2026-06-26 13:20:59,218 DEBUG matplotlib.font_manager: findfont: score(<Font 'STIXSizeThreeSym' (STIXSizThreeSymBol.ttf) normal normal 700 normal>) = 10.335
2026-06-26 13:20:59,218 DEBUG matplotlib.font_manager: findfont: score(<Font 'cmex10' (cmex10.ttf) normal normal 400 normal>) = 10.05
2026-06-26 13:20:59,218 DEBUG matplotlib.font_manager: findfont: score(<Font 'DejaVu Sans' (DejaVuSans-BoldOblique.ttf) oblique normal 700 normal>) = 11.335
2026-06-26 13:20:59,218 DEBUG matplotlib.font_manager: findfont: score(<Font 'DejaVu Serif' (DejaVuSerif.ttf) normal normal 400 normal>) = 10.05
2026-06-26 13:20:59,218 DEBUG matplotlib.font_manager: findfont: score(<Font 'STIXSizeFourSym' (STIXSizFourSymBol.ttf) normal normal 700 normal>) = 10.335
2026-06-26 13:20:59,218 DEBUG matplotlib.font_manager: findfont: score(<Font 'DejaVu Sans' (DejaVuSans-Oblique.ttf) oblique normal 400 normal>) = 11.05
2026-06-26 13:20:59,218 DEBUG matplotlib.font_manager: findfont: score(<Font 'DejaVu Sans Mono' (DejaVuSansMono.ttf) normal normal 400 normal>) = 10.05
2026-06-26 13:20:59,218 DEBUG matplotlib.font_manager: findfont: score(<Font 'STIXGeneral' (STIXGeneralBol.ttf) normal normal 700 normal>) = 10.335
2026-06-26 13:20:59,218 DEBUG matplotlib.font_manager: findfont: score(<Font 'STIXSizeFourSym' (STIXSizFourSymReg.ttf) normal normal 400 normal>) = 10.05
2026-06-26 13:20:59,218 DEBUG matplotlib.font_manager: findfont: score(<Font 'cmmi10' (cmmi10.ttf) normal normal 400 normal>) = 10.05
2026-06-26 13:20:59,218 DEBUG matplotlib.font_manager: findfont: score(<Font 'STIXSizeOneSym' (STIXSizOneSymBol.ttf) normal normal 700 normal>) = 10.335
2026-06-26 13:20:59,218 DEBUG matplotlib.font_manager: findfont: score(<Font 'STIXGeneral' (STIXGeneral.ttf) normal normal 400 normal>) = 10.05
2026-06-26 13:20:59,218 DEBUG matplotlib.font_manager: findfont: score(<Font 'cmss10' (cmss10.ttf) normal normal 400 normal>) = 10.05
2026-06-26 13:20:59,218 DEBUG matplotlib.font_manager: findfont: score(<Font 'DejaVu Serif' (DejaVuSerif-Italic.ttf) italic normal 400 normal>) = 11.05
2026-06-26 13:20:59,218 DEBUG matplotlib.font_manager: findfont: score(<Font 'STIXSizeFiveSym' (STIXSizFiveSymReg.ttf) normal normal 400 normal>) = 10.05
2026-06-26 13:20:59,218 DEBUG matplotlib.font_manager: findfont: score(<Font 'DejaVu Sans Display' (DejaVuSansDisplay.ttf) normal normal 400 normal>) = 10.05
2026-06-26 13:20:59,218 DEBUG matplotlib.font_manager: findfont: score(<Font 'STIXGeneral' (STIXGeneralItalic.ttf) italic normal 400 normal>) = 11.05
2026-06-26 13:20:59,218 DEBUG matplotlib.font_manager: findfont: score(<Font 'STIXNonUnicode' (STIXNonUniBolIta.ttf) italic normal 700 normal>) = 11.335
2026-06-26 13:20:59,219 DEBUG matplotlib.font_manager: findfont: score(<Font 'DejaVu Sans Mono' (DejaVuSansMono-Bold.ttf) normal normal 700 normal>) = 10.335
2026-06-26 13:20:59,219 DEBUG matplotlib.font_manager: findfont: score(<Font 'STIXNonUnicode' (STIXNonUniIta.ttf) italic normal 400 normal>) = 11.05
2026-06-26 13:20:59,219 DEBUG matplotlib.font_manager: findfont: score(<Font 'DejaVu Serif' (DejaVuSerif-Bold.ttf) normal normal 700 normal>) = 10.335
2026-06-26 13:20:59,219 DEBUG matplotlib.font_manager: findfont: score(<Font 'cmb10' (cmb10.ttf) normal normal 400 normal>) = 10.05
2026-06-26 13:20:59,219 DEBUG matplotlib.font_manager: findfont: score(<Font 'cmtt10' (cmtt10.ttf) normal normal 400 normal>) = 10.05
2026-06-26 13:20:59,219 DEBUG matplotlib.font_manager: findfont: score(<Font 'STIXGeneral' (STIXGeneralBolIta.ttf) italic normal 700 normal>) = 11.335
2026-06-26 13:20:59,219 DEBUG matplotlib.font_manager: findfont: score(<Font 'STIXSizeTwoSym' (STIXSizTwoSymReg.ttf) normal normal 400 normal>) = 10.05
2026-06-26 13:20:59,219 DEBUG matplotlib.font_manager: findfont: score(<Font 'DejaVu Serif' (DejaVuSerif-BoldItalic.ttf) italic normal 700 normal>) = 11.335
2026-06-26 13:20:59,219 DEBUG matplotlib.font_manager: findfont: score(<Font 'STIXNonUnicode' (STIXNonUniBol.ttf) normal normal 700 normal>) = 10.335
2026-06-26 13:20:59,219 DEBUG matplotlib.font_manager: findfont: score(<Font 'cmr10' (cmr10.ttf) normal normal 400 normal>) = 0.05
2026-06-26 13:20:59,219 DEBUG matplotlib.font_manager: findfont: score(<Font 'DejaVu Serif Display' (DejaVuSerifDisplay.ttf) normal normal 400 normal>) = 10.05
2026-06-26 13:20:59,219 DEBUG matplotlib.font_manager: findfont: score(<Font 'DejaVu Sans Mono' (DejaVuSansMono-BoldOblique.ttf) oblique normal 700 normal>) = 11.335
2026-06-26 13:20:59,219 DEBUG matplotlib.font_manager: findfont: score(<Font 'STIXSizeOneSym' (STIXSizOneSymReg.ttf) normal normal 400 normal>) = 10.05
2026-06-26 13:20:59,219 DEBUG matplotlib.font_manager: findfont: score(<Font 'DejaVu Sans Mono' (DejaVuSansMono-Oblique.ttf) oblique normal 400 normal>) = 11.05
2026-06-26 13:20:59,219 DEBUG matplotlib.font_manager: findfont: score(<Font 'STIXNonUnicode' (STIXNonUni.ttf) normal normal 400 normal>) = 10.05
2026-06-26 13:20:59,219 DEBUG matplotlib.font_manager: findfont: score(<Font 'cmsy10' (cmsy10.ttf) normal normal 400 normal>) = 10.05
2026-06-26 13:20:59,219 DEBUG matplotlib.font_manager: findfont: score(<Font 'DejaVu Sans' (DejaVuSans.ttf) normal normal 400 normal>) = 10.05
2026-06-26 13:20:59,219 DEBUG matplotlib.font_manager: findfont: score(<Font 'DejaVu Sans' (DejaVuSans-Bold.ttf) normal normal 700 normal>) = 10.335
2026-06-26 13:20:59,219 DEBUG matplotlib.font_manager: findfont: score(<Font 'DejaVu Sans' (DejaVuSans.ttf) normal normal 400 normal>) = 10.05
2026-06-26 13:20:59,219 DEBUG matplotlib.font_manager: findfont: score(<Font 'DejaVu Sans' (DejaVuSans-Bold.ttf) normal normal 700 normal>) = 10.335
2026-06-26 13:20:59,219 DEBUG matplotlib.font_manager: findfont: score(<Font 'DejaVu Sans Mono' (DejaVuSansMono.ttf) normal normal 400 normal>) = 10.05
2026-06-26 13:20:59,219 DEBUG matplotlib.font_manager: findfont: score(<Font 'DejaVu Serif' (DejaVuSerif-Bold.ttf) normal normal 700 normal>) = 10.335
2026-06-26 13:20:59,219 DEBUG matplotlib.font_manager: findfont: score(<Font 'DejaVu Sans Mono' (DejaVuSansMono-Bold.ttf) normal normal 700 normal>) = 10.335
2026-06-26 13:20:59,219 DEBUG matplotlib.font_manager: findfont: score(<Font 'DejaVu Serif' (DejaVuSerif.ttf) normal normal 400 normal>) = 10.05
2026-06-26 13:20:59,219 DEBUG matplotlib.font_manager: findfont: Matching cmr10:style=normal:variant=normal:weight=normal:stretch=normal:size=10.0 to cmr10 ('/tmp/_MEIl3XpmA/matplotlib/mpl-data/fonts/ttf/cmr10.ttf') with score of 0.050000.
2026-06-26 13:20:59,219 DEBUG matplotlib.font_manager: findfont: Matching cmtt10:style=normal:variant=normal:weight=normal:stretch=normal:size=10.0.
2026-06-26 13:20:59,219 DEBUG matplotlib.font_manager: findfont: score(<Font 'STIXSizeThreeSym' (STIXSizThreeSymReg.ttf) normal normal 400 normal>) = 10.05
2026-06-26 13:20:59,220 DEBUG matplotlib.font_manager: findfont: score(<Font 'STIXSizeTwoSym' (STIXSizTwoSymBol.ttf) normal normal 700 normal>) = 10.335
2026-06-26 13:20:59,220 DEBUG matplotlib.font_manager: findfont: score(<Font 'STIXSizeThreeSym' (STIXSizThreeSymBol.ttf) normal normal 700 normal>) = 10.335
2026-06-26 13:20:59,220 DEBUG matplotlib.font_manager: findfont: score(<Font 'cmex10' (cmex10.ttf) normal normal 400 normal>) = 10.05
2026-06-26 13:20:59,220 DEBUG matplotlib.font_manager: findfont: score(<Font 'DejaVu Sans' (DejaVuSans-BoldOblique.ttf) oblique normal 700 normal>) = 11.335
2026-06-26 13:20:59,220 DEBUG matplotlib.font_manager: findfont: score(<Font 'DejaVu Serif' (DejaVuSerif.ttf) normal normal 400 normal>) = 10.05
2026-06-26 13:20:59,220 DEBUG matplotlib.font_manager: findfont: score(<Font 'STIXSizeFourSym' (STIXSizFourSymBol.ttf) normal normal 700 normal>) = 10.335
2026-06-26 13:20:59,220 DEBUG matplotlib.font_manager: findfont: score(<Font 'DejaVu Sans' (DejaVuSans-Oblique.ttf) oblique normal 400 normal>) = 11.05
2026-06-26 13:20:59,220 DEBUG matplotlib.font_manager: findfont: score(<Font 'DejaVu Sans Mono' (DejaVuSansMono.ttf) normal normal 400 normal>) = 10.05
2026-06-26 13:20:59,220 DEBUG matplotlib.font_manager: findfont: score(<Font 'STIXGeneral' (STIXGeneralBol.ttf) normal normal 700 normal>) = 10.335
2026-06-26 13:20:59,220 DEBUG matplotlib.font_manager: findfont: score(<Font 'STIXSizeFourSym' (STIXSizFourSymReg.ttf) normal normal 400 normal>) = 10.05
2026-06-26 13:20:59,220 DEBUG matplotlib.font_manager: findfont: score(<Font 'cmmi10' (cmmi10.ttf) normal normal 400 normal>) = 10.05
2026-06-26 13:20:59,220 DEBUG matplotlib.font_manager: findfont: score(<Font 'STIXSizeOneSym' (STIXSizOneSymBol.ttf) normal normal 700 normal>) = 10.335
2026-06-26 13:20:59,220 DEBUG matplotlib.font_manager: findfont: score(<Font 'STIXGeneral' (STIXGeneral.ttf) normal normal 400 normal>) = 10.05
2026-06-26 13:20:59,220 DEBUG matplotlib.font_manager: findfont: score(<Font 'cmss10' (cmss10.ttf) normal normal 400 normal>) = 10.05
2026-06-26 13:20:59,220 DEBUG matplotlib.font_manager: findfont: score(<Font 'DejaVu Serif' (DejaVuSerif-Italic.ttf) italic normal 400 normal>) = 11.05
2026-06-26 13:20:59,220 DEBUG matplotlib.font_manager: findfont: score(<Font 'STIXSizeFiveSym' (STIXSizFiveSymReg.ttf) normal normal 400 normal>) = 10.05
2026-06-26 13:20:59,220 DEBUG matplotlib.font_manager: findfont: score(<Font 'DejaVu Sans Display' (DejaVuSansDisplay.ttf) normal normal 400 normal>) = 10.05
2026-06-26 13:20:59,220 DEBUG matplotlib.font_manager: findfont: score(<Font 'STIXGeneral' (STIXGeneralItalic.ttf) italic normal 400 normal>) = 11.05
2026-06-26 13:20:59,220 DEBUG matplotlib.font_manager: findfont: score(<Font 'STIXNonUnicode' (STIXNonUniBolIta.ttf) italic normal 700 normal>) = 11.335
2026-06-26 13:20:59,220 DEBUG matplotlib.font_manager: findfont: score(<Font 'DejaVu Sans Mono' (DejaVuSansMono-Bold.ttf) normal normal 700 normal>) = 10.335
2026-06-26 13:20:59,220 DEBUG matplotlib.font_manager: findfont: score(<Font 'STIXNonUnicode' (STIXNonUniIta.ttf) italic normal 400 normal>) = 11.05
2026-06-26 13:20:59,220 DEBUG matplotlib.font_manager: findfont: score(<Font 'DejaVu Serif' (DejaVuSerif-Bold.ttf) normal normal 700 normal>) = 10.335
2026-06-26 13:20:59,220 DEBUG matplotlib.font_manager: findfont: score(<Font 'cmb10' (cmb10.ttf) normal normal 400 normal>) = 10.05
2026-06-26 13:20:59,220 DEBUG matplotlib.font_manager: findfont: score(<Font 'cmtt10' (cmtt10.ttf) normal normal 400 normal>) = 0.05
2026-06-26 13:20:59,220 DEBUG matplotlib.font_manager: findfont: score(<Font 'STIXGeneral' (STIXGeneralBolIta.ttf) italic normal 700 normal>) = 11.335
2026-06-26 13:20:59,220 DEBUG matplotlib.font_manager: findfont: score(<Font 'STIXSizeTwoSym' (STIXSizTwoSymReg.ttf) normal normal 400 normal>) = 10.05
2026-06-26 13:20:59,220 DEBUG matplotlib.font_manager: findfont: score(<Font 'DejaVu Serif' (DejaVuSerif-BoldItalic.ttf) italic normal 700 normal>) = 11.335
2026-06-26 13:20:59,220 DEBUG matplotlib.font_manager: findfont: score(<Font 'STIXNonUnicode' (STIXNonUniBol.ttf) normal normal 700 normal>) = 10.335
2026-06-26 13:20:59,220 DEBUG matplotlib.font_manager: findfont: score(<Font 'cmr10' (cmr10.ttf) normal normal 400 normal>) = 10.05
2026-06-26 13:20:59,220 DEBUG matplotlib.font_manager: findfont: score(<Font 'DejaVu Serif Display' (DejaVuSerifDisplay.ttf) normal normal 400 normal>) = 10.05
2026-06-26 13:20:59,220 DEBUG matplotlib.font_manager: findfont: score(<Font 'DejaVu Sans Mono' (DejaVuSansMono-BoldOblique.ttf) oblique normal 700 normal>) = 11.335
2026-06-26 13:20:59,220 DEBUG matplotlib.font_manager: findfont: score(<Font 'STIXSizeOneSym' (STIXSizOneSymReg.ttf) normal normal 400 normal>) = 10.05
2026-06-26 13:20:59,220 DEBUG matplotlib.font_manager: findfont: score(<Font 'DejaVu Sans Mono' (DejaVuSansMono-Oblique.ttf) oblique normal 400 normal>) = 11.05
2026-06-26 13:20:59,220 DEBUG matplotlib.font_manager: findfont: score(<Font 'STIXNonUnicode' (STIXNonUni.ttf) normal normal 400 normal>) = 10.05
2026-06-26 13:20:59,221 DEBUG matplotlib.font_manager: findfont: score(<Font 'cmsy10' (cmsy10.ttf) normal normal 400 normal>) = 10.05
2026-06-26 13:20:59,221 DEBUG matplotlib.font_manager: findfont: score(<Font 'DejaVu Sans' (DejaVuSans.ttf) normal normal 400 normal>) = 10.05
2026-06-26 13:20:59,221 DEBUG matplotlib.font_manager: findfont: score(<Font 'DejaVu Sans' (DejaVuSans-Bold.ttf) normal normal 700 normal>) = 10.335
2026-06-26 13:20:59,221 DEBUG matplotlib.font_manager: findfont: score(<Font 'DejaVu Sans' (DejaVuSans.ttf) normal normal 400 normal>) = 10.05
2026-06-26 13:20:59,221 DEBUG matplotlib.font_manager: findfont: score(<Font 'DejaVu Sans' (DejaVuSans-Bold.ttf) normal normal 700 normal>) = 10.335
2026-06-26 13:20:59,221 DEBUG matplotlib.font_manager: findfont: score(<Font 'DejaVu Sans Mono' (DejaVuSansMono.ttf) normal normal 400 normal>) = 10.05
2026-06-26 13:20:59,221 DEBUG matplotlib.font_manager: findfont: score(<Font 'DejaVu Serif' (DejaVuSerif-Bold.ttf) normal normal 700 normal>) = 10.335
2026-06-26 13:20:59,221 DEBUG matplotlib.font_manager: findfont: score(<Font 'DejaVu Sans Mono' (DejaVuSansMono-Bold.ttf) normal normal 700 normal>) = 10.335
2026-06-26 13:20:59,221 DEBUG matplotlib.font_manager: findfont: score(<Font 'DejaVu Serif' (DejaVuSerif.ttf) normal normal 400 normal>) = 10.05
2026-06-26 13:20:59,221 DEBUG matplotlib.font_manager: findfont: Matching cmtt10:style=normal:variant=normal:weight=normal:stretch=normal:size=10.0 to cmtt10 ('/tmp/_MEIl3XpmA/matplotlib/mpl-data/fonts/ttf/cmtt10.ttf') with score of 0.050000.
2026-06-26 13:20:59,221 DEBUG matplotlib.font_manager: findfont: Matching cmmi10:style=normal:variant=normal:weight=normal:stretch=normal:size=10.0.
2026-06-26 13:20:59,221 DEBUG matplotlib.font_manager: findfont: score(<Font 'STIXSizeThreeSym' (STIXSizThreeSymReg.ttf) normal normal 400 normal>) = 10.05
2026-06-26 13:20:59,221 DEBUG matplotlib.font_manager: findfont: score(<Font 'STIXSizeTwoSym' (STIXSizTwoSymBol.ttf) normal normal 700 normal>) = 10.335
2026-06-26 13:20:59,221 DEBUG matplotlib.font_manager: findfont: score(<Font 'STIXSizeThreeSym' (STIXSizThreeSymBol.ttf) normal normal 700 normal>) = 10.335
2026-06-26 13:20:59,221 DEBUG matplotlib.font_manager: findfont: score(<Font 'cmex10' (cmex10.ttf) normal normal 400 normal>) = 10.05
2026-06-26 13:20:59,221 DEBUG matplotlib.font_manager: findfont: score(<Font 'DejaVu Sans' (DejaVuSans-BoldOblique.ttf) oblique normal 700 normal>) = 11.335
2026-06-26 13:20:59,221 DEBUG matplotlib.font_manager: findfont: score(<Font 'DejaVu Serif' (DejaVuSerif.ttf) normal normal 400 normal>) = 10.05
2026-06-26 13:20:59,221 DEBUG matplotlib.font_manager: findfont: score(<Font 'STIXSizeFourSym' (STIXSizFourSymBol.ttf) normal normal 700 normal>) = 10.335
2026-06-26 13:20:59,221 DEBUG matplotlib.font_manager: findfont: score(<Font 'DejaVu Sans' (DejaVuSans-Oblique.ttf) oblique normal 400 normal>) = 11.05
2026-06-26 13:20:59,221 DEBUG matplotlib.font_manager: findfont: score(<Font 'DejaVu Sans Mono' (DejaVuSansMono.ttf) normal normal 400 normal>) = 10.05
2026-06-26 13:20:59,221 DEBUG matplotlib.font_manager: findfont: score(<Font 'STIXGeneral' (STIXGeneralBol.ttf) normal normal 700 normal>) = 10.335
2026-06-26 13:20:59,221 DEBUG matplotlib.font_manager: findfont: score(<Font 'STIXSizeFourSym' (STIXSizFourSymReg.ttf) normal normal 400 normal>) = 10.05
2026-06-26 13:20:59,221 DEBUG matplotlib.font_manager: findfont: score(<Font 'cmmi10' (cmmi10.ttf) normal normal 400 normal>) = 0.05
2026-06-26 13:20:59,221 DEBUG matplotlib.font_manager: findfont: score(<Font 'STIXSizeOneSym' (STIXSizOneSymBol.ttf) normal normal 700 normal>) = 10.335
2026-06-26 13:20:59,221 DEBUG matplotlib.font_manager: findfont: score(<Font 'STIXGeneral' (STIXGeneral.ttf) normal normal 400 normal>) = 10.05
2026-06-26 13:20:59,221 DEBUG matplotlib.font_manager: findfont: score(<Font 'cmss10' (cmss10.ttf) normal normal 400 normal>) = 10.05
2026-06-26 13:20:59,222 DEBUG matplotlib.font_manager: findfont: score(<Font 'DejaVu Serif' (DejaVuSerif-Italic.ttf) italic normal 400 normal>) = 11.05
2026-06-26 13:20:59,222 DEBUG matplotlib.font_manager: findfont: score(<Font 'STIXSizeFiveSym' (STIXSizFiveSymReg.ttf) normal normal 400 normal>) = 10.05
2026-06-26 13:20:59,222 DEBUG matplotlib.font_manager: findfont: score(<Font 'DejaVu Sans Display' (DejaVuSansDisplay.ttf) normal normal 400 normal>) = 10.05
2026-06-26 13:20:59,222 DEBUG matplotlib.font_manager: findfont: score(<Font 'STIXGeneral' (STIXGeneralItalic.ttf) italic normal 400 normal>) = 11.05
2026-06-26 13:20:59,222 DEBUG matplotlib.font_manager: findfont: score(<Font 'STIXNonUnicode' (STIXNonUniBolIta.ttf) italic normal 700 normal>) = 11.335
2026-06-26 13:20:59,222 DEBUG matplotlib.font_manager: findfont: score(<Font 'DejaVu Sans Mono' (DejaVuSansMono-Bold.ttf) normal normal 700 normal>) = 10.335
2026-06-26 13:20:59,222 DEBUG matplotlib.font_manager: findfont: score(<Font 'STIXNonUnicode' (STIXNonUniIta.ttf) italic normal 400 normal>) = 11.05
2026-06-26 13:20:59,222 DEBUG matplotlib.font_manager: findfont: score(<Font 'DejaVu Serif' (DejaVuSerif-Bold.ttf) normal normal 700 normal>) = 10.335
2026-06-26 13:20:59,222 DEBUG matplotlib.font_manager: findfont: score(<Font 'cmb10' (cmb10.ttf) normal normal 400 normal>) = 10.05
2026-06-26 13:20:59,222 DEBUG matplotlib.font_manager: findfont: score(<Font 'cmtt10' (cmtt10.ttf) normal normal 400 normal>) = 10.05
2026-06-26 13:20:59,222 DEBUG matplotlib.font_manager: findfont: score(<Font 'STIXGeneral' (STIXGeneralBolIta.ttf) italic normal 700 normal>) = 11.335
2026-06-26 13:20:59,222 DEBUG matplotlib.font_manager: findfont: score(<Font 'STIXSizeTwoSym' (STIXSizTwoSymReg.ttf) normal normal 400 normal>) = 10.05
2026-06-26 13:20:59,222 DEBUG matplotlib.font_manager: findfont: score(<Font 'DejaVu Serif' (DejaVuSerif-BoldItalic.ttf) italic normal 700 normal>) = 11.335
2026-06-26 13:20:59,222 DEBUG matplotlib.font_manager: findfont: score(<Font 'STIXNonUnicode' (STIXNonUniBol.ttf) normal normal 700 normal>) = 10.335
2026-06-26 13:20:59,222 DEBUG matplotlib.font_manager: findfont: score(<Font 'cmr10' (cmr10.ttf) normal normal 400 normal>) = 10.05
2026-06-26 13:20:59,222 DEBUG matplotlib.font_manager: findfont: score(<Font 'DejaVu Serif Display' (DejaVuSerifDisplay.ttf) normal normal 400 normal>) = 10.05
2026-06-26 13:20:59,222 DEBUG matplotlib.font_manager: findfont: score(<Font 'DejaVu Sans Mono' (DejaVuSansMono-BoldOblique.ttf) oblique normal 700 normal>) = 11.335
2026-06-26 13:20:59,222 DEBUG matplotlib.font_manager: findfont: score(<Font 'STIXSizeOneSym' (STIXSizOneSymReg.ttf) normal normal 400 normal>) = 10.05
2026-06-26 13:20:59,222 DEBUG matplotlib.font_manager: findfont: score(<Font 'DejaVu Sans Mono' (DejaVuSansMono-Oblique.ttf) oblique normal 400 normal>) = 11.05
2026-06-26 13:20:59,222 DEBUG matplotlib.font_manager: findfont: score(<Font 'STIXNonUnicode' (STIXNonUni.ttf) normal normal 400 normal>) = 10.05
2026-06-26 13:20:59,222 DEBUG matplotlib.font_manager: findfont: score(<Font 'cmsy10' (cmsy10.ttf) normal normal 400 normal>) = 10.05
2026-06-26 13:20:59,222 DEBUG matplotlib.font_manager: findfont: score(<Font 'DejaVu Sans' (DejaVuSans.ttf) normal normal 400 normal>) = 10.05
2026-06-26 13:20:59,222 DEBUG matplotlib.font_manager: findfont: score(<Font 'DejaVu Sans' (DejaVuSans-Bold.ttf) normal normal 700 normal>) = 10.335
2026-06-26 13:20:59,222 DEBUG matplotlib.font_manager: findfont: score(<Font 'DejaVu Sans' (DejaVuSans.ttf) normal normal 400 normal>) = 10.05
2026-06-26 13:20:59,222 DEBUG matplotlib.font_manager: findfont: score(<Font 'DejaVu Sans' (DejaVuSans-Bold.ttf) normal normal 700 normal>) = 10.335
2026-06-26 13:20:59,222 DEBUG matplotlib.font_manager: findfont: score(<Font 'DejaVu Sans Mono' (DejaVuSansMono.ttf) normal normal 400 normal>) = 10.05
2026-06-26 13:20:59,222 DEBUG matplotlib.font_manager: findfont: score(<Font 'DejaVu Serif' (DejaVuSerif-Bold.ttf) normal normal 700 normal>) = 10.335
2026-06-26 13:20:59,222 DEBUG matplotlib.font_manager: findfont: score(<Font 'DejaVu Sans Mono' (DejaVuSansMono-Bold.ttf) normal normal 700 normal>) = 10.335
2026-06-26 13:20:59,222 DEBUG matplotlib.font_manager: findfont: score(<Font 'DejaVu Serif' (DejaVuSerif.ttf) normal normal 400 normal>) = 10.05
2026-06-26 13:20:59,222 DEBUG matplotlib.font_manager: findfont: Matching cmmi10:style=normal:variant=normal:weight=normal:stretch=normal:size=10.0 to cmmi10 ('/tmp/_MEIl3XpmA/matplotlib/mpl-data/fonts/ttf/cmmi10.ttf') with score of 0.050000.
2026-06-26 13:20:59,223 DEBUG matplotlib.font_manager: findfont: Matching cmb10:style=normal:variant=normal:weight=normal:stretch=normal:size=10.0.
2026-06-26 13:20:59,223 DEBUG matplotlib.font_manager: findfont: score(<Font 'STIXSizeThreeSym' (STIXSizThreeSymReg.ttf) normal normal 400 normal>) = 10.05
2026-06-26 13:20:59,223 DEBUG matplotlib.font_manager: findfont: score(<Font 'STIXSizeTwoSym' (STIXSizTwoSymBol.ttf) normal normal 700 normal>) = 10.335
2026-06-26 13:20:59,223 DEBUG matplotlib.font_manager: findfont: score(<Font 'STIXSizeThreeSym' (STIXSizThreeSymBol.ttf) normal normal 700 normal>) = 10.335
2026-06-26 13:20:59,223 DEBUG matplotlib.font_manager: findfont: score(<Font 'cmex10' (cmex10.ttf) normal normal 400 normal>) = 10.05
2026-06-26 13:20:59,223 DEBUG matplotlib.font_manager: findfont: score(<Font 'DejaVu Sans' (DejaVuSans-BoldOblique.ttf) oblique normal 700 normal>) = 11.335
2026-06-26 13:20:59,223 DEBUG matplotlib.font_manager: findfont: score(<Font 'DejaVu Serif' (DejaVuSerif.ttf) normal normal 400 normal>) = 10.05
2026-06-26 13:20:59,223 DEBUG matplotlib.font_manager: findfont: score(<Font 'STIXSizeFourSym' (STIXSizFourSymBol.ttf) normal normal 700 normal>) = 10.335
2026-06-26 13:20:59,223 DEBUG matplotlib.font_manager: findfont: score(<Font 'DejaVu Sans' (DejaVuSans-Oblique.ttf) oblique normal 400 normal>) = 11.05
2026-06-26 13:20:59,223 DEBUG matplotlib.font_manager: findfont: score(<Font 'DejaVu Sans Mono' (DejaVuSansMono.ttf) normal normal 400 normal>) = 10.05
2026-06-26 13:20:59,223 DEBUG matplotlib.font_manager: findfont: score(<Font 'STIXGeneral' (STIXGeneralBol.ttf) normal normal 700 normal>) = 10.335
2026-06-26 13:20:59,223 DEBUG matplotlib.font_manager: findfont: score(<Font 'STIXSizeFourSym' (STIXSizFourSymReg.ttf) normal normal 400 normal>) = 10.05
2026-06-26 13:20:59,223 DEBUG matplotlib.font_manager: findfont: score(<Font 'cmmi10' (cmmi10.ttf) normal normal 400 normal>) = 10.05
2026-06-26 13:20:59,223 DEBUG matplotlib.font_manager: findfont: score(<Font 'STIXSizeOneSym' (STIXSizOneSymBol.ttf) normal normal 700 normal>) = 10.335
2026-06-26 13:20:59,223 DEBUG matplotlib.font_manager: findfont: score(<Font 'STIXGeneral' (STIXGeneral.ttf) normal normal 400 normal>) = 10.05
2026-06-26 13:20:59,223 DEBUG matplotlib.font_manager: findfont: score(<Font 'cmss10' (cmss10.ttf) normal normal 400 normal>) = 10.05
2026-06-26 13:20:59,223 DEBUG matplotlib.font_manager: findfont: score(<Font 'DejaVu Serif' (DejaVuSerif-Italic.ttf) italic normal 400 normal>) = 11.05
2026-06-26 13:20:59,223 DEBUG matplotlib.font_manager: findfont: score(<Font 'STIXSizeFiveSym' (STIXSizFiveSymReg.ttf) normal normal 400 normal>) = 10.05
2026-06-26 13:20:59,223 DEBUG matplotlib.font_manager: findfont: score(<Font 'DejaVu Sans Display' (DejaVuSansDisplay.ttf) normal normal 400 normal>) = 10.05
2026-06-26 13:20:59,223 DEBUG matplotlib.font_manager: findfont: score(<Font 'STIXGeneral' (STIXGeneralItalic.ttf) italic normal 400 normal>) = 11.05
2026-06-26 13:20:59,223 DEBUG matplotlib.font_manager: findfont: score(<Font 'STIXNonUnicode' (STIXNonUniBolIta.ttf) italic normal 700 normal>) = 11.335
2026-06-26 13:20:59,223 DEBUG matplotlib.font_manager: findfont: score(<Font 'DejaVu Sans Mono' (DejaVuSansMono-Bold.ttf) normal normal 700 normal>) = 10.335
2026-06-26 13:20:59,223 DEBUG matplotlib.font_manager: findfont: score(<Font 'STIXNonUnicode' (STIXNonUniIta.ttf) italic normal 400 normal>) = 11.05
2026-06-26 13:20:59,223 DEBUG matplotlib.font_manager: findfont: score(<Font 'DejaVu Serif' (DejaVuSerif-Bold.ttf) normal normal 700 normal>) = 10.335
2026-06-26 13:20:59,223 DEBUG matplotlib.font_manager: findfont: score(<Font 'cmb10' (cmb10.ttf) normal normal 400 normal>) = 0.05
2026-06-26 13:20:59,223 DEBUG matplotlib.font_manager: findfont: score(<Font 'cmtt10' (cmtt10.ttf) normal normal 400 normal>) = 10.05
2026-06-26 13:20:59,223 DEBUG matplotlib.font_manager: findfont: score(<Font 'STIXGeneral' (STIXGeneralBolIta.ttf) italic normal 700 normal>) = 11.335
2026-06-26 13:20:59,223 DEBUG matplotlib.font_manager: findfont: score(<Font 'STIXSizeTwoSym' (STIXSizTwoSymReg.ttf) normal normal 400 normal>) = 10.05
2026-06-26 13:20:59,223 DEBUG matplotlib.font_manager: findfont: score(<Font 'DejaVu Serif' (DejaVuSerif-BoldItalic.ttf) italic normal 700 normal>) = 11.335
2026-06-26 13:20:59,223 DEBUG matplotlib.font_manager: findfont: score(<Font 'STIXNonUnicode' (STIXNonUniBol.ttf) normal normal 700 normal>) = 10.335
2026-06-26 13:20:59,224 DEBUG matplotlib.font_manager: findfont: score(<Font 'cmr10' (cmr10.ttf) normal normal 400 normal>) = 10.05
2026-06-26 13:20:59,224 DEBUG matplotlib.font_manager: findfont: score(<Font 'DejaVu Serif Display' (DejaVuSerifDisplay.ttf) normal normal 400 normal>) = 10.05
2026-06-26 13:20:59,224 DEBUG matplotlib.font_manager: findfont: score(<Font 'DejaVu Sans Mono' (DejaVuSansMono-BoldOblique.ttf) oblique normal 700 normal>) = 11.335
2026-06-26 13:20:59,224 DEBUG matplotlib.font_manager: findfont: score(<Font 'STIXSizeOneSym' (STIXSizOneSymReg.ttf) normal normal 400 normal>) = 10.05
2026-06-26 13:20:59,224 DEBUG matplotlib.font_manager: findfont: score(<Font 'DejaVu Sans Mono' (DejaVuSansMono-Oblique.ttf) oblique normal 400 normal>) = 11.05
2026-06-26 13:20:59,224 DEBUG matplotlib.font_manager: findfont: score(<Font 'STIXNonUnicode' (STIXNonUni.ttf) normal normal 400 normal>) = 10.05
2026-06-26 13:20:59,224 DEBUG matplotlib.font_manager: findfont: score(<Font 'cmsy10' (cmsy10.ttf) normal normal 400 normal>) = 10.05
2026-06-26 13:20:59,224 DEBUG matplotlib.font_manager: findfont: score(<Font 'DejaVu Sans' (DejaVuSans.ttf) normal normal 400 normal>) = 10.05
2026-06-26 13:20:59,224 DEBUG matplotlib.font_manager: findfont: score(<Font 'DejaVu Sans' (DejaVuSans-Bold.ttf) normal normal 700 normal>) = 10.335
2026-06-26 13:20:59,224 DEBUG matplotlib.font_manager: findfont: score(<Font 'DejaVu Sans' (DejaVuSans.ttf) normal normal 400 normal>) = 10.05
2026-06-26 13:20:59,224 DEBUG matplotlib.font_manager: findfont: score(<Font 'DejaVu Sans' (DejaVuSans-Bold.ttf) normal normal 700 normal>) = 10.335
2026-06-26 13:20:59,224 DEBUG matplotlib.font_manager: findfont: score(<Font 'DejaVu Sans Mono' (DejaVuSansMono.ttf) normal normal 400 normal>) = 10.05
2026-06-26 13:20:59,224 DEBUG matplotlib.font_manager: findfont: score(<Font 'DejaVu Serif' (DejaVuSerif-Bold.ttf) normal normal 700 normal>) = 10.335
2026-06-26 13:20:59,224 DEBUG matplotlib.font_manager: findfont: score(<Font 'DejaVu Sans Mono' (DejaVuSansMono-Bold.ttf) normal normal 700 normal>) = 10.335
2026-06-26 13:20:59,224 DEBUG matplotlib.font_manager: findfont: score(<Font 'DejaVu Serif' (DejaVuSerif.ttf) normal normal 400 normal>) = 10.05
2026-06-26 13:20:59,224 DEBUG matplotlib.font_manager: findfont: Matching cmb10:style=normal:variant=normal:weight=normal:stretch=normal:size=10.0 to cmb10 ('/tmp/_MEIl3XpmA/matplotlib/mpl-data/fonts/ttf/cmb10.ttf') with score of 0.050000.
2026-06-26 13:20:59,224 DEBUG matplotlib.font_manager: findfont: Matching cmss10:style=normal:variant=normal:weight=normal:stretch=normal:size=10.0.
2026-06-26 13:20:59,224 DEBUG matplotlib.font_manager: findfont: score(<Font 'STIXSizeThreeSym' (STIXSizThreeSymReg.ttf) normal normal 400 normal>) = 10.05
2026-06-26 13:20:59,224 DEBUG matplotlib.font_manager: findfont: score(<Font 'STIXSizeTwoSym' (STIXSizTwoSymBol.ttf) normal normal 700 normal>) = 10.335
2026-06-26 13:20:59,224 DEBUG matplotlib.font_manager: findfont: score(<Font 'STIXSizeThreeSym' (STIXSizThreeSymBol.ttf) normal normal 700 normal>) = 10.335
2026-06-26 13:20:59,224 DEBUG matplotlib.font_manager: findfont: score(<Font 'cmex10' (cmex10.ttf) normal normal 400 normal>) = 10.05
2026-06-26 13:20:59,224 DEBUG matplotlib.font_manager: findfont: score(<Font 'DejaVu Sans' (DejaVuSans-BoldOblique.ttf) oblique normal 700 normal>) = 11.335
2026-06-26 13:20:59,224 DEBUG matplotlib.font_manager: findfont: score(<Font 'DejaVu Serif' (DejaVuSerif.ttf) normal normal 400 normal>) = 10.05
2026-06-26 13:20:59,224 DEBUG matplotlib.font_manager: findfont: score(<Font 'STIXSizeFourSym' (STIXSizFourSymBol.ttf) normal normal 700 normal>) = 10.335
2026-06-26 13:20:59,224 DEBUG matplotlib.font_manager: findfont: score(<Font 'DejaVu Sans' (DejaVuSans-Oblique.ttf) oblique normal 400 normal>) = 11.05
2026-06-26 13:20:59,224 DEBUG matplotlib.font_manager: findfont: score(<Font 'DejaVu Sans Mono' (DejaVuSansMono.ttf) normal normal 400 normal>) = 10.05
2026-06-26 13:20:59,224 DEBUG matplotlib.font_manager: findfont: score(<Font 'STIXGeneral' (STIXGeneralBol.ttf) normal normal 700 normal>) = 10.335
2026-06-26 13:20:59,225 DEBUG matplotlib.font_manager: findfont: score(<Font 'STIXSizeFourSym' (STIXSizFourSymReg.ttf) normal normal 400 normal>) = 10.05
2026-06-26 13:20:59,225 DEBUG matplotlib.font_manager: findfont: score(<Font 'cmmi10' (cmmi10.ttf) normal normal 400 normal>) = 10.05
2026-06-26 13:20:59,225 DEBUG matplotlib.font_manager: findfont: score(<Font 'STIXSizeOneSym' (STIXSizOneSymBol.ttf) normal normal 700 normal>) = 10.335
2026-06-26 13:20:59,225 DEBUG matplotlib.font_manager: findfont: score(<Font 'STIXGeneral' (STIXGeneral.ttf) normal normal 400 normal>) = 10.05
2026-06-26 13:20:59,225 DEBUG matplotlib.font_manager: findfont: score(<Font 'cmss10' (cmss10.ttf) normal normal 400 normal>) = 0.05
2026-06-26 13:20:59,225 DEBUG matplotlib.font_manager: findfont: score(<Font 'DejaVu Serif' (DejaVuSerif-Italic.ttf) italic normal 400 normal>) = 11.05
2026-06-26 13:20:59,225 DEBUG matplotlib.font_manager: findfont: score(<Font 'STIXSizeFiveSym' (STIXSizFiveSymReg.ttf) normal normal 400 normal>) = 10.05
2026-06-26 13:20:59,225 DEBUG matplotlib.font_manager: findfont: score(<Font 'DejaVu Sans Display' (DejaVuSansDisplay.ttf) normal normal 400 normal>) = 10.05
2026-06-26 13:20:59,225 DEBUG matplotlib.font_manager: findfont: score(<Font 'STIXGeneral' (STIXGeneralItalic.ttf) italic normal 400 normal>) = 11.05
2026-06-26 13:20:59,225 DEBUG matplotlib.font_manager: findfont: score(<Font 'STIXNonUnicode' (STIXNonUniBolIta.ttf) italic normal 700 normal>) = 11.335
2026-06-26 13:20:59,225 DEBUG matplotlib.font_manager: findfont: score(<Font 'DejaVu Sans Mono' (DejaVuSansMono-Bold.ttf) normal normal 700 normal>) = 10.335
2026-06-26 13:20:59,225 DEBUG matplotlib.font_manager: findfont: score(<Font 'STIXNonUnicode' (STIXNonUniIta.ttf) italic normal 400 normal>) = 11.05
2026-06-26 13:20:59,225 DEBUG matplotlib.font_manager: findfont: score(<Font 'DejaVu Serif' (DejaVuSerif-Bold.ttf) normal normal 700 normal>) = 10.335
2026-06-26 13:20:59,225 DEBUG matplotlib.font_manager: findfont: score(<Font 'cmb10' (cmb10.ttf) normal normal 400 normal>) = 10.05
2026-06-26 13:20:59,225 DEBUG matplotlib.font_manager: findfont: score(<Font 'cmtt10' (cmtt10.ttf) normal normal 400 normal>) = 10.05
2026-06-26 13:20:59,225 DEBUG matplotlib.font_manager: findfont: score(<Font 'STIXGeneral' (STIXGeneralBolIta.ttf) italic normal 700 normal>) = 11.335
2026-06-26 13:20:59,225 DEBUG matplotlib.font_manager: findfont: score(<Font 'STIXSizeTwoSym' (STIXSizTwoSymReg.ttf) normal normal 400 normal>) = 10.05
2026-06-26 13:20:59,225 DEBUG matplotlib.font_manager: findfont: score(<Font 'DejaVu Serif' (DejaVuSerif-BoldItalic.ttf) italic normal 700 normal>) = 11.335
2026-06-26 13:20:59,225 DEBUG matplotlib.font_manager: findfont: score(<Font 'STIXNonUnicode' (STIXNonUniBol.ttf) normal normal 700 normal>) = 10.335
2026-06-26 13:20:59,225 DEBUG matplotlib.font_manager: findfont: score(<Font 'cmr10' (cmr10.ttf) normal normal 400 normal>) = 10.05
2026-06-26 13:20:59,225 DEBUG matplotlib.font_manager: findfont: score(<Font 'DejaVu Serif Display' (DejaVuSerifDisplay.ttf) normal normal 400 normal>) = 10.05
2026-06-26 13:20:59,225 DEBUG matplotlib.font_manager: findfont: score(<Font 'DejaVu Sans Mono' (DejaVuSansMono-BoldOblique.ttf) oblique normal 700 normal>) = 11.335
2026-06-26 13:20:59,225 DEBUG matplotlib.font_manager: findfont: score(<Font 'STIXSizeOneSym' (STIXSizOneSymReg.ttf) normal normal 400 normal>) = 10.05
2026-06-26 13:20:59,225 DEBUG matplotlib.font_manager: findfont: score(<Font 'DejaVu Sans Mono' (DejaVuSansMono-Oblique.ttf) oblique normal 400 normal>) = 11.05
2026-06-26 13:20:59,225 DEBUG matplotlib.font_manager: findfont: score(<Font 'STIXNonUnicode' (STIXNonUni.ttf) normal normal 400 normal>) = 10.05
2026-06-26 13:20:59,225 DEBUG matplotlib.font_manager: findfont: score(<Font 'cmsy10' (cmsy10.ttf) normal normal 400 normal>) = 10.05
2026-06-26 13:20:59,225 DEBUG matplotlib.font_manager: findfont: score(<Font 'DejaVu Sans' (DejaVuSans.ttf) normal normal 400 normal>) = 10.05
2026-06-26 13:20:59,225 DEBUG matplotlib.font_manager: findfont: score(<Font 'DejaVu Sans' (DejaVuSans-Bold.ttf) normal normal 700 normal>) = 10.335
2026-06-26 13:20:59,225 DEBUG matplotlib.font_manager: findfont: score(<Font 'DejaVu Sans' (DejaVuSans.ttf) normal normal 400 normal>) = 10.05
2026-06-26 13:20:59,225 DEBUG matplotlib.font_manager: findfont: score(<Font 'DejaVu Sans' (DejaVuSans-Bold.ttf) normal normal 700 normal>) = 10.335
2026-06-26 13:20:59,225 DEBUG matplotlib.font_manager: findfont: score(<Font 'DejaVu Sans Mono' (DejaVuSansMono.ttf) normal normal 400 normal>) = 10.05
2026-06-26 13:20:59,225 DEBUG matplotlib.font_manager: findfont: score(<Font 'DejaVu Serif' (DejaVuSerif-Bold.ttf) normal normal 700 normal>) = 10.335
2026-06-26 13:20:59,225 DEBUG matplotlib.font_manager: findfont: score(<Font 'DejaVu Sans Mono' (DejaVuSansMono-Bold.ttf) normal normal 700 normal>) = 10.335
2026-06-26 13:20:59,225 DEBUG matplotlib.font_manager: findfont: score(<Font 'DejaVu Serif' (DejaVuSerif.ttf) normal normal 400 normal>) = 10.05
2026-06-26 13:20:59,225 DEBUG matplotlib.font_manager: findfont: Matching cmss10:style=normal:variant=normal:weight=normal:stretch=normal:size=10.0 to cmss10 ('/tmp/_MEIl3XpmA/matplotlib/mpl-data/fonts/ttf/cmss10.ttf') with score of 0.050000.
2026-06-26 13:20:59,226 DEBUG matplotlib.font_manager: findfont: Matching cmex10:style=normal:variant=normal:weight=normal:stretch=normal:size=10.0.
2026-06-26 13:20:59,226 DEBUG matplotlib.font_manager: findfont: score(<Font 'STIXSizeThreeSym' (STIXSizThreeSymReg.ttf) normal normal 400 normal>) = 10.05
2026-06-26 13:20:59,226 DEBUG matplotlib.font_manager: findfont: score(<Font 'STIXSizeTwoSym' (STIXSizTwoSymBol.ttf) normal normal 700 normal>) = 10.335
2026-06-26 13:20:59,226 DEBUG matplotlib.font_manager: findfont: score(<Font 'STIXSizeThreeSym' (STIXSizThreeSymBol.ttf) normal normal 700 normal>) = 10.335
2026-06-26 13:20:59,226 DEBUG matplotlib.font_manager: findfont: score(<Font 'cmex10' (cmex10.ttf) normal normal 400 normal>) = 0.05
2026-06-26 13:20:59,226 DEBUG matplotlib.font_manager: findfont: score(<Font 'DejaVu Sans' (DejaVuSans-BoldOblique.ttf) oblique normal 700 normal>) = 11.335
2026-06-26 13:20:59,226 DEBUG matplotlib.font_manager: findfont: score(<Font 'DejaVu Serif' (DejaVuSerif.ttf) normal normal 400 normal>) = 10.05
2026-06-26 13:20:59,226 DEBUG matplotlib.font_manager: findfont: score(<Font 'STIXSizeFourSym' (STIXSizFourSymBol.ttf) normal normal 700 normal>) = 10.335
2026-06-26 13:20:59,226 DEBUG matplotlib.font_manager: findfont: score(<Font 'DejaVu Sans' (DejaVuSans-Oblique.ttf) oblique normal 400 normal>) = 11.05
2026-06-26 13:20:59,226 DEBUG matplotlib.font_manager: findfont: score(<Font 'DejaVu Sans Mono' (DejaVuSansMono.ttf) normal normal 400 normal>) = 10.05
2026-06-26 13:20:59,226 DEBUG matplotlib.font_manager: findfont: score(<Font 'STIXGeneral' (STIXGeneralBol.ttf) normal normal 700 normal>) = 10.335
2026-06-26 13:20:59,226 DEBUG matplotlib.font_manager: findfont: score(<Font 'STIXSizeFourSym' (STIXSizFourSymReg.ttf) normal normal 400 normal>) = 10.05
2026-06-26 13:20:59,226 DEBUG matplotlib.font_manager: findfont: score(<Font 'cmmi10' (cmmi10.ttf) normal normal 400 normal>) = 10.05
2026-06-26 13:20:59,226 DEBUG matplotlib.font_manager: findfont: score(<Font 'STIXSizeOneSym' (STIXSizOneSymBol.ttf) normal normal 700 normal>) = 10.335
2026-06-26 13:20:59,226 DEBUG matplotlib.font_manager: findfont: score(<Font 'STIXGeneral' (STIXGeneral.ttf) normal normal 400 normal>) = 10.05
2026-06-26 13:20:59,226 DEBUG matplotlib.font_manager: findfont: score(<Font 'cmss10' (cmss10.ttf) normal normal 400 normal>) = 10.05
2026-06-26 13:20:59,226 DEBUG matplotlib.font_manager: findfont: score(<Font 'DejaVu Serif' (DejaVuSerif-Italic.ttf) italic normal 400 normal>) = 11.05
2026-06-26 13:20:59,226 DEBUG matplotlib.font_manager: findfont: score(<Font 'STIXSizeFiveSym' (STIXSizFiveSymReg.ttf) normal normal 400 normal>) = 10.05
2026-06-26 13:20:59,226 DEBUG matplotlib.font_manager: findfont: score(<Font 'DejaVu Sans Display' (DejaVuSansDisplay.ttf) normal normal 400 normal>) = 10.05
2026-06-26 13:20:59,226 DEBUG matplotlib.font_manager: findfont: score(<Font 'STIXGeneral' (STIXGeneralItalic.ttf) italic normal 400 normal>) = 11.05
2026-06-26 13:20:59,226 DEBUG matplotlib.font_manager: findfont: score(<Font 'STIXNonUnicode' (STIXNonUniBolIta.ttf) italic normal 700 normal>) = 11.335
2026-06-26 13:20:59,226 DEBUG matplotlib.font_manager: findfont: score(<Font 'DejaVu Sans Mono' (DejaVuSansMono-Bold.ttf) normal normal 700 normal>) = 10.335
2026-06-26 13:20:59,226 DEBUG matplotlib.font_manager: findfont: score(<Font 'STIXNonUnicode' (STIXNonUniIta.ttf) italic normal 400 normal>) = 11.05
2026-06-26 13:20:59,226 DEBUG matplotlib.font_manager: findfont: score(<Font 'DejaVu Serif' (DejaVuSerif-Bold.ttf) normal normal 700 normal>) = 10.335
2026-06-26 13:20:59,226 DEBUG matplotlib.font_manager: findfont: score(<Font 'cmb10' (cmb10.ttf) normal normal 400 normal>) = 10.05
2026-06-26 13:20:59,227 DEBUG matplotlib.font_manager: findfont: score(<Font 'cmtt10' (cmtt10.ttf) normal normal 400 normal>) = 10.05
2026-06-26 13:20:59,227 DEBUG matplotlib.font_manager: findfont: score(<Font 'STIXGeneral' (STIXGeneralBolIta.ttf) italic normal 700 normal>) = 11.335
2026-06-26 13:20:59,227 DEBUG matplotlib.font_manager: findfont: score(<Font 'STIXSizeTwoSym' (STIXSizTwoSymReg.ttf) normal normal 400 normal>) = 10.05
2026-06-26 13:20:59,227 DEBUG matplotlib.font_manager: findfont: score(<Font 'DejaVu Serif' (DejaVuSerif-BoldItalic.ttf) italic normal 700 normal>) = 11.335
2026-06-26 13:20:59,227 DEBUG matplotlib.font_manager: findfont: score(<Font 'STIXNonUnicode' (STIXNonUniBol.ttf) normal normal 700 normal>) = 10.335
2026-06-26 13:20:59,227 DEBUG matplotlib.font_manager: findfont: score(<Font 'cmr10' (cmr10.ttf) normal normal 400 normal>) = 10.05
2026-06-26 13:20:59,227 DEBUG matplotlib.font_manager: findfont: score(<Font 'DejaVu Serif Display' (DejaVuSerifDisplay.ttf) normal normal 400 normal>) = 10.05
2026-06-26 13:20:59,227 DEBUG matplotlib.font_manager: findfont: score(<Font 'DejaVu Sans Mono' (DejaVuSansMono-BoldOblique.ttf) oblique normal 700 normal>) = 11.335
2026-06-26 13:20:59,227 DEBUG matplotlib.font_manager: findfont: score(<Font 'STIXSizeOneSym' (STIXSizOneSymReg.ttf) normal normal 400 normal>) = 10.05
2026-06-26 13:20:59,227 DEBUG matplotlib.font_manager: findfont: score(<Font 'DejaVu Sans Mono' (DejaVuSansMono-Oblique.ttf) oblique normal 400 normal>) = 11.05
2026-06-26 13:20:59,227 DEBUG matplotlib.font_manager: findfont: score(<Font 'STIXNonUnicode' (STIXNonUni.ttf) normal normal 400 normal>) = 10.05
2026-06-26 13:20:59,227 DEBUG matplotlib.font_manager: findfont: score(<Font 'cmsy10' (cmsy10.ttf) normal normal 400 normal>) = 10.05
2026-06-26 13:20:59,227 DEBUG matplotlib.font_manager: findfont: score(<Font 'DejaVu Sans' (DejaVuSans.ttf) normal normal 400 normal>) = 10.05
2026-06-26 13:20:59,227 DEBUG matplotlib.font_manager: findfont: score(<Font 'DejaVu Sans' (DejaVuSans-Bold.ttf) normal normal 700 normal>) = 10.335
2026-06-26 13:20:59,227 DEBUG matplotlib.font_manager: findfont: score(<Font 'DejaVu Sans' (DejaVuSans.ttf) normal normal 400 normal>) = 10.05
2026-06-26 13:20:59,227 DEBUG matplotlib.font_manager: findfont: score(<Font 'DejaVu Sans' (DejaVuSans-Bold.ttf) normal normal 700 normal>) = 10.335
2026-06-26 13:20:59,227 DEBUG matplotlib.font_manager: findfont: score(<Font 'DejaVu Sans Mono' (DejaVuSansMono.ttf) normal normal 400 normal>) = 10.05
2026-06-26 13:20:59,227 DEBUG matplotlib.font_manager: findfont: score(<Font 'DejaVu Serif' (DejaVuSerif-Bold.ttf) normal normal 700 normal>) = 10.335
2026-06-26 13:20:59,227 DEBUG matplotlib.font_manager: findfont: score(<Font 'DejaVu Sans Mono' (DejaVuSansMono-Bold.ttf) normal normal 700 normal>) = 10.335
2026-06-26 13:20:59,227 DEBUG matplotlib.font_manager: findfont: score(<Font 'DejaVu Serif' (DejaVuSerif.ttf) normal normal 400 normal>) = 10.05
2026-06-26 13:20:59,227 DEBUG matplotlib.font_manager: findfont: Matching cmex10:style=normal:variant=normal:weight=normal:stretch=normal:size=10.0 to cmex10 ('/tmp/_MEIl3XpmA/matplotlib/mpl-data/fonts/ttf/cmex10.ttf') with score of 0.050000.
2026-06-26 13:20:59,227 DEBUG matplotlib.font_manager: findfont: Matching DejaVu Sans:style=normal:variant=normal:weight=normal:stretch=normal:size=10.0.
2026-06-26 13:20:59,227 DEBUG matplotlib.font_manager: findfont: score(<Font 'STIXSizeThreeSym' (STIXSizThreeSymReg.ttf) normal normal 400 normal>) = 10.05
2026-06-26 13:20:59,228 DEBUG matplotlib.font_manager: findfont: score(<Font 'STIXSizeTwoSym' (STIXSizTwoSymBol.ttf) normal normal 700 normal>) = 10.335
2026-06-26 13:20:59,228 DEBUG matplotlib.font_manager: findfont: score(<Font 'STIXSizeThreeSym' (STIXSizThreeSymBol.ttf) normal normal 700 normal>) = 10.335
2026-06-26 13:20:59,228 DEBUG matplotlib.font_manager: findfont: score(<Font 'cmex10' (cmex10.ttf) normal normal 400 normal>) = 10.05
2026-06-26 13:20:59,228 DEBUG matplotlib.font_manager: findfont: score(<Font 'DejaVu Sans' (DejaVuSans-BoldOblique.ttf) oblique normal 700 normal>) = 1.335
2026-06-26 13:20:59,228 DEBUG matplotlib.font_manager: findfont: score(<Font 'DejaVu Serif' (DejaVuSerif.ttf) normal normal 400 normal>) = 10.05
2026-06-26 13:20:59,228 DEBUG matplotlib.font_manager: findfont: score(<Font 'STIXSizeFourSym' (STIXSizFourSymBol.ttf) normal normal 700 normal>) = 10.335
2026-06-26 13:20:59,228 DEBUG matplotlib.font_manager: findfont: score(<Font 'DejaVu Sans' (DejaVuSans-Oblique.ttf) oblique normal 400 normal>) = 1.05
2026-06-26 13:20:59,228 DEBUG matplotlib.font_manager: findfont: score(<Font 'DejaVu Sans Mono' (DejaVuSansMono.ttf) normal normal 400 normal>) = 10.05
2026-06-26 13:20:59,228 DEBUG matplotlib.font_manager: findfont: score(<Font 'STIXGeneral' (STIXGeneralBol.ttf) normal normal 700 normal>) = 10.335
2026-06-26 13:20:59,228 DEBUG matplotlib.font_manager: findfont: score(<Font 'STIXSizeFourSym' (STIXSizFourSymReg.ttf) normal normal 400 normal>) = 10.05
2026-06-26 13:20:59,228 DEBUG matplotlib.font_manager: findfont: score(<Font 'cmmi10' (cmmi10.ttf) normal normal 400 normal>) = 10.05
2026-06-26 13:20:59,228 DEBUG matplotlib.font_manager: findfont: score(<Font 'STIXSizeOneSym' (STIXSizOneSymBol.ttf) normal normal 700 normal>) = 10.335
2026-06-26 13:20:59,228 DEBUG matplotlib.font_manager: findfont: score(<Font 'STIXGeneral' (STIXGeneral.ttf) normal normal 400 normal>) = 10.05
2026-06-26 13:20:59,228 DEBUG matplotlib.font_manager: findfont: score(<Font 'cmss10' (cmss10.ttf) normal normal 400 normal>) = 10.05
2026-06-26 13:20:59,228 DEBUG matplotlib.font_manager: findfont: score(<Font 'DejaVu Serif' (DejaVuSerif-Italic.ttf) italic normal 400 normal>) = 11.05
2026-06-26 13:20:59,228 DEBUG matplotlib.font_manager: findfont: score(<Font 'STIXSizeFiveSym' (STIXSizFiveSymReg.ttf) normal normal 400 normal>) = 10.05
2026-06-26 13:20:59,228 DEBUG matplotlib.font_manager: findfont: score(<Font 'DejaVu Sans Display' (DejaVuSansDisplay.ttf) normal normal 400 normal>) = 10.05
2026-06-26 13:20:59,228 DEBUG matplotlib.font_manager: findfont: score(<Font 'STIXGeneral' (STIXGeneralItalic.ttf) italic normal 400 normal>) = 11.05
2026-06-26 13:20:59,228 DEBUG matplotlib.font_manager: findfont: score(<Font 'STIXNonUnicode' (STIXNonUniBolIta.ttf) italic normal 700 normal>) = 11.335
2026-06-26 13:20:59,228 DEBUG matplotlib.font_manager: findfont: score(<Font 'DejaVu Sans Mono' (DejaVuSansMono-Bold.ttf) normal normal 700 normal>) = 10.335
2026-06-26 13:20:59,228 DEBUG matplotlib.font_manager: findfont: score(<Font 'STIXNonUnicode' (STIXNonUniIta.ttf) italic normal 400 normal>) = 11.05
2026-06-26 13:20:59,228 DEBUG matplotlib.font_manager: findfont: score(<Font 'DejaVu Serif' (DejaVuSerif-Bold.ttf) normal normal 700 normal>) = 10.335
2026-06-26 13:20:59,228 DEBUG matplotlib.font_manager: findfont: score(<Font 'cmb10' (cmb10.ttf) normal normal 400 normal>) = 10.05
2026-06-26 13:20:59,228 DEBUG matplotlib.font_manager: findfont: score(<Font 'cmtt10' (cmtt10.ttf) normal normal 400 normal>) = 10.05
2026-06-26 13:20:59,228 DEBUG matplotlib.font_manager: findfont: score(<Font 'STIXGeneral' (STIXGeneralBolIta.ttf) italic normal 700 normal>) = 11.335
2026-06-26 13:20:59,228 DEBUG matplotlib.font_manager: findfont: score(<Font 'STIXSizeTwoSym' (STIXSizTwoSymReg.ttf) normal normal 400 normal>) = 10.05
2026-06-26 13:20:59,228 DEBUG matplotlib.font_manager: findfont: score(<Font 'DejaVu Serif' (DejaVuSerif-BoldItalic.ttf) italic normal 700 normal>) = 11.335
2026-06-26 13:20:59,228 DEBUG matplotlib.font_manager: findfont: score(<Font 'STIXNonUnicode' (STIXNonUniBol.ttf) normal normal 700 normal>) = 10.335
2026-06-26 13:20:59,228 DEBUG matplotlib.font_manager: findfont: score(<Font 'cmr10' (cmr10.ttf) normal normal 400 normal>) = 10.05
2026-06-26 13:20:59,228 DEBUG matplotlib.font_manager: findfont: score(<Font 'DejaVu Serif Display' (DejaVuSerifDisplay.ttf) normal normal 400 normal>) = 10.05
2026-06-26 13:20:59,228 DEBUG matplotlib.font_manager: findfont: score(<Font 'DejaVu Sans Mono' (DejaVuSansMono-BoldOblique.ttf) oblique normal 700 normal>) = 11.335
2026-06-26 13:20:59,228 DEBUG matplotlib.font_manager: findfont: score(<Font 'STIXSizeOneSym' (STIXSizOneSymReg.ttf) normal normal 400 normal>) = 10.05
2026-06-26 13:20:59,228 DEBUG matplotlib.font_manager: findfont: score(<Font 'DejaVu Sans Mono' (DejaVuSansMono-Oblique.ttf) oblique normal 400 normal>) = 11.05
2026-06-26 13:20:59,228 DEBUG matplotlib.font_manager: findfont: score(<Font 'STIXNonUnicode' (STIXNonUni.ttf) normal normal 400 normal>) = 10.05
2026-06-26 13:20:59,229 DEBUG matplotlib.font_manager: findfont: score(<Font 'cmsy10' (cmsy10.ttf) normal normal 400 normal>) = 10.05
2026-06-26 13:20:59,229 DEBUG matplotlib.font_manager: findfont: score(<Font 'DejaVu Sans' (DejaVuSans.ttf) normal normal 400 normal>) = 0.05
2026-06-26 13:20:59,229 DEBUG matplotlib.font_manager: findfont: score(<Font 'DejaVu Sans' (DejaVuSans-Bold.ttf) normal normal 700 normal>) = 0.33499999999999996
2026-06-26 13:20:59,229 DEBUG matplotlib.font_manager: findfont: score(<Font 'DejaVu Sans' (DejaVuSans.ttf) normal normal 400 normal>) = 0.05
2026-06-26 13:20:59,229 DEBUG matplotlib.font_manager: findfont: score(<Font 'DejaVu Sans' (DejaVuSans-Bold.ttf) normal normal 700 normal>) = 0.33499999999999996
2026-06-26 13:20:59,229 DEBUG matplotlib.font_manager: findfont: score(<Font 'DejaVu Sans Mono' (DejaVuSansMono.ttf) normal normal 400 normal>) = 10.05
2026-06-26 13:20:59,229 DEBUG matplotlib.font_manager: findfont: score(<Font 'DejaVu Serif' (DejaVuSerif-Bold.ttf) normal normal 700 normal>) = 10.335
2026-06-26 13:20:59,229 DEBUG matplotlib.font_manager: findfont: score(<Font 'DejaVu Sans Mono' (DejaVuSansMono-Bold.ttf) normal normal 700 normal>) = 10.335
2026-06-26 13:20:59,229 DEBUG matplotlib.font_manager: findfont: score(<Font 'DejaVu Serif' (DejaVuSerif.ttf) normal normal 400 normal>) = 10.05
2026-06-26 13:20:59,229 DEBUG matplotlib.font_manager: findfont: Matching DejaVu Sans:style=normal:variant=normal:weight=normal:stretch=normal:size=10.0 to DejaVu Sans ('/tmp/_MEIl3XpmA/matplotlib/mpl-data/fonts/ttf/DejaVuSans.ttf') with score of 0.050000.
2026-06-26 13:20:59,229 DEBUG matplotlib.font_manager: findfont: Matching DejaVu Sans:style=italic:variant=normal:weight=normal:stretch=normal:size=10.0.
2026-06-26 13:20:59,229 DEBUG matplotlib.font_manager: findfont: score(<Font 'STIXSizeThreeSym' (STIXSizThreeSymReg.ttf) normal normal 400 normal>) = 11.05
2026-06-26 13:20:59,229 DEBUG matplotlib.font_manager: findfont: score(<Font 'STIXSizeTwoSym' (STIXSizTwoSymBol.ttf) normal normal 700 normal>) = 11.335
2026-06-26 13:20:59,229 DEBUG matplotlib.font_manager: findfont: score(<Font 'STIXSizeThreeSym' (STIXSizThreeSymBol.ttf) normal normal 700 normal>) = 11.335
2026-06-26 13:20:59,229 DEBUG matplotlib.font_manager: findfont: score(<Font 'cmex10' (cmex10.ttf) normal normal 400 normal>) = 11.05
2026-06-26 13:20:59,229 DEBUG matplotlib.font_manager: findfont: score(<Font 'DejaVu Sans' (DejaVuSans-BoldOblique.ttf) oblique normal 700 normal>) = 0.43499999999999994
2026-06-26 13:20:59,229 DEBUG matplotlib.font_manager: findfont: score(<Font 'DejaVu Serif' (DejaVuSerif.ttf) normal normal 400 normal>) = 11.05
2026-06-26 13:20:59,229 DEBUG matplotlib.font_manager: findfont: score(<Font 'STIXSizeFourSym' (STIXSizFourSymBol.ttf) normal normal 700 normal>) = 11.335
2026-06-26 13:20:59,229 DEBUG matplotlib.font_manager: findfont: score(<Font 'DejaVu Sans' (DejaVuSans-Oblique.ttf) oblique normal 400 normal>) = 0.15000000000000002
2026-06-26 13:20:59,229 DEBUG matplotlib.font_manager: findfont: score(<Font 'DejaVu Sans Mono' (DejaVuSansMono.ttf) normal normal 400 normal>) = 11.05
2026-06-26 13:20:59,229 DEBUG matplotlib.font_manager: findfont: score(<Font 'STIXGeneral' (STIXGeneralBol.ttf) normal normal 700 normal>) = 11.335
2026-06-26 13:20:59,229 DEBUG matplotlib.font_manager: findfont: score(<Font 'STIXSizeFourSym' (STIXSizFourSymReg.ttf) normal normal 400 normal>) = 11.05
2026-06-26 13:20:59,229 DEBUG matplotlib.font_manager: findfont: score(<Font 'cmmi10' (cmmi10.ttf) normal normal 400 normal>) = 11.05
2026-06-26 13:20:59,230 DEBUG matplotlib.font_manager: findfont: score(<Font 'STIXSizeOneSym' (STIXSizOneSymBol.ttf) normal normal 700 normal>) = 11.335
2026-06-26 13:20:59,230 DEBUG matplotlib.font_manager: findfont: score(<Font 'STIXGeneral' (STIXGeneral.ttf) normal normal 400 normal>) = 11.05
2026-06-26 13:20:59,230 DEBUG matplotlib.font_manager: findfont: score(<Font 'cmss10' (cmss10.ttf) normal normal 400 normal>) = 11.05
2026-06-26 13:20:59,230 DEBUG matplotlib.font_manager: findfont: score(<Font 'DejaVu Serif' (DejaVuSerif-Italic.ttf) italic normal 400 normal>) = 10.05
2026-06-26 13:20:59,230 DEBUG matplotlib.font_manager: findfont: score(<Font 'STIXSizeFiveSym' (STIXSizFiveSymReg.ttf) normal normal 400 normal>) = 11.05
2026-06-26 13:20:59,230 DEBUG matplotlib.font_manager: findfont: score(<Font 'DejaVu Sans Display' (DejaVuSansDisplay.ttf) normal normal 400 normal>) = 11.05
2026-06-26 13:20:59,230 DEBUG matplotlib.font_manager: findfont: score(<Font 'STIXGeneral' (STIXGeneralItalic.ttf) italic normal 400 normal>) = 10.05
2026-06-26 13:20:59,230 DEBUG matplotlib.font_manager: findfont: score(<Font 'STIXNonUnicode' (STIXNonUniBolIta.ttf) italic normal 700 normal>) = 10.335
2026-06-26 13:20:59,230 DEBUG matplotlib.font_manager: findfont: score(<Font 'DejaVu Sans Mono' (DejaVuSansMono-Bold.ttf) normal normal 700 normal>) = 11.335
2026-06-26 13:20:59,230 DEBUG matplotlib.font_manager: findfont: score(<Font 'STIXNonUnicode' (STIXNonUniIta.ttf) italic normal 400 normal>) = 10.05
2026-06-26 13:20:59,230 DEBUG matplotlib.font_manager: findfont: score(<Font 'DejaVu Serif' (DejaVuSerif-Bold.ttf) normal normal 700 normal>) = 11.335
2026-06-26 13:20:59,230 DEBUG matplotlib.font_manager: findfont: score(<Font 'cmb10' (cmb10.ttf) normal normal 400 normal>) = 11.05
2026-06-26 13:20:59,230 DEBUG matplotlib.font_manager: findfont: score(<Font 'cmtt10' (cmtt10.ttf) normal normal 400 normal>) = 11.05
2026-06-26 13:20:59,230 DEBUG matplotlib.font_manager: findfont: score(<Font 'STIXGeneral' (STIXGeneralBolIta.ttf) italic normal 700 normal>) = 10.335
2026-06-26 13:20:59,230 DEBUG matplotlib.font_manager: findfont: score(<Font 'STIXSizeTwoSym' (STIXSizTwoSymReg.ttf) normal normal 400 normal>) = 11.05
2026-06-26 13:20:59,230 DEBUG matplotlib.font_manager: findfont: score(<Font 'DejaVu Serif' (DejaVuSerif-BoldItalic.ttf) italic normal 700 normal>) = 10.335
2026-06-26 13:20:59,230 DEBUG matplotlib.font_manager: findfont: score(<Font 'STIXNonUnicode' (STIXNonUniBol.ttf) normal normal 700 normal>) = 11.335
2026-06-26 13:20:59,230 DEBUG matplotlib.font_manager: findfont: score(<Font 'cmr10' (cmr10.ttf) normal normal 400 normal>) = 11.05
2026-06-26 13:20:59,230 DEBUG matplotlib.font_manager: findfont: score(<Font 'DejaVu Serif Display' (DejaVuSerifDisplay.ttf) normal normal 400 normal>) = 11.05
2026-06-26 13:20:59,230 DEBUG matplotlib.font_manager: findfont: score(<Font 'DejaVu Sans Mono' (DejaVuSansMono-BoldOblique.ttf) oblique normal 700 normal>) = 10.434999999999999
2026-06-26 13:20:59,230 DEBUG matplotlib.font_manager: findfont: score(<Font 'STIXSizeOneSym' (STIXSizOneSymReg.ttf) normal normal 400 normal>) = 11.05
2026-06-26 13:20:59,230 DEBUG matplotlib.font_manager: findfont: score(<Font 'DejaVu Sans Mono' (DejaVuSansMono-Oblique.ttf) oblique normal 400 normal>) = 10.15
2026-06-26 13:20:59,230 DEBUG matplotlib.font_manager: findfont: score(<Font 'STIXNonUnicode' (STIXNonUni.ttf) normal normal 400 normal>) = 11.05
2026-06-26 13:20:59,230 DEBUG matplotlib.font_manager: findfont: score(<Font 'cmsy10' (cmsy10.ttf) normal normal 400 normal>) = 11.05
2026-06-26 13:20:59,230 DEBUG matplotlib.font_manager: findfont: score(<Font 'DejaVu Sans' (DejaVuSans.ttf) normal normal 400 normal>) = 1.05
2026-06-26 13:20:59,230 DEBUG matplotlib.font_manager: findfont: score(<Font 'DejaVu Sans' (DejaVuSans-Bold.ttf) normal normal 700 normal>) = 1.335
2026-06-26 13:20:59,230 DEBUG matplotlib.font_manager: findfont: score(<Font 'DejaVu Sans' (DejaVuSans.ttf) normal normal 400 normal>) = 1.05
2026-06-26 13:20:59,230 DEBUG matplotlib.font_manager: findfont: score(<Font 'DejaVu Sans' (DejaVuSans-Bold.ttf) normal normal 700 normal>) = 1.335
2026-06-26 13:20:59,230 DEBUG matplotlib.font_manager: findfont: score(<Font 'DejaVu Sans Mono' (DejaVuSansMono.ttf) normal normal 400 normal>) = 11.05
2026-06-26 13:20:59,230 DEBUG matplotlib.font_manager: findfont: score(<Font 'DejaVu Serif' (DejaVuSerif-Bold.ttf) normal normal 700 normal>) = 11.335
2026-06-26 13:20:59,230 DEBUG matplotlib.font_manager: findfont: score(<Font 'DejaVu Sans Mono' (DejaVuSansMono-Bold.ttf) normal normal 700 normal>) = 11.335
2026-06-26 13:20:59,230 DEBUG matplotlib.font_manager: findfont: score(<Font 'DejaVu Serif' (DejaVuSerif.ttf) normal normal 400 normal>) = 11.05
2026-06-26 13:20:59,230 DEBUG matplotlib.font_manager: findfont: Matching DejaVu Sans:style=italic:variant=normal:weight=normal:stretch=normal:size=10.0 to DejaVu Sans ('/tmp/_MEIl3XpmA/matplotlib/mpl-data/fonts/ttf/DejaVuSans-Oblique.ttf') with score of 0.150000.
2026-06-26 13:20:59,231 DEBUG matplotlib.font_manager: findfont: Matching DejaVu Sans:style=normal:variant=normal:weight=bold:stretch=normal:size=10.0.
2026-06-26 13:20:59,231 DEBUG matplotlib.font_manager: findfont: score(<Font 'STIXSizeThreeSym' (STIXSizThreeSymReg.ttf) normal normal 400 normal>) = 10.335
2026-06-26 13:20:59,231 DEBUG matplotlib.font_manager: findfont: score(<Font 'STIXSizeTwoSym' (STIXSizTwoSymBol.ttf) normal normal 700 normal>) = 10.05
2026-06-26 13:20:59,231 DEBUG matplotlib.font_manager: findfont: score(<Font 'STIXSizeThreeSym' (STIXSizThreeSymBol.ttf) normal normal 700 normal>) = 10.05
2026-06-26 13:20:59,231 DEBUG matplotlib.font_manager: findfont: score(<Font 'cmex10' (cmex10.ttf) normal normal 400 normal>) = 10.335
2026-06-26 13:20:59,231 DEBUG matplotlib.font_manager: findfont: score(<Font 'DejaVu Sans' (DejaVuSans-BoldOblique.ttf) oblique normal 700 normal>) = 1.05
2026-06-26 13:20:59,231 DEBUG matplotlib.font_manager: findfont: score(<Font 'DejaVu Serif' (DejaVuSerif.ttf) normal normal 400 normal>) = 10.335
2026-06-26 13:20:59,231 DEBUG matplotlib.font_manager: findfont: score(<Font 'STIXSizeFourSym' (STIXSizFourSymBol.ttf) normal normal 700 normal>) = 10.05
2026-06-26 13:20:59,231 DEBUG matplotlib.font_manager: findfont: score(<Font 'DejaVu Sans' (DejaVuSans-Oblique.ttf) oblique normal 400 normal>) = 1.335
2026-06-26 13:20:59,231 DEBUG matplotlib.font_manager: findfont: score(<Font 'DejaVu Sans Mono' (DejaVuSansMono.ttf) normal normal 400 normal>) = 10.335
2026-06-26 13:20:59,231 DEBUG matplotlib.font_manager: findfont: score(<Font 'STIXGeneral' (STIXGeneralBol.ttf) normal normal 700 normal>) = 10.05
2026-06-26 13:20:59,231 DEBUG matplotlib.font_manager: findfont: score(<Font 'STIXSizeFourSym' (STIXSizFourSymReg.ttf) normal normal 400 normal>) = 10.335
2026-06-26 13:20:59,231 DEBUG matplotlib.font_manager: findfont: score(<Font 'cmmi10' (cmmi10.ttf) normal normal 400 normal>) = 10.335
2026-06-26 13:20:59,231 DEBUG matplotlib.font_manager: findfont: score(<Font 'STIXSizeOneSym' (STIXSizOneSymBol.ttf) normal normal 700 normal>) = 10.05
2026-06-26 13:20:59,231 DEBUG matplotlib.font_manager: findfont: score(<Font 'STIXGeneral' (STIXGeneral.ttf) normal normal 400 normal>) = 10.335
2026-06-26 13:20:59,231 DEBUG matplotlib.font_manager: findfont: score(<Font 'cmss10' (cmss10.ttf) normal normal 400 normal>) = 10.335
2026-06-26 13:20:59,231 DEBUG matplotlib.font_manager: findfont: score(<Font 'DejaVu Serif' (DejaVuSerif-Italic.ttf) italic normal 400 normal>) = 11.335
2026-06-26 13:20:59,231 DEBUG matplotlib.font_manager: findfont: score(<Font 'STIXSizeFiveSym' (STIXSizFiveSymReg.ttf) normal normal 400 normal>) = 10.335
2026-06-26 13:20:59,231 DEBUG matplotlib.font_manager: findfont: score(<Font 'DejaVu Sans Display' (DejaVuSansDisplay.ttf) normal normal 400 normal>) = 10.335
2026-06-26 13:20:59,231 DEBUG matplotlib.font_manager: findfont: score(<Font 'STIXGeneral' (STIXGeneralItalic.ttf) italic normal 400 normal>) = 11.335
2026-06-26 13:20:59,231 DEBUG matplotlib.font_manager: findfont: score(<Font 'STIXNonUnicode' (STIXNonUniBolIta.ttf) italic normal 700 normal>) = 11.05
2026-06-26 13:20:59,231 DEBUG matplotlib.font_manager: findfont: score(<Font 'DejaVu Sans Mono' (DejaVuSansMono-Bold.ttf) normal normal 700 normal>) = 10.05
2026-06-26 13:20:59,231 DEBUG matplotlib.font_manager: findfont: score(<Font 'STIXNonUnicode' (STIXNonUniIta.ttf) italic normal 400 normal>) = 11.335
2026-06-26 13:20:59,232 DEBUG matplotlib.font_manager: findfont: score(<Font 'DejaVu Serif' (DejaVuSerif-Bold.ttf) normal normal 700 normal>) = 10.05
2026-06-26 13:20:59,232 DEBUG matplotlib.font_manager: findfont: score(<Font 'cmb10' (cmb10.ttf) normal normal 400 normal>) = 10.335
2026-06-26 13:20:59,232 DEBUG matplotlib.font_manager: findfont: score(<Font 'cmtt10' (cmtt10.ttf) normal normal 400 normal>) = 10.335
2026-06-26 13:20:59,232 DEBUG matplotlib.font_manager: findfont: score(<Font 'STIXGeneral' (STIXGeneralBolIta.ttf) italic normal 700 normal>) = 11.05
2026-06-26 13:20:59,232 DEBUG matplotlib.font_manager: findfont: score(<Font 'STIXSizeTwoSym' (STIXSizTwoSymReg.ttf) normal normal 400 normal>) = 10.335
2026-06-26 13:20:59,232 DEBUG matplotlib.font_manager: findfont: score(<Font 'DejaVu Serif' (DejaVuSerif-BoldItalic.ttf) italic normal 700 normal>) = 11.05
2026-06-26 13:20:59,232 DEBUG matplotlib.font_manager: findfont: score(<Font 'STIXNonUnicode' (STIXNonUniBol.ttf) normal normal 700 normal>) = 10.05
2026-06-26 13:20:59,232 DEBUG matplotlib.font_manager: findfont: score(<Font 'cmr10' (cmr10.ttf) normal normal 400 normal>) = 10.335
2026-06-26 13:20:59,232 DEBUG matplotlib.font_manager: findfont: score(<Font 'DejaVu Serif Display' (DejaVuSerifDisplay.ttf) normal normal 400 normal>) = 10.335
2026-06-26 13:20:59,232 DEBUG matplotlib.font_manager: findfont: score(<Font 'DejaVu Sans Mono' (DejaVuSansMono-BoldOblique.ttf) oblique normal 700 normal>) = 11.05
2026-06-26 13:20:59,232 DEBUG matplotlib.font_manager: findfont: score(<Font 'STIXSizeOneSym' (STIXSizOneSymReg.ttf) normal normal 400 normal>) = 10.335
2026-06-26 13:20:59,232 DEBUG matplotlib.font_manager: findfont: score(<Font 'DejaVu Sans Mono' (DejaVuSansMono-Oblique.ttf) oblique normal 400 normal>) = 11.335
2026-06-26 13:20:59,232 DEBUG matplotlib.font_manager: findfont: score(<Font 'STIXNonUnicode' (STIXNonUni.ttf) normal normal 400 normal>) = 10.335
2026-06-26 13:20:59,232 DEBUG matplotlib.font_manager: findfont: score(<Font 'cmsy10' (cmsy10.ttf) normal normal 400 normal>) = 10.335
2026-06-26 13:20:59,232 DEBUG matplotlib.font_manager: findfont: score(<Font 'DejaVu Sans' (DejaVuSans.ttf) normal normal 400 normal>) = 0.33499999999999996
2026-06-26 13:20:59,232 DEBUG matplotlib.font_manager: findfont: score(<Font 'DejaVu Sans' (DejaVuSans-Bold.ttf) normal normal 700 normal>) = 0.05
2026-06-26 13:20:59,232 DEBUG matplotlib.font_manager: findfont: score(<Font 'DejaVu Sans' (DejaVuSans.ttf) normal normal 400 normal>) = 0.33499999999999996
2026-06-26 13:20:59,232 DEBUG matplotlib.font_manager: findfont: score(<Font 'DejaVu Sans' (DejaVuSans-Bold.ttf) normal normal 700 normal>) = 0.05
2026-06-26 13:20:59,232 DEBUG matplotlib.font_manager: findfont: score(<Font 'DejaVu Sans Mono' (DejaVuSansMono.ttf) normal normal 400 normal>) = 10.335
2026-06-26 13:20:59,232 DEBUG matplotlib.font_manager: findfont: score(<Font 'DejaVu Serif' (DejaVuSerif-Bold.ttf) normal normal 700 normal>) = 10.05
2026-06-26 13:20:59,232 DEBUG matplotlib.font_manager: findfont: score(<Font 'DejaVu Sans Mono' (DejaVuSansMono-Bold.ttf) normal normal 700 normal>) = 10.05
2026-06-26 13:20:59,232 DEBUG matplotlib.font_manager: findfont: score(<Font 'DejaVu Serif' (DejaVuSerif.ttf) normal normal 400 normal>) = 10.335
2026-06-26 13:20:59,232 DEBUG matplotlib.font_manager: findfont: Matching DejaVu Sans:style=normal:variant=normal:weight=bold:stretch=normal:size=10.0 to DejaVu Sans ('/tmp/_MEIl3XpmA/matplotlib/mpl-data/fonts/ttf/DejaVuSans-Bold.ttf') with score of 0.050000.
2026-06-26 13:20:59,232 DEBUG matplotlib.font_manager: findfont: Matching DejaVu Sans Mono:style=normal:variant=normal:weight=normal:stretch=normal:size=10.0.
2026-06-26 13:20:59,232 DEBUG matplotlib.font_manager: findfont: score(<Font 'STIXSizeThreeSym' (STIXSizThreeSymReg.ttf) normal normal 400 normal>) = 10.05
2026-06-26 13:20:59,233 DEBUG matplotlib.font_manager: findfont: score(<Font 'STIXSizeTwoSym' (STIXSizTwoSymBol.ttf) normal normal 700 normal>) = 10.335
2026-06-26 13:20:59,233 DEBUG matplotlib.font_manager: findfont: score(<Font 'STIXSizeThreeSym' (STIXSizThreeSymBol.ttf) normal normal 700 normal>) = 10.335
2026-06-26 13:20:59,233 DEBUG matplotlib.font_manager: findfont: score(<Font 'cmex10' (cmex10.ttf) normal normal 400 normal>) = 10.05
2026-06-26 13:20:59,233 DEBUG matplotlib.font_manager: findfont: score(<Font 'DejaVu Sans' (DejaVuSans-BoldOblique.ttf) oblique normal 700 normal>) = 11.335
2026-06-26 13:20:59,233 DEBUG matplotlib.font_manager: findfont: score(<Font 'DejaVu Serif' (DejaVuSerif.ttf) normal normal 400 normal>) = 10.05
2026-06-26 13:20:59,233 DEBUG matplotlib.font_manager: findfont: score(<Font 'STIXSizeFourSym' (STIXSizFourSymBol.ttf) normal normal 700 normal>) = 10.335
2026-06-26 13:20:59,233 DEBUG matplotlib.font_manager: findfont: score(<Font 'DejaVu Sans' (DejaVuSans-Oblique.ttf) oblique normal 400 normal>) = 11.05
2026-06-26 13:20:59,233 DEBUG matplotlib.font_manager: findfont: score(<Font 'DejaVu Sans Mono' (DejaVuSansMono.ttf) normal normal 400 normal>) = 0.05
2026-06-26 13:20:59,233 DEBUG matplotlib.font_manager: findfont: score(<Font 'STIXGeneral' (STIXGeneralBol.ttf) normal normal 700 normal>) = 10.335
2026-06-26 13:20:59,233 DEBUG matplotlib.font_manager: findfont: score(<Font 'STIXSizeFourSym' (STIXSizFourSymReg.ttf) normal normal 400 normal>) = 10.05
2026-06-26 13:20:59,233 DEBUG matplotlib.font_manager: findfont: score(<Font 'cmmi10' (cmmi10.ttf) normal normal 400 normal>) = 10.05
2026-06-26 13:20:59,233 DEBUG matplotlib.font_manager: findfont: score(<Font 'STIXSizeOneSym' (STIXSizOneSymBol.ttf) normal normal 700 normal>) = 10.335
2026-06-26 13:20:59,233 DEBUG matplotlib.font_manager: findfont: score(<Font 'STIXGeneral' (STIXGeneral.ttf) normal normal 400 normal>) = 10.05
2026-06-26 13:20:59,233 DEBUG matplotlib.font_manager: findfont: score(<Font 'cmss10' (cmss10.ttf) normal normal 400 normal>) = 10.05
2026-06-26 13:20:59,233 DEBUG matplotlib.font_manager: findfont: score(<Font 'DejaVu Serif' (DejaVuSerif-Italic.ttf) italic normal 400 normal>) = 11.05
2026-06-26 13:20:59,233 DEBUG matplotlib.font_manager: findfont: score(<Font 'STIXSizeFiveSym' (STIXSizFiveSymReg.ttf) normal normal 400 normal>) = 10.05
2026-06-26 13:20:59,233 DEBUG matplotlib.font_manager: findfont: score(<Font 'DejaVu Sans Display' (DejaVuSansDisplay.ttf) normal normal 400 normal>) = 10.05
2026-06-26 13:20:59,233 DEBUG matplotlib.font_manager: findfont: score(<Font 'STIXGeneral' (STIXGeneralItalic.ttf) italic normal 400 normal>) = 11.05
2026-06-26 13:20:59,233 DEBUG matplotlib.font_manager: findfont: score(<Font 'STIXNonUnicode' (STIXNonUniBolIta.ttf) italic normal 700 normal>) = 11.335
2026-06-26 13:20:59,233 DEBUG matplotlib.font_manager: findfont: score(<Font 'DejaVu Sans Mono' (DejaVuSansMono-Bold.ttf) normal normal 700 normal>) = 0.33499999999999996
2026-06-26 13:20:59,233 DEBUG matplotlib.font_manager: findfont: score(<Font 'STIXNonUnicode' (STIXNonUniIta.ttf) italic normal 400 normal>) = 11.05
2026-06-26 13:20:59,233 DEBUG matplotlib.font_manager: findfont: score(<Font 'DejaVu Serif' (DejaVuSerif-Bold.ttf) normal normal 700 normal>) = 10.335
2026-06-26 13:20:59,233 DEBUG matplotlib.font_manager: findfont: score(<Font 'cmb10' (cmb10.ttf) normal normal 400 normal>) = 10.05
2026-06-26 13:20:59,233 DEBUG matplotlib.font_manager: findfont: score(<Font 'cmtt10' (cmtt10.ttf) normal normal 400 normal>) = 10.05
2026-06-26 13:20:59,233 DEBUG matplotlib.font_manager: findfont: score(<Font 'STIXGeneral' (STIXGeneralBolIta.ttf) italic normal 700 normal>) = 11.335
2026-06-26 13:20:59,233 DEBUG matplotlib.font_manager: findfont: score(<Font 'STIXSizeTwoSym' (STIXSizTwoSymReg.ttf) normal normal 400 normal>) = 10.05
2026-06-26 13:20:59,233 DEBUG matplotlib.font_manager: findfont: score(<Font 'DejaVu Serif' (DejaVuSerif-BoldItalic.ttf) italic normal 700 normal>) = 11.335
2026-06-26 13:20:59,233 DEBUG matplotlib.font_manager: findfont: score(<Font 'STIXNonUnicode' (STIXNonUniBol.ttf) normal normal 700 normal>) = 10.335
2026-06-26 13:20:59,233 DEBUG matplotlib.font_manager: findfont: score(<Font 'cmr10' (cmr10.ttf) normal normal 400 normal>) = 10.05
2026-06-26 13:20:59,233 DEBUG matplotlib.font_manager: findfont: score(<Font 'DejaVu Serif Display' (DejaVuSerifDisplay.ttf) normal normal 400 normal>) = 10.05
2026-06-26 13:20:59,233 DEBUG matplotlib.font_manager: findfont: score(<Font 'DejaVu Sans Mono' (DejaVuSansMono-BoldOblique.ttf) oblique normal 700 normal>) = 1.335
2026-06-26 13:20:59,233 DEBUG matplotlib.font_manager: findfont: score(<Font 'STIXSizeOneSym' (STIXSizOneSymReg.ttf) normal normal 400 normal>) = 10.05
2026-06-26 13:20:59,233 DEBUG matplotlib.font_manager: findfont: score(<Font 'DejaVu Sans Mono' (DejaVuSansMono-Oblique.ttf) oblique normal 400 normal>) = 1.05
2026-06-26 13:20:59,233 DEBUG matplotlib.font_manager: findfont: score(<Font 'STIXNonUnicode' (STIXNonUni.ttf) normal normal 400 normal>) = 10.05
2026-06-26 13:20:59,234 DEBUG matplotlib.font_manager: findfont: score(<Font 'cmsy10' (cmsy10.ttf) normal normal 400 normal>) = 10.05
2026-06-26 13:20:59,234 DEBUG matplotlib.font_manager: findfont: score(<Font 'DejaVu Sans' (DejaVuSans.ttf) normal normal 400 normal>) = 10.05
2026-06-26 13:20:59,234 DEBUG matplotlib.font_manager: findfont: score(<Font 'DejaVu Sans' (DejaVuSans-Bold.ttf) normal normal 700 normal>) = 10.335
2026-06-26 13:20:59,234 DEBUG matplotlib.font_manager: findfont: score(<Font 'DejaVu Sans' (DejaVuSans.ttf) normal normal 400 normal>) = 10.05
2026-06-26 13:20:59,234 DEBUG matplotlib.font_manager: findfont: score(<Font 'DejaVu Sans' (DejaVuSans-Bold.ttf) normal normal 700 normal>) = 10.335
2026-06-26 13:20:59,234 DEBUG matplotlib.font_manager: findfont: score(<Font 'DejaVu Sans Mono' (DejaVuSansMono.ttf) normal normal 400 normal>) = 0.05
2026-06-26 13:20:59,234 DEBUG matplotlib.font_manager: findfont: score(<Font 'DejaVu Serif' (DejaVuSerif-Bold.ttf) normal normal 700 normal>) = 10.335
2026-06-26 13:20:59,234 DEBUG matplotlib.font_manager: findfont: score(<Font 'DejaVu Sans Mono' (DejaVuSansMono-Bold.ttf) normal normal 700 normal>) = 0.33499999999999996
2026-06-26 13:20:59,234 DEBUG matplotlib.font_manager: findfont: score(<Font 'DejaVu Serif' (DejaVuSerif.ttf) normal normal 400 normal>) = 10.05
2026-06-26 13:20:59,234 DEBUG matplotlib.font_manager: findfont: Matching DejaVu Sans Mono:style=normal:variant=normal:weight=normal:stretch=normal:size=10.0 to DejaVu Sans Mono ('/tmp/_MEIl3XpmA/matplotlib/mpl-data/fonts/ttf/DejaVuSansMono.ttf') with score of 0.050000.
2026-06-26 13:20:59,234 DEBUG matplotlib.font_manager: findfont: Matching DejaVu Sans Display:style=normal:variant=normal:weight=normal:stretch=normal:size=10.0.
2026-06-26 13:20:59,234 DEBUG matplotlib.font_manager: findfont: score(<Font 'STIXSizeThreeSym' (STIXSizThreeSymReg.ttf) normal normal 400 normal>) = 10.05
2026-06-26 13:20:59,234 DEBUG matplotlib.font_manager: findfont: score(<Font 'STIXSizeTwoSym' (STIXSizTwoSymBol.ttf) normal normal 700 normal>) = 10.335
2026-06-26 13:20:59,234 DEBUG matplotlib.font_manager: findfont: score(<Font 'STIXSizeThreeSym' (STIXSizThreeSymBol.ttf) normal normal 700 normal>) = 10.335
2026-06-26 13:20:59,234 DEBUG matplotlib.font_manager: findfont: score(<Font 'cmex10' (cmex10.ttf) normal normal 400 normal>) = 10.05
2026-06-26 13:20:59,234 DEBUG matplotlib.font_manager: findfont: score(<Font 'DejaVu Sans' (DejaVuSans-BoldOblique.ttf) oblique normal 700 normal>) = 11.335
2026-06-26 13:20:59,234 DEBUG matplotlib.font_manager: findfont: score(<Font 'DejaVu Serif' (DejaVuSerif.ttf) normal normal 400 normal>) = 10.05
2026-06-26 13:20:59,234 DEBUG matplotlib.font_manager: findfont: score(<Font 'STIXSizeFourSym' (STIXSizFourSymBol.ttf) normal normal 700 normal>) = 10.335
2026-06-26 13:20:59,234 DEBUG matplotlib.font_manager: findfont: score(<Font 'DejaVu Sans' (DejaVuSans-Oblique.ttf) oblique normal 400 normal>) = 11.05
2026-06-26 13:20:59,234 DEBUG matplotlib.font_manager: findfont: score(<Font 'DejaVu Sans Mono' (DejaVuSansMono.ttf) normal normal 400 normal>) = 10.05
2026-06-26 13:20:59,234 DEBUG matplotlib.font_manager: findfont: score(<Font 'STIXGeneral' (STIXGeneralBol.ttf) normal normal 700 normal>) = 10.335
2026-06-26 13:20:59,234 DEBUG matplotlib.font_manager: findfont: score(<Font 'STIXSizeFourSym' (STIXSizFourSymReg.ttf) normal normal 400 normal>) = 10.05
2026-06-26 13:20:59,234 DEBUG matplotlib.font_manager: findfont: score(<Font 'cmmi10' (cmmi10.ttf) normal normal 400 normal>) = 10.05
2026-06-26 13:20:59,234 DEBUG matplotlib.font_manager: findfont: score(<Font 'STIXSizeOneSym' (STIXSizOneSymBol.ttf) normal normal 700 normal>) = 10.335
2026-06-26 13:20:59,234 DEBUG matplotlib.font_manager: findfont: score(<Font 'STIXGeneral' (STIXGeneral.ttf) normal normal 400 normal>) = 10.05
2026-06-26 13:20:59,234 DEBUG matplotlib.font_manager: findfont: score(<Font 'cmss10' (cmss10.ttf) normal normal 400 normal>) = 10.05
2026-06-26 13:20:59,235 DEBUG matplotlib.font_manager: findfont: score(<Font 'DejaVu Serif' (DejaVuSerif-Italic.ttf) italic normal 400 normal>) = 11.05
2026-06-26 13:20:59,235 DEBUG matplotlib.font_manager: findfont: score(<Font 'STIXSizeFiveSym' (STIXSizFiveSymReg.ttf) normal normal 400 normal>) = 10.05
2026-06-26 13:20:59,235 DEBUG matplotlib.font_manager: findfont: score(<Font 'DejaVu Sans Display' (DejaVuSansDisplay.ttf) normal normal 400 normal>) = 0.05
2026-06-26 13:20:59,235 DEBUG matplotlib.font_manager: findfont: score(<Font 'STIXGeneral' (STIXGeneralItalic.ttf) italic normal 400 normal>) = 11.05
2026-06-26 13:20:59,235 DEBUG matplotlib.font_manager: findfont: score(<Font 'STIXNonUnicode' (STIXNonUniBolIta.ttf) italic normal 700 normal>) = 11.335
2026-06-26 13:20:59,235 DEBUG matplotlib.font_manager: findfont: score(<Font 'DejaVu Sans Mono' (DejaVuSansMono-Bold.ttf) normal normal 700 normal>) = 10.335
2026-06-26 13:20:59,235 DEBUG matplotlib.font_manager: findfont: score(<Font 'STIXNonUnicode' (STIXNonUniIta.ttf) italic normal 400 normal>) = 11.05
2026-06-26 13:20:59,235 DEBUG matplotlib.font_manager: findfont: score(<Font 'DejaVu Serif' (DejaVuSerif-Bold.ttf) normal normal 700 normal>) = 10.335
2026-06-26 13:20:59,235 DEBUG matplotlib.font_manager: findfont: score(<Font 'cmb10' (cmb10.ttf) normal normal 400 normal>) = 10.05
2026-06-26 13:20:59,235 DEBUG matplotlib.font_manager: findfont: score(<Font 'cmtt10' (cmtt10.ttf) normal normal 400 normal>) = 10.05
2026-06-26 13:20:59,235 DEBUG matplotlib.font_manager: findfont: score(<Font 'STIXGeneral' (STIXGeneralBolIta.ttf) italic normal 700 normal>) = 11.335
2026-06-26 13:20:59,235 DEBUG matplotlib.font_manager: findfont: score(<Font 'STIXSizeTwoSym' (STIXSizTwoSymReg.ttf) normal normal 400 normal>) = 10.05
2026-06-26 13:20:59,235 DEBUG matplotlib.font_manager: findfont: score(<Font 'DejaVu Serif' (DejaVuSerif-BoldItalic.ttf) italic normal 700 normal>) = 11.335
2026-06-26 13:20:59,235 DEBUG matplotlib.font_manager: findfont: score(<Font 'STIXNonUnicode' (STIXNonUniBol.ttf) normal normal 700 normal>) = 10.335
2026-06-26 13:20:59,235 DEBUG matplotlib.font_manager: findfont: score(<Font 'cmr10' (cmr10.ttf) normal normal 400 normal>) = 10.05
2026-06-26 13:20:59,235 DEBUG matplotlib.font_manager: findfont: score(<Font 'DejaVu Serif Display' (DejaVuSerifDisplay.ttf) normal normal 400 normal>) = 10.05
2026-06-26 13:20:59,235 DEBUG matplotlib.font_manager: findfont: score(<Font 'DejaVu Sans Mono' (DejaVuSansMono-BoldOblique.ttf) oblique normal 700 normal>) = 11.335
2026-06-26 13:20:59,235 DEBUG matplotlib.font_manager: findfont: score(<Font 'STIXSizeOneSym' (STIXSizOneSymReg.ttf) normal normal 400 normal>) = 10.05
2026-06-26 13:20:59,235 DEBUG matplotlib.font_manager: findfont: score(<Font 'DejaVu Sans Mono' (DejaVuSansMono-Oblique.ttf) oblique normal 400 normal>) = 11.05
2026-06-26 13:20:59,235 DEBUG matplotlib.font_manager: findfont: score(<Font 'STIXNonUnicode' (STIXNonUni.ttf) normal normal 400 normal>) = 10.05
2026-06-26 13:20:59,235 DEBUG matplotlib.font_manager: findfont: score(<Font 'cmsy10' (cmsy10.ttf) normal normal 400 normal>) = 10.05
2026-06-26 13:20:59,235 DEBUG matplotlib.font_manager: findfont: score(<Font 'DejaVu Sans' (DejaVuSans.ttf) normal normal 400 normal>) = 10.05
2026-06-26 13:20:59,235 DEBUG matplotlib.font_manager: findfont: score(<Font 'DejaVu Sans' (DejaVuSans-Bold.ttf) normal normal 700 normal>) = 10.335
2026-06-26 13:20:59,235 DEBUG matplotlib.font_manager: findfont: score(<Font 'DejaVu Sans' (DejaVuSans.ttf) normal normal 400 normal>) = 10.05
2026-06-26 13:20:59,235 DEBUG matplotlib.font_manager: findfont: score(<Font 'DejaVu Sans' (DejaVuSans-Bold.ttf) normal normal 700 normal>) = 10.335
2026-06-26 13:20:59,235 DEBUG matplotlib.font_manager: findfont: score(<Font 'DejaVu Sans Mono' (DejaVuSansMono.ttf) normal normal 400 normal>) = 10.05
2026-06-26 13:20:59,235 DEBUG matplotlib.font_manager: findfont: score(<Font 'DejaVu Serif' (DejaVuSerif-Bold.ttf) normal normal 700 normal>) = 10.335
2026-06-26 13:20:59,235 DEBUG matplotlib.font_manager: findfont: score(<Font 'DejaVu Sans Mono' (DejaVuSansMono-Bold.ttf) normal normal 700 normal>) = 10.335
2026-06-26 13:20:59,235 DEBUG matplotlib.font_manager: findfont: score(<Font 'DejaVu Serif' (DejaVuSerif.ttf) normal normal 400 normal>) = 10.05
2026-06-26 13:20:59,235 DEBUG matplotlib.font_manager: findfont: Matching DejaVu Sans Display:style=normal:variant=normal:weight=normal:stretch=normal:size=10.0 to DejaVu Sans Display ('/tmp/_MEIl3XpmA/matplotlib/mpl-data/fonts/ttf/DejaVuSansDisplay.ttf') with score of 0.050000.
2026-06-26 13:20:59,378 DEBUG matplotlib.ticker: vmin 1e-05 vmax 13487.104010777435
2026-06-26 13:20:59,378 DEBUG matplotlib.ticker: ticklocs array([], dtype=float64)
2026-06-26 13:20:59,381 DEBUG matplotlib.ticker: vmin 0.00044668359215096305 vmax 22387.21138568338
2026-06-26 13:20:59,381 DEBUG matplotlib.ticker: ticklocs array([2.e-05, 3.e-05, 4.e-05, 5.e-05, 6.e-05, 7.e-05, 8.e-05, 9.e-05,
       2.e-04, 3.e-04, 4.e-04, 5.e-04, 6.e-04, 7.e-04, 8.e-04, 9.e-04,
       2.e-03, 3.e-03, 4.e-03, 5.e-03, 6.e-03, 7.e-03, 8.e-03, 9.e-03,
       2.e-02, 3.e-02, 4.e-02, 5.e-02, 6.e-02, 7.e-02, 8.e-02, 9.e-02,
       2.e-01, 3.e-01, 4.e-01, 5.e-01, 6.e-01, 7.e-01, 8.e-01, 9.e-01,
       2.e+00, 3.e+00, 4.e+00, 5.e+00, 6.e+00, 7.e+00, 8.e+00, 9.e+00,
       2.e+01, 3.e+01, 4.e+01, 5.e+01, 6.e+01, 7.e+01, 8.e+01, 9.e+01,
       2.e+02, 3.e+02, 4.e+02, 5.e+02, 6.e+02, 7.e+02, 8.e+02, 9.e+02,
       2.e+03, 3.e+03, 4.e+03, 5.e+03, 6.e+03, 7.e+03, 8.e+03, 9.e+03,
       2.e+04, 3.e+04, 4.e+04, 5.e+04, 6.e+04, 7.e+04, 8.e+04, 9.e+04,
       2.e+05, 3.e+05, 4.e+05, 5.e+05, 6.e+05, 7.e+05, 8.e+05, 9.e+05,
       2.e+06, 3.e+06, 4.e+06, 5.e+06, 6.e+06, 7.e+06, 8.e+06, 9.e+06])
2026-06-26 13:20:59,482 DEBUG matplotlib.ticker: vmin 0.00044668359215096305 vmax 22387.21138568338
2026-06-26 13:20:59,483 DEBUG matplotlib.ticker: ticklocs array([2.e-05, 3.e-05, 4.e-05, 5.e-05, 6.e-05, 7.e-05, 8.e-05, 9.e-05,
       2.e-04, 3.e-04, 4.e-04, 5.e-04, 6.e-04, 7.e-04, 8.e-04, 9.e-04,
       2.e-03, 3.e-03, 4.e-03, 5.e-03, 6.e-03, 7.e-03, 8.e-03, 9.e-03,
       2.e-02, 3.e-02, 4.e-02, 5.e-02, 6.e-02, 7.e-02, 8.e-02, 9.e-02,
       2.e-01, 3.e-01, 4.e-01, 5.e-01, 6.e-01, 7.e-01, 8.e-01, 9.e-01,
       2.e+00, 3.e+00, 4.e+00, 5.e+00, 6.e+00, 7.e+00, 8.e+00, 9.e+00,
       2.e+01, 3.e+01, 4.e+01, 5.e+01, 6.e+01, 7.e+01, 8.e+01, 9.e+01,
       2.e+02, 3.e+02, 4.e+02, 5.e+02, 6.e+02, 7.e+02, 8.e+02, 9.e+02,
       2.e+03, 3.e+03, 4.e+03, 5.e+03, 6.e+03, 7.e+03, 8.e+03, 9.e+03,
       2.e+04, 3.e+04, 4.e+04, 5.e+04, 6.e+04, 7.e+04, 8.e+04, 9.e+04,
       2.e+05, 3.e+05, 4.e+05, 5.e+05, 6.e+05, 7.e+05, 8.e+05, 9.e+05,
       2.e+06, 3.e+06, 4.e+06, 5.e+06, 6.e+06, 7.e+06, 8.e+06, 9.e+06])
2026-06-26 13:20:59,578 DEBUG matplotlib.ticker: vmin 1e-05 vmax 13487.104010777435
2026-06-26 13:20:59,579 DEBUG matplotlib.ticker: ticklocs array([], dtype=float64)
2026-06-26 13:20:59,583 DEBUG matplotlib.ticker: vmin 1e-05 vmax 13487.104010777435
2026-06-26 13:20:59,583 DEBUG matplotlib.ticker: ticklocs array([], dtype=float64)
2026-06-26 13:20:59,586 DEBUG matplotlib.ticker: vmin 0.00044668359215096305 vmax 22387.21138568338
2026-06-26 13:20:59,586 DEBUG matplotlib.ticker: ticklocs array([2.e-05, 3.e-05, 4.e-05, 5.e-05, 6.e-05, 7.e-05, 8.e-05, 9.e-05,
       2.e-04, 3.e-04, 4.e-04, 5.e-04, 6.e-04, 7.e-04, 8.e-04, 9.e-04,
       2.e-03, 3.e-03, 4.e-03, 5.e-03, 6.e-03, 7.e-03, 8.e-03, 9.e-03,
       2.e-02, 3.e-02, 4.e-02, 5.e-02, 6.e-02, 7.e-02, 8.e-02, 9.e-02,
       2.e-01, 3.e-01, 4.e-01, 5.e-01, 6.e-01, 7.e-01, 8.e-01, 9.e-01,
       2.e+00, 3.e+00, 4.e+00, 5.e+00, 6.e+00, 7.e+00, 8.e+00, 9.e+00,
       2.e+01, 3.e+01, 4.e+01, 5.e+01, 6.e+01, 7.e+01, 8.e+01, 9.e+01,
       2.e+02, 3.e+02, 4.e+02, 5.e+02, 6.e+02, 7.e+02, 8.e+02, 9.e+02,
       2.e+03, 3.e+03, 4.e+03, 5.e+03, 6.e+03, 7.e+03, 8.e+03, 9.e+03,
       2.e+04, 3.e+04, 4.e+04, 5.e+04, 6.e+04, 7.e+04, 8.e+04, 9.e+04,
       2.e+05, 3.e+05, 4.e+05, 5.e+05, 6.e+05, 7.e+05, 8.e+05, 9.e+05,
       2.e+06, 3.e+06, 4.e+06, 5.e+06, 6.e+06, 7.e+06, 8.e+06, 9.e+06])
2026-06-26 13:20:59,609 DEBUG matplotlib.ticker: vmin 0.00044668359215096305 vmax 22387.21138568338
2026-06-26 13:20:59,609 DEBUG matplotlib.ticker: ticklocs array([2.e-05, 3.e-05, 4.e-05, 5.e-05, 6.e-05, 7.e-05, 8.e-05, 9.e-05,
       2.e-04, 3.e-04, 4.e-04, 5.e-04, 6.e-04, 7.e-04, 8.e-04, 9.e-04,
       2.e-03, 3.e-03, 4.e-03, 5.e-03, 6.e-03, 7.e-03, 8.e-03, 9.e-03,
       2.e-02, 3.e-02, 4.e-02, 5.e-02, 6.e-02, 7.e-02, 8.e-02, 9.e-02,
       2.e-01, 3.e-01, 4.e-01, 5.e-01, 6.e-01, 7.e-01, 8.e-01, 9.e-01,
       2.e+00, 3.e+00, 4.e+00, 5.e+00, 6.e+00, 7.e+00, 8.e+00, 9.e+00,
       2.e+01, 3.e+01, 4.e+01, 5.e+01, 6.e+01, 7.e+01, 8.e+01, 9.e+01,
       2.e+02, 3.e+02, 4.e+02, 5.e+02, 6.e+02, 7.e+02, 8.e+02, 9.e+02,
       2.e+03, 3.e+03, 4.e+03, 5.e+03, 6.e+03, 7.e+03, 8.e+03, 9.e+03,
       2.e+04, 3.e+04, 4.e+04, 5.e+04, 6.e+04, 7.e+04, 8.e+04, 9.e+04,
       2.e+05, 3.e+05, 4.e+05, 5.e+05, 6.e+05, 7.e+05, 8.e+05, 9.e+05,
       2.e+06, 3.e+06, 4.e+06, 5.e+06, 6.e+06, 7.e+06, 8.e+06, 9.e+06])
2026-06-26 13:20:59,650 INFO common.report_asm: report infomation: ##############################
Sub-module: Summary
------------------------------
Name: Total Instructions
Description: number of all instructions
Value: 51,120
------------------------------
Name: Compute Instructions
Description: number of compute instructions
Value: 45,210
------------------------------
Name: Memory Instructions
Description: number of memory instructions
Value: 5,910
------------------------------
Name: Total Cycles
Description: cycles use by kernel
Value: 3,436,245.88(Kcycles)
------------------------------
Name: Memory Access per Second
Description: memory access per second
Value: 54,064.06(MB/s)
------------------------------
Name: Average AP busy cycles
Description: Average busy cycles per AP
Value: 4,093.12
------------------------------
Name: AP busy Duty
Description: average AP busy duty of total cycles
Value: 0.00%
------------------------------
Name: Compute Instructions busy Duty
Description: Compute Instructions busy duty of total AP cycles
Value: 5.34%
##############################
Sub-module: CE Statistics
------------------------------
Name: WORKGROUPS
Description: ce send workgroup
Value: 214.0
------------------------------
Name: WAVES
Description: ce send waves
Value: 856.0
------------------------------
Name: Average Wave life cycles
Description: average life cycles per wave from start to end
Value: 605.40
##############################
Sub-module: ISU Statistics
------------------------------
Name: Compute Instructions Cycles Rate
Description: rate between compute instructions cycles
Value: {
    "data": {
        "MTE_4CYCLES": 87976.0,
        "MTE_16CYCLES": 8192.0,
        "MMA_16CYCLES": 0.0,
        "MMA_32CYCLES": 0.0
    },
    "filename": "/mnt/opt_test/engram_fused_weight_run/profile-artifacts/engram_fused_weight_v1_optimized/mcprofiler_raw_optimized/Compute_Instructions_Cycles_Rate20260626132058195.png"
}
------------------------------
Name: DPC Computing cycles comparison
Description: Comparison on AP computing cycles
Value: {
    "data": {
        "0": 13016.0,
        "1": 12632.0,
        "2": 9984.0,
        "3": 9984.0,
        "4": 9984.0,
        "5": 9216.0,
        "6": 12412.0,
        "7": 12796.0
    },
    "filename": "/mnt/opt_test/engram_fused_weight_run/profile-artifacts/engram_fused_weight_v1_optimized/mcprofiler_raw_optimized/DPC_Computing_cycles_comparison20260626132058334.png"
}
------------------------------
Name: ISU stall cycles layout
Description: ISU stall cycles layout
Value: {
    "data": {
        "wsm_stall": 0.0,
        "vls_pipeline_stall": 3751.0,
        "vls_wdata_stall": 3424.0,
        "valu_stall": 0.0
    },
    "filename": "/mnt/opt_test/engram_fused_weight_run/profile-artifacts/engram_fused_weight_v1_optimized/mcprofiler_raw_optimized/ISU_stall_cycles_layout20260626132058527.png"
}
------------------------------
Name: Instructions Comparison
Description: Comparison between all instructions
Value: {
    "data": {
        "MTE": 22026.0,
        "MMA": 0.0,
        "STE": 15498.0,
        "GVM": 2502.0,
        "BSM": 0.0,
        "LDU": 3408.0,
        "MISC": 7686.0
    },
    "filename": "/mnt/opt_test/engram_fused_weight_run/profile-artifacts/engram_fused_weight_v1_optimized/mcprofiler_raw_optimized/Instructions_Comparison20260626132058429.png"
}
##############################
Sub-module: Memory Statistics
------------------------------
Name: Global Read Instructions
Description: Number of global read instructions in all APs
Value: 1,664
------------------------------
Name: Global Write Instructions
Description: Number of global write instructions in all APs
Value: 838
------------------------------
Name: Global Atomic Instructions
Description: Number of global atomic instructions in all APs
Value: 0.0
------------------------------
Name: Private Read Instructions
Description: Number of private read instructions in all APs
Value: 0
------------------------------
Name: Private Write Instructions
Description: Number of private write instructions in all APs
Value: 0
------------------------------
Name: Constant Read Instructions
Description: Number of smem instructions in all APs
Value: 3,408
------------------------------
Name: Constant Read SL1 Instructions
Description: Num of LDU instructions in all SL1s
Value: 2,088
------------------------------
Name: Constant Read L2 Instructions
Description: Num of SL1 data miss requests
Value: 132
------------------------------
Name: Constant SL1 Hit Rate
Description: Total LDU instructions hit rate in all SL1s
Value: 93.73%
------------------------------
Name: VL1 Read Instructions
Description: total read instructions in all VL1s
Value: 1,664
------------------------------
Name: VL1 Write Instructions
Description: total write instructions in all VL1s
Value: 838
------------------------------
Name: VL1 Atomic Instructions
Description: total atomic instructions in all VL1s
Value: 0.0
------------------------------
Name: VL1 Hit Rate
Description: hit rate of all instructions in all VL1s
Value: 96.82%
------------------------------
Name: L2C Read Instructions
Description: total read instructions in all L2Cs
Value: 8,332
------------------------------
Name: L2C Write Instructions
Description: total write instructions in all L2Cs
Value: 4,707
------------------------------
Name: L2C Atomic Instructions
Description: total atomic instructions in all L2Cs
Value: 0.0
------------------------------
Name: L2C Hit Rate
Description: hit rate of all instructions in all L2Cs
Value: 29.75%
------------------------------
Name: Total Atomic Instructions
Description: total atomic instructions in memory access, include global atomic and shared memory atomic
Value: 0.0
------------------------------
Name: Dnoc Read Req
Description: number of dnoc read requests
Value: 5,427.0
------------------------------
Name: Dnoc Write Req
Description: number of dnoc write requests
Value: 2,915.0
------------------------------
Name: Global Memory Read bytes
Description: bytes read from global memory
Value: 440,896.0byte
------------------------------
Name: Global Memory Write bytes
Description: bytes write from global memory
Value: 253,056.0byte
------------------------------
Name: Dnoc Read Average Latency
Description: average latency of dnoc read request
Value: 155.10
------------------------------
Name: Memory Data Flow Chart
Description: 
Value: {
    "data": {
        "vl1c": 96.82254196642685,
        "l2c": 29.751253564054664,
        "sl1": 93.73219373219374,
        "global_kernel_rd": 1664,
        "global_kernel_wr": 838,
        "private_kernel_rd": 0,
        "private_kernel_wr": 0,
        "generic_kernel_rd": 0,
        "generic_kernel_wr": 0,
        "const_kernel_rd": 3408,
        "shared_kernel_rd": 0,
        "shared_kernel_wr": 0,
        "Ggeneric_vl1c_rd": 1664,
        "Ggeneric_vl1c_wr": 838,
        "const_sl1c_rd": 2088,
        "sl1_l2c_rd": 132,
        "vl1c_l2c_rd": 8332,
        "vl1c_l2c_wr": 4707,
        "l2c_Gmemory_rd": null,
        "l2c_Gmemory_wr": null
    },
    "filename": "/mnt/opt_test/engram_fused_weight_run/profile-artifacts/engram_fused_weight_v1_optimized/mcprofiler_raw_optimized/Memory_Data_Flow_Chart20260626132058630.png"
}
------------------------------
Name: Dnoc Read Latency Histogram
Description: histogram of dnoc read latency
Value: {
    "data": {
        "0-255": 4331.0,
        "256-511": 891.0,
        "512-1k": 50.0,
        "1k-2k": 1028.0,
        "2k-": 0.0
    },
    "filename": "/mnt/opt_test/engram_fused_weight_run/profile-artifacts/engram_fused_weight_v1_optimized/mcprofiler_raw_optimized/Dnoc_Read_Latency_Histogram20260626132058821.png"
}
------------------------------
Name: VL1 partition stall cycles layout
Description: VL1 partition access stall cycles layout
Value: {
    "data": {
        "pt0": 0.0,
        "pt1": 0.0,
        "pt2": 0.0,
        "pt3": 0.0
    },
    "filename": "/mnt/opt_test/engram_fused_weight_run/profile-artifacts/engram_fused_weight_v1_optimized/mcprofiler_raw_optimized/VL1_partition_stall_cycles_layout20260626132058912.png"
}
##############################
Sub-module: Workgroup Memory
------------------------------
Name: load instructions
Description: number of total workgroup memory load instructions
Value: 0.0
------------------------------
Name: store instructions
Description: number of total workgroup memory write instructions
Value: 0.0
------------------------------
Name: atomic instructions
Description: number of total workgroup memory atomic instructions
Value: 0.0
------------------------------
Name: total instructions
Description: number of total workgroup memory instructions
Value: 0.0
------------------------------
Name: average latency per load instruction
Description: average latency per WG-load from issue to mem-ops done
Value: 0
------------------------------
Name: average latency per store instruction
Description: average latency per WG-store from issue to memops done
Value: 0
------------------------------
Name: average latency per atomic instruction
Description: average latency per WG-atom from issue to memops done
Value: 0
------------------------------
Name: average latency of all stages per instruction
Description: average latency of all WG-inst from issue to memops done
Value: 0
------------------------------
Name: average cycles per load instruction
Description: average cycles per WG-load when issuing (with bank conflict)
Value: 0
------------------------------
Name: average cycles per store instruction
Description: average cycles per WG-store when issuing (with bank conflict)
Value: 0
------------------------------
Name: average cycles per atomic instruction
Description: average cycles per WG-atom when issuing (with bank conflict)
Value: 0
------------------------------
Name: average conflict cycles per instruction
Description: average conflict cycles per WG-inst when bank conflict happens
Value: 0
------------------------------
Name: average cycles per instruction
Description: average cycles per WG-inst when issuing (with bank conflict)
Value: 0
------------------------------
Name: shared memory access efficiency
Description: Proportion of NON-CONFLICT access
Value: 0%
##############################
Sub-module: Occupancy
------------------------------
Name: Achieved waves
Description: number of achieved waves
Value: 848.0
------------------------------
Name: Dispatched waves
Description: number of dispatched waves
Value: 856.0
##############################
Sub-module: GPU Throughput Statistics
------------------------------
Name: AP active cycles
Description: number of wave instruction cycles executed on the AP
Value: 421,591.0
------------------------------
Name: AP MTE Duty ratio
Description: MTE Duty ratio relative to AP active
Value: 5.25%
------------------------------
Name: AP STE Duty ratio
Description: STE Duty ratio relative to AP active
Value: 3.68%
------------------------------
Name: AP MMA Duty ratio
Description: MMA Duty ratio relative to AP active
Value: 0.0%
------------------------------
Name: VLS Duty ratio
Description: VLS Duty ratio relative to AP active
Value: 0.0%
------------------------------
Name: L2C Duty ratio
Description: L2C Duty ratio relative to L2C active
Value: 0.00%
##############################
Sub-module: Compute workload
------------------------------
Name: instruction per cycle
Description: The number of instructions per busy cycle across all sub-unit instances
Value: 4.64
------------------------------
Name: instruction throughput
Description: The percent of achieved instructions and theoretical instructions during all busy cycles 
Value: 0.04
------------------------------
Name: instruction throughput efficiency
Description: The percentage of the maximum instruction throughput achieved during all busy cycles 
Value: 1.12%
##############################
Sub-module: Instruction Statistics
------------------------------
Name: instruction number
Description: The total number of instructions
Value: 51,120.0
------------------------------
Name: instructions per AP
Description: The number of instructions per PEU
Value: 491.54
##############################
Sub-module: Internal
------------------------------
Name: RoofLine
Description: 
Value: {
    "processed_data": {
        "all_ops": 1403520.0,
        "all_memacs": 693952.0,
        "during": 11017.0,
        "block_num": 104,
        "vl1_memacs": 640512.0,
        "l2c_memacs": 212992.0
    },
    "data": {
        "all_ops": 1403520.0,
        "all_memacs": 693952.0,
        "block_num": 104,
        "during": 11017.0,
        "core_clk": 1.125,
        "MAX_Flops_base": 0.117,
        "case_flops": 0.14332032313697013,
        "MAX_Bandwith": 1843.2,
        "MAX_I": 260.0,
        "case_I": 2.0225029973254633,
        "case_bandwith": 70.86284832531543,
        "case_VL1_I": 2.1912470023980815,
        "case_L2C_I": 6.589543269230769,
        "mc_clk": 0.9
    },
    "filename": "/mnt/opt_test/engram_fused_weight_run/profile-artifacts/engram_fused_weight_v1_optimized/mcprofiler_raw_optimized/RoofLine20260626132059124.png"
}
2026-06-26 13:20:59,662 DEBUG PIL.PngImagePlugin: STREAM b'IHDR' 16 13
2026-06-26 13:20:59,662 DEBUG PIL.PngImagePlugin: STREAM b'tEXt' 41 57
2026-06-26 13:20:59,662 DEBUG PIL.PngImagePlugin: STREAM b'pHYs' 110 9
2026-06-26 13:20:59,662 DEBUG PIL.PngImagePlugin: STREAM b'IDAT' 131 33649
2026-06-26 13:20:59,711 DEBUG PIL.PngImagePlugin: STREAM b'IHDR' 16 13
2026-06-26 13:20:59,711 DEBUG PIL.PngImagePlugin: STREAM b'tEXt' 41 57
2026-06-26 13:20:59,711 DEBUG PIL.PngImagePlugin: STREAM b'pHYs' 110 9
2026-06-26 13:20:59,711 DEBUG PIL.PngImagePlugin: STREAM b'IDAT' 131 56722
2026-06-26 13:20:59,770 DEBUG PIL.PngImagePlugin: STREAM b'IHDR' 16 13
2026-06-26 13:20:59,770 DEBUG PIL.PngImagePlugin: STREAM b'tEXt' 41 57
2026-06-26 13:20:59,770 DEBUG PIL.PngImagePlugin: STREAM b'pHYs' 110 9
2026-06-26 13:20:59,770 DEBUG PIL.PngImagePlugin: STREAM b'IDAT' 131 30951
2026-06-26 13:20:59,819 DEBUG PIL.PngImagePlugin: STREAM b'IHDR' 16 13
2026-06-26 13:20:59,820 DEBUG PIL.PngImagePlugin: STREAM b'tEXt' 41 57
2026-06-26 13:20:59,820 DEBUG PIL.PngImagePlugin: STREAM b'pHYs' 110 9
2026-06-26 13:20:59,820 DEBUG PIL.PngImagePlugin: STREAM b'IDAT' 131 23226
2026-06-26 13:20:59,873 DEBUG PIL.PngImagePlugin: STREAM b'IHDR' 16 13
2026-06-26 13:20:59,873 DEBUG PIL.PngImagePlugin: STREAM b'tEXt' 41 57
2026-06-26 13:20:59,873 DEBUG PIL.PngImagePlugin: STREAM b'pHYs' 110 9
2026-06-26 13:20:59,873 DEBUG PIL.PngImagePlugin: STREAM b'IDAT' 131 56675
2026-06-26 13:20:59,933 DEBUG PIL.PngImagePlugin: STREAM b'IHDR' 16 13
2026-06-26 13:20:59,933 DEBUG PIL.PngImagePlugin: STREAM b'tEXt' 41 57
2026-06-26 13:20:59,933 DEBUG PIL.PngImagePlugin: STREAM b'pHYs' 110 9
2026-06-26 13:20:59,933 DEBUG PIL.PngImagePlugin: STREAM b'IDAT' 131 22090
2026-06-26 13:20:59,982 DEBUG PIL.PngImagePlugin: STREAM b'IHDR' 16 13
2026-06-26 13:20:59,982 DEBUG PIL.PngImagePlugin: STREAM b'tEXt' 41 57
2026-06-26 13:20:59,982 DEBUG PIL.PngImagePlugin: STREAM b'pHYs' 110 9
2026-06-26 13:20:59,982 DEBUG PIL.PngImagePlugin: STREAM b'IDAT' 131 10280
2026-06-26 13:21:00,027 DEBUG PIL.PngImagePlugin: STREAM b'IHDR' 16 13
2026-06-26 13:21:00,027 DEBUG PIL.PngImagePlugin: STREAM b'tEXt' 41 57
2026-06-26 13:21:00,027 DEBUG PIL.PngImagePlugin: STREAM b'pHYs' 110 9
2026-06-26 13:21:00,027 DEBUG PIL.PngImagePlugin: STREAM b'IDAT' 131 65536
2026-06-26 13:21:00,220 INFO phttp.server_backend: complete task 20bd6103-bf98-40b8-91fe-5727129c5c18
2026-06-26 13:21:03,327 DEBUG urllib3.connectionpool: Starting new HTTP connection (1): 127.0.0.1:50123
2026-06-26 13:21:03,331 INFO werkzeug: 127.0.0.1 - - [26/Jun/2026 13:21:03] "GET /perf_progress?exec_id=20bd6103-bf98-40b8-91fe-5727129c5c18 HTTP/1.1" 200 -
2026-06-26 13:21:03,331 DEBUG urllib3.connectionpool: http://127.0.0.1:50123 "GET /perf_progress?exec_id=20bd6103-bf98-40b8-91fe-5727129c5c18 HTTP/1.1" 200 9921
2026-06-26 13:21:08,344 DEBUG urllib3.connectionpool: Starting new HTTP connection (1): 127.0.0.1:50123
2026-06-26 13:21:08,380 INFO werkzeug: 127.0.0.1 - - [26/Jun/2026 13:21:08] "GET /perf_progress?exec_id=20bd6103-bf98-40b8-91fe-5727129c5c18 HTTP/1.1" 200 -
2026-06-26 13:21:08,381 DEBUG urllib3.connectionpool: http://127.0.0.1:50123 "GET /perf_progress?exec_id=20bd6103-bf98-40b8-91fe-5727129c5c18 HTTP/1.1" 200 9916
2026-06-26 13:21:16,391 DEBUG urllib3.connectionpool: Starting new HTTP connection (1): 127.0.0.1:50123
2026-06-26 13:21:16,392 ERROR phttp.http_server: remove .pkey failed
2026-06-26 13:21:16,393 INFO werkzeug: 127.0.0.1 - - [26/Jun/2026 13:21:16] "GET /stop HTTP/1.1" 200 -
2026-06-26 13:21:16,393 DEBUG urllib3.connectionpool: http://127.0.0.1:50123 "GET /stop HTTP/1.1" 200 29
