2026-06-26 19:56:31,019 DEBUG matplotlib: (private) matplotlib data path: /tmp/_MEIKGygzi/matplotlib/mpl-data
2026-06-26 19:56:31,019 DEBUG matplotlib: matplotlib data path: /tmp/_MEIKGygzi/matplotlib/mpl-data
2026-06-26 19:56:31,023 DEBUG matplotlib: CONFIGDIR=/tmp/tmpf6ku2zyw
2026-06-26 19:56:31,024 DEBUG matplotlib: matplotlib version 3.3.4
2026-06-26 19:56:31,024 DEBUG matplotlib: interactive is False
2026-06-26 19:56:31,025 DEBUG matplotlib: platform is linux
2026-06-26 19:56:31,025 DEBUG matplotlib: loaded modules: ['builtins', 'sys', '_frozen_importlib', '_imp', '_warnings', '_thread', '_weakref', '_frozen_importlib_external', '_io', 'marshal', 'posix', 'zipimport', 'encodings', 'codecs', '_codecs', 'encodings.aliases', 'encodings.ascii', '_signal', '__main__', 'encodings.utf_8', 'encodings.latin_1', 'io', 'abc', '_weakrefset', '_bootlocale', '_locale', 'struct', '_struct', 'pyimod01_os_path', 'pyimod02_archive', 'zlib', 'pyimod03_importers', 'pyimod04_ctypes', 'os', 'errno', 'stat', '_stat', 'posixpath', 'genericpath', 'os.path', '_collections_abc', 'ctypes', '_ctypes', 'ctypes._endian', 'pkgutil', 'collections', 'operator', '_operator', 'keyword', 'heapq', '_heapq', 'itertools', 'reprlib', '_collections', 'functools', '_functools', 'types', 'collections.abc', 'weakref', 'importlib', 'importlib._bootstrap', 'importlib._bootstrap_external', 'warnings', 'importlib.util', 'importlib.abc', 'importlib.machinery', 'contextlib', 'inspect', 'ast', '_ast', 'dis', 'opcode', '_opcode', 'enum', 'linecache', 'tokenize', 're', 'sre_compile', '_sre', 'sre_parse', 'sre_constants', 'copyreg', 'token', 'pathlib', 'fnmatch', 'ntpath', 'urllib', 'urllib.parse', 'pkg_resources', 'time', 'zipfile', 'shutil', 'bz2', '_compression', 'threading', 'traceback', '_bz2', 'lzma', '_lzma', 'pwd', 'grp', 'binascii', 'platform', 'subprocess', 'signal', '_posixsubprocess', 'select', 'selectors', 'math', 'plistlib', 'datetime', '_datetime', 'xml', 'xml.parsers', 'xml.parsers.expat', 'pyexpat.errors', 'pyexpat.model', 'pyexpat', 'xml.parsers.expat.model', 'xml.parsers.expat.errors', 'email', 'email.parser', 'email.feedparser', 'email.errors', 'email._policybase', 'email.header', 'email.quoprimime', 'string', '_string', 'email.base64mime', 'base64', 'email.charset', 'email.encoders', 'quopri', 'email.utils', 'random', 'hashlib', '_hashlib', '_blake2', '_sha3', 'bisect', '_bisect', '_random', 'socket', '_socket', 'email._parseaddr', 'calendar', 'locale', 'tempfile', 'textwrap', 'pkg_resources.extern', 'pkg_resources._vendor', 'pkg_resources._vendor.appdirs', 'pkg_resources.extern.appdirs', 'pkg_resources._vendor.packaging', 'pkg_resources._vendor.packaging.__about__', 'pkg_resources.extern.packaging', 'pkg_resources.extern.packaging.version', 'typing', 'typing.io', 'typing.re', 'pkg_resources.extern.packaging._structures', 'pkg_resources.extern.packaging.specifiers', 'pkg_resources.extern.packaging.utils', 'pkg_resources.extern.packaging.tags', 'logging', 'atexit', 'sysconfig', 'pkg_resources._vendor.packaging._manylinux', 'pkg_resources._vendor.packaging._musllinux', 'pkg_resources.extern.packaging.requirements', 'pkg_resources._vendor.pyparsing', 'copy', 'pprint', 'pkg_resources.extern.pyparsing', 'pkg_resources.extern.packaging.markers', 'multiprocessing', 'multiprocessing.context', 'multiprocessing.process', 'multiprocessing.reduction', 'pickle', '_compat_pickle', '_pickle', 'array', '__mp_main__', 'multiprocessing.spawn', 'runpy', 'multiprocessing.util', 'multiprocessing.popen_fork', 'multiprocessing.popen_spawn_posix', 'concurrent', 'concurrent.futures', 'concurrent.futures._base', 'concurrent.futures.process', 'queue', 'multiprocessing.connection', '_multiprocessing', 'concurrent.futures.thread', 'argparse', 'gettext', 'common', 'common.api_common', 'json', 'json.decoder', 'json.scanner', '_json', 'json.encoder', 'paramiko', 'paramiko._version', 'paramiko.transport', 'cryptography', 'cryptography.__about__', 'cryptography.utils', 'cryptography.hazmat', 'cryptography.hazmat.backends', 'cryptography.hazmat.primitives', 'cryptography.hazmat.primitives.ciphers', 'cryptography.hazmat.primitives._cipheralgorithm', 'cryptography.hazmat.primitives.ciphers.base', 'cryptography.exceptions', 'cryptography.hazmat.primitives.ciphers.modes', 'cryptography.hazmat.primitives.ciphers.algorithms', 'paramiko.util', 'paramiko.common', 'paramiko.config', 'getpass', 'termios', 'shlex', 'paramiko.ssh_exception', 'paramiko.auth_handler', 'paramiko.message', 'paramiko.server', 'paramiko.ssh_gss', 'paramiko.channel', 'paramiko.file', 'paramiko.buffered_pipe', 'paramiko.pipe', 'paramiko.compress', 'paramiko.dsskey', 'cryptography.hazmat.primitives.hashes', 'cryptography.hazmat.primitives.serialization', 'cryptography.hazmat.primitives._serialization', 'cryptography.hazmat.primitives.serialization.base', 'cryptography.hazmat.primitives.asymmetric', 'cryptography.hazmat.primitives.asymmetric.dh', 'cryptography.hazmat.primitives.asymmetric.types', 'cryptography.hazmat.primitives.asymmetric.dsa', 'cryptography.hazmat.primitives.asymmetric.utils', 'cryptography.hazmat.bindings', '_cffi_backend', '_openssl.lib', '_openssl', 'cryptography.hazmat.bindings._rust', 'cryptography.hazmat.primitives.asymmetric.ec', 'cryptography.hazmat._oid', 'cryptography.hazmat.primitives.asymmetric.ed448', 'cryptography.hazmat.primitives.asymmetric.ed25519', 'cryptography.hazmat.primitives.asymmetric.rsa', 'cryptography.hazmat.primitives._asymmetric', 'cryptography.hazmat.primitives.asymmetric.x448', 'cryptography.hazmat.primitives.asymmetric.x25519', 'cryptography.hazmat.primitives.serialization.ssh', 'cryptography.hazmat.primitives.asymmetric.padding', 'bcrypt', '__future__', 'hmac', 'bcrypt.__about__', 'bcrypt._bcrypt', 'paramiko.ber', 'paramiko.sftp', 'paramiko.pkey', 'paramiko.ed25519key', 'nacl', 'nacl.signing', 'nacl.bindings', 'nacl.bindings.crypto_aead', 'nacl.exceptions', '_sodium.lib', '_sodium', 'nacl._sodium', 'nacl.bindings.crypto_box', 'nacl.bindings.crypto_core', 'nacl.bindings.crypto_generichash', 'nacl.bindings.crypto_hash', 'nacl.bindings.crypto_kx', 'nacl.bindings.crypto_pwhash', 'nacl.bindings.crypto_scalarmult', 'nacl.bindings.crypto_secretbox', 'nacl.bindings.crypto_secretstream', 'nacl.bindings.crypto_shorthash', 'nacl.bindings.crypto_sign', 'nacl.bindings.randombytes', 'nacl.bindings.sodium_core', 'nacl.bindings.utils', 'nacl.encoding', 'nacl.public', 'nacl.utils', 'paramiko.kex_curve25519', 'cryptography.hazmat.primitives.constant_time', 'paramiko.kex_gex', 'paramiko.kex_group1', 'paramiko.kex_group14', 'paramiko.kex_group16', 'paramiko.kex_ecdh_nist', 'paramiko.kex_gss', 'paramiko.packet', 'paramiko.primes', 'paramiko.rsakey', 'paramiko.ecdsakey', 'paramiko.sftp_client', 'paramiko.sftp_attr', 'paramiko.sftp_file', 'cryptography.hazmat.backends.openssl', 'cryptography.hazmat.backends.openssl.backend', 'cryptography.x509', 'cryptography.x509.certificate_transparency', 'cryptography.x509.base', 'cryptography.x509.extensions', 'ipaddress', 'cryptography.x509.general_name', 'cryptography.x509.name', 'cryptography.x509.oid', 'cryptography.hazmat.backends.openssl.aead', 'cryptography.hazmat.backends.openssl.ciphers', 'cryptography.hazmat.backends.openssl.cmac', 'cryptography.hazmat.backends.openssl.dh', 'cryptography.hazmat.backends.openssl.dsa', 'cryptography.hazmat.backends.openssl.utils', 'cryptography.hazmat.backends.openssl.ec', 'cryptography.hazmat.backends.openssl.ed448', 'cryptography.hazmat.backends.openssl.ed25519', 'cryptography.hazmat.backends.openssl.hashes', 'cryptography.hazmat.backends.openssl.hmac', 'cryptography.hazmat.backends.openssl.poly1305', 'cryptography.hazmat.backends.openssl.rsa', 'cryptography.hazmat.backends.openssl.x448', 'cryptography.hazmat.bindings.openssl', 'cryptography.hazmat.bindings.openssl.binding', 'cryptography.hazmat.bindings.openssl._conditional', 'cryptography.hazmat.primitives.kdf', 'cryptography.hazmat.primitives.kdf.scrypt', 'cryptography.hazmat.primitives.serialization.pkcs12', 'paramiko.client', 'paramiko.agent', 'paramiko.hostkeys', 'paramiko.auth_strategy', 'paramiko.sftp_server', 'paramiko.sftp_si', 'paramiko.sftp_handle', 'paramiko.proxy', 'sshtunnel', 'socketserver', 'utils', 'utils.exceptions', 'utils.logging', 'utils.complier', 'utils.rawdata_elements', 'common.pc_piechart', 'matplotlib', 'distutils', 'distutils.version', 'matplotlib.cbook', 'gzip', 'numpy', 'numpy._globals', 'numpy.__config__', 'numpy.version', 'numpy._distributor_init', 'numpy.core', 'numpy.core.multiarray', 'numpy.core.overrides', 'numpy.core._multiarray_umath', 'numpy.compat', 'numpy.compat._inspect', 'numpy.compat.py3k', 'numpy.core.umath', 'numpy.core.numerictypes', 'numbers', 'numpy.core._string_helpers', 'numpy.core._type_aliases', 'numpy.core._dtype', 'numpy.core.numeric', 'numpy.core.shape_base', 'numpy.core._asarray', 'numpy.core.fromnumeric', 'numpy.core._methods', 'numpy.core._exceptions', 'numpy.core._ufunc_config', 'numpy.core.arrayprint', 'numpy.core.defchararray', 'numpy.core.records', 'numpy.core.memmap', 'numpy.core.function_base', 'numpy.core.machar', 'numpy.core.getlimits', 'numpy.core.einsumfunc', 'numpy.core._add_newdocs', 'numpy.core._multiarray_tests', 'numpy.core._dtype_ctypes', 'numpy.core._internal', 'numpy._pytesttester', 'numpy.lib', 'numpy.lib.mixins', 'numpy.lib.scimath', 'numpy.lib.type_check', 'numpy.lib.ufunclike', 'numpy.lib.index_tricks', 'numpy.matrixlib', 'numpy.matrixlib.defmatrix', 'numpy.linalg', 'numpy.linalg.linalg', 'numpy.lib.twodim_base', 'numpy.linalg.lapack_lite', 'numpy.linalg._umath_linalg', 'numpy.lib.function_base', 'numpy.lib.histograms', 'numpy.lib.stride_tricks', 'numpy.lib.nanfunctions', 'numpy.lib.shape_base', 'numpy.lib.polynomial', 'numpy.lib.utils', 'numpy.lib.arraysetops', 'numpy.lib.npyio', 'numpy.lib.format', 'numpy.lib._datasource', 'numpy.lib._iotools', 'numpy.lib.financial', 'decimal', '_decimal', 'numpy.lib.arrayterator', 'numpy.lib.arraypad', 'numpy.lib._version', 'numpy.fft', 'numpy.fft._pocketfft', 'numpy.fft._pocketfft_internal', 'numpy.fft.helper', 'numpy.polynomial', 'numpy.polynomial.polynomial', 'numpy.polynomial.polyutils', 'numpy.polynomial._polybase', 'numpy.polynomial.chebyshev', 'numpy.polynomial.legendre', 'numpy.polynomial.hermite', 'numpy.polynomial.hermite_e', 'numpy.polynomial.laguerre', 'numpy.random', 'numpy.random._pickle', 'numpy.random.mtrand', 'cython_runtime', 'numpy.random.bit_generator', '_cython_0_29_21', 'numpy.random._common', 'secrets', 'numpy.random._bounded_integers', 'numpy.random._mt19937', 'numpy.random._philox', 'numpy.random._pcg64', 'numpy.random._sfc64', 'numpy.random._generator', 'numpy.ctypeslib', 'numpy.ma', 'numpy.ma.core', 'numpy.ma.extras', 'numpy.testing', 'unittest', 'unittest.result', 'unittest.util', 'unittest.case', 'difflib', 'unittest.suite', 'unittest.loader', 'unittest.main', 'unittest.runner', 'unittest.signals', 'numpy.testing._private', 'numpy.testing._private.utils', 'gc', 'numpy.testing._private.decorators', 'numpy.testing._private.nosetester', 'matplotlib.cbook.deprecation', 'matplotlib.rcsetup', 'matplotlib.animation', 'uuid', 'ctypes.util', 'matplotlib._animation_data', 'matplotlib.fontconfig_pattern', 'pyparsing', 'pyparsing.util', 'pyparsing.exceptions', 'pyparsing.unicode', 'pyparsing.actions', 'pyparsing.core', 'pyparsing.results', 'pyparsing.helpers', 'html', 'html.entities', 'pyparsing.testing', 'pyparsing.common', 'matplotlib.colors', 'matplotlib.docstring', 'matplotlib._color_data', 'cycler', 'matplotlib._version', 'matplotlib.ft2font', 'dateutil', 'dateutil._version', 'kiwisolver']
2026-06-26 19:56:31,059 DEBUG matplotlib: CACHEDIR=/tmp/tmpf6ku2zyw
2026-06-26 19:56:31,059 INFO matplotlib.font_manager: Generating new fontManager, this may take some time...
2026-06-26 19:56:31,059 DEBUG matplotlib.font_manager: font search path [PosixPath('/tmp/_MEIKGygzi/matplotlib/mpl-data/fonts/ttf'), PosixPath('/tmp/_MEIKGygzi/matplotlib/mpl-data/fonts/afm'), PosixPath('/tmp/_MEIKGygzi/matplotlib/mpl-data/fonts/pdfcorefonts')]
2026-06-26 19:56:31,344 DEBUG matplotlib.pyplot: Loaded backend agg version unknown.
2026-06-26 19:56:32,237 DEBUG urllib3.connectionpool: Starting new HTTP connection (1): 127.0.0.1:50123
2026-06-26 19:56:32,237 INFO common.api_common: load json file /opt/mcProfiler-linux/config/workgroup_memory.pcd error, so try to decrypt: Expecting value: line 1 column 1 (char 0)
2026-06-26 19:56:32,238 INFO common.api_common: load json file /opt/mcProfiler-linux/config/summary.pcd error, so try to decrypt: Expecting value: line 1 column 1 (char 0)
2026-06-26 19:56:32,239 INFO common.api_common: load json file /opt/mcProfiler-linux/config/occupancy.pcd error, so try to decrypt: Expecting value: line 1 column 1 (char 0)
2026-06-26 19:56:32,239 INFO common.api_common: load json file /opt/mcProfiler-linux/config/memory_statistics.pcd error, so try to decrypt: Expecting value: line 1 column 1 (char 0)
2026-06-26 19:56:32,240 INFO common.api_common: load json file /opt/mcProfiler-linux/config/isu_statistics.pcd error, so try to decrypt: Expecting value: line 1 column 1 (char 0)
2026-06-26 19:56:32,241 INFO common.api_common: load json file /opt/mcProfiler-linux/config/internal.pcd error, so try to decrypt: Expecting value: line 1 column 1 (char 0)
2026-06-26 19:56:32,241 INFO common.api_common: load json file /opt/mcProfiler-linux/config/instruction_statistics.pcd error, so try to decrypt: Expecting value: line 1 column 1 (char 0)
2026-06-26 19:56:32,241 INFO common.api_common: load json file /opt/mcProfiler-linux/config/gpu_throughput_statistics.pcd error, so try to decrypt: Expecting value: line 1 column 1 (char 0)
2026-06-26 19:56:32,241 INFO common.api_common: load json file /opt/mcProfiler-linux/config/compute_workload.pcd error, so try to decrypt: Expecting value: line 1 column 1 (char 0)
2026-06-26 19:56:32,242 INFO common.api_common: load json file /opt/mcProfiler-linux/config/ce_statistics.pcd error, so try to decrypt: Expecting value: line 1 column 1 (char 0)
2026-06-26 19:56:32,250 INFO werkzeug:  * Running on http://127.0.0.1:50123/ (Press CTRL+C to quit)
2026-06-26 19:56:32,740 DEBUG urllib3.connectionpool: Starting new HTTP connection (1): 127.0.0.1:50123
2026-06-26 19:56:32,743 INFO werkzeug: 127.0.0.1 - - [26/Jun/2026 19:56:32] "GET / HTTP/1.1" 200 -
2026-06-26 19:56:32,744 DEBUG urllib3.connectionpool: http://127.0.0.1:50123 "GET / HTTP/1.1" 200 29
2026-06-26 19:56:32,745 DEBUG urllib3.connectionpool: Starting new HTTP connection (1): 127.0.0.1:50123
2026-06-26 19:56:32,746 INFO werkzeug: 127.0.0.1 - - [26/Jun/2026 19:56:32] "GET /show_metrics HTTP/1.1" 200 -
2026-06-26 19:56:32,747 DEBUG urllib3.connectionpool: http://127.0.0.1:50123 "GET /show_metrics HTTP/1.1" 200 1989
2026-06-26 19:56:32,748 DEBUG urllib3.connectionpool: Starting new HTTP connection (1): 127.0.0.1:50123
2026-06-26 19:56:32,762 INFO phttp.http_server: start a new perf exec thread
2026-06-26 19:56:32,762 INFO phttp.server_backend: start perf_exec
2026-06-26 19:56:32,762 INFO phttp.http_server: new exec 2d083640-8a16-4cbd-b2eb-be5015f7b26c:('export MACA_PATH=/opt/maca/; export LD_LIBRARY_PATH=/opt/maca/lib/:${LD_LIBRARY_PATH}; ./test_maca 5 50 2', 'sinkhorn_v0_baseline', ['WORKGROUPS', 'WAVES', 'Average Wave life cycles', 'instruction per cycle', 'instruction throughput', 'instruction throughput efficiency', 'AP active cycles', 'AP MTE Duty ratio', 'AP STE Duty ratio', 'AP MMA Duty ratio', 'VLS Duty ratio', 'L2C Duty ratio', 'Compute Instructions Cycles Rate', 'DPC Computing cycles comparison', 'Instructions Comparison', 'ISU stall cycles layout', 'instruction number', 'instructions per AP', 'RoofLine', 'Global Read Instructions', 'Global Write Instructions', 'Global Atomic Instructions', 'Private Read Instructions', 'Private Write Instructions', 'Constant Read Instructions', 'Constant Read SL1 Instructions', 'Constant Read L2 Instructions', 'Constant SL1 Hit Rate', 'VL1 Read Instructions', 'VL1 Write Instructions', 'VL1 Atomic Instructions', 'VL1 Hit Rate', 'L2C Read Instructions', 'L2C Write Instructions', 'L2C Atomic Instructions', 'L2C Hit Rate', 'Total Atomic Instructions', 'Dnoc Read Req', 'Dnoc Write Req', 'Global Memory Read bytes', 'Global Memory Write bytes', 'Memory Data Flow Chart', 'Dnoc Read Average Latency', 'Dnoc Read Latency Histogram', 'VL1 partition stall cycles layout', 'Achieved waves', 'Dispatched waves', 'Total Instructions', 'Compute Instructions', 'Memory Instructions', 'Total Cycles', 'Memory Access per Second', 'Average AP busy cycles', 'AP busy Duty', 'Compute Instructions busy Duty', 'load instructions', 'store instructions', 'atomic instructions', 'total instructions', 'average latency per load instruction', 'average latency per store instruction', 'average latency per atomic instruction', 'average latency of all stages per instruction', 'average cycles per load instruction', 'average cycles per store instruction', 'average cycles per atomic instruction', 'average conflict cycles per instruction', 'average cycles per instruction', 'shared memory access efficiency'])
2026-06-26 19:56:32,765 INFO werkzeug: 127.0.0.1 - - [26/Jun/2026 19:56:32] "POST /perf_exec HTTP/1.1" 200 -
2026-06-26 19:56:32,765 INFO common.api_common: ret_code cmdline_str: env
2026-06-26 19:56:32,766 DEBUG urllib3.connectionpool: http://127.0.0.1:50123 "POST /perf_exec HTTP/1.1" 200 51
2026-06-26 19:56:32,775 INFO common.api_common: ret_code cmdline_str: ls /sys/devices/virtual/mxcd/
2026-06-26 19:56:32,780 INFO common.api_common: ret_code cmdline_str: ls /sys/devices/virtual/mxcd/mxcd/layout/nodes/
2026-06-26 19:56:32,785 INFO phttp.server_backend: get_device_info.layout nodes: ['0', '1', '2', '3', '4', '5', '6', '7', '8', '9']
2026-06-26 19:56:32,785 INFO common.api_common: ret_code cmdline_str: cat /sys/devices/virtual/mxcd/mxcd/layout/nodes//0/gpu_id
2026-06-26 19:56:32,790 INFO phttp.server_backend: get_device_info.node 0 gpu_id 0
2026-06-26 19:56:32,790 INFO common.api_common: ret_code cmdline_str: cat /sys/devices/virtual/mxcd/mxcd/layout/nodes//1/gpu_id
2026-06-26 19:56:32,794 INFO phttp.server_backend: get_device_info.node 1 gpu_id 0
2026-06-26 19:56:32,794 INFO common.api_common: ret_code cmdline_str: cat /sys/devices/virtual/mxcd/mxcd/layout/nodes//2/gpu_id
2026-06-26 19:56:32,799 INFO phttp.server_backend: get_device_info.node 2 gpu_id 64198
2026-06-26 19:56:32,799 INFO phttp.server_backend: get_device_info.using node id 2
2026-06-26 19:56:32,799 INFO common.api_common: ret_code cmdline_str: cat /sys/devices/virtual/mxcd/mxcd/layout/nodes//3/gpu_id
2026-06-26 19:56:32,803 INFO phttp.server_backend: get_device_info.node 3 gpu_id 27143
2026-06-26 19:56:32,803 INFO phttp.server_backend: get_device_info.using node id 3
2026-06-26 19:56:32,803 INFO common.api_common: ret_code cmdline_str: cat /sys/devices/virtual/mxcd/mxcd/layout/nodes//4/gpu_id
2026-06-26 19:56:32,807 INFO phttp.server_backend: get_device_info.node 4 gpu_id 22597
2026-06-26 19:56:32,807 INFO phttp.server_backend: get_device_info.using node id 4
2026-06-26 19:56:32,808 INFO common.api_common: ret_code cmdline_str: cat /sys/devices/virtual/mxcd/mxcd/layout/nodes//5/gpu_id
2026-06-26 19:56:32,812 INFO phttp.server_backend: get_device_info.node 5 gpu_id 24589
2026-06-26 19:56:32,812 INFO phttp.server_backend: get_device_info.using node id 5
2026-06-26 19:56:32,812 INFO common.api_common: ret_code cmdline_str: cat /sys/devices/virtual/mxcd/mxcd/layout/nodes//6/gpu_id
2026-06-26 19:56:32,816 INFO phttp.server_backend: get_device_info.node 6 gpu_id 18772
2026-06-26 19:56:32,817 INFO phttp.server_backend: get_device_info.using node id 6
2026-06-26 19:56:32,817 INFO common.api_common: ret_code cmdline_str: cat /sys/devices/virtual/mxcd/mxcd/layout/nodes//7/gpu_id
2026-06-26 19:56:32,821 INFO phttp.server_backend: get_device_info.node 7 gpu_id 61138
2026-06-26 19:56:32,821 INFO phttp.server_backend: get_device_info.using node id 7
2026-06-26 19:56:32,821 INFO common.api_common: ret_code cmdline_str: cat /sys/devices/virtual/mxcd/mxcd/layout/nodes//8/gpu_id
2026-06-26 19:56:32,826 INFO phttp.server_backend: get_device_info.node 8 gpu_id 8082
2026-06-26 19:56:32,826 INFO phttp.server_backend: get_device_info.using node id 8
2026-06-26 19:56:32,826 INFO common.api_common: ret_code cmdline_str: cat /sys/devices/virtual/mxcd/mxcd/layout/nodes//9/gpu_id
2026-06-26 19:56:32,830 INFO phttp.server_backend: get_device_info.node 9 gpu_id 11728
2026-06-26 19:56:32,830 INFO phttp.server_backend: get_device_info.using node id 9
2026-06-26 19:56:32,830 INFO common.api_common: ret_code cmdline_str: cat /sys/devices/virtual/mxcd/mxcd/layout/nodes//2/properties
2026-06-26 19:56:32,835 ERROR phttp.server_backend: get_device_info.parse 2 device info vbios_version 1.25.1.0 error.
2026-06-26 19:56:32,835 ERROR phttp.server_backend: get_device_info.parse 2 device info  error.
2026-06-26 19:56:32,835 INFO common.api_common: ret_code cmdline_str: cat /sys/devices/virtual/mxcd/mxcd/layout/nodes//3/properties
2026-06-26 19:56:32,839 ERROR phttp.server_backend: get_device_info.parse 3 device info vbios_version 1.25.1.0 error.
2026-06-26 19:56:32,839 ERROR phttp.server_backend: get_device_info.parse 3 device info  error.
2026-06-26 19:56:32,839 INFO common.api_common: ret_code cmdline_str: cat /sys/devices/virtual/mxcd/mxcd/layout/nodes//4/properties
2026-06-26 19:56:32,844 ERROR phttp.server_backend: get_device_info.parse 4 device info vbios_version 1.25.1.0 error.
2026-06-26 19:56:32,844 ERROR phttp.server_backend: get_device_info.parse 4 device info  error.
2026-06-26 19:56:32,844 INFO common.api_common: ret_code cmdline_str: cat /sys/devices/virtual/mxcd/mxcd/layout/nodes//5/properties
2026-06-26 19:56:32,848 ERROR phttp.server_backend: get_device_info.parse 5 device info vbios_version 1.25.1.0 error.
2026-06-26 19:56:32,848 ERROR phttp.server_backend: get_device_info.parse 5 device info  error.
2026-06-26 19:56:32,848 INFO common.api_common: ret_code cmdline_str: cat /sys/devices/virtual/mxcd/mxcd/layout/nodes//6/properties
2026-06-26 19:56:32,853 ERROR phttp.server_backend: get_device_info.parse 6 device info vbios_version 1.25.1.0 error.
2026-06-26 19:56:32,853 ERROR phttp.server_backend: get_device_info.parse 6 device info  error.
2026-06-26 19:56:32,853 ERROR phttp.server_backend: get_device_info.parse 6 device info  error.
2026-06-26 19:56:32,853 INFO common.api_common: ret_code cmdline_str: cat /sys/devices/virtual/mxcd/mxcd/layout/nodes//7/properties
2026-06-26 19:56:32,857 ERROR phttp.server_backend: get_device_info.parse 7 device info vbios_version 1.25.1.0 error.
2026-06-26 19:56:32,857 ERROR phttp.server_backend: get_device_info.parse 7 device info  error.
2026-06-26 19:56:32,857 INFO common.api_common: ret_code cmdline_str: cat /sys/devices/virtual/mxcd/mxcd/layout/nodes//8/properties
2026-06-26 19:56:32,862 ERROR phttp.server_backend: get_device_info.parse 8 device info vbios_version 1.25.1.0 error.
2026-06-26 19:56:32,862 INFO common.api_common: ret_code cmdline_str: cat /sys/devices/virtual/mxcd/mxcd/layout/nodes//9/properties
2026-06-26 19:56:32,866 ERROR phttp.server_backend: get_device_info.parse 9 device info vbios_version 1.25.1.0 error.
2026-06-26 19:56:32,866 ERROR phttp.server_backend: get_device_info.parse 9 device info  error.
2026-06-26 19:56:32,866 INFO phttp.server_backend: get_device_info.device_info: {'2': {'gpu_id': '64198', 'cpu_cores_count': 0, 'mem_banks_count': 1, 'direct_link_count': 4, 'indirect_link_count': 8, 'vendor_id': 39321, 'device_id': 16385, 'drm_render_minor': 128, 'isa_major': 10, 'isa_minor': 0, 'is_vf': 0, 'max_vf_nums': 8, 'domain': 0, 'location_id': 2048, 'num_sdma_engines': 5, 'num_sdma_queues_per_engine': 9, 'num_vpue_cores': 1, 'num_vpud_cores': 8, 'caches_count': 157, 'peu_id_base': 0, 'peu_count': 416, 'max_waves_per_peu': 8, 'wsm_size_in_kb': 64, 'wave_front_size': 64, 'dpc_count': 8, 'dpc0_ap_mask': 8191, 'dpc1_ap_mask': 73727, 'dpc2_ap_mask': 139263, 'dpc3_ap_mask': 204799, 'dpc4_ap_mask': 270335, 'dpc5_ap_mask': 344061, 'dpc6_ap_mask': 401407, 'dpc7_ap_mask': 466943, 'dpc_arrays': 1, 'ap_per_dpc': 13, 'peu_per_ap': 4, 'pri_mem_per_thread': 4, 'max_slots_private_ap': 32, 'num_ce_queues': 16, 'max_engine_clk_gpu': 1600, 'max_engine_clk_cpu': 3600, 'mgpu_id': 0, 'topology_id': 2, 'socket_id': 2, 'hbmecc': 1, 'local_mem_size': 68719476736, 'capability': 4432512, 'maxprocess': 10}, '3': {'gpu_id': '27143', 'cpu_cores_count': 0, 'mem_banks_count': 1, 'direct_link_count': 4, 'indirect_link_count': 8, 'vendor_id': 39321, 'device_id': 16385, 'drm_render_minor': 129, 'isa_major': 10, 'isa_minor': 0, 'is_vf': 0, 'max_vf_nums': 8, 'domain': 0, 'location_id': 2304, 'num_sdma_engines': 5, 'num_sdma_queues_per_engine': 9, 'num_vpue_cores': 1, 'num_vpud_cores': 8, 'caches_count': 157, 'peu_id_base': 0, 'peu_count': 416, 'max_waves_per_peu': 8, 'wsm_size_in_kb': 64, 'wave_front_size': 64, 'dpc_count': 8, 'dpc0_ap_mask': 8191, 'dpc1_ap_mask': 73727, 'dpc2_ap_mask': 139263, 'dpc3_ap_mask': 204799, 'dpc4_ap_mask': 270335, 'dpc5_ap_mask': 344062, 'dpc6_ap_mask': 401407, 'dpc7_ap_mask': 474623, 'dpc_arrays': 1, 'ap_per_dpc': 13, 'peu_per_ap': 4, 'pri_mem_per_thread': 4, 'max_slots_private_ap': 32, 'num_ce_queues': 16, 'max_engine_clk_gpu': 1600, 'max_engine_clk_cpu': 3600, 'mgpu_id': 0, 'topology_id': 2, 'socket_id': 0, 'hbmecc': 1, 'local_mem_size': 68719476736, 'capability': 4432512, 'maxprocess': 10}, '4': {'gpu_id': '22597', 'cpu_cores_count': 0, 'mem_banks_count': 1, 'direct_link_count': 4, 'indirect_link_count': 8, 'vendor_id': 39321, 'device_id': 16385, 'drm_render_minor': 130, 'isa_major': 10, 'isa_minor': 0, 'is_vf': 0, 'max_vf_nums': 8, 'domain': 0, 'location_id': 3584, 'num_sdma_engines': 5, 'num_sdma_queues_per_engine': 9, 'num_vpue_cores': 1, 'num_vpud_cores': 8, 'caches_count': 157, 'peu_id_base': 0, 'peu_count': 416, 'max_waves_per_peu': 8, 'wsm_size_in_kb': 64, 'wave_front_size': 64, 'dpc_count': 8, 'dpc0_ap_mask': 8191, 'dpc1_ap_mask': 73727, 'dpc2_ap_mask': 139263, 'dpc3_ap_mask': 204799, 'dpc4_ap_mask': 270335, 'dpc5_ap_mask': 335871, 'dpc6_ap_mask': 401407, 'dpc7_ap_mask': 466943, 'dpc_arrays': 1, 'ap_per_dpc': 13, 'peu_per_ap': 4, 'pri_mem_per_thread': 4, 'max_slots_private_ap': 32, 'num_ce_queues': 16, 'max_engine_clk_gpu': 1600, 'max_engine_clk_cpu': 3600, 'mgpu_id': 0, 'topology_id': 2, 'socket_id': 3, 'hbmecc': 1, 'local_mem_size': 68719476736, 'capability': 4432512, 'maxprocess': 10}, '5': {'gpu_id': '24589', 'cpu_cores_count': 0, 'mem_banks_count': 1, 'direct_link_count': 4, 'indirect_link_count': 8, 'vendor_id': 39321, 'device_id': 16385, 'drm_render_minor': 131, 'isa_major': 10, 'isa_minor': 0, 'is_vf': 0, 'max_vf_nums': 8, 'domain': 0, 'location_id': 4352, 'num_sdma_engines': 5, 'num_sdma_queues_per_engine': 9, 'num_vpue_cores': 1, 'num_vpud_cores': 8, 'caches_count': 157, 'peu_id_base': 0, 'peu_count': 416, 'max_waves_per_peu': 8, 'wsm_size_in_kb': 64, 'wave_front_size': 64, 'dpc_count': 8, 'dpc0_ap_mask': 8191, 'dpc1_ap_mask': 73727, 'dpc2_ap_mask': 139263, 'dpc3_ap_mask': 204799, 'dpc4_ap_mask': 270335, 'dpc5_ap_mask': 335871, 'dpc6_ap_mask': 401407, 'dpc7_ap_mask': 466943, 'dpc_arrays': 1, 'ap_per_dpc': 13, 'peu_per_ap': 4, 'pri_mem_per_thread': 4, 'max_slots_private_ap': 32, 'num_ce_queues': 16, 'max_engine_clk_gpu': 1600, 'max_engine_clk_cpu': 3600, 'mgpu_id': 0, 'topology_id': 2, 'socket_id': 1, 'hbmecc': 1, 'local_mem_size': 68719476736, 'capability': 4432512, 'maxprocess': 10}, '6': {'gpu_id': '18772', 'cpu_cores_count': 0, 'mem_banks_count': 1, 'direct_link_count': 4, 'indirect_link_count': 8, 'vendor_id': 39321, 'device_id': 16385, 'drm_render_minor': 132, 'isa_major': 10, 'isa_minor': 0, 'is_vf': 0, 'max_vf_nums': 8, 'domain': 0, 'location_id': 12800, 'num_sdma_engines': 5, 'num_sdma_queues_per_engine': 9, 'num_vpue_cores': 1, 'num_vpud_cores': 8, 'caches_count': 157, 'peu_id_base': 0, 'peu_count': 416, 'max_waves_per_peu': 8, 'wsm_size_in_kb': 64, 'wave_front_size': 64, 'dpc_count': 8, 'dpc0_ap_mask': 8191, 'dpc1_ap_mask': 73727, 'dpc2_ap_mask': 139263, 'dpc3_ap_mask': 204799, 'dpc4_ap_mask': 270335, 'dpc5_ap_mask': 335871, 'dpc6_ap_mask': 407551, 'dpc7_ap_mask': 466943, 'dpc_arrays': 1, 'ap_per_dpc': 13, 'peu_per_ap': 4, 'pri_mem_per_thread': 4, 'max_slots_private_ap': 32, 'num_ce_queues': 16, 'max_engine_clk_gpu': 1600, 'max_engine_clk_cpu': 3600, 'mgpu_id': 0, 'topology_id': 2, 'socket_id': 0, 'hbmecc': 1, 'local_mem_size': 68719476736, 'capability': 4432512, 'maxprocess': 10}, '7': {'gpu_id': '61138', 'cpu_cores_count': 0, 'mem_banks_count': 1, 'direct_link_count': 4, 'indirect_link_count': 8, 'vendor_id': 39321, 'device_id': 16385, 'drm_render_minor': 133, 'isa_major': 10, 'isa_minor': 0, 'is_vf': 0, 'max_vf_nums': 8, 'domain': 0, 'location_id': 14336, 'num_sdma_engines': 5, 'num_sdma_queues_per_engine': 9, 'num_vpue_cores': 1, 'num_vpud_cores': 8, 'caches_count': 157, 'peu_id_base': 0, 'peu_count': 416, 'max_waves_per_peu': 8, 'wsm_size_in_kb': 64, 'wave_front_size': 64, 'dpc_count': 8, 'dpc0_ap_mask': 8191, 'dpc1_ap_mask': 73727, 'dpc2_ap_mask': 139263, 'dpc3_ap_mask': 204799, 'dpc4_ap_mask': 270335, 'dpc5_ap_mask': 335871, 'dpc6_ap_mask': 401407, 'dpc7_ap_mask': 466943, 'dpc_arrays': 1, 'ap_per_dpc': 13, 'peu_per_ap': 4, 'pri_mem_per_thread': 4, 'max_slots_private_ap': 32, 'num_ce_queues': 16, 'max_engine_clk_gpu': 1600, 'max_engine_clk_cpu': 3600, 'mgpu_id': 0, 'topology_id': 2, 'socket_id': 2, 'hbmecc': 1, 'local_mem_size': 68719476736, 'capability': 4432512, 'maxprocess': 10}, '8': {'gpu_id': '8082', 'cpu_cores_count': 0, 'mem_banks_count': 1, 'direct_link_count': 4, 'indirect_link_count': 8, 'vendor_id': 39321, 'device_id': 16385, 'drm_render_minor': 134, 'isa_major': 10, 'isa_minor': 0, 'is_vf': 0, 'max_vf_nums': 8, 'domain': 0, 'location_id': 15104, 'num_sdma_engines': 5, 'num_sdma_queues_per_engine': 9, 'num_vpue_cores': 1, 'num_vpud_cores': 8, 'caches_count': 157, 'peu_id_base': 0, 'peu_count': 416, 'max_waves_per_peu': 8, 'wsm_size_in_kb': 64, 'wave_front_size': 64, 'dpc_count': 8, 'dpc0_ap_mask': 8191, 'dpc1_ap_mask': 73727, 'dpc2_ap_mask': 139263, 'dpc3_ap_mask': 204799, 'dpc4_ap_mask': 270335, 'dpc5_ap_mask': 344031, 'dpc6_ap_mask': 401407, 'dpc7_ap_mask': 466943, 'dpc_arrays': 1, 'ap_per_dpc': 13, 'peu_per_ap': 4, 'pri_mem_per_thread': 4, 'max_slots_private_ap': 32, 'num_ce_queues': 16, 'max_engine_clk_gpu': 1600, 'max_engine_clk_cpu': 3600, 'mgpu_id': 0, 'topology_id': 2, 'socket_id': 3, 'hbmecc': 1, 'local_mem_size': 68719476736, 'capability': 4432512, 'maxprocess': 10}, '9': {'gpu_id': '11728', 'cpu_cores_count': 0, 'mem_banks_count': 1, 'direct_link_count': 4, 'indirect_link_count': 8, 'vendor_id': 39321, 'device_id': 16385, 'drm_render_minor': 135, 'isa_major': 10, 'isa_minor': 0, 'is_vf': 0, 'max_vf_nums': 8, 'domain': 0, 'location_id': 15360, 'num_sdma_engines': 5, 'num_sdma_queues_per_engine': 9, 'num_vpue_cores': 1, 'num_vpud_cores': 8, 'caches_count': 157, 'peu_id_base': 0, 'peu_count': 416, 'max_waves_per_peu': 8, 'wsm_size_in_kb': 64, 'wave_front_size': 64, 'dpc_count': 8, 'dpc0_ap_mask': 8191, 'dpc1_ap_mask': 73727, 'dpc2_ap_mask': 139263, 'dpc3_ap_mask': 204799, 'dpc4_ap_mask': 270335, 'dpc5_ap_mask': 335871, 'dpc6_ap_mask': 401407, 'dpc7_ap_mask': 466943, 'dpc_arrays': 1, 'ap_per_dpc': 13, 'peu_per_ap': 4, 'pri_mem_per_thread': 4, 'max_slots_private_ap': 32, 'num_ce_queues': 16, 'max_engine_clk_gpu': 1600, 'max_engine_clk_cpu': 3600, 'mgpu_id': 0, 'topology_id': 2, 'socket_id': 1, 'hbmecc': 1, 'local_mem_size': 68719476736, 'capability': 4432512, 'maxprocess': 10}}
2026-06-26 19:56:32,867 INFO phttp.server_backend: start generate batch files
2026-06-26 19:56:32,867 INFO utils.complier: analyse  formula:[]
2026-06-26 19:56:32,868 INFO utils.complier: analyse  formula:[{'type': 'PRE_VAR', 'value': '@compute_instructions'}, {'type': 'PRE_VAR', 'value': '@memory_instructions'}]
2026-06-26 19:56:32,868 INFO utils.complier: analyse  formula:[]
2026-06-26 19:56:32,868 INFO utils.complier: analyse  formula:[]
2026-06-26 19:56:32,868 INFO utils.complier: analyse  formula:[{'type': 'PRE_VAR', 'value': '@compute_instructions'}]
2026-06-26 19:56:32,868 INFO utils.complier: analyse  formula:[]
2026-06-26 19:56:32,868 INFO utils.complier: analyse  formula:[]
2026-06-26 19:56:32,868 INFO utils.complier: analyse  formula:[{'type': 'PRE_VAR', 'value': '@memory_instructions'}]
2026-06-26 19:56:32,868 INFO utils.complier: analyse  formula:[]
2026-06-26 19:56:32,868 INFO utils.complier: analyse  formula:[{'type': 'VARIABLE', 'value': '{{CE.CE_PERF_BUSY_CYCLES}}'}]
2026-06-26 19:56:32,868 INFO utils.complier: analyse  formula:[]
2026-06-26 19:56:32,868 INFO utils.complier: analyse  formula:[]
2026-06-26 19:56:32,868 INFO utils.complier: analyse  formula:[{'type': 'VARIABLE', 'value': '{{L2C.perf_dnoc_rdreq_32B}}'}, {'type': 'VARIABLE', 'value': '{{L2C.perf_dnoc_rdreq_64B}}'}, {'type': 'VARIABLE', 'value': '{{L2C.perf_dnoc_rdreq_128B}}'}, {'type': 'VARIABLE', 'value': '{{L2C.perf_dnoc_wrreq_32B_low}}'}, {'type': 'VARIABLE', 'value': '{{L2C.perf_dnoc_wrreq_32B_high}}'}, {'type': 'VARIABLE', 'value': '{{L2C.perf_dnoc_wrreq_64B}}'}, {'type': 'VARIABLE', 'value': '{{L2C.perf_dnoc_wrreq_128B}}'}, {'type': 'VARIABLE', 'value': '{{ISU.AP_PERF_ISU_AP_BUSY}}'}]
2026-06-26 19:56:32,869 INFO utils.complier: analyse  formula:[]
2026-06-26 19:56:32,869 INFO utils.complier: analyse  formula:[]
2026-06-26 19:56:32,869 INFO utils.complier: analyse  formula:[{'type': 'VARIABLE', 'value': '{{ISU.AP_PERF_ISU_AP_BUSY}}'}]
2026-06-26 19:56:32,870 INFO utils.complier: analyse  formula:[]
2026-06-26 19:56:32,870 INFO utils.complier: analyse  formula:[]
2026-06-26 19:56:32,870 INFO utils.complier: analyse  formula:[{'type': 'VARIABLE', 'value': '{{ISU.AP_PERF_ISU_AP_BUSY}}'}, {'type': 'VARIABLE', 'value': '{{CE.CE_PERF_BUSY_CYCLES}}'}]
2026-06-26 19:56:32,871 INFO utils.complier: analyse  formula:[]
2026-06-26 19:56:32,871 INFO utils.complier: analyse  formula:[]
2026-06-26 19:56:32,871 INFO utils.complier: analyse  formula:[{'type': 'VARIABLE', 'value': '{{ISU.AP_PERF_INST_CYCLES_VALU}}'}, {'type': 'VARIABLE', 'value': '{{ISU.AP_PERF_INST_CYCLES_MMA}}'}, {'type': 'VARIABLE', 'value': '{{ISU.AP_PERF_ISU_AP_BUSY}}'}]
2026-06-26 19:56:32,871 INFO utils.complier: analyse  formula:[]
2026-06-26 19:56:32,872 INFO utils.complier: analyse  formula:[]
2026-06-26 19:56:32,872 INFO utils.complier: analyse  formula:[{'type': 'VARIABLE', 'value': '{{CE.CE_PERF_SEND_RM_WORKGROUPS}}'}]
2026-06-26 19:56:32,872 INFO utils.complier: analyse  formula:[]
2026-06-26 19:56:32,872 INFO utils.complier: analyse  formula:[]
2026-06-26 19:56:32,872 INFO utils.complier: analyse  formula:[{'type': 'VARIABLE', 'value': '{{CE.CE_PERF_SEND_RM_WAVES}}'}]
2026-06-26 19:56:32,872 INFO utils.complier: analyse  formula:[]
2026-06-26 19:56:32,872 INFO utils.complier: analyse  formula:[]
2026-06-26 19:56:32,872 INFO utils.complier: analyse  formula:[{'type': 'VARIABLE', 'value': '{{RM.RM_PERF_WAVES_InFlight_Level_P0}}'}, {'type': 'VARIABLE', 'value': '{{RM.RM_PERF_WAVES_InFlight_Level_P1}}'}, {'type': 'VARIABLE', 'value': '{{RM.RM_PERF_WAVES_InFlight_Level_P2}}'}, {'type': 'VARIABLE', 'value': '{{RM.RM_PERF_WAVES_InFlight_Level_P3}}'}, {'type': 'VARIABLE', 'value': '{{CE.CE_PERF_SEND_RM_WAVES}}'}]
2026-06-26 19:56:32,873 INFO utils.complier: analyse  formula:[]
2026-06-26 19:56:32,873 INFO utils.complier: analyse  formula:[]
2026-06-26 19:56:32,875 INFO utils.complier: analyse  formula:[{'type': 'VARIABLE', 'value': '{{ISU.AP_PERF_INST_CYCLES_VALU_4CYCLES}}'}, {'type': 'VARIABLE', 'value': '{{ISU.AP_PERF_INST_CYCLES_VALU_16CYCLES}}'}, {'type': 'VARIABLE', 'value': '{{ISU.AP_PERF_INST_CYCLES_MMA_16CYCLES}}'}, {'type': 'VARIABLE', 'value': '{{ISU.AP_PERF_INST_CYCLES_MMA_32CYCLES}}'}]
2026-06-26 19:56:32,876 INFO utils.complier: analyse  formula:[]
2026-06-26 19:56:32,877 INFO utils.complier: analyse  formula:[]
2026-06-26 19:56:32,878 INFO utils.complier: analyse  formula:[{'type': 'VARIABLE_DICT', 'value': '{{{ISU.AP_PERF_INST_CYCLES_MMA}}}'}, {'type': 'VARIABLE_DICT', 'value': '{{{ISU.AP_PERF_INST_CYCLES_MMA}}}'}, {'type': 'VARIABLE_DICT', 'value': '{{{ISU.AP_PERF_INST_CYCLES_VALU}}}'}]
2026-06-26 19:56:32,878 INFO utils.complier: analyse  formula:[]
2026-06-26 19:56:32,879 INFO utils.complier: analyse  formula:[]
2026-06-26 19:56:32,880 INFO utils.complier: analyse  formula:[{'type': 'VARIABLE', 'value': '{{ISU.AP_PERF_INSTS_VALU}}'}, {'type': 'VARIABLE', 'value': '{{ISU.AP_PERF_INSTS_MMA}}'}, {'type': 'VARIABLE', 'value': '{{ISU.AP_PERF_INSTS_SALU}}'}, {'type': 'VARIABLE', 'value': '{{ISU.AP_PERF_INSTS_GVM}}'}, {'type': 'VARIABLE', 'value': '{{ISU.AP_PERF_INSTS_BSM}}'}, {'type': 'VARIABLE', 'value': '{{ISU.AP_PERF_INSTS_LDU}}'}, {'type': 'VARIABLE', 'value': '{{ISU.AP_PERF_INST_MISC}}'}]
2026-06-26 19:56:32,880 INFO utils.complier: analyse  formula:[]
2026-06-26 19:56:32,881 INFO utils.complier: analyse  formula:[]
2026-06-26 19:56:32,882 INFO utils.complier: analyse  formula:[{'type': 'VARIABLE', 'value': '{{ISU.AP_PERF_ISU_ARB_WSM_STALL}}'}, {'type': 'VARIABLE', 'value': '{{ISU.AP_PERF_ISU_ARB_VLS_STALL}}'}, {'type': 'VARIABLE', 'value': '{{ISU.AP_PERF_ISU_ARB_DATA_STALL}}'}, {'type': 'VARIABLE', 'value': '{{ISU.AP_PERF_ISU_ARB_VALU_STALL}}'}]
2026-06-26 19:56:32,883 INFO utils.complier: analyse  formula:[]
2026-06-26 19:56:32,883 INFO utils.complier: analyse  formula:[]
2026-06-26 19:56:32,884 INFO utils.complier: analyse  formula:[]
2026-06-26 19:56:32,884 INFO utils.complier: analyse  formula:[{'type': 'PRE_VAR', 'value': '@global_insts_rd'}]
2026-06-26 19:56:32,884 INFO utils.complier: analyse  formula:[]
2026-06-26 19:56:32,884 INFO utils.complier: analyse  formula:[]
2026-06-26 19:56:32,884 INFO utils.complier: analyse  formula:[{'type': 'PRE_VAR', 'value': '@global_insts_wr'}]
2026-06-26 19:56:32,884 INFO utils.complier: analyse  formula:[]
2026-06-26 19:56:32,884 INFO utils.complier: analyse  formula:[{'type': 'VARIABLE', 'value': '{{ISU.AP_PERF_INST_GLOBAL_ATOMIC}}'}, {'type': 'VARIABLE', 'value': '{{ISU.AP_PERF_INST_GLOBAL_ATOMIC_64}}'}]
2026-06-26 19:56:32,884 INFO utils.complier: analyse  formula:[]
2026-06-26 19:56:32,884 INFO utils.complier: analyse  formula:[]
2026-06-26 19:56:32,884 INFO utils.complier: analyse  formula:[]
2026-06-26 19:56:32,884 INFO utils.complier: analyse  formula:[{'type': 'PRE_VAR', 'value': '@private_insts_rd'}]
2026-06-26 19:56:32,884 INFO utils.complier: analyse  formula:[]
2026-06-26 19:56:32,884 INFO utils.complier: analyse  formula:[]
2026-06-26 19:56:32,884 INFO utils.complier: analyse  formula:[{'type': 'PRE_VAR', 'value': '@private_insts_wr'}]
2026-06-26 19:56:32,884 INFO utils.complier: analyse  formula:[]
2026-06-26 19:56:32,884 INFO utils.complier: analyse  formula:[]
2026-06-26 19:56:32,884 INFO utils.complier: analyse  formula:[{'type': 'PRE_VAR', 'value': '@ldu_insts_rd'}]
2026-06-26 19:56:32,884 INFO utils.complier: analyse  formula:[]
2026-06-26 19:56:32,884 INFO utils.complier: analyse  formula:[]
2026-06-26 19:56:32,884 INFO utils.complier: analyse  formula:[{'type': 'PRE_VAR', 'value': '@sl1_rd'}]
2026-06-26 19:56:32,885 INFO utils.complier: analyse  formula:[]
2026-06-26 19:56:32,885 INFO utils.complier: analyse  formula:[]
2026-06-26 19:56:32,885 INFO utils.complier: analyse  formula:[{'type': 'PRE_VAR', 'value': '@sl1_l2c_rd'}]
2026-06-26 19:56:32,885 INFO utils.complier: analyse  formula:[]
2026-06-26 19:56:32,885 INFO utils.complier: analyse  formula:[]
2026-06-26 19:56:32,885 INFO utils.complier: analyse  formula:[{'type': 'PRE_VAR', 'value': '@sl1_hit_rate'}]
2026-06-26 19:56:32,885 INFO utils.complier: analyse  formula:[]
2026-06-26 19:56:32,885 INFO utils.complier: analyse  formula:[]
2026-06-26 19:56:32,885 INFO utils.complier: analyse  formula:[{'type': 'PRE_VAR', 'value': '@vl1_insts_rd'}]
2026-06-26 19:56:32,885 INFO utils.complier: analyse  formula:[]
2026-06-26 19:56:32,885 INFO utils.complier: analyse  formula:[]
2026-06-26 19:56:32,885 INFO utils.complier: analyse  formula:[{'type': 'PRE_VAR', 'value': '@vl1_insts_wr'}]
2026-06-26 19:56:32,885 INFO utils.complier: analyse  formula:[]
2026-06-26 19:56:32,885 INFO utils.complier: analyse  formula:[{'type': 'VARIABLE', 'value': '{{VL1.p_total_atomic_instruction_event}}'}]
2026-06-26 19:56:32,885 INFO utils.complier: analyse  formula:[]
2026-06-26 19:56:32,885 INFO utils.complier: analyse  formula:[]
2026-06-26 19:56:32,885 INFO utils.complier: analyse  formula:[]
2026-06-26 19:56:32,885 INFO utils.complier: analyse  formula:[{'type': 'PRE_VAR', 'value': '@vl1_hit_rate'}]
2026-06-26 19:56:32,885 INFO utils.complier: analyse  formula:[]
2026-06-26 19:56:32,885 INFO utils.complier: analyse  formula:[]
2026-06-26 19:56:32,885 INFO utils.complier: analyse  formula:[{'type': 'PRE_VAR', 'value': '@l2c_insts_rd'}]
2026-06-26 19:56:32,886 INFO utils.complier: analyse  formula:[]
2026-06-26 19:56:32,886 INFO utils.complier: analyse  formula:[]
2026-06-26 19:56:32,886 INFO utils.complier: analyse  formula:[{'type': 'PRE_VAR', 'value': '@l2c_insts_wr'}]
2026-06-26 19:56:32,886 INFO utils.complier: analyse  formula:[]
2026-06-26 19:56:32,886 INFO utils.complier: analyse  formula:[{'type': 'VARIABLE', 'value': '{{L2C.perf_atomic_req}}'}]
2026-06-26 19:56:32,886 INFO utils.complier: analyse  formula:[]
2026-06-26 19:56:32,886 INFO utils.complier: analyse  formula:[]
2026-06-26 19:56:32,886 INFO utils.complier: analyse  formula:[]
2026-06-26 19:56:32,886 INFO utils.complier: analyse  formula:[{'type': 'PRE_VAR', 'value': '@l2c_hit_rate'}]
2026-06-26 19:56:32,886 INFO utils.complier: analyse  formula:[]
2026-06-26 19:56:32,886 INFO utils.complier: analyse  formula:[{'type': 'VARIABLE', 'value': '{{ISU.AP_PERF_INSTS_GVM_ATOMIC}}'}, {'type': 'VARIABLE', 'value': '{{ISU.AP_PERF_INST_BSM_ATOMIC}}'}]
2026-06-26 19:56:32,886 INFO utils.complier: analyse  formula:[]
2026-06-26 19:56:32,886 INFO utils.complier: analyse  formula:[]
2026-06-26 19:56:32,886 INFO utils.complier: analyse  formula:[{'type': 'VARIABLE', 'value': '{{L2C.perf_dnoc_rdreq}}'}]
2026-06-26 19:56:32,886 INFO utils.complier: analyse  formula:[]
2026-06-26 19:56:32,886 INFO utils.complier: analyse  formula:[]
2026-06-26 19:56:32,886 INFO utils.complier: analyse  formula:[{'type': 'VARIABLE', 'value': '{{L2C.perf_dnoc_wrreq}}'}]
2026-06-26 19:56:32,886 INFO utils.complier: analyse  formula:[]
2026-06-26 19:56:32,886 INFO utils.complier: analyse  formula:[]
2026-06-26 19:56:32,887 INFO utils.complier: analyse  formula:[{'type': 'VARIABLE', 'value': '{{L2C.perf_dnoc_rdreq_32B}}'}, {'type': 'VARIABLE', 'value': '{{L2C.perf_dnoc_rdreq_64B}}'}, {'type': 'VARIABLE', 'value': '{{L2C.perf_dnoc_rdreq_128B}}'}]
2026-06-26 19:56:32,887 INFO utils.complier: analyse  formula:[]
2026-06-26 19:56:32,887 INFO utils.complier: analyse  formula:[]
2026-06-26 19:56:32,887 INFO utils.complier: analyse  formula:[{'type': 'VARIABLE', 'value': '{{L2C.perf_dnoc_wrreq_32B_low}}'}, {'type': 'VARIABLE', 'value': '{{L2C.perf_dnoc_wrreq_32B_high}}'}, {'type': 'VARIABLE', 'value': '{{L2C.perf_dnoc_wrreq_64B}}'}, {'type': 'VARIABLE', 'value': '{{L2C.perf_dnoc_wrreq_128B}}'}]
2026-06-26 19:56:32,887 INFO utils.complier: analyse  formula:[]
2026-06-26 19:56:32,887 INFO utils.complier: analyse  formula:[]
2026-06-26 19:56:32,891 INFO utils.complier: analyse  formula:[]
2026-06-26 19:56:32,894 INFO utils.complier: analyse  formula:[{'type': 'PRE_VAR', 'value': '@vl1_hit_rate'}, {'type': 'PRE_VAR', 'value': '@l2c_hit_rate'}, {'type': 'PRE_VAR', 'value': '@sl1_hit_rate'}, {'type': 'PRE_VAR', 'value': '@global_insts_rd'}, {'type': 'PRE_VAR', 'value': '@global_insts_wr'}, {'type': 'PRE_VAR', 'value': '@private_insts_rd'}, {'type': 'PRE_VAR', 'value': '@private_insts_wr'}, {'type': 'PRE_VAR', 'value': '@generic_insts_rd'}, {'type': 'PRE_VAR', 'value': '@generic_insts_wr'}, {'type': 'PRE_VAR', 'value': '@ldu_insts_rd'}, {'type': 'PRE_VAR', 'value': '@bsm_insts_rd'}, {'type': 'PRE_VAR', 'value': '@bsm_insts_wr'}, {'type': 'PRE_VAR', 'value': '@vl1_insts_rd'}, {'type': 'PRE_VAR', 'value': '@vl1_insts_wr'}, {'type': 'PRE_VAR', 'value': '@sl1_rd'}, {'type': 'PRE_VAR', 'value': '@sl1_l2c_rd'}, {'type': 'PRE_VAR', 'value': '@l2c_insts_rd'}, {'type': 'PRE_VAR', 'value': '@l2c_insts_wr'}]
2026-06-26 19:56:32,897 INFO utils.complier: analyse  formula:[]
2026-06-26 19:56:32,897 INFO utils.complier: analyse  formula:[{'type': 'VARIABLE', 'value': '{{L2C.perf_dnoc_rdreq_inflight_level}}'}, {'type': 'VARIABLE', 'value': '{{L2C.perf_dnoc_rdreq}}'}]
2026-06-26 19:56:32,897 INFO utils.complier: analyse  formula:[]
2026-06-26 19:56:32,897 INFO utils.complier: analyse  formula:[]
2026-06-26 19:56:32,898 INFO utils.complier: analyse  formula:[{'type': 'VARIABLE', 'value': '{{L2C.perf_dnoc_rd_histogram_0_255}}'}, {'type': 'VARIABLE', 'value': '{{L2C.perf_dnoc_rd_histogram_256_511}}'}, {'type': 'VARIABLE', 'value': '{{L2C.perf_dnoc_rd_histogram_512_1K}}'}, {'type': 'VARIABLE', 'value': '{{L2C.perf_dnoc_rd_histogram_1K_2K}}'}, {'type': 'VARIABLE', 'value': '{{L2C.perf_dnoc_rd_histogram_2K_INF}}'}]
2026-06-26 19:56:32,898 INFO utils.complier: analyse  formula:[]
2026-06-26 19:56:32,899 INFO utils.complier: analyse  formula:[]
2026-06-26 19:56:32,899 INFO utils.complier: analyse  formula:[{'type': 'VARIABLE', 'value': '{{VL1.p_stall_due_oldest_pt0}}'}, {'type': 'VARIABLE', 'value': '{{VL1.p_stall_due_oldest_pt1}}'}, {'type': 'VARIABLE', 'value': '{{VL1.p_stall_due_oldest_pt2}}'}, {'type': 'VARIABLE', 'value': '{{VL1.p_stall_due_oldest_pt3}}'}]
2026-06-26 19:56:32,899 INFO utils.complier: analyse  formula:[]
2026-06-26 19:56:32,900 INFO utils.complier: analyse  formula:[]
2026-06-26 19:56:32,900 INFO utils.complier: analyse  formula:[{'type': 'VARIABLE', 'value': '{{ISU.AP_PERF_INST_BSM_RD}}'}]
2026-06-26 19:56:32,900 INFO utils.complier: analyse  formula:[]
2026-06-26 19:56:32,900 INFO utils.complier: analyse  formula:[]
2026-06-26 19:56:32,900 INFO utils.complier: analyse  formula:[{'type': 'VARIABLE', 'value': '{{ISU.AP_PERF_INST_BSM_WR}}'}]
2026-06-26 19:56:32,900 INFO utils.complier: analyse  formula:[]
2026-06-26 19:56:32,900 INFO utils.complier: analyse  formula:[]
2026-06-26 19:56:32,900 INFO utils.complier: analyse  formula:[{'type': 'VARIABLE', 'value': '{{ISU.AP_PERF_INST_BSM_ATOMIC}}'}]
2026-06-26 19:56:32,900 INFO utils.complier: analyse  formula:[]
2026-06-26 19:56:32,900 INFO utils.complier: analyse  formula:[]
2026-06-26 19:56:32,900 INFO utils.complier: analyse  formula:[{'type': 'VARIABLE', 'value': '{{ISU.AP_PERF_INSTS_BSM}}'}]
2026-06-26 19:56:32,900 INFO utils.complier: analyse  formula:[]
2026-06-26 19:56:32,900 INFO utils.complier: analyse  formula:[]
2026-06-26 19:56:32,900 INFO utils.complier: analyse  formula:[{'type': 'VARIABLE', 'value': '{{ISU.AP_PERF_BSM_READ_INFLIGHT_LEVEL}}'}, {'type': 'VARIABLE', 'value': '{{ISU.AP_PERF_INST_BSM_RD}}'}, {'type': 'VARIABLE', 'value': '{{ISU.AP_PERF_INST_BSM_RD}}'}]
2026-06-26 19:56:32,901 INFO utils.complier: analyse  formula:[]
2026-06-26 19:56:32,901 INFO utils.complier: analyse  formula:[]
2026-06-26 19:56:32,901 INFO utils.complier: analyse  formula:[{'type': 'VARIABLE', 'value': '{{ISU.AP_PERF_BSM_WR_INFLIGHT_LEVEL}}'}, {'type': 'VARIABLE', 'value': '{{ISU.AP_PERF_INST_BSM_WR}}'}, {'type': 'VARIABLE', 'value': '{{ISU.AP_PERF_INST_BSM_WR}}'}]
2026-06-26 19:56:32,901 INFO utils.complier: analyse  formula:[]
2026-06-26 19:56:32,901 INFO utils.complier: analyse  formula:[]
2026-06-26 19:56:32,901 INFO utils.complier: analyse  formula:[{'type': 'VARIABLE', 'value': '{{ISU.AP_PERF_BSM_ATOMIC_INFLIGHT_LEVEL}}'}, {'type': 'VARIABLE', 'value': '{{ISU.AP_PERF_INST_BSM_ATOMIC}}'}, {'type': 'VARIABLE', 'value': '{{ISU.AP_PERF_INST_BSM_ATOMIC}}'}]
2026-06-26 19:56:32,901 INFO utils.complier: analyse  formula:[]
2026-06-26 19:56:32,902 INFO utils.complier: analyse  formula:[]
2026-06-26 19:56:32,902 INFO utils.complier: analyse  formula:[{'type': 'VARIABLE', 'value': '{{ISU.AP_PERF_BSM_INFLIGHT_LEVEL_IN_AP}}'}, {'type': 'VARIABLE', 'value': '{{ISU.AP_PERF_BSM_INFLIGHT_LEVEL}}'}, {'type': 'VARIABLE', 'value': '{{ISU.AP_PERF_INSTS_BSM}}'}, {'type': 'VARIABLE', 'value': '{{ISU.AP_PERF_INSTS_BSM}}'}]
2026-06-26 19:56:32,902 INFO utils.complier: analyse  formula:[]
2026-06-26 19:56:32,902 INFO utils.complier: analyse  formula:[]
2026-06-26 19:56:32,902 INFO utils.complier: analyse  formula:[{'type': 'VARIABLE', 'value': '{{ISU.AP_PERF_BSM_RD_CYCLES}}'}, {'type': 'VARIABLE', 'value': '{{ISU.AP_PERF_INST_BSM_RD}}'}, {'type': 'VARIABLE', 'value': '{{ISU.AP_PERF_INST_BSM_RD}}'}]
2026-06-26 19:56:32,902 INFO utils.complier: analyse  formula:[]
2026-06-26 19:56:32,903 INFO utils.complier: analyse  formula:[]
2026-06-26 19:56:32,903 INFO utils.complier: analyse  formula:[{'type': 'VARIABLE', 'value': '{{ISU.AP_PERF_BSM_WR_CYCLES}}'}, {'type': 'VARIABLE', 'value': '{{ISU.AP_PERF_INST_BSM_WR}}'}, {'type': 'VARIABLE', 'value': '{{ISU.AP_PERF_INST_BSM_WR}}'}]
2026-06-26 19:56:32,903 INFO utils.complier: analyse  formula:[]
2026-06-26 19:56:32,903 INFO utils.complier: analyse  formula:[]
2026-06-26 19:56:32,903 INFO utils.complier: analyse  formula:[{'type': 'VARIABLE', 'value': '{{ISU.AP_PERF_BSM_ATOMIC_CYCLES}}'}, {'type': 'VARIABLE', 'value': '{{ISU.AP_PERF_INST_BSM_ATOMIC}}'}, {'type': 'VARIABLE', 'value': '{{ISU.AP_PERF_INST_BSM_ATOMIC}}'}]
2026-06-26 19:56:32,903 INFO utils.complier: analyse  formula:[]
2026-06-26 19:56:32,903 INFO utils.complier: analyse  formula:[]
2026-06-26 19:56:32,904 INFO utils.complier: analyse  formula:[{'type': 'VARIABLE', 'value': '{{ISU.AP_PERF_BSM_CONFLICT_CYCLES}}'}, {'type': 'VARIABLE', 'value': '{{ISU.AP_PERF_INSTS_BSM}}'}, {'type': 'VARIABLE', 'value': '{{ISU.AP_PERF_INSTS_BSM}}'}]
2026-06-26 19:56:32,904 INFO utils.complier: analyse  formula:[]
2026-06-26 19:56:32,904 INFO utils.complier: analyse  formula:[]
2026-06-26 19:56:32,904 INFO utils.complier: analyse  formula:[{'type': 'VARIABLE', 'value': '{{ISU.AP_PERF_BSM_RD_CYCLES}}'}, {'type': 'VARIABLE', 'value': '{{ISU.AP_PERF_BSM_WR_CYCLES}}'}, {'type': 'VARIABLE', 'value': '{{ISU.AP_PERF_BSM_ATOMIC_CYCLES}}'}, {'type': 'VARIABLE', 'value': '{{ISU.AP_PERF_INSTS_BSM}}'}, {'type': 'VARIABLE', 'value': '{{ISU.AP_PERF_INSTS_BSM}}'}]
2026-06-26 19:56:32,904 INFO utils.complier: analyse  formula:[]
2026-06-26 19:56:32,904 INFO utils.complier: analyse  formula:[]
2026-06-26 19:56:32,905 INFO utils.complier: analyse  formula:[{'type': 'VARIABLE', 'value': '{{ISU.AP_PERF_BSM_RD_CYCLES}}'}, {'type': 'VARIABLE', 'value': '{{ISU.AP_PERF_BSM_WR_CYCLES}}'}, {'type': 'VARIABLE', 'value': '{{ISU.AP_PERF_BSM_ATOMIC_CYCLES}}'}, {'type': 'VARIABLE', 'value': '{{ISU.AP_PERF_BSM_CONFLICT_CYCLES}}'}]
2026-06-26 19:56:32,905 INFO utils.complier: analyse  formula:[]
2026-06-26 19:56:32,905 INFO utils.complier: analyse  formula:[]
2026-06-26 19:56:32,905 INFO utils.complier: analyse  formula:[{'type': 'VARIABLE', 'value': '{{ISU.AP_PERF_WAVES}}'}]
2026-06-26 19:56:32,905 INFO utils.complier: analyse  formula:[]
2026-06-26 19:56:32,906 INFO utils.complier: analyse  formula:[]
2026-06-26 19:56:32,906 INFO utils.complier: analyse  formula:[{'type': 'VARIABLE', 'value': '{{RM.RM_PERF_DISPATCHED_WAVES_P0}}'}, {'type': 'VARIABLE', 'value': '{{RM.RM_PERF_DISPATCHED_WAVES_P1}}'}, {'type': 'VARIABLE', 'value': '{{RM.RM_PERF_DISPATCHED_WAVES_P2}}'}, {'type': 'VARIABLE', 'value': '{{RM.RM_PERF_DISPATCHED_WAVES_P3}}'}]
2026-06-26 19:56:32,906 INFO utils.complier: analyse  formula:[]
2026-06-26 19:56:32,906 INFO utils.complier: analyse  formula:[]
2026-06-26 19:56:32,906 INFO utils.complier: analyse  formula:[{'type': 'VARIABLE', 'value': '{{ISU.AP_PERF_ISU_AP_BUSY}}'}]
2026-06-26 19:56:32,906 INFO utils.complier: analyse  formula:[]
2026-06-26 19:56:32,906 INFO utils.complier: analyse  formula:[]
2026-06-26 19:56:32,906 INFO utils.complier: analyse  formula:[{'type': 'VARIABLE', 'value': '{{ISU.AP_PERF_INST_TRANS_FP16}}'}, {'type': 'VARIABLE', 'value': '{{ISU.AP_PERF_INST_TRANS_FP32}}'}, {'type': 'VARIABLE', 'value': '{{ISU.AP_PERF_MTE_PI_SEG_SEL_F64}}'}, {'type': 'VARIABLE', 'value': '{{ISU.AP_PERF_INST_CYCLES_VALU_4CYCLES}}'}, {'type': 'VARIABLE', 'value': '{{ISU.AP_PERF_ISU_AP_BUSY}}'}]
2026-06-26 19:56:32,907 INFO utils.complier: analyse  formula:[]
2026-06-26 19:56:32,907 INFO utils.complier: analyse  formula:[]
2026-06-26 19:56:32,907 INFO utils.complier: analyse  formula:[{'type': 'VARIABLE', 'value': '{{ISU.AP_PERF_INSTS_SALU}}'}, {'type': 'VARIABLE', 'value': '{{ISU.AP_PERF_ISU_AP_BUSY}}'}]
2026-06-26 19:56:32,907 INFO utils.complier: analyse  formula:[]
2026-06-26 19:56:32,907 INFO utils.complier: analyse  formula:[]
2026-06-26 19:56:32,907 INFO utils.complier: analyse  formula:[{'type': 'VARIABLE', 'value': '{{ISU.AP_PERF_INST_CYCLES_MMA}}'}, {'type': 'VARIABLE', 'value': '{{ISU.AP_PERF_ISU_AP_BUSY}}'}]
2026-06-26 19:56:32,907 INFO utils.complier: analyse  formula:[]
2026-06-26 19:56:32,907 INFO utils.complier: analyse  formula:[]
2026-06-26 19:56:32,908 INFO utils.complier: analyse  formula:[{'type': 'VARIABLE', 'value': '{{VLS.PERFEVENT_VLS_ACTIVE}}'}, {'type': 'VARIABLE', 'value': '{{ISU.AP_PERF_ISU_AP_BUSY}}'}]
2026-06-26 19:56:32,908 INFO utils.complier: analyse  formula:[]
2026-06-26 19:56:32,908 INFO utils.complier: analyse  formula:[]
2026-06-26 19:56:32,908 INFO utils.complier: analyse  formula:[{'type': 'VARIABLE', 'value': '{{L2C.perf_req}}'}, {'type': 'VARIABLE', 'value': '{{L2C.1_b1}}'}]
2026-06-26 19:56:32,908 INFO utils.complier: analyse  formula:[]
2026-06-26 19:56:32,908 INFO utils.complier: analyse  formula:[]
2026-06-26 19:56:32,908 INFO utils.complier: analyse  formula:[{'type': 'VARIABLE', 'value': '{{ISU.AP_PERF_ISU_AP_BUSY}}'}]
2026-06-26 19:56:32,908 INFO utils.complier: analyse  formula:[{'type': 'PRE_VAR', 'value': '@total_instruction_num'}]
2026-06-26 19:56:32,908 INFO utils.complier: analyse  formula:[]
2026-06-26 19:56:32,909 INFO utils.complier: analyse  formula:[{'type': 'VARIABLE_DICT', 'value': '{{{ISU.AP_PERF_INSTS_VALU}}}'}, {'type': 'VARIABLE', 'value': '{{ISU.AP_PERF_ISU_AP_BUSY}}'}]
2026-06-26 19:56:32,909 INFO utils.complier: analyse  formula:[{'type': 'PRE_VAR', 'value': '@total_instruction_num'}]
2026-06-26 19:56:32,909 INFO utils.complier: analyse  formula:[]
2026-06-26 19:56:32,909 INFO utils.complier: analyse  formula:[{'type': 'VARIABLE_DICT', 'value': '{{{ISU.AP_PERF_INSTS_VALU}}}'}, {'type': 'VARIABLE', 'value': '{{ISU.AP_PERF_ISU_AP_BUSY}}'}]
2026-06-26 19:56:32,910 INFO utils.complier: analyse  formula:[{'type': 'PRE_VAR', 'value': '@total_instruction_num'}]
2026-06-26 19:56:32,910 INFO utils.complier: analyse  formula:[]
2026-06-26 19:56:32,910 INFO utils.complier: analyse  formula:[{'type': 'VARIABLE', 'value': '{{ISU.AP_PERF_INSTS_VALU}}'}, {'type': 'VARIABLE', 'value': '{{ISU.AP_PERF_INSTS_MMA}}'}, {'type': 'VARIABLE', 'value': '{{ISU.AP_PERF_INSTS_SALU}}'}, {'type': 'VARIABLE', 'value': '{{ISU.AP_PERF_INSTS_GVM}}'}, {'type': 'VARIABLE', 'value': '{{ISU.AP_PERF_INSTS_BSM}}'}, {'type': 'VARIABLE', 'value': '{{ISU.AP_PERF_INSTS_LDU}}'}, {'type': 'VARIABLE', 'value': '{{ISU.AP_PERF_INST_MISC}}'}, {'type': 'VARIABLE', 'value': '{{ISU.AP_PERF_ISU_AP_BUSY}}'}]
2026-06-26 19:56:32,910 INFO utils.complier: analyse  formula:[]
2026-06-26 19:56:32,911 INFO utils.complier: analyse  formula:[]
2026-06-26 19:56:32,911 INFO utils.complier: analyse  formula:[{'type': 'VARIABLE_DICT', 'value': '{{{ISU.AP_PERF_INSTS_VALU}}}'}, {'type': 'VARIABLE', 'value': '{{ISU.AP_PERF_INSTS_VALU}}'}, {'type': 'VARIABLE', 'value': '{{ISU.AP_PERF_INSTS_MMA}}'}, {'type': 'VARIABLE', 'value': '{{ISU.AP_PERF_INSTS_SALU}}'}, {'type': 'VARIABLE', 'value': '{{ISU.AP_PERF_INSTS_GVM}}'}, {'type': 'VARIABLE', 'value': '{{ISU.AP_PERF_INSTS_BSM}}'}, {'type': 'VARIABLE', 'value': '{{ISU.AP_PERF_INSTS_LDU}}'}, {'type': 'VARIABLE', 'value': '{{ISU.AP_PERF_INST_MISC}}'}, {'type': 'VARIABLE', 'value': '{{ISU.AP_PERF_ISU_AP_BUSY}}'}]
2026-06-26 19:56:32,911 INFO utils.complier: analyse  formula:[]
2026-06-26 19:56:32,912 INFO utils.complier: analyse  formula:[]
2026-06-26 19:56:32,914 INFO utils.complier: analyse  formula:[{'type': 'VARIABLE', 'value': '{{ISU.AP_PERF_INSTS_VALU}}'}, {'type': 'VARIABLE', 'value': '{{ISU.AP_PERF_INST_FMA_F32}}'}, {'type': 'VARIABLE', 'value': '{{ISU.AP_PERF_INST_FMA_F64}}'}, {'type': 'VARIABLE', 'value': '{{ISU.AP_PERF_INST_TRANS_FP16}}'}, {'type': 'VARIABLE', 'value': '{{ISU.AP_PERF_INST_TRANS_FP32}}'}, {'type': 'VARIABLE', 'value': '{{ISU.AP_PERF_MTE_PI_SEG_SEL_F64}}'}, {'type': 'VARIABLE', 'value': '{{ISU.AP_PERF_MTE_PI_SEG_SEL_F64}}'}, {'type': 'VARIABLE', 'value': '{{ISU.AP_PERF_INST_FMA_F32}}'}, {'type': 'VARIABLE', 'value': '{{ISU.AP_PERF_INST_FMA_F64}}'}, {'type': 'VARIABLE', 'value': '{{ISU.AP_PERF_INST_TRANS_FP16}}'}, {'type': 'VARIABLE', 'value': '{{ISU.AP_PERF_INST_TRANS_FP32}}'}, {'type': 'VARIABLE', 'value': '{{ISU.AP_PERF_INST_MMA_INT8}}'}, {'type': 'VARIABLE', 'value': '{{ISU.AP_PERF_INST_MMA_FP16}}'}, {'type': 'VARIABLE', 'value': '{{ISU.AP_PERF_INST_MMA_BF16}}'}, {'type': 'VARIABLE', 'value': '{{ISU.AP_PERF_INST_MMA_TF32}}'}, {'type': 'VARIABLE', 'value': '{{ISU.AP_PERF_INST_MMA_F32}}'}, {'type': 'VARIABLE', 'value': '{{ISU.AP_PERF_INST_MMA_F64}}'}, {'type': 'VARIABLE', 'value': '{{ISU.AP_PERF_INST_MMA_TF64}}'}, {'type': 'VARIABLE', 'value': '{{L2C.perf_dnoc_rdreq_32B}}'}, {'type': 'VARIABLE', 'value': '{{L2C.perf_dnoc_rdreq_64B}}'}, {'type': 'VARIABLE', 'value': '{{L2C.perf_dnoc_rdreq_128B}}'}, {'type': 'VARIABLE', 'value': '{{L2C.perf_dnoc_wrreq_32B_low}}'}, {'type': 'VARIABLE', 'value': '{{L2C.perf_dnoc_wrreq_32B_high}}'}, {'type': 'VARIABLE', 'value': '{{L2C.perf_dnoc_wrreq_64B}}'}, {'type': 'VARIABLE', 'value': '{{L2C.perf_dnoc_wrreq_128B}}'}, {'type': 'VARIABLE', 'value': '{{VL1.p_perf_thread_req_cnt}}'}, {'type': 'VARIABLE', 'value': '{{VL1.perf_inflt_rd_req}}'}, {'type': 'VARIABLE', 'value': '{{ISU.AP_PERF_ISU_AP_BUSY}}'}, {'type': 'VARIABLE_DICT', 'value': '{{{ISU.AP_PERF_ISU_AP_BUSY}}}'}]
2026-06-26 19:56:32,917 INFO utils.complier: analyse  formula:[]
2026-06-26 19:56:32,919 INFO utils.complier: analyse  formula:[]
2026-06-26 19:56:32,920 INFO utils.complier: analyse  formula:[{'type': 'VARIABLE', 'value': '{{ISU.AP_PERF_INSTS_VALU}}'}, {'type': 'VARIABLE', 'value': '{{ISU.AP_PERF_INSTS_MMA}}'}, {'type': 'VARIABLE', 'value': '{{ISU.AP_PERF_INSTS_SALU}}'}, {'type': 'VARIABLE', 'value': '{{ISU.AP_PERF_INST_MISC}}'}]
2026-06-26 19:56:32,920 INFO utils.complier: analyse  formula:[]
2026-06-26 19:56:32,920 INFO utils.complier: analyse  formula:[{'type': 'VARIABLE', 'value': '{{ISU.AP_PERF_INSTS_GVM}}'}, {'type': 'VARIABLE', 'value': '{{ISU.AP_PERF_INSTS_BSM}}'}, {'type': 'VARIABLE', 'value': '{{ISU.AP_PERF_INSTS_LDU}}'}]
2026-06-26 19:56:32,920 INFO utils.complier: analyse  formula:[]
2026-06-26 19:56:32,920 INFO utils.complier: analyse  formula:[{'type': 'VARIABLE', 'value': '{{ISU.AP_PERF_INST_GLOBAL_RD}}'}]
2026-06-26 19:56:32,920 INFO utils.complier: analyse  formula:[]
2026-06-26 19:56:32,920 INFO utils.complier: analyse  formula:[{'type': 'VARIABLE', 'value': '{{ISU.AP_PERF_INST_GLOBAL_WR}}'}]
2026-06-26 19:56:32,920 INFO utils.complier: analyse  formula:[]
2026-06-26 19:56:32,920 INFO utils.complier: analyse  formula:[{'type': 'VARIABLE', 'value': '{{ISU.AP_PERF_INST_PRIVATE_RD}}'}]
2026-06-26 19:56:32,920 INFO utils.complier: analyse  formula:[]
2026-06-26 19:56:32,920 INFO utils.complier: analyse  formula:[{'type': 'VARIABLE', 'value': '{{ISU.AP_PERF_INST_PRIVATE_WR}}'}]
2026-06-26 19:56:32,920 INFO utils.complier: analyse  formula:[]
2026-06-26 19:56:32,920 INFO utils.complier: analyse  formula:[{'type': 'VARIABLE', 'value': '{{ISU.AP_PERF_INST_GENERIC_RD}}'}]
2026-06-26 19:56:32,920 INFO utils.complier: analyse  formula:[]
2026-06-26 19:56:32,920 INFO utils.complier: analyse  formula:[{'type': 'VARIABLE', 'value': '{{ISU.AP_PERF_INST_GENERIC_WR}}'}]
2026-06-26 19:56:32,921 INFO utils.complier: analyse  formula:[]
2026-06-26 19:56:32,921 INFO utils.complier: analyse  formula:[{'type': 'VARIABLE', 'value': '{{ISU.AP_PERF_INSTS_LDU}}'}]
2026-06-26 19:56:32,921 INFO utils.complier: analyse  formula:[]
2026-06-26 19:56:32,921 INFO utils.complier: analyse  formula:[{'type': 'VARIABLE', 'value': '{{ISU.AP_PERF_INST_BSM_RD}}'}]
2026-06-26 19:56:32,921 INFO utils.complier: analyse  formula:[]
2026-06-26 19:56:32,921 INFO utils.complier: analyse  formula:[{'type': 'VARIABLE', 'value': '{{ISU.AP_PERF_INST_BSM_WR}}'}]
2026-06-26 19:56:32,921 INFO utils.complier: analyse  formula:[]
2026-06-26 19:56:32,921 INFO utils.complier: analyse  formula:[{'type': 'VARIABLE', 'value': '{{VL1.p_total_read_instruction_event}}'}]
2026-06-26 19:56:32,921 INFO utils.complier: analyse  formula:[]
2026-06-26 19:56:32,921 INFO utils.complier: analyse  formula:[{'type': 'VARIABLE', 'value': '{{VL1.p_total_write_instruction_event}}'}]
2026-06-26 19:56:32,921 INFO utils.complier: analyse  formula:[]
2026-06-26 19:56:32,921 INFO utils.complier: analyse  formula:[{'type': 'VARIABLE', 'value': '{{VL1.p_perf_thread_req_cnt}}'}, {'type': 'VARIABLE', 'value': '{{VL1.p_perf_miss_cnt}}'}, {'type': 'VARIABLE', 'value': '{{VL1.p_perf_thread_req_cnt}}'}]
2026-06-26 19:56:32,921 INFO utils.complier: analyse  formula:[]
2026-06-26 19:56:32,922 INFO utils.complier: analyse  formula:[{'type': 'VARIABLE', 'value': '{{L2C.perf_rd_req}}'}]
2026-06-26 19:56:32,922 INFO utils.complier: analyse  formula:[]
2026-06-26 19:56:32,922 INFO utils.complier: analyse  formula:[{'type': 'VARIABLE', 'value': '{{L2C.perf_wr_req}}'}]
2026-06-26 19:56:32,922 INFO utils.complier: analyse  formula:[]
2026-06-26 19:56:32,922 INFO utils.complier: analyse  formula:[{'type': 'VARIABLE', 'value': '{{L2C.perf_hit}}'}, {'type': 'VARIABLE', 'value': '{{L2C.perf_sector_hit}}'}, {'type': 'VARIABLE', 'value': '{{L2C.perf_miss}}'}]
2026-06-26 19:56:32,922 INFO utils.complier: analyse  formula:[]
2026-06-26 19:56:32,922 INFO utils.complier: analyse  formula:[{'type': 'VARIABLE', 'value': '{{SL1.sl1_kcache_total_hit_event}}'}, {'type': 'VARIABLE', 'value': '{{SL1.sl1_kcache_total_hit_on_miss_event}}'}, {'type': 'VARIABLE', 'value': '{{SL1.sl1_kcache_total_miss_event}}'}]
2026-06-26 19:56:32,922 INFO utils.complier: analyse  formula:[]
2026-06-26 19:56:32,922 INFO utils.complier: analyse  formula:[{'type': 'VARIABLE', 'value': '{{SL1.sl1_kcache_rd}}'}]
2026-06-26 19:56:32,922 INFO utils.complier: analyse  formula:[]
2026-06-26 19:56:32,922 INFO utils.complier: analyse  formula:[{'type': 'VARIABLE', 'value': '{{SL1.sl1_kcache_l2_rd}}'}]
2026-06-26 19:56:32,923 INFO utils.complier: analyse  formula:[]
2026-06-26 19:56:32,923 INFO utils.complier: analyse  formula:[{'type': 'VARIABLE', 'value': '{{ISU.AP_PERF_INSTS_VALU}}'}, {'type': 'VARIABLE', 'value': '{{ISU.AP_PERF_INSTS_MMA}}'}, {'type': 'VARIABLE', 'value': '{{ISU.AP_PERF_INSTS_SALU}}'}, {'type': 'VARIABLE', 'value': '{{ISU.AP_PERF_INSTS_GVM}}'}, {'type': 'VARIABLE', 'value': '{{ISU.AP_PERF_INSTS_BSM}}'}, {'type': 'VARIABLE', 'value': '{{ISU.AP_PERF_INSTS_LDU}}'}, {'type': 'VARIABLE', 'value': '{{ISU.AP_PERF_INST_MISC}}'}]
2026-06-26 19:56:32,923 INFO utils.complier: analyse  formula:[]
2026-06-26 19:56:32,923 INFO common.api_common: f_var:ISU.AP_PERF_INSTS_GVM_ATOMIC
2026-06-26 19:56:32,923 INFO common.api_common: f_var:VL1.perf_inflt_rd_req
2026-06-26 19:56:32,923 INFO common.api_common: f_var:ISU.AP_PERF_INST_MMA_F32
2026-06-26 19:56:32,923 INFO common.api_common: f_var:L2C.perf_dnoc_wrreq
2026-06-26 19:56:32,923 INFO common.api_common: f_var:ISU.AP_PERF_ISU_AP_BUSY
2026-06-26 19:56:32,923 INFO common.api_common: f_var:ISU.AP_PERF_INST_CYCLES_MMA_16CYCLES
2026-06-26 19:56:32,923 INFO common.api_common: f_var:ISU.AP_PERF_INST_GLOBAL_WR
2026-06-26 19:56:32,923 INFO common.api_common: f_var:ISU.AP_PERF_WAVES
2026-06-26 19:56:32,923 INFO common.api_common: f_var:RM.RM_PERF_DISPATCHED_WAVES_P2
2026-06-26 19:56:32,923 INFO common.api_common: f_var:ISU.AP_PERF_INST_TRANS_FP16
2026-06-26 19:56:32,923 INFO common.api_common: f_var:RM.RM_PERF_DISPATCHED_WAVES_P0
2026-06-26 19:56:32,923 INFO common.api_common: f_var:ISU.AP_PERF_INST_GLOBAL_ATOMIC
2026-06-26 19:56:32,923 INFO common.api_common: f_var:ISU.AP_PERF_BSM_READ_INFLIGHT_LEVEL
2026-06-26 19:56:32,923 INFO common.api_common: f_var:L2C.perf_sector_hit
2026-06-26 19:56:32,923 INFO common.api_common: f_var:ISU.AP_PERF_INST_MISC
2026-06-26 19:56:32,923 INFO common.api_common: f_var:ISU.AP_PERF_INSTS_BSM
2026-06-26 19:56:32,923 INFO common.api_common: f_var:SL1.sl1_kcache_rd
2026-06-26 19:56:32,923 INFO common.api_common: f_var:RM.RM_PERF_DISPATCHED_WAVES_P1
2026-06-26 19:56:32,923 INFO common.api_common: f_var:L2C.1_b1
2026-06-26 19:56:32,923 INFO common.api_common: f_var:L2C.perf_dnoc_wrreq_32B_low
2026-06-26 19:56:32,923 INFO common.api_common: f_var:ISU.AP_PERF_INST_MMA_FP16
2026-06-26 19:56:32,923 INFO common.api_common: f_var:ISU.AP_PERF_INST_PRIVATE_RD
2026-06-26 19:56:32,923 INFO common.api_common: f_var:ISU.AP_PERF_INST_GLOBAL_RD
2026-06-26 19:56:32,923 INFO common.api_common: f_var:L2C.perf_dnoc_rd_histogram_0_255
2026-06-26 19:56:32,923 INFO common.api_common: f_var:L2C.perf_dnoc_rd_histogram_2K_INF
2026-06-26 19:56:32,923 INFO common.api_common: f_var:ISU.AP_PERF_INST_CYCLES_MMA
2026-06-26 19:56:32,923 INFO common.api_common: f_var:ISU.AP_PERF_ISU_ARB_DATA_STALL
2026-06-26 19:56:32,923 INFO common.api_common: f_var:VL1.p_total_write_instruction_event
2026-06-26 19:56:32,923 INFO common.api_common: f_var:ISU.AP_PERF_BSM_WR_CYCLES
2026-06-26 19:56:32,923 INFO common.api_common: f_var:ISU.AP_PERF_INST_CYCLES_VALU
2026-06-26 19:56:32,924 INFO common.api_common: f_var:SL1.sl1_kcache_l2_rd
2026-06-26 19:56:32,924 INFO common.api_common: f_var:ISU.AP_PERF_MTE_PI_SEG_SEL_F64
2026-06-26 19:56:32,924 INFO common.api_common: f_var:ISU.AP_PERF_BSM_WR_INFLIGHT_LEVEL
2026-06-26 19:56:32,924 INFO common.api_common: f_var:ISU.AP_PERF_INSTS_VALU
2026-06-26 19:56:32,924 INFO common.api_common: f_var:ISU.AP_PERF_INST_GENERIC_RD
2026-06-26 19:56:32,924 INFO common.api_common: f_var:ISU.AP_PERF_BSM_CONFLICT_CYCLES
2026-06-26 19:56:32,924 INFO common.api_common: f_var:VL1.p_total_atomic_instruction_event
2026-06-26 19:56:32,924 INFO common.api_common: f_var:ISU.AP_PERF_INST_CYCLES_MMA_32CYCLES
2026-06-26 19:56:32,924 INFO common.api_common: f_var:VLS.PERFEVENT_VLS_ACTIVE
2026-06-26 19:56:32,924 INFO common.api_common: f_var:L2C.perf_dnoc_rdreq_inflight_level
2026-06-26 19:56:32,924 INFO common.api_common: f_var:ISU.AP_PERF_INST_CYCLES_VALU_16CYCLES
2026-06-26 19:56:32,924 INFO common.api_common: f_var:ISU.AP_PERF_ISU_ARB_WSM_STALL
2026-06-26 19:56:32,924 INFO common.api_common: f_var:ISU.AP_PERF_BSM_INFLIGHT_LEVEL
2026-06-26 19:56:32,924 INFO common.api_common: f_var:VL1.p_perf_thread_req_cnt
2026-06-26 19:56:32,924 INFO common.api_common: f_var:ISU.AP_PERF_INST_MMA_BF16
2026-06-26 19:56:32,924 INFO common.api_common: f_var:ISU.AP_PERF_INST_MMA_TF64
2026-06-26 19:56:32,924 INFO common.api_common: f_var:VL1.p_perf_miss_cnt
2026-06-26 19:56:32,924 INFO common.api_common: f_var:SL1.sl1_kcache_total_hit_event
2026-06-26 19:56:32,924 INFO common.api_common: f_var:ISU.AP_PERF_BSM_ATOMIC_CYCLES
2026-06-26 19:56:32,924 INFO common.api_common: f_var:ISU.AP_PERF_INSTS_MMA
2026-06-26 19:56:32,924 INFO common.api_common: f_var:ISU.AP_PERF_INST_MMA_TF32
2026-06-26 19:56:32,924 INFO common.api_common: f_var:L2C.perf_hit
2026-06-26 19:56:32,924 INFO common.api_common: f_var:L2C.perf_dnoc_wrreq_128B
2026-06-26 19:56:32,924 INFO common.api_common: f_var:SL1.sl1_kcache_total_miss_event
2026-06-26 19:56:32,924 INFO common.api_common: f_var:RM.RM_PERF_DISPATCHED_WAVES_P3
2026-06-26 19:56:32,924 INFO common.api_common: f_var:VL1.p_stall_due_oldest_pt1
2026-06-26 19:56:32,924 INFO common.api_common: f_var:ISU.AP_PERF_INST_MMA_INT8
2026-06-26 19:56:32,924 INFO common.api_common: f_var:ISU.AP_PERF_BSM_INFLIGHT_LEVEL_IN_AP
2026-06-26 19:56:32,924 INFO common.api_common: f_var:ISU.AP_PERF_INST_FMA_F64
2026-06-26 19:56:32,924 INFO common.api_common: f_var:VL1.p_total_read_instruction_event
2026-06-26 19:56:32,924 INFO common.api_common: f_var:ISU.AP_PERF_INST_BSM_WR
2026-06-26 19:56:32,924 INFO common.api_common: f_var:RM.RM_PERF_WAVES_InFlight_Level_P0
2026-06-26 19:56:32,924 INFO common.api_common: f_var:ISU.AP_PERF_INST_FMA_F32
2026-06-26 19:56:32,924 INFO common.api_common: f_var:L2C.perf_dnoc_rdreq_64B
2026-06-26 19:56:32,924 INFO common.api_common: f_var:SL1.sl1_kcache_total_hit_on_miss_event
2026-06-26 19:56:32,924 INFO common.api_common: f_var:ISU.AP_PERF_BSM_RD_CYCLES
2026-06-26 19:56:32,924 INFO common.api_common: f_var:L2C.perf_rd_req
2026-06-26 19:56:32,924 INFO common.api_common: f_var:ISU.AP_PERF_INST_MMA_F64
2026-06-26 19:56:32,924 INFO common.api_common: f_var:RM.RM_PERF_WAVES_InFlight_Level_P1
2026-06-26 19:56:32,924 INFO common.api_common: f_var:RM.RM_PERF_WAVES_InFlight_Level_P3
2026-06-26 19:56:32,924 INFO common.api_common: f_var:ISU.AP_PERF_INSTS_SALU
2026-06-26 19:56:32,924 INFO common.api_common: f_var:ISU.AP_PERF_INST_BSM_RD
2026-06-26 19:56:32,924 INFO common.api_common: f_var:ISU.AP_PERF_INST_TRANS_FP32
2026-06-26 19:56:32,924 INFO common.api_common: f_var:L2C.perf_dnoc_rdreq_128B
2026-06-26 19:56:32,924 INFO common.api_common: f_var:VL1.p_stall_due_oldest_pt2
2026-06-26 19:56:32,924 INFO common.api_common: f_var:L2C.perf_wr_req
2026-06-26 19:56:32,924 INFO common.api_common: f_var:ISU.AP_PERF_BSM_ATOMIC_INFLIGHT_LEVEL
2026-06-26 19:56:32,924 INFO common.api_common: f_var:L2C.perf_atomic_req
2026-06-26 19:56:32,924 INFO common.api_common: f_var:VL1.p_stall_due_oldest_pt0
2026-06-26 19:56:32,924 INFO common.api_common: f_var:ISU.AP_PERF_ISU_ARB_VALU_STALL
2026-06-26 19:56:32,924 INFO common.api_common: f_var:CE.CE_PERF_SEND_RM_WORKGROUPS
2026-06-26 19:56:32,924 INFO common.api_common: f_var:L2C.perf_dnoc_rdreq_32B
2026-06-26 19:56:32,924 INFO common.api_common: f_var:ISU.AP_PERF_ISU_ARB_VLS_STALL
2026-06-26 19:56:32,924 INFO common.api_common: f_var:L2C.perf_dnoc_wrreq_64B
2026-06-26 19:56:32,924 INFO common.api_common: f_var:L2C.perf_dnoc_rd_histogram_1K_2K
2026-06-26 19:56:32,924 INFO common.api_common: f_var:CE.CE_PERF_SEND_RM_WAVES
2026-06-26 19:56:32,925 INFO common.api_common: f_var:L2C.perf_miss
2026-06-26 19:56:32,925 INFO common.api_common: f_var:VL1.p_stall_due_oldest_pt3
2026-06-26 19:56:32,925 INFO common.api_common: f_var:ISU.AP_PERF_INST_PRIVATE_WR
2026-06-26 19:56:32,925 INFO common.api_common: f_var:ISU.AP_PERF_INSTS_GVM
2026-06-26 19:56:32,925 INFO common.api_common: f_var:ISU.AP_PERF_INSTS_LDU
2026-06-26 19:56:32,925 INFO common.api_common: f_var:L2C.perf_dnoc_rd_histogram_512_1K
2026-06-26 19:56:32,925 INFO common.api_common: f_var:RM.RM_PERF_WAVES_InFlight_Level_P2
2026-06-26 19:56:32,925 INFO common.api_common: f_var:ISU.AP_PERF_INST_GENERIC_WR
2026-06-26 19:56:32,925 INFO common.api_common: f_var:ISU.AP_PERF_INST_CYCLES_VALU_4CYCLES
2026-06-26 19:56:32,925 INFO common.api_common: f_var:L2C.perf_req
2026-06-26 19:56:32,925 INFO common.api_common: f_var:CE.CE_PERF_BUSY_CYCLES
2026-06-26 19:56:32,925 INFO common.api_common: f_var:L2C.perf_dnoc_rd_histogram_256_511
2026-06-26 19:56:32,925 INFO common.api_common: f_var:L2C.perf_dnoc_wrreq_32B_high
2026-06-26 19:56:32,925 INFO common.api_common: f_var:ISU.AP_PERF_INST_BSM_ATOMIC
2026-06-26 19:56:32,925 INFO common.api_common: f_var:L2C.perf_dnoc_rdreq
2026-06-26 19:56:32,925 INFO common.api_common: f_var:ISU.AP_PERF_INST_GLOBAL_ATOMIC_64
2026-06-26 19:56:32,926 INFO tools.events_generator.batches_generator: output path is: /home/ailab/maca-vendor-workspace/maca_c_opt/workspace/sinkhorn_run/profile-artifacts/sinkhorn_v0_baseline/mcprofiler_raw_baseline
2026-06-26 19:56:32,926 INFO tools.events_generator.batches_generator: generate event_batch_1.json successfully!
2026-06-26 19:56:32,926 INFO tools.events_generator.batches_generator: generate event_batch_2.json successfully!
2026-06-26 19:56:32,927 INFO tools.events_generator.batches_generator: generate event_batch_3.json successfully!
2026-06-26 19:56:32,927 INFO tools.events_generator.batches_generator: generate event_batch_4.json successfully!
2026-06-26 19:56:32,927 INFO tools.events_generator.batches_generator: generate event_batch_5.json successfully!
2026-06-26 19:56:32,927 INFO tools.events_generator.batches_generator: generate event_batch_6.json successfully!
2026-06-26 19:56:32,927 INFO tools.events_generator.batches_generator: generate event_batch_7.json successfully!
2026-06-26 19:56:32,927 INFO tools.events_generator.batches_generator: generate event_batch_8.json successfully!
2026-06-26 19:56:32,927 INFO phttp.server_backend: generate batch files done
2026-06-26 19:56:32,927 INFO common.api_common: ret_code cmdline_str: rm -f /root/mcRpcPort.ini
2026-06-26 19:56:32,933 INFO common.api_common: ret_code cmdline_str: cp /home/ailab/maca-vendor-workspace/maca_c_opt/workspace/sinkhorn_run/profile-artifacts/sinkhorn_v0_baseline/mcprofiler_raw_baseline/event_batch_1.json /home/ailab/maca-vendor-workspace/maca_c_opt/workspace/sinkhorn_run/profile-artifacts/sinkhorn_v0_baseline/mcprofiler_raw_baseline/mcProfiler.json
2026-06-26 19:56:32,938 INFO common.api_common: ret_code cmdline_str: export MCTX_TARGET_INIT=true; export MACA_ETC_PATH=/home/ailab/maca-vendor-workspace/maca_c_opt/workspace/sinkhorn_run/profile-artifacts/sinkhorn_v0_baseline/mcprofiler_raw_baseline; export MXLOG_LEVEL=info; export MACA_PATH=/opt/maca/; export LD_LIBRARY_PATH=/opt/maca/lib/:${LD_LIBRARY_PATH}; ./test_maca 5 50 2
2026-06-26 19:56:32,938 INFO common.api_common: ret_code cmdline_str: cat /root/mcRpcPort.ini
2026-06-26 19:56:32,945 WARNING phttp.server_backend: get_srvrpc_port get rpc server ports failed: cannot retrieve rpc server port.
2026-06-26 19:56:33,145 INFO common.api_common: ret_code cmdline_str: cat /root/mcRpcPort.ini
2026-06-26 19:56:33,561 INFO common.api_common: ret_code cmdline_str: cat /root/mcRpcPort.ini
2026-06-26 19:56:33,562 INFO prpc_client.mctool_client: MctxStreamProfilerCountDataGet Start
2026-06-26 19:56:33,564 INFO prpc_client.mctool_client: MctxStreamProfilerCountDataGet Loop
2026-06-26 19:56:34,368 INFO common.api_common: ret_code cmdline_str: cat /root/mcRpcPort.ini
2026-06-26 19:56:35,976 INFO common.api_common: ret_code cmdline_str: cat /root/mcRpcPort.ini
2026-06-26 19:56:36,102 INFO prpc_client.mctool_client: MctxStreamProfilerCountDataGet Loop
2026-06-26 19:56:37,773 DEBUG urllib3.connectionpool: Starting new HTTP connection (1): 127.0.0.1:50123
2026-06-26 19:56:37,778 INFO werkzeug: 127.0.0.1 - - [26/Jun/2026 19:56:37] "GET /perf_progress?exec_id=2d083640-8a16-4cbd-b2eb-be5015f7b26c HTTP/1.1" 200 -
2026-06-26 19:56:37,778 DEBUG urllib3.connectionpool: http://127.0.0.1:50123 "GET /perf_progress?exec_id=2d083640-8a16-4cbd-b2eb-be5015f7b26c HTTP/1.1" 200 2486
2026-06-26 19:56:39,186 INFO common.api_common: ret_code cmdline_str: rm -f /root/mcRpcPort.ini
2026-06-26 19:56:39,191 INFO common.api_common: ret_code cmdline_str: cp /home/ailab/maca-vendor-workspace/maca_c_opt/workspace/sinkhorn_run/profile-artifacts/sinkhorn_v0_baseline/mcprofiler_raw_baseline/event_batch_2.json /home/ailab/maca-vendor-workspace/maca_c_opt/workspace/sinkhorn_run/profile-artifacts/sinkhorn_v0_baseline/mcprofiler_raw_baseline/mcProfiler.json
2026-06-26 19:56:39,293 INFO common.api_common: ret_code cmdline_str: export MCTX_TARGET_INIT=true; export MACA_ETC_PATH=/home/ailab/maca-vendor-workspace/maca_c_opt/workspace/sinkhorn_run/profile-artifacts/sinkhorn_v0_baseline/mcprofiler_raw_baseline; export MXLOG_LEVEL=info; export MACA_PATH=/opt/maca/; export LD_LIBRARY_PATH=/opt/maca/lib/:${LD_LIBRARY_PATH}; ./test_maca 5 50 2
2026-06-26 19:56:39,293 INFO common.api_common: ret_code cmdline_str: cat /root/mcRpcPort.ini
2026-06-26 19:56:39,300 WARNING phttp.server_backend: get_srvrpc_port get rpc server ports failed: cannot retrieve rpc server port.
2026-06-26 19:56:39,501 INFO common.api_common: ret_code cmdline_str: cat /root/mcRpcPort.ini
2026-06-26 19:56:39,910 INFO common.api_common: ret_code cmdline_str: cat /root/mcRpcPort.ini
2026-06-26 19:56:39,911 INFO prpc_client.mctool_client: MctxStreamProfilerCountDataGet Start
2026-06-26 19:56:39,913 INFO prpc_client.mctool_client: MctxStreamProfilerCountDataGet Loop
2026-06-26 19:56:40,717 INFO common.api_common: ret_code cmdline_str: cat /root/mcRpcPort.ini
2026-06-26 19:56:42,325 INFO common.api_common: ret_code cmdline_str: cat /root/mcRpcPort.ini
2026-06-26 19:56:42,451 INFO prpc_client.mctool_client: MctxStreamProfilerCountDataGet Loop
2026-06-26 19:56:42,785 DEBUG urllib3.connectionpool: Starting new HTTP connection (1): 127.0.0.1:50123
2026-06-26 19:56:42,790 INFO werkzeug: 127.0.0.1 - - [26/Jun/2026 19:56:42] "GET /perf_progress?exec_id=2d083640-8a16-4cbd-b2eb-be5015f7b26c HTTP/1.1" 200 -
2026-06-26 19:56:42,790 DEBUG urllib3.connectionpool: http://127.0.0.1:50123 "GET /perf_progress?exec_id=2d083640-8a16-4cbd-b2eb-be5015f7b26c HTTP/1.1" 200 2486
2026-06-26 19:56:45,537 INFO common.api_common: ret_code cmdline_str: rm -f /root/mcRpcPort.ini
2026-06-26 19:56:45,544 INFO common.api_common: ret_code cmdline_str: cp /home/ailab/maca-vendor-workspace/maca_c_opt/workspace/sinkhorn_run/profile-artifacts/sinkhorn_v0_baseline/mcprofiler_raw_baseline/event_batch_3.json /home/ailab/maca-vendor-workspace/maca_c_opt/workspace/sinkhorn_run/profile-artifacts/sinkhorn_v0_baseline/mcprofiler_raw_baseline/mcProfiler.json
2026-06-26 19:56:45,550 INFO common.api_common: ret_code cmdline_str: export MCTX_TARGET_INIT=true; export MACA_ETC_PATH=/home/ailab/maca-vendor-workspace/maca_c_opt/workspace/sinkhorn_run/profile-artifacts/sinkhorn_v0_baseline/mcprofiler_raw_baseline; export MXLOG_LEVEL=info; export MACA_PATH=/opt/maca/; export LD_LIBRARY_PATH=/opt/maca/lib/:${LD_LIBRARY_PATH}; ./test_maca 5 50 2
2026-06-26 19:56:45,550 INFO common.api_common: ret_code cmdline_str: cat /root/mcRpcPort.ini
2026-06-26 19:56:45,557 WARNING phttp.server_backend: get_srvrpc_port get rpc server ports failed: cannot retrieve rpc server port.
2026-06-26 19:56:45,758 INFO common.api_common: ret_code cmdline_str: cat /root/mcRpcPort.ini
2026-06-26 19:56:46,167 INFO common.api_common: ret_code cmdline_str: cat /root/mcRpcPort.ini
2026-06-26 19:56:46,167 INFO prpc_client.mctool_client: MctxStreamProfilerCountDataGet Start
2026-06-26 19:56:46,170 INFO prpc_client.mctool_client: MctxStreamProfilerCountDataGet Loop
2026-06-26 19:56:46,974 INFO common.api_common: ret_code cmdline_str: cat /root/mcRpcPort.ini
2026-06-26 19:56:47,798 DEBUG urllib3.connectionpool: Starting new HTTP connection (1): 127.0.0.1:50123
2026-06-26 19:56:47,803 INFO werkzeug: 127.0.0.1 - - [26/Jun/2026 19:56:47] "GET /perf_progress?exec_id=2d083640-8a16-4cbd-b2eb-be5015f7b26c HTTP/1.1" 200 -
2026-06-26 19:56:47,804 DEBUG urllib3.connectionpool: http://127.0.0.1:50123 "GET /perf_progress?exec_id=2d083640-8a16-4cbd-b2eb-be5015f7b26c HTTP/1.1" 200 9925
2026-06-26 19:56:48,582 INFO common.api_common: ret_code cmdline_str: cat /root/mcRpcPort.ini
2026-06-26 19:56:48,708 INFO prpc_client.mctool_client: MctxStreamProfilerCountDataGet Loop
2026-06-26 19:56:51,794 INFO common.api_common: ret_code cmdline_str: rm -f /root/mcRpcPort.ini
2026-06-26 19:56:51,800 INFO common.api_common: ret_code cmdline_str: cp /home/ailab/maca-vendor-workspace/maca_c_opt/workspace/sinkhorn_run/profile-artifacts/sinkhorn_v0_baseline/mcprofiler_raw_baseline/event_batch_4.json /home/ailab/maca-vendor-workspace/maca_c_opt/workspace/sinkhorn_run/profile-artifacts/sinkhorn_v0_baseline/mcprofiler_raw_baseline/mcProfiler.json
2026-06-26 19:56:51,805 INFO common.api_common: ret_code cmdline_str: export MCTX_TARGET_INIT=true; export MACA_ETC_PATH=/home/ailab/maca-vendor-workspace/maca_c_opt/workspace/sinkhorn_run/profile-artifacts/sinkhorn_v0_baseline/mcprofiler_raw_baseline; export MXLOG_LEVEL=info; export MACA_PATH=/opt/maca/; export LD_LIBRARY_PATH=/opt/maca/lib/:${LD_LIBRARY_PATH}; ./test_maca 5 50 2
2026-06-26 19:56:51,806 INFO common.api_common: ret_code cmdline_str: cat /root/mcRpcPort.ini
2026-06-26 19:56:51,811 WARNING phttp.server_backend: get_srvrpc_port get rpc server ports failed: cannot retrieve rpc server port.
2026-06-26 19:56:52,011 INFO common.api_common: ret_code cmdline_str: cat /root/mcRpcPort.ini
2026-06-26 19:56:52,420 INFO common.api_common: ret_code cmdline_str: cat /root/mcRpcPort.ini
2026-06-26 19:56:52,421 INFO prpc_client.mctool_client: MctxStreamProfilerCountDataGet Start
2026-06-26 19:56:52,424 INFO prpc_client.mctool_client: MctxStreamProfilerCountDataGet Loop
2026-06-26 19:56:52,811 DEBUG urllib3.connectionpool: Starting new HTTP connection (1): 127.0.0.1:50123
2026-06-26 19:56:52,816 INFO werkzeug: 127.0.0.1 - - [26/Jun/2026 19:56:52] "GET /perf_progress?exec_id=2d083640-8a16-4cbd-b2eb-be5015f7b26c HTTP/1.1" 200 -
2026-06-26 19:56:52,817 DEBUG urllib3.connectionpool: http://127.0.0.1:50123 "GET /perf_progress?exec_id=2d083640-8a16-4cbd-b2eb-be5015f7b26c HTTP/1.1" 200 9925
2026-06-26 19:56:53,228 INFO common.api_common: ret_code cmdline_str: cat /root/mcRpcPort.ini
2026-06-26 19:56:54,835 INFO common.api_common: ret_code cmdline_str: cat /root/mcRpcPort.ini
2026-06-26 19:56:54,963 INFO prpc_client.mctool_client: MctxStreamProfilerCountDataGet Loop
2026-06-26 19:56:57,824 DEBUG urllib3.connectionpool: Starting new HTTP connection (1): 127.0.0.1:50123
2026-06-26 19:56:57,829 INFO werkzeug: 127.0.0.1 - - [26/Jun/2026 19:56:57] "GET /perf_progress?exec_id=2d083640-8a16-4cbd-b2eb-be5015f7b26c HTTP/1.1" 200 -
2026-06-26 19:56:57,830 DEBUG urllib3.connectionpool: http://127.0.0.1:50123 "GET /perf_progress?exec_id=2d083640-8a16-4cbd-b2eb-be5015f7b26c HTTP/1.1" 200 9925
2026-06-26 19:56:58,045 INFO common.api_common: ret_code cmdline_str: rm -f /root/mcRpcPort.ini
2026-06-26 19:56:58,051 INFO common.api_common: ret_code cmdline_str: cp /home/ailab/maca-vendor-workspace/maca_c_opt/workspace/sinkhorn_run/profile-artifacts/sinkhorn_v0_baseline/mcprofiler_raw_baseline/event_batch_5.json /home/ailab/maca-vendor-workspace/maca_c_opt/workspace/sinkhorn_run/profile-artifacts/sinkhorn_v0_baseline/mcprofiler_raw_baseline/mcProfiler.json
2026-06-26 19:56:58,057 INFO common.api_common: ret_code cmdline_str: export MCTX_TARGET_INIT=true; export MACA_ETC_PATH=/home/ailab/maca-vendor-workspace/maca_c_opt/workspace/sinkhorn_run/profile-artifacts/sinkhorn_v0_baseline/mcprofiler_raw_baseline; export MXLOG_LEVEL=info; export MACA_PATH=/opt/maca/; export LD_LIBRARY_PATH=/opt/maca/lib/:${LD_LIBRARY_PATH}; ./test_maca 5 50 2
2026-06-26 19:56:58,057 INFO common.api_common: ret_code cmdline_str: cat /root/mcRpcPort.ini
2026-06-26 19:56:58,064 WARNING phttp.server_backend: get_srvrpc_port get rpc server ports failed: cannot retrieve rpc server port.
2026-06-26 19:56:58,265 INFO common.api_common: ret_code cmdline_str: cat /root/mcRpcPort.ini
2026-06-26 19:56:58,674 INFO common.api_common: ret_code cmdline_str: cat /root/mcRpcPort.ini
2026-06-26 19:56:58,675 INFO prpc_client.mctool_client: MctxStreamProfilerCountDataGet Start
2026-06-26 19:56:58,677 INFO prpc_client.mctool_client: MctxStreamProfilerCountDataGet Loop
2026-06-26 19:56:59,481 INFO common.api_common: ret_code cmdline_str: cat /root/mcRpcPort.ini
2026-06-26 19:57:01,089 INFO common.api_common: ret_code cmdline_str: cat /root/mcRpcPort.ini
2026-06-26 19:57:01,215 INFO prpc_client.mctool_client: MctxStreamProfilerCountDataGet Loop
2026-06-26 19:57:02,837 DEBUG urllib3.connectionpool: Starting new HTTP connection (1): 127.0.0.1:50123
2026-06-26 19:57:02,842 INFO werkzeug: 127.0.0.1 - - [26/Jun/2026 19:57:02] "GET /perf_progress?exec_id=2d083640-8a16-4cbd-b2eb-be5015f7b26c HTTP/1.1" 200 -
2026-06-26 19:57:02,842 DEBUG urllib3.connectionpool: http://127.0.0.1:50123 "GET /perf_progress?exec_id=2d083640-8a16-4cbd-b2eb-be5015f7b26c HTTP/1.1" 200 9925
2026-06-26 19:57:04,301 INFO common.api_common: ret_code cmdline_str: rm -f /root/mcRpcPort.ini
2026-06-26 19:57:04,307 INFO common.api_common: ret_code cmdline_str: cp /home/ailab/maca-vendor-workspace/maca_c_opt/workspace/sinkhorn_run/profile-artifacts/sinkhorn_v0_baseline/mcprofiler_raw_baseline/event_batch_6.json /home/ailab/maca-vendor-workspace/maca_c_opt/workspace/sinkhorn_run/profile-artifacts/sinkhorn_v0_baseline/mcprofiler_raw_baseline/mcProfiler.json
2026-06-26 19:57:04,313 INFO common.api_common: ret_code cmdline_str: export MCTX_TARGET_INIT=true; export MACA_ETC_PATH=/home/ailab/maca-vendor-workspace/maca_c_opt/workspace/sinkhorn_run/profile-artifacts/sinkhorn_v0_baseline/mcprofiler_raw_baseline; export MXLOG_LEVEL=info; export MACA_PATH=/opt/maca/; export LD_LIBRARY_PATH=/opt/maca/lib/:${LD_LIBRARY_PATH}; ./test_maca 5 50 2
2026-06-26 19:57:04,313 INFO common.api_common: ret_code cmdline_str: cat /root/mcRpcPort.ini
2026-06-26 19:57:04,320 WARNING phttp.server_backend: get_srvrpc_port get rpc server ports failed: cannot retrieve rpc server port.
2026-06-26 19:57:04,520 INFO common.api_common: ret_code cmdline_str: cat /root/mcRpcPort.ini
2026-06-26 19:57:04,929 INFO common.api_common: ret_code cmdline_str: cat /root/mcRpcPort.ini
2026-06-26 19:57:04,929 INFO prpc_client.mctool_client: MctxStreamProfilerCountDataGet Start
2026-06-26 19:57:04,932 INFO prpc_client.mctool_client: MctxStreamProfilerCountDataGet Loop
2026-06-26 19:57:05,736 INFO common.api_common: ret_code cmdline_str: cat /root/mcRpcPort.ini
2026-06-26 19:57:07,344 INFO common.api_common: ret_code cmdline_str: cat /root/mcRpcPort.ini
2026-06-26 19:57:07,471 INFO prpc_client.mctool_client: MctxStreamProfilerCountDataGet Loop
2026-06-26 19:57:07,849 DEBUG urllib3.connectionpool: Starting new HTTP connection (1): 127.0.0.1:50123
2026-06-26 19:57:07,854 INFO werkzeug: 127.0.0.1 - - [26/Jun/2026 19:57:07] "GET /perf_progress?exec_id=2d083640-8a16-4cbd-b2eb-be5015f7b26c HTTP/1.1" 200 -
2026-06-26 19:57:07,855 DEBUG urllib3.connectionpool: http://127.0.0.1:50123 "GET /perf_progress?exec_id=2d083640-8a16-4cbd-b2eb-be5015f7b26c HTTP/1.1" 200 9925
2026-06-26 19:57:10,554 INFO common.api_common: ret_code cmdline_str: rm -f /root/mcRpcPort.ini
2026-06-26 19:57:10,560 INFO common.api_common: ret_code cmdline_str: cp /home/ailab/maca-vendor-workspace/maca_c_opt/workspace/sinkhorn_run/profile-artifacts/sinkhorn_v0_baseline/mcprofiler_raw_baseline/event_batch_7.json /home/ailab/maca-vendor-workspace/maca_c_opt/workspace/sinkhorn_run/profile-artifacts/sinkhorn_v0_baseline/mcprofiler_raw_baseline/mcProfiler.json
2026-06-26 19:57:10,566 INFO common.api_common: ret_code cmdline_str: export MCTX_TARGET_INIT=true; export MACA_ETC_PATH=/home/ailab/maca-vendor-workspace/maca_c_opt/workspace/sinkhorn_run/profile-artifacts/sinkhorn_v0_baseline/mcprofiler_raw_baseline; export MXLOG_LEVEL=info; export MACA_PATH=/opt/maca/; export LD_LIBRARY_PATH=/opt/maca/lib/:${LD_LIBRARY_PATH}; ./test_maca 5 50 2
2026-06-26 19:57:10,567 INFO common.api_common: ret_code cmdline_str: cat /root/mcRpcPort.ini
2026-06-26 19:57:10,574 WARNING phttp.server_backend: get_srvrpc_port get rpc server ports failed: cannot retrieve rpc server port.
2026-06-26 19:57:10,774 INFO common.api_common: ret_code cmdline_str: cat /root/mcRpcPort.ini
2026-06-26 19:57:11,184 INFO common.api_common: ret_code cmdline_str: cat /root/mcRpcPort.ini
2026-06-26 19:57:11,185 INFO prpc_client.mctool_client: MctxStreamProfilerCountDataGet Start
2026-06-26 19:57:11,188 INFO prpc_client.mctool_client: MctxStreamProfilerCountDataGet Loop
2026-06-26 19:57:11,991 INFO common.api_common: ret_code cmdline_str: cat /root/mcRpcPort.ini
2026-06-26 19:57:12,863 DEBUG urllib3.connectionpool: Starting new HTTP connection (1): 127.0.0.1:50123
2026-06-26 19:57:12,868 INFO werkzeug: 127.0.0.1 - - [26/Jun/2026 19:57:12] "GET /perf_progress?exec_id=2d083640-8a16-4cbd-b2eb-be5015f7b26c HTTP/1.1" 200 -
2026-06-26 19:57:12,868 DEBUG urllib3.connectionpool: http://127.0.0.1:50123 "GET /perf_progress?exec_id=2d083640-8a16-4cbd-b2eb-be5015f7b26c HTTP/1.1" 200 9925
2026-06-26 19:57:13,599 INFO common.api_common: ret_code cmdline_str: cat /root/mcRpcPort.ini
2026-06-26 19:57:13,725 INFO prpc_client.mctool_client: MctxStreamProfilerCountDataGet Loop
2026-06-26 19:57:16,809 INFO common.api_common: ret_code cmdline_str: rm -f /root/mcRpcPort.ini
2026-06-26 19:57:16,815 INFO common.api_common: ret_code cmdline_str: cp /home/ailab/maca-vendor-workspace/maca_c_opt/workspace/sinkhorn_run/profile-artifacts/sinkhorn_v0_baseline/mcprofiler_raw_baseline/event_batch_8.json /home/ailab/maca-vendor-workspace/maca_c_opt/workspace/sinkhorn_run/profile-artifacts/sinkhorn_v0_baseline/mcprofiler_raw_baseline/mcProfiler.json
2026-06-26 19:57:16,820 INFO common.api_common: ret_code cmdline_str: export MCTX_TARGET_INIT=true; export MACA_ETC_PATH=/home/ailab/maca-vendor-workspace/maca_c_opt/workspace/sinkhorn_run/profile-artifacts/sinkhorn_v0_baseline/mcprofiler_raw_baseline; export MXLOG_LEVEL=info; export MACA_PATH=/opt/maca/; export LD_LIBRARY_PATH=/opt/maca/lib/:${LD_LIBRARY_PATH}; ./test_maca 5 50 2
2026-06-26 19:57:16,821 INFO common.api_common: ret_code cmdline_str: cat /root/mcRpcPort.ini
2026-06-26 19:57:16,826 WARNING phttp.server_backend: get_srvrpc_port get rpc server ports failed: cannot retrieve rpc server port.
2026-06-26 19:57:17,026 INFO common.api_common: ret_code cmdline_str: cat /root/mcRpcPort.ini
2026-06-26 19:57:17,435 INFO common.api_common: ret_code cmdline_str: cat /root/mcRpcPort.ini
2026-06-26 19:57:17,436 INFO prpc_client.mctool_client: MctxStreamProfilerCountDataGet Start
2026-06-26 19:57:17,439 INFO prpc_client.mctool_client: MctxStreamProfilerCountDataGet Loop
2026-06-26 19:57:17,873 DEBUG urllib3.connectionpool: Starting new HTTP connection (1): 127.0.0.1:50123
2026-06-26 19:57:17,878 INFO werkzeug: 127.0.0.1 - - [26/Jun/2026 19:57:17] "GET /perf_progress?exec_id=2d083640-8a16-4cbd-b2eb-be5015f7b26c HTTP/1.1" 200 -
2026-06-26 19:57:17,878 DEBUG urllib3.connectionpool: http://127.0.0.1:50123 "GET /perf_progress?exec_id=2d083640-8a16-4cbd-b2eb-be5015f7b26c HTTP/1.1" 200 9925
2026-06-26 19:57:18,243 INFO common.api_common: ret_code cmdline_str: cat /root/mcRpcPort.ini
2026-06-26 19:57:19,850 INFO common.api_common: ret_code cmdline_str: cat /root/mcRpcPort.ini
2026-06-26 19:57:19,973 INFO prpc_client.mctool_client: MctxStreamProfilerCountDataGet Loop
2026-06-26 19:57:22,886 DEBUG urllib3.connectionpool: Starting new HTTP connection (1): 127.0.0.1:50123
2026-06-26 19:57:22,891 INFO werkzeug: 127.0.0.1 - - [26/Jun/2026 19:57:22] "GET /perf_progress?exec_id=2d083640-8a16-4cbd-b2eb-be5015f7b26c HTTP/1.1" 200 -
2026-06-26 19:57:22,891 DEBUG urllib3.connectionpool: http://127.0.0.1:50123 "GET /perf_progress?exec_id=2d083640-8a16-4cbd-b2eb-be5015f7b26c HTTP/1.1" 200 9925
2026-06-26 19:57:23,082 INFO phttp.server_backend: profiling task 2d083640-8a16-4cbd-b2eb-be5015f7b26c
2026-06-26 19:57:23,082 INFO utils.complier: analyse  formula:[{'type': 'VARIABLE', 'value': '{{ISU.AP_PERF_INSTS_VALU}}'}, {'type': 'VARIABLE', 'value': '{{ISU.AP_PERF_INSTS_MMA}}'}, {'type': 'VARIABLE', 'value': '{{ISU.AP_PERF_INSTS_SALU}}'}, {'type': 'VARIABLE', 'value': '{{ISU.AP_PERF_INST_MISC}}'}]
2026-06-26 19:57:23,082 INFO utils.complier: analyse  formula:[]
2026-06-26 19:57:23,083 INFO utils.complier: analyse  formula:[]
2026-06-26 19:57:23,084 INFO utils.complier: analyse  formula:[{'type': 'PROC_VAR', 'value': '$RET'}]
2026-06-26 19:57:23,084 INFO utils.complier: analyse  formula:[]
2026-06-26 19:57:23,084 INFO utils.complier: analyse  formula:[{'type': 'VARIABLE', 'value': '{{ISU.AP_PERF_INSTS_VALU}}'}, {'type': 'VARIABLE', 'value': '{{ISU.AP_PERF_INSTS_MMA}}'}, {'type': 'VARIABLE', 'value': '{{ISU.AP_PERF_INSTS_SALU}}'}, {'type': 'VARIABLE', 'value': '{{ISU.AP_PERF_INST_MISC}}'}]
2026-06-26 19:57:23,084 INFO utils.complier: analyse  formula:[]
2026-06-26 19:57:23,085 INFO utils.complier: analyse  formula:[]
2026-06-26 19:57:23,085 INFO utils.complier: analyse  formula:[{'type': 'VARIABLE', 'value': '{{ISU.AP_PERF_INSTS_GVM}}'}, {'type': 'VARIABLE', 'value': '{{ISU.AP_PERF_INSTS_BSM}}'}, {'type': 'VARIABLE', 'value': '{{ISU.AP_PERF_INSTS_LDU}}'}]
2026-06-26 19:57:23,085 INFO utils.complier: analyse  formula:[]
2026-06-26 19:57:23,085 INFO utils.complier: analyse  formula:[]
2026-06-26 19:57:23,086 INFO utils.complier: analyse  formula:[{'type': 'PROC_VAR', 'value': '$RET'}]
2026-06-26 19:57:23,086 INFO utils.complier: analyse  formula:[]
2026-06-26 19:57:23,086 INFO utils.complier: analyse  formula:[{'type': 'VARIABLE', 'value': '{{ISU.AP_PERF_INSTS_GVM}}'}, {'type': 'VARIABLE', 'value': '{{ISU.AP_PERF_INSTS_BSM}}'}, {'type': 'VARIABLE', 'value': '{{ISU.AP_PERF_INSTS_LDU}}'}]
2026-06-26 19:57:23,087 INFO utils.complier: analyse  formula:[]
2026-06-26 19:57:23,087 INFO utils.complier: analyse  formula:[]
2026-06-26 19:57:23,087 INFO utils.complier: analyse  formula:[]
2026-06-26 19:57:23,087 INFO utils.complier: analyse  formula:[{'type': 'UMD_VARIABLE', 'value': '{TRACER.dur}'}]
2026-06-26 19:57:23,087 INFO utils.complier: analyse  formula:[]
2026-06-26 19:57:23,087 ERROR utils.pc_base: get_varvalues failed: 'TRACER'
2026-06-26 19:57:23,087 ERROR utils.pc_base: cannot calculate: 'TRACER'
2026-06-26 19:57:23,087 INFO utils.complier: analyse  formula:[{'type': 'VARIABLE', 'value': '{{ISU.AP_PERF_ISU_AP_BUSY}}'}]
2026-06-26 19:57:23,087 INFO utils.complier: analyse  formula:[{'type': 'UMD_VARIABLE', 'value': '{TRACER.dur}'}]
2026-06-26 19:57:23,088 INFO utils.complier: analyse  formula:[]
2026-06-26 19:57:23,088 ERROR utils.pc_base: get_varvalues failed: 'TRACER'
2026-06-26 19:57:23,088 ERROR utils.pc_base: cannot calculate: 'TRACER'
2026-06-26 19:57:23,088 INFO utils.complier: analyse  formula:[{'type': 'VARIABLE', 'value': '{{ISU.AP_PERF_INST_GLOBAL_RD}}'}]
2026-06-26 19:57:23,088 INFO utils.complier: analyse  formula:[]
2026-06-26 19:57:23,088 INFO utils.complier: analyse  formula:[]
2026-06-26 19:57:23,088 INFO utils.complier: analyse  formula:[{'type': 'PROC_VAR', 'value': '$RET'}]
2026-06-26 19:57:23,088 INFO utils.complier: analyse  formula:[]
2026-06-26 19:57:23,088 INFO utils.complier: analyse  formula:[{'type': 'VARIABLE', 'value': '{{ISU.AP_PERF_INST_GLOBAL_RD}}'}]
2026-06-26 19:57:23,089 INFO utils.complier: analyse  formula:[]
2026-06-26 19:57:23,089 INFO utils.complier: analyse  formula:[]
2026-06-26 19:57:23,089 INFO utils.complier: analyse  formula:[{'type': 'VARIABLE', 'value': '{{ISU.AP_PERF_INST_GLOBAL_WR}}'}]
2026-06-26 19:57:23,089 INFO utils.complier: analyse  formula:[]
2026-06-26 19:57:23,089 INFO utils.complier: analyse  formula:[]
2026-06-26 19:57:23,089 INFO utils.complier: analyse  formula:[{'type': 'PROC_VAR', 'value': '$RET'}]
2026-06-26 19:57:23,089 INFO utils.complier: analyse  formula:[]
2026-06-26 19:57:23,089 INFO utils.complier: analyse  formula:[{'type': 'VARIABLE', 'value': '{{ISU.AP_PERF_INST_GLOBAL_WR}}'}]
2026-06-26 19:57:23,090 INFO utils.complier: analyse  formula:[]
2026-06-26 19:57:23,090 INFO utils.complier: analyse  formula:[]
2026-06-26 19:57:23,090 INFO utils.complier: analyse  formula:[{'type': 'VARIABLE', 'value': '{{ISU.AP_PERF_INST_PRIVATE_RD}}'}]
2026-06-26 19:57:23,090 INFO utils.complier: analyse  formula:[]
2026-06-26 19:57:23,090 INFO utils.complier: analyse  formula:[]
2026-06-26 19:57:23,090 INFO utils.complier: analyse  formula:[{'type': 'PROC_VAR', 'value': '$RET'}]
2026-06-26 19:57:23,090 INFO utils.complier: analyse  formula:[]
2026-06-26 19:57:23,090 INFO utils.complier: analyse  formula:[{'type': 'VARIABLE', 'value': '{{ISU.AP_PERF_INST_PRIVATE_RD}}'}]
2026-06-26 19:57:23,091 INFO utils.complier: analyse  formula:[]
2026-06-26 19:57:23,091 INFO utils.complier: analyse  formula:[]
2026-06-26 19:57:23,091 INFO utils.complier: analyse  formula:[{'type': 'VARIABLE', 'value': '{{ISU.AP_PERF_INST_PRIVATE_WR}}'}]
2026-06-26 19:57:23,091 INFO utils.complier: analyse  formula:[]
2026-06-26 19:57:23,091 INFO utils.complier: analyse  formula:[]
2026-06-26 19:57:23,091 INFO utils.complier: analyse  formula:[{'type': 'PROC_VAR', 'value': '$RET'}]
2026-06-26 19:57:23,091 INFO utils.complier: analyse  formula:[]
2026-06-26 19:57:23,091 INFO utils.complier: analyse  formula:[{'type': 'VARIABLE', 'value': '{{ISU.AP_PERF_INST_PRIVATE_WR}}'}]
2026-06-26 19:57:23,092 INFO utils.complier: analyse  formula:[]
2026-06-26 19:57:23,092 INFO utils.complier: analyse  formula:[]
2026-06-26 19:57:23,092 INFO utils.complier: analyse  formula:[{'type': 'VARIABLE', 'value': '{{ISU.AP_PERF_INST_GENERIC_RD}}'}]
2026-06-26 19:57:23,092 INFO utils.complier: analyse  formula:[]
2026-06-26 19:57:23,092 INFO utils.complier: analyse  formula:[]
2026-06-26 19:57:23,092 INFO utils.complier: analyse  formula:[{'type': 'PROC_VAR', 'value': '$RET'}]
2026-06-26 19:57:23,092 INFO utils.complier: analyse  formula:[]
2026-06-26 19:57:23,093 INFO utils.complier: analyse  formula:[{'type': 'VARIABLE', 'value': '{{ISU.AP_PERF_INST_GENERIC_RD}}'}]
2026-06-26 19:57:23,093 INFO utils.complier: analyse  formula:[]
2026-06-26 19:57:23,093 INFO utils.complier: analyse  formula:[]
2026-06-26 19:57:23,093 INFO utils.complier: analyse  formula:[{'type': 'VARIABLE', 'value': '{{ISU.AP_PERF_INST_GENERIC_WR}}'}]
2026-06-26 19:57:23,093 INFO utils.complier: analyse  formula:[]
2026-06-26 19:57:23,093 INFO utils.complier: analyse  formula:[]
2026-06-26 19:57:23,093 INFO utils.complier: analyse  formula:[{'type': 'PROC_VAR', 'value': '$RET'}]
2026-06-26 19:57:23,093 INFO utils.complier: analyse  formula:[]
2026-06-26 19:57:23,094 INFO utils.complier: analyse  formula:[{'type': 'VARIABLE', 'value': '{{ISU.AP_PERF_INST_GENERIC_WR}}'}]
2026-06-26 19:57:23,094 INFO utils.complier: analyse  formula:[]
2026-06-26 19:57:23,094 INFO utils.complier: analyse  formula:[]
2026-06-26 19:57:23,094 INFO utils.complier: analyse  formula:[{'type': 'VARIABLE', 'value': '{{ISU.AP_PERF_INSTS_LDU}}'}]
2026-06-26 19:57:23,094 INFO utils.complier: analyse  formula:[]
2026-06-26 19:57:23,094 INFO utils.complier: analyse  formula:[]
2026-06-26 19:57:23,094 INFO utils.complier: analyse  formula:[{'type': 'PROC_VAR', 'value': '$RET'}]
2026-06-26 19:57:23,094 INFO utils.complier: analyse  formula:[]
2026-06-26 19:57:23,095 INFO utils.complier: analyse  formula:[{'type': 'VARIABLE', 'value': '{{ISU.AP_PERF_INSTS_LDU}}'}]
2026-06-26 19:57:23,095 INFO utils.complier: analyse  formula:[]
2026-06-26 19:57:23,095 INFO utils.complier: analyse  formula:[]
2026-06-26 19:57:23,095 INFO utils.complier: analyse  formula:[{'type': 'VARIABLE', 'value': '{{ISU.AP_PERF_INST_BSM_RD}}'}]
2026-06-26 19:57:23,095 INFO utils.complier: analyse  formula:[]
2026-06-26 19:57:23,095 INFO utils.complier: analyse  formula:[]
2026-06-26 19:57:23,095 INFO utils.complier: analyse  formula:[{'type': 'PROC_VAR', 'value': '$RET'}]
2026-06-26 19:57:23,096 INFO utils.complier: analyse  formula:[]
2026-06-26 19:57:23,096 INFO utils.complier: analyse  formula:[{'type': 'VARIABLE', 'value': '{{ISU.AP_PERF_INST_BSM_RD}}'}]
2026-06-26 19:57:23,096 INFO utils.complier: analyse  formula:[]
2026-06-26 19:57:23,096 INFO utils.complier: analyse  formula:[]
2026-06-26 19:57:23,096 INFO utils.complier: analyse  formula:[{'type': 'VARIABLE', 'value': '{{ISU.AP_PERF_INST_BSM_WR}}'}]
2026-06-26 19:57:23,096 INFO utils.complier: analyse  formula:[]
2026-06-26 19:57:23,096 INFO utils.complier: analyse  formula:[]
2026-06-26 19:57:23,096 INFO utils.complier: analyse  formula:[{'type': 'PROC_VAR', 'value': '$RET'}]
2026-06-26 19:57:23,097 INFO utils.complier: analyse  formula:[]
2026-06-26 19:57:23,097 INFO utils.complier: analyse  formula:[{'type': 'VARIABLE', 'value': '{{ISU.AP_PERF_INST_BSM_WR}}'}]
2026-06-26 19:57:23,097 INFO utils.complier: analyse  formula:[]
2026-06-26 19:57:23,097 INFO utils.complier: analyse  formula:[]
2026-06-26 19:57:23,097 INFO utils.complier: analyse  formula:[{'type': 'VARIABLE', 'value': '{{VL1.p_total_read_instruction_event}}'}]
2026-06-26 19:57:23,097 INFO utils.complier: analyse  formula:[]
2026-06-26 19:57:23,097 INFO utils.complier: analyse  formula:[]
2026-06-26 19:57:23,098 INFO utils.complier: analyse  formula:[{'type': 'PROC_VAR', 'value': '$RET'}]
2026-06-26 19:57:23,098 INFO utils.complier: analyse  formula:[]
2026-06-26 19:57:23,098 INFO utils.complier: analyse  formula:[{'type': 'VARIABLE', 'value': '{{VL1.p_total_read_instruction_event}}'}]
2026-06-26 19:57:23,098 INFO utils.complier: analyse  formula:[]
2026-06-26 19:57:23,098 INFO utils.complier: analyse  formula:[]
2026-06-26 19:57:23,098 INFO utils.complier: analyse  formula:[{'type': 'VARIABLE', 'value': '{{VL1.p_total_write_instruction_event}}'}]
2026-06-26 19:57:23,098 INFO utils.complier: analyse  formula:[]
2026-06-26 19:57:23,098 INFO utils.complier: analyse  formula:[]
2026-06-26 19:57:23,099 INFO utils.complier: analyse  formula:[{'type': 'PROC_VAR', 'value': '$RET'}]
2026-06-26 19:57:23,099 INFO utils.complier: analyse  formula:[]
2026-06-26 19:57:23,099 INFO utils.complier: analyse  formula:[{'type': 'VARIABLE', 'value': '{{VL1.p_total_write_instruction_event}}'}]
2026-06-26 19:57:23,099 INFO utils.complier: analyse  formula:[]
2026-06-26 19:57:23,099 INFO utils.complier: analyse  formula:[]
2026-06-26 19:57:23,099 INFO utils.complier: analyse  formula:[{'type': 'VARIABLE', 'value': '{{VL1.p_perf_thread_req_cnt}}'}, {'type': 'VARIABLE', 'value': '{{VL1.p_perf_miss_cnt}}'}, {'type': 'VARIABLE', 'value': '{{VL1.p_perf_thread_req_cnt}}'}]
2026-06-26 19:57:23,100 INFO utils.complier: analyse  formula:[]
2026-06-26 19:57:23,100 INFO utils.complier: analyse  formula:[]
2026-06-26 19:57:23,100 INFO utils.complier: analyse  formula:[{'type': 'PROC_VAR', 'value': '$vl1hit'}, {'type': 'PROC_VAR', 'value': '$RET'}, {'type': 'PROC_VAR', 'value': '$vl1hit'}]
2026-06-26 19:57:23,101 INFO utils.complier: analyse  formula:[]
2026-06-26 19:57:23,101 INFO utils.complier: analyse  formula:[{'type': 'VARIABLE', 'value': '{{VL1.p_perf_thread_req_cnt}}'}, {'type': 'VARIABLE', 'value': '{{VL1.p_perf_miss_cnt}}'}, {'type': 'VARIABLE', 'value': '{{VL1.p_perf_thread_req_cnt}}'}]
2026-06-26 19:57:23,102 INFO utils.complier: analyse  formula:[]
2026-06-26 19:57:23,103 INFO utils.complier: analyse  formula:[]
2026-06-26 19:57:23,103 INFO utils.complier: analyse  formula:[{'type': 'VARIABLE', 'value': '{{L2C.perf_rd_req}}'}]
2026-06-26 19:57:23,103 INFO utils.complier: analyse  formula:[]
2026-06-26 19:57:23,103 INFO utils.complier: analyse  formula:[]
2026-06-26 19:57:23,103 INFO utils.complier: analyse  formula:[{'type': 'PROC_VAR', 'value': '$RET'}]
2026-06-26 19:57:23,103 INFO utils.complier: analyse  formula:[]
2026-06-26 19:57:23,103 INFO utils.complier: analyse  formula:[{'type': 'VARIABLE', 'value': '{{L2C.perf_rd_req}}'}]
2026-06-26 19:57:23,104 INFO utils.complier: analyse  formula:[]
2026-06-26 19:57:23,104 INFO utils.complier: analyse  formula:[]
2026-06-26 19:57:23,104 INFO utils.complier: analyse  formula:[{'type': 'VARIABLE', 'value': '{{L2C.perf_wr_req}}'}]
2026-06-26 19:57:23,104 INFO utils.complier: analyse  formula:[]
2026-06-26 19:57:23,104 INFO utils.complier: analyse  formula:[]
2026-06-26 19:57:23,104 INFO utils.complier: analyse  formula:[{'type': 'PROC_VAR', 'value': '$RET'}]
2026-06-26 19:57:23,104 INFO utils.complier: analyse  formula:[]
2026-06-26 19:57:23,104 INFO utils.complier: analyse  formula:[{'type': 'VARIABLE', 'value': '{{L2C.perf_wr_req}}'}]
2026-06-26 19:57:23,104 INFO utils.complier: analyse  formula:[]
2026-06-26 19:57:23,105 INFO utils.complier: analyse  formula:[]
2026-06-26 19:57:23,105 INFO utils.complier: analyse  formula:[{'type': 'VARIABLE', 'value': '{{L2C.perf_hit}}'}, {'type': 'VARIABLE', 'value': '{{L2C.perf_sector_hit}}'}, {'type': 'VARIABLE', 'value': '{{L2C.perf_miss}}'}]
2026-06-26 19:57:23,105 INFO utils.complier: analyse  formula:[]
2026-06-26 19:57:23,105 INFO utils.complier: analyse  formula:[]
2026-06-26 19:57:23,106 INFO utils.complier: analyse  formula:[{'type': 'PROC_VAR', 'value': '$hit_events'}, {'type': 'PROC_VAR', 'value': '$RET'}, {'type': 'PROC_VAR', 'value': '$hit_events'}, {'type': 'PROC_VAR', 'value': '$hit_events'}]
2026-06-26 19:57:23,106 INFO utils.complier: analyse  formula:[]
2026-06-26 19:57:23,107 INFO utils.complier: analyse  formula:[{'type': 'VARIABLE', 'value': '{{L2C.perf_hit}}'}, {'type': 'VARIABLE', 'value': '{{L2C.perf_sector_hit}}'}, {'type': 'VARIABLE', 'value': '{{L2C.perf_miss}}'}]
2026-06-26 19:57:23,108 INFO utils.complier: analyse  formula:[]
2026-06-26 19:57:23,108 INFO utils.complier: analyse  formula:[]
2026-06-26 19:57:23,109 INFO utils.complier: analyse  formula:[{'type': 'VARIABLE', 'value': '{{SL1.sl1_kcache_total_hit_event}}'}, {'type': 'VARIABLE', 'value': '{{SL1.sl1_kcache_total_hit_on_miss_event}}'}, {'type': 'VARIABLE', 'value': '{{SL1.sl1_kcache_total_miss_event}}'}]
2026-06-26 19:57:23,109 INFO utils.complier: analyse  formula:[]
2026-06-26 19:57:23,109 INFO utils.complier: analyse  formula:[]
2026-06-26 19:57:23,109 INFO utils.complier: analyse  formula:[{'type': 'PROC_VAR', 'value': '$hit'}, {'type': 'PROC_VAR', 'value': '$RET'}, {'type': 'PROC_VAR', 'value': '$hit'}, {'type': 'PROC_VAR', 'value': '$hit'}]
2026-06-26 19:57:23,110 INFO utils.complier: analyse  formula:[]
2026-06-26 19:57:23,110 INFO utils.complier: analyse  formula:[{'type': 'VARIABLE', 'value': '{{SL1.sl1_kcache_total_hit_event}}'}, {'type': 'VARIABLE', 'value': '{{SL1.sl1_kcache_total_hit_on_miss_event}}'}, {'type': 'VARIABLE', 'value': '{{SL1.sl1_kcache_total_miss_event}}'}]
2026-06-26 19:57:23,111 INFO utils.complier: analyse  formula:[]
2026-06-26 19:57:23,112 INFO utils.complier: analyse  formula:[]
2026-06-26 19:57:23,112 INFO utils.complier: analyse  formula:[{'type': 'VARIABLE', 'value': '{{SL1.sl1_kcache_rd}}'}]
2026-06-26 19:57:23,112 INFO utils.complier: analyse  formula:[]
2026-06-26 19:57:23,112 INFO utils.complier: analyse  formula:[]
2026-06-26 19:57:23,112 INFO utils.complier: analyse  formula:[{'type': 'PROC_VAR', 'value': '$RET'}]
2026-06-26 19:57:23,112 INFO utils.complier: analyse  formula:[]
2026-06-26 19:57:23,112 INFO utils.complier: analyse  formula:[{'type': 'VARIABLE', 'value': '{{SL1.sl1_kcache_rd}}'}]
2026-06-26 19:57:23,112 INFO utils.complier: analyse  formula:[]
2026-06-26 19:57:23,113 INFO utils.complier: analyse  formula:[]
2026-06-26 19:57:23,113 INFO utils.complier: analyse  formula:[{'type': 'VARIABLE', 'value': '{{SL1.sl1_kcache_l2_rd}}'}]
2026-06-26 19:57:23,113 INFO utils.complier: analyse  formula:[]
2026-06-26 19:57:23,113 INFO utils.complier: analyse  formula:[]
2026-06-26 19:57:23,113 INFO utils.complier: analyse  formula:[{'type': 'PROC_VAR', 'value': '$RET'}]
2026-06-26 19:57:23,113 INFO utils.complier: analyse  formula:[]
2026-06-26 19:57:23,113 INFO utils.complier: analyse  formula:[{'type': 'VARIABLE', 'value': '{{SL1.sl1_kcache_l2_rd}}'}]
2026-06-26 19:57:23,113 INFO utils.complier: analyse  formula:[]
2026-06-26 19:57:23,114 INFO utils.complier: analyse  formula:[]
2026-06-26 19:57:23,114 INFO utils.complier: analyse  formula:[{'type': 'VARIABLE', 'value': '{{ISU.AP_PERF_INSTS_VALU}}'}, {'type': 'VARIABLE', 'value': '{{ISU.AP_PERF_INSTS_MMA}}'}, {'type': 'VARIABLE', 'value': '{{ISU.AP_PERF_INSTS_SALU}}'}, {'type': 'VARIABLE', 'value': '{{ISU.AP_PERF_INSTS_GVM}}'}, {'type': 'VARIABLE', 'value': '{{ISU.AP_PERF_INSTS_BSM}}'}, {'type': 'VARIABLE', 'value': '{{ISU.AP_PERF_INSTS_LDU}}'}, {'type': 'VARIABLE', 'value': '{{ISU.AP_PERF_INST_MISC}}'}]
2026-06-26 19:57:23,114 INFO utils.complier: analyse  formula:[]
2026-06-26 19:57:23,114 INFO utils.complier: analyse  formula:[]
2026-06-26 19:57:23,116 INFO utils.complier: analyse  formula:[{'type': 'PROC_VAR', 'value': '$RET'}]
2026-06-26 19:57:23,116 INFO utils.complier: analyse  formula:[]
2026-06-26 19:57:23,116 INFO utils.complier: analyse  formula:[{'type': 'VARIABLE', 'value': '{{ISU.AP_PERF_INSTS_VALU}}'}, {'type': 'VARIABLE', 'value': '{{ISU.AP_PERF_INSTS_MMA}}'}, {'type': 'VARIABLE', 'value': '{{ISU.AP_PERF_INSTS_SALU}}'}, {'type': 'VARIABLE', 'value': '{{ISU.AP_PERF_INSTS_GVM}}'}, {'type': 'VARIABLE', 'value': '{{ISU.AP_PERF_INSTS_BSM}}'}, {'type': 'VARIABLE', 'value': '{{ISU.AP_PERF_INSTS_LDU}}'}, {'type': 'VARIABLE', 'value': '{{ISU.AP_PERF_INST_MISC}}'}]
2026-06-26 19:57:23,117 INFO utils.complier: analyse  formula:[]
2026-06-26 19:57:23,118 INFO utils.complier: analyse  formula:[]
2026-06-26 19:57:23,118 INFO utils.complier: analyse  formula:[]
2026-06-26 19:57:23,118 INFO utils.complier: analyse  formula:[]
2026-06-26 19:57:23,118 INFO utils.complier: analyse  formula:[{'type': 'PRE_VAR', 'value': '@compute_instructions'}, {'type': 'PRE_VAR', 'value': '@memory_instructions'}]
2026-06-26 19:57:23,118 INFO utils.complier: analyse  formula:[{'type': 'PROC_VAR', 'value': '$RET'}]
2026-06-26 19:57:23,118 INFO utils.complier: analyse  formula:[]
2026-06-26 19:57:23,118 INFO utils.complier: analyse  formula:[]
2026-06-26 19:57:23,118 INFO utils.complier: analyse  formula:[{'type': 'PRE_VAR', 'value': '@compute_instructions'}, {'type': 'PRE_VAR', 'value': '@memory_instructions'}]
2026-06-26 19:57:23,119 INFO utils.complier: analyse  formula:[]
2026-06-26 19:57:23,119 INFO utils.complier: analyse  formula:[]
2026-06-26 19:57:23,119 INFO utils.complier: analyse  formula:[]
2026-06-26 19:57:23,119 INFO utils.complier: analyse  formula:[{'type': 'PRE_VAR', 'value': '@compute_instructions'}]
2026-06-26 19:57:23,119 INFO utils.complier: analyse  formula:[{'type': 'PROC_VAR', 'value': '$RET'}]
2026-06-26 19:57:23,119 INFO utils.complier: analyse  formula:[]
2026-06-26 19:57:23,119 INFO utils.complier: analyse  formula:[]
2026-06-26 19:57:23,119 INFO utils.complier: analyse  formula:[{'type': 'PRE_VAR', 'value': '@compute_instructions'}]
2026-06-26 19:57:23,119 INFO utils.complier: analyse  formula:[]
2026-06-26 19:57:23,119 INFO utils.complier: analyse  formula:[]
2026-06-26 19:57:23,120 INFO utils.complier: analyse  formula:[]
2026-06-26 19:57:23,120 INFO utils.complier: analyse  formula:[{'type': 'PRE_VAR', 'value': '@memory_instructions'}]
2026-06-26 19:57:23,120 INFO utils.complier: analyse  formula:[{'type': 'PROC_VAR', 'value': '$RET'}]
2026-06-26 19:57:23,120 INFO utils.complier: analyse  formula:[]
2026-06-26 19:57:23,120 INFO utils.complier: analyse  formula:[]
2026-06-26 19:57:23,120 INFO utils.complier: analyse  formula:[{'type': 'PRE_VAR', 'value': '@memory_instructions'}]
2026-06-26 19:57:23,120 INFO utils.complier: analyse  formula:[]
2026-06-26 19:57:23,120 INFO utils.complier: analyse  formula:[{'type': 'VARIABLE', 'value': '{{CE.CE_PERF_BUSY_CYCLES}}'}]
2026-06-26 19:57:23,120 INFO utils.complier: analyse  formula:[]
2026-06-26 19:57:23,120 INFO utils.complier: analyse  formula:[]
2026-06-26 19:57:23,120 INFO utils.complier: analyse  formula:[{'type': 'PROC_VAR', 'value': '$RET'}]
2026-06-26 19:57:23,121 INFO utils.complier: analyse  formula:[]
2026-06-26 19:57:23,121 INFO utils.complier: analyse  formula:[{'type': 'VARIABLE', 'value': '{{CE.CE_PERF_BUSY_CYCLES}}'}]
2026-06-26 19:57:23,121 INFO utils.complier: analyse  formula:[]
2026-06-26 19:57:23,121 INFO utils.complier: analyse  formula:[]
2026-06-26 19:57:23,122 INFO utils.complier: analyse  formula:[{'type': 'VARIABLE', 'value': '{{L2C.perf_dnoc_rdreq_32B}}'}, {'type': 'VARIABLE', 'value': '{{L2C.perf_dnoc_rdreq_64B}}'}, {'type': 'VARIABLE', 'value': '{{L2C.perf_dnoc_rdreq_128B}}'}, {'type': 'VARIABLE', 'value': '{{L2C.perf_dnoc_wrreq_32B_low}}'}, {'type': 'VARIABLE', 'value': '{{L2C.perf_dnoc_wrreq_32B_high}}'}, {'type': 'VARIABLE', 'value': '{{L2C.perf_dnoc_wrreq_64B}}'}, {'type': 'VARIABLE', 'value': '{{L2C.perf_dnoc_wrreq_128B}}'}, {'type': 'VARIABLE', 'value': '{{ISU.AP_PERF_ISU_AP_BUSY}}'}]
2026-06-26 19:57:23,122 INFO utils.complier: analyse  formula:[]
2026-06-26 19:57:23,122 INFO utils.complier: analyse  formula:[]
2026-06-26 19:57:23,123 INFO utils.complier: analyse  formula:[{'type': 'PROC_VAR', 'value': '$ma'}, {'type': 'PROC_VAR', 'value': '$RET'}, {'type': 'PROC_VAR', 'value': '$ma'}]
2026-06-26 19:57:23,124 INFO utils.complier: analyse  formula:[]
2026-06-26 19:57:23,124 INFO utils.complier: analyse  formula:[{'type': 'VARIABLE', 'value': '{{L2C.perf_dnoc_rdreq_32B}}'}, {'type': 'VARIABLE', 'value': '{{L2C.perf_dnoc_rdreq_64B}}'}, {'type': 'VARIABLE', 'value': '{{L2C.perf_dnoc_rdreq_128B}}'}, {'type': 'VARIABLE', 'value': '{{L2C.perf_dnoc_wrreq_32B_low}}'}, {'type': 'VARIABLE', 'value': '{{L2C.perf_dnoc_wrreq_32B_high}}'}, {'type': 'VARIABLE', 'value': '{{L2C.perf_dnoc_wrreq_64B}}'}, {'type': 'VARIABLE', 'value': '{{L2C.perf_dnoc_wrreq_128B}}'}, {'type': 'VARIABLE', 'value': '{{ISU.AP_PERF_ISU_AP_BUSY}}'}]
2026-06-26 19:57:23,125 INFO utils.complier: analyse  formula:[]
2026-06-26 19:57:23,127 INFO utils.complier: analyse  formula:[]
2026-06-26 19:57:23,127 INFO utils.complier: analyse  formula:[{'type': 'VARIABLE', 'value': '{{ISU.AP_PERF_ISU_AP_BUSY}}'}]
2026-06-26 19:57:23,127 INFO utils.complier: analyse  formula:[]
2026-06-26 19:57:23,127 INFO utils.complier: analyse  formula:[]
2026-06-26 19:57:23,128 INFO utils.complier: analyse  formula:[{'type': 'PROC_VAR', 'value': '$valid_ap_busy'}, {'type': 'PROC_VAR', 'value': '$RET'}, {'type': 'PROC_VAR', 'value': '$valid_ap_busy'}, {'type': 'PROC_VAR', 'value': '$valid_ap_busy'}]
2026-06-26 19:57:23,129 INFO utils.complier: analyse  formula:[]
2026-06-26 19:57:23,130 INFO utils.complier: analyse  formula:[{'type': 'VARIABLE', 'value': '{{ISU.AP_PERF_ISU_AP_BUSY}}'}]
2026-06-26 19:57:23,130 INFO utils.complier: analyse  formula:[]
2026-06-26 19:57:23,131 INFO utils.complier: analyse  formula:[]
2026-06-26 19:57:23,131 INFO utils.complier: analyse  formula:[{'type': 'VARIABLE', 'value': '{{ISU.AP_PERF_ISU_AP_BUSY}}'}, {'type': 'VARIABLE', 'value': '{{CE.CE_PERF_BUSY_CYCLES}}'}]
2026-06-26 19:57:23,132 INFO utils.complier: analyse  formula:[]
2026-06-26 19:57:23,132 INFO utils.complier: analyse  formula:[]
2026-06-26 19:57:23,132 INFO utils.complier: analyse  formula:[{'type': 'PROC_VAR', 'value': '$RET'}]
2026-06-26 19:57:23,132 INFO utils.complier: analyse  formula:[]
2026-06-26 19:57:23,132 INFO utils.complier: analyse  formula:[{'type': 'VARIABLE', 'value': '{{ISU.AP_PERF_ISU_AP_BUSY}}'}, {'type': 'VARIABLE', 'value': '{{CE.CE_PERF_BUSY_CYCLES}}'}]
2026-06-26 19:57:23,133 INFO utils.complier: analyse  formula:[]
2026-06-26 19:57:23,133 INFO utils.complier: analyse  formula:[]
2026-06-26 19:57:23,133 INFO utils.complier: analyse  formula:[{'type': 'VARIABLE', 'value': '{{ISU.AP_PERF_INST_CYCLES_VALU}}'}, {'type': 'VARIABLE', 'value': '{{ISU.AP_PERF_INST_CYCLES_MMA}}'}, {'type': 'VARIABLE', 'value': '{{ISU.AP_PERF_ISU_AP_BUSY}}'}]
2026-06-26 19:57:23,133 INFO utils.complier: analyse  formula:[]
2026-06-26 19:57:23,133 INFO utils.complier: analyse  formula:[]
2026-06-26 19:57:23,135 INFO utils.complier: analyse  formula:[{'type': 'PROC_VAR', 'value': '$RET'}]
2026-06-26 19:57:23,135 INFO utils.complier: analyse  formula:[]
2026-06-26 19:57:23,135 INFO utils.complier: analyse  formula:[{'type': 'VARIABLE', 'value': '{{ISU.AP_PERF_INST_CYCLES_VALU}}'}, {'type': 'VARIABLE', 'value': '{{ISU.AP_PERF_INST_CYCLES_MMA}}'}, {'type': 'VARIABLE', 'value': '{{ISU.AP_PERF_ISU_AP_BUSY}}'}]
2026-06-26 19:57:23,135 INFO utils.complier: analyse  formula:[]
2026-06-26 19:57:23,136 INFO utils.complier: analyse  formula:[]
2026-06-26 19:57:23,136 INFO utils.complier: analyse  formula:[{'type': 'VARIABLE', 'value': '{{CE.CE_PERF_SEND_RM_WORKGROUPS}}'}]
2026-06-26 19:57:23,136 INFO utils.complier: analyse  formula:[]
2026-06-26 19:57:23,136 INFO utils.complier: analyse  formula:[]
2026-06-26 19:57:23,136 INFO utils.complier: analyse  formula:[{'type': 'PROC_VAR', 'value': '$RET'}]
2026-06-26 19:57:23,136 INFO utils.complier: analyse  formula:[]
2026-06-26 19:57:23,136 INFO utils.complier: analyse  formula:[{'type': 'VARIABLE', 'value': '{{CE.CE_PERF_SEND_RM_WORKGROUPS}}'}]
2026-06-26 19:57:23,137 INFO utils.complier: analyse  formula:[]
2026-06-26 19:57:23,137 INFO utils.complier: analyse  formula:[]
2026-06-26 19:57:23,137 INFO utils.complier: analyse  formula:[{'type': 'VARIABLE', 'value': '{{CE.CE_PERF_SEND_RM_WAVES}}'}]
2026-06-26 19:57:23,137 INFO utils.complier: analyse  formula:[]
2026-06-26 19:57:23,137 INFO utils.complier: analyse  formula:[]
2026-06-26 19:57:23,137 INFO utils.complier: analyse  formula:[{'type': 'PROC_VAR', 'value': '$RET'}]
2026-06-26 19:57:23,137 INFO utils.complier: analyse  formula:[]
2026-06-26 19:57:23,137 INFO utils.complier: analyse  formula:[{'type': 'VARIABLE', 'value': '{{CE.CE_PERF_SEND_RM_WAVES}}'}]
2026-06-26 19:57:23,137 INFO utils.complier: analyse  formula:[]
2026-06-26 19:57:23,138 INFO utils.complier: analyse  formula:[]
2026-06-26 19:57:23,138 INFO utils.complier: analyse  formula:[{'type': 'VARIABLE', 'value': '{{RM.RM_PERF_WAVES_InFlight_Level_P0}}'}, {'type': 'VARIABLE', 'value': '{{RM.RM_PERF_WAVES_InFlight_Level_P1}}'}, {'type': 'VARIABLE', 'value': '{{RM.RM_PERF_WAVES_InFlight_Level_P2}}'}, {'type': 'VARIABLE', 'value': '{{RM.RM_PERF_WAVES_InFlight_Level_P3}}'}, {'type': 'VARIABLE', 'value': '{{CE.CE_PERF_SEND_RM_WAVES}}'}]
2026-06-26 19:57:23,138 INFO utils.complier: analyse  formula:[]
2026-06-26 19:57:23,138 INFO utils.complier: analyse  formula:[]
2026-06-26 19:57:23,138 INFO utils.complier: analyse  formula:[{'type': 'PROC_VAR', 'value': '$RET'}]
2026-06-26 19:57:23,139 INFO utils.complier: analyse  formula:[]
2026-06-26 19:57:23,139 INFO utils.complier: analyse  formula:[{'type': 'VARIABLE', 'value': '{{RM.RM_PERF_WAVES_InFlight_Level_P0}}'}, {'type': 'VARIABLE', 'value': '{{RM.RM_PERF_WAVES_InFlight_Level_P1}}'}, {'type': 'VARIABLE', 'value': '{{RM.RM_PERF_WAVES_InFlight_Level_P2}}'}, {'type': 'VARIABLE', 'value': '{{RM.RM_PERF_WAVES_InFlight_Level_P3}}'}, {'type': 'VARIABLE', 'value': '{{CE.CE_PERF_SEND_RM_WAVES}}'}]
2026-06-26 19:57:23,139 INFO utils.complier: analyse  formula:[]
2026-06-26 19:57:23,140 INFO utils.complier: analyse  formula:[]
2026-06-26 19:57:23,141 INFO utils.complier: analyse  formula:[{'type': 'VARIABLE', 'value': '{{ISU.AP_PERF_INST_CYCLES_VALU_4CYCLES}}'}, {'type': 'VARIABLE', 'value': '{{ISU.AP_PERF_INST_CYCLES_VALU_16CYCLES}}'}, {'type': 'VARIABLE', 'value': '{{ISU.AP_PERF_INST_CYCLES_MMA_16CYCLES}}'}, {'type': 'VARIABLE', 'value': '{{ISU.AP_PERF_INST_CYCLES_MMA_32CYCLES}}'}]
2026-06-26 19:57:23,142 INFO utils.complier: analyse  formula:[]
2026-06-26 19:57:23,143 INFO utils.complier: analyse  formula:[]
2026-06-26 19:57:23,144 INFO utils.complier: analyse  formula:[{'type': 'PROC_VAR', 'value': '$valu_4'}, {'type': 'PROC_VAR', 'value': '$valu_16'}, {'type': 'PROC_VAR', 'value': '$mma_16'}, {'type': 'PROC_VAR', 'value': '$mma_32'}, {'type': 'PROC_VAR', 'value': '$RET'}, {'type': 'PROC_VAR', 'value': '$valu_4'}, {'type': 'PROC_VAR', 'value': '$valu_16'}, {'type': 'PROC_VAR', 'value': '$mma_16'}, {'type': 'PROC_VAR', 'value': '$mma_32'}]
2026-06-26 19:57:23,146 INFO utils.complier: analyse  formula:[]
2026-06-26 19:57:23,147 INFO utils.complier: analyse  formula:[{'type': 'VARIABLE', 'value': '{{ISU.AP_PERF_INST_CYCLES_VALU_4CYCLES}}'}, {'type': 'VARIABLE', 'value': '{{ISU.AP_PERF_INST_CYCLES_VALU_16CYCLES}}'}, {'type': 'VARIABLE', 'value': '{{ISU.AP_PERF_INST_CYCLES_MMA_16CYCLES}}'}, {'type': 'VARIABLE', 'value': '{{ISU.AP_PERF_INST_CYCLES_MMA_32CYCLES}}'}]
2026-06-26 19:57:23,149 INFO utils.complier: analyse  formula:[]
2026-06-26 19:57:23,151 INFO utils.complier: analyse  formula:[]
2026-06-26 19:57:23,173 DEBUG matplotlib.font_manager: findfont: Matching sans\-serif:style=normal:variant=normal:weight=normal:stretch=normal:size=12.0.
2026-06-26 19:57:23,174 DEBUG matplotlib.font_manager: findfont: score(<Font 'DejaVu Sans Mono' (DejaVuSansMono-Bold.ttf) normal normal 700 normal>) = 10.335
2026-06-26 19:57:23,174 DEBUG matplotlib.font_manager: findfont: score(<Font 'STIXGeneral' (STIXGeneral.ttf) normal normal 400 normal>) = 10.05
2026-06-26 19:57:23,174 DEBUG matplotlib.font_manager: findfont: score(<Font 'STIXSizeFiveSym' (STIXSizFiveSymReg.ttf) normal normal 400 normal>) = 10.05
2026-06-26 19:57:23,174 DEBUG matplotlib.font_manager: findfont: score(<Font 'DejaVu Sans Display' (DejaVuSansDisplay.ttf) normal normal 400 normal>) = 10.05
2026-06-26 19:57:23,174 DEBUG matplotlib.font_manager: findfont: score(<Font 'cmtt10' (cmtt10.ttf) normal normal 400 normal>) = 10.05
2026-06-26 19:57:23,174 DEBUG matplotlib.font_manager: findfont: score(<Font 'DejaVu Sans' (DejaVuSans-Bold.ttf) normal normal 700 normal>) = 0.33499999999999996
2026-06-26 19:57:23,174 DEBUG matplotlib.font_manager: findfont: score(<Font 'STIXNonUnicode' (STIXNonUniBol.ttf) normal normal 700 normal>) = 10.335
2026-06-26 19:57:23,174 DEBUG matplotlib.font_manager: findfont: score(<Font 'DejaVu Sans' (DejaVuSans-Oblique.ttf) oblique normal 400 normal>) = 1.05
2026-06-26 19:57:23,174 DEBUG matplotlib.font_manager: findfont: score(<Font 'DejaVu Sans Mono' (DejaVuSansMono.ttf) normal normal 400 normal>) = 10.05
2026-06-26 19:57:23,174 DEBUG matplotlib.font_manager: findfont: score(<Font 'DejaVu Serif' (DejaVuSerif-Bold.ttf) normal normal 700 normal>) = 10.335
2026-06-26 19:57:23,174 DEBUG matplotlib.font_manager: findfont: score(<Font 'DejaVu Serif' (DejaVuSerif-BoldItalic.ttf) italic normal 700 normal>) = 11.335
2026-06-26 19:57:23,174 DEBUG matplotlib.font_manager: findfont: score(<Font 'STIXSizeOneSym' (STIXSizOneSymBol.ttf) normal normal 700 normal>) = 10.335
2026-06-26 19:57:23,174 DEBUG matplotlib.font_manager: findfont: score(<Font 'STIXSizeFourSym' (STIXSizFourSymBol.ttf) normal normal 700 normal>) = 10.335
2026-06-26 19:57:23,174 DEBUG matplotlib.font_manager: findfont: score(<Font 'STIXSizeTwoSym' (STIXSizTwoSymBol.ttf) normal normal 700 normal>) = 10.335
2026-06-26 19:57:23,174 DEBUG matplotlib.font_manager: findfont: score(<Font 'STIXNonUnicode' (STIXNonUniBolIta.ttf) italic normal 700 normal>) = 11.335
2026-06-26 19:57:23,174 DEBUG matplotlib.font_manager: findfont: score(<Font 'DejaVu Sans Mono' (DejaVuSansMono-Oblique.ttf) oblique normal 400 normal>) = 11.05
2026-06-26 19:57:23,174 DEBUG matplotlib.font_manager: findfont: score(<Font 'DejaVu Serif Display' (DejaVuSerifDisplay.ttf) normal normal 400 normal>) = 10.05
2026-06-26 19:57:23,174 DEBUG matplotlib.font_manager: findfont: score(<Font 'DejaVu Serif' (DejaVuSerif-Italic.ttf) italic normal 400 normal>) = 11.05
2026-06-26 19:57:23,174 DEBUG matplotlib.font_manager: findfont: score(<Font 'STIXSizeFourSym' (STIXSizFourSymReg.ttf) normal normal 400 normal>) = 10.05
2026-06-26 19:57:23,174 DEBUG matplotlib.font_manager: findfont: score(<Font 'DejaVu Sans' (DejaVuSans.ttf) normal normal 400 normal>) = 0.05
2026-06-26 19:57:23,174 DEBUG matplotlib.font_manager: findfont: score(<Font 'cmex10' (cmex10.ttf) normal normal 400 normal>) = 10.05
2026-06-26 19:57:23,174 DEBUG matplotlib.font_manager: findfont: score(<Font 'STIXSizeOneSym' (STIXSizOneSymReg.ttf) normal normal 400 normal>) = 10.05
2026-06-26 19:57:23,174 DEBUG matplotlib.font_manager: findfont: score(<Font 'STIXSizeTwoSym' (STIXSizTwoSymReg.ttf) normal normal 400 normal>) = 10.05
2026-06-26 19:57:23,174 DEBUG matplotlib.font_manager: findfont: score(<Font 'STIXNonUnicode' (STIXNonUniIta.ttf) italic normal 400 normal>) = 11.05
2026-06-26 19:57:23,174 DEBUG matplotlib.font_manager: findfont: score(<Font 'cmsy10' (cmsy10.ttf) normal normal 400 normal>) = 10.05
2026-06-26 19:57:23,174 DEBUG matplotlib.font_manager: findfont: score(<Font 'STIXGeneral' (STIXGeneralItalic.ttf) italic normal 400 normal>) = 11.05
2026-06-26 19:57:23,174 DEBUG matplotlib.font_manager: findfont: score(<Font 'STIXGeneral' (STIXGeneralBol.ttf) normal normal 700 normal>) = 10.335
2026-06-26 19:57:23,175 DEBUG matplotlib.font_manager: findfont: score(<Font 'cmmi10' (cmmi10.ttf) normal normal 400 normal>) = 10.05
2026-06-26 19:57:23,175 DEBUG matplotlib.font_manager: findfont: score(<Font 'DejaVu Sans Mono' (DejaVuSansMono-BoldOblique.ttf) oblique normal 700 normal>) = 11.335
2026-06-26 19:57:23,175 DEBUG matplotlib.font_manager: findfont: score(<Font 'STIXSizeThreeSym' (STIXSizThreeSymBol.ttf) normal normal 700 normal>) = 10.335
2026-06-26 19:57:23,175 DEBUG matplotlib.font_manager: findfont: score(<Font 'cmr10' (cmr10.ttf) normal normal 400 normal>) = 10.05
2026-06-26 19:57:23,175 DEBUG matplotlib.font_manager: findfont: score(<Font 'DejaVu Sans' (DejaVuSans-BoldOblique.ttf) oblique normal 700 normal>) = 1.335
2026-06-26 19:57:23,175 DEBUG matplotlib.font_manager: findfont: score(<Font 'cmss10' (cmss10.ttf) normal normal 400 normal>) = 10.05
2026-06-26 19:57:23,175 DEBUG matplotlib.font_manager: findfont: score(<Font 'cmb10' (cmb10.ttf) normal normal 400 normal>) = 10.05
2026-06-26 19:57:23,175 DEBUG matplotlib.font_manager: findfont: score(<Font 'DejaVu Serif' (DejaVuSerif.ttf) normal normal 400 normal>) = 10.05
2026-06-26 19:57:23,175 DEBUG matplotlib.font_manager: findfont: score(<Font 'STIXSizeThreeSym' (STIXSizThreeSymReg.ttf) normal normal 400 normal>) = 10.05
2026-06-26 19:57:23,175 DEBUG matplotlib.font_manager: findfont: score(<Font 'STIXGeneral' (STIXGeneralBolIta.ttf) italic normal 700 normal>) = 11.335
2026-06-26 19:57:23,175 DEBUG matplotlib.font_manager: findfont: score(<Font 'STIXNonUnicode' (STIXNonUni.ttf) normal normal 400 normal>) = 10.05
2026-06-26 19:57:23,175 DEBUG matplotlib.font_manager: findfont: score(<Font 'DejaVu Sans Mono' (DejaVuSansMono.ttf) normal normal 400 normal>) = 10.05
2026-06-26 19:57:23,175 DEBUG matplotlib.font_manager: findfont: score(<Font 'DejaVu Serif' (DejaVuSerif-Bold.ttf) normal normal 700 normal>) = 10.335
2026-06-26 19:57:23,175 DEBUG matplotlib.font_manager: findfont: score(<Font 'DejaVu Sans Mono' (DejaVuSansMono-Bold.ttf) normal normal 700 normal>) = 10.335
2026-06-26 19:57:23,175 DEBUG matplotlib.font_manager: findfont: score(<Font 'DejaVu Sans' (DejaVuSans-Bold.ttf) normal normal 700 normal>) = 0.33499999999999996
2026-06-26 19:57:23,175 DEBUG matplotlib.font_manager: findfont: score(<Font 'DejaVu Serif' (DejaVuSerif.ttf) normal normal 400 normal>) = 10.05
2026-06-26 19:57:23,175 DEBUG matplotlib.font_manager: findfont: score(<Font 'DejaVu Sans' (DejaVuSans.ttf) normal normal 400 normal>) = 0.05
2026-06-26 19:57:23,175 DEBUG matplotlib.font_manager: findfont: Matching sans\-serif:style=normal:variant=normal:weight=normal:stretch=normal:size=12.0 to DejaVu Sans ('/tmp/_MEIKGygzi/matplotlib/mpl-data/fonts/ttf/DejaVuSans.ttf') with score of 0.050000.
2026-06-26 19:57:23,179 DEBUG matplotlib.font_manager: findfont: Matching sans\-serif:style=normal:variant=normal:weight=normal:stretch=normal:size=10.0.
2026-06-26 19:57:23,179 DEBUG matplotlib.font_manager: findfont: score(<Font 'DejaVu Sans Mono' (DejaVuSansMono-Bold.ttf) normal normal 700 normal>) = 10.335
2026-06-26 19:57:23,179 DEBUG matplotlib.font_manager: findfont: score(<Font 'STIXGeneral' (STIXGeneral.ttf) normal normal 400 normal>) = 10.05
2026-06-26 19:57:23,179 DEBUG matplotlib.font_manager: findfont: score(<Font 'STIXSizeFiveSym' (STIXSizFiveSymReg.ttf) normal normal 400 normal>) = 10.05
2026-06-26 19:57:23,179 DEBUG matplotlib.font_manager: findfont: score(<Font 'DejaVu Sans Display' (DejaVuSansDisplay.ttf) normal normal 400 normal>) = 10.05
2026-06-26 19:57:23,179 DEBUG matplotlib.font_manager: findfont: score(<Font 'cmtt10' (cmtt10.ttf) normal normal 400 normal>) = 10.05
2026-06-26 19:57:23,179 DEBUG matplotlib.font_manager: findfont: score(<Font 'DejaVu Sans' (DejaVuSans-Bold.ttf) normal normal 700 normal>) = 0.33499999999999996
2026-06-26 19:57:23,179 DEBUG matplotlib.font_manager: findfont: score(<Font 'STIXNonUnicode' (STIXNonUniBol.ttf) normal normal 700 normal>) = 10.335
2026-06-26 19:57:23,179 DEBUG matplotlib.font_manager: findfont: score(<Font 'DejaVu Sans' (DejaVuSans-Oblique.ttf) oblique normal 400 normal>) = 1.05
2026-06-26 19:57:23,179 DEBUG matplotlib.font_manager: findfont: score(<Font 'DejaVu Sans Mono' (DejaVuSansMono.ttf) normal normal 400 normal>) = 10.05
2026-06-26 19:57:23,179 DEBUG matplotlib.font_manager: findfont: score(<Font 'DejaVu Serif' (DejaVuSerif-Bold.ttf) normal normal 700 normal>) = 10.335
2026-06-26 19:57:23,179 DEBUG matplotlib.font_manager: findfont: score(<Font 'DejaVu Serif' (DejaVuSerif-BoldItalic.ttf) italic normal 700 normal>) = 11.335
2026-06-26 19:57:23,179 DEBUG matplotlib.font_manager: findfont: score(<Font 'STIXSizeOneSym' (STIXSizOneSymBol.ttf) normal normal 700 normal>) = 10.335
2026-06-26 19:57:23,179 DEBUG matplotlib.font_manager: findfont: score(<Font 'STIXSizeFourSym' (STIXSizFourSymBol.ttf) normal normal 700 normal>) = 10.335
2026-06-26 19:57:23,179 DEBUG matplotlib.font_manager: findfont: score(<Font 'STIXSizeTwoSym' (STIXSizTwoSymBol.ttf) normal normal 700 normal>) = 10.335
2026-06-26 19:57:23,179 DEBUG matplotlib.font_manager: findfont: score(<Font 'STIXNonUnicode' (STIXNonUniBolIta.ttf) italic normal 700 normal>) = 11.335
2026-06-26 19:57:23,179 DEBUG matplotlib.font_manager: findfont: score(<Font 'DejaVu Sans Mono' (DejaVuSansMono-Oblique.ttf) oblique normal 400 normal>) = 11.05
2026-06-26 19:57:23,179 DEBUG matplotlib.font_manager: findfont: score(<Font 'DejaVu Serif Display' (DejaVuSerifDisplay.ttf) normal normal 400 normal>) = 10.05
2026-06-26 19:57:23,179 DEBUG matplotlib.font_manager: findfont: score(<Font 'DejaVu Serif' (DejaVuSerif-Italic.ttf) italic normal 400 normal>) = 11.05
2026-06-26 19:57:23,179 DEBUG matplotlib.font_manager: findfont: score(<Font 'STIXSizeFourSym' (STIXSizFourSymReg.ttf) normal normal 400 normal>) = 10.05
2026-06-26 19:57:23,179 DEBUG matplotlib.font_manager: findfont: score(<Font 'DejaVu Sans' (DejaVuSans.ttf) normal normal 400 normal>) = 0.05
2026-06-26 19:57:23,179 DEBUG matplotlib.font_manager: findfont: score(<Font 'cmex10' (cmex10.ttf) normal normal 400 normal>) = 10.05
2026-06-26 19:57:23,180 DEBUG matplotlib.font_manager: findfont: score(<Font 'STIXSizeOneSym' (STIXSizOneSymReg.ttf) normal normal 400 normal>) = 10.05
2026-06-26 19:57:23,180 DEBUG matplotlib.font_manager: findfont: score(<Font 'STIXSizeTwoSym' (STIXSizTwoSymReg.ttf) normal normal 400 normal>) = 10.05
2026-06-26 19:57:23,180 DEBUG matplotlib.font_manager: findfont: score(<Font 'STIXNonUnicode' (STIXNonUniIta.ttf) italic normal 400 normal>) = 11.05
2026-06-26 19:57:23,180 DEBUG matplotlib.font_manager: findfont: score(<Font 'cmsy10' (cmsy10.ttf) normal normal 400 normal>) = 10.05
2026-06-26 19:57:23,180 DEBUG matplotlib.font_manager: findfont: score(<Font 'STIXGeneral' (STIXGeneralItalic.ttf) italic normal 400 normal>) = 11.05
2026-06-26 19:57:23,180 DEBUG matplotlib.font_manager: findfont: score(<Font 'STIXGeneral' (STIXGeneralBol.ttf) normal normal 700 normal>) = 10.335
2026-06-26 19:57:23,180 DEBUG matplotlib.font_manager: findfont: score(<Font 'cmmi10' (cmmi10.ttf) normal normal 400 normal>) = 10.05
2026-06-26 19:57:23,180 DEBUG matplotlib.font_manager: findfont: score(<Font 'DejaVu Sans Mono' (DejaVuSansMono-BoldOblique.ttf) oblique normal 700 normal>) = 11.335
2026-06-26 19:57:23,180 DEBUG matplotlib.font_manager: findfont: score(<Font 'STIXSizeThreeSym' (STIXSizThreeSymBol.ttf) normal normal 700 normal>) = 10.335
2026-06-26 19:57:23,180 DEBUG matplotlib.font_manager: findfont: score(<Font 'cmr10' (cmr10.ttf) normal normal 400 normal>) = 10.05
2026-06-26 19:57:23,180 DEBUG matplotlib.font_manager: findfont: score(<Font 'DejaVu Sans' (DejaVuSans-BoldOblique.ttf) oblique normal 700 normal>) = 1.335
2026-06-26 19:57:23,180 DEBUG matplotlib.font_manager: findfont: score(<Font 'cmss10' (cmss10.ttf) normal normal 400 normal>) = 10.05
2026-06-26 19:57:23,180 DEBUG matplotlib.font_manager: findfont: score(<Font 'cmb10' (cmb10.ttf) normal normal 400 normal>) = 10.05
2026-06-26 19:57:23,180 DEBUG matplotlib.font_manager: findfont: score(<Font 'DejaVu Serif' (DejaVuSerif.ttf) normal normal 400 normal>) = 10.05
2026-06-26 19:57:23,180 DEBUG matplotlib.font_manager: findfont: score(<Font 'STIXSizeThreeSym' (STIXSizThreeSymReg.ttf) normal normal 400 normal>) = 10.05
2026-06-26 19:57:23,180 DEBUG matplotlib.font_manager: findfont: score(<Font 'STIXGeneral' (STIXGeneralBolIta.ttf) italic normal 700 normal>) = 11.335
2026-06-26 19:57:23,180 DEBUG matplotlib.font_manager: findfont: score(<Font 'STIXNonUnicode' (STIXNonUni.ttf) normal normal 400 normal>) = 10.05
2026-06-26 19:57:23,180 DEBUG matplotlib.font_manager: findfont: score(<Font 'DejaVu Sans Mono' (DejaVuSansMono.ttf) normal normal 400 normal>) = 10.05
2026-06-26 19:57:23,180 DEBUG matplotlib.font_manager: findfont: score(<Font 'DejaVu Serif' (DejaVuSerif-Bold.ttf) normal normal 700 normal>) = 10.335
2026-06-26 19:57:23,180 DEBUG matplotlib.font_manager: findfont: score(<Font 'DejaVu Sans Mono' (DejaVuSansMono-Bold.ttf) normal normal 700 normal>) = 10.335
2026-06-26 19:57:23,180 DEBUG matplotlib.font_manager: findfont: score(<Font 'DejaVu Sans' (DejaVuSans-Bold.ttf) normal normal 700 normal>) = 0.33499999999999996
2026-06-26 19:57:23,180 DEBUG matplotlib.font_manager: findfont: score(<Font 'DejaVu Serif' (DejaVuSerif.ttf) normal normal 400 normal>) = 10.05
2026-06-26 19:57:23,180 DEBUG matplotlib.font_manager: findfont: score(<Font 'DejaVu Sans' (DejaVuSans.ttf) normal normal 400 normal>) = 0.05
2026-06-26 19:57:23,180 DEBUG matplotlib.font_manager: findfont: Matching sans\-serif:style=normal:variant=normal:weight=normal:stretch=normal:size=10.0 to DejaVu Sans ('/tmp/_MEIKGygzi/matplotlib/mpl-data/fonts/ttf/DejaVuSans.ttf') with score of 0.050000.
2026-06-26 19:57:23,236 INFO utils.complier: analyse  formula:[{'type': 'VARIABLE_DICT', 'value': '{{{ISU.AP_PERF_INST_CYCLES_MMA}}}'}, {'type': 'VARIABLE_DICT', 'value': '{{{ISU.AP_PERF_INST_CYCLES_MMA}}}'}, {'type': 'VARIABLE_DICT', 'value': '{{{ISU.AP_PERF_INST_CYCLES_VALU}}}'}]
2026-06-26 19:57:23,236 INFO utils.complier: analyse  formula:[]
2026-06-26 19:57:23,237 INFO utils.complier: analyse  formula:[]
2026-06-26 19:57:23,238 INFO utils.complier: analyse  formula:[{'type': 'PROC_VAR', 'value': '$dpcs'}, {'type': 'PROC_VAR', 'value': '$RET'}, {'type': 'PROC_VAR', 'value': '$dpcs'}]
2026-06-26 19:57:23,238 INFO utils.complier: analyse  formula:[{'type': 'VARIABLE_DICT', 'value': '{{{ISU.AP_PERF_INST_CYCLES_MMA}}}'}, {'type': 'VARIABLE_DICT', 'value': '{{{ISU.AP_PERF_INST_CYCLES_MMA}}}'}, {'type': 'VARIABLE_DICT', 'value': '{{{ISU.AP_PERF_INST_CYCLES_VALU}}}'}]
2026-06-26 19:57:23,239 INFO utils.complier: analyse  formula:[]
2026-06-26 19:57:23,240 INFO utils.complier: analyse  formula:[]
2026-06-26 19:57:23,241 INFO utils.complier: analyse  formula:[]
2026-06-26 19:57:23,333 INFO utils.complier: analyse  formula:[{'type': 'VARIABLE', 'value': '{{ISU.AP_PERF_INSTS_VALU}}'}, {'type': 'VARIABLE', 'value': '{{ISU.AP_PERF_INSTS_MMA}}'}, {'type': 'VARIABLE', 'value': '{{ISU.AP_PERF_INSTS_SALU}}'}, {'type': 'VARIABLE', 'value': '{{ISU.AP_PERF_INSTS_GVM}}'}, {'type': 'VARIABLE', 'value': '{{ISU.AP_PERF_INSTS_BSM}}'}, {'type': 'VARIABLE', 'value': '{{ISU.AP_PERF_INSTS_LDU}}'}, {'type': 'VARIABLE', 'value': '{{ISU.AP_PERF_INST_MISC}}'}]
2026-06-26 19:57:23,334 INFO utils.complier: analyse  formula:[]
2026-06-26 19:57:23,335 INFO utils.complier: analyse  formula:[]
2026-06-26 19:57:23,338 INFO utils.complier: analyse  formula:[{'type': 'PROC_VAR', 'value': '$valu'}, {'type': 'PROC_VAR', 'value': '$mma'}, {'type': 'PROC_VAR', 'value': '$salu'}, {'type': 'PROC_VAR', 'value': '$gvm'}, {'type': 'PROC_VAR', 'value': '$bsm'}, {'type': 'PROC_VAR', 'value': '$ldu'}, {'type': 'PROC_VAR', 'value': '$misc'}, {'type': 'PROC_VAR', 'value': '$RET'}, {'type': 'PROC_VAR', 'value': '$valu'}, {'type': 'PROC_VAR', 'value': '$mma'}, {'type': 'PROC_VAR', 'value': '$salu'}, {'type': 'PROC_VAR', 'value': '$gvm'}, {'type': 'PROC_VAR', 'value': '$bsm'}, {'type': 'PROC_VAR', 'value': '$ldu'}, {'type': 'PROC_VAR', 'value': '$misc'}]
2026-06-26 19:57:23,339 INFO utils.complier: analyse  formula:[]
2026-06-26 19:57:23,341 INFO utils.complier: analyse  formula:[{'type': 'VARIABLE', 'value': '{{ISU.AP_PERF_INSTS_VALU}}'}, {'type': 'VARIABLE', 'value': '{{ISU.AP_PERF_INSTS_MMA}}'}, {'type': 'VARIABLE', 'value': '{{ISU.AP_PERF_INSTS_SALU}}'}, {'type': 'VARIABLE', 'value': '{{ISU.AP_PERF_INSTS_GVM}}'}, {'type': 'VARIABLE', 'value': '{{ISU.AP_PERF_INSTS_BSM}}'}, {'type': 'VARIABLE', 'value': '{{ISU.AP_PERF_INSTS_LDU}}'}, {'type': 'VARIABLE', 'value': '{{ISU.AP_PERF_INST_MISC}}'}]
2026-06-26 19:57:23,344 INFO utils.complier: analyse  formula:[]
2026-06-26 19:57:23,346 INFO utils.complier: analyse  formula:[]
2026-06-26 19:57:23,439 INFO utils.complier: analyse  formula:[{'type': 'VARIABLE', 'value': '{{ISU.AP_PERF_ISU_ARB_WSM_STALL}}'}, {'type': 'VARIABLE', 'value': '{{ISU.AP_PERF_ISU_ARB_VLS_STALL}}'}, {'type': 'VARIABLE', 'value': '{{ISU.AP_PERF_ISU_ARB_DATA_STALL}}'}, {'type': 'VARIABLE', 'value': '{{ISU.AP_PERF_ISU_ARB_VALU_STALL}}'}]
2026-06-26 19:57:23,440 INFO utils.complier: analyse  formula:[]
2026-06-26 19:57:23,441 INFO utils.complier: analyse  formula:[]
2026-06-26 19:57:23,443 INFO utils.complier: analyse  formula:[{'type': 'PROC_VAR', 'value': '$RET'}]
2026-06-26 19:57:23,443 INFO utils.complier: analyse  formula:[]
2026-06-26 19:57:23,444 INFO utils.complier: analyse  formula:[{'type': 'VARIABLE', 'value': '{{ISU.AP_PERF_ISU_ARB_WSM_STALL}}'}, {'type': 'VARIABLE', 'value': '{{ISU.AP_PERF_ISU_ARB_VLS_STALL}}'}, {'type': 'VARIABLE', 'value': '{{ISU.AP_PERF_ISU_ARB_DATA_STALL}}'}, {'type': 'VARIABLE', 'value': '{{ISU.AP_PERF_ISU_ARB_VALU_STALL}}'}]
2026-06-26 19:57:23,445 INFO utils.complier: analyse  formula:[]
2026-06-26 19:57:23,446 INFO utils.complier: analyse  formula:[]
2026-06-26 19:57:23,518 INFO utils.complier: analyse  formula:[]
2026-06-26 19:57:23,518 INFO utils.complier: analyse  formula:[]
2026-06-26 19:57:23,518 INFO utils.complier: analyse  formula:[{'type': 'PRE_VAR', 'value': '@global_insts_rd'}]
2026-06-26 19:57:23,518 INFO utils.complier: analyse  formula:[{'type': 'PROC_VAR', 'value': '$RET'}]
2026-06-26 19:57:23,518 INFO utils.complier: analyse  formula:[]
2026-06-26 19:57:23,518 INFO utils.complier: analyse  formula:[]
2026-06-26 19:57:23,518 INFO utils.complier: analyse  formula:[{'type': 'PRE_VAR', 'value': '@global_insts_rd'}]
2026-06-26 19:57:23,518 INFO utils.complier: analyse  formula:[]
2026-06-26 19:57:23,519 INFO utils.complier: analyse  formula:[]
2026-06-26 19:57:23,519 INFO utils.complier: analyse  formula:[]
2026-06-26 19:57:23,519 INFO utils.complier: analyse  formula:[{'type': 'PRE_VAR', 'value': '@global_insts_wr'}]
2026-06-26 19:57:23,519 INFO utils.complier: analyse  formula:[{'type': 'PROC_VAR', 'value': '$RET'}]
2026-06-26 19:57:23,519 INFO utils.complier: analyse  formula:[]
2026-06-26 19:57:23,519 INFO utils.complier: analyse  formula:[]
2026-06-26 19:57:23,519 INFO utils.complier: analyse  formula:[{'type': 'PRE_VAR', 'value': '@global_insts_wr'}]
2026-06-26 19:57:23,519 INFO utils.complier: analyse  formula:[]
2026-06-26 19:57:23,519 INFO utils.complier: analyse  formula:[{'type': 'VARIABLE', 'value': '{{ISU.AP_PERF_INST_GLOBAL_ATOMIC}}'}, {'type': 'VARIABLE', 'value': '{{ISU.AP_PERF_INST_GLOBAL_ATOMIC_64}}'}]
2026-06-26 19:57:23,519 INFO utils.complier: analyse  formula:[]
2026-06-26 19:57:23,519 INFO utils.complier: analyse  formula:[]
2026-06-26 19:57:23,520 INFO utils.complier: analyse  formula:[{'type': 'PROC_VAR', 'value': '$RET'}]
2026-06-26 19:57:23,520 INFO utils.complier: analyse  formula:[]
2026-06-26 19:57:23,520 INFO utils.complier: analyse  formula:[{'type': 'VARIABLE', 'value': '{{ISU.AP_PERF_INST_GLOBAL_ATOMIC}}'}, {'type': 'VARIABLE', 'value': '{{ISU.AP_PERF_INST_GLOBAL_ATOMIC_64}}'}]
2026-06-26 19:57:23,521 INFO utils.complier: analyse  formula:[]
2026-06-26 19:57:23,521 INFO utils.complier: analyse  formula:[]
2026-06-26 19:57:23,521 INFO utils.complier: analyse  formula:[]
2026-06-26 19:57:23,521 INFO utils.complier: analyse  formula:[]
2026-06-26 19:57:23,521 INFO utils.complier: analyse  formula:[{'type': 'PRE_VAR', 'value': '@private_insts_rd'}]
2026-06-26 19:57:23,521 INFO utils.complier: analyse  formula:[{'type': 'PROC_VAR', 'value': '$RET'}]
2026-06-26 19:57:23,521 INFO utils.complier: analyse  formula:[]
2026-06-26 19:57:23,521 INFO utils.complier: analyse  formula:[]
2026-06-26 19:57:23,521 INFO utils.complier: analyse  formula:[{'type': 'PRE_VAR', 'value': '@private_insts_rd'}]
2026-06-26 19:57:23,522 INFO utils.complier: analyse  formula:[]
2026-06-26 19:57:23,522 INFO utils.complier: analyse  formula:[]
2026-06-26 19:57:23,522 INFO utils.complier: analyse  formula:[]
2026-06-26 19:57:23,522 INFO utils.complier: analyse  formula:[{'type': 'PRE_VAR', 'value': '@private_insts_wr'}]
2026-06-26 19:57:23,522 INFO utils.complier: analyse  formula:[{'type': 'PROC_VAR', 'value': '$RET'}]
2026-06-26 19:57:23,522 INFO utils.complier: analyse  formula:[]
2026-06-26 19:57:23,522 INFO utils.complier: analyse  formula:[]
2026-06-26 19:57:23,522 INFO utils.complier: analyse  formula:[{'type': 'PRE_VAR', 'value': '@private_insts_wr'}]
2026-06-26 19:57:23,522 INFO utils.complier: analyse  formula:[]
2026-06-26 19:57:23,522 INFO utils.complier: analyse  formula:[]
2026-06-26 19:57:23,522 INFO utils.complier: analyse  formula:[]
2026-06-26 19:57:23,522 INFO utils.complier: analyse  formula:[{'type': 'PRE_VAR', 'value': '@ldu_insts_rd'}]
2026-06-26 19:57:23,522 INFO utils.complier: analyse  formula:[{'type': 'PROC_VAR', 'value': '$RET'}]
2026-06-26 19:57:23,523 INFO utils.complier: analyse  formula:[]
2026-06-26 19:57:23,523 INFO utils.complier: analyse  formula:[]
2026-06-26 19:57:23,523 INFO utils.complier: analyse  formula:[{'type': 'PRE_VAR', 'value': '@ldu_insts_rd'}]
2026-06-26 19:57:23,523 INFO utils.complier: analyse  formula:[]
2026-06-26 19:57:23,523 INFO utils.complier: analyse  formula:[]
2026-06-26 19:57:23,523 INFO utils.complier: analyse  formula:[]
2026-06-26 19:57:23,523 INFO utils.complier: analyse  formula:[{'type': 'PRE_VAR', 'value': '@sl1_rd'}]
2026-06-26 19:57:23,523 INFO utils.complier: analyse  formula:[{'type': 'PROC_VAR', 'value': '$RET'}]
2026-06-26 19:57:23,523 INFO utils.complier: analyse  formula:[]
2026-06-26 19:57:23,523 INFO utils.complier: analyse  formula:[]
2026-06-26 19:57:23,524 INFO utils.complier: analyse  formula:[{'type': 'PRE_VAR', 'value': '@sl1_rd'}]
2026-06-26 19:57:23,524 INFO utils.complier: analyse  formula:[]
2026-06-26 19:57:23,524 INFO utils.complier: analyse  formula:[]
2026-06-26 19:57:23,524 INFO utils.complier: analyse  formula:[]
2026-06-26 19:57:23,524 INFO utils.complier: analyse  formula:[{'type': 'PRE_VAR', 'value': '@sl1_l2c_rd'}]
2026-06-26 19:57:23,524 INFO utils.complier: analyse  formula:[{'type': 'PROC_VAR', 'value': '$RET'}]
2026-06-26 19:57:23,524 INFO utils.complier: analyse  formula:[]
2026-06-26 19:57:23,524 INFO utils.complier: analyse  formula:[]
2026-06-26 19:57:23,524 INFO utils.complier: analyse  formula:[{'type': 'PRE_VAR', 'value': '@sl1_l2c_rd'}]
2026-06-26 19:57:23,524 INFO utils.complier: analyse  formula:[]
2026-06-26 19:57:23,524 INFO utils.complier: analyse  formula:[]
2026-06-26 19:57:23,524 INFO utils.complier: analyse  formula:[]
2026-06-26 19:57:23,525 INFO utils.complier: analyse  formula:[{'type': 'PRE_VAR', 'value': '@sl1_hit_rate'}]
2026-06-26 19:57:23,525 INFO utils.complier: analyse  formula:[{'type': 'PROC_VAR', 'value': '$RET'}]
2026-06-26 19:57:23,525 INFO utils.complier: analyse  formula:[]
2026-06-26 19:57:23,525 INFO utils.complier: analyse  formula:[]
2026-06-26 19:57:23,525 INFO utils.complier: analyse  formula:[{'type': 'PRE_VAR', 'value': '@sl1_hit_rate'}]
2026-06-26 19:57:23,525 INFO utils.complier: analyse  formula:[]
2026-06-26 19:57:23,525 INFO utils.complier: analyse  formula:[]
2026-06-26 19:57:23,525 INFO utils.complier: analyse  formula:[]
2026-06-26 19:57:23,525 INFO utils.complier: analyse  formula:[{'type': 'PRE_VAR', 'value': '@vl1_insts_rd'}]
2026-06-26 19:57:23,525 INFO utils.complier: analyse  formula:[{'type': 'PROC_VAR', 'value': '$RET'}]
2026-06-26 19:57:23,525 INFO utils.complier: analyse  formula:[]
2026-06-26 19:57:23,525 INFO utils.complier: analyse  formula:[]
2026-06-26 19:57:23,526 INFO utils.complier: analyse  formula:[{'type': 'PRE_VAR', 'value': '@vl1_insts_rd'}]
2026-06-26 19:57:23,526 INFO utils.complier: analyse  formula:[]
2026-06-26 19:57:23,526 INFO utils.complier: analyse  formula:[]
2026-06-26 19:57:23,526 INFO utils.complier: analyse  formula:[]
2026-06-26 19:57:23,526 INFO utils.complier: analyse  formula:[{'type': 'PRE_VAR', 'value': '@vl1_insts_wr'}]
2026-06-26 19:57:23,526 INFO utils.complier: analyse  formula:[{'type': 'PROC_VAR', 'value': '$RET'}]
2026-06-26 19:57:23,526 INFO utils.complier: analyse  formula:[]
2026-06-26 19:57:23,526 INFO utils.complier: analyse  formula:[]
2026-06-26 19:57:23,526 INFO utils.complier: analyse  formula:[{'type': 'PRE_VAR', 'value': '@vl1_insts_wr'}]
2026-06-26 19:57:23,526 INFO utils.complier: analyse  formula:[]
2026-06-26 19:57:23,527 INFO utils.complier: analyse  formula:[{'type': 'VARIABLE', 'value': '{{VL1.p_total_atomic_instruction_event}}'}]
2026-06-26 19:57:23,527 INFO utils.complier: analyse  formula:[]
2026-06-26 19:57:23,527 INFO utils.complier: analyse  formula:[]
2026-06-26 19:57:23,527 INFO utils.complier: analyse  formula:[{'type': 'PROC_VAR', 'value': '$RET'}]
2026-06-26 19:57:23,527 INFO utils.complier: analyse  formula:[]
2026-06-26 19:57:23,527 INFO utils.complier: analyse  formula:[{'type': 'VARIABLE', 'value': '{{VL1.p_total_atomic_instruction_event}}'}]
2026-06-26 19:57:23,527 INFO utils.complier: analyse  formula:[]
2026-06-26 19:57:23,528 INFO utils.complier: analyse  formula:[]
2026-06-26 19:57:23,528 INFO utils.complier: analyse  formula:[]
2026-06-26 19:57:23,528 INFO utils.complier: analyse  formula:[]
2026-06-26 19:57:23,528 INFO utils.complier: analyse  formula:[{'type': 'PRE_VAR', 'value': '@vl1_hit_rate'}]
2026-06-26 19:57:23,528 INFO utils.complier: analyse  formula:[{'type': 'PROC_VAR', 'value': '$RET'}]
2026-06-26 19:57:23,528 INFO utils.complier: analyse  formula:[]
2026-06-26 19:57:23,528 INFO utils.complier: analyse  formula:[]
2026-06-26 19:57:23,528 INFO utils.complier: analyse  formula:[{'type': 'PRE_VAR', 'value': '@vl1_hit_rate'}]
2026-06-26 19:57:23,528 INFO utils.complier: analyse  formula:[]
2026-06-26 19:57:23,528 INFO utils.complier: analyse  formula:[]
2026-06-26 19:57:23,528 INFO utils.complier: analyse  formula:[]
2026-06-26 19:57:23,528 INFO utils.complier: analyse  formula:[{'type': 'PRE_VAR', 'value': '@l2c_insts_rd'}]
2026-06-26 19:57:23,528 INFO utils.complier: analyse  formula:[{'type': 'PROC_VAR', 'value': '$RET'}]
2026-06-26 19:57:23,529 INFO utils.complier: analyse  formula:[]
2026-06-26 19:57:23,529 INFO utils.complier: analyse  formula:[]
2026-06-26 19:57:23,529 INFO utils.complier: analyse  formula:[{'type': 'PRE_VAR', 'value': '@l2c_insts_rd'}]
2026-06-26 19:57:23,529 INFO utils.complier: analyse  formula:[]
2026-06-26 19:57:23,529 INFO utils.complier: analyse  formula:[]
2026-06-26 19:57:23,529 INFO utils.complier: analyse  formula:[]
2026-06-26 19:57:23,529 INFO utils.complier: analyse  formula:[{'type': 'PRE_VAR', 'value': '@l2c_insts_wr'}]
2026-06-26 19:57:23,529 INFO utils.complier: analyse  formula:[{'type': 'PROC_VAR', 'value': '$RET'}]
2026-06-26 19:57:23,529 INFO utils.complier: analyse  formula:[]
2026-06-26 19:57:23,529 INFO utils.complier: analyse  formula:[]
2026-06-26 19:57:23,530 INFO utils.complier: analyse  formula:[{'type': 'PRE_VAR', 'value': '@l2c_insts_wr'}]
2026-06-26 19:57:23,530 INFO utils.complier: analyse  formula:[]
2026-06-26 19:57:23,530 INFO utils.complier: analyse  formula:[{'type': 'VARIABLE', 'value': '{{L2C.perf_atomic_req}}'}]
2026-06-26 19:57:23,530 INFO utils.complier: analyse  formula:[]
2026-06-26 19:57:23,530 INFO utils.complier: analyse  formula:[]
2026-06-26 19:57:23,530 INFO utils.complier: analyse  formula:[{'type': 'PROC_VAR', 'value': '$RET'}]
2026-06-26 19:57:23,530 INFO utils.complier: analyse  formula:[]
2026-06-26 19:57:23,530 INFO utils.complier: analyse  formula:[{'type': 'VARIABLE', 'value': '{{L2C.perf_atomic_req}}'}]
2026-06-26 19:57:23,530 INFO utils.complier: analyse  formula:[]
2026-06-26 19:57:23,531 INFO utils.complier: analyse  formula:[]
2026-06-26 19:57:23,531 INFO utils.complier: analyse  formula:[]
2026-06-26 19:57:23,531 INFO utils.complier: analyse  formula:[]
2026-06-26 19:57:23,531 INFO utils.complier: analyse  formula:[{'type': 'PRE_VAR', 'value': '@l2c_hit_rate'}]
2026-06-26 19:57:23,531 INFO utils.complier: analyse  formula:[{'type': 'PROC_VAR', 'value': '$RET'}]
2026-06-26 19:57:23,531 INFO utils.complier: analyse  formula:[]
2026-06-26 19:57:23,531 INFO utils.complier: analyse  formula:[]
2026-06-26 19:57:23,531 INFO utils.complier: analyse  formula:[{'type': 'PRE_VAR', 'value': '@l2c_hit_rate'}]
2026-06-26 19:57:23,531 INFO utils.complier: analyse  formula:[]
2026-06-26 19:57:23,531 INFO utils.complier: analyse  formula:[{'type': 'VARIABLE', 'value': '{{ISU.AP_PERF_INSTS_GVM_ATOMIC}}'}, {'type': 'VARIABLE', 'value': '{{ISU.AP_PERF_INST_BSM_ATOMIC}}'}]
2026-06-26 19:57:23,531 INFO utils.complier: analyse  formula:[]
2026-06-26 19:57:23,532 INFO utils.complier: analyse  formula:[]
2026-06-26 19:57:23,532 INFO utils.complier: analyse  formula:[{'type': 'PROC_VAR', 'value': '$RET'}]
2026-06-26 19:57:23,532 INFO utils.complier: analyse  formula:[]
2026-06-26 19:57:23,532 INFO utils.complier: analyse  formula:[{'type': 'VARIABLE', 'value': '{{ISU.AP_PERF_INSTS_GVM_ATOMIC}}'}, {'type': 'VARIABLE', 'value': '{{ISU.AP_PERF_INST_BSM_ATOMIC}}'}]
2026-06-26 19:57:23,533 INFO utils.complier: analyse  formula:[]
2026-06-26 19:57:23,533 INFO utils.complier: analyse  formula:[]
2026-06-26 19:57:23,533 INFO utils.complier: analyse  formula:[{'type': 'VARIABLE', 'value': '{{L2C.perf_dnoc_rdreq}}'}]
2026-06-26 19:57:23,533 INFO utils.complier: analyse  formula:[]
2026-06-26 19:57:23,533 INFO utils.complier: analyse  formula:[]
2026-06-26 19:57:23,533 INFO utils.complier: analyse  formula:[{'type': 'PROC_VAR', 'value': '$RET'}]
2026-06-26 19:57:23,533 INFO utils.complier: analyse  formula:[]
2026-06-26 19:57:23,533 INFO utils.complier: analyse  formula:[{'type': 'VARIABLE', 'value': '{{L2C.perf_dnoc_rdreq}}'}]
2026-06-26 19:57:23,534 INFO utils.complier: analyse  formula:[]
2026-06-26 19:57:23,534 INFO utils.complier: analyse  formula:[]
2026-06-26 19:57:23,534 INFO utils.complier: analyse  formula:[{'type': 'VARIABLE', 'value': '{{L2C.perf_dnoc_wrreq}}'}]
2026-06-26 19:57:23,534 INFO utils.complier: analyse  formula:[]
2026-06-26 19:57:23,534 INFO utils.complier: analyse  formula:[]
2026-06-26 19:57:23,534 INFO utils.complier: analyse  formula:[{'type': 'PROC_VAR', 'value': '$RET'}]
2026-06-26 19:57:23,534 INFO utils.complier: analyse  formula:[]
2026-06-26 19:57:23,534 INFO utils.complier: analyse  formula:[{'type': 'VARIABLE', 'value': '{{L2C.perf_dnoc_wrreq}}'}]
2026-06-26 19:57:23,534 INFO utils.complier: analyse  formula:[]
2026-06-26 19:57:23,535 INFO utils.complier: analyse  formula:[]
2026-06-26 19:57:23,535 INFO utils.complier: analyse  formula:[{'type': 'VARIABLE', 'value': '{{L2C.perf_dnoc_rdreq_32B}}'}, {'type': 'VARIABLE', 'value': '{{L2C.perf_dnoc_rdreq_64B}}'}, {'type': 'VARIABLE', 'value': '{{L2C.perf_dnoc_rdreq_128B}}'}]
2026-06-26 19:57:23,535 INFO utils.complier: analyse  formula:[]
2026-06-26 19:57:23,535 INFO utils.complier: analyse  formula:[]
2026-06-26 19:57:23,535 INFO utils.complier: analyse  formula:[{'type': 'PROC_VAR', 'value': '$RET'}]
2026-06-26 19:57:23,536 INFO utils.complier: analyse  formula:[]
2026-06-26 19:57:23,536 INFO utils.complier: analyse  formula:[{'type': 'VARIABLE', 'value': '{{L2C.perf_dnoc_rdreq_32B}}'}, {'type': 'VARIABLE', 'value': '{{L2C.perf_dnoc_rdreq_64B}}'}, {'type': 'VARIABLE', 'value': '{{L2C.perf_dnoc_rdreq_128B}}'}]
2026-06-26 19:57:23,536 INFO utils.complier: analyse  formula:[]
2026-06-26 19:57:23,537 INFO utils.complier: analyse  formula:[]
2026-06-26 19:57:23,537 INFO utils.complier: analyse  formula:[{'type': 'VARIABLE', 'value': '{{L2C.perf_dnoc_wrreq_32B_low}}'}, {'type': 'VARIABLE', 'value': '{{L2C.perf_dnoc_wrreq_32B_high}}'}, {'type': 'VARIABLE', 'value': '{{L2C.perf_dnoc_wrreq_64B}}'}, {'type': 'VARIABLE', 'value': '{{L2C.perf_dnoc_wrreq_128B}}'}]
2026-06-26 19:57:23,537 INFO utils.complier: analyse  formula:[]
2026-06-26 19:57:23,537 INFO utils.complier: analyse  formula:[]
2026-06-26 19:57:23,538 INFO utils.complier: analyse  formula:[{'type': 'PROC_VAR', 'value': '$RET'}]
2026-06-26 19:57:23,538 INFO utils.complier: analyse  formula:[]
2026-06-26 19:57:23,538 INFO utils.complier: analyse  formula:[{'type': 'VARIABLE', 'value': '{{L2C.perf_dnoc_wrreq_32B_low}}'}, {'type': 'VARIABLE', 'value': '{{L2C.perf_dnoc_wrreq_32B_high}}'}, {'type': 'VARIABLE', 'value': '{{L2C.perf_dnoc_wrreq_64B}}'}, {'type': 'VARIABLE', 'value': '{{L2C.perf_dnoc_wrreq_128B}}'}]
2026-06-26 19:57:23,539 INFO utils.complier: analyse  formula:[]
2026-06-26 19:57:23,539 INFO utils.complier: analyse  formula:[]
2026-06-26 19:57:23,542 INFO utils.complier: analyse  formula:[]
2026-06-26 19:57:23,546 INFO utils.complier: analyse  formula:[]
2026-06-26 19:57:23,549 INFO utils.complier: analyse  formula:[{'type': 'PRE_VAR', 'value': '@vl1_hit_rate'}, {'type': 'PRE_VAR', 'value': '@l2c_hit_rate'}, {'type': 'PRE_VAR', 'value': '@sl1_hit_rate'}, {'type': 'PRE_VAR', 'value': '@global_insts_rd'}, {'type': 'PRE_VAR', 'value': '@global_insts_wr'}, {'type': 'PRE_VAR', 'value': '@private_insts_rd'}, {'type': 'PRE_VAR', 'value': '@private_insts_wr'}, {'type': 'PRE_VAR', 'value': '@generic_insts_rd'}, {'type': 'PRE_VAR', 'value': '@generic_insts_wr'}, {'type': 'PRE_VAR', 'value': '@ldu_insts_rd'}, {'type': 'PRE_VAR', 'value': '@bsm_insts_rd'}, {'type': 'PRE_VAR', 'value': '@bsm_insts_wr'}, {'type': 'PRE_VAR', 'value': '@vl1_insts_rd'}, {'type': 'PRE_VAR', 'value': '@vl1_insts_wr'}, {'type': 'PRE_VAR', 'value': '@sl1_rd'}, {'type': 'PRE_VAR', 'value': '@sl1_l2c_rd'}, {'type': 'PRE_VAR', 'value': '@l2c_insts_rd'}, {'type': 'PRE_VAR', 'value': '@l2c_insts_wr'}]
2026-06-26 19:57:23,564 INFO utils.complier: analyse  formula:[{'type': 'PROC_VAR', 'value': '$RET'}]
2026-06-26 19:57:23,567 INFO utils.complier: analyse  formula:[]
2026-06-26 19:57:23,571 INFO utils.complier: analyse  formula:[]
2026-06-26 19:57:23,574 INFO utils.complier: analyse  formula:[{'type': 'PRE_VAR', 'value': '@vl1_hit_rate'}, {'type': 'PRE_VAR', 'value': '@l2c_hit_rate'}, {'type': 'PRE_VAR', 'value': '@sl1_hit_rate'}, {'type': 'PRE_VAR', 'value': '@global_insts_rd'}, {'type': 'PRE_VAR', 'value': '@global_insts_wr'}, {'type': 'PRE_VAR', 'value': '@private_insts_rd'}, {'type': 'PRE_VAR', 'value': '@private_insts_wr'}, {'type': 'PRE_VAR', 'value': '@generic_insts_rd'}, {'type': 'PRE_VAR', 'value': '@generic_insts_wr'}, {'type': 'PRE_VAR', 'value': '@ldu_insts_rd'}, {'type': 'PRE_VAR', 'value': '@bsm_insts_rd'}, {'type': 'PRE_VAR', 'value': '@bsm_insts_wr'}, {'type': 'PRE_VAR', 'value': '@vl1_insts_rd'}, {'type': 'PRE_VAR', 'value': '@vl1_insts_wr'}, {'type': 'PRE_VAR', 'value': '@sl1_rd'}, {'type': 'PRE_VAR', 'value': '@sl1_l2c_rd'}, {'type': 'PRE_VAR', 'value': '@l2c_insts_rd'}, {'type': 'PRE_VAR', 'value': '@l2c_insts_wr'}]
2026-06-26 19:57:23,578 INFO utils.complier: analyse  formula:[]
2026-06-26 19:57:23,654 DEBUG matplotlib.font_manager: findfont: Matching sans\-serif:style=normal:variant=normal:weight=normal:stretch=normal:size=5.789999999999999.
2026-06-26 19:57:23,654 DEBUG matplotlib.font_manager: findfont: score(<Font 'DejaVu Sans Mono' (DejaVuSansMono-Bold.ttf) normal normal 700 normal>) = 10.335
2026-06-26 19:57:23,654 DEBUG matplotlib.font_manager: findfont: score(<Font 'STIXGeneral' (STIXGeneral.ttf) normal normal 400 normal>) = 10.05
2026-06-26 19:57:23,654 DEBUG matplotlib.font_manager: findfont: score(<Font 'STIXSizeFiveSym' (STIXSizFiveSymReg.ttf) normal normal 400 normal>) = 10.05
2026-06-26 19:57:23,654 DEBUG matplotlib.font_manager: findfont: score(<Font 'DejaVu Sans Display' (DejaVuSansDisplay.ttf) normal normal 400 normal>) = 10.05
2026-06-26 19:57:23,654 DEBUG matplotlib.font_manager: findfont: score(<Font 'cmtt10' (cmtt10.ttf) normal normal 400 normal>) = 10.05
2026-06-26 19:57:23,654 DEBUG matplotlib.font_manager: findfont: score(<Font 'DejaVu Sans' (DejaVuSans-Bold.ttf) normal normal 700 normal>) = 0.33499999999999996
2026-06-26 19:57:23,654 DEBUG matplotlib.font_manager: findfont: score(<Font 'STIXNonUnicode' (STIXNonUniBol.ttf) normal normal 700 normal>) = 10.335
2026-06-26 19:57:23,654 DEBUG matplotlib.font_manager: findfont: score(<Font 'DejaVu Sans' (DejaVuSans-Oblique.ttf) oblique normal 400 normal>) = 1.05
2026-06-26 19:57:23,655 DEBUG matplotlib.font_manager: findfont: score(<Font 'DejaVu Sans Mono' (DejaVuSansMono.ttf) normal normal 400 normal>) = 10.05
2026-06-26 19:57:23,655 DEBUG matplotlib.font_manager: findfont: score(<Font 'DejaVu Serif' (DejaVuSerif-Bold.ttf) normal normal 700 normal>) = 10.335
2026-06-26 19:57:23,655 DEBUG matplotlib.font_manager: findfont: score(<Font 'DejaVu Serif' (DejaVuSerif-BoldItalic.ttf) italic normal 700 normal>) = 11.335
2026-06-26 19:57:23,655 DEBUG matplotlib.font_manager: findfont: score(<Font 'STIXSizeOneSym' (STIXSizOneSymBol.ttf) normal normal 700 normal>) = 10.335
2026-06-26 19:57:23,655 DEBUG matplotlib.font_manager: findfont: score(<Font 'STIXSizeFourSym' (STIXSizFourSymBol.ttf) normal normal 700 normal>) = 10.335
2026-06-26 19:57:23,655 DEBUG matplotlib.font_manager: findfont: score(<Font 'STIXSizeTwoSym' (STIXSizTwoSymBol.ttf) normal normal 700 normal>) = 10.335
2026-06-26 19:57:23,655 DEBUG matplotlib.font_manager: findfont: score(<Font 'STIXNonUnicode' (STIXNonUniBolIta.ttf) italic normal 700 normal>) = 11.335
2026-06-26 19:57:23,655 DEBUG matplotlib.font_manager: findfont: score(<Font 'DejaVu Sans Mono' (DejaVuSansMono-Oblique.ttf) oblique normal 400 normal>) = 11.05
2026-06-26 19:57:23,655 DEBUG matplotlib.font_manager: findfont: score(<Font 'DejaVu Serif Display' (DejaVuSerifDisplay.ttf) normal normal 400 normal>) = 10.05
2026-06-26 19:57:23,655 DEBUG matplotlib.font_manager: findfont: score(<Font 'DejaVu Serif' (DejaVuSerif-Italic.ttf) italic normal 400 normal>) = 11.05
2026-06-26 19:57:23,655 DEBUG matplotlib.font_manager: findfont: score(<Font 'STIXSizeFourSym' (STIXSizFourSymReg.ttf) normal normal 400 normal>) = 10.05
2026-06-26 19:57:23,655 DEBUG matplotlib.font_manager: findfont: score(<Font 'DejaVu Sans' (DejaVuSans.ttf) normal normal 400 normal>) = 0.05
2026-06-26 19:57:23,655 DEBUG matplotlib.font_manager: findfont: score(<Font 'cmex10' (cmex10.ttf) normal normal 400 normal>) = 10.05
2026-06-26 19:57:23,655 DEBUG matplotlib.font_manager: findfont: score(<Font 'STIXSizeOneSym' (STIXSizOneSymReg.ttf) normal normal 400 normal>) = 10.05
2026-06-26 19:57:23,655 DEBUG matplotlib.font_manager: findfont: score(<Font 'STIXSizeTwoSym' (STIXSizTwoSymReg.ttf) normal normal 400 normal>) = 10.05
2026-06-26 19:57:23,655 DEBUG matplotlib.font_manager: findfont: score(<Font 'STIXNonUnicode' (STIXNonUniIta.ttf) italic normal 400 normal>) = 11.05
2026-06-26 19:57:23,655 DEBUG matplotlib.font_manager: findfont: score(<Font 'cmsy10' (cmsy10.ttf) normal normal 400 normal>) = 10.05
2026-06-26 19:57:23,655 DEBUG matplotlib.font_manager: findfont: score(<Font 'STIXGeneral' (STIXGeneralItalic.ttf) italic normal 400 normal>) = 11.05
2026-06-26 19:57:23,655 DEBUG matplotlib.font_manager: findfont: score(<Font 'STIXGeneral' (STIXGeneralBol.ttf) normal normal 700 normal>) = 10.335
2026-06-26 19:57:23,655 DEBUG matplotlib.font_manager: findfont: score(<Font 'cmmi10' (cmmi10.ttf) normal normal 400 normal>) = 10.05
2026-06-26 19:57:23,655 DEBUG matplotlib.font_manager: findfont: score(<Font 'DejaVu Sans Mono' (DejaVuSansMono-BoldOblique.ttf) oblique normal 700 normal>) = 11.335
2026-06-26 19:57:23,655 DEBUG matplotlib.font_manager: findfont: score(<Font 'STIXSizeThreeSym' (STIXSizThreeSymBol.ttf) normal normal 700 normal>) = 10.335
2026-06-26 19:57:23,655 DEBUG matplotlib.font_manager: findfont: score(<Font 'cmr10' (cmr10.ttf) normal normal 400 normal>) = 10.05
2026-06-26 19:57:23,655 DEBUG matplotlib.font_manager: findfont: score(<Font 'DejaVu Sans' (DejaVuSans-BoldOblique.ttf) oblique normal 700 normal>) = 1.335
2026-06-26 19:57:23,655 DEBUG matplotlib.font_manager: findfont: score(<Font 'cmss10' (cmss10.ttf) normal normal 400 normal>) = 10.05
2026-06-26 19:57:23,655 DEBUG matplotlib.font_manager: findfont: score(<Font 'cmb10' (cmb10.ttf) normal normal 400 normal>) = 10.05
2026-06-26 19:57:23,655 DEBUG matplotlib.font_manager: findfont: score(<Font 'DejaVu Serif' (DejaVuSerif.ttf) normal normal 400 normal>) = 10.05
2026-06-26 19:57:23,655 DEBUG matplotlib.font_manager: findfont: score(<Font 'STIXSizeThreeSym' (STIXSizThreeSymReg.ttf) normal normal 400 normal>) = 10.05
2026-06-26 19:57:23,655 DEBUG matplotlib.font_manager: findfont: score(<Font 'STIXGeneral' (STIXGeneralBolIta.ttf) italic normal 700 normal>) = 11.335
2026-06-26 19:57:23,655 DEBUG matplotlib.font_manager: findfont: score(<Font 'STIXNonUnicode' (STIXNonUni.ttf) normal normal 400 normal>) = 10.05
2026-06-26 19:57:23,656 DEBUG matplotlib.font_manager: findfont: score(<Font 'DejaVu Sans Mono' (DejaVuSansMono.ttf) normal normal 400 normal>) = 10.05
2026-06-26 19:57:23,656 DEBUG matplotlib.font_manager: findfont: score(<Font 'DejaVu Serif' (DejaVuSerif-Bold.ttf) normal normal 700 normal>) = 10.335
2026-06-26 19:57:23,656 DEBUG matplotlib.font_manager: findfont: score(<Font 'DejaVu Sans Mono' (DejaVuSansMono-Bold.ttf) normal normal 700 normal>) = 10.335
2026-06-26 19:57:23,656 DEBUG matplotlib.font_manager: findfont: score(<Font 'DejaVu Sans' (DejaVuSans-Bold.ttf) normal normal 700 normal>) = 0.33499999999999996
2026-06-26 19:57:23,656 DEBUG matplotlib.font_manager: findfont: score(<Font 'DejaVu Serif' (DejaVuSerif.ttf) normal normal 400 normal>) = 10.05
2026-06-26 19:57:23,656 DEBUG matplotlib.font_manager: findfont: score(<Font 'DejaVu Sans' (DejaVuSans.ttf) normal normal 400 normal>) = 0.05
2026-06-26 19:57:23,656 DEBUG matplotlib.font_manager: findfont: Matching sans\-serif:style=normal:variant=normal:weight=normal:stretch=normal:size=5.789999999999999 to DejaVu Sans ('/tmp/_MEIKGygzi/matplotlib/mpl-data/fonts/ttf/DejaVuSans.ttf') with score of 0.050000.
2026-06-26 19:57:23,741 INFO utils.complier: analyse  formula:[{'type': 'VARIABLE', 'value': '{{L2C.perf_dnoc_rdreq_inflight_level}}'}, {'type': 'VARIABLE', 'value': '{{L2C.perf_dnoc_rdreq}}'}]
2026-06-26 19:57:23,741 INFO utils.complier: analyse  formula:[]
2026-06-26 19:57:23,741 INFO utils.complier: analyse  formula:[]
2026-06-26 19:57:23,741 INFO utils.complier: analyse  formula:[{'type': 'PROC_VAR', 'value': '$RET'}]
2026-06-26 19:57:23,742 INFO utils.complier: analyse  formula:[]
2026-06-26 19:57:23,742 INFO utils.complier: analyse  formula:[{'type': 'VARIABLE', 'value': '{{L2C.perf_dnoc_rdreq_inflight_level}}'}, {'type': 'VARIABLE', 'value': '{{L2C.perf_dnoc_rdreq}}'}]
2026-06-26 19:57:23,742 INFO utils.complier: analyse  formula:[]
2026-06-26 19:57:23,742 INFO utils.complier: analyse  formula:[]
2026-06-26 19:57:23,743 INFO utils.complier: analyse  formula:[{'type': 'VARIABLE', 'value': '{{L2C.perf_dnoc_rd_histogram_0_255}}'}, {'type': 'VARIABLE', 'value': '{{L2C.perf_dnoc_rd_histogram_256_511}}'}, {'type': 'VARIABLE', 'value': '{{L2C.perf_dnoc_rd_histogram_512_1K}}'}, {'type': 'VARIABLE', 'value': '{{L2C.perf_dnoc_rd_histogram_1K_2K}}'}, {'type': 'VARIABLE', 'value': '{{L2C.perf_dnoc_rd_histogram_2K_INF}}'}]
2026-06-26 19:57:23,743 INFO utils.complier: analyse  formula:[]
2026-06-26 19:57:23,744 INFO utils.complier: analyse  formula:[]
2026-06-26 19:57:23,744 INFO utils.complier: analyse  formula:[{'type': 'PROC_VAR', 'value': '$RET'}]
2026-06-26 19:57:23,745 INFO utils.complier: analyse  formula:[]
2026-06-26 19:57:23,745 INFO utils.complier: analyse  formula:[{'type': 'VARIABLE', 'value': '{{L2C.perf_dnoc_rd_histogram_0_255}}'}, {'type': 'VARIABLE', 'value': '{{L2C.perf_dnoc_rd_histogram_256_511}}'}, {'type': 'VARIABLE', 'value': '{{L2C.perf_dnoc_rd_histogram_512_1K}}'}, {'type': 'VARIABLE', 'value': '{{L2C.perf_dnoc_rd_histogram_1K_2K}}'}, {'type': 'VARIABLE', 'value': '{{L2C.perf_dnoc_rd_histogram_2K_INF}}'}]
2026-06-26 19:57:23,746 INFO utils.complier: analyse  formula:[]
2026-06-26 19:57:23,747 INFO utils.complier: analyse  formula:[]
2026-06-26 19:57:23,841 INFO utils.complier: analyse  formula:[{'type': 'VARIABLE', 'value': '{{VL1.p_stall_due_oldest_pt0}}'}, {'type': 'VARIABLE', 'value': '{{VL1.p_stall_due_oldest_pt1}}'}, {'type': 'VARIABLE', 'value': '{{VL1.p_stall_due_oldest_pt2}}'}, {'type': 'VARIABLE', 'value': '{{VL1.p_stall_due_oldest_pt3}}'}]
2026-06-26 19:57:23,842 INFO utils.complier: analyse  formula:[]
2026-06-26 19:57:23,842 INFO utils.complier: analyse  formula:[]
2026-06-26 19:57:23,843 INFO utils.complier: analyse  formula:[{'type': 'PROC_VAR', 'value': '$RET'}]
2026-06-26 19:57:23,844 INFO utils.complier: analyse  formula:[]
2026-06-26 19:57:23,844 INFO utils.complier: analyse  formula:[{'type': 'VARIABLE', 'value': '{{VL1.p_stall_due_oldest_pt0}}'}, {'type': 'VARIABLE', 'value': '{{VL1.p_stall_due_oldest_pt1}}'}, {'type': 'VARIABLE', 'value': '{{VL1.p_stall_due_oldest_pt2}}'}, {'type': 'VARIABLE', 'value': '{{VL1.p_stall_due_oldest_pt3}}'}]
2026-06-26 19:57:23,845 INFO utils.complier: analyse  formula:[]
2026-06-26 19:57:23,845 INFO utils.complier: analyse  formula:[]
2026-06-26 19:57:23,889 INFO utils.complier: analyse  formula:[{'type': 'VARIABLE', 'value': '{{ISU.AP_PERF_INST_BSM_RD}}'}]
2026-06-26 19:57:23,890 INFO utils.complier: analyse  formula:[]
2026-06-26 19:57:23,890 INFO utils.complier: analyse  formula:[]
2026-06-26 19:57:23,890 INFO utils.complier: analyse  formula:[{'type': 'PROC_VAR', 'value': '$RET'}]
2026-06-26 19:57:23,890 INFO utils.complier: analyse  formula:[]
2026-06-26 19:57:23,890 INFO utils.complier: analyse  formula:[{'type': 'VARIABLE', 'value': '{{ISU.AP_PERF_INST_BSM_RD}}'}]
2026-06-26 19:57:23,891 INFO utils.complier: analyse  formula:[]
2026-06-26 19:57:23,891 INFO utils.complier: analyse  formula:[]
2026-06-26 19:57:23,891 INFO utils.complier: analyse  formula:[{'type': 'VARIABLE', 'value': '{{ISU.AP_PERF_INST_BSM_WR}}'}]
2026-06-26 19:57:23,891 INFO utils.complier: analyse  formula:[]
2026-06-26 19:57:23,891 INFO utils.complier: analyse  formula:[]
2026-06-26 19:57:23,891 INFO utils.complier: analyse  formula:[{'type': 'PROC_VAR', 'value': '$RET'}]
2026-06-26 19:57:23,891 INFO utils.complier: analyse  formula:[]
2026-06-26 19:57:23,892 INFO utils.complier: analyse  formula:[{'type': 'VARIABLE', 'value': '{{ISU.AP_PERF_INST_BSM_WR}}'}]
2026-06-26 19:57:23,892 INFO utils.complier: analyse  formula:[]
2026-06-26 19:57:23,892 INFO utils.complier: analyse  formula:[]
2026-06-26 19:57:23,892 INFO utils.complier: analyse  formula:[{'type': 'VARIABLE', 'value': '{{ISU.AP_PERF_INST_BSM_ATOMIC}}'}]
2026-06-26 19:57:23,892 INFO utils.complier: analyse  formula:[]
2026-06-26 19:57:23,892 INFO utils.complier: analyse  formula:[]
2026-06-26 19:57:23,892 INFO utils.complier: analyse  formula:[{'type': 'PROC_VAR', 'value': '$RET'}]
2026-06-26 19:57:23,892 INFO utils.complier: analyse  formula:[]
2026-06-26 19:57:23,893 INFO utils.complier: analyse  formula:[{'type': 'VARIABLE', 'value': '{{ISU.AP_PERF_INST_BSM_ATOMIC}}'}]
2026-06-26 19:57:23,893 INFO utils.complier: analyse  formula:[]
2026-06-26 19:57:23,893 INFO utils.complier: analyse  formula:[]
2026-06-26 19:57:23,893 INFO utils.complier: analyse  formula:[{'type': 'VARIABLE', 'value': '{{ISU.AP_PERF_INSTS_BSM}}'}]
2026-06-26 19:57:23,893 INFO utils.complier: analyse  formula:[]
2026-06-26 19:57:23,893 INFO utils.complier: analyse  formula:[]
2026-06-26 19:57:23,893 INFO utils.complier: analyse  formula:[{'type': 'PROC_VAR', 'value': '$RET'}]
2026-06-26 19:57:23,894 INFO utils.complier: analyse  formula:[]
2026-06-26 19:57:23,894 INFO utils.complier: analyse  formula:[{'type': 'VARIABLE', 'value': '{{ISU.AP_PERF_INSTS_BSM}}'}]
2026-06-26 19:57:23,894 INFO utils.complier: analyse  formula:[]
2026-06-26 19:57:23,894 INFO utils.complier: analyse  formula:[]
2026-06-26 19:57:23,894 INFO utils.complier: analyse  formula:[{'type': 'VARIABLE', 'value': '{{ISU.AP_PERF_BSM_READ_INFLIGHT_LEVEL}}'}, {'type': 'VARIABLE', 'value': '{{ISU.AP_PERF_INST_BSM_RD}}'}, {'type': 'VARIABLE', 'value': '{{ISU.AP_PERF_INST_BSM_RD}}'}]
2026-06-26 19:57:23,894 INFO utils.complier: analyse  formula:[]
2026-06-26 19:57:23,895 INFO utils.complier: analyse  formula:[]
2026-06-26 19:57:23,895 INFO utils.complier: analyse  formula:[{'type': 'PROC_VAR', 'value': '$RET'}]
2026-06-26 19:57:23,895 INFO utils.complier: analyse  formula:[]
2026-06-26 19:57:23,896 INFO utils.complier: analyse  formula:[{'type': 'VARIABLE', 'value': '{{ISU.AP_PERF_BSM_READ_INFLIGHT_LEVEL}}'}, {'type': 'VARIABLE', 'value': '{{ISU.AP_PERF_INST_BSM_RD}}'}, {'type': 'VARIABLE', 'value': '{{ISU.AP_PERF_INST_BSM_RD}}'}]
2026-06-26 19:57:23,896 INFO utils.complier: analyse  formula:[]
2026-06-26 19:57:23,896 INFO utils.complier: analyse  formula:[]
2026-06-26 19:57:23,897 INFO utils.complier: analyse  formula:[{'type': 'VARIABLE', 'value': '{{ISU.AP_PERF_BSM_WR_INFLIGHT_LEVEL}}'}, {'type': 'VARIABLE', 'value': '{{ISU.AP_PERF_INST_BSM_WR}}'}, {'type': 'VARIABLE', 'value': '{{ISU.AP_PERF_INST_BSM_WR}}'}]
2026-06-26 19:57:23,897 INFO utils.complier: analyse  formula:[]
2026-06-26 19:57:23,897 INFO utils.complier: analyse  formula:[]
2026-06-26 19:57:23,897 INFO utils.complier: analyse  formula:[{'type': 'PROC_VAR', 'value': '$RET'}]
2026-06-26 19:57:23,898 INFO utils.complier: analyse  formula:[]
2026-06-26 19:57:23,898 INFO utils.complier: analyse  formula:[{'type': 'VARIABLE', 'value': '{{ISU.AP_PERF_BSM_WR_INFLIGHT_LEVEL}}'}, {'type': 'VARIABLE', 'value': '{{ISU.AP_PERF_INST_BSM_WR}}'}, {'type': 'VARIABLE', 'value': '{{ISU.AP_PERF_INST_BSM_WR}}'}]
2026-06-26 19:57:23,898 INFO utils.complier: analyse  formula:[]
2026-06-26 19:57:23,899 INFO utils.complier: analyse  formula:[]
2026-06-26 19:57:23,899 INFO utils.complier: analyse  formula:[{'type': 'VARIABLE', 'value': '{{ISU.AP_PERF_BSM_ATOMIC_INFLIGHT_LEVEL}}'}, {'type': 'VARIABLE', 'value': '{{ISU.AP_PERF_INST_BSM_ATOMIC}}'}, {'type': 'VARIABLE', 'value': '{{ISU.AP_PERF_INST_BSM_ATOMIC}}'}]
2026-06-26 19:57:23,899 INFO utils.complier: analyse  formula:[]
2026-06-26 19:57:23,899 INFO utils.complier: analyse  formula:[]
2026-06-26 19:57:23,900 INFO utils.complier: analyse  formula:[{'type': 'PROC_VAR', 'value': '$RET'}]
2026-06-26 19:57:23,900 INFO utils.complier: analyse  formula:[]
2026-06-26 19:57:23,900 INFO utils.complier: analyse  formula:[{'type': 'VARIABLE', 'value': '{{ISU.AP_PERF_BSM_ATOMIC_INFLIGHT_LEVEL}}'}, {'type': 'VARIABLE', 'value': '{{ISU.AP_PERF_INST_BSM_ATOMIC}}'}, {'type': 'VARIABLE', 'value': '{{ISU.AP_PERF_INST_BSM_ATOMIC}}'}]
2026-06-26 19:57:23,901 INFO utils.complier: analyse  formula:[]
2026-06-26 19:57:23,901 INFO utils.complier: analyse  formula:[]
2026-06-26 19:57:23,901 INFO utils.complier: analyse  formula:[{'type': 'VARIABLE', 'value': '{{ISU.AP_PERF_BSM_INFLIGHT_LEVEL_IN_AP}}'}, {'type': 'VARIABLE', 'value': '{{ISU.AP_PERF_BSM_INFLIGHT_LEVEL}}'}, {'type': 'VARIABLE', 'value': '{{ISU.AP_PERF_INSTS_BSM}}'}, {'type': 'VARIABLE', 'value': '{{ISU.AP_PERF_INSTS_BSM}}'}]
2026-06-26 19:57:23,901 INFO utils.complier: analyse  formula:[]
2026-06-26 19:57:23,902 INFO utils.complier: analyse  formula:[]
2026-06-26 19:57:23,903 INFO utils.complier: analyse  formula:[{'type': 'PROC_VAR', 'value': '$RET'}]
2026-06-26 19:57:23,904 INFO utils.complier: analyse  formula:[]
2026-06-26 19:57:23,904 INFO utils.complier: analyse  formula:[{'type': 'VARIABLE', 'value': '{{ISU.AP_PERF_BSM_INFLIGHT_LEVEL_IN_AP}}'}, {'type': 'VARIABLE', 'value': '{{ISU.AP_PERF_BSM_INFLIGHT_LEVEL}}'}, {'type': 'VARIABLE', 'value': '{{ISU.AP_PERF_INSTS_BSM}}'}, {'type': 'VARIABLE', 'value': '{{ISU.AP_PERF_INSTS_BSM}}'}]
2026-06-26 19:57:23,904 INFO utils.complier: analyse  formula:[]
2026-06-26 19:57:23,905 INFO utils.complier: analyse  formula:[]
2026-06-26 19:57:23,905 INFO utils.complier: analyse  formula:[{'type': 'VARIABLE', 'value': '{{ISU.AP_PERF_BSM_RD_CYCLES}}'}, {'type': 'VARIABLE', 'value': '{{ISU.AP_PERF_INST_BSM_RD}}'}, {'type': 'VARIABLE', 'value': '{{ISU.AP_PERF_INST_BSM_RD}}'}]
2026-06-26 19:57:23,905 INFO utils.complier: analyse  formula:[]
2026-06-26 19:57:23,905 INFO utils.complier: analyse  formula:[]
2026-06-26 19:57:23,906 INFO utils.complier: analyse  formula:[{'type': 'PROC_VAR', 'value': '$RET'}]
2026-06-26 19:57:23,906 INFO utils.complier: analyse  formula:[]
2026-06-26 19:57:23,906 INFO utils.complier: analyse  formula:[{'type': 'VARIABLE', 'value': '{{ISU.AP_PERF_BSM_RD_CYCLES}}'}, {'type': 'VARIABLE', 'value': '{{ISU.AP_PERF_INST_BSM_RD}}'}, {'type': 'VARIABLE', 'value': '{{ISU.AP_PERF_INST_BSM_RD}}'}]
2026-06-26 19:57:23,907 INFO utils.complier: analyse  formula:[]
2026-06-26 19:57:23,907 INFO utils.complier: analyse  formula:[]
2026-06-26 19:57:23,907 INFO utils.complier: analyse  formula:[{'type': 'VARIABLE', 'value': '{{ISU.AP_PERF_BSM_WR_CYCLES}}'}, {'type': 'VARIABLE', 'value': '{{ISU.AP_PERF_INST_BSM_WR}}'}, {'type': 'VARIABLE', 'value': '{{ISU.AP_PERF_INST_BSM_WR}}'}]
2026-06-26 19:57:23,908 INFO utils.complier: analyse  formula:[]
2026-06-26 19:57:23,908 INFO utils.complier: analyse  formula:[]
2026-06-26 19:57:23,908 INFO utils.complier: analyse  formula:[{'type': 'PROC_VAR', 'value': '$RET'}]
2026-06-26 19:57:23,908 INFO utils.complier: analyse  formula:[]
2026-06-26 19:57:23,909 INFO utils.complier: analyse  formula:[{'type': 'VARIABLE', 'value': '{{ISU.AP_PERF_BSM_WR_CYCLES}}'}, {'type': 'VARIABLE', 'value': '{{ISU.AP_PERF_INST_BSM_WR}}'}, {'type': 'VARIABLE', 'value': '{{ISU.AP_PERF_INST_BSM_WR}}'}]
2026-06-26 19:57:23,909 INFO utils.complier: analyse  formula:[]
2026-06-26 19:57:23,910 INFO utils.complier: analyse  formula:[]
2026-06-26 19:57:23,910 INFO utils.complier: analyse  formula:[{'type': 'VARIABLE', 'value': '{{ISU.AP_PERF_BSM_ATOMIC_CYCLES}}'}, {'type': 'VARIABLE', 'value': '{{ISU.AP_PERF_INST_BSM_ATOMIC}}'}, {'type': 'VARIABLE', 'value': '{{ISU.AP_PERF_INST_BSM_ATOMIC}}'}]
2026-06-26 19:57:23,910 INFO utils.complier: analyse  formula:[]
2026-06-26 19:57:23,910 INFO utils.complier: analyse  formula:[]
2026-06-26 19:57:23,911 INFO utils.complier: analyse  formula:[{'type': 'PROC_VAR', 'value': '$RET'}]
2026-06-26 19:57:23,911 INFO utils.complier: analyse  formula:[]
2026-06-26 19:57:23,911 INFO utils.complier: analyse  formula:[{'type': 'VARIABLE', 'value': '{{ISU.AP_PERF_BSM_ATOMIC_CYCLES}}'}, {'type': 'VARIABLE', 'value': '{{ISU.AP_PERF_INST_BSM_ATOMIC}}'}, {'type': 'VARIABLE', 'value': '{{ISU.AP_PERF_INST_BSM_ATOMIC}}'}]
2026-06-26 19:57:23,911 INFO utils.complier: analyse  formula:[]
2026-06-26 19:57:23,912 INFO utils.complier: analyse  formula:[]
2026-06-26 19:57:23,912 INFO utils.complier: analyse  formula:[{'type': 'VARIABLE', 'value': '{{ISU.AP_PERF_BSM_CONFLICT_CYCLES}}'}, {'type': 'VARIABLE', 'value': '{{ISU.AP_PERF_INSTS_BSM}}'}, {'type': 'VARIABLE', 'value': '{{ISU.AP_PERF_INSTS_BSM}}'}]
2026-06-26 19:57:23,912 INFO utils.complier: analyse  formula:[]
2026-06-26 19:57:23,912 INFO utils.complier: analyse  formula:[]
2026-06-26 19:57:23,983 INFO utils.complier: analyse  formula:[{'type': 'PROC_VAR', 'value': '$RET'}]
2026-06-26 19:57:23,983 INFO utils.complier: analyse  formula:[]
2026-06-26 19:57:23,984 INFO utils.complier: analyse  formula:[{'type': 'VARIABLE', 'value': '{{ISU.AP_PERF_BSM_CONFLICT_CYCLES}}'}, {'type': 'VARIABLE', 'value': '{{ISU.AP_PERF_INSTS_BSM}}'}, {'type': 'VARIABLE', 'value': '{{ISU.AP_PERF_INSTS_BSM}}'}]
2026-06-26 19:57:23,984 INFO utils.complier: analyse  formula:[]
2026-06-26 19:57:23,984 INFO utils.complier: analyse  formula:[]
2026-06-26 19:57:23,985 INFO utils.complier: analyse  formula:[{'type': 'VARIABLE', 'value': '{{ISU.AP_PERF_BSM_RD_CYCLES}}'}, {'type': 'VARIABLE', 'value': '{{ISU.AP_PERF_BSM_WR_CYCLES}}'}, {'type': 'VARIABLE', 'value': '{{ISU.AP_PERF_BSM_ATOMIC_CYCLES}}'}, {'type': 'VARIABLE', 'value': '{{ISU.AP_PERF_INSTS_BSM}}'}, {'type': 'VARIABLE', 'value': '{{ISU.AP_PERF_INSTS_BSM}}'}]
2026-06-26 19:57:23,985 INFO utils.complier: analyse  formula:[]
2026-06-26 19:57:23,985 INFO utils.complier: analyse  formula:[]
2026-06-26 19:57:23,986 INFO utils.complier: analyse  formula:[{'type': 'PROC_VAR', 'value': '$RET'}]
2026-06-26 19:57:23,986 INFO utils.complier: analyse  formula:[]
2026-06-26 19:57:23,987 INFO utils.complier: analyse  formula:[{'type': 'VARIABLE', 'value': '{{ISU.AP_PERF_BSM_RD_CYCLES}}'}, {'type': 'VARIABLE', 'value': '{{ISU.AP_PERF_BSM_WR_CYCLES}}'}, {'type': 'VARIABLE', 'value': '{{ISU.AP_PERF_BSM_ATOMIC_CYCLES}}'}, {'type': 'VARIABLE', 'value': '{{ISU.AP_PERF_INSTS_BSM}}'}, {'type': 'VARIABLE', 'value': '{{ISU.AP_PERF_INSTS_BSM}}'}]
2026-06-26 19:57:23,987 INFO utils.complier: analyse  formula:[]
2026-06-26 19:57:23,988 INFO utils.complier: analyse  formula:[]
2026-06-26 19:57:23,988 INFO utils.complier: analyse  formula:[{'type': 'VARIABLE', 'value': '{{ISU.AP_PERF_BSM_RD_CYCLES}}'}, {'type': 'VARIABLE', 'value': '{{ISU.AP_PERF_BSM_WR_CYCLES}}'}, {'type': 'VARIABLE', 'value': '{{ISU.AP_PERF_BSM_ATOMIC_CYCLES}}'}, {'type': 'VARIABLE', 'value': '{{ISU.AP_PERF_BSM_CONFLICT_CYCLES}}'}]
2026-06-26 19:57:23,989 INFO utils.complier: analyse  formula:[]
2026-06-26 19:57:23,989 INFO utils.complier: analyse  formula:[]
2026-06-26 19:57:23,990 INFO utils.complier: analyse  formula:[{'type': 'PROC_VAR', 'value': '$all_cycle'}, {'type': 'PROC_VAR', 'value': '$conflict_cycle'}, {'type': 'PROC_VAR', 'value': '$rate'}, {'type': 'PROC_VAR', 'value': '$all_cycle'}, {'type': 'PROC_VAR', 'value': '$conflict_cycle'}, {'type': 'PROC_VAR', 'value': '$all_cycle'}, {'type': 'PROC_VAR', 'value': '$all_cycle'}, {'type': 'PROC_VAR', 'value': '$RET'}, {'type': 'PROC_VAR', 'value': '$rate'}]
2026-06-26 19:57:23,991 INFO utils.complier: analyse  formula:[]
2026-06-26 19:57:23,993 INFO utils.complier: analyse  formula:[{'type': 'VARIABLE', 'value': '{{ISU.AP_PERF_BSM_RD_CYCLES}}'}, {'type': 'VARIABLE', 'value': '{{ISU.AP_PERF_BSM_WR_CYCLES}}'}, {'type': 'VARIABLE', 'value': '{{ISU.AP_PERF_BSM_ATOMIC_CYCLES}}'}, {'type': 'VARIABLE', 'value': '{{ISU.AP_PERF_BSM_CONFLICT_CYCLES}}'}]
2026-06-26 19:57:23,994 INFO utils.complier: analyse  formula:[]
2026-06-26 19:57:23,996 INFO utils.complier: analyse  formula:[]
2026-06-26 19:57:23,996 INFO utils.complier: analyse  formula:[{'type': 'VARIABLE', 'value': '{{ISU.AP_PERF_WAVES}}'}]
2026-06-26 19:57:23,996 INFO utils.complier: analyse  formula:[]
2026-06-26 19:57:23,996 INFO utils.complier: analyse  formula:[]
2026-06-26 19:57:23,996 INFO utils.complier: analyse  formula:[{'type': 'PROC_VAR', 'value': '$RET'}]
2026-06-26 19:57:23,997 INFO utils.complier: analyse  formula:[]
2026-06-26 19:57:23,997 INFO utils.complier: analyse  formula:[{'type': 'VARIABLE', 'value': '{{ISU.AP_PERF_WAVES}}'}]
2026-06-26 19:57:23,997 INFO utils.complier: analyse  formula:[]
2026-06-26 19:57:23,997 INFO utils.complier: analyse  formula:[]
2026-06-26 19:57:23,997 INFO utils.complier: analyse  formula:[{'type': 'VARIABLE', 'value': '{{RM.RM_PERF_DISPATCHED_WAVES_P0}}'}, {'type': 'VARIABLE', 'value': '{{RM.RM_PERF_DISPATCHED_WAVES_P1}}'}, {'type': 'VARIABLE', 'value': '{{RM.RM_PERF_DISPATCHED_WAVES_P2}}'}, {'type': 'VARIABLE', 'value': '{{RM.RM_PERF_DISPATCHED_WAVES_P3}}'}]
2026-06-26 19:57:23,997 INFO utils.complier: analyse  formula:[]
2026-06-26 19:57:23,997 INFO utils.complier: analyse  formula:[]
2026-06-26 19:57:23,998 INFO utils.complier: analyse  formula:[{'type': 'PROC_VAR', 'value': '$RET'}]
2026-06-26 19:57:23,998 INFO utils.complier: analyse  formula:[]
2026-06-26 19:57:23,998 INFO utils.complier: analyse  formula:[{'type': 'VARIABLE', 'value': '{{RM.RM_PERF_DISPATCHED_WAVES_P0}}'}, {'type': 'VARIABLE', 'value': '{{RM.RM_PERF_DISPATCHED_WAVES_P1}}'}, {'type': 'VARIABLE', 'value': '{{RM.RM_PERF_DISPATCHED_WAVES_P2}}'}, {'type': 'VARIABLE', 'value': '{{RM.RM_PERF_DISPATCHED_WAVES_P3}}'}]
2026-06-26 19:57:23,998 INFO utils.complier: analyse  formula:[]
2026-06-26 19:57:23,999 INFO utils.complier: analyse  formula:[]
2026-06-26 19:57:23,999 INFO utils.complier: analyse  formula:[{'type': 'VARIABLE', 'value': '{{ISU.AP_PERF_ISU_AP_BUSY}}'}]
2026-06-26 19:57:23,999 INFO utils.complier: analyse  formula:[]
2026-06-26 19:57:23,999 INFO utils.complier: analyse  formula:[]
2026-06-26 19:57:23,999 INFO utils.complier: analyse  formula:[{'type': 'PROC_VAR', 'value': '$RET'}]
2026-06-26 19:57:24,000 INFO utils.complier: analyse  formula:[]
2026-06-26 19:57:24,000 INFO utils.complier: analyse  formula:[{'type': 'VARIABLE', 'value': '{{ISU.AP_PERF_ISU_AP_BUSY}}'}]
2026-06-26 19:57:24,000 INFO utils.complier: analyse  formula:[]
2026-06-26 19:57:24,000 INFO utils.complier: analyse  formula:[]
2026-06-26 19:57:24,000 INFO utils.complier: analyse  formula:[{'type': 'VARIABLE', 'value': '{{ISU.AP_PERF_INST_TRANS_FP16}}'}, {'type': 'VARIABLE', 'value': '{{ISU.AP_PERF_INST_TRANS_FP32}}'}, {'type': 'VARIABLE', 'value': '{{ISU.AP_PERF_MTE_PI_SEG_SEL_F64}}'}, {'type': 'VARIABLE', 'value': '{{ISU.AP_PERF_INST_CYCLES_VALU_4CYCLES}}'}, {'type': 'VARIABLE', 'value': '{{ISU.AP_PERF_ISU_AP_BUSY}}'}]
2026-06-26 19:57:24,001 INFO utils.complier: analyse  formula:[]
2026-06-26 19:57:24,001 INFO utils.complier: analyse  formula:[]
2026-06-26 19:57:24,002 INFO utils.complier: analyse  formula:[{'type': 'PROC_VAR', 'value': '$ap_trans_real'}, {'type': 'PROC_VAR', 'value': '$ap_perf_inst_cycles_valu_real_16'}, {'type': 'PROC_VAR', 'value': '$ap_trans_real'}, {'type': 'PROC_VAR', 'value': '$ap_perf_inst_cycles_valu_real'}, {'type': 'PROC_VAR', 'value': '$ap_perf_inst_cycles_valu_real_16'}, {'type': 'PROC_VAR', 'value': '$RET'}, {'type': 'PROC_VAR', 'value': '$ap_perf_inst_cycles_valu_real'}]
2026-06-26 19:57:24,004 INFO utils.complier: analyse  formula:[]
2026-06-26 19:57:24,006 INFO utils.complier: analyse  formula:[{'type': 'VARIABLE', 'value': '{{ISU.AP_PERF_INST_TRANS_FP16}}'}, {'type': 'VARIABLE', 'value': '{{ISU.AP_PERF_INST_TRANS_FP32}}'}, {'type': 'VARIABLE', 'value': '{{ISU.AP_PERF_MTE_PI_SEG_SEL_F64}}'}, {'type': 'VARIABLE', 'value': '{{ISU.AP_PERF_INST_CYCLES_VALU_4CYCLES}}'}, {'type': 'VARIABLE', 'value': '{{ISU.AP_PERF_ISU_AP_BUSY}}'}]
2026-06-26 19:57:24,008 INFO utils.complier: analyse  formula:[]
2026-06-26 19:57:24,010 INFO utils.complier: analyse  formula:[]
2026-06-26 19:57:24,011 INFO utils.complier: analyse  formula:[{'type': 'VARIABLE', 'value': '{{ISU.AP_PERF_INSTS_SALU}}'}, {'type': 'VARIABLE', 'value': '{{ISU.AP_PERF_ISU_AP_BUSY}}'}]
2026-06-26 19:57:24,011 INFO utils.complier: analyse  formula:[]
2026-06-26 19:57:24,011 INFO utils.complier: analyse  formula:[]
2026-06-26 19:57:24,011 INFO utils.complier: analyse  formula:[{'type': 'PROC_VAR', 'value': '$RET'}]
2026-06-26 19:57:24,011 INFO utils.complier: analyse  formula:[]
2026-06-26 19:57:24,012 INFO utils.complier: analyse  formula:[{'type': 'VARIABLE', 'value': '{{ISU.AP_PERF_INSTS_SALU}}'}, {'type': 'VARIABLE', 'value': '{{ISU.AP_PERF_ISU_AP_BUSY}}'}]
2026-06-26 19:57:24,012 INFO utils.complier: analyse  formula:[]
2026-06-26 19:57:24,012 INFO utils.complier: analyse  formula:[]
2026-06-26 19:57:24,012 INFO utils.complier: analyse  formula:[{'type': 'VARIABLE', 'value': '{{ISU.AP_PERF_INST_CYCLES_MMA}}'}, {'type': 'VARIABLE', 'value': '{{ISU.AP_PERF_ISU_AP_BUSY}}'}]
2026-06-26 19:57:24,012 INFO utils.complier: analyse  formula:[]
2026-06-26 19:57:24,013 INFO utils.complier: analyse  formula:[]
2026-06-26 19:57:24,013 INFO utils.complier: analyse  formula:[{'type': 'PROC_VAR', 'value': '$RET'}]
2026-06-26 19:57:24,013 INFO utils.complier: analyse  formula:[]
2026-06-26 19:57:24,013 INFO utils.complier: analyse  formula:[{'type': 'VARIABLE', 'value': '{{ISU.AP_PERF_INST_CYCLES_MMA}}'}, {'type': 'VARIABLE', 'value': '{{ISU.AP_PERF_ISU_AP_BUSY}}'}]
2026-06-26 19:57:24,014 INFO utils.complier: analyse  formula:[]
2026-06-26 19:57:24,014 INFO utils.complier: analyse  formula:[]
2026-06-26 19:57:24,014 INFO utils.complier: analyse  formula:[{'type': 'VARIABLE', 'value': '{{VLS.PERFEVENT_VLS_ACTIVE}}'}, {'type': 'VARIABLE', 'value': '{{ISU.AP_PERF_ISU_AP_BUSY}}'}]
2026-06-26 19:57:24,014 INFO utils.complier: analyse  formula:[]
2026-06-26 19:57:24,014 INFO utils.complier: analyse  formula:[]
2026-06-26 19:57:24,015 INFO utils.complier: analyse  formula:[{'type': 'PROC_VAR', 'value': '$RET'}]
2026-06-26 19:57:24,015 INFO utils.complier: analyse  formula:[]
2026-06-26 19:57:24,015 INFO utils.complier: analyse  formula:[{'type': 'VARIABLE', 'value': '{{VLS.PERFEVENT_VLS_ACTIVE}}'}, {'type': 'VARIABLE', 'value': '{{ISU.AP_PERF_ISU_AP_BUSY}}'}]
2026-06-26 19:57:24,015 INFO utils.complier: analyse  formula:[]
2026-06-26 19:57:24,016 INFO utils.complier: analyse  formula:[]
2026-06-26 19:57:24,016 INFO utils.complier: analyse  formula:[{'type': 'VARIABLE', 'value': '{{L2C.perf_req}}'}, {'type': 'VARIABLE', 'value': '{{L2C.1_b1}}'}]
2026-06-26 19:57:24,016 INFO utils.complier: analyse  formula:[]
2026-06-26 19:57:24,016 INFO utils.complier: analyse  formula:[]
2026-06-26 19:57:24,016 INFO utils.complier: analyse  formula:[{'type': 'PROC_VAR', 'value': '$RET'}]
2026-06-26 19:57:24,016 INFO utils.complier: analyse  formula:[]
2026-06-26 19:57:24,016 INFO utils.complier: analyse  formula:[{'type': 'VARIABLE', 'value': '{{L2C.perf_req}}'}, {'type': 'VARIABLE', 'value': '{{L2C.1_b1}}'}]
2026-06-26 19:57:24,017 INFO utils.complier: analyse  formula:[]
2026-06-26 19:57:24,017 INFO utils.complier: analyse  formula:[]
2026-06-26 19:57:24,017 INFO utils.complier: analyse  formula:[{'type': 'VARIABLE', 'value': '{{ISU.AP_PERF_ISU_AP_BUSY}}'}]
2026-06-26 19:57:24,017 INFO utils.complier: analyse  formula:[]
2026-06-26 19:57:24,017 INFO utils.complier: analyse  formula:[{'type': 'PRE_VAR', 'value': '@total_instruction_num'}]
2026-06-26 19:57:24,018 INFO utils.complier: analyse  formula:[{'type': 'PROC_VAR', 'value': '$max_ap_cycle'}, {'type': 'PROC_VAR', 'value': '$RET'}, {'type': 'PROC_VAR', 'value': '$max_ap_cycle'}]
2026-06-26 19:57:24,018 INFO utils.complier: analyse  formula:[]
2026-06-26 19:57:24,019 INFO utils.complier: analyse  formula:[{'type': 'VARIABLE', 'value': '{{ISU.AP_PERF_ISU_AP_BUSY}}'}]
2026-06-26 19:57:24,019 INFO utils.complier: analyse  formula:[{'type': 'PRE_VAR', 'value': '@total_instruction_num'}]
2026-06-26 19:57:24,020 INFO utils.complier: analyse  formula:[]
2026-06-26 19:57:24,020 INFO utils.complier: analyse  formula:[{'type': 'VARIABLE_DICT', 'value': '{{{ISU.AP_PERF_INSTS_VALU}}}'}, {'type': 'VARIABLE', 'value': '{{ISU.AP_PERF_ISU_AP_BUSY}}'}]
2026-06-26 19:57:24,020 INFO utils.complier: analyse  formula:[]
2026-06-26 19:57:24,021 INFO utils.complier: analyse  formula:[{'type': 'PRE_VAR', 'value': '@total_instruction_num'}]
2026-06-26 19:57:24,021 INFO utils.complier: analyse  formula:[{'type': 'PROC_VAR', 'value': '$ap_num'}, {'type': 'PROC_VAR', 'value': '$max_ap_cycle'}, {'type': 'PROC_VAR', 'value': '$RET'}, {'type': 'PROC_VAR', 'value': '$max_ap_cycle'}, {'type': 'PROC_VAR', 'value': '$ap_num'}]
2026-06-26 19:57:24,022 INFO utils.complier: analyse  formula:[{'type': 'VARIABLE_DICT', 'value': '{{{ISU.AP_PERF_INSTS_VALU}}}'}]
2026-06-26 19:57:24,023 INFO utils.complier: analyse  formula:[{'type': 'VARIABLE', 'value': '{{ISU.AP_PERF_ISU_AP_BUSY}}'}]
2026-06-26 19:57:24,024 INFO utils.complier: analyse  formula:[{'type': 'PRE_VAR', 'value': '@total_instruction_num'}]
2026-06-26 19:57:24,025 INFO utils.complier: analyse  formula:[]
2026-06-26 19:57:24,025 INFO utils.complier: analyse  formula:[{'type': 'VARIABLE_DICT', 'value': '{{{ISU.AP_PERF_INSTS_VALU}}}'}, {'type': 'VARIABLE', 'value': '{{ISU.AP_PERF_ISU_AP_BUSY}}'}]
2026-06-26 19:57:24,026 INFO utils.complier: analyse  formula:[]
2026-06-26 19:57:24,026 INFO utils.complier: analyse  formula:[{'type': 'PRE_VAR', 'value': '@total_instruction_num'}]
2026-06-26 19:57:24,027 INFO utils.complier: analyse  formula:[{'type': 'PROC_VAR', 'value': '$ap_num'}, {'type': 'PROC_VAR', 'value': '$max_ap_cycle'}, {'type': 'PROC_VAR', 'value': '$RET'}, {'type': 'PROC_VAR', 'value': '$max_ap_cycle'}, {'type': 'PROC_VAR', 'value': '$ap_num'}]
2026-06-26 19:57:24,027 INFO utils.complier: analyse  formula:[{'type': 'VARIABLE_DICT', 'value': '{{{ISU.AP_PERF_INSTS_VALU}}}'}]
2026-06-26 19:57:24,028 INFO utils.complier: analyse  formula:[{'type': 'VARIABLE', 'value': '{{ISU.AP_PERF_ISU_AP_BUSY}}'}]
2026-06-26 19:57:24,029 INFO utils.complier: analyse  formula:[{'type': 'PRE_VAR', 'value': '@total_instruction_num'}]
2026-06-26 19:57:24,030 INFO utils.complier: analyse  formula:[]
2026-06-26 19:57:24,030 INFO utils.complier: analyse  formula:[{'type': 'VARIABLE', 'value': '{{ISU.AP_PERF_INSTS_VALU}}'}, {'type': 'VARIABLE', 'value': '{{ISU.AP_PERF_INSTS_MMA}}'}, {'type': 'VARIABLE', 'value': '{{ISU.AP_PERF_INSTS_SALU}}'}, {'type': 'VARIABLE', 'value': '{{ISU.AP_PERF_INSTS_GVM}}'}, {'type': 'VARIABLE', 'value': '{{ISU.AP_PERF_INSTS_BSM}}'}, {'type': 'VARIABLE', 'value': '{{ISU.AP_PERF_INSTS_LDU}}'}, {'type': 'VARIABLE', 'value': '{{ISU.AP_PERF_INST_MISC}}'}, {'type': 'VARIABLE', 'value': '{{ISU.AP_PERF_ISU_AP_BUSY}}'}]
2026-06-26 19:57:24,031 INFO utils.complier: analyse  formula:[]
2026-06-26 19:57:24,031 INFO utils.complier: analyse  formula:[]
2026-06-26 19:57:24,033 INFO utils.complier: analyse  formula:[{'type': 'PROC_VAR', 'value': '$RET'}, {'type': 'PROC_VAR', 'value': '$max_ap_cycle'}]
2026-06-26 19:57:24,033 INFO utils.complier: analyse  formula:[]
2026-06-26 19:57:24,033 INFO utils.complier: analyse  formula:[{'type': 'VARIABLE', 'value': '{{ISU.AP_PERF_INSTS_VALU}}'}, {'type': 'VARIABLE', 'value': '{{ISU.AP_PERF_INSTS_MMA}}'}, {'type': 'VARIABLE', 'value': '{{ISU.AP_PERF_INSTS_SALU}}'}, {'type': 'VARIABLE', 'value': '{{ISU.AP_PERF_INSTS_GVM}}'}, {'type': 'VARIABLE', 'value': '{{ISU.AP_PERF_INSTS_BSM}}'}, {'type': 'VARIABLE', 'value': '{{ISU.AP_PERF_INSTS_LDU}}'}, {'type': 'VARIABLE', 'value': '{{ISU.AP_PERF_INST_MISC}}'}, {'type': 'VARIABLE', 'value': '{{ISU.AP_PERF_ISU_AP_BUSY}}'}]
2026-06-26 19:57:24,035 INFO utils.complier: analyse  formula:[]
2026-06-26 19:57:24,036 INFO utils.complier: analyse  formula:[]
2026-06-26 19:57:24,036 INFO utils.complier: analyse  formula:[{'type': 'VARIABLE_DICT', 'value': '{{{ISU.AP_PERF_INSTS_VALU}}}'}, {'type': 'VARIABLE', 'value': '{{ISU.AP_PERF_INSTS_VALU}}'}, {'type': 'VARIABLE', 'value': '{{ISU.AP_PERF_INSTS_MMA}}'}, {'type': 'VARIABLE', 'value': '{{ISU.AP_PERF_INSTS_SALU}}'}, {'type': 'VARIABLE', 'value': '{{ISU.AP_PERF_INSTS_GVM}}'}, {'type': 'VARIABLE', 'value': '{{ISU.AP_PERF_INSTS_BSM}}'}, {'type': 'VARIABLE', 'value': '{{ISU.AP_PERF_INSTS_LDU}}'}, {'type': 'VARIABLE', 'value': '{{ISU.AP_PERF_INST_MISC}}'}, {'type': 'VARIABLE', 'value': '{{ISU.AP_PERF_ISU_AP_BUSY}}'}]
2026-06-26 19:57:24,036 INFO utils.complier: analyse  formula:[]
2026-06-26 19:57:24,037 INFO utils.complier: analyse  formula:[]
2026-06-26 19:57:24,039 INFO utils.complier: analyse  formula:[{'type': 'PROC_VAR', 'value': '$ap_num'}, {'type': 'PROC_VAR', 'value': '$Total_Num'}, {'type': 'PROC_VAR', 'value': '$max_ap_cycle'}, {'type': 'PROC_VAR', 'value': '$RET'}, {'type': 'PROC_VAR', 'value': '$Total_Num'}, {'type': 'PROC_VAR', 'value': '$ap_num'}]
2026-06-26 19:57:24,040 INFO utils.complier: analyse  formula:[{'type': 'VARIABLE_DICT', 'value': '{{{ISU.AP_PERF_INSTS_VALU}}}'}]
2026-06-26 19:57:24,041 INFO utils.complier: analyse  formula:[{'type': 'VARIABLE', 'value': '{{ISU.AP_PERF_INSTS_VALU}}'}, {'type': 'VARIABLE', 'value': '{{ISU.AP_PERF_INSTS_MMA}}'}, {'type': 'VARIABLE', 'value': '{{ISU.AP_PERF_INSTS_SALU}}'}, {'type': 'VARIABLE', 'value': '{{ISU.AP_PERF_INSTS_GVM}}'}, {'type': 'VARIABLE', 'value': '{{ISU.AP_PERF_INSTS_BSM}}'}, {'type': 'VARIABLE', 'value': '{{ISU.AP_PERF_INSTS_LDU}}'}, {'type': 'VARIABLE', 'value': '{{ISU.AP_PERF_INST_MISC}}'}, {'type': 'VARIABLE', 'value': '{{ISU.AP_PERF_ISU_AP_BUSY}}'}]
2026-06-26 19:57:24,042 INFO utils.complier: analyse  formula:[]
2026-06-26 19:57:24,044 INFO utils.complier: analyse  formula:[]
2026-06-26 19:57:24,047 INFO utils.complier: analyse  formula:[{'type': 'VARIABLE', 'value': '{{ISU.AP_PERF_INSTS_VALU}}'}, {'type': 'VARIABLE', 'value': '{{ISU.AP_PERF_INST_FMA_F32}}'}, {'type': 'VARIABLE', 'value': '{{ISU.AP_PERF_INST_FMA_F64}}'}, {'type': 'VARIABLE', 'value': '{{ISU.AP_PERF_INST_TRANS_FP16}}'}, {'type': 'VARIABLE', 'value': '{{ISU.AP_PERF_INST_TRANS_FP32}}'}, {'type': 'VARIABLE', 'value': '{{ISU.AP_PERF_MTE_PI_SEG_SEL_F64}}'}, {'type': 'VARIABLE', 'value': '{{ISU.AP_PERF_MTE_PI_SEG_SEL_F64}}'}, {'type': 'VARIABLE', 'value': '{{ISU.AP_PERF_INST_FMA_F32}}'}, {'type': 'VARIABLE', 'value': '{{ISU.AP_PERF_INST_FMA_F64}}'}, {'type': 'VARIABLE', 'value': '{{ISU.AP_PERF_INST_TRANS_FP16}}'}, {'type': 'VARIABLE', 'value': '{{ISU.AP_PERF_INST_TRANS_FP32}}'}, {'type': 'VARIABLE', 'value': '{{ISU.AP_PERF_INST_MMA_INT8}}'}, {'type': 'VARIABLE', 'value': '{{ISU.AP_PERF_INST_MMA_FP16}}'}, {'type': 'VARIABLE', 'value': '{{ISU.AP_PERF_INST_MMA_BF16}}'}, {'type': 'VARIABLE', 'value': '{{ISU.AP_PERF_INST_MMA_TF32}}'}, {'type': 'VARIABLE', 'value': '{{ISU.AP_PERF_INST_MMA_F32}}'}, {'type': 'VARIABLE', 'value': '{{ISU.AP_PERF_INST_MMA_F64}}'}, {'type': 'VARIABLE', 'value': '{{ISU.AP_PERF_INST_MMA_TF64}}'}, {'type': 'VARIABLE', 'value': '{{L2C.perf_dnoc_rdreq_32B}}'}, {'type': 'VARIABLE', 'value': '{{L2C.perf_dnoc_rdreq_64B}}'}, {'type': 'VARIABLE', 'value': '{{L2C.perf_dnoc_rdreq_128B}}'}, {'type': 'VARIABLE', 'value': '{{L2C.perf_dnoc_wrreq_32B_low}}'}, {'type': 'VARIABLE', 'value': '{{L2C.perf_dnoc_wrreq_32B_high}}'}, {'type': 'VARIABLE', 'value': '{{L2C.perf_dnoc_wrreq_64B}}'}, {'type': 'VARIABLE', 'value': '{{L2C.perf_dnoc_wrreq_128B}}'}, {'type': 'VARIABLE', 'value': '{{VL1.p_perf_thread_req_cnt}}'}, {'type': 'VARIABLE', 'value': '{{VL1.perf_inflt_rd_req}}'}, {'type': 'VARIABLE', 'value': '{{ISU.AP_PERF_ISU_AP_BUSY}}'}, {'type': 'VARIABLE_DICT', 'value': '{{{ISU.AP_PERF_ISU_AP_BUSY}}}'}]
2026-06-26 19:57:24,049 INFO utils.complier: analyse  formula:[]
2026-06-26 19:57:24,052 INFO utils.complier: analyse  formula:[]
2026-06-26 19:57:24,058 INFO utils.complier: analyse  formula:[{'type': 'PROC_VAR', 'value': '$valu_inst_all'}, {'type': 'PROC_VAR', 'value': '$valu_64'}, {'type': 'PROC_VAR', 'value': '$valu_inst_all'}, {'type': 'PROC_VAR', 'value': '$fma_128'}, {'type': 'PROC_VAR', 'value': '$trans_16'}, {'type': 'PROC_VAR', 'value': '$mma_4k'}, {'type': 'PROC_VAR', 'value': '$mma_2k'}, {'type': 'PROC_VAR', 'value': '$mma_1k'}, {'type': 'PROC_VAR', 'value': '$mma_256'}, {'type': 'PROC_VAR', 'value': '$all_ops'}, {'type': 'PROC_VAR', 'value': '$fma_128'}, {'type': 'PROC_VAR', 'value': '$trans_16'}, {'type': 'PROC_VAR', 'value': '$mma_4k'}, {'type': 'PROC_VAR', 'value': '$mma_2k'}, {'type': 'PROC_VAR', 'value': '$mma_1k'}, {'type': 'PROC_VAR', 'value': '$mma_256'}, {'type': 'PROC_VAR', 'value': '$valu_64'}, {'type': 'PROC_VAR', 'value': '$all_memacs'}, {'type': 'PROC_VAR', 'value': '$vl1_memacs'}, {'type': 'PROC_VAR', 'value': '$l2c_memacs'}, {'type': 'PROC_VAR', 'value': '$during'}, {'type': 'PROC_VAR', 'value': '$ap_num'}, {'type': 'PROC_VAR', 'value': '$RET'}, {'type': 'PROC_VAR', 'value': '$all_ops'}, {'type': 'PROC_VAR', 'value': '$all_memacs'}, {'type': 'PROC_VAR', 'value': '$during'}, {'type': 'PROC_VAR', 'value': '$ap_num'}, {'type': 'PROC_VAR', 'value': '$vl1_memacs'}, {'type': 'PROC_VAR', 'value': '$l2c_memacs'}]
2026-06-26 19:57:24,064 INFO utils.complier: analyse  formula:[{'type': 'VARIABLE_DICT', 'value': '{{{ISU.AP_PERF_ISU_AP_BUSY}}}'}]
2026-06-26 19:57:24,069 INFO utils.complier: analyse  formula:[{'type': 'VARIABLE', 'value': '{{ISU.AP_PERF_INSTS_VALU}}'}, {'type': 'VARIABLE', 'value': '{{ISU.AP_PERF_INST_FMA_F32}}'}, {'type': 'VARIABLE', 'value': '{{ISU.AP_PERF_INST_FMA_F64}}'}, {'type': 'VARIABLE', 'value': '{{ISU.AP_PERF_INST_TRANS_FP16}}'}, {'type': 'VARIABLE', 'value': '{{ISU.AP_PERF_INST_TRANS_FP32}}'}, {'type': 'VARIABLE', 'value': '{{ISU.AP_PERF_MTE_PI_SEG_SEL_F64}}'}, {'type': 'VARIABLE', 'value': '{{ISU.AP_PERF_MTE_PI_SEG_SEL_F64}}'}, {'type': 'VARIABLE', 'value': '{{ISU.AP_PERF_INST_FMA_F32}}'}, {'type': 'VARIABLE', 'value': '{{ISU.AP_PERF_INST_FMA_F64}}'}, {'type': 'VARIABLE', 'value': '{{ISU.AP_PERF_INST_TRANS_FP16}}'}, {'type': 'VARIABLE', 'value': '{{ISU.AP_PERF_INST_TRANS_FP32}}'}, {'type': 'VARIABLE', 'value': '{{ISU.AP_PERF_INST_MMA_INT8}}'}, {'type': 'VARIABLE', 'value': '{{ISU.AP_PERF_INST_MMA_FP16}}'}, {'type': 'VARIABLE', 'value': '{{ISU.AP_PERF_INST_MMA_BF16}}'}, {'type': 'VARIABLE', 'value': '{{ISU.AP_PERF_INST_MMA_TF32}}'}, {'type': 'VARIABLE', 'value': '{{ISU.AP_PERF_INST_MMA_F32}}'}, {'type': 'VARIABLE', 'value': '{{ISU.AP_PERF_INST_MMA_F64}}'}, {'type': 'VARIABLE', 'value': '{{ISU.AP_PERF_INST_MMA_TF64}}'}, {'type': 'VARIABLE', 'value': '{{L2C.perf_dnoc_rdreq_32B}}'}, {'type': 'VARIABLE', 'value': '{{L2C.perf_dnoc_rdreq_64B}}'}, {'type': 'VARIABLE', 'value': '{{L2C.perf_dnoc_rdreq_128B}}'}, {'type': 'VARIABLE', 'value': '{{L2C.perf_dnoc_wrreq_32B_low}}'}, {'type': 'VARIABLE', 'value': '{{L2C.perf_dnoc_wrreq_32B_high}}'}, {'type': 'VARIABLE', 'value': '{{L2C.perf_dnoc_wrreq_64B}}'}, {'type': 'VARIABLE', 'value': '{{L2C.perf_dnoc_wrreq_128B}}'}, {'type': 'VARIABLE', 'value': '{{VL1.p_perf_thread_req_cnt}}'}, {'type': 'VARIABLE', 'value': '{{VL1.perf_inflt_rd_req}}'}, {'type': 'VARIABLE', 'value': '{{ISU.AP_PERF_ISU_AP_BUSY}}'}]
2026-06-26 19:57:24,077 INFO utils.complier: analyse  formula:[]
2026-06-26 19:57:24,085 INFO utils.complier: analyse  formula:[]
2026-06-26 19:57:24,124 DEBUG matplotlib.ticker: vmin 1e-05 vmax 13487.104010777435
2026-06-26 19:57:24,125 DEBUG matplotlib.ticker: ticklocs array([], dtype=float64)
2026-06-26 19:57:24,126 DEBUG matplotlib.font_manager: findfont: Matching STIXGeneral:style=normal:variant=normal:weight=normal:stretch=normal:size=10.0.
2026-06-26 19:57:24,126 DEBUG matplotlib.font_manager: findfont: score(<Font 'DejaVu Sans Mono' (DejaVuSansMono-Bold.ttf) normal normal 700 normal>) = 10.335
2026-06-26 19:57:24,126 DEBUG matplotlib.font_manager: findfont: score(<Font 'STIXGeneral' (STIXGeneral.ttf) normal normal 400 normal>) = 0.05
2026-06-26 19:57:24,126 DEBUG matplotlib.font_manager: findfont: score(<Font 'STIXSizeFiveSym' (STIXSizFiveSymReg.ttf) normal normal 400 normal>) = 10.05
2026-06-26 19:57:24,127 DEBUG matplotlib.font_manager: findfont: score(<Font 'DejaVu Sans Display' (DejaVuSansDisplay.ttf) normal normal 400 normal>) = 10.05
2026-06-26 19:57:24,127 DEBUG matplotlib.font_manager: findfont: score(<Font 'cmtt10' (cmtt10.ttf) normal normal 400 normal>) = 10.05
2026-06-26 19:57:24,127 DEBUG matplotlib.font_manager: findfont: score(<Font 'DejaVu Sans' (DejaVuSans-Bold.ttf) normal normal 700 normal>) = 10.335
2026-06-26 19:57:24,127 DEBUG matplotlib.font_manager: findfont: score(<Font 'STIXNonUnicode' (STIXNonUniBol.ttf) normal normal 700 normal>) = 10.335
2026-06-26 19:57:24,127 DEBUG matplotlib.font_manager: findfont: score(<Font 'DejaVu Sans' (DejaVuSans-Oblique.ttf) oblique normal 400 normal>) = 11.05
2026-06-26 19:57:24,127 DEBUG matplotlib.font_manager: findfont: score(<Font 'DejaVu Sans Mono' (DejaVuSansMono.ttf) normal normal 400 normal>) = 10.05
2026-06-26 19:57:24,127 DEBUG matplotlib.font_manager: findfont: score(<Font 'DejaVu Serif' (DejaVuSerif-Bold.ttf) normal normal 700 normal>) = 10.335
2026-06-26 19:57:24,127 DEBUG matplotlib.font_manager: findfont: score(<Font 'DejaVu Serif' (DejaVuSerif-BoldItalic.ttf) italic normal 700 normal>) = 11.335
2026-06-26 19:57:24,127 DEBUG matplotlib.font_manager: findfont: score(<Font 'STIXSizeOneSym' (STIXSizOneSymBol.ttf) normal normal 700 normal>) = 10.335
2026-06-26 19:57:24,127 DEBUG matplotlib.font_manager: findfont: score(<Font 'STIXSizeFourSym' (STIXSizFourSymBol.ttf) normal normal 700 normal>) = 10.335
2026-06-26 19:57:24,127 DEBUG matplotlib.font_manager: findfont: score(<Font 'STIXSizeTwoSym' (STIXSizTwoSymBol.ttf) normal normal 700 normal>) = 10.335
2026-06-26 19:57:24,127 DEBUG matplotlib.font_manager: findfont: score(<Font 'STIXNonUnicode' (STIXNonUniBolIta.ttf) italic normal 700 normal>) = 11.335
2026-06-26 19:57:24,127 DEBUG matplotlib.font_manager: findfont: score(<Font 'DejaVu Sans Mono' (DejaVuSansMono-Oblique.ttf) oblique normal 400 normal>) = 11.05
2026-06-26 19:57:24,127 DEBUG matplotlib.font_manager: findfont: score(<Font 'DejaVu Serif Display' (DejaVuSerifDisplay.ttf) normal normal 400 normal>) = 10.05
2026-06-26 19:57:24,127 DEBUG matplotlib.font_manager: findfont: score(<Font 'DejaVu Serif' (DejaVuSerif-Italic.ttf) italic normal 400 normal>) = 11.05
2026-06-26 19:57:24,127 DEBUG matplotlib.font_manager: findfont: score(<Font 'STIXSizeFourSym' (STIXSizFourSymReg.ttf) normal normal 400 normal>) = 10.05
2026-06-26 19:57:24,127 DEBUG matplotlib.font_manager: findfont: score(<Font 'DejaVu Sans' (DejaVuSans.ttf) normal normal 400 normal>) = 10.05
2026-06-26 19:57:24,127 DEBUG matplotlib.font_manager: findfont: score(<Font 'cmex10' (cmex10.ttf) normal normal 400 normal>) = 10.05
2026-06-26 19:57:24,127 DEBUG matplotlib.font_manager: findfont: score(<Font 'STIXSizeOneSym' (STIXSizOneSymReg.ttf) normal normal 400 normal>) = 10.05
2026-06-26 19:57:24,127 DEBUG matplotlib.font_manager: findfont: score(<Font 'STIXSizeTwoSym' (STIXSizTwoSymReg.ttf) normal normal 400 normal>) = 10.05
2026-06-26 19:57:24,127 DEBUG matplotlib.font_manager: findfont: score(<Font 'STIXNonUnicode' (STIXNonUniIta.ttf) italic normal 400 normal>) = 11.05
2026-06-26 19:57:24,127 DEBUG matplotlib.font_manager: findfont: score(<Font 'cmsy10' (cmsy10.ttf) normal normal 400 normal>) = 10.05
2026-06-26 19:57:24,127 DEBUG matplotlib.font_manager: findfont: score(<Font 'STIXGeneral' (STIXGeneralItalic.ttf) italic normal 400 normal>) = 1.05
2026-06-26 19:57:24,127 DEBUG matplotlib.font_manager: findfont: score(<Font 'STIXGeneral' (STIXGeneralBol.ttf) normal normal 700 normal>) = 0.33499999999999996
2026-06-26 19:57:24,127 DEBUG matplotlib.font_manager: findfont: score(<Font 'cmmi10' (cmmi10.ttf) normal normal 400 normal>) = 10.05
2026-06-26 19:57:24,127 DEBUG matplotlib.font_manager: findfont: score(<Font 'DejaVu Sans Mono' (DejaVuSansMono-BoldOblique.ttf) oblique normal 700 normal>) = 11.335
2026-06-26 19:57:24,127 DEBUG matplotlib.font_manager: findfont: score(<Font 'STIXSizeThreeSym' (STIXSizThreeSymBol.ttf) normal normal 700 normal>) = 10.335
2026-06-26 19:57:24,127 DEBUG matplotlib.font_manager: findfont: score(<Font 'cmr10' (cmr10.ttf) normal normal 400 normal>) = 10.05
2026-06-26 19:57:24,127 DEBUG matplotlib.font_manager: findfont: score(<Font 'DejaVu Sans' (DejaVuSans-BoldOblique.ttf) oblique normal 700 normal>) = 11.335
2026-06-26 19:57:24,127 DEBUG matplotlib.font_manager: findfont: score(<Font 'cmss10' (cmss10.ttf) normal normal 400 normal>) = 10.05
2026-06-26 19:57:24,127 DEBUG matplotlib.font_manager: findfont: score(<Font 'cmb10' (cmb10.ttf) normal normal 400 normal>) = 10.05
2026-06-26 19:57:24,127 DEBUG matplotlib.font_manager: findfont: score(<Font 'DejaVu Serif' (DejaVuSerif.ttf) normal normal 400 normal>) = 10.05
2026-06-26 19:57:24,128 DEBUG matplotlib.font_manager: findfont: score(<Font 'STIXSizeThreeSym' (STIXSizThreeSymReg.ttf) normal normal 400 normal>) = 10.05
2026-06-26 19:57:24,128 DEBUG matplotlib.font_manager: findfont: score(<Font 'STIXGeneral' (STIXGeneralBolIta.ttf) italic normal 700 normal>) = 1.335
2026-06-26 19:57:24,128 DEBUG matplotlib.font_manager: findfont: score(<Font 'STIXNonUnicode' (STIXNonUni.ttf) normal normal 400 normal>) = 10.05
2026-06-26 19:57:24,128 DEBUG matplotlib.font_manager: findfont: score(<Font 'DejaVu Sans Mono' (DejaVuSansMono.ttf) normal normal 400 normal>) = 10.05
2026-06-26 19:57:24,128 DEBUG matplotlib.font_manager: findfont: score(<Font 'DejaVu Serif' (DejaVuSerif-Bold.ttf) normal normal 700 normal>) = 10.335
2026-06-26 19:57:24,128 DEBUG matplotlib.font_manager: findfont: score(<Font 'DejaVu Sans Mono' (DejaVuSansMono-Bold.ttf) normal normal 700 normal>) = 10.335
2026-06-26 19:57:24,128 DEBUG matplotlib.font_manager: findfont: score(<Font 'DejaVu Sans' (DejaVuSans-Bold.ttf) normal normal 700 normal>) = 10.335
2026-06-26 19:57:24,128 DEBUG matplotlib.font_manager: findfont: score(<Font 'DejaVu Serif' (DejaVuSerif.ttf) normal normal 400 normal>) = 10.05
2026-06-26 19:57:24,128 DEBUG matplotlib.font_manager: findfont: score(<Font 'DejaVu Sans' (DejaVuSans.ttf) normal normal 400 normal>) = 10.05
2026-06-26 19:57:24,128 DEBUG matplotlib.font_manager: findfont: Matching STIXGeneral:style=normal:variant=normal:weight=normal:stretch=normal:size=10.0 to STIXGeneral ('/tmp/_MEIKGygzi/matplotlib/mpl-data/fonts/ttf/STIXGeneral.ttf') with score of 0.050000.
2026-06-26 19:57:24,128 DEBUG matplotlib.font_manager: findfont: Matching STIXGeneral:style=italic:variant=normal:weight=normal:stretch=normal:size=10.0.
2026-06-26 19:57:24,128 DEBUG matplotlib.font_manager: findfont: score(<Font 'DejaVu Sans Mono' (DejaVuSansMono-Bold.ttf) normal normal 700 normal>) = 11.335
2026-06-26 19:57:24,128 DEBUG matplotlib.font_manager: findfont: score(<Font 'STIXGeneral' (STIXGeneral.ttf) normal normal 400 normal>) = 1.05
2026-06-26 19:57:24,128 DEBUG matplotlib.font_manager: findfont: score(<Font 'STIXSizeFiveSym' (STIXSizFiveSymReg.ttf) normal normal 400 normal>) = 11.05
2026-06-26 19:57:24,128 DEBUG matplotlib.font_manager: findfont: score(<Font 'DejaVu Sans Display' (DejaVuSansDisplay.ttf) normal normal 400 normal>) = 11.05
2026-06-26 19:57:24,128 DEBUG matplotlib.font_manager: findfont: score(<Font 'cmtt10' (cmtt10.ttf) normal normal 400 normal>) = 11.05
2026-06-26 19:57:24,128 DEBUG matplotlib.font_manager: findfont: score(<Font 'DejaVu Sans' (DejaVuSans-Bold.ttf) normal normal 700 normal>) = 11.335
2026-06-26 19:57:24,128 DEBUG matplotlib.font_manager: findfont: score(<Font 'STIXNonUnicode' (STIXNonUniBol.ttf) normal normal 700 normal>) = 11.335
2026-06-26 19:57:24,128 DEBUG matplotlib.font_manager: findfont: score(<Font 'DejaVu Sans' (DejaVuSans-Oblique.ttf) oblique normal 400 normal>) = 10.15
2026-06-26 19:57:24,128 DEBUG matplotlib.font_manager: findfont: score(<Font 'DejaVu Sans Mono' (DejaVuSansMono.ttf) normal normal 400 normal>) = 11.05
2026-06-26 19:57:24,129 DEBUG matplotlib.font_manager: findfont: score(<Font 'DejaVu Serif' (DejaVuSerif-Bold.ttf) normal normal 700 normal>) = 11.335
2026-06-26 19:57:24,129 DEBUG matplotlib.font_manager: findfont: score(<Font 'DejaVu Serif' (DejaVuSerif-BoldItalic.ttf) italic normal 700 normal>) = 10.335
2026-06-26 19:57:24,129 DEBUG matplotlib.font_manager: findfont: score(<Font 'STIXSizeOneSym' (STIXSizOneSymBol.ttf) normal normal 700 normal>) = 11.335
2026-06-26 19:57:24,129 DEBUG matplotlib.font_manager: findfont: score(<Font 'STIXSizeFourSym' (STIXSizFourSymBol.ttf) normal normal 700 normal>) = 11.335
2026-06-26 19:57:24,129 DEBUG matplotlib.font_manager: findfont: score(<Font 'STIXSizeTwoSym' (STIXSizTwoSymBol.ttf) normal normal 700 normal>) = 11.335
2026-06-26 19:57:24,129 DEBUG matplotlib.font_manager: findfont: score(<Font 'STIXNonUnicode' (STIXNonUniBolIta.ttf) italic normal 700 normal>) = 10.335
2026-06-26 19:57:24,129 DEBUG matplotlib.font_manager: findfont: score(<Font 'DejaVu Sans Mono' (DejaVuSansMono-Oblique.ttf) oblique normal 400 normal>) = 10.15
2026-06-26 19:57:24,129 DEBUG matplotlib.font_manager: findfont: score(<Font 'DejaVu Serif Display' (DejaVuSerifDisplay.ttf) normal normal 400 normal>) = 11.05
2026-06-26 19:57:24,129 DEBUG matplotlib.font_manager: findfont: score(<Font 'DejaVu Serif' (DejaVuSerif-Italic.ttf) italic normal 400 normal>) = 10.05
2026-06-26 19:57:24,129 DEBUG matplotlib.font_manager: findfont: score(<Font 'STIXSizeFourSym' (STIXSizFourSymReg.ttf) normal normal 400 normal>) = 11.05
2026-06-26 19:57:24,129 DEBUG matplotlib.font_manager: findfont: score(<Font 'DejaVu Sans' (DejaVuSans.ttf) normal normal 400 normal>) = 11.05
2026-06-26 19:57:24,129 DEBUG matplotlib.font_manager: findfont: score(<Font 'cmex10' (cmex10.ttf) normal normal 400 normal>) = 11.05
2026-06-26 19:57:24,129 DEBUG matplotlib.font_manager: findfont: score(<Font 'STIXSizeOneSym' (STIXSizOneSymReg.ttf) normal normal 400 normal>) = 11.05
2026-06-26 19:57:24,129 DEBUG matplotlib.font_manager: findfont: score(<Font 'STIXSizeTwoSym' (STIXSizTwoSymReg.ttf) normal normal 400 normal>) = 11.05
2026-06-26 19:57:24,129 DEBUG matplotlib.font_manager: findfont: score(<Font 'STIXNonUnicode' (STIXNonUniIta.ttf) italic normal 400 normal>) = 10.05
2026-06-26 19:57:24,129 DEBUG matplotlib.font_manager: findfont: score(<Font 'cmsy10' (cmsy10.ttf) normal normal 400 normal>) = 11.05
2026-06-26 19:57:24,129 DEBUG matplotlib.font_manager: findfont: score(<Font 'STIXGeneral' (STIXGeneralItalic.ttf) italic normal 400 normal>) = 0.05
2026-06-26 19:57:24,129 DEBUG matplotlib.font_manager: findfont: score(<Font 'STIXGeneral' (STIXGeneralBol.ttf) normal normal 700 normal>) = 1.335
2026-06-26 19:57:24,129 DEBUG matplotlib.font_manager: findfont: score(<Font 'cmmi10' (cmmi10.ttf) normal normal 400 normal>) = 11.05
2026-06-26 19:57:24,129 DEBUG matplotlib.font_manager: findfont: score(<Font 'DejaVu Sans Mono' (DejaVuSansMono-BoldOblique.ttf) oblique normal 700 normal>) = 10.434999999999999
2026-06-26 19:57:24,129 DEBUG matplotlib.font_manager: findfont: score(<Font 'STIXSizeThreeSym' (STIXSizThreeSymBol.ttf) normal normal 700 normal>) = 11.335
2026-06-26 19:57:24,129 DEBUG matplotlib.font_manager: findfont: score(<Font 'cmr10' (cmr10.ttf) normal normal 400 normal>) = 11.05
2026-06-26 19:57:24,129 DEBUG matplotlib.font_manager: findfont: score(<Font 'DejaVu Sans' (DejaVuSans-BoldOblique.ttf) oblique normal 700 normal>) = 10.434999999999999
2026-06-26 19:57:24,129 DEBUG matplotlib.font_manager: findfont: score(<Font 'cmss10' (cmss10.ttf) normal normal 400 normal>) = 11.05
2026-06-26 19:57:24,129 DEBUG matplotlib.font_manager: findfont: score(<Font 'cmb10' (cmb10.ttf) normal normal 400 normal>) = 11.05
2026-06-26 19:57:24,129 DEBUG matplotlib.font_manager: findfont: score(<Font 'DejaVu Serif' (DejaVuSerif.ttf) normal normal 400 normal>) = 11.05
2026-06-26 19:57:24,129 DEBUG matplotlib.font_manager: findfont: score(<Font 'STIXSizeThreeSym' (STIXSizThreeSymReg.ttf) normal normal 400 normal>) = 11.05
2026-06-26 19:57:24,129 DEBUG matplotlib.font_manager: findfont: score(<Font 'STIXGeneral' (STIXGeneralBolIta.ttf) italic normal 700 normal>) = 0.33499999999999996
2026-06-26 19:57:24,129 DEBUG matplotlib.font_manager: findfont: score(<Font 'STIXNonUnicode' (STIXNonUni.ttf) normal normal 400 normal>) = 11.05
2026-06-26 19:57:24,129 DEBUG matplotlib.font_manager: findfont: score(<Font 'DejaVu Sans Mono' (DejaVuSansMono.ttf) normal normal 400 normal>) = 11.05
2026-06-26 19:57:24,129 DEBUG matplotlib.font_manager: findfont: score(<Font 'DejaVu Serif' (DejaVuSerif-Bold.ttf) normal normal 700 normal>) = 11.335
2026-06-26 19:57:24,129 DEBUG matplotlib.font_manager: findfont: score(<Font 'DejaVu Sans Mono' (DejaVuSansMono-Bold.ttf) normal normal 700 normal>) = 11.335
2026-06-26 19:57:24,129 DEBUG matplotlib.font_manager: findfont: score(<Font 'DejaVu Sans' (DejaVuSans-Bold.ttf) normal normal 700 normal>) = 11.335
2026-06-26 19:57:24,130 DEBUG matplotlib.font_manager: findfont: score(<Font 'DejaVu Serif' (DejaVuSerif.ttf) normal normal 400 normal>) = 11.05
2026-06-26 19:57:24,130 DEBUG matplotlib.font_manager: findfont: score(<Font 'DejaVu Sans' (DejaVuSans.ttf) normal normal 400 normal>) = 11.05
2026-06-26 19:57:24,130 DEBUG matplotlib.font_manager: findfont: Matching STIXGeneral:style=italic:variant=normal:weight=normal:stretch=normal:size=10.0 to STIXGeneral ('/tmp/_MEIKGygzi/matplotlib/mpl-data/fonts/ttf/STIXGeneralItalic.ttf') with score of 0.050000.
2026-06-26 19:57:24,130 DEBUG matplotlib.font_manager: findfont: Matching STIXGeneral:style=normal:variant=normal:weight=bold:stretch=normal:size=10.0.
2026-06-26 19:57:24,130 DEBUG matplotlib.font_manager: findfont: score(<Font 'DejaVu Sans Mono' (DejaVuSansMono-Bold.ttf) normal normal 700 normal>) = 10.05
2026-06-26 19:57:24,130 DEBUG matplotlib.font_manager: findfont: score(<Font 'STIXGeneral' (STIXGeneral.ttf) normal normal 400 normal>) = 0.33499999999999996
2026-06-26 19:57:24,130 DEBUG matplotlib.font_manager: findfont: score(<Font 'STIXSizeFiveSym' (STIXSizFiveSymReg.ttf) normal normal 400 normal>) = 10.335
2026-06-26 19:57:24,130 DEBUG matplotlib.font_manager: findfont: score(<Font 'DejaVu Sans Display' (DejaVuSansDisplay.ttf) normal normal 400 normal>) = 10.335
2026-06-26 19:57:24,130 DEBUG matplotlib.font_manager: findfont: score(<Font 'cmtt10' (cmtt10.ttf) normal normal 400 normal>) = 10.335
2026-06-26 19:57:24,130 DEBUG matplotlib.font_manager: findfont: score(<Font 'DejaVu Sans' (DejaVuSans-Bold.ttf) normal normal 700 normal>) = 10.05
2026-06-26 19:57:24,130 DEBUG matplotlib.font_manager: findfont: score(<Font 'STIXNonUnicode' (STIXNonUniBol.ttf) normal normal 700 normal>) = 10.05
2026-06-26 19:57:24,130 DEBUG matplotlib.font_manager: findfont: score(<Font 'DejaVu Sans' (DejaVuSans-Oblique.ttf) oblique normal 400 normal>) = 11.335
2026-06-26 19:57:24,130 DEBUG matplotlib.font_manager: findfont: score(<Font 'DejaVu Sans Mono' (DejaVuSansMono.ttf) normal normal 400 normal>) = 10.335
2026-06-26 19:57:24,131 DEBUG matplotlib.font_manager: findfont: score(<Font 'DejaVu Serif' (DejaVuSerif-Bold.ttf) normal normal 700 normal>) = 10.05
2026-06-26 19:57:24,131 DEBUG matplotlib.font_manager: findfont: score(<Font 'DejaVu Serif' (DejaVuSerif-BoldItalic.ttf) italic normal 700 normal>) = 11.05
2026-06-26 19:57:24,131 DEBUG matplotlib.font_manager: findfont: score(<Font 'STIXSizeOneSym' (STIXSizOneSymBol.ttf) normal normal 700 normal>) = 10.05
2026-06-26 19:57:24,131 DEBUG matplotlib.font_manager: findfont: score(<Font 'STIXSizeFourSym' (STIXSizFourSymBol.ttf) normal normal 700 normal>) = 10.05
2026-06-26 19:57:24,131 DEBUG matplotlib.font_manager: findfont: score(<Font 'STIXSizeTwoSym' (STIXSizTwoSymBol.ttf) normal normal 700 normal>) = 10.05
2026-06-26 19:57:24,131 DEBUG matplotlib.font_manager: findfont: score(<Font 'STIXNonUnicode' (STIXNonUniBolIta.ttf) italic normal 700 normal>) = 11.05
2026-06-26 19:57:24,131 DEBUG matplotlib.font_manager: findfont: score(<Font 'DejaVu Sans Mono' (DejaVuSansMono-Oblique.ttf) oblique normal 400 normal>) = 11.335
2026-06-26 19:57:24,131 DEBUG matplotlib.font_manager: findfont: score(<Font 'DejaVu Serif Display' (DejaVuSerifDisplay.ttf) normal normal 400 normal>) = 10.335
2026-06-26 19:57:24,131 DEBUG matplotlib.font_manager: findfont: score(<Font 'DejaVu Serif' (DejaVuSerif-Italic.ttf) italic normal 400 normal>) = 11.335
2026-06-26 19:57:24,131 DEBUG matplotlib.font_manager: findfont: score(<Font 'STIXSizeFourSym' (STIXSizFourSymReg.ttf) normal normal 400 normal>) = 10.335
2026-06-26 19:57:24,131 DEBUG matplotlib.font_manager: findfont: score(<Font 'DejaVu Sans' (DejaVuSans.ttf) normal normal 400 normal>) = 10.335
2026-06-26 19:57:24,131 DEBUG matplotlib.font_manager: findfont: score(<Font 'cmex10' (cmex10.ttf) normal normal 400 normal>) = 10.335
2026-06-26 19:57:24,131 DEBUG matplotlib.font_manager: findfont: score(<Font 'STIXSizeOneSym' (STIXSizOneSymReg.ttf) normal normal 400 normal>) = 10.335
2026-06-26 19:57:24,131 DEBUG matplotlib.font_manager: findfont: score(<Font 'STIXSizeTwoSym' (STIXSizTwoSymReg.ttf) normal normal 400 normal>) = 10.335
2026-06-26 19:57:24,131 DEBUG matplotlib.font_manager: findfont: score(<Font 'STIXNonUnicode' (STIXNonUniIta.ttf) italic normal 400 normal>) = 11.335
2026-06-26 19:57:24,131 DEBUG matplotlib.font_manager: findfont: score(<Font 'cmsy10' (cmsy10.ttf) normal normal 400 normal>) = 10.335
2026-06-26 19:57:24,131 DEBUG matplotlib.font_manager: findfont: score(<Font 'STIXGeneral' (STIXGeneralItalic.ttf) italic normal 400 normal>) = 1.335
2026-06-26 19:57:24,131 DEBUG matplotlib.font_manager: findfont: score(<Font 'STIXGeneral' (STIXGeneralBol.ttf) normal normal 700 normal>) = 0.05
2026-06-26 19:57:24,131 DEBUG matplotlib.font_manager: findfont: score(<Font 'cmmi10' (cmmi10.ttf) normal normal 400 normal>) = 10.335
2026-06-26 19:57:24,131 DEBUG matplotlib.font_manager: findfont: score(<Font 'DejaVu Sans Mono' (DejaVuSansMono-BoldOblique.ttf) oblique normal 700 normal>) = 11.05
2026-06-26 19:57:24,131 DEBUG matplotlib.font_manager: findfont: score(<Font 'STIXSizeThreeSym' (STIXSizThreeSymBol.ttf) normal normal 700 normal>) = 10.05
2026-06-26 19:57:24,131 DEBUG matplotlib.font_manager: findfont: score(<Font 'cmr10' (cmr10.ttf) normal normal 400 normal>) = 10.335
2026-06-26 19:57:24,131 DEBUG matplotlib.font_manager: findfont: score(<Font 'DejaVu Sans' (DejaVuSans-BoldOblique.ttf) oblique normal 700 normal>) = 11.05
2026-06-26 19:57:24,131 DEBUG matplotlib.font_manager: findfont: score(<Font 'cmss10' (cmss10.ttf) normal normal 400 normal>) = 10.335
2026-06-26 19:57:24,131 DEBUG matplotlib.font_manager: findfont: score(<Font 'cmb10' (cmb10.ttf) normal normal 400 normal>) = 10.335
2026-06-26 19:57:24,131 DEBUG matplotlib.font_manager: findfont: score(<Font 'DejaVu Serif' (DejaVuSerif.ttf) normal normal 400 normal>) = 10.335
2026-06-26 19:57:24,131 DEBUG matplotlib.font_manager: findfont: score(<Font 'STIXSizeThreeSym' (STIXSizThreeSymReg.ttf) normal normal 400 normal>) = 10.335
2026-06-26 19:57:24,131 DEBUG matplotlib.font_manager: findfont: score(<Font 'STIXGeneral' (STIXGeneralBolIta.ttf) italic normal 700 normal>) = 1.05
2026-06-26 19:57:24,131 DEBUG matplotlib.font_manager: findfont: score(<Font 'STIXNonUnicode' (STIXNonUni.ttf) normal normal 400 normal>) = 10.335
2026-06-26 19:57:24,131 DEBUG matplotlib.font_manager: findfont: score(<Font 'DejaVu Sans Mono' (DejaVuSansMono.ttf) normal normal 400 normal>) = 10.335
2026-06-26 19:57:24,131 DEBUG matplotlib.font_manager: findfont: score(<Font 'DejaVu Serif' (DejaVuSerif-Bold.ttf) normal normal 700 normal>) = 10.05
2026-06-26 19:57:24,131 DEBUG matplotlib.font_manager: findfont: score(<Font 'DejaVu Sans Mono' (DejaVuSansMono-Bold.ttf) normal normal 700 normal>) = 10.05
2026-06-26 19:57:24,131 DEBUG matplotlib.font_manager: findfont: score(<Font 'DejaVu Sans' (DejaVuSans-Bold.ttf) normal normal 700 normal>) = 10.05
2026-06-26 19:57:24,131 DEBUG matplotlib.font_manager: findfont: score(<Font 'DejaVu Serif' (DejaVuSerif.ttf) normal normal 400 normal>) = 10.335
2026-06-26 19:57:24,132 DEBUG matplotlib.font_manager: findfont: score(<Font 'DejaVu Sans' (DejaVuSans.ttf) normal normal 400 normal>) = 10.335
2026-06-26 19:57:24,132 DEBUG matplotlib.font_manager: findfont: Matching STIXGeneral:style=normal:variant=normal:weight=bold:stretch=normal:size=10.0 to STIXGeneral ('/tmp/_MEIKGygzi/matplotlib/mpl-data/fonts/ttf/STIXGeneralBol.ttf') with score of 0.050000.
2026-06-26 19:57:24,132 DEBUG matplotlib.font_manager: findfont: Matching STIXNonUnicode:style=normal:variant=normal:weight=normal:stretch=normal:size=10.0.
2026-06-26 19:57:24,132 DEBUG matplotlib.font_manager: findfont: score(<Font 'DejaVu Sans Mono' (DejaVuSansMono-Bold.ttf) normal normal 700 normal>) = 10.335
2026-06-26 19:57:24,132 DEBUG matplotlib.font_manager: findfont: score(<Font 'STIXGeneral' (STIXGeneral.ttf) normal normal 400 normal>) = 10.05
2026-06-26 19:57:24,132 DEBUG matplotlib.font_manager: findfont: score(<Font 'STIXSizeFiveSym' (STIXSizFiveSymReg.ttf) normal normal 400 normal>) = 10.05
2026-06-26 19:57:24,132 DEBUG matplotlib.font_manager: findfont: score(<Font 'DejaVu Sans Display' (DejaVuSansDisplay.ttf) normal normal 400 normal>) = 10.05
2026-06-26 19:57:24,132 DEBUG matplotlib.font_manager: findfont: score(<Font 'cmtt10' (cmtt10.ttf) normal normal 400 normal>) = 10.05
2026-06-26 19:57:24,132 DEBUG matplotlib.font_manager: findfont: score(<Font 'DejaVu Sans' (DejaVuSans-Bold.ttf) normal normal 700 normal>) = 10.335
2026-06-26 19:57:24,132 DEBUG matplotlib.font_manager: findfont: score(<Font 'STIXNonUnicode' (STIXNonUniBol.ttf) normal normal 700 normal>) = 0.33499999999999996
2026-06-26 19:57:24,132 DEBUG matplotlib.font_manager: findfont: score(<Font 'DejaVu Sans' (DejaVuSans-Oblique.ttf) oblique normal 400 normal>) = 11.05
2026-06-26 19:57:24,132 DEBUG matplotlib.font_manager: findfont: score(<Font 'DejaVu Sans Mono' (DejaVuSansMono.ttf) normal normal 400 normal>) = 10.05
2026-06-26 19:57:24,132 DEBUG matplotlib.font_manager: findfont: score(<Font 'DejaVu Serif' (DejaVuSerif-Bold.ttf) normal normal 700 normal>) = 10.335
2026-06-26 19:57:24,132 DEBUG matplotlib.font_manager: findfont: score(<Font 'DejaVu Serif' (DejaVuSerif-BoldItalic.ttf) italic normal 700 normal>) = 11.335
2026-06-26 19:57:24,132 DEBUG matplotlib.font_manager: findfont: score(<Font 'STIXSizeOneSym' (STIXSizOneSymBol.ttf) normal normal 700 normal>) = 10.335
2026-06-26 19:57:24,132 DEBUG matplotlib.font_manager: findfont: score(<Font 'STIXSizeFourSym' (STIXSizFourSymBol.ttf) normal normal 700 normal>) = 10.335
2026-06-26 19:57:24,132 DEBUG matplotlib.font_manager: findfont: score(<Font 'STIXSizeTwoSym' (STIXSizTwoSymBol.ttf) normal normal 700 normal>) = 10.335
2026-06-26 19:57:24,132 DEBUG matplotlib.font_manager: findfont: score(<Font 'STIXNonUnicode' (STIXNonUniBolIta.ttf) italic normal 700 normal>) = 1.335
2026-06-26 19:57:24,132 DEBUG matplotlib.font_manager: findfont: score(<Font 'DejaVu Sans Mono' (DejaVuSansMono-Oblique.ttf) oblique normal 400 normal>) = 11.05
2026-06-26 19:57:24,132 DEBUG matplotlib.font_manager: findfont: score(<Font 'DejaVu Serif Display' (DejaVuSerifDisplay.ttf) normal normal 400 normal>) = 10.05
2026-06-26 19:57:24,132 DEBUG matplotlib.font_manager: findfont: score(<Font 'DejaVu Serif' (DejaVuSerif-Italic.ttf) italic normal 400 normal>) = 11.05
2026-06-26 19:57:24,132 DEBUG matplotlib.font_manager: findfont: score(<Font 'STIXSizeFourSym' (STIXSizFourSymReg.ttf) normal normal 400 normal>) = 10.05
2026-06-26 19:57:24,132 DEBUG matplotlib.font_manager: findfont: score(<Font 'DejaVu Sans' (DejaVuSans.ttf) normal normal 400 normal>) = 10.05
2026-06-26 19:57:24,132 DEBUG matplotlib.font_manager: findfont: score(<Font 'cmex10' (cmex10.ttf) normal normal 400 normal>) = 10.05
2026-06-26 19:57:24,133 DEBUG matplotlib.font_manager: findfont: score(<Font 'STIXSizeOneSym' (STIXSizOneSymReg.ttf) normal normal 400 normal>) = 10.05
2026-06-26 19:57:24,133 DEBUG matplotlib.font_manager: findfont: score(<Font 'STIXSizeTwoSym' (STIXSizTwoSymReg.ttf) normal normal 400 normal>) = 10.05
2026-06-26 19:57:24,133 DEBUG matplotlib.font_manager: findfont: score(<Font 'STIXNonUnicode' (STIXNonUniIta.ttf) italic normal 400 normal>) = 1.05
2026-06-26 19:57:24,133 DEBUG matplotlib.font_manager: findfont: score(<Font 'cmsy10' (cmsy10.ttf) normal normal 400 normal>) = 10.05
2026-06-26 19:57:24,133 DEBUG matplotlib.font_manager: findfont: score(<Font 'STIXGeneral' (STIXGeneralItalic.ttf) italic normal 400 normal>) = 11.05
2026-06-26 19:57:24,133 DEBUG matplotlib.font_manager: findfont: score(<Font 'STIXGeneral' (STIXGeneralBol.ttf) normal normal 700 normal>) = 10.335
2026-06-26 19:57:24,133 DEBUG matplotlib.font_manager: findfont: score(<Font 'cmmi10' (cmmi10.ttf) normal normal 400 normal>) = 10.05
2026-06-26 19:57:24,133 DEBUG matplotlib.font_manager: findfont: score(<Font 'DejaVu Sans Mono' (DejaVuSansMono-BoldOblique.ttf) oblique normal 700 normal>) = 11.335
2026-06-26 19:57:24,133 DEBUG matplotlib.font_manager: findfont: score(<Font 'STIXSizeThreeSym' (STIXSizThreeSymBol.ttf) normal normal 700 normal>) = 10.335
2026-06-26 19:57:24,133 DEBUG matplotlib.font_manager: findfont: score(<Font 'cmr10' (cmr10.ttf) normal normal 400 normal>) = 10.05
2026-06-26 19:57:24,133 DEBUG matplotlib.font_manager: findfont: score(<Font 'DejaVu Sans' (DejaVuSans-BoldOblique.ttf) oblique normal 700 normal>) = 11.335
2026-06-26 19:57:24,133 DEBUG matplotlib.font_manager: findfont: score(<Font 'cmss10' (cmss10.ttf) normal normal 400 normal>) = 10.05
2026-06-26 19:57:24,133 DEBUG matplotlib.font_manager: findfont: score(<Font 'cmb10' (cmb10.ttf) normal normal 400 normal>) = 10.05
2026-06-26 19:57:24,133 DEBUG matplotlib.font_manager: findfont: score(<Font 'DejaVu Serif' (DejaVuSerif.ttf) normal normal 400 normal>) = 10.05
2026-06-26 19:57:24,133 DEBUG matplotlib.font_manager: findfont: score(<Font 'STIXSizeThreeSym' (STIXSizThreeSymReg.ttf) normal normal 400 normal>) = 10.05
2026-06-26 19:57:24,133 DEBUG matplotlib.font_manager: findfont: score(<Font 'STIXGeneral' (STIXGeneralBolIta.ttf) italic normal 700 normal>) = 11.335
2026-06-26 19:57:24,133 DEBUG matplotlib.font_manager: findfont: score(<Font 'STIXNonUnicode' (STIXNonUni.ttf) normal normal 400 normal>) = 0.05
2026-06-26 19:57:24,133 DEBUG matplotlib.font_manager: findfont: score(<Font 'DejaVu Sans Mono' (DejaVuSansMono.ttf) normal normal 400 normal>) = 10.05
2026-06-26 19:57:24,133 DEBUG matplotlib.font_manager: findfont: score(<Font 'DejaVu Serif' (DejaVuSerif-Bold.ttf) normal normal 700 normal>) = 10.335
2026-06-26 19:57:24,133 DEBUG matplotlib.font_manager: findfont: score(<Font 'DejaVu Sans Mono' (DejaVuSansMono-Bold.ttf) normal normal 700 normal>) = 10.335
2026-06-26 19:57:24,133 DEBUG matplotlib.font_manager: findfont: score(<Font 'DejaVu Sans' (DejaVuSans-Bold.ttf) normal normal 700 normal>) = 10.335
2026-06-26 19:57:24,133 DEBUG matplotlib.font_manager: findfont: score(<Font 'DejaVu Serif' (DejaVuSerif.ttf) normal normal 400 normal>) = 10.05
2026-06-26 19:57:24,133 DEBUG matplotlib.font_manager: findfont: score(<Font 'DejaVu Sans' (DejaVuSans.ttf) normal normal 400 normal>) = 10.05
2026-06-26 19:57:24,133 DEBUG matplotlib.font_manager: findfont: Matching STIXNonUnicode:style=normal:variant=normal:weight=normal:stretch=normal:size=10.0 to STIXNonUnicode ('/tmp/_MEIKGygzi/matplotlib/mpl-data/fonts/ttf/STIXNonUni.ttf') with score of 0.050000.
2026-06-26 19:57:24,133 DEBUG matplotlib.font_manager: findfont: Matching STIXNonUnicode:style=italic:variant=normal:weight=normal:stretch=normal:size=10.0.
2026-06-26 19:57:24,134 DEBUG matplotlib.font_manager: findfont: score(<Font 'DejaVu Sans Mono' (DejaVuSansMono-Bold.ttf) normal normal 700 normal>) = 11.335
2026-06-26 19:57:24,134 DEBUG matplotlib.font_manager: findfont: score(<Font 'STIXGeneral' (STIXGeneral.ttf) normal normal 400 normal>) = 11.05
2026-06-26 19:57:24,134 DEBUG matplotlib.font_manager: findfont: score(<Font 'STIXSizeFiveSym' (STIXSizFiveSymReg.ttf) normal normal 400 normal>) = 11.05
2026-06-26 19:57:24,134 DEBUG matplotlib.font_manager: findfont: score(<Font 'DejaVu Sans Display' (DejaVuSansDisplay.ttf) normal normal 400 normal>) = 11.05
2026-06-26 19:57:24,134 DEBUG matplotlib.font_manager: findfont: score(<Font 'cmtt10' (cmtt10.ttf) normal normal 400 normal>) = 11.05
2026-06-26 19:57:24,134 DEBUG matplotlib.font_manager: findfont: score(<Font 'DejaVu Sans' (DejaVuSans-Bold.ttf) normal normal 700 normal>) = 11.335
2026-06-26 19:57:24,134 DEBUG matplotlib.font_manager: findfont: score(<Font 'STIXNonUnicode' (STIXNonUniBol.ttf) normal normal 700 normal>) = 1.335
2026-06-26 19:57:24,134 DEBUG matplotlib.font_manager: findfont: score(<Font 'DejaVu Sans' (DejaVuSans-Oblique.ttf) oblique normal 400 normal>) = 10.15
2026-06-26 19:57:24,134 DEBUG matplotlib.font_manager: findfont: score(<Font 'DejaVu Sans Mono' (DejaVuSansMono.ttf) normal normal 400 normal>) = 11.05
2026-06-26 19:57:24,134 DEBUG matplotlib.font_manager: findfont: score(<Font 'DejaVu Serif' (DejaVuSerif-Bold.ttf) normal normal 700 normal>) = 11.335
2026-06-26 19:57:24,134 DEBUG matplotlib.font_manager: findfont: score(<Font 'DejaVu Serif' (DejaVuSerif-BoldItalic.ttf) italic normal 700 normal>) = 10.335
2026-06-26 19:57:24,134 DEBUG matplotlib.font_manager: findfont: score(<Font 'STIXSizeOneSym' (STIXSizOneSymBol.ttf) normal normal 700 normal>) = 11.335
2026-06-26 19:57:24,134 DEBUG matplotlib.font_manager: findfont: score(<Font 'STIXSizeFourSym' (STIXSizFourSymBol.ttf) normal normal 700 normal>) = 11.335
2026-06-26 19:57:24,134 DEBUG matplotlib.font_manager: findfont: score(<Font 'STIXSizeTwoSym' (STIXSizTwoSymBol.ttf) normal normal 700 normal>) = 11.335
2026-06-26 19:57:24,134 DEBUG matplotlib.font_manager: findfont: score(<Font 'STIXNonUnicode' (STIXNonUniBolIta.ttf) italic normal 700 normal>) = 0.33499999999999996
2026-06-26 19:57:24,134 DEBUG matplotlib.font_manager: findfont: score(<Font 'DejaVu Sans Mono' (DejaVuSansMono-Oblique.ttf) oblique normal 400 normal>) = 10.15
2026-06-26 19:57:24,134 DEBUG matplotlib.font_manager: findfont: score(<Font 'DejaVu Serif Display' (DejaVuSerifDisplay.ttf) normal normal 400 normal>) = 11.05
2026-06-26 19:57:24,134 DEBUG matplotlib.font_manager: findfont: score(<Font 'DejaVu Serif' (DejaVuSerif-Italic.ttf) italic normal 400 normal>) = 10.05
2026-06-26 19:57:24,134 DEBUG matplotlib.font_manager: findfont: score(<Font 'STIXSizeFourSym' (STIXSizFourSymReg.ttf) normal normal 400 normal>) = 11.05
2026-06-26 19:57:24,134 DEBUG matplotlib.font_manager: findfont: score(<Font 'DejaVu Sans' (DejaVuSans.ttf) normal normal 400 normal>) = 11.05
2026-06-26 19:57:24,134 DEBUG matplotlib.font_manager: findfont: score(<Font 'cmex10' (cmex10.ttf) normal normal 400 normal>) = 11.05
2026-06-26 19:57:24,134 DEBUG matplotlib.font_manager: findfont: score(<Font 'STIXSizeOneSym' (STIXSizOneSymReg.ttf) normal normal 400 normal>) = 11.05
2026-06-26 19:57:24,134 DEBUG matplotlib.font_manager: findfont: score(<Font 'STIXSizeTwoSym' (STIXSizTwoSymReg.ttf) normal normal 400 normal>) = 11.05
2026-06-26 19:57:24,134 DEBUG matplotlib.font_manager: findfont: score(<Font 'STIXNonUnicode' (STIXNonUniIta.ttf) italic normal 400 normal>) = 0.05
2026-06-26 19:57:24,134 DEBUG matplotlib.font_manager: findfont: score(<Font 'cmsy10' (cmsy10.ttf) normal normal 400 normal>) = 11.05
2026-06-26 19:57:24,134 DEBUG matplotlib.font_manager: findfont: score(<Font 'STIXGeneral' (STIXGeneralItalic.ttf) italic normal 400 normal>) = 10.05
2026-06-26 19:57:24,134 DEBUG matplotlib.font_manager: findfont: score(<Font 'STIXGeneral' (STIXGeneralBol.ttf) normal normal 700 normal>) = 11.335
2026-06-26 19:57:24,134 DEBUG matplotlib.font_manager: findfont: score(<Font 'cmmi10' (cmmi10.ttf) normal normal 400 normal>) = 11.05
2026-06-26 19:57:24,134 DEBUG matplotlib.font_manager: findfont: score(<Font 'DejaVu Sans Mono' (DejaVuSansMono-BoldOblique.ttf) oblique normal 700 normal>) = 10.434999999999999
2026-06-26 19:57:24,134 DEBUG matplotlib.font_manager: findfont: score(<Font 'STIXSizeThreeSym' (STIXSizThreeSymBol.ttf) normal normal 700 normal>) = 11.335
2026-06-26 19:57:24,134 DEBUG matplotlib.font_manager: findfont: score(<Font 'cmr10' (cmr10.ttf) normal normal 400 normal>) = 11.05
2026-06-26 19:57:24,134 DEBUG matplotlib.font_manager: findfont: score(<Font 'DejaVu Sans' (DejaVuSans-BoldOblique.ttf) oblique normal 700 normal>) = 10.434999999999999
2026-06-26 19:57:24,135 DEBUG matplotlib.font_manager: findfont: score(<Font 'cmss10' (cmss10.ttf) normal normal 400 normal>) = 11.05
2026-06-26 19:57:24,135 DEBUG matplotlib.font_manager: findfont: score(<Font 'cmb10' (cmb10.ttf) normal normal 400 normal>) = 11.05
2026-06-26 19:57:24,135 DEBUG matplotlib.font_manager: findfont: score(<Font 'DejaVu Serif' (DejaVuSerif.ttf) normal normal 400 normal>) = 11.05
2026-06-26 19:57:24,135 DEBUG matplotlib.font_manager: findfont: score(<Font 'STIXSizeThreeSym' (STIXSizThreeSymReg.ttf) normal normal 400 normal>) = 11.05
2026-06-26 19:57:24,135 DEBUG matplotlib.font_manager: findfont: score(<Font 'STIXGeneral' (STIXGeneralBolIta.ttf) italic normal 700 normal>) = 10.335
2026-06-26 19:57:24,135 DEBUG matplotlib.font_manager: findfont: score(<Font 'STIXNonUnicode' (STIXNonUni.ttf) normal normal 400 normal>) = 1.05
2026-06-26 19:57:24,135 DEBUG matplotlib.font_manager: findfont: score(<Font 'DejaVu Sans Mono' (DejaVuSansMono.ttf) normal normal 400 normal>) = 11.05
2026-06-26 19:57:24,135 DEBUG matplotlib.font_manager: findfont: score(<Font 'DejaVu Serif' (DejaVuSerif-Bold.ttf) normal normal 700 normal>) = 11.335
2026-06-26 19:57:24,135 DEBUG matplotlib.font_manager: findfont: score(<Font 'DejaVu Sans Mono' (DejaVuSansMono-Bold.ttf) normal normal 700 normal>) = 11.335
2026-06-26 19:57:24,135 DEBUG matplotlib.font_manager: findfont: score(<Font 'DejaVu Sans' (DejaVuSans-Bold.ttf) normal normal 700 normal>) = 11.335
2026-06-26 19:57:24,135 DEBUG matplotlib.font_manager: findfont: score(<Font 'DejaVu Serif' (DejaVuSerif.ttf) normal normal 400 normal>) = 11.05
2026-06-26 19:57:24,135 DEBUG matplotlib.font_manager: findfont: score(<Font 'DejaVu Sans' (DejaVuSans.ttf) normal normal 400 normal>) = 11.05
2026-06-26 19:57:24,135 DEBUG matplotlib.font_manager: findfont: Matching STIXNonUnicode:style=italic:variant=normal:weight=normal:stretch=normal:size=10.0 to STIXNonUnicode ('/tmp/_MEIKGygzi/matplotlib/mpl-data/fonts/ttf/STIXNonUniIta.ttf') with score of 0.050000.
2026-06-26 19:57:24,135 DEBUG matplotlib.font_manager: findfont: Matching STIXNonUnicode:style=normal:variant=normal:weight=bold:stretch=normal:size=10.0.
2026-06-26 19:57:24,135 DEBUG matplotlib.font_manager: findfont: score(<Font 'DejaVu Sans Mono' (DejaVuSansMono-Bold.ttf) normal normal 700 normal>) = 10.05
2026-06-26 19:57:24,135 DEBUG matplotlib.font_manager: findfont: score(<Font 'STIXGeneral' (STIXGeneral.ttf) normal normal 400 normal>) = 10.335
2026-06-26 19:57:24,135 DEBUG matplotlib.font_manager: findfont: score(<Font 'STIXSizeFiveSym' (STIXSizFiveSymReg.ttf) normal normal 400 normal>) = 10.335
2026-06-26 19:57:24,135 DEBUG matplotlib.font_manager: findfont: score(<Font 'DejaVu Sans Display' (DejaVuSansDisplay.ttf) normal normal 400 normal>) = 10.335
2026-06-26 19:57:24,135 DEBUG matplotlib.font_manager: findfont: score(<Font 'cmtt10' (cmtt10.ttf) normal normal 400 normal>) = 10.335
2026-06-26 19:57:24,135 DEBUG matplotlib.font_manager: findfont: score(<Font 'DejaVu Sans' (DejaVuSans-Bold.ttf) normal normal 700 normal>) = 10.05
2026-06-26 19:57:24,135 DEBUG matplotlib.font_manager: findfont: score(<Font 'STIXNonUnicode' (STIXNonUniBol.ttf) normal normal 700 normal>) = 0.05
2026-06-26 19:57:24,136 DEBUG matplotlib.font_manager: findfont: score(<Font 'DejaVu Sans' (DejaVuSans-Oblique.ttf) oblique normal 400 normal>) = 11.335
2026-06-26 19:57:24,136 DEBUG matplotlib.font_manager: findfont: score(<Font 'DejaVu Sans Mono' (DejaVuSansMono.ttf) normal normal 400 normal>) = 10.335
2026-06-26 19:57:24,136 DEBUG matplotlib.font_manager: findfont: score(<Font 'DejaVu Serif' (DejaVuSerif-Bold.ttf) normal normal 700 normal>) = 10.05
2026-06-26 19:57:24,136 DEBUG matplotlib.font_manager: findfont: score(<Font 'DejaVu Serif' (DejaVuSerif-BoldItalic.ttf) italic normal 700 normal>) = 11.05
2026-06-26 19:57:24,136 DEBUG matplotlib.font_manager: findfont: score(<Font 'STIXSizeOneSym' (STIXSizOneSymBol.ttf) normal normal 700 normal>) = 10.05
2026-06-26 19:57:24,136 DEBUG matplotlib.font_manager: findfont: score(<Font 'STIXSizeFourSym' (STIXSizFourSymBol.ttf) normal normal 700 normal>) = 10.05
2026-06-26 19:57:24,136 DEBUG matplotlib.font_manager: findfont: score(<Font 'STIXSizeTwoSym' (STIXSizTwoSymBol.ttf) normal normal 700 normal>) = 10.05
2026-06-26 19:57:24,136 DEBUG matplotlib.font_manager: findfont: score(<Font 'STIXNonUnicode' (STIXNonUniBolIta.ttf) italic normal 700 normal>) = 1.05
2026-06-26 19:57:24,136 DEBUG matplotlib.font_manager: findfont: score(<Font 'DejaVu Sans Mono' (DejaVuSansMono-Oblique.ttf) oblique normal 400 normal>) = 11.335
2026-06-26 19:57:24,136 DEBUG matplotlib.font_manager: findfont: score(<Font 'DejaVu Serif Display' (DejaVuSerifDisplay.ttf) normal normal 400 normal>) = 10.335
2026-06-26 19:57:24,136 DEBUG matplotlib.font_manager: findfont: score(<Font 'DejaVu Serif' (DejaVuSerif-Italic.ttf) italic normal 400 normal>) = 11.335
2026-06-26 19:57:24,136 DEBUG matplotlib.font_manager: findfont: score(<Font 'STIXSizeFourSym' (STIXSizFourSymReg.ttf) normal normal 400 normal>) = 10.335
2026-06-26 19:57:24,136 DEBUG matplotlib.font_manager: findfont: score(<Font 'DejaVu Sans' (DejaVuSans.ttf) normal normal 400 normal>) = 10.335
2026-06-26 19:57:24,136 DEBUG matplotlib.font_manager: findfont: score(<Font 'cmex10' (cmex10.ttf) normal normal 400 normal>) = 10.335
2026-06-26 19:57:24,136 DEBUG matplotlib.font_manager: findfont: score(<Font 'STIXSizeOneSym' (STIXSizOneSymReg.ttf) normal normal 400 normal>) = 10.335
2026-06-26 19:57:24,136 DEBUG matplotlib.font_manager: findfont: score(<Font 'STIXSizeTwoSym' (STIXSizTwoSymReg.ttf) normal normal 400 normal>) = 10.335
2026-06-26 19:57:24,136 DEBUG matplotlib.font_manager: findfont: score(<Font 'STIXNonUnicode' (STIXNonUniIta.ttf) italic normal 400 normal>) = 1.335
2026-06-26 19:57:24,136 DEBUG matplotlib.font_manager: findfont: score(<Font 'cmsy10' (cmsy10.ttf) normal normal 400 normal>) = 10.335
2026-06-26 19:57:24,136 DEBUG matplotlib.font_manager: findfont: score(<Font 'STIXGeneral' (STIXGeneralItalic.ttf) italic normal 400 normal>) = 11.335
2026-06-26 19:57:24,136 DEBUG matplotlib.font_manager: findfont: score(<Font 'STIXGeneral' (STIXGeneralBol.ttf) normal normal 700 normal>) = 10.05
2026-06-26 19:57:24,136 DEBUG matplotlib.font_manager: findfont: score(<Font 'cmmi10' (cmmi10.ttf) normal normal 400 normal>) = 10.335
2026-06-26 19:57:24,136 DEBUG matplotlib.font_manager: findfont: score(<Font 'DejaVu Sans Mono' (DejaVuSansMono-BoldOblique.ttf) oblique normal 700 normal>) = 11.05
2026-06-26 19:57:24,136 DEBUG matplotlib.font_manager: findfont: score(<Font 'STIXSizeThreeSym' (STIXSizThreeSymBol.ttf) normal normal 700 normal>) = 10.05
2026-06-26 19:57:24,136 DEBUG matplotlib.font_manager: findfont: score(<Font 'cmr10' (cmr10.ttf) normal normal 400 normal>) = 10.335
2026-06-26 19:57:24,136 DEBUG matplotlib.font_manager: findfont: score(<Font 'DejaVu Sans' (DejaVuSans-BoldOblique.ttf) oblique normal 700 normal>) = 11.05
2026-06-26 19:57:24,136 DEBUG matplotlib.font_manager: findfont: score(<Font 'cmss10' (cmss10.ttf) normal normal 400 normal>) = 10.335
2026-06-26 19:57:24,136 DEBUG matplotlib.font_manager: findfont: score(<Font 'cmb10' (cmb10.ttf) normal normal 400 normal>) = 10.335
2026-06-26 19:57:24,136 DEBUG matplotlib.font_manager: findfont: score(<Font 'DejaVu Serif' (DejaVuSerif.ttf) normal normal 400 normal>) = 10.335
2026-06-26 19:57:24,136 DEBUG matplotlib.font_manager: findfont: score(<Font 'STIXSizeThreeSym' (STIXSizThreeSymReg.ttf) normal normal 400 normal>) = 10.335
2026-06-26 19:57:24,136 DEBUG matplotlib.font_manager: findfont: score(<Font 'STIXGeneral' (STIXGeneralBolIta.ttf) italic normal 700 normal>) = 11.05
2026-06-26 19:57:24,136 DEBUG matplotlib.font_manager: findfont: score(<Font 'STIXNonUnicode' (STIXNonUni.ttf) normal normal 400 normal>) = 0.33499999999999996
2026-06-26 19:57:24,136 DEBUG matplotlib.font_manager: findfont: score(<Font 'DejaVu Sans Mono' (DejaVuSansMono.ttf) normal normal 400 normal>) = 10.335
2026-06-26 19:57:24,136 DEBUG matplotlib.font_manager: findfont: score(<Font 'DejaVu Serif' (DejaVuSerif-Bold.ttf) normal normal 700 normal>) = 10.05
2026-06-26 19:57:24,136 DEBUG matplotlib.font_manager: findfont: score(<Font 'DejaVu Sans Mono' (DejaVuSansMono-Bold.ttf) normal normal 700 normal>) = 10.05
2026-06-26 19:57:24,137 DEBUG matplotlib.font_manager: findfont: score(<Font 'DejaVu Sans' (DejaVuSans-Bold.ttf) normal normal 700 normal>) = 10.05
2026-06-26 19:57:24,137 DEBUG matplotlib.font_manager: findfont: score(<Font 'DejaVu Serif' (DejaVuSerif.ttf) normal normal 400 normal>) = 10.335
2026-06-26 19:57:24,137 DEBUG matplotlib.font_manager: findfont: score(<Font 'DejaVu Sans' (DejaVuSans.ttf) normal normal 400 normal>) = 10.335
2026-06-26 19:57:24,137 DEBUG matplotlib.font_manager: findfont: Matching STIXNonUnicode:style=normal:variant=normal:weight=bold:stretch=normal:size=10.0 to STIXNonUnicode ('/tmp/_MEIKGygzi/matplotlib/mpl-data/fonts/ttf/STIXNonUniBol.ttf') with score of 0.050000.
2026-06-26 19:57:24,137 DEBUG matplotlib.font_manager: findfont: Matching STIXSizeOneSym:style=normal:variant=normal:weight=normal:stretch=normal:size=10.0.
2026-06-26 19:57:24,137 DEBUG matplotlib.font_manager: findfont: score(<Font 'DejaVu Sans Mono' (DejaVuSansMono-Bold.ttf) normal normal 700 normal>) = 10.335
2026-06-26 19:57:24,137 DEBUG matplotlib.font_manager: findfont: score(<Font 'STIXGeneral' (STIXGeneral.ttf) normal normal 400 normal>) = 10.05
2026-06-26 19:57:24,137 DEBUG matplotlib.font_manager: findfont: score(<Font 'STIXSizeFiveSym' (STIXSizFiveSymReg.ttf) normal normal 400 normal>) = 10.05
2026-06-26 19:57:24,137 DEBUG matplotlib.font_manager: findfont: score(<Font 'DejaVu Sans Display' (DejaVuSansDisplay.ttf) normal normal 400 normal>) = 10.05
2026-06-26 19:57:24,137 DEBUG matplotlib.font_manager: findfont: score(<Font 'cmtt10' (cmtt10.ttf) normal normal 400 normal>) = 10.05
2026-06-26 19:57:24,137 DEBUG matplotlib.font_manager: findfont: score(<Font 'DejaVu Sans' (DejaVuSans-Bold.ttf) normal normal 700 normal>) = 10.335
2026-06-26 19:57:24,137 DEBUG matplotlib.font_manager: findfont: score(<Font 'STIXNonUnicode' (STIXNonUniBol.ttf) normal normal 700 normal>) = 10.335
2026-06-26 19:57:24,137 DEBUG matplotlib.font_manager: findfont: score(<Font 'DejaVu Sans' (DejaVuSans-Oblique.ttf) oblique normal 400 normal>) = 11.05
2026-06-26 19:57:24,137 DEBUG matplotlib.font_manager: findfont: score(<Font 'DejaVu Sans Mono' (DejaVuSansMono.ttf) normal normal 400 normal>) = 10.05
2026-06-26 19:57:24,137 DEBUG matplotlib.font_manager: findfont: score(<Font 'DejaVu Serif' (DejaVuSerif-Bold.ttf) normal normal 700 normal>) = 10.335
2026-06-26 19:57:24,137 DEBUG matplotlib.font_manager: findfont: score(<Font 'DejaVu Serif' (DejaVuSerif-BoldItalic.ttf) italic normal 700 normal>) = 11.335
2026-06-26 19:57:24,137 DEBUG matplotlib.font_manager: findfont: score(<Font 'STIXSizeOneSym' (STIXSizOneSymBol.ttf) normal normal 700 normal>) = 0.33499999999999996
2026-06-26 19:57:24,137 DEBUG matplotlib.font_manager: findfont: score(<Font 'STIXSizeFourSym' (STIXSizFourSymBol.ttf) normal normal 700 normal>) = 10.335
2026-06-26 19:57:24,137 DEBUG matplotlib.font_manager: findfont: score(<Font 'STIXSizeTwoSym' (STIXSizTwoSymBol.ttf) normal normal 700 normal>) = 10.335
2026-06-26 19:57:24,137 DEBUG matplotlib.font_manager: findfont: score(<Font 'STIXNonUnicode' (STIXNonUniBolIta.ttf) italic normal 700 normal>) = 11.335
2026-06-26 19:57:24,137 DEBUG matplotlib.font_manager: findfont: score(<Font 'DejaVu Sans Mono' (DejaVuSansMono-Oblique.ttf) oblique normal 400 normal>) = 11.05
2026-06-26 19:57:24,137 DEBUG matplotlib.font_manager: findfont: score(<Font 'DejaVu Serif Display' (DejaVuSerifDisplay.ttf) normal normal 400 normal>) = 10.05
2026-06-26 19:57:24,137 DEBUG matplotlib.font_manager: findfont: score(<Font 'DejaVu Serif' (DejaVuSerif-Italic.ttf) italic normal 400 normal>) = 11.05
2026-06-26 19:57:24,137 DEBUG matplotlib.font_manager: findfont: score(<Font 'STIXSizeFourSym' (STIXSizFourSymReg.ttf) normal normal 400 normal>) = 10.05
2026-06-26 19:57:24,138 DEBUG matplotlib.font_manager: findfont: score(<Font 'DejaVu Sans' (DejaVuSans.ttf) normal normal 400 normal>) = 10.05
2026-06-26 19:57:24,138 DEBUG matplotlib.font_manager: findfont: score(<Font 'cmex10' (cmex10.ttf) normal normal 400 normal>) = 10.05
2026-06-26 19:57:24,138 DEBUG matplotlib.font_manager: findfont: score(<Font 'STIXSizeOneSym' (STIXSizOneSymReg.ttf) normal normal 400 normal>) = 0.05
2026-06-26 19:57:24,138 DEBUG matplotlib.font_manager: findfont: score(<Font 'STIXSizeTwoSym' (STIXSizTwoSymReg.ttf) normal normal 400 normal>) = 10.05
2026-06-26 19:57:24,138 DEBUG matplotlib.font_manager: findfont: score(<Font 'STIXNonUnicode' (STIXNonUniIta.ttf) italic normal 400 normal>) = 11.05
2026-06-26 19:57:24,138 DEBUG matplotlib.font_manager: findfont: score(<Font 'cmsy10' (cmsy10.ttf) normal normal 400 normal>) = 10.05
2026-06-26 19:57:24,138 DEBUG matplotlib.font_manager: findfont: score(<Font 'STIXGeneral' (STIXGeneralItalic.ttf) italic normal 400 normal>) = 11.05
2026-06-26 19:57:24,138 DEBUG matplotlib.font_manager: findfont: score(<Font 'STIXGeneral' (STIXGeneralBol.ttf) normal normal 700 normal>) = 10.335
2026-06-26 19:57:24,138 DEBUG matplotlib.font_manager: findfont: score(<Font 'cmmi10' (cmmi10.ttf) normal normal 400 normal>) = 10.05
2026-06-26 19:57:24,138 DEBUG matplotlib.font_manager: findfont: score(<Font 'DejaVu Sans Mono' (DejaVuSansMono-BoldOblique.ttf) oblique normal 700 normal>) = 11.335
2026-06-26 19:57:24,138 DEBUG matplotlib.font_manager: findfont: score(<Font 'STIXSizeThreeSym' (STIXSizThreeSymBol.ttf) normal normal 700 normal>) = 10.335
2026-06-26 19:57:24,138 DEBUG matplotlib.font_manager: findfont: score(<Font 'cmr10' (cmr10.ttf) normal normal 400 normal>) = 10.05
2026-06-26 19:57:24,138 DEBUG matplotlib.font_manager: findfont: score(<Font 'DejaVu Sans' (DejaVuSans-BoldOblique.ttf) oblique normal 700 normal>) = 11.335
2026-06-26 19:57:24,138 DEBUG matplotlib.font_manager: findfont: score(<Font 'cmss10' (cmss10.ttf) normal normal 400 normal>) = 10.05
2026-06-26 19:57:24,138 DEBUG matplotlib.font_manager: findfont: score(<Font 'cmb10' (cmb10.ttf) normal normal 400 normal>) = 10.05
2026-06-26 19:57:24,138 DEBUG matplotlib.font_manager: findfont: score(<Font 'DejaVu Serif' (DejaVuSerif.ttf) normal normal 400 normal>) = 10.05
2026-06-26 19:57:24,138 DEBUG matplotlib.font_manager: findfont: score(<Font 'STIXSizeThreeSym' (STIXSizThreeSymReg.ttf) normal normal 400 normal>) = 10.05
2026-06-26 19:57:24,138 DEBUG matplotlib.font_manager: findfont: score(<Font 'STIXGeneral' (STIXGeneralBolIta.ttf) italic normal 700 normal>) = 11.335
2026-06-26 19:57:24,138 DEBUG matplotlib.font_manager: findfont: score(<Font 'STIXNonUnicode' (STIXNonUni.ttf) normal normal 400 normal>) = 10.05
2026-06-26 19:57:24,138 DEBUG matplotlib.font_manager: findfont: score(<Font 'DejaVu Sans Mono' (DejaVuSansMono.ttf) normal normal 400 normal>) = 10.05
2026-06-26 19:57:24,138 DEBUG matplotlib.font_manager: findfont: score(<Font 'DejaVu Serif' (DejaVuSerif-Bold.ttf) normal normal 700 normal>) = 10.335
2026-06-26 19:57:24,138 DEBUG matplotlib.font_manager: findfont: score(<Font 'DejaVu Sans Mono' (DejaVuSansMono-Bold.ttf) normal normal 700 normal>) = 10.335
2026-06-26 19:57:24,138 DEBUG matplotlib.font_manager: findfont: score(<Font 'DejaVu Sans' (DejaVuSans-Bold.ttf) normal normal 700 normal>) = 10.335
2026-06-26 19:57:24,138 DEBUG matplotlib.font_manager: findfont: score(<Font 'DejaVu Serif' (DejaVuSerif.ttf) normal normal 400 normal>) = 10.05
2026-06-26 19:57:24,138 DEBUG matplotlib.font_manager: findfont: score(<Font 'DejaVu Sans' (DejaVuSans.ttf) normal normal 400 normal>) = 10.05
2026-06-26 19:57:24,138 DEBUG matplotlib.font_manager: findfont: Matching STIXSizeOneSym:style=normal:variant=normal:weight=normal:stretch=normal:size=10.0 to STIXSizeOneSym ('/tmp/_MEIKGygzi/matplotlib/mpl-data/fonts/ttf/STIXSizOneSymReg.ttf') with score of 0.050000.
2026-06-26 19:57:24,138 DEBUG matplotlib.font_manager: findfont: Matching STIXSizeTwoSym:style=normal:variant=normal:weight=normal:stretch=normal:size=10.0.
2026-06-26 19:57:24,139 DEBUG matplotlib.font_manager: findfont: score(<Font 'DejaVu Sans Mono' (DejaVuSansMono-Bold.ttf) normal normal 700 normal>) = 10.335
2026-06-26 19:57:24,139 DEBUG matplotlib.font_manager: findfont: score(<Font 'STIXGeneral' (STIXGeneral.ttf) normal normal 400 normal>) = 10.05
2026-06-26 19:57:24,139 DEBUG matplotlib.font_manager: findfont: score(<Font 'STIXSizeFiveSym' (STIXSizFiveSymReg.ttf) normal normal 400 normal>) = 10.05
2026-06-26 19:57:24,139 DEBUG matplotlib.font_manager: findfont: score(<Font 'DejaVu Sans Display' (DejaVuSansDisplay.ttf) normal normal 400 normal>) = 10.05
2026-06-26 19:57:24,139 DEBUG matplotlib.font_manager: findfont: score(<Font 'cmtt10' (cmtt10.ttf) normal normal 400 normal>) = 10.05
2026-06-26 19:57:24,139 DEBUG matplotlib.font_manager: findfont: score(<Font 'DejaVu Sans' (DejaVuSans-Bold.ttf) normal normal 700 normal>) = 10.335
2026-06-26 19:57:24,139 DEBUG matplotlib.font_manager: findfont: score(<Font 'STIXNonUnicode' (STIXNonUniBol.ttf) normal normal 700 normal>) = 10.335
2026-06-26 19:57:24,139 DEBUG matplotlib.font_manager: findfont: score(<Font 'DejaVu Sans' (DejaVuSans-Oblique.ttf) oblique normal 400 normal>) = 11.05
2026-06-26 19:57:24,139 DEBUG matplotlib.font_manager: findfont: score(<Font 'DejaVu Sans Mono' (DejaVuSansMono.ttf) normal normal 400 normal>) = 10.05
2026-06-26 19:57:24,139 DEBUG matplotlib.font_manager: findfont: score(<Font 'DejaVu Serif' (DejaVuSerif-Bold.ttf) normal normal 700 normal>) = 10.335
2026-06-26 19:57:24,139 DEBUG matplotlib.font_manager: findfont: score(<Font 'DejaVu Serif' (DejaVuSerif-BoldItalic.ttf) italic normal 700 normal>) = 11.335
2026-06-26 19:57:24,139 DEBUG matplotlib.font_manager: findfont: score(<Font 'STIXSizeOneSym' (STIXSizOneSymBol.ttf) normal normal 700 normal>) = 10.335
2026-06-26 19:57:24,139 DEBUG matplotlib.font_manager: findfont: score(<Font 'STIXSizeFourSym' (STIXSizFourSymBol.ttf) normal normal 700 normal>) = 10.335
2026-06-26 19:57:24,139 DEBUG matplotlib.font_manager: findfont: score(<Font 'STIXSizeTwoSym' (STIXSizTwoSymBol.ttf) normal normal 700 normal>) = 0.33499999999999996
2026-06-26 19:57:24,139 DEBUG matplotlib.font_manager: findfont: score(<Font 'STIXNonUnicode' (STIXNonUniBolIta.ttf) italic normal 700 normal>) = 11.335
2026-06-26 19:57:24,139 DEBUG matplotlib.font_manager: findfont: score(<Font 'DejaVu Sans Mono' (DejaVuSansMono-Oblique.ttf) oblique normal 400 normal>) = 11.05
2026-06-26 19:57:24,139 DEBUG matplotlib.font_manager: findfont: score(<Font 'DejaVu Serif Display' (DejaVuSerifDisplay.ttf) normal normal 400 normal>) = 10.05
2026-06-26 19:57:24,139 DEBUG matplotlib.font_manager: findfont: score(<Font 'DejaVu Serif' (DejaVuSerif-Italic.ttf) italic normal 400 normal>) = 11.05
2026-06-26 19:57:24,139 DEBUG matplotlib.font_manager: findfont: score(<Font 'STIXSizeFourSym' (STIXSizFourSymReg.ttf) normal normal 400 normal>) = 10.05
2026-06-26 19:57:24,139 DEBUG matplotlib.font_manager: findfont: score(<Font 'DejaVu Sans' (DejaVuSans.ttf) normal normal 400 normal>) = 10.05
2026-06-26 19:57:24,139 DEBUG matplotlib.font_manager: findfont: score(<Font 'cmex10' (cmex10.ttf) normal normal 400 normal>) = 10.05
2026-06-26 19:57:24,139 DEBUG matplotlib.font_manager: findfont: score(<Font 'STIXSizeOneSym' (STIXSizOneSymReg.ttf) normal normal 400 normal>) = 10.05
2026-06-26 19:57:24,139 DEBUG matplotlib.font_manager: findfont: score(<Font 'STIXSizeTwoSym' (STIXSizTwoSymReg.ttf) normal normal 400 normal>) = 0.05
2026-06-26 19:57:24,139 DEBUG matplotlib.font_manager: findfont: score(<Font 'STIXNonUnicode' (STIXNonUniIta.ttf) italic normal 400 normal>) = 11.05
2026-06-26 19:57:24,139 DEBUG matplotlib.font_manager: findfont: score(<Font 'cmsy10' (cmsy10.ttf) normal normal 400 normal>) = 10.05
2026-06-26 19:57:24,139 DEBUG matplotlib.font_manager: findfont: score(<Font 'STIXGeneral' (STIXGeneralItalic.ttf) italic normal 400 normal>) = 11.05
2026-06-26 19:57:24,139 DEBUG matplotlib.font_manager: findfont: score(<Font 'STIXGeneral' (STIXGeneralBol.ttf) normal normal 700 normal>) = 10.335
2026-06-26 19:57:24,139 DEBUG matplotlib.font_manager: findfont: score(<Font 'cmmi10' (cmmi10.ttf) normal normal 400 normal>) = 10.05
2026-06-26 19:57:24,139 DEBUG matplotlib.font_manager: findfont: score(<Font 'DejaVu Sans Mono' (DejaVuSansMono-BoldOblique.ttf) oblique normal 700 normal>) = 11.335
2026-06-26 19:57:24,139 DEBUG matplotlib.font_manager: findfont: score(<Font 'STIXSizeThreeSym' (STIXSizThreeSymBol.ttf) normal normal 700 normal>) = 10.335
2026-06-26 19:57:24,139 DEBUG matplotlib.font_manager: findfont: score(<Font 'cmr10' (cmr10.ttf) normal normal 400 normal>) = 10.05
2026-06-26 19:57:24,139 DEBUG matplotlib.font_manager: findfont: score(<Font 'DejaVu Sans' (DejaVuSans-BoldOblique.ttf) oblique normal 700 normal>) = 11.335
2026-06-26 19:57:24,140 DEBUG matplotlib.font_manager: findfont: score(<Font 'cmss10' (cmss10.ttf) normal normal 400 normal>) = 10.05
2026-06-26 19:57:24,140 DEBUG matplotlib.font_manager: findfont: score(<Font 'cmb10' (cmb10.ttf) normal normal 400 normal>) = 10.05
2026-06-26 19:57:24,140 DEBUG matplotlib.font_manager: findfont: score(<Font 'DejaVu Serif' (DejaVuSerif.ttf) normal normal 400 normal>) = 10.05
2026-06-26 19:57:24,140 DEBUG matplotlib.font_manager: findfont: score(<Font 'STIXSizeThreeSym' (STIXSizThreeSymReg.ttf) normal normal 400 normal>) = 10.05
2026-06-26 19:57:24,140 DEBUG matplotlib.font_manager: findfont: score(<Font 'STIXGeneral' (STIXGeneralBolIta.ttf) italic normal 700 normal>) = 11.335
2026-06-26 19:57:24,140 DEBUG matplotlib.font_manager: findfont: score(<Font 'STIXNonUnicode' (STIXNonUni.ttf) normal normal 400 normal>) = 10.05
2026-06-26 19:57:24,140 DEBUG matplotlib.font_manager: findfont: score(<Font 'DejaVu Sans Mono' (DejaVuSansMono.ttf) normal normal 400 normal>) = 10.05
2026-06-26 19:57:24,140 DEBUG matplotlib.font_manager: findfont: score(<Font 'DejaVu Serif' (DejaVuSerif-Bold.ttf) normal normal 700 normal>) = 10.335
2026-06-26 19:57:24,140 DEBUG matplotlib.font_manager: findfont: score(<Font 'DejaVu Sans Mono' (DejaVuSansMono-Bold.ttf) normal normal 700 normal>) = 10.335
2026-06-26 19:57:24,140 DEBUG matplotlib.font_manager: findfont: score(<Font 'DejaVu Sans' (DejaVuSans-Bold.ttf) normal normal 700 normal>) = 10.335
2026-06-26 19:57:24,140 DEBUG matplotlib.font_manager: findfont: score(<Font 'DejaVu Serif' (DejaVuSerif.ttf) normal normal 400 normal>) = 10.05
2026-06-26 19:57:24,140 DEBUG matplotlib.font_manager: findfont: score(<Font 'DejaVu Sans' (DejaVuSans.ttf) normal normal 400 normal>) = 10.05
2026-06-26 19:57:24,140 DEBUG matplotlib.font_manager: findfont: Matching STIXSizeTwoSym:style=normal:variant=normal:weight=normal:stretch=normal:size=10.0 to STIXSizeTwoSym ('/tmp/_MEIKGygzi/matplotlib/mpl-data/fonts/ttf/STIXSizTwoSymReg.ttf') with score of 0.050000.
2026-06-26 19:57:24,140 DEBUG matplotlib.font_manager: findfont: Matching STIXSizeThreeSym:style=normal:variant=normal:weight=normal:stretch=normal:size=10.0.
2026-06-26 19:57:24,140 DEBUG matplotlib.font_manager: findfont: score(<Font 'DejaVu Sans Mono' (DejaVuSansMono-Bold.ttf) normal normal 700 normal>) = 10.335
2026-06-26 19:57:24,140 DEBUG matplotlib.font_manager: findfont: score(<Font 'STIXGeneral' (STIXGeneral.ttf) normal normal 400 normal>) = 10.05
2026-06-26 19:57:24,140 DEBUG matplotlib.font_manager: findfont: score(<Font 'STIXSizeFiveSym' (STIXSizFiveSymReg.ttf) normal normal 400 normal>) = 10.05
2026-06-26 19:57:24,140 DEBUG matplotlib.font_manager: findfont: score(<Font 'DejaVu Sans Display' (DejaVuSansDisplay.ttf) normal normal 400 normal>) = 10.05
2026-06-26 19:57:24,140 DEBUG matplotlib.font_manager: findfont: score(<Font 'cmtt10' (cmtt10.ttf) normal normal 400 normal>) = 10.05
2026-06-26 19:57:24,140 DEBUG matplotlib.font_manager: findfont: score(<Font 'DejaVu Sans' (DejaVuSans-Bold.ttf) normal normal 700 normal>) = 10.335
2026-06-26 19:57:24,140 DEBUG matplotlib.font_manager: findfont: score(<Font 'STIXNonUnicode' (STIXNonUniBol.ttf) normal normal 700 normal>) = 10.335
2026-06-26 19:57:24,140 DEBUG matplotlib.font_manager: findfont: score(<Font 'DejaVu Sans' (DejaVuSans-Oblique.ttf) oblique normal 400 normal>) = 11.05
2026-06-26 19:57:24,140 DEBUG matplotlib.font_manager: findfont: score(<Font 'DejaVu Sans Mono' (DejaVuSansMono.ttf) normal normal 400 normal>) = 10.05
2026-06-26 19:57:24,140 DEBUG matplotlib.font_manager: findfont: score(<Font 'DejaVu Serif' (DejaVuSerif-Bold.ttf) normal normal 700 normal>) = 10.335
2026-06-26 19:57:24,140 DEBUG matplotlib.font_manager: findfont: score(<Font 'DejaVu Serif' (DejaVuSerif-BoldItalic.ttf) italic normal 700 normal>) = 11.335
2026-06-26 19:57:24,140 DEBUG matplotlib.font_manager: findfont: score(<Font 'STIXSizeOneSym' (STIXSizOneSymBol.ttf) normal normal 700 normal>) = 10.335
2026-06-26 19:57:24,141 DEBUG matplotlib.font_manager: findfont: score(<Font 'STIXSizeFourSym' (STIXSizFourSymBol.ttf) normal normal 700 normal>) = 10.335
2026-06-26 19:57:24,141 DEBUG matplotlib.font_manager: findfont: score(<Font 'STIXSizeTwoSym' (STIXSizTwoSymBol.ttf) normal normal 700 normal>) = 10.335
2026-06-26 19:57:24,141 DEBUG matplotlib.font_manager: findfont: score(<Font 'STIXNonUnicode' (STIXNonUniBolIta.ttf) italic normal 700 normal>) = 11.335
2026-06-26 19:57:24,141 DEBUG matplotlib.font_manager: findfont: score(<Font 'DejaVu Sans Mono' (DejaVuSansMono-Oblique.ttf) oblique normal 400 normal>) = 11.05
2026-06-26 19:57:24,141 DEBUG matplotlib.font_manager: findfont: score(<Font 'DejaVu Serif Display' (DejaVuSerifDisplay.ttf) normal normal 400 normal>) = 10.05
2026-06-26 19:57:24,141 DEBUG matplotlib.font_manager: findfont: score(<Font 'DejaVu Serif' (DejaVuSerif-Italic.ttf) italic normal 400 normal>) = 11.05
2026-06-26 19:57:24,141 DEBUG matplotlib.font_manager: findfont: score(<Font 'STIXSizeFourSym' (STIXSizFourSymReg.ttf) normal normal 400 normal>) = 10.05
2026-06-26 19:57:24,141 DEBUG matplotlib.font_manager: findfont: score(<Font 'DejaVu Sans' (DejaVuSans.ttf) normal normal 400 normal>) = 10.05
2026-06-26 19:57:24,141 DEBUG matplotlib.font_manager: findfont: score(<Font 'cmex10' (cmex10.ttf) normal normal 400 normal>) = 10.05
2026-06-26 19:57:24,141 DEBUG matplotlib.font_manager: findfont: score(<Font 'STIXSizeOneSym' (STIXSizOneSymReg.ttf) normal normal 400 normal>) = 10.05
2026-06-26 19:57:24,141 DEBUG matplotlib.font_manager: findfont: score(<Font 'STIXSizeTwoSym' (STIXSizTwoSymReg.ttf) normal normal 400 normal>) = 10.05
2026-06-26 19:57:24,141 DEBUG matplotlib.font_manager: findfont: score(<Font 'STIXNonUnicode' (STIXNonUniIta.ttf) italic normal 400 normal>) = 11.05
2026-06-26 19:57:24,141 DEBUG matplotlib.font_manager: findfont: score(<Font 'cmsy10' (cmsy10.ttf) normal normal 400 normal>) = 10.05
2026-06-26 19:57:24,141 DEBUG matplotlib.font_manager: findfont: score(<Font 'STIXGeneral' (STIXGeneralItalic.ttf) italic normal 400 normal>) = 11.05
2026-06-26 19:57:24,141 DEBUG matplotlib.font_manager: findfont: score(<Font 'STIXGeneral' (STIXGeneralBol.ttf) normal normal 700 normal>) = 10.335
2026-06-26 19:57:24,141 DEBUG matplotlib.font_manager: findfont: score(<Font 'cmmi10' (cmmi10.ttf) normal normal 400 normal>) = 10.05
2026-06-26 19:57:24,141 DEBUG matplotlib.font_manager: findfont: score(<Font 'DejaVu Sans Mono' (DejaVuSansMono-BoldOblique.ttf) oblique normal 700 normal>) = 11.335
2026-06-26 19:57:24,141 DEBUG matplotlib.font_manager: findfont: score(<Font 'STIXSizeThreeSym' (STIXSizThreeSymBol.ttf) normal normal 700 normal>) = 0.33499999999999996
2026-06-26 19:57:24,141 DEBUG matplotlib.font_manager: findfont: score(<Font 'cmr10' (cmr10.ttf) normal normal 400 normal>) = 10.05
2026-06-26 19:57:24,141 DEBUG matplotlib.font_manager: findfont: score(<Font 'DejaVu Sans' (DejaVuSans-BoldOblique.ttf) oblique normal 700 normal>) = 11.335
2026-06-26 19:57:24,141 DEBUG matplotlib.font_manager: findfont: score(<Font 'cmss10' (cmss10.ttf) normal normal 400 normal>) = 10.05
2026-06-26 19:57:24,141 DEBUG matplotlib.font_manager: findfont: score(<Font 'cmb10' (cmb10.ttf) normal normal 400 normal>) = 10.05
2026-06-26 19:57:24,141 DEBUG matplotlib.font_manager: findfont: score(<Font 'DejaVu Serif' (DejaVuSerif.ttf) normal normal 400 normal>) = 10.05
2026-06-26 19:57:24,141 DEBUG matplotlib.font_manager: findfont: score(<Font 'STIXSizeThreeSym' (STIXSizThreeSymReg.ttf) normal normal 400 normal>) = 0.05
2026-06-26 19:57:24,141 DEBUG matplotlib.font_manager: findfont: score(<Font 'STIXGeneral' (STIXGeneralBolIta.ttf) italic normal 700 normal>) = 11.335
2026-06-26 19:57:24,141 DEBUG matplotlib.font_manager: findfont: score(<Font 'STIXNonUnicode' (STIXNonUni.ttf) normal normal 400 normal>) = 10.05
2026-06-26 19:57:24,141 DEBUG matplotlib.font_manager: findfont: score(<Font 'DejaVu Sans Mono' (DejaVuSansMono.ttf) normal normal 400 normal>) = 10.05
2026-06-26 19:57:24,141 DEBUG matplotlib.font_manager: findfont: score(<Font 'DejaVu Serif' (DejaVuSerif-Bold.ttf) normal normal 700 normal>) = 10.335
2026-06-26 19:57:24,141 DEBUG matplotlib.font_manager: findfont: score(<Font 'DejaVu Sans Mono' (DejaVuSansMono-Bold.ttf) normal normal 700 normal>) = 10.335
2026-06-26 19:57:24,141 DEBUG matplotlib.font_manager: findfont: score(<Font 'DejaVu Sans' (DejaVuSans-Bold.ttf) normal normal 700 normal>) = 10.335
2026-06-26 19:57:24,141 DEBUG matplotlib.font_manager: findfont: score(<Font 'DejaVu Serif' (DejaVuSerif.ttf) normal normal 400 normal>) = 10.05
2026-06-26 19:57:24,141 DEBUG matplotlib.font_manager: findfont: score(<Font 'DejaVu Sans' (DejaVuSans.ttf) normal normal 400 normal>) = 10.05
2026-06-26 19:57:24,141 DEBUG matplotlib.font_manager: findfont: Matching STIXSizeThreeSym:style=normal:variant=normal:weight=normal:stretch=normal:size=10.0 to STIXSizeThreeSym ('/tmp/_MEIKGygzi/matplotlib/mpl-data/fonts/ttf/STIXSizThreeSymReg.ttf') with score of 0.050000.
2026-06-26 19:57:24,142 DEBUG matplotlib.font_manager: findfont: Matching STIXSizeFourSym:style=normal:variant=normal:weight=normal:stretch=normal:size=10.0.
2026-06-26 19:57:24,142 DEBUG matplotlib.font_manager: findfont: score(<Font 'DejaVu Sans Mono' (DejaVuSansMono-Bold.ttf) normal normal 700 normal>) = 10.335
2026-06-26 19:57:24,142 DEBUG matplotlib.font_manager: findfont: score(<Font 'STIXGeneral' (STIXGeneral.ttf) normal normal 400 normal>) = 10.05
2026-06-26 19:57:24,142 DEBUG matplotlib.font_manager: findfont: score(<Font 'STIXSizeFiveSym' (STIXSizFiveSymReg.ttf) normal normal 400 normal>) = 10.05
2026-06-26 19:57:24,142 DEBUG matplotlib.font_manager: findfont: score(<Font 'DejaVu Sans Display' (DejaVuSansDisplay.ttf) normal normal 400 normal>) = 10.05
2026-06-26 19:57:24,142 DEBUG matplotlib.font_manager: findfont: score(<Font 'cmtt10' (cmtt10.ttf) normal normal 400 normal>) = 10.05
2026-06-26 19:57:24,142 DEBUG matplotlib.font_manager: findfont: score(<Font 'DejaVu Sans' (DejaVuSans-Bold.ttf) normal normal 700 normal>) = 10.335
2026-06-26 19:57:24,142 DEBUG matplotlib.font_manager: findfont: score(<Font 'STIXNonUnicode' (STIXNonUniBol.ttf) normal normal 700 normal>) = 10.335
2026-06-26 19:57:24,142 DEBUG matplotlib.font_manager: findfont: score(<Font 'DejaVu Sans' (DejaVuSans-Oblique.ttf) oblique normal 400 normal>) = 11.05
2026-06-26 19:57:24,142 DEBUG matplotlib.font_manager: findfont: score(<Font 'DejaVu Sans Mono' (DejaVuSansMono.ttf) normal normal 400 normal>) = 10.05
2026-06-26 19:57:24,142 DEBUG matplotlib.font_manager: findfont: score(<Font 'DejaVu Serif' (DejaVuSerif-Bold.ttf) normal normal 700 normal>) = 10.335
2026-06-26 19:57:24,142 DEBUG matplotlib.font_manager: findfont: score(<Font 'DejaVu Serif' (DejaVuSerif-BoldItalic.ttf) italic normal 700 normal>) = 11.335
2026-06-26 19:57:24,142 DEBUG matplotlib.font_manager: findfont: score(<Font 'STIXSizeOneSym' (STIXSizOneSymBol.ttf) normal normal 700 normal>) = 10.335
2026-06-26 19:57:24,142 DEBUG matplotlib.font_manager: findfont: score(<Font 'STIXSizeFourSym' (STIXSizFourSymBol.ttf) normal normal 700 normal>) = 0.33499999999999996
2026-06-26 19:57:24,142 DEBUG matplotlib.font_manager: findfont: score(<Font 'STIXSizeTwoSym' (STIXSizTwoSymBol.ttf) normal normal 700 normal>) = 10.335
2026-06-26 19:57:24,142 DEBUG matplotlib.font_manager: findfont: score(<Font 'STIXNonUnicode' (STIXNonUniBolIta.ttf) italic normal 700 normal>) = 11.335
2026-06-26 19:57:24,142 DEBUG matplotlib.font_manager: findfont: score(<Font 'DejaVu Sans Mono' (DejaVuSansMono-Oblique.ttf) oblique normal 400 normal>) = 11.05
2026-06-26 19:57:24,142 DEBUG matplotlib.font_manager: findfont: score(<Font 'DejaVu Serif Display' (DejaVuSerifDisplay.ttf) normal normal 400 normal>) = 10.05
2026-06-26 19:57:24,142 DEBUG matplotlib.font_manager: findfont: score(<Font 'DejaVu Serif' (DejaVuSerif-Italic.ttf) italic normal 400 normal>) = 11.05
2026-06-26 19:57:24,142 DEBUG matplotlib.font_manager: findfont: score(<Font 'STIXSizeFourSym' (STIXSizFourSymReg.ttf) normal normal 400 normal>) = 0.05
2026-06-26 19:57:24,142 DEBUG matplotlib.font_manager: findfont: score(<Font 'DejaVu Sans' (DejaVuSans.ttf) normal normal 400 normal>) = 10.05
2026-06-26 19:57:24,142 DEBUG matplotlib.font_manager: findfont: score(<Font 'cmex10' (cmex10.ttf) normal normal 400 normal>) = 10.05
2026-06-26 19:57:24,142 DEBUG matplotlib.font_manager: findfont: score(<Font 'STIXSizeOneSym' (STIXSizOneSymReg.ttf) normal normal 400 normal>) = 10.05
2026-06-26 19:57:24,143 DEBUG matplotlib.font_manager: findfont: score(<Font 'STIXSizeTwoSym' (STIXSizTwoSymReg.ttf) normal normal 400 normal>) = 10.05
2026-06-26 19:57:24,143 DEBUG matplotlib.font_manager: findfont: score(<Font 'STIXNonUnicode' (STIXNonUniIta.ttf) italic normal 400 normal>) = 11.05
2026-06-26 19:57:24,143 DEBUG matplotlib.font_manager: findfont: score(<Font 'cmsy10' (cmsy10.ttf) normal normal 400 normal>) = 10.05
2026-06-26 19:57:24,143 DEBUG matplotlib.font_manager: findfont: score(<Font 'STIXGeneral' (STIXGeneralItalic.ttf) italic normal 400 normal>) = 11.05
2026-06-26 19:57:24,143 DEBUG matplotlib.font_manager: findfont: score(<Font 'STIXGeneral' (STIXGeneralBol.ttf) normal normal 700 normal>) = 10.335
2026-06-26 19:57:24,143 DEBUG matplotlib.font_manager: findfont: score(<Font 'cmmi10' (cmmi10.ttf) normal normal 400 normal>) = 10.05
2026-06-26 19:57:24,143 DEBUG matplotlib.font_manager: findfont: score(<Font 'DejaVu Sans Mono' (DejaVuSansMono-BoldOblique.ttf) oblique normal 700 normal>) = 11.335
2026-06-26 19:57:24,143 DEBUG matplotlib.font_manager: findfont: score(<Font 'STIXSizeThreeSym' (STIXSizThreeSymBol.ttf) normal normal 700 normal>) = 10.335
2026-06-26 19:57:24,143 DEBUG matplotlib.font_manager: findfont: score(<Font 'cmr10' (cmr10.ttf) normal normal 400 normal>) = 10.05
2026-06-26 19:57:24,143 DEBUG matplotlib.font_manager: findfont: score(<Font 'DejaVu Sans' (DejaVuSans-BoldOblique.ttf) oblique normal 700 normal>) = 11.335
2026-06-26 19:57:24,143 DEBUG matplotlib.font_manager: findfont: score(<Font 'cmss10' (cmss10.ttf) normal normal 400 normal>) = 10.05
2026-06-26 19:57:24,143 DEBUG matplotlib.font_manager: findfont: score(<Font 'cmb10' (cmb10.ttf) normal normal 400 normal>) = 10.05
2026-06-26 19:57:24,143 DEBUG matplotlib.font_manager: findfont: score(<Font 'DejaVu Serif' (DejaVuSerif.ttf) normal normal 400 normal>) = 10.05
2026-06-26 19:57:24,143 DEBUG matplotlib.font_manager: findfont: score(<Font 'STIXSizeThreeSym' (STIXSizThreeSymReg.ttf) normal normal 400 normal>) = 10.05
2026-06-26 19:57:24,143 DEBUG matplotlib.font_manager: findfont: score(<Font 'STIXGeneral' (STIXGeneralBolIta.ttf) italic normal 700 normal>) = 11.335
2026-06-26 19:57:24,143 DEBUG matplotlib.font_manager: findfont: score(<Font 'STIXNonUnicode' (STIXNonUni.ttf) normal normal 400 normal>) = 10.05
2026-06-26 19:57:24,143 DEBUG matplotlib.font_manager: findfont: score(<Font 'DejaVu Sans Mono' (DejaVuSansMono.ttf) normal normal 400 normal>) = 10.05
2026-06-26 19:57:24,143 DEBUG matplotlib.font_manager: findfont: score(<Font 'DejaVu Serif' (DejaVuSerif-Bold.ttf) normal normal 700 normal>) = 10.335
2026-06-26 19:57:24,143 DEBUG matplotlib.font_manager: findfont: score(<Font 'DejaVu Sans Mono' (DejaVuSansMono-Bold.ttf) normal normal 700 normal>) = 10.335
2026-06-26 19:57:24,143 DEBUG matplotlib.font_manager: findfont: score(<Font 'DejaVu Sans' (DejaVuSans-Bold.ttf) normal normal 700 normal>) = 10.335
2026-06-26 19:57:24,143 DEBUG matplotlib.font_manager: findfont: score(<Font 'DejaVu Serif' (DejaVuSerif.ttf) normal normal 400 normal>) = 10.05
2026-06-26 19:57:24,143 DEBUG matplotlib.font_manager: findfont: score(<Font 'DejaVu Sans' (DejaVuSans.ttf) normal normal 400 normal>) = 10.05
2026-06-26 19:57:24,143 DEBUG matplotlib.font_manager: findfont: Matching STIXSizeFourSym:style=normal:variant=normal:weight=normal:stretch=normal:size=10.0 to STIXSizeFourSym ('/tmp/_MEIKGygzi/matplotlib/mpl-data/fonts/ttf/STIXSizFourSymReg.ttf') with score of 0.050000.
2026-06-26 19:57:24,143 DEBUG matplotlib.font_manager: findfont: Matching STIXSizeFiveSym:style=normal:variant=normal:weight=normal:stretch=normal:size=10.0.
2026-06-26 19:57:24,143 DEBUG matplotlib.font_manager: findfont: score(<Font 'DejaVu Sans Mono' (DejaVuSansMono-Bold.ttf) normal normal 700 normal>) = 10.335
2026-06-26 19:57:24,144 DEBUG matplotlib.font_manager: findfont: score(<Font 'STIXGeneral' (STIXGeneral.ttf) normal normal 400 normal>) = 10.05
2026-06-26 19:57:24,144 DEBUG matplotlib.font_manager: findfont: score(<Font 'STIXSizeFiveSym' (STIXSizFiveSymReg.ttf) normal normal 400 normal>) = 0.05
2026-06-26 19:57:24,144 DEBUG matplotlib.font_manager: findfont: score(<Font 'DejaVu Sans Display' (DejaVuSansDisplay.ttf) normal normal 400 normal>) = 10.05
2026-06-26 19:57:24,144 DEBUG matplotlib.font_manager: findfont: score(<Font 'cmtt10' (cmtt10.ttf) normal normal 400 normal>) = 10.05
2026-06-26 19:57:24,144 DEBUG matplotlib.font_manager: findfont: score(<Font 'DejaVu Sans' (DejaVuSans-Bold.ttf) normal normal 700 normal>) = 10.335
2026-06-26 19:57:24,144 DEBUG matplotlib.font_manager: findfont: score(<Font 'STIXNonUnicode' (STIXNonUniBol.ttf) normal normal 700 normal>) = 10.335
2026-06-26 19:57:24,144 DEBUG matplotlib.font_manager: findfont: score(<Font 'DejaVu Sans' (DejaVuSans-Oblique.ttf) oblique normal 400 normal>) = 11.05
2026-06-26 19:57:24,144 DEBUG matplotlib.font_manager: findfont: score(<Font 'DejaVu Sans Mono' (DejaVuSansMono.ttf) normal normal 400 normal>) = 10.05
2026-06-26 19:57:24,144 DEBUG matplotlib.font_manager: findfont: score(<Font 'DejaVu Serif' (DejaVuSerif-Bold.ttf) normal normal 700 normal>) = 10.335
2026-06-26 19:57:24,144 DEBUG matplotlib.font_manager: findfont: score(<Font 'DejaVu Serif' (DejaVuSerif-BoldItalic.ttf) italic normal 700 normal>) = 11.335
2026-06-26 19:57:24,144 DEBUG matplotlib.font_manager: findfont: score(<Font 'STIXSizeOneSym' (STIXSizOneSymBol.ttf) normal normal 700 normal>) = 10.335
2026-06-26 19:57:24,144 DEBUG matplotlib.font_manager: findfont: score(<Font 'STIXSizeFourSym' (STIXSizFourSymBol.ttf) normal normal 700 normal>) = 10.335
2026-06-26 19:57:24,144 DEBUG matplotlib.font_manager: findfont: score(<Font 'STIXSizeTwoSym' (STIXSizTwoSymBol.ttf) normal normal 700 normal>) = 10.335
2026-06-26 19:57:24,144 DEBUG matplotlib.font_manager: findfont: score(<Font 'STIXNonUnicode' (STIXNonUniBolIta.ttf) italic normal 700 normal>) = 11.335
2026-06-26 19:57:24,144 DEBUG matplotlib.font_manager: findfont: score(<Font 'DejaVu Sans Mono' (DejaVuSansMono-Oblique.ttf) oblique normal 400 normal>) = 11.05
2026-06-26 19:57:24,144 DEBUG matplotlib.font_manager: findfont: score(<Font 'DejaVu Serif Display' (DejaVuSerifDisplay.ttf) normal normal 400 normal>) = 10.05
2026-06-26 19:57:24,144 DEBUG matplotlib.font_manager: findfont: score(<Font 'DejaVu Serif' (DejaVuSerif-Italic.ttf) italic normal 400 normal>) = 11.05
2026-06-26 19:57:24,144 DEBUG matplotlib.font_manager: findfont: score(<Font 'STIXSizeFourSym' (STIXSizFourSymReg.ttf) normal normal 400 normal>) = 10.05
2026-06-26 19:57:24,144 DEBUG matplotlib.font_manager: findfont: score(<Font 'DejaVu Sans' (DejaVuSans.ttf) normal normal 400 normal>) = 10.05
2026-06-26 19:57:24,144 DEBUG matplotlib.font_manager: findfont: score(<Font 'cmex10' (cmex10.ttf) normal normal 400 normal>) = 10.05
2026-06-26 19:57:24,144 DEBUG matplotlib.font_manager: findfont: score(<Font 'STIXSizeOneSym' (STIXSizOneSymReg.ttf) normal normal 400 normal>) = 10.05
2026-06-26 19:57:24,144 DEBUG matplotlib.font_manager: findfont: score(<Font 'STIXSizeTwoSym' (STIXSizTwoSymReg.ttf) normal normal 400 normal>) = 10.05
2026-06-26 19:57:24,144 DEBUG matplotlib.font_manager: findfont: score(<Font 'STIXNonUnicode' (STIXNonUniIta.ttf) italic normal 400 normal>) = 11.05
2026-06-26 19:57:24,144 DEBUG matplotlib.font_manager: findfont: score(<Font 'cmsy10' (cmsy10.ttf) normal normal 400 normal>) = 10.05
2026-06-26 19:57:24,144 DEBUG matplotlib.font_manager: findfont: score(<Font 'STIXGeneral' (STIXGeneralItalic.ttf) italic normal 400 normal>) = 11.05
2026-06-26 19:57:24,144 DEBUG matplotlib.font_manager: findfont: score(<Font 'STIXGeneral' (STIXGeneralBol.ttf) normal normal 700 normal>) = 10.335
2026-06-26 19:57:24,144 DEBUG matplotlib.font_manager: findfont: score(<Font 'cmmi10' (cmmi10.ttf) normal normal 400 normal>) = 10.05
2026-06-26 19:57:24,144 DEBUG matplotlib.font_manager: findfont: score(<Font 'DejaVu Sans Mono' (DejaVuSansMono-BoldOblique.ttf) oblique normal 700 normal>) = 11.335
2026-06-26 19:57:24,144 DEBUG matplotlib.font_manager: findfont: score(<Font 'STIXSizeThreeSym' (STIXSizThreeSymBol.ttf) normal normal 700 normal>) = 10.335
2026-06-26 19:57:24,144 DEBUG matplotlib.font_manager: findfont: score(<Font 'cmr10' (cmr10.ttf) normal normal 400 normal>) = 10.05
2026-06-26 19:57:24,144 DEBUG matplotlib.font_manager: findfont: score(<Font 'DejaVu Sans' (DejaVuSans-BoldOblique.ttf) oblique normal 700 normal>) = 11.335
2026-06-26 19:57:24,144 DEBUG matplotlib.font_manager: findfont: score(<Font 'cmss10' (cmss10.ttf) normal normal 400 normal>) = 10.05
2026-06-26 19:57:24,144 DEBUG matplotlib.font_manager: findfont: score(<Font 'cmb10' (cmb10.ttf) normal normal 400 normal>) = 10.05
2026-06-26 19:57:24,144 DEBUG matplotlib.font_manager: findfont: score(<Font 'DejaVu Serif' (DejaVuSerif.ttf) normal normal 400 normal>) = 10.05
2026-06-26 19:57:24,145 DEBUG matplotlib.font_manager: findfont: score(<Font 'STIXSizeThreeSym' (STIXSizThreeSymReg.ttf) normal normal 400 normal>) = 10.05
2026-06-26 19:57:24,145 DEBUG matplotlib.font_manager: findfont: score(<Font 'STIXGeneral' (STIXGeneralBolIta.ttf) italic normal 700 normal>) = 11.335
2026-06-26 19:57:24,145 DEBUG matplotlib.font_manager: findfont: score(<Font 'STIXNonUnicode' (STIXNonUni.ttf) normal normal 400 normal>) = 10.05
2026-06-26 19:57:24,145 DEBUG matplotlib.font_manager: findfont: score(<Font 'DejaVu Sans Mono' (DejaVuSansMono.ttf) normal normal 400 normal>) = 10.05
2026-06-26 19:57:24,145 DEBUG matplotlib.font_manager: findfont: score(<Font 'DejaVu Serif' (DejaVuSerif-Bold.ttf) normal normal 700 normal>) = 10.335
2026-06-26 19:57:24,145 DEBUG matplotlib.font_manager: findfont: score(<Font 'DejaVu Sans Mono' (DejaVuSansMono-Bold.ttf) normal normal 700 normal>) = 10.335
2026-06-26 19:57:24,145 DEBUG matplotlib.font_manager: findfont: score(<Font 'DejaVu Sans' (DejaVuSans-Bold.ttf) normal normal 700 normal>) = 10.335
2026-06-26 19:57:24,145 DEBUG matplotlib.font_manager: findfont: score(<Font 'DejaVu Serif' (DejaVuSerif.ttf) normal normal 400 normal>) = 10.05
2026-06-26 19:57:24,145 DEBUG matplotlib.font_manager: findfont: score(<Font 'DejaVu Sans' (DejaVuSans.ttf) normal normal 400 normal>) = 10.05
2026-06-26 19:57:24,145 DEBUG matplotlib.font_manager: findfont: Matching STIXSizeFiveSym:style=normal:variant=normal:weight=normal:stretch=normal:size=10.0 to STIXSizeFiveSym ('/tmp/_MEIKGygzi/matplotlib/mpl-data/fonts/ttf/STIXSizFiveSymReg.ttf') with score of 0.050000.
2026-06-26 19:57:24,146 DEBUG matplotlib.font_manager: findfont: Matching cmsy10:style=normal:variant=normal:weight=normal:stretch=normal:size=10.0.
2026-06-26 19:57:24,146 DEBUG matplotlib.font_manager: findfont: score(<Font 'DejaVu Sans Mono' (DejaVuSansMono-Bold.ttf) normal normal 700 normal>) = 10.335
2026-06-26 19:57:24,146 DEBUG matplotlib.font_manager: findfont: score(<Font 'STIXGeneral' (STIXGeneral.ttf) normal normal 400 normal>) = 10.05
2026-06-26 19:57:24,146 DEBUG matplotlib.font_manager: findfont: score(<Font 'STIXSizeFiveSym' (STIXSizFiveSymReg.ttf) normal normal 400 normal>) = 10.05
2026-06-26 19:57:24,146 DEBUG matplotlib.font_manager: findfont: score(<Font 'DejaVu Sans Display' (DejaVuSansDisplay.ttf) normal normal 400 normal>) = 10.05
2026-06-26 19:57:24,146 DEBUG matplotlib.font_manager: findfont: score(<Font 'cmtt10' (cmtt10.ttf) normal normal 400 normal>) = 10.05
2026-06-26 19:57:24,146 DEBUG matplotlib.font_manager: findfont: score(<Font 'DejaVu Sans' (DejaVuSans-Bold.ttf) normal normal 700 normal>) = 10.335
2026-06-26 19:57:24,146 DEBUG matplotlib.font_manager: findfont: score(<Font 'STIXNonUnicode' (STIXNonUniBol.ttf) normal normal 700 normal>) = 10.335
2026-06-26 19:57:24,146 DEBUG matplotlib.font_manager: findfont: score(<Font 'DejaVu Sans' (DejaVuSans-Oblique.ttf) oblique normal 400 normal>) = 11.05
2026-06-26 19:57:24,146 DEBUG matplotlib.font_manager: findfont: score(<Font 'DejaVu Sans Mono' (DejaVuSansMono.ttf) normal normal 400 normal>) = 10.05
2026-06-26 19:57:24,146 DEBUG matplotlib.font_manager: findfont: score(<Font 'DejaVu Serif' (DejaVuSerif-Bold.ttf) normal normal 700 normal>) = 10.335
2026-06-26 19:57:24,146 DEBUG matplotlib.font_manager: findfont: score(<Font 'DejaVu Serif' (DejaVuSerif-BoldItalic.ttf) italic normal 700 normal>) = 11.335
2026-06-26 19:57:24,146 DEBUG matplotlib.font_manager: findfont: score(<Font 'STIXSizeOneSym' (STIXSizOneSymBol.ttf) normal normal 700 normal>) = 10.335
2026-06-26 19:57:24,146 DEBUG matplotlib.font_manager: findfont: score(<Font 'STIXSizeFourSym' (STIXSizFourSymBol.ttf) normal normal 700 normal>) = 10.335
2026-06-26 19:57:24,146 DEBUG matplotlib.font_manager: findfont: score(<Font 'STIXSizeTwoSym' (STIXSizTwoSymBol.ttf) normal normal 700 normal>) = 10.335
2026-06-26 19:57:24,146 DEBUG matplotlib.font_manager: findfont: score(<Font 'STIXNonUnicode' (STIXNonUniBolIta.ttf) italic normal 700 normal>) = 11.335
2026-06-26 19:57:24,146 DEBUG matplotlib.font_manager: findfont: score(<Font 'DejaVu Sans Mono' (DejaVuSansMono-Oblique.ttf) oblique normal 400 normal>) = 11.05
2026-06-26 19:57:24,146 DEBUG matplotlib.font_manager: findfont: score(<Font 'DejaVu Serif Display' (DejaVuSerifDisplay.ttf) normal normal 400 normal>) = 10.05
2026-06-26 19:57:24,146 DEBUG matplotlib.font_manager: findfont: score(<Font 'DejaVu Serif' (DejaVuSerif-Italic.ttf) italic normal 400 normal>) = 11.05
2026-06-26 19:57:24,146 DEBUG matplotlib.font_manager: findfont: score(<Font 'STIXSizeFourSym' (STIXSizFourSymReg.ttf) normal normal 400 normal>) = 10.05
2026-06-26 19:57:24,146 DEBUG matplotlib.font_manager: findfont: score(<Font 'DejaVu Sans' (DejaVuSans.ttf) normal normal 400 normal>) = 10.05
2026-06-26 19:57:24,146 DEBUG matplotlib.font_manager: findfont: score(<Font 'cmex10' (cmex10.ttf) normal normal 400 normal>) = 10.05
2026-06-26 19:57:24,146 DEBUG matplotlib.font_manager: findfont: score(<Font 'STIXSizeOneSym' (STIXSizOneSymReg.ttf) normal normal 400 normal>) = 10.05
2026-06-26 19:57:24,146 DEBUG matplotlib.font_manager: findfont: score(<Font 'STIXSizeTwoSym' (STIXSizTwoSymReg.ttf) normal normal 400 normal>) = 10.05
2026-06-26 19:57:24,146 DEBUG matplotlib.font_manager: findfont: score(<Font 'STIXNonUnicode' (STIXNonUniIta.ttf) italic normal 400 normal>) = 11.05
2026-06-26 19:57:24,146 DEBUG matplotlib.font_manager: findfont: score(<Font 'cmsy10' (cmsy10.ttf) normal normal 400 normal>) = 0.05
2026-06-26 19:57:24,146 DEBUG matplotlib.font_manager: findfont: score(<Font 'STIXGeneral' (STIXGeneralItalic.ttf) italic normal 400 normal>) = 11.05
2026-06-26 19:57:24,146 DEBUG matplotlib.font_manager: findfont: score(<Font 'STIXGeneral' (STIXGeneralBol.ttf) normal normal 700 normal>) = 10.335
2026-06-26 19:57:24,147 DEBUG matplotlib.font_manager: findfont: score(<Font 'cmmi10' (cmmi10.ttf) normal normal 400 normal>) = 10.05
2026-06-26 19:57:24,147 DEBUG matplotlib.font_manager: findfont: score(<Font 'DejaVu Sans Mono' (DejaVuSansMono-BoldOblique.ttf) oblique normal 700 normal>) = 11.335
2026-06-26 19:57:24,147 DEBUG matplotlib.font_manager: findfont: score(<Font 'STIXSizeThreeSym' (STIXSizThreeSymBol.ttf) normal normal 700 normal>) = 10.335
2026-06-26 19:57:24,147 DEBUG matplotlib.font_manager: findfont: score(<Font 'cmr10' (cmr10.ttf) normal normal 400 normal>) = 10.05
2026-06-26 19:57:24,147 DEBUG matplotlib.font_manager: findfont: score(<Font 'DejaVu Sans' (DejaVuSans-BoldOblique.ttf) oblique normal 700 normal>) = 11.335
2026-06-26 19:57:24,147 DEBUG matplotlib.font_manager: findfont: score(<Font 'cmss10' (cmss10.ttf) normal normal 400 normal>) = 10.05
2026-06-26 19:57:24,147 DEBUG matplotlib.font_manager: findfont: score(<Font 'cmb10' (cmb10.ttf) normal normal 400 normal>) = 10.05
2026-06-26 19:57:24,147 DEBUG matplotlib.font_manager: findfont: score(<Font 'DejaVu Serif' (DejaVuSerif.ttf) normal normal 400 normal>) = 10.05
2026-06-26 19:57:24,147 DEBUG matplotlib.font_manager: findfont: score(<Font 'STIXSizeThreeSym' (STIXSizThreeSymReg.ttf) normal normal 400 normal>) = 10.05
2026-06-26 19:57:24,147 DEBUG matplotlib.font_manager: findfont: score(<Font 'STIXGeneral' (STIXGeneralBolIta.ttf) italic normal 700 normal>) = 11.335
2026-06-26 19:57:24,147 DEBUG matplotlib.font_manager: findfont: score(<Font 'STIXNonUnicode' (STIXNonUni.ttf) normal normal 400 normal>) = 10.05
2026-06-26 19:57:24,147 DEBUG matplotlib.font_manager: findfont: score(<Font 'DejaVu Sans Mono' (DejaVuSansMono.ttf) normal normal 400 normal>) = 10.05
2026-06-26 19:57:24,147 DEBUG matplotlib.font_manager: findfont: score(<Font 'DejaVu Serif' (DejaVuSerif-Bold.ttf) normal normal 700 normal>) = 10.335
2026-06-26 19:57:24,147 DEBUG matplotlib.font_manager: findfont: score(<Font 'DejaVu Sans Mono' (DejaVuSansMono-Bold.ttf) normal normal 700 normal>) = 10.335
2026-06-26 19:57:24,147 DEBUG matplotlib.font_manager: findfont: score(<Font 'DejaVu Sans' (DejaVuSans-Bold.ttf) normal normal 700 normal>) = 10.335
2026-06-26 19:57:24,147 DEBUG matplotlib.font_manager: findfont: score(<Font 'DejaVu Serif' (DejaVuSerif.ttf) normal normal 400 normal>) = 10.05
2026-06-26 19:57:24,147 DEBUG matplotlib.font_manager: findfont: score(<Font 'DejaVu Sans' (DejaVuSans.ttf) normal normal 400 normal>) = 10.05
2026-06-26 19:57:24,147 DEBUG matplotlib.font_manager: findfont: Matching cmsy10:style=normal:variant=normal:weight=normal:stretch=normal:size=10.0 to cmsy10 ('/tmp/_MEIKGygzi/matplotlib/mpl-data/fonts/ttf/cmsy10.ttf') with score of 0.050000.
2026-06-26 19:57:24,147 DEBUG matplotlib.font_manager: findfont: Matching cmr10:style=normal:variant=normal:weight=normal:stretch=normal:size=10.0.
2026-06-26 19:57:24,147 DEBUG matplotlib.font_manager: findfont: score(<Font 'DejaVu Sans Mono' (DejaVuSansMono-Bold.ttf) normal normal 700 normal>) = 10.335
2026-06-26 19:57:24,147 DEBUG matplotlib.font_manager: findfont: score(<Font 'STIXGeneral' (STIXGeneral.ttf) normal normal 400 normal>) = 10.05
2026-06-26 19:57:24,147 DEBUG matplotlib.font_manager: findfont: score(<Font 'STIXSizeFiveSym' (STIXSizFiveSymReg.ttf) normal normal 400 normal>) = 10.05
2026-06-26 19:57:24,147 DEBUG matplotlib.font_manager: findfont: score(<Font 'DejaVu Sans Display' (DejaVuSansDisplay.ttf) normal normal 400 normal>) = 10.05
2026-06-26 19:57:24,147 DEBUG matplotlib.font_manager: findfont: score(<Font 'cmtt10' (cmtt10.ttf) normal normal 400 normal>) = 10.05
2026-06-26 19:57:24,147 DEBUG matplotlib.font_manager: findfont: score(<Font 'DejaVu Sans' (DejaVuSans-Bold.ttf) normal normal 700 normal>) = 10.335
2026-06-26 19:57:24,147 DEBUG matplotlib.font_manager: findfont: score(<Font 'STIXNonUnicode' (STIXNonUniBol.ttf) normal normal 700 normal>) = 10.335
2026-06-26 19:57:24,148 DEBUG matplotlib.font_manager: findfont: score(<Font 'DejaVu Sans' (DejaVuSans-Oblique.ttf) oblique normal 400 normal>) = 11.05
2026-06-26 19:57:24,148 DEBUG matplotlib.font_manager: findfont: score(<Font 'DejaVu Sans Mono' (DejaVuSansMono.ttf) normal normal 400 normal>) = 10.05
2026-06-26 19:57:24,148 DEBUG matplotlib.font_manager: findfont: score(<Font 'DejaVu Serif' (DejaVuSerif-Bold.ttf) normal normal 700 normal>) = 10.335
2026-06-26 19:57:24,148 DEBUG matplotlib.font_manager: findfont: score(<Font 'DejaVu Serif' (DejaVuSerif-BoldItalic.ttf) italic normal 700 normal>) = 11.335
2026-06-26 19:57:24,148 DEBUG matplotlib.font_manager: findfont: score(<Font 'STIXSizeOneSym' (STIXSizOneSymBol.ttf) normal normal 700 normal>) = 10.335
2026-06-26 19:57:24,148 DEBUG matplotlib.font_manager: findfont: score(<Font 'STIXSizeFourSym' (STIXSizFourSymBol.ttf) normal normal 700 normal>) = 10.335
2026-06-26 19:57:24,148 DEBUG matplotlib.font_manager: findfont: score(<Font 'STIXSizeTwoSym' (STIXSizTwoSymBol.ttf) normal normal 700 normal>) = 10.335
2026-06-26 19:57:24,148 DEBUG matplotlib.font_manager: findfont: score(<Font 'STIXNonUnicode' (STIXNonUniBolIta.ttf) italic normal 700 normal>) = 11.335
2026-06-26 19:57:24,148 DEBUG matplotlib.font_manager: findfont: score(<Font 'DejaVu Sans Mono' (DejaVuSansMono-Oblique.ttf) oblique normal 400 normal>) = 11.05
2026-06-26 19:57:24,148 DEBUG matplotlib.font_manager: findfont: score(<Font 'DejaVu Serif Display' (DejaVuSerifDisplay.ttf) normal normal 400 normal>) = 10.05
2026-06-26 19:57:24,148 DEBUG matplotlib.font_manager: findfont: score(<Font 'DejaVu Serif' (DejaVuSerif-Italic.ttf) italic normal 400 normal>) = 11.05
2026-06-26 19:57:24,148 DEBUG matplotlib.font_manager: findfont: score(<Font 'STIXSizeFourSym' (STIXSizFourSymReg.ttf) normal normal 400 normal>) = 10.05
2026-06-26 19:57:24,148 DEBUG matplotlib.font_manager: findfont: score(<Font 'DejaVu Sans' (DejaVuSans.ttf) normal normal 400 normal>) = 10.05
2026-06-26 19:57:24,148 DEBUG matplotlib.font_manager: findfont: score(<Font 'cmex10' (cmex10.ttf) normal normal 400 normal>) = 10.05
2026-06-26 19:57:24,148 DEBUG matplotlib.font_manager: findfont: score(<Font 'STIXSizeOneSym' (STIXSizOneSymReg.ttf) normal normal 400 normal>) = 10.05
2026-06-26 19:57:24,148 DEBUG matplotlib.font_manager: findfont: score(<Font 'STIXSizeTwoSym' (STIXSizTwoSymReg.ttf) normal normal 400 normal>) = 10.05
2026-06-26 19:57:24,148 DEBUG matplotlib.font_manager: findfont: score(<Font 'STIXNonUnicode' (STIXNonUniIta.ttf) italic normal 400 normal>) = 11.05
2026-06-26 19:57:24,148 DEBUG matplotlib.font_manager: findfont: score(<Font 'cmsy10' (cmsy10.ttf) normal normal 400 normal>) = 10.05
2026-06-26 19:57:24,148 DEBUG matplotlib.font_manager: findfont: score(<Font 'STIXGeneral' (STIXGeneralItalic.ttf) italic normal 400 normal>) = 11.05
2026-06-26 19:57:24,148 DEBUG matplotlib.font_manager: findfont: score(<Font 'STIXGeneral' (STIXGeneralBol.ttf) normal normal 700 normal>) = 10.335
2026-06-26 19:57:24,148 DEBUG matplotlib.font_manager: findfont: score(<Font 'cmmi10' (cmmi10.ttf) normal normal 400 normal>) = 10.05
2026-06-26 19:57:24,148 DEBUG matplotlib.font_manager: findfont: score(<Font 'DejaVu Sans Mono' (DejaVuSansMono-BoldOblique.ttf) oblique normal 700 normal>) = 11.335
2026-06-26 19:57:24,148 DEBUG matplotlib.font_manager: findfont: score(<Font 'STIXSizeThreeSym' (STIXSizThreeSymBol.ttf) normal normal 700 normal>) = 10.335
2026-06-26 19:57:24,148 DEBUG matplotlib.font_manager: findfont: score(<Font 'cmr10' (cmr10.ttf) normal normal 400 normal>) = 0.05
2026-06-26 19:57:24,148 DEBUG matplotlib.font_manager: findfont: score(<Font 'DejaVu Sans' (DejaVuSans-BoldOblique.ttf) oblique normal 700 normal>) = 11.335
2026-06-26 19:57:24,148 DEBUG matplotlib.font_manager: findfont: score(<Font 'cmss10' (cmss10.ttf) normal normal 400 normal>) = 10.05
2026-06-26 19:57:24,148 DEBUG matplotlib.font_manager: findfont: score(<Font 'cmb10' (cmb10.ttf) normal normal 400 normal>) = 10.05
2026-06-26 19:57:24,148 DEBUG matplotlib.font_manager: findfont: score(<Font 'DejaVu Serif' (DejaVuSerif.ttf) normal normal 400 normal>) = 10.05
2026-06-26 19:57:24,148 DEBUG matplotlib.font_manager: findfont: score(<Font 'STIXSizeThreeSym' (STIXSizThreeSymReg.ttf) normal normal 400 normal>) = 10.05
2026-06-26 19:57:24,148 DEBUG matplotlib.font_manager: findfont: score(<Font 'STIXGeneral' (STIXGeneralBolIta.ttf) italic normal 700 normal>) = 11.335
2026-06-26 19:57:24,148 DEBUG matplotlib.font_manager: findfont: score(<Font 'STIXNonUnicode' (STIXNonUni.ttf) normal normal 400 normal>) = 10.05
2026-06-26 19:57:24,148 DEBUG matplotlib.font_manager: findfont: score(<Font 'DejaVu Sans Mono' (DejaVuSansMono.ttf) normal normal 400 normal>) = 10.05
2026-06-26 19:57:24,148 DEBUG matplotlib.font_manager: findfont: score(<Font 'DejaVu Serif' (DejaVuSerif-Bold.ttf) normal normal 700 normal>) = 10.335
2026-06-26 19:57:24,148 DEBUG matplotlib.font_manager: findfont: score(<Font 'DejaVu Sans Mono' (DejaVuSansMono-Bold.ttf) normal normal 700 normal>) = 10.335
2026-06-26 19:57:24,149 DEBUG matplotlib.font_manager: findfont: score(<Font 'DejaVu Sans' (DejaVuSans-Bold.ttf) normal normal 700 normal>) = 10.335
2026-06-26 19:57:24,149 DEBUG matplotlib.font_manager: findfont: score(<Font 'DejaVu Serif' (DejaVuSerif.ttf) normal normal 400 normal>) = 10.05
2026-06-26 19:57:24,149 DEBUG matplotlib.font_manager: findfont: score(<Font 'DejaVu Sans' (DejaVuSans.ttf) normal normal 400 normal>) = 10.05
2026-06-26 19:57:24,149 DEBUG matplotlib.font_manager: findfont: Matching cmr10:style=normal:variant=normal:weight=normal:stretch=normal:size=10.0 to cmr10 ('/tmp/_MEIKGygzi/matplotlib/mpl-data/fonts/ttf/cmr10.ttf') with score of 0.050000.
2026-06-26 19:57:24,149 DEBUG matplotlib.font_manager: findfont: Matching cmtt10:style=normal:variant=normal:weight=normal:stretch=normal:size=10.0.
2026-06-26 19:57:24,149 DEBUG matplotlib.font_manager: findfont: score(<Font 'DejaVu Sans Mono' (DejaVuSansMono-Bold.ttf) normal normal 700 normal>) = 10.335
2026-06-26 19:57:24,149 DEBUG matplotlib.font_manager: findfont: score(<Font 'STIXGeneral' (STIXGeneral.ttf) normal normal 400 normal>) = 10.05
2026-06-26 19:57:24,149 DEBUG matplotlib.font_manager: findfont: score(<Font 'STIXSizeFiveSym' (STIXSizFiveSymReg.ttf) normal normal 400 normal>) = 10.05
2026-06-26 19:57:24,149 DEBUG matplotlib.font_manager: findfont: score(<Font 'DejaVu Sans Display' (DejaVuSansDisplay.ttf) normal normal 400 normal>) = 10.05
2026-06-26 19:57:24,149 DEBUG matplotlib.font_manager: findfont: score(<Font 'cmtt10' (cmtt10.ttf) normal normal 400 normal>) = 0.05
2026-06-26 19:57:24,149 DEBUG matplotlib.font_manager: findfont: score(<Font 'DejaVu Sans' (DejaVuSans-Bold.ttf) normal normal 700 normal>) = 10.335
2026-06-26 19:57:24,149 DEBUG matplotlib.font_manager: findfont: score(<Font 'STIXNonUnicode' (STIXNonUniBol.ttf) normal normal 700 normal>) = 10.335
2026-06-26 19:57:24,149 DEBUG matplotlib.font_manager: findfont: score(<Font 'DejaVu Sans' (DejaVuSans-Oblique.ttf) oblique normal 400 normal>) = 11.05
2026-06-26 19:57:24,149 DEBUG matplotlib.font_manager: findfont: score(<Font 'DejaVu Sans Mono' (DejaVuSansMono.ttf) normal normal 400 normal>) = 10.05
2026-06-26 19:57:24,149 DEBUG matplotlib.font_manager: findfont: score(<Font 'DejaVu Serif' (DejaVuSerif-Bold.ttf) normal normal 700 normal>) = 10.335
2026-06-26 19:57:24,149 DEBUG matplotlib.font_manager: findfont: score(<Font 'DejaVu Serif' (DejaVuSerif-BoldItalic.ttf) italic normal 700 normal>) = 11.335
2026-06-26 19:57:24,149 DEBUG matplotlib.font_manager: findfont: score(<Font 'STIXSizeOneSym' (STIXSizOneSymBol.ttf) normal normal 700 normal>) = 10.335
2026-06-26 19:57:24,149 DEBUG matplotlib.font_manager: findfont: score(<Font 'STIXSizeFourSym' (STIXSizFourSymBol.ttf) normal normal 700 normal>) = 10.335
2026-06-26 19:57:24,149 DEBUG matplotlib.font_manager: findfont: score(<Font 'STIXSizeTwoSym' (STIXSizTwoSymBol.ttf) normal normal 700 normal>) = 10.335
2026-06-26 19:57:24,149 DEBUG matplotlib.font_manager: findfont: score(<Font 'STIXNonUnicode' (STIXNonUniBolIta.ttf) italic normal 700 normal>) = 11.335
2026-06-26 19:57:24,149 DEBUG matplotlib.font_manager: findfont: score(<Font 'DejaVu Sans Mono' (DejaVuSansMono-Oblique.ttf) oblique normal 400 normal>) = 11.05
2026-06-26 19:57:24,149 DEBUG matplotlib.font_manager: findfont: score(<Font 'DejaVu Serif Display' (DejaVuSerifDisplay.ttf) normal normal 400 normal>) = 10.05
2026-06-26 19:57:24,149 DEBUG matplotlib.font_manager: findfont: score(<Font 'DejaVu Serif' (DejaVuSerif-Italic.ttf) italic normal 400 normal>) = 11.05
2026-06-26 19:57:24,149 DEBUG matplotlib.font_manager: findfont: score(<Font 'STIXSizeFourSym' (STIXSizFourSymReg.ttf) normal normal 400 normal>) = 10.05
2026-06-26 19:57:24,149 DEBUG matplotlib.font_manager: findfont: score(<Font 'DejaVu Sans' (DejaVuSans.ttf) normal normal 400 normal>) = 10.05
2026-06-26 19:57:24,149 DEBUG matplotlib.font_manager: findfont: score(<Font 'cmex10' (cmex10.ttf) normal normal 400 normal>) = 10.05
2026-06-26 19:57:24,150 DEBUG matplotlib.font_manager: findfont: score(<Font 'STIXSizeOneSym' (STIXSizOneSymReg.ttf) normal normal 400 normal>) = 10.05
2026-06-26 19:57:24,150 DEBUG matplotlib.font_manager: findfont: score(<Font 'STIXSizeTwoSym' (STIXSizTwoSymReg.ttf) normal normal 400 normal>) = 10.05
2026-06-26 19:57:24,150 DEBUG matplotlib.font_manager: findfont: score(<Font 'STIXNonUnicode' (STIXNonUniIta.ttf) italic normal 400 normal>) = 11.05
2026-06-26 19:57:24,150 DEBUG matplotlib.font_manager: findfont: score(<Font 'cmsy10' (cmsy10.ttf) normal normal 400 normal>) = 10.05
2026-06-26 19:57:24,150 DEBUG matplotlib.font_manager: findfont: score(<Font 'STIXGeneral' (STIXGeneralItalic.ttf) italic normal 400 normal>) = 11.05
2026-06-26 19:57:24,150 DEBUG matplotlib.font_manager: findfont: score(<Font 'STIXGeneral' (STIXGeneralBol.ttf) normal normal 700 normal>) = 10.335
2026-06-26 19:57:24,150 DEBUG matplotlib.font_manager: findfont: score(<Font 'cmmi10' (cmmi10.ttf) normal normal 400 normal>) = 10.05
2026-06-26 19:57:24,150 DEBUG matplotlib.font_manager: findfont: score(<Font 'DejaVu Sans Mono' (DejaVuSansMono-BoldOblique.ttf) oblique normal 700 normal>) = 11.335
2026-06-26 19:57:24,150 DEBUG matplotlib.font_manager: findfont: score(<Font 'STIXSizeThreeSym' (STIXSizThreeSymBol.ttf) normal normal 700 normal>) = 10.335
2026-06-26 19:57:24,150 DEBUG matplotlib.font_manager: findfont: score(<Font 'cmr10' (cmr10.ttf) normal normal 400 normal>) = 10.05
2026-06-26 19:57:24,150 DEBUG matplotlib.font_manager: findfont: score(<Font 'DejaVu Sans' (DejaVuSans-BoldOblique.ttf) oblique normal 700 normal>) = 11.335
2026-06-26 19:57:24,150 DEBUG matplotlib.font_manager: findfont: score(<Font 'cmss10' (cmss10.ttf) normal normal 400 normal>) = 10.05
2026-06-26 19:57:24,150 DEBUG matplotlib.font_manager: findfont: score(<Font 'cmb10' (cmb10.ttf) normal normal 400 normal>) = 10.05
2026-06-26 19:57:24,150 DEBUG matplotlib.font_manager: findfont: score(<Font 'DejaVu Serif' (DejaVuSerif.ttf) normal normal 400 normal>) = 10.05
2026-06-26 19:57:24,150 DEBUG matplotlib.font_manager: findfont: score(<Font 'STIXSizeThreeSym' (STIXSizThreeSymReg.ttf) normal normal 400 normal>) = 10.05
2026-06-26 19:57:24,150 DEBUG matplotlib.font_manager: findfont: score(<Font 'STIXGeneral' (STIXGeneralBolIta.ttf) italic normal 700 normal>) = 11.335
2026-06-26 19:57:24,150 DEBUG matplotlib.font_manager: findfont: score(<Font 'STIXNonUnicode' (STIXNonUni.ttf) normal normal 400 normal>) = 10.05
2026-06-26 19:57:24,150 DEBUG matplotlib.font_manager: findfont: score(<Font 'DejaVu Sans Mono' (DejaVuSansMono.ttf) normal normal 400 normal>) = 10.05
2026-06-26 19:57:24,150 DEBUG matplotlib.font_manager: findfont: score(<Font 'DejaVu Serif' (DejaVuSerif-Bold.ttf) normal normal 700 normal>) = 10.335
2026-06-26 19:57:24,150 DEBUG matplotlib.font_manager: findfont: score(<Font 'DejaVu Sans Mono' (DejaVuSansMono-Bold.ttf) normal normal 700 normal>) = 10.335
2026-06-26 19:57:24,150 DEBUG matplotlib.font_manager: findfont: score(<Font 'DejaVu Sans' (DejaVuSans-Bold.ttf) normal normal 700 normal>) = 10.335
2026-06-26 19:57:24,150 DEBUG matplotlib.font_manager: findfont: score(<Font 'DejaVu Serif' (DejaVuSerif.ttf) normal normal 400 normal>) = 10.05
2026-06-26 19:57:24,150 DEBUG matplotlib.font_manager: findfont: score(<Font 'DejaVu Sans' (DejaVuSans.ttf) normal normal 400 normal>) = 10.05
2026-06-26 19:57:24,150 DEBUG matplotlib.font_manager: findfont: Matching cmtt10:style=normal:variant=normal:weight=normal:stretch=normal:size=10.0 to cmtt10 ('/tmp/_MEIKGygzi/matplotlib/mpl-data/fonts/ttf/cmtt10.ttf') with score of 0.050000.
2026-06-26 19:57:24,150 DEBUG matplotlib.font_manager: findfont: Matching cmmi10:style=normal:variant=normal:weight=normal:stretch=normal:size=10.0.
2026-06-26 19:57:24,150 DEBUG matplotlib.font_manager: findfont: score(<Font 'DejaVu Sans Mono' (DejaVuSansMono-Bold.ttf) normal normal 700 normal>) = 10.335
2026-06-26 19:57:24,150 DEBUG matplotlib.font_manager: findfont: score(<Font 'STIXGeneral' (STIXGeneral.ttf) normal normal 400 normal>) = 10.05
2026-06-26 19:57:24,151 DEBUG matplotlib.font_manager: findfont: score(<Font 'STIXSizeFiveSym' (STIXSizFiveSymReg.ttf) normal normal 400 normal>) = 10.05
2026-06-26 19:57:24,151 DEBUG matplotlib.font_manager: findfont: score(<Font 'DejaVu Sans Display' (DejaVuSansDisplay.ttf) normal normal 400 normal>) = 10.05
2026-06-26 19:57:24,151 DEBUG matplotlib.font_manager: findfont: score(<Font 'cmtt10' (cmtt10.ttf) normal normal 400 normal>) = 10.05
2026-06-26 19:57:24,151 DEBUG matplotlib.font_manager: findfont: score(<Font 'DejaVu Sans' (DejaVuSans-Bold.ttf) normal normal 700 normal>) = 10.335
2026-06-26 19:57:24,151 DEBUG matplotlib.font_manager: findfont: score(<Font 'STIXNonUnicode' (STIXNonUniBol.ttf) normal normal 700 normal>) = 10.335
2026-06-26 19:57:24,151 DEBUG matplotlib.font_manager: findfont: score(<Font 'DejaVu Sans' (DejaVuSans-Oblique.ttf) oblique normal 400 normal>) = 11.05
2026-06-26 19:57:24,151 DEBUG matplotlib.font_manager: findfont: score(<Font 'DejaVu Sans Mono' (DejaVuSansMono.ttf) normal normal 400 normal>) = 10.05
2026-06-26 19:57:24,151 DEBUG matplotlib.font_manager: findfont: score(<Font 'DejaVu Serif' (DejaVuSerif-Bold.ttf) normal normal 700 normal>) = 10.335
2026-06-26 19:57:24,151 DEBUG matplotlib.font_manager: findfont: score(<Font 'DejaVu Serif' (DejaVuSerif-BoldItalic.ttf) italic normal 700 normal>) = 11.335
2026-06-26 19:57:24,151 DEBUG matplotlib.font_manager: findfont: score(<Font 'STIXSizeOneSym' (STIXSizOneSymBol.ttf) normal normal 700 normal>) = 10.335
2026-06-26 19:57:24,151 DEBUG matplotlib.font_manager: findfont: score(<Font 'STIXSizeFourSym' (STIXSizFourSymBol.ttf) normal normal 700 normal>) = 10.335
2026-06-26 19:57:24,151 DEBUG matplotlib.font_manager: findfont: score(<Font 'STIXSizeTwoSym' (STIXSizTwoSymBol.ttf) normal normal 700 normal>) = 10.335
2026-06-26 19:57:24,151 DEBUG matplotlib.font_manager: findfont: score(<Font 'STIXNonUnicode' (STIXNonUniBolIta.ttf) italic normal 700 normal>) = 11.335
2026-06-26 19:57:24,151 DEBUG matplotlib.font_manager: findfont: score(<Font 'DejaVu Sans Mono' (DejaVuSansMono-Oblique.ttf) oblique normal 400 normal>) = 11.05
2026-06-26 19:57:24,151 DEBUG matplotlib.font_manager: findfont: score(<Font 'DejaVu Serif Display' (DejaVuSerifDisplay.ttf) normal normal 400 normal>) = 10.05
2026-06-26 19:57:24,151 DEBUG matplotlib.font_manager: findfont: score(<Font 'DejaVu Serif' (DejaVuSerif-Italic.ttf) italic normal 400 normal>) = 11.05
2026-06-26 19:57:24,151 DEBUG matplotlib.font_manager: findfont: score(<Font 'STIXSizeFourSym' (STIXSizFourSymReg.ttf) normal normal 400 normal>) = 10.05
2026-06-26 19:57:24,151 DEBUG matplotlib.font_manager: findfont: score(<Font 'DejaVu Sans' (DejaVuSans.ttf) normal normal 400 normal>) = 10.05
2026-06-26 19:57:24,151 DEBUG matplotlib.font_manager: findfont: score(<Font 'cmex10' (cmex10.ttf) normal normal 400 normal>) = 10.05
2026-06-26 19:57:24,151 DEBUG matplotlib.font_manager: findfont: score(<Font 'STIXSizeOneSym' (STIXSizOneSymReg.ttf) normal normal 400 normal>) = 10.05
2026-06-26 19:57:24,151 DEBUG matplotlib.font_manager: findfont: score(<Font 'STIXSizeTwoSym' (STIXSizTwoSymReg.ttf) normal normal 400 normal>) = 10.05
2026-06-26 19:57:24,151 DEBUG matplotlib.font_manager: findfont: score(<Font 'STIXNonUnicode' (STIXNonUniIta.ttf) italic normal 400 normal>) = 11.05
2026-06-26 19:57:24,151 DEBUG matplotlib.font_manager: findfont: score(<Font 'cmsy10' (cmsy10.ttf) normal normal 400 normal>) = 10.05
2026-06-26 19:57:24,151 DEBUG matplotlib.font_manager: findfont: score(<Font 'STIXGeneral' (STIXGeneralItalic.ttf) italic normal 400 normal>) = 11.05
2026-06-26 19:57:24,151 DEBUG matplotlib.font_manager: findfont: score(<Font 'STIXGeneral' (STIXGeneralBol.ttf) normal normal 700 normal>) = 10.335
2026-06-26 19:57:24,151 DEBUG matplotlib.font_manager: findfont: score(<Font 'cmmi10' (cmmi10.ttf) normal normal 400 normal>) = 0.05
2026-06-26 19:57:24,151 DEBUG matplotlib.font_manager: findfont: score(<Font 'DejaVu Sans Mono' (DejaVuSansMono-BoldOblique.ttf) oblique normal 700 normal>) = 11.335
2026-06-26 19:57:24,151 DEBUG matplotlib.font_manager: findfont: score(<Font 'STIXSizeThreeSym' (STIXSizThreeSymBol.ttf) normal normal 700 normal>) = 10.335
2026-06-26 19:57:24,151 DEBUG matplotlib.font_manager: findfont: score(<Font 'cmr10' (cmr10.ttf) normal normal 400 normal>) = 10.05
2026-06-26 19:57:24,151 DEBUG matplotlib.font_manager: findfont: score(<Font 'DejaVu Sans' (DejaVuSans-BoldOblique.ttf) oblique normal 700 normal>) = 11.335
2026-06-26 19:57:24,151 DEBUG matplotlib.font_manager: findfont: score(<Font 'cmss10' (cmss10.ttf) normal normal 400 normal>) = 10.05
2026-06-26 19:57:24,151 DEBUG matplotlib.font_manager: findfont: score(<Font 'cmb10' (cmb10.ttf) normal normal 400 normal>) = 10.05
2026-06-26 19:57:24,151 DEBUG matplotlib.font_manager: findfont: score(<Font 'DejaVu Serif' (DejaVuSerif.ttf) normal normal 400 normal>) = 10.05
2026-06-26 19:57:24,152 DEBUG matplotlib.font_manager: findfont: score(<Font 'STIXSizeThreeSym' (STIXSizThreeSymReg.ttf) normal normal 400 normal>) = 10.05
2026-06-26 19:57:24,152 DEBUG matplotlib.font_manager: findfont: score(<Font 'STIXGeneral' (STIXGeneralBolIta.ttf) italic normal 700 normal>) = 11.335
2026-06-26 19:57:24,152 DEBUG matplotlib.font_manager: findfont: score(<Font 'STIXNonUnicode' (STIXNonUni.ttf) normal normal 400 normal>) = 10.05
2026-06-26 19:57:24,152 DEBUG matplotlib.font_manager: findfont: score(<Font 'DejaVu Sans Mono' (DejaVuSansMono.ttf) normal normal 400 normal>) = 10.05
2026-06-26 19:57:24,152 DEBUG matplotlib.font_manager: findfont: score(<Font 'DejaVu Serif' (DejaVuSerif-Bold.ttf) normal normal 700 normal>) = 10.335
2026-06-26 19:57:24,152 DEBUG matplotlib.font_manager: findfont: score(<Font 'DejaVu Sans Mono' (DejaVuSansMono-Bold.ttf) normal normal 700 normal>) = 10.335
2026-06-26 19:57:24,152 DEBUG matplotlib.font_manager: findfont: score(<Font 'DejaVu Sans' (DejaVuSans-Bold.ttf) normal normal 700 normal>) = 10.335
2026-06-26 19:57:24,152 DEBUG matplotlib.font_manager: findfont: score(<Font 'DejaVu Serif' (DejaVuSerif.ttf) normal normal 400 normal>) = 10.05
2026-06-26 19:57:24,152 DEBUG matplotlib.font_manager: findfont: score(<Font 'DejaVu Sans' (DejaVuSans.ttf) normal normal 400 normal>) = 10.05
2026-06-26 19:57:24,152 DEBUG matplotlib.font_manager: findfont: Matching cmmi10:style=normal:variant=normal:weight=normal:stretch=normal:size=10.0 to cmmi10 ('/tmp/_MEIKGygzi/matplotlib/mpl-data/fonts/ttf/cmmi10.ttf') with score of 0.050000.
2026-06-26 19:57:24,152 DEBUG matplotlib.font_manager: findfont: Matching cmb10:style=normal:variant=normal:weight=normal:stretch=normal:size=10.0.
2026-06-26 19:57:24,152 DEBUG matplotlib.font_manager: findfont: score(<Font 'DejaVu Sans Mono' (DejaVuSansMono-Bold.ttf) normal normal 700 normal>) = 10.335
2026-06-26 19:57:24,152 DEBUG matplotlib.font_manager: findfont: score(<Font 'STIXGeneral' (STIXGeneral.ttf) normal normal 400 normal>) = 10.05
2026-06-26 19:57:24,152 DEBUG matplotlib.font_manager: findfont: score(<Font 'STIXSizeFiveSym' (STIXSizFiveSymReg.ttf) normal normal 400 normal>) = 10.05
2026-06-26 19:57:24,152 DEBUG matplotlib.font_manager: findfont: score(<Font 'DejaVu Sans Display' (DejaVuSansDisplay.ttf) normal normal 400 normal>) = 10.05
2026-06-26 19:57:24,152 DEBUG matplotlib.font_manager: findfont: score(<Font 'cmtt10' (cmtt10.ttf) normal normal 400 normal>) = 10.05
2026-06-26 19:57:24,152 DEBUG matplotlib.font_manager: findfont: score(<Font 'DejaVu Sans' (DejaVuSans-Bold.ttf) normal normal 700 normal>) = 10.335
2026-06-26 19:57:24,152 DEBUG matplotlib.font_manager: findfont: score(<Font 'STIXNonUnicode' (STIXNonUniBol.ttf) normal normal 700 normal>) = 10.335
2026-06-26 19:57:24,152 DEBUG matplotlib.font_manager: findfont: score(<Font 'DejaVu Sans' (DejaVuSans-Oblique.ttf) oblique normal 400 normal>) = 11.05
2026-06-26 19:57:24,152 DEBUG matplotlib.font_manager: findfont: score(<Font 'DejaVu Sans Mono' (DejaVuSansMono.ttf) normal normal 400 normal>) = 10.05
2026-06-26 19:57:24,152 DEBUG matplotlib.font_manager: findfont: score(<Font 'DejaVu Serif' (DejaVuSerif-Bold.ttf) normal normal 700 normal>) = 10.335
2026-06-26 19:57:24,152 DEBUG matplotlib.font_manager: findfont: score(<Font 'DejaVu Serif' (DejaVuSerif-BoldItalic.ttf) italic normal 700 normal>) = 11.335
2026-06-26 19:57:24,152 DEBUG matplotlib.font_manager: findfont: score(<Font 'STIXSizeOneSym' (STIXSizOneSymBol.ttf) normal normal 700 normal>) = 10.335
2026-06-26 19:57:24,152 DEBUG matplotlib.font_manager: findfont: score(<Font 'STIXSizeFourSym' (STIXSizFourSymBol.ttf) normal normal 700 normal>) = 10.335
2026-06-26 19:57:24,152 DEBUG matplotlib.font_manager: findfont: score(<Font 'STIXSizeTwoSym' (STIXSizTwoSymBol.ttf) normal normal 700 normal>) = 10.335
2026-06-26 19:57:24,152 DEBUG matplotlib.font_manager: findfont: score(<Font 'STIXNonUnicode' (STIXNonUniBolIta.ttf) italic normal 700 normal>) = 11.335
2026-06-26 19:57:24,153 DEBUG matplotlib.font_manager: findfont: score(<Font 'DejaVu Sans Mono' (DejaVuSansMono-Oblique.ttf) oblique normal 400 normal>) = 11.05
2026-06-26 19:57:24,153 DEBUG matplotlib.font_manager: findfont: score(<Font 'DejaVu Serif Display' (DejaVuSerifDisplay.ttf) normal normal 400 normal>) = 10.05
2026-06-26 19:57:24,153 DEBUG matplotlib.font_manager: findfont: score(<Font 'DejaVu Serif' (DejaVuSerif-Italic.ttf) italic normal 400 normal>) = 11.05
2026-06-26 19:57:24,153 DEBUG matplotlib.font_manager: findfont: score(<Font 'STIXSizeFourSym' (STIXSizFourSymReg.ttf) normal normal 400 normal>) = 10.05
2026-06-26 19:57:24,153 DEBUG matplotlib.font_manager: findfont: score(<Font 'DejaVu Sans' (DejaVuSans.ttf) normal normal 400 normal>) = 10.05
2026-06-26 19:57:24,153 DEBUG matplotlib.font_manager: findfont: score(<Font 'cmex10' (cmex10.ttf) normal normal 400 normal>) = 10.05
2026-06-26 19:57:24,153 DEBUG matplotlib.font_manager: findfont: score(<Font 'STIXSizeOneSym' (STIXSizOneSymReg.ttf) normal normal 400 normal>) = 10.05
2026-06-26 19:57:24,153 DEBUG matplotlib.font_manager: findfont: score(<Font 'STIXSizeTwoSym' (STIXSizTwoSymReg.ttf) normal normal 400 normal>) = 10.05
2026-06-26 19:57:24,153 DEBUG matplotlib.font_manager: findfont: score(<Font 'STIXNonUnicode' (STIXNonUniIta.ttf) italic normal 400 normal>) = 11.05
2026-06-26 19:57:24,153 DEBUG matplotlib.font_manager: findfont: score(<Font 'cmsy10' (cmsy10.ttf) normal normal 400 normal>) = 10.05
2026-06-26 19:57:24,153 DEBUG matplotlib.font_manager: findfont: score(<Font 'STIXGeneral' (STIXGeneralItalic.ttf) italic normal 400 normal>) = 11.05
2026-06-26 19:57:24,153 DEBUG matplotlib.font_manager: findfont: score(<Font 'STIXGeneral' (STIXGeneralBol.ttf) normal normal 700 normal>) = 10.335
2026-06-26 19:57:24,153 DEBUG matplotlib.font_manager: findfont: score(<Font 'cmmi10' (cmmi10.ttf) normal normal 400 normal>) = 10.05
2026-06-26 19:57:24,153 DEBUG matplotlib.font_manager: findfont: score(<Font 'DejaVu Sans Mono' (DejaVuSansMono-BoldOblique.ttf) oblique normal 700 normal>) = 11.335
2026-06-26 19:57:24,153 DEBUG matplotlib.font_manager: findfont: score(<Font 'STIXSizeThreeSym' (STIXSizThreeSymBol.ttf) normal normal 700 normal>) = 10.335
2026-06-26 19:57:24,153 DEBUG matplotlib.font_manager: findfont: score(<Font 'cmr10' (cmr10.ttf) normal normal 400 normal>) = 10.05
2026-06-26 19:57:24,153 DEBUG matplotlib.font_manager: findfont: score(<Font 'DejaVu Sans' (DejaVuSans-BoldOblique.ttf) oblique normal 700 normal>) = 11.335
2026-06-26 19:57:24,153 DEBUG matplotlib.font_manager: findfont: score(<Font 'cmss10' (cmss10.ttf) normal normal 400 normal>) = 10.05
2026-06-26 19:57:24,153 DEBUG matplotlib.font_manager: findfont: score(<Font 'cmb10' (cmb10.ttf) normal normal 400 normal>) = 0.05
2026-06-26 19:57:24,153 DEBUG matplotlib.font_manager: findfont: score(<Font 'DejaVu Serif' (DejaVuSerif.ttf) normal normal 400 normal>) = 10.05
2026-06-26 19:57:24,153 DEBUG matplotlib.font_manager: findfont: score(<Font 'STIXSizeThreeSym' (STIXSizThreeSymReg.ttf) normal normal 400 normal>) = 10.05
2026-06-26 19:57:24,153 DEBUG matplotlib.font_manager: findfont: score(<Font 'STIXGeneral' (STIXGeneralBolIta.ttf) italic normal 700 normal>) = 11.335
2026-06-26 19:57:24,153 DEBUG matplotlib.font_manager: findfont: score(<Font 'STIXNonUnicode' (STIXNonUni.ttf) normal normal 400 normal>) = 10.05
2026-06-26 19:57:24,153 DEBUG matplotlib.font_manager: findfont: score(<Font 'DejaVu Sans Mono' (DejaVuSansMono.ttf) normal normal 400 normal>) = 10.05
2026-06-26 19:57:24,153 DEBUG matplotlib.font_manager: findfont: score(<Font 'DejaVu Serif' (DejaVuSerif-Bold.ttf) normal normal 700 normal>) = 10.335
2026-06-26 19:57:24,153 DEBUG matplotlib.font_manager: findfont: score(<Font 'DejaVu Sans Mono' (DejaVuSansMono-Bold.ttf) normal normal 700 normal>) = 10.335
2026-06-26 19:57:24,153 DEBUG matplotlib.font_manager: findfont: score(<Font 'DejaVu Sans' (DejaVuSans-Bold.ttf) normal normal 700 normal>) = 10.335
2026-06-26 19:57:24,153 DEBUG matplotlib.font_manager: findfont: score(<Font 'DejaVu Serif' (DejaVuSerif.ttf) normal normal 400 normal>) = 10.05
2026-06-26 19:57:24,153 DEBUG matplotlib.font_manager: findfont: score(<Font 'DejaVu Sans' (DejaVuSans.ttf) normal normal 400 normal>) = 10.05
2026-06-26 19:57:24,153 DEBUG matplotlib.font_manager: findfont: Matching cmb10:style=normal:variant=normal:weight=normal:stretch=normal:size=10.0 to cmb10 ('/tmp/_MEIKGygzi/matplotlib/mpl-data/fonts/ttf/cmb10.ttf') with score of 0.050000.
2026-06-26 19:57:24,154 DEBUG matplotlib.font_manager: findfont: Matching cmss10:style=normal:variant=normal:weight=normal:stretch=normal:size=10.0.
2026-06-26 19:57:24,154 DEBUG matplotlib.font_manager: findfont: score(<Font 'DejaVu Sans Mono' (DejaVuSansMono-Bold.ttf) normal normal 700 normal>) = 10.335
2026-06-26 19:57:24,154 DEBUG matplotlib.font_manager: findfont: score(<Font 'STIXGeneral' (STIXGeneral.ttf) normal normal 400 normal>) = 10.05
2026-06-26 19:57:24,154 DEBUG matplotlib.font_manager: findfont: score(<Font 'STIXSizeFiveSym' (STIXSizFiveSymReg.ttf) normal normal 400 normal>) = 10.05
2026-06-26 19:57:24,154 DEBUG matplotlib.font_manager: findfont: score(<Font 'DejaVu Sans Display' (DejaVuSansDisplay.ttf) normal normal 400 normal>) = 10.05
2026-06-26 19:57:24,154 DEBUG matplotlib.font_manager: findfont: score(<Font 'cmtt10' (cmtt10.ttf) normal normal 400 normal>) = 10.05
2026-06-26 19:57:24,154 DEBUG matplotlib.font_manager: findfont: score(<Font 'DejaVu Sans' (DejaVuSans-Bold.ttf) normal normal 700 normal>) = 10.335
2026-06-26 19:57:24,154 DEBUG matplotlib.font_manager: findfont: score(<Font 'STIXNonUnicode' (STIXNonUniBol.ttf) normal normal 700 normal>) = 10.335
2026-06-26 19:57:24,154 DEBUG matplotlib.font_manager: findfont: score(<Font 'DejaVu Sans' (DejaVuSans-Oblique.ttf) oblique normal 400 normal>) = 11.05
2026-06-26 19:57:24,154 DEBUG matplotlib.font_manager: findfont: score(<Font 'DejaVu Sans Mono' (DejaVuSansMono.ttf) normal normal 400 normal>) = 10.05
2026-06-26 19:57:24,154 DEBUG matplotlib.font_manager: findfont: score(<Font 'DejaVu Serif' (DejaVuSerif-Bold.ttf) normal normal 700 normal>) = 10.335
2026-06-26 19:57:24,154 DEBUG matplotlib.font_manager: findfont: score(<Font 'DejaVu Serif' (DejaVuSerif-BoldItalic.ttf) italic normal 700 normal>) = 11.335
2026-06-26 19:57:24,154 DEBUG matplotlib.font_manager: findfont: score(<Font 'STIXSizeOneSym' (STIXSizOneSymBol.ttf) normal normal 700 normal>) = 10.335
2026-06-26 19:57:24,154 DEBUG matplotlib.font_manager: findfont: score(<Font 'STIXSizeFourSym' (STIXSizFourSymBol.ttf) normal normal 700 normal>) = 10.335
2026-06-26 19:57:24,154 DEBUG matplotlib.font_manager: findfont: score(<Font 'STIXSizeTwoSym' (STIXSizTwoSymBol.ttf) normal normal 700 normal>) = 10.335
2026-06-26 19:57:24,154 DEBUG matplotlib.font_manager: findfont: score(<Font 'STIXNonUnicode' (STIXNonUniBolIta.ttf) italic normal 700 normal>) = 11.335
2026-06-26 19:57:24,154 DEBUG matplotlib.font_manager: findfont: score(<Font 'DejaVu Sans Mono' (DejaVuSansMono-Oblique.ttf) oblique normal 400 normal>) = 11.05
2026-06-26 19:57:24,154 DEBUG matplotlib.font_manager: findfont: score(<Font 'DejaVu Serif Display' (DejaVuSerifDisplay.ttf) normal normal 400 normal>) = 10.05
2026-06-26 19:57:24,154 DEBUG matplotlib.font_manager: findfont: score(<Font 'DejaVu Serif' (DejaVuSerif-Italic.ttf) italic normal 400 normal>) = 11.05
2026-06-26 19:57:24,154 DEBUG matplotlib.font_manager: findfont: score(<Font 'STIXSizeFourSym' (STIXSizFourSymReg.ttf) normal normal 400 normal>) = 10.05
2026-06-26 19:57:24,154 DEBUG matplotlib.font_manager: findfont: score(<Font 'DejaVu Sans' (DejaVuSans.ttf) normal normal 400 normal>) = 10.05
2026-06-26 19:57:24,154 DEBUG matplotlib.font_manager: findfont: score(<Font 'cmex10' (cmex10.ttf) normal normal 400 normal>) = 10.05
2026-06-26 19:57:24,154 DEBUG matplotlib.font_manager: findfont: score(<Font 'STIXSizeOneSym' (STIXSizOneSymReg.ttf) normal normal 400 normal>) = 10.05
2026-06-26 19:57:24,154 DEBUG matplotlib.font_manager: findfont: score(<Font 'STIXSizeTwoSym' (STIXSizTwoSymReg.ttf) normal normal 400 normal>) = 10.05
2026-06-26 19:57:24,154 DEBUG matplotlib.font_manager: findfont: score(<Font 'STIXNonUnicode' (STIXNonUniIta.ttf) italic normal 400 normal>) = 11.05
2026-06-26 19:57:24,154 DEBUG matplotlib.font_manager: findfont: score(<Font 'cmsy10' (cmsy10.ttf) normal normal 400 normal>) = 10.05
2026-06-26 19:57:24,154 DEBUG matplotlib.font_manager: findfont: score(<Font 'STIXGeneral' (STIXGeneralItalic.ttf) italic normal 400 normal>) = 11.05
2026-06-26 19:57:24,154 DEBUG matplotlib.font_manager: findfont: score(<Font 'STIXGeneral' (STIXGeneralBol.ttf) normal normal 700 normal>) = 10.335
2026-06-26 19:57:24,154 DEBUG matplotlib.font_manager: findfont: score(<Font 'cmmi10' (cmmi10.ttf) normal normal 400 normal>) = 10.05
2026-06-26 19:57:24,154 DEBUG matplotlib.font_manager: findfont: score(<Font 'DejaVu Sans Mono' (DejaVuSansMono-BoldOblique.ttf) oblique normal 700 normal>) = 11.335
2026-06-26 19:57:24,155 DEBUG matplotlib.font_manager: findfont: score(<Font 'STIXSizeThreeSym' (STIXSizThreeSymBol.ttf) normal normal 700 normal>) = 10.335
2026-06-26 19:57:24,155 DEBUG matplotlib.font_manager: findfont: score(<Font 'cmr10' (cmr10.ttf) normal normal 400 normal>) = 10.05
2026-06-26 19:57:24,155 DEBUG matplotlib.font_manager: findfont: score(<Font 'DejaVu Sans' (DejaVuSans-BoldOblique.ttf) oblique normal 700 normal>) = 11.335
2026-06-26 19:57:24,155 DEBUG matplotlib.font_manager: findfont: score(<Font 'cmss10' (cmss10.ttf) normal normal 400 normal>) = 0.05
2026-06-26 19:57:24,155 DEBUG matplotlib.font_manager: findfont: score(<Font 'cmb10' (cmb10.ttf) normal normal 400 normal>) = 10.05
2026-06-26 19:57:24,155 DEBUG matplotlib.font_manager: findfont: score(<Font 'DejaVu Serif' (DejaVuSerif.ttf) normal normal 400 normal>) = 10.05
2026-06-26 19:57:24,155 DEBUG matplotlib.font_manager: findfont: score(<Font 'STIXSizeThreeSym' (STIXSizThreeSymReg.ttf) normal normal 400 normal>) = 10.05
2026-06-26 19:57:24,155 DEBUG matplotlib.font_manager: findfont: score(<Font 'STIXGeneral' (STIXGeneralBolIta.ttf) italic normal 700 normal>) = 11.335
2026-06-26 19:57:24,155 DEBUG matplotlib.font_manager: findfont: score(<Font 'STIXNonUnicode' (STIXNonUni.ttf) normal normal 400 normal>) = 10.05
2026-06-26 19:57:24,155 DEBUG matplotlib.font_manager: findfont: score(<Font 'DejaVu Sans Mono' (DejaVuSansMono.ttf) normal normal 400 normal>) = 10.05
2026-06-26 19:57:24,155 DEBUG matplotlib.font_manager: findfont: score(<Font 'DejaVu Serif' (DejaVuSerif-Bold.ttf) normal normal 700 normal>) = 10.335
2026-06-26 19:57:24,155 DEBUG matplotlib.font_manager: findfont: score(<Font 'DejaVu Sans Mono' (DejaVuSansMono-Bold.ttf) normal normal 700 normal>) = 10.335
2026-06-26 19:57:24,155 DEBUG matplotlib.font_manager: findfont: score(<Font 'DejaVu Sans' (DejaVuSans-Bold.ttf) normal normal 700 normal>) = 10.335
2026-06-26 19:57:24,155 DEBUG matplotlib.font_manager: findfont: score(<Font 'DejaVu Serif' (DejaVuSerif.ttf) normal normal 400 normal>) = 10.05
2026-06-26 19:57:24,155 DEBUG matplotlib.font_manager: findfont: score(<Font 'DejaVu Sans' (DejaVuSans.ttf) normal normal 400 normal>) = 10.05
2026-06-26 19:57:24,155 DEBUG matplotlib.font_manager: findfont: Matching cmss10:style=normal:variant=normal:weight=normal:stretch=normal:size=10.0 to cmss10 ('/tmp/_MEIKGygzi/matplotlib/mpl-data/fonts/ttf/cmss10.ttf') with score of 0.050000.
2026-06-26 19:57:24,155 DEBUG matplotlib.font_manager: findfont: Matching cmex10:style=normal:variant=normal:weight=normal:stretch=normal:size=10.0.
2026-06-26 19:57:24,155 DEBUG matplotlib.font_manager: findfont: score(<Font 'DejaVu Sans Mono' (DejaVuSansMono-Bold.ttf) normal normal 700 normal>) = 10.335
2026-06-26 19:57:24,155 DEBUG matplotlib.font_manager: findfont: score(<Font 'STIXGeneral' (STIXGeneral.ttf) normal normal 400 normal>) = 10.05
2026-06-26 19:57:24,155 DEBUG matplotlib.font_manager: findfont: score(<Font 'STIXSizeFiveSym' (STIXSizFiveSymReg.ttf) normal normal 400 normal>) = 10.05
2026-06-26 19:57:24,155 DEBUG matplotlib.font_manager: findfont: score(<Font 'DejaVu Sans Display' (DejaVuSansDisplay.ttf) normal normal 400 normal>) = 10.05
2026-06-26 19:57:24,155 DEBUG matplotlib.font_manager: findfont: score(<Font 'cmtt10' (cmtt10.ttf) normal normal 400 normal>) = 10.05
2026-06-26 19:57:24,155 DEBUG matplotlib.font_manager: findfont: score(<Font 'DejaVu Sans' (DejaVuSans-Bold.ttf) normal normal 700 normal>) = 10.335
2026-06-26 19:57:24,155 DEBUG matplotlib.font_manager: findfont: score(<Font 'STIXNonUnicode' (STIXNonUniBol.ttf) normal normal 700 normal>) = 10.335
2026-06-26 19:57:24,155 DEBUG matplotlib.font_manager: findfont: score(<Font 'DejaVu Sans' (DejaVuSans-Oblique.ttf) oblique normal 400 normal>) = 11.05
2026-06-26 19:57:24,155 DEBUG matplotlib.font_manager: findfont: score(<Font 'DejaVu Sans Mono' (DejaVuSansMono.ttf) normal normal 400 normal>) = 10.05
2026-06-26 19:57:24,156 DEBUG matplotlib.font_manager: findfont: score(<Font 'DejaVu Serif' (DejaVuSerif-Bold.ttf) normal normal 700 normal>) = 10.335
2026-06-26 19:57:24,156 DEBUG matplotlib.font_manager: findfont: score(<Font 'DejaVu Serif' (DejaVuSerif-BoldItalic.ttf) italic normal 700 normal>) = 11.335
2026-06-26 19:57:24,156 DEBUG matplotlib.font_manager: findfont: score(<Font 'STIXSizeOneSym' (STIXSizOneSymBol.ttf) normal normal 700 normal>) = 10.335
2026-06-26 19:57:24,156 DEBUG matplotlib.font_manager: findfont: score(<Font 'STIXSizeFourSym' (STIXSizFourSymBol.ttf) normal normal 700 normal>) = 10.335
2026-06-26 19:57:24,156 DEBUG matplotlib.font_manager: findfont: score(<Font 'STIXSizeTwoSym' (STIXSizTwoSymBol.ttf) normal normal 700 normal>) = 10.335
2026-06-26 19:57:24,156 DEBUG matplotlib.font_manager: findfont: score(<Font 'STIXNonUnicode' (STIXNonUniBolIta.ttf) italic normal 700 normal>) = 11.335
2026-06-26 19:57:24,156 DEBUG matplotlib.font_manager: findfont: score(<Font 'DejaVu Sans Mono' (DejaVuSansMono-Oblique.ttf) oblique normal 400 normal>) = 11.05
2026-06-26 19:57:24,156 DEBUG matplotlib.font_manager: findfont: score(<Font 'DejaVu Serif Display' (DejaVuSerifDisplay.ttf) normal normal 400 normal>) = 10.05
2026-06-26 19:57:24,156 DEBUG matplotlib.font_manager: findfont: score(<Font 'DejaVu Serif' (DejaVuSerif-Italic.ttf) italic normal 400 normal>) = 11.05
2026-06-26 19:57:24,156 DEBUG matplotlib.font_manager: findfont: score(<Font 'STIXSizeFourSym' (STIXSizFourSymReg.ttf) normal normal 400 normal>) = 10.05
2026-06-26 19:57:24,156 DEBUG matplotlib.font_manager: findfont: score(<Font 'DejaVu Sans' (DejaVuSans.ttf) normal normal 400 normal>) = 10.05
2026-06-26 19:57:24,156 DEBUG matplotlib.font_manager: findfont: score(<Font 'cmex10' (cmex10.ttf) normal normal 400 normal>) = 0.05
2026-06-26 19:57:24,156 DEBUG matplotlib.font_manager: findfont: score(<Font 'STIXSizeOneSym' (STIXSizOneSymReg.ttf) normal normal 400 normal>) = 10.05
2026-06-26 19:57:24,156 DEBUG matplotlib.font_manager: findfont: score(<Font 'STIXSizeTwoSym' (STIXSizTwoSymReg.ttf) normal normal 400 normal>) = 10.05
2026-06-26 19:57:24,156 DEBUG matplotlib.font_manager: findfont: score(<Font 'STIXNonUnicode' (STIXNonUniIta.ttf) italic normal 400 normal>) = 11.05
2026-06-26 19:57:24,156 DEBUG matplotlib.font_manager: findfont: score(<Font 'cmsy10' (cmsy10.ttf) normal normal 400 normal>) = 10.05
2026-06-26 19:57:24,156 DEBUG matplotlib.font_manager: findfont: score(<Font 'STIXGeneral' (STIXGeneralItalic.ttf) italic normal 400 normal>) = 11.05
2026-06-26 19:57:24,156 DEBUG matplotlib.font_manager: findfont: score(<Font 'STIXGeneral' (STIXGeneralBol.ttf) normal normal 700 normal>) = 10.335
2026-06-26 19:57:24,156 DEBUG matplotlib.font_manager: findfont: score(<Font 'cmmi10' (cmmi10.ttf) normal normal 400 normal>) = 10.05
2026-06-26 19:57:24,156 DEBUG matplotlib.font_manager: findfont: score(<Font 'DejaVu Sans Mono' (DejaVuSansMono-BoldOblique.ttf) oblique normal 700 normal>) = 11.335
2026-06-26 19:57:24,156 DEBUG matplotlib.font_manager: findfont: score(<Font 'STIXSizeThreeSym' (STIXSizThreeSymBol.ttf) normal normal 700 normal>) = 10.335
2026-06-26 19:57:24,156 DEBUG matplotlib.font_manager: findfont: score(<Font 'cmr10' (cmr10.ttf) normal normal 400 normal>) = 10.05
2026-06-26 19:57:24,156 DEBUG matplotlib.font_manager: findfont: score(<Font 'DejaVu Sans' (DejaVuSans-BoldOblique.ttf) oblique normal 700 normal>) = 11.335
2026-06-26 19:57:24,156 DEBUG matplotlib.font_manager: findfont: score(<Font 'cmss10' (cmss10.ttf) normal normal 400 normal>) = 10.05
2026-06-26 19:57:24,156 DEBUG matplotlib.font_manager: findfont: score(<Font 'cmb10' (cmb10.ttf) normal normal 400 normal>) = 10.05
2026-06-26 19:57:24,156 DEBUG matplotlib.font_manager: findfont: score(<Font 'DejaVu Serif' (DejaVuSerif.ttf) normal normal 400 normal>) = 10.05
2026-06-26 19:57:24,156 DEBUG matplotlib.font_manager: findfont: score(<Font 'STIXSizeThreeSym' (STIXSizThreeSymReg.ttf) normal normal 400 normal>) = 10.05
2026-06-26 19:57:24,156 DEBUG matplotlib.font_manager: findfont: score(<Font 'STIXGeneral' (STIXGeneralBolIta.ttf) italic normal 700 normal>) = 11.335
2026-06-26 19:57:24,156 DEBUG matplotlib.font_manager: findfont: score(<Font 'STIXNonUnicode' (STIXNonUni.ttf) normal normal 400 normal>) = 10.05
2026-06-26 19:57:24,156 DEBUG matplotlib.font_manager: findfont: score(<Font 'DejaVu Sans Mono' (DejaVuSansMono.ttf) normal normal 400 normal>) = 10.05
2026-06-26 19:57:24,156 DEBUG matplotlib.font_manager: findfont: score(<Font 'DejaVu Serif' (DejaVuSerif-Bold.ttf) normal normal 700 normal>) = 10.335
2026-06-26 19:57:24,156 DEBUG matplotlib.font_manager: findfont: score(<Font 'DejaVu Sans Mono' (DejaVuSansMono-Bold.ttf) normal normal 700 normal>) = 10.335
2026-06-26 19:57:24,156 DEBUG matplotlib.font_manager: findfont: score(<Font 'DejaVu Sans' (DejaVuSans-Bold.ttf) normal normal 700 normal>) = 10.335
2026-06-26 19:57:24,156 DEBUG matplotlib.font_manager: findfont: score(<Font 'DejaVu Serif' (DejaVuSerif.ttf) normal normal 400 normal>) = 10.05
2026-06-26 19:57:24,156 DEBUG matplotlib.font_manager: findfont: score(<Font 'DejaVu Sans' (DejaVuSans.ttf) normal normal 400 normal>) = 10.05
2026-06-26 19:57:24,157 DEBUG matplotlib.font_manager: findfont: Matching cmex10:style=normal:variant=normal:weight=normal:stretch=normal:size=10.0 to cmex10 ('/tmp/_MEIKGygzi/matplotlib/mpl-data/fonts/ttf/cmex10.ttf') with score of 0.050000.
2026-06-26 19:57:24,157 DEBUG matplotlib.font_manager: findfont: Matching DejaVu Sans:style=normal:variant=normal:weight=normal:stretch=normal:size=10.0.
2026-06-26 19:57:24,157 DEBUG matplotlib.font_manager: findfont: score(<Font 'DejaVu Sans Mono' (DejaVuSansMono-Bold.ttf) normal normal 700 normal>) = 10.335
2026-06-26 19:57:24,157 DEBUG matplotlib.font_manager: findfont: score(<Font 'STIXGeneral' (STIXGeneral.ttf) normal normal 400 normal>) = 10.05
2026-06-26 19:57:24,157 DEBUG matplotlib.font_manager: findfont: score(<Font 'STIXSizeFiveSym' (STIXSizFiveSymReg.ttf) normal normal 400 normal>) = 10.05
2026-06-26 19:57:24,157 DEBUG matplotlib.font_manager: findfont: score(<Font 'DejaVu Sans Display' (DejaVuSansDisplay.ttf) normal normal 400 normal>) = 10.05
2026-06-26 19:57:24,157 DEBUG matplotlib.font_manager: findfont: score(<Font 'cmtt10' (cmtt10.ttf) normal normal 400 normal>) = 10.05
2026-06-26 19:57:24,157 DEBUG matplotlib.font_manager: findfont: score(<Font 'DejaVu Sans' (DejaVuSans-Bold.ttf) normal normal 700 normal>) = 0.33499999999999996
2026-06-26 19:57:24,157 DEBUG matplotlib.font_manager: findfont: score(<Font 'STIXNonUnicode' (STIXNonUniBol.ttf) normal normal 700 normal>) = 10.335
2026-06-26 19:57:24,157 DEBUG matplotlib.font_manager: findfont: score(<Font 'DejaVu Sans' (DejaVuSans-Oblique.ttf) oblique normal 400 normal>) = 1.05
2026-06-26 19:57:24,157 DEBUG matplotlib.font_manager: findfont: score(<Font 'DejaVu Sans Mono' (DejaVuSansMono.ttf) normal normal 400 normal>) = 10.05
2026-06-26 19:57:24,157 DEBUG matplotlib.font_manager: findfont: score(<Font 'DejaVu Serif' (DejaVuSerif-Bold.ttf) normal normal 700 normal>) = 10.335
2026-06-26 19:57:24,157 DEBUG matplotlib.font_manager: findfont: score(<Font 'DejaVu Serif' (DejaVuSerif-BoldItalic.ttf) italic normal 700 normal>) = 11.335
2026-06-26 19:57:24,157 DEBUG matplotlib.font_manager: findfont: score(<Font 'STIXSizeOneSym' (STIXSizOneSymBol.ttf) normal normal 700 normal>) = 10.335
2026-06-26 19:57:24,157 DEBUG matplotlib.font_manager: findfont: score(<Font 'STIXSizeFourSym' (STIXSizFourSymBol.ttf) normal normal 700 normal>) = 10.335
2026-06-26 19:57:24,157 DEBUG matplotlib.font_manager: findfont: score(<Font 'STIXSizeTwoSym' (STIXSizTwoSymBol.ttf) normal normal 700 normal>) = 10.335
2026-06-26 19:57:24,157 DEBUG matplotlib.font_manager: findfont: score(<Font 'STIXNonUnicode' (STIXNonUniBolIta.ttf) italic normal 700 normal>) = 11.335
2026-06-26 19:57:24,157 DEBUG matplotlib.font_manager: findfont: score(<Font 'DejaVu Sans Mono' (DejaVuSansMono-Oblique.ttf) oblique normal 400 normal>) = 11.05
2026-06-26 19:57:24,157 DEBUG matplotlib.font_manager: findfont: score(<Font 'DejaVu Serif Display' (DejaVuSerifDisplay.ttf) normal normal 400 normal>) = 10.05
2026-06-26 19:57:24,157 DEBUG matplotlib.font_manager: findfont: score(<Font 'DejaVu Serif' (DejaVuSerif-Italic.ttf) italic normal 400 normal>) = 11.05
2026-06-26 19:57:24,157 DEBUG matplotlib.font_manager: findfont: score(<Font 'STIXSizeFourSym' (STIXSizFourSymReg.ttf) normal normal 400 normal>) = 10.05
2026-06-26 19:57:24,157 DEBUG matplotlib.font_manager: findfont: score(<Font 'DejaVu Sans' (DejaVuSans.ttf) normal normal 400 normal>) = 0.05
2026-06-26 19:57:24,158 DEBUG matplotlib.font_manager: findfont: score(<Font 'cmex10' (cmex10.ttf) normal normal 400 normal>) = 10.05
2026-06-26 19:57:24,158 DEBUG matplotlib.font_manager: findfont: score(<Font 'STIXSizeOneSym' (STIXSizOneSymReg.ttf) normal normal 400 normal>) = 10.05
2026-06-26 19:57:24,158 DEBUG matplotlib.font_manager: findfont: score(<Font 'STIXSizeTwoSym' (STIXSizTwoSymReg.ttf) normal normal 400 normal>) = 10.05
2026-06-26 19:57:24,158 DEBUG matplotlib.font_manager: findfont: score(<Font 'STIXNonUnicode' (STIXNonUniIta.ttf) italic normal 400 normal>) = 11.05
2026-06-26 19:57:24,158 DEBUG matplotlib.font_manager: findfont: score(<Font 'cmsy10' (cmsy10.ttf) normal normal 400 normal>) = 10.05
2026-06-26 19:57:24,158 DEBUG matplotlib.font_manager: findfont: score(<Font 'STIXGeneral' (STIXGeneralItalic.ttf) italic normal 400 normal>) = 11.05
2026-06-26 19:57:24,158 DEBUG matplotlib.font_manager: findfont: score(<Font 'STIXGeneral' (STIXGeneralBol.ttf) normal normal 700 normal>) = 10.335
2026-06-26 19:57:24,158 DEBUG matplotlib.font_manager: findfont: score(<Font 'cmmi10' (cmmi10.ttf) normal normal 400 normal>) = 10.05
2026-06-26 19:57:24,158 DEBUG matplotlib.font_manager: findfont: score(<Font 'DejaVu Sans Mono' (DejaVuSansMono-BoldOblique.ttf) oblique normal 700 normal>) = 11.335
2026-06-26 19:57:24,158 DEBUG matplotlib.font_manager: findfont: score(<Font 'STIXSizeThreeSym' (STIXSizThreeSymBol.ttf) normal normal 700 normal>) = 10.335
2026-06-26 19:57:24,158 DEBUG matplotlib.font_manager: findfont: score(<Font 'cmr10' (cmr10.ttf) normal normal 400 normal>) = 10.05
2026-06-26 19:57:24,158 DEBUG matplotlib.font_manager: findfont: score(<Font 'DejaVu Sans' (DejaVuSans-BoldOblique.ttf) oblique normal 700 normal>) = 1.335
2026-06-26 19:57:24,158 DEBUG matplotlib.font_manager: findfont: score(<Font 'cmss10' (cmss10.ttf) normal normal 400 normal>) = 10.05
2026-06-26 19:57:24,158 DEBUG matplotlib.font_manager: findfont: score(<Font 'cmb10' (cmb10.ttf) normal normal 400 normal>) = 10.05
2026-06-26 19:57:24,158 DEBUG matplotlib.font_manager: findfont: score(<Font 'DejaVu Serif' (DejaVuSerif.ttf) normal normal 400 normal>) = 10.05
2026-06-26 19:57:24,158 DEBUG matplotlib.font_manager: findfont: score(<Font 'STIXSizeThreeSym' (STIXSizThreeSymReg.ttf) normal normal 400 normal>) = 10.05
2026-06-26 19:57:24,158 DEBUG matplotlib.font_manager: findfont: score(<Font 'STIXGeneral' (STIXGeneralBolIta.ttf) italic normal 700 normal>) = 11.335
2026-06-26 19:57:24,158 DEBUG matplotlib.font_manager: findfont: score(<Font 'STIXNonUnicode' (STIXNonUni.ttf) normal normal 400 normal>) = 10.05
2026-06-26 19:57:24,158 DEBUG matplotlib.font_manager: findfont: score(<Font 'DejaVu Sans Mono' (DejaVuSansMono.ttf) normal normal 400 normal>) = 10.05
2026-06-26 19:57:24,158 DEBUG matplotlib.font_manager: findfont: score(<Font 'DejaVu Serif' (DejaVuSerif-Bold.ttf) normal normal 700 normal>) = 10.335
2026-06-26 19:57:24,158 DEBUG matplotlib.font_manager: findfont: score(<Font 'DejaVu Sans Mono' (DejaVuSansMono-Bold.ttf) normal normal 700 normal>) = 10.335
2026-06-26 19:57:24,158 DEBUG matplotlib.font_manager: findfont: score(<Font 'DejaVu Sans' (DejaVuSans-Bold.ttf) normal normal 700 normal>) = 0.33499999999999996
2026-06-26 19:57:24,158 DEBUG matplotlib.font_manager: findfont: score(<Font 'DejaVu Serif' (DejaVuSerif.ttf) normal normal 400 normal>) = 10.05
2026-06-26 19:57:24,158 DEBUG matplotlib.font_manager: findfont: score(<Font 'DejaVu Sans' (DejaVuSans.ttf) normal normal 400 normal>) = 0.05
2026-06-26 19:57:24,158 DEBUG matplotlib.font_manager: findfont: Matching DejaVu Sans:style=normal:variant=normal:weight=normal:stretch=normal:size=10.0 to DejaVu Sans ('/tmp/_MEIKGygzi/matplotlib/mpl-data/fonts/ttf/DejaVuSans.ttf') with score of 0.050000.
2026-06-26 19:57:24,159 DEBUG matplotlib.font_manager: findfont: Matching DejaVu Sans:style=italic:variant=normal:weight=normal:stretch=normal:size=10.0.
2026-06-26 19:57:24,159 DEBUG matplotlib.font_manager: findfont: score(<Font 'DejaVu Sans Mono' (DejaVuSansMono-Bold.ttf) normal normal 700 normal>) = 11.335
2026-06-26 19:57:24,159 DEBUG matplotlib.font_manager: findfont: score(<Font 'STIXGeneral' (STIXGeneral.ttf) normal normal 400 normal>) = 11.05
2026-06-26 19:57:24,159 DEBUG matplotlib.font_manager: findfont: score(<Font 'STIXSizeFiveSym' (STIXSizFiveSymReg.ttf) normal normal 400 normal>) = 11.05
2026-06-26 19:57:24,159 DEBUG matplotlib.font_manager: findfont: score(<Font 'DejaVu Sans Display' (DejaVuSansDisplay.ttf) normal normal 400 normal>) = 11.05
2026-06-26 19:57:24,159 DEBUG matplotlib.font_manager: findfont: score(<Font 'cmtt10' (cmtt10.ttf) normal normal 400 normal>) = 11.05
2026-06-26 19:57:24,159 DEBUG matplotlib.font_manager: findfont: score(<Font 'DejaVu Sans' (DejaVuSans-Bold.ttf) normal normal 700 normal>) = 1.335
2026-06-26 19:57:24,159 DEBUG matplotlib.font_manager: findfont: score(<Font 'STIXNonUnicode' (STIXNonUniBol.ttf) normal normal 700 normal>) = 11.335
2026-06-26 19:57:24,159 DEBUG matplotlib.font_manager: findfont: score(<Font 'DejaVu Sans' (DejaVuSans-Oblique.ttf) oblique normal 400 normal>) = 0.15000000000000002
2026-06-26 19:57:24,159 DEBUG matplotlib.font_manager: findfont: score(<Font 'DejaVu Sans Mono' (DejaVuSansMono.ttf) normal normal 400 normal>) = 11.05
2026-06-26 19:57:24,159 DEBUG matplotlib.font_manager: findfont: score(<Font 'DejaVu Serif' (DejaVuSerif-Bold.ttf) normal normal 700 normal>) = 11.335
2026-06-26 19:57:24,159 DEBUG matplotlib.font_manager: findfont: score(<Font 'DejaVu Serif' (DejaVuSerif-BoldItalic.ttf) italic normal 700 normal>) = 10.335
2026-06-26 19:57:24,159 DEBUG matplotlib.font_manager: findfont: score(<Font 'STIXSizeOneSym' (STIXSizOneSymBol.ttf) normal normal 700 normal>) = 11.335
2026-06-26 19:57:24,159 DEBUG matplotlib.font_manager: findfont: score(<Font 'STIXSizeFourSym' (STIXSizFourSymBol.ttf) normal normal 700 normal>) = 11.335
2026-06-26 19:57:24,159 DEBUG matplotlib.font_manager: findfont: score(<Font 'STIXSizeTwoSym' (STIXSizTwoSymBol.ttf) normal normal 700 normal>) = 11.335
2026-06-26 19:57:24,159 DEBUG matplotlib.font_manager: findfont: score(<Font 'STIXNonUnicode' (STIXNonUniBolIta.ttf) italic normal 700 normal>) = 10.335
2026-06-26 19:57:24,159 DEBUG matplotlib.font_manager: findfont: score(<Font 'DejaVu Sans Mono' (DejaVuSansMono-Oblique.ttf) oblique normal 400 normal>) = 10.15
2026-06-26 19:57:24,159 DEBUG matplotlib.font_manager: findfont: score(<Font 'DejaVu Serif Display' (DejaVuSerifDisplay.ttf) normal normal 400 normal>) = 11.05
2026-06-26 19:57:24,159 DEBUG matplotlib.font_manager: findfont: score(<Font 'DejaVu Serif' (DejaVuSerif-Italic.ttf) italic normal 400 normal>) = 10.05
2026-06-26 19:57:24,159 DEBUG matplotlib.font_manager: findfont: score(<Font 'STIXSizeFourSym' (STIXSizFourSymReg.ttf) normal normal 400 normal>) = 11.05
2026-06-26 19:57:24,159 DEBUG matplotlib.font_manager: findfont: score(<Font 'DejaVu Sans' (DejaVuSans.ttf) normal normal 400 normal>) = 1.05
2026-06-26 19:57:24,159 DEBUG matplotlib.font_manager: findfont: score(<Font 'cmex10' (cmex10.ttf) normal normal 400 normal>) = 11.05
2026-06-26 19:57:24,159 DEBUG matplotlib.font_manager: findfont: score(<Font 'STIXSizeOneSym' (STIXSizOneSymReg.ttf) normal normal 400 normal>) = 11.05
2026-06-26 19:57:24,159 DEBUG matplotlib.font_manager: findfont: score(<Font 'STIXSizeTwoSym' (STIXSizTwoSymReg.ttf) normal normal 400 normal>) = 11.05
2026-06-26 19:57:24,159 DEBUG matplotlib.font_manager: findfont: score(<Font 'STIXNonUnicode' (STIXNonUniIta.ttf) italic normal 400 normal>) = 10.05
2026-06-26 19:57:24,159 DEBUG matplotlib.font_manager: findfont: score(<Font 'cmsy10' (cmsy10.ttf) normal normal 400 normal>) = 11.05
2026-06-26 19:57:24,159 DEBUG matplotlib.font_manager: findfont: score(<Font 'STIXGeneral' (STIXGeneralItalic.ttf) italic normal 400 normal>) = 10.05
2026-06-26 19:57:24,159 DEBUG matplotlib.font_manager: findfont: score(<Font 'STIXGeneral' (STIXGeneralBol.ttf) normal normal 700 normal>) = 11.335
2026-06-26 19:57:24,159 DEBUG matplotlib.font_manager: findfont: score(<Font 'cmmi10' (cmmi10.ttf) normal normal 400 normal>) = 11.05
2026-06-26 19:57:24,159 DEBUG matplotlib.font_manager: findfont: score(<Font 'DejaVu Sans Mono' (DejaVuSansMono-BoldOblique.ttf) oblique normal 700 normal>) = 10.434999999999999
2026-06-26 19:57:24,159 DEBUG matplotlib.font_manager: findfont: score(<Font 'STIXSizeThreeSym' (STIXSizThreeSymBol.ttf) normal normal 700 normal>) = 11.335
2026-06-26 19:57:24,160 DEBUG matplotlib.font_manager: findfont: score(<Font 'cmr10' (cmr10.ttf) normal normal 400 normal>) = 11.05
2026-06-26 19:57:24,160 DEBUG matplotlib.font_manager: findfont: score(<Font 'DejaVu Sans' (DejaVuSans-BoldOblique.ttf) oblique normal 700 normal>) = 0.43499999999999994
2026-06-26 19:57:24,160 DEBUG matplotlib.font_manager: findfont: score(<Font 'cmss10' (cmss10.ttf) normal normal 400 normal>) = 11.05
2026-06-26 19:57:24,160 DEBUG matplotlib.font_manager: findfont: score(<Font 'cmb10' (cmb10.ttf) normal normal 400 normal>) = 11.05
2026-06-26 19:57:24,160 DEBUG matplotlib.font_manager: findfont: score(<Font 'DejaVu Serif' (DejaVuSerif.ttf) normal normal 400 normal>) = 11.05
2026-06-26 19:57:24,160 DEBUG matplotlib.font_manager: findfont: score(<Font 'STIXSizeThreeSym' (STIXSizThreeSymReg.ttf) normal normal 400 normal>) = 11.05
2026-06-26 19:57:24,160 DEBUG matplotlib.font_manager: findfont: score(<Font 'STIXGeneral' (STIXGeneralBolIta.ttf) italic normal 700 normal>) = 10.335
2026-06-26 19:57:24,160 DEBUG matplotlib.font_manager: findfont: score(<Font 'STIXNonUnicode' (STIXNonUni.ttf) normal normal 400 normal>) = 11.05
2026-06-26 19:57:24,160 DEBUG matplotlib.font_manager: findfont: score(<Font 'DejaVu Sans Mono' (DejaVuSansMono.ttf) normal normal 400 normal>) = 11.05
2026-06-26 19:57:24,160 DEBUG matplotlib.font_manager: findfont: score(<Font 'DejaVu Serif' (DejaVuSerif-Bold.ttf) normal normal 700 normal>) = 11.335
2026-06-26 19:57:24,160 DEBUG matplotlib.font_manager: findfont: score(<Font 'DejaVu Sans Mono' (DejaVuSansMono-Bold.ttf) normal normal 700 normal>) = 11.335
2026-06-26 19:57:24,160 DEBUG matplotlib.font_manager: findfont: score(<Font 'DejaVu Sans' (DejaVuSans-Bold.ttf) normal normal 700 normal>) = 1.335
2026-06-26 19:57:24,160 DEBUG matplotlib.font_manager: findfont: score(<Font 'DejaVu Serif' (DejaVuSerif.ttf) normal normal 400 normal>) = 11.05
2026-06-26 19:57:24,160 DEBUG matplotlib.font_manager: findfont: score(<Font 'DejaVu Sans' (DejaVuSans.ttf) normal normal 400 normal>) = 1.05
2026-06-26 19:57:24,160 DEBUG matplotlib.font_manager: findfont: Matching DejaVu Sans:style=italic:variant=normal:weight=normal:stretch=normal:size=10.0 to DejaVu Sans ('/tmp/_MEIKGygzi/matplotlib/mpl-data/fonts/ttf/DejaVuSans-Oblique.ttf') with score of 0.150000.
2026-06-26 19:57:24,160 DEBUG matplotlib.font_manager: findfont: Matching DejaVu Sans:style=normal:variant=normal:weight=bold:stretch=normal:size=10.0.
2026-06-26 19:57:24,160 DEBUG matplotlib.font_manager: findfont: score(<Font 'DejaVu Sans Mono' (DejaVuSansMono-Bold.ttf) normal normal 700 normal>) = 10.05
2026-06-26 19:57:24,160 DEBUG matplotlib.font_manager: findfont: score(<Font 'STIXGeneral' (STIXGeneral.ttf) normal normal 400 normal>) = 10.335
2026-06-26 19:57:24,160 DEBUG matplotlib.font_manager: findfont: score(<Font 'STIXSizeFiveSym' (STIXSizFiveSymReg.ttf) normal normal 400 normal>) = 10.335
2026-06-26 19:57:24,160 DEBUG matplotlib.font_manager: findfont: score(<Font 'DejaVu Sans Display' (DejaVuSansDisplay.ttf) normal normal 400 normal>) = 10.335
2026-06-26 19:57:24,160 DEBUG matplotlib.font_manager: findfont: score(<Font 'cmtt10' (cmtt10.ttf) normal normal 400 normal>) = 10.335
2026-06-26 19:57:24,160 DEBUG matplotlib.font_manager: findfont: score(<Font 'DejaVu Sans' (DejaVuSans-Bold.ttf) normal normal 700 normal>) = 0.05
2026-06-26 19:57:24,161 DEBUG matplotlib.font_manager: findfont: score(<Font 'STIXNonUnicode' (STIXNonUniBol.ttf) normal normal 700 normal>) = 10.05
2026-06-26 19:57:24,161 DEBUG matplotlib.font_manager: findfont: score(<Font 'DejaVu Sans' (DejaVuSans-Oblique.ttf) oblique normal 400 normal>) = 1.335
2026-06-26 19:57:24,161 DEBUG matplotlib.font_manager: findfont: score(<Font 'DejaVu Sans Mono' (DejaVuSansMono.ttf) normal normal 400 normal>) = 10.335
2026-06-26 19:57:24,161 DEBUG matplotlib.font_manager: findfont: score(<Font 'DejaVu Serif' (DejaVuSerif-Bold.ttf) normal normal 700 normal>) = 10.05
2026-06-26 19:57:24,161 DEBUG matplotlib.font_manager: findfont: score(<Font 'DejaVu Serif' (DejaVuSerif-BoldItalic.ttf) italic normal 700 normal>) = 11.05
2026-06-26 19:57:24,161 DEBUG matplotlib.font_manager: findfont: score(<Font 'STIXSizeOneSym' (STIXSizOneSymBol.ttf) normal normal 700 normal>) = 10.05
2026-06-26 19:57:24,161 DEBUG matplotlib.font_manager: findfont: score(<Font 'STIXSizeFourSym' (STIXSizFourSymBol.ttf) normal normal 700 normal>) = 10.05
2026-06-26 19:57:24,161 DEBUG matplotlib.font_manager: findfont: score(<Font 'STIXSizeTwoSym' (STIXSizTwoSymBol.ttf) normal normal 700 normal>) = 10.05
2026-06-26 19:57:24,161 DEBUG matplotlib.font_manager: findfont: score(<Font 'STIXNonUnicode' (STIXNonUniBolIta.ttf) italic normal 700 normal>) = 11.05
2026-06-26 19:57:24,161 DEBUG matplotlib.font_manager: findfont: score(<Font 'DejaVu Sans Mono' (DejaVuSansMono-Oblique.ttf) oblique normal 400 normal>) = 11.335
2026-06-26 19:57:24,161 DEBUG matplotlib.font_manager: findfont: score(<Font 'DejaVu Serif Display' (DejaVuSerifDisplay.ttf) normal normal 400 normal>) = 10.335
2026-06-26 19:57:24,161 DEBUG matplotlib.font_manager: findfont: score(<Font 'DejaVu Serif' (DejaVuSerif-Italic.ttf) italic normal 400 normal>) = 11.335
2026-06-26 19:57:24,161 DEBUG matplotlib.font_manager: findfont: score(<Font 'STIXSizeFourSym' (STIXSizFourSymReg.ttf) normal normal 400 normal>) = 10.335
2026-06-26 19:57:24,161 DEBUG matplotlib.font_manager: findfont: score(<Font 'DejaVu Sans' (DejaVuSans.ttf) normal normal 400 normal>) = 0.33499999999999996
2026-06-26 19:57:24,161 DEBUG matplotlib.font_manager: findfont: score(<Font 'cmex10' (cmex10.ttf) normal normal 400 normal>) = 10.335
2026-06-26 19:57:24,161 DEBUG matplotlib.font_manager: findfont: score(<Font 'STIXSizeOneSym' (STIXSizOneSymReg.ttf) normal normal 400 normal>) = 10.335
2026-06-26 19:57:24,161 DEBUG matplotlib.font_manager: findfont: score(<Font 'STIXSizeTwoSym' (STIXSizTwoSymReg.ttf) normal normal 400 normal>) = 10.335
2026-06-26 19:57:24,161 DEBUG matplotlib.font_manager: findfont: score(<Font 'STIXNonUnicode' (STIXNonUniIta.ttf) italic normal 400 normal>) = 11.335
2026-06-26 19:57:24,161 DEBUG matplotlib.font_manager: findfont: score(<Font 'cmsy10' (cmsy10.ttf) normal normal 400 normal>) = 10.335
2026-06-26 19:57:24,161 DEBUG matplotlib.font_manager: findfont: score(<Font 'STIXGeneral' (STIXGeneralItalic.ttf) italic normal 400 normal>) = 11.335
2026-06-26 19:57:24,161 DEBUG matplotlib.font_manager: findfont: score(<Font 'STIXGeneral' (STIXGeneralBol.ttf) normal normal 700 normal>) = 10.05
2026-06-26 19:57:24,161 DEBUG matplotlib.font_manager: findfont: score(<Font 'cmmi10' (cmmi10.ttf) normal normal 400 normal>) = 10.335
2026-06-26 19:57:24,161 DEBUG matplotlib.font_manager: findfont: score(<Font 'DejaVu Sans Mono' (DejaVuSansMono-BoldOblique.ttf) oblique normal 700 normal>) = 11.05
2026-06-26 19:57:24,161 DEBUG matplotlib.font_manager: findfont: score(<Font 'STIXSizeThreeSym' (STIXSizThreeSymBol.ttf) normal normal 700 normal>) = 10.05
2026-06-26 19:57:24,161 DEBUG matplotlib.font_manager: findfont: score(<Font 'cmr10' (cmr10.ttf) normal normal 400 normal>) = 10.335
2026-06-26 19:57:24,161 DEBUG matplotlib.font_manager: findfont: score(<Font 'DejaVu Sans' (DejaVuSans-BoldOblique.ttf) oblique normal 700 normal>) = 1.05
2026-06-26 19:57:24,161 DEBUG matplotlib.font_manager: findfont: score(<Font 'cmss10' (cmss10.ttf) normal normal 400 normal>) = 10.335
2026-06-26 19:57:24,161 DEBUG matplotlib.font_manager: findfont: score(<Font 'cmb10' (cmb10.ttf) normal normal 400 normal>) = 10.335
2026-06-26 19:57:24,161 DEBUG matplotlib.font_manager: findfont: score(<Font 'DejaVu Serif' (DejaVuSerif.ttf) normal normal 400 normal>) = 10.335
2026-06-26 19:57:24,161 DEBUG matplotlib.font_manager: findfont: score(<Font 'STIXSizeThreeSym' (STIXSizThreeSymReg.ttf) normal normal 400 normal>) = 10.335
2026-06-26 19:57:24,161 DEBUG matplotlib.font_manager: findfont: score(<Font 'STIXGeneral' (STIXGeneralBolIta.ttf) italic normal 700 normal>) = 11.05
2026-06-26 19:57:24,161 DEBUG matplotlib.font_manager: findfont: score(<Font 'STIXNonUnicode' (STIXNonUni.ttf) normal normal 400 normal>) = 10.335
2026-06-26 19:57:24,161 DEBUG matplotlib.font_manager: findfont: score(<Font 'DejaVu Sans Mono' (DejaVuSansMono.ttf) normal normal 400 normal>) = 10.335
2026-06-26 19:57:24,161 DEBUG matplotlib.font_manager: findfont: score(<Font 'DejaVu Serif' (DejaVuSerif-Bold.ttf) normal normal 700 normal>) = 10.05
2026-06-26 19:57:24,162 DEBUG matplotlib.font_manager: findfont: score(<Font 'DejaVu Sans Mono' (DejaVuSansMono-Bold.ttf) normal normal 700 normal>) = 10.05
2026-06-26 19:57:24,162 DEBUG matplotlib.font_manager: findfont: score(<Font 'DejaVu Sans' (DejaVuSans-Bold.ttf) normal normal 700 normal>) = 0.05
2026-06-26 19:57:24,162 DEBUG matplotlib.font_manager: findfont: score(<Font 'DejaVu Serif' (DejaVuSerif.ttf) normal normal 400 normal>) = 10.335
2026-06-26 19:57:24,162 DEBUG matplotlib.font_manager: findfont: score(<Font 'DejaVu Sans' (DejaVuSans.ttf) normal normal 400 normal>) = 0.33499999999999996
2026-06-26 19:57:24,162 DEBUG matplotlib.font_manager: findfont: Matching DejaVu Sans:style=normal:variant=normal:weight=bold:stretch=normal:size=10.0 to DejaVu Sans ('/tmp/_MEIKGygzi/matplotlib/mpl-data/fonts/ttf/DejaVuSans-Bold.ttf') with score of 0.050000.
2026-06-26 19:57:24,162 DEBUG matplotlib.font_manager: findfont: Matching DejaVu Sans Mono:style=normal:variant=normal:weight=normal:stretch=normal:size=10.0.
2026-06-26 19:57:24,162 DEBUG matplotlib.font_manager: findfont: score(<Font 'DejaVu Sans Mono' (DejaVuSansMono-Bold.ttf) normal normal 700 normal>) = 0.33499999999999996
2026-06-26 19:57:24,162 DEBUG matplotlib.font_manager: findfont: score(<Font 'STIXGeneral' (STIXGeneral.ttf) normal normal 400 normal>) = 10.05
2026-06-26 19:57:24,162 DEBUG matplotlib.font_manager: findfont: score(<Font 'STIXSizeFiveSym' (STIXSizFiveSymReg.ttf) normal normal 400 normal>) = 10.05
2026-06-26 19:57:24,162 DEBUG matplotlib.font_manager: findfont: score(<Font 'DejaVu Sans Display' (DejaVuSansDisplay.ttf) normal normal 400 normal>) = 10.05
2026-06-26 19:57:24,162 DEBUG matplotlib.font_manager: findfont: score(<Font 'cmtt10' (cmtt10.ttf) normal normal 400 normal>) = 10.05
2026-06-26 19:57:24,162 DEBUG matplotlib.font_manager: findfont: score(<Font 'DejaVu Sans' (DejaVuSans-Bold.ttf) normal normal 700 normal>) = 10.335
2026-06-26 19:57:24,162 DEBUG matplotlib.font_manager: findfont: score(<Font 'STIXNonUnicode' (STIXNonUniBol.ttf) normal normal 700 normal>) = 10.335
2026-06-26 19:57:24,162 DEBUG matplotlib.font_manager: findfont: score(<Font 'DejaVu Sans' (DejaVuSans-Oblique.ttf) oblique normal 400 normal>) = 11.05
2026-06-26 19:57:24,162 DEBUG matplotlib.font_manager: findfont: score(<Font 'DejaVu Sans Mono' (DejaVuSansMono.ttf) normal normal 400 normal>) = 0.05
2026-06-26 19:57:24,162 DEBUG matplotlib.font_manager: findfont: score(<Font 'DejaVu Serif' (DejaVuSerif-Bold.ttf) normal normal 700 normal>) = 10.335
2026-06-26 19:57:24,162 DEBUG matplotlib.font_manager: findfont: score(<Font 'DejaVu Serif' (DejaVuSerif-BoldItalic.ttf) italic normal 700 normal>) = 11.335
2026-06-26 19:57:24,162 DEBUG matplotlib.font_manager: findfont: score(<Font 'STIXSizeOneSym' (STIXSizOneSymBol.ttf) normal normal 700 normal>) = 10.335
2026-06-26 19:57:24,162 DEBUG matplotlib.font_manager: findfont: score(<Font 'STIXSizeFourSym' (STIXSizFourSymBol.ttf) normal normal 700 normal>) = 10.335
2026-06-26 19:57:24,162 DEBUG matplotlib.font_manager: findfont: score(<Font 'STIXSizeTwoSym' (STIXSizTwoSymBol.ttf) normal normal 700 normal>) = 10.335
2026-06-26 19:57:24,162 DEBUG matplotlib.font_manager: findfont: score(<Font 'STIXNonUnicode' (STIXNonUniBolIta.ttf) italic normal 700 normal>) = 11.335
2026-06-26 19:57:24,162 DEBUG matplotlib.font_manager: findfont: score(<Font 'DejaVu Sans Mono' (DejaVuSansMono-Oblique.ttf) oblique normal 400 normal>) = 1.05
2026-06-26 19:57:24,162 DEBUG matplotlib.font_manager: findfont: score(<Font 'DejaVu Serif Display' (DejaVuSerifDisplay.ttf) normal normal 400 normal>) = 10.05
2026-06-26 19:57:24,162 DEBUG matplotlib.font_manager: findfont: score(<Font 'DejaVu Serif' (DejaVuSerif-Italic.ttf) italic normal 400 normal>) = 11.05
2026-06-26 19:57:24,162 DEBUG matplotlib.font_manager: findfont: score(<Font 'STIXSizeFourSym' (STIXSizFourSymReg.ttf) normal normal 400 normal>) = 10.05
2026-06-26 19:57:24,163 DEBUG matplotlib.font_manager: findfont: score(<Font 'DejaVu Sans' (DejaVuSans.ttf) normal normal 400 normal>) = 10.05
2026-06-26 19:57:24,163 DEBUG matplotlib.font_manager: findfont: score(<Font 'cmex10' (cmex10.ttf) normal normal 400 normal>) = 10.05
2026-06-26 19:57:24,163 DEBUG matplotlib.font_manager: findfont: score(<Font 'STIXSizeOneSym' (STIXSizOneSymReg.ttf) normal normal 400 normal>) = 10.05
2026-06-26 19:57:24,163 DEBUG matplotlib.font_manager: findfont: score(<Font 'STIXSizeTwoSym' (STIXSizTwoSymReg.ttf) normal normal 400 normal>) = 10.05
2026-06-26 19:57:24,163 DEBUG matplotlib.font_manager: findfont: score(<Font 'STIXNonUnicode' (STIXNonUniIta.ttf) italic normal 400 normal>) = 11.05
2026-06-26 19:57:24,163 DEBUG matplotlib.font_manager: findfont: score(<Font 'cmsy10' (cmsy10.ttf) normal normal 400 normal>) = 10.05
2026-06-26 19:57:24,163 DEBUG matplotlib.font_manager: findfont: score(<Font 'STIXGeneral' (STIXGeneralItalic.ttf) italic normal 400 normal>) = 11.05
2026-06-26 19:57:24,163 DEBUG matplotlib.font_manager: findfont: score(<Font 'STIXGeneral' (STIXGeneralBol.ttf) normal normal 700 normal>) = 10.335
2026-06-26 19:57:24,163 DEBUG matplotlib.font_manager: findfont: score(<Font 'cmmi10' (cmmi10.ttf) normal normal 400 normal>) = 10.05
2026-06-26 19:57:24,163 DEBUG matplotlib.font_manager: findfont: score(<Font 'DejaVu Sans Mono' (DejaVuSansMono-BoldOblique.ttf) oblique normal 700 normal>) = 1.335
2026-06-26 19:57:24,163 DEBUG matplotlib.font_manager: findfont: score(<Font 'STIXSizeThreeSym' (STIXSizThreeSymBol.ttf) normal normal 700 normal>) = 10.335
2026-06-26 19:57:24,163 DEBUG matplotlib.font_manager: findfont: score(<Font 'cmr10' (cmr10.ttf) normal normal 400 normal>) = 10.05
2026-06-26 19:57:24,163 DEBUG matplotlib.font_manager: findfont: score(<Font 'DejaVu Sans' (DejaVuSans-BoldOblique.ttf) oblique normal 700 normal>) = 11.335
2026-06-26 19:57:24,163 DEBUG matplotlib.font_manager: findfont: score(<Font 'cmss10' (cmss10.ttf) normal normal 400 normal>) = 10.05
2026-06-26 19:57:24,163 DEBUG matplotlib.font_manager: findfont: score(<Font 'cmb10' (cmb10.ttf) normal normal 400 normal>) = 10.05
2026-06-26 19:57:24,163 DEBUG matplotlib.font_manager: findfont: score(<Font 'DejaVu Serif' (DejaVuSerif.ttf) normal normal 400 normal>) = 10.05
2026-06-26 19:57:24,163 DEBUG matplotlib.font_manager: findfont: score(<Font 'STIXSizeThreeSym' (STIXSizThreeSymReg.ttf) normal normal 400 normal>) = 10.05
2026-06-26 19:57:24,163 DEBUG matplotlib.font_manager: findfont: score(<Font 'STIXGeneral' (STIXGeneralBolIta.ttf) italic normal 700 normal>) = 11.335
2026-06-26 19:57:24,163 DEBUG matplotlib.font_manager: findfont: score(<Font 'STIXNonUnicode' (STIXNonUni.ttf) normal normal 400 normal>) = 10.05
2026-06-26 19:57:24,163 DEBUG matplotlib.font_manager: findfont: score(<Font 'DejaVu Sans Mono' (DejaVuSansMono.ttf) normal normal 400 normal>) = 0.05
2026-06-26 19:57:24,163 DEBUG matplotlib.font_manager: findfont: score(<Font 'DejaVu Serif' (DejaVuSerif-Bold.ttf) normal normal 700 normal>) = 10.335
2026-06-26 19:57:24,163 DEBUG matplotlib.font_manager: findfont: score(<Font 'DejaVu Sans Mono' (DejaVuSansMono-Bold.ttf) normal normal 700 normal>) = 0.33499999999999996
2026-06-26 19:57:24,163 DEBUG matplotlib.font_manager: findfont: score(<Font 'DejaVu Sans' (DejaVuSans-Bold.ttf) normal normal 700 normal>) = 10.335
2026-06-26 19:57:24,163 DEBUG matplotlib.font_manager: findfont: score(<Font 'DejaVu Serif' (DejaVuSerif.ttf) normal normal 400 normal>) = 10.05
2026-06-26 19:57:24,163 DEBUG matplotlib.font_manager: findfont: score(<Font 'DejaVu Sans' (DejaVuSans.ttf) normal normal 400 normal>) = 10.05
2026-06-26 19:57:24,163 DEBUG matplotlib.font_manager: findfont: Matching DejaVu Sans Mono:style=normal:variant=normal:weight=normal:stretch=normal:size=10.0 to DejaVu Sans Mono ('/tmp/_MEIKGygzi/matplotlib/mpl-data/fonts/ttf/DejaVuSansMono.ttf') with score of 0.050000.
2026-06-26 19:57:24,163 DEBUG matplotlib.font_manager: findfont: Matching DejaVu Sans Display:style=normal:variant=normal:weight=normal:stretch=normal:size=10.0.
2026-06-26 19:57:24,164 DEBUG matplotlib.font_manager: findfont: score(<Font 'DejaVu Sans Mono' (DejaVuSansMono-Bold.ttf) normal normal 700 normal>) = 10.335
2026-06-26 19:57:24,164 DEBUG matplotlib.font_manager: findfont: score(<Font 'STIXGeneral' (STIXGeneral.ttf) normal normal 400 normal>) = 10.05
2026-06-26 19:57:24,164 DEBUG matplotlib.font_manager: findfont: score(<Font 'STIXSizeFiveSym' (STIXSizFiveSymReg.ttf) normal normal 400 normal>) = 10.05
2026-06-26 19:57:24,164 DEBUG matplotlib.font_manager: findfont: score(<Font 'DejaVu Sans Display' (DejaVuSansDisplay.ttf) normal normal 400 normal>) = 0.05
2026-06-26 19:57:24,164 DEBUG matplotlib.font_manager: findfont: score(<Font 'cmtt10' (cmtt10.ttf) normal normal 400 normal>) = 10.05
2026-06-26 19:57:24,164 DEBUG matplotlib.font_manager: findfont: score(<Font 'DejaVu Sans' (DejaVuSans-Bold.ttf) normal normal 700 normal>) = 10.335
2026-06-26 19:57:24,164 DEBUG matplotlib.font_manager: findfont: score(<Font 'STIXNonUnicode' (STIXNonUniBol.ttf) normal normal 700 normal>) = 10.335
2026-06-26 19:57:24,164 DEBUG matplotlib.font_manager: findfont: score(<Font 'DejaVu Sans' (DejaVuSans-Oblique.ttf) oblique normal 400 normal>) = 11.05
2026-06-26 19:57:24,164 DEBUG matplotlib.font_manager: findfont: score(<Font 'DejaVu Sans Mono' (DejaVuSansMono.ttf) normal normal 400 normal>) = 10.05
2026-06-26 19:57:24,164 DEBUG matplotlib.font_manager: findfont: score(<Font 'DejaVu Serif' (DejaVuSerif-Bold.ttf) normal normal 700 normal>) = 10.335
2026-06-26 19:57:24,164 DEBUG matplotlib.font_manager: findfont: score(<Font 'DejaVu Serif' (DejaVuSerif-BoldItalic.ttf) italic normal 700 normal>) = 11.335
2026-06-26 19:57:24,164 DEBUG matplotlib.font_manager: findfont: score(<Font 'STIXSizeOneSym' (STIXSizOneSymBol.ttf) normal normal 700 normal>) = 10.335
2026-06-26 19:57:24,164 DEBUG matplotlib.font_manager: findfont: score(<Font 'STIXSizeFourSym' (STIXSizFourSymBol.ttf) normal normal 700 normal>) = 10.335
2026-06-26 19:57:24,164 DEBUG matplotlib.font_manager: findfont: score(<Font 'STIXSizeTwoSym' (STIXSizTwoSymBol.ttf) normal normal 700 normal>) = 10.335
2026-06-26 19:57:24,164 DEBUG matplotlib.font_manager: findfont: score(<Font 'STIXNonUnicode' (STIXNonUniBolIta.ttf) italic normal 700 normal>) = 11.335
2026-06-26 19:57:24,164 DEBUG matplotlib.font_manager: findfont: score(<Font 'DejaVu Sans Mono' (DejaVuSansMono-Oblique.ttf) oblique normal 400 normal>) = 11.05
2026-06-26 19:57:24,164 DEBUG matplotlib.font_manager: findfont: score(<Font 'DejaVu Serif Display' (DejaVuSerifDisplay.ttf) normal normal 400 normal>) = 10.05
2026-06-26 19:57:24,164 DEBUG matplotlib.font_manager: findfont: score(<Font 'DejaVu Serif' (DejaVuSerif-Italic.ttf) italic normal 400 normal>) = 11.05
2026-06-26 19:57:24,164 DEBUG matplotlib.font_manager: findfont: score(<Font 'STIXSizeFourSym' (STIXSizFourSymReg.ttf) normal normal 400 normal>) = 10.05
2026-06-26 19:57:24,164 DEBUG matplotlib.font_manager: findfont: score(<Font 'DejaVu Sans' (DejaVuSans.ttf) normal normal 400 normal>) = 10.05
2026-06-26 19:57:24,164 DEBUG matplotlib.font_manager: findfont: score(<Font 'cmex10' (cmex10.ttf) normal normal 400 normal>) = 10.05
2026-06-26 19:57:24,164 DEBUG matplotlib.font_manager: findfont: score(<Font 'STIXSizeOneSym' (STIXSizOneSymReg.ttf) normal normal 400 normal>) = 10.05
2026-06-26 19:57:24,164 DEBUG matplotlib.font_manager: findfont: score(<Font 'STIXSizeTwoSym' (STIXSizTwoSymReg.ttf) normal normal 400 normal>) = 10.05
2026-06-26 19:57:24,164 DEBUG matplotlib.font_manager: findfont: score(<Font 'STIXNonUnicode' (STIXNonUniIta.ttf) italic normal 400 normal>) = 11.05
2026-06-26 19:57:24,164 DEBUG matplotlib.font_manager: findfont: score(<Font 'cmsy10' (cmsy10.ttf) normal normal 400 normal>) = 10.05
2026-06-26 19:57:24,164 DEBUG matplotlib.font_manager: findfont: score(<Font 'STIXGeneral' (STIXGeneralItalic.ttf) italic normal 400 normal>) = 11.05
2026-06-26 19:57:24,164 DEBUG matplotlib.font_manager: findfont: score(<Font 'STIXGeneral' (STIXGeneralBol.ttf) normal normal 700 normal>) = 10.335
2026-06-26 19:57:24,164 DEBUG matplotlib.font_manager: findfont: score(<Font 'cmmi10' (cmmi10.ttf) normal normal 400 normal>) = 10.05
2026-06-26 19:57:24,164 DEBUG matplotlib.font_manager: findfont: score(<Font 'DejaVu Sans Mono' (DejaVuSansMono-BoldOblique.ttf) oblique normal 700 normal>) = 11.335
2026-06-26 19:57:24,164 DEBUG matplotlib.font_manager: findfont: score(<Font 'STIXSizeThreeSym' (STIXSizThreeSymBol.ttf) normal normal 700 normal>) = 10.335
2026-06-26 19:57:24,164 DEBUG matplotlib.font_manager: findfont: score(<Font 'cmr10' (cmr10.ttf) normal normal 400 normal>) = 10.05
2026-06-26 19:57:24,164 DEBUG matplotlib.font_manager: findfont: score(<Font 'DejaVu Sans' (DejaVuSans-BoldOblique.ttf) oblique normal 700 normal>) = 11.335
2026-06-26 19:57:24,165 DEBUG matplotlib.font_manager: findfont: score(<Font 'cmss10' (cmss10.ttf) normal normal 400 normal>) = 10.05
2026-06-26 19:57:24,165 DEBUG matplotlib.font_manager: findfont: score(<Font 'cmb10' (cmb10.ttf) normal normal 400 normal>) = 10.05
2026-06-26 19:57:24,165 DEBUG matplotlib.font_manager: findfont: score(<Font 'DejaVu Serif' (DejaVuSerif.ttf) normal normal 400 normal>) = 10.05
2026-06-26 19:57:24,165 DEBUG matplotlib.font_manager: findfont: score(<Font 'STIXSizeThreeSym' (STIXSizThreeSymReg.ttf) normal normal 400 normal>) = 10.05
2026-06-26 19:57:24,165 DEBUG matplotlib.font_manager: findfont: score(<Font 'STIXGeneral' (STIXGeneralBolIta.ttf) italic normal 700 normal>) = 11.335
2026-06-26 19:57:24,165 DEBUG matplotlib.font_manager: findfont: score(<Font 'STIXNonUnicode' (STIXNonUni.ttf) normal normal 400 normal>) = 10.05
2026-06-26 19:57:24,165 DEBUG matplotlib.font_manager: findfont: score(<Font 'DejaVu Sans Mono' (DejaVuSansMono.ttf) normal normal 400 normal>) = 10.05
2026-06-26 19:57:24,165 DEBUG matplotlib.font_manager: findfont: score(<Font 'DejaVu Serif' (DejaVuSerif-Bold.ttf) normal normal 700 normal>) = 10.335
2026-06-26 19:57:24,165 DEBUG matplotlib.font_manager: findfont: score(<Font 'DejaVu Sans Mono' (DejaVuSansMono-Bold.ttf) normal normal 700 normal>) = 10.335
2026-06-26 19:57:24,165 DEBUG matplotlib.font_manager: findfont: score(<Font 'DejaVu Sans' (DejaVuSans-Bold.ttf) normal normal 700 normal>) = 10.335
2026-06-26 19:57:24,165 DEBUG matplotlib.font_manager: findfont: score(<Font 'DejaVu Serif' (DejaVuSerif.ttf) normal normal 400 normal>) = 10.05
2026-06-26 19:57:24,165 DEBUG matplotlib.font_manager: findfont: score(<Font 'DejaVu Sans' (DejaVuSans.ttf) normal normal 400 normal>) = 10.05
2026-06-26 19:57:24,165 DEBUG matplotlib.font_manager: findfont: Matching DejaVu Sans Display:style=normal:variant=normal:weight=normal:stretch=normal:size=10.0 to DejaVu Sans Display ('/tmp/_MEIKGygzi/matplotlib/mpl-data/fonts/ttf/DejaVuSansDisplay.ttf') with score of 0.050000.
2026-06-26 19:57:24,308 DEBUG matplotlib.ticker: vmin 1e-05 vmax 13487.104010777435
2026-06-26 19:57:24,308 DEBUG matplotlib.ticker: ticklocs array([], dtype=float64)
2026-06-26 19:57:24,311 DEBUG matplotlib.ticker: vmin 0.00044668359215096305 vmax 22387.21138568338
2026-06-26 19:57:24,311 DEBUG matplotlib.ticker: ticklocs array([2.e-05, 3.e-05, 4.e-05, 5.e-05, 6.e-05, 7.e-05, 8.e-05, 9.e-05,
       2.e-04, 3.e-04, 4.e-04, 5.e-04, 6.e-04, 7.e-04, 8.e-04, 9.e-04,
       2.e-03, 3.e-03, 4.e-03, 5.e-03, 6.e-03, 7.e-03, 8.e-03, 9.e-03,
       2.e-02, 3.e-02, 4.e-02, 5.e-02, 6.e-02, 7.e-02, 8.e-02, 9.e-02,
       2.e-01, 3.e-01, 4.e-01, 5.e-01, 6.e-01, 7.e-01, 8.e-01, 9.e-01,
       2.e+00, 3.e+00, 4.e+00, 5.e+00, 6.e+00, 7.e+00, 8.e+00, 9.e+00,
       2.e+01, 3.e+01, 4.e+01, 5.e+01, 6.e+01, 7.e+01, 8.e+01, 9.e+01,
       2.e+02, 3.e+02, 4.e+02, 5.e+02, 6.e+02, 7.e+02, 8.e+02, 9.e+02,
       2.e+03, 3.e+03, 4.e+03, 5.e+03, 6.e+03, 7.e+03, 8.e+03, 9.e+03,
       2.e+04, 3.e+04, 4.e+04, 5.e+04, 6.e+04, 7.e+04, 8.e+04, 9.e+04,
       2.e+05, 3.e+05, 4.e+05, 5.e+05, 6.e+05, 7.e+05, 8.e+05, 9.e+05,
       2.e+06, 3.e+06, 4.e+06, 5.e+06, 6.e+06, 7.e+06, 8.e+06, 9.e+06])
2026-06-26 19:57:24,412 DEBUG matplotlib.ticker: vmin 0.00044668359215096305 vmax 22387.21138568338
2026-06-26 19:57:24,413 DEBUG matplotlib.ticker: ticklocs array([2.e-05, 3.e-05, 4.e-05, 5.e-05, 6.e-05, 7.e-05, 8.e-05, 9.e-05,
       2.e-04, 3.e-04, 4.e-04, 5.e-04, 6.e-04, 7.e-04, 8.e-04, 9.e-04,
       2.e-03, 3.e-03, 4.e-03, 5.e-03, 6.e-03, 7.e-03, 8.e-03, 9.e-03,
       2.e-02, 3.e-02, 4.e-02, 5.e-02, 6.e-02, 7.e-02, 8.e-02, 9.e-02,
       2.e-01, 3.e-01, 4.e-01, 5.e-01, 6.e-01, 7.e-01, 8.e-01, 9.e-01,
       2.e+00, 3.e+00, 4.e+00, 5.e+00, 6.e+00, 7.e+00, 8.e+00, 9.e+00,
       2.e+01, 3.e+01, 4.e+01, 5.e+01, 6.e+01, 7.e+01, 8.e+01, 9.e+01,
       2.e+02, 3.e+02, 4.e+02, 5.e+02, 6.e+02, 7.e+02, 8.e+02, 9.e+02,
       2.e+03, 3.e+03, 4.e+03, 5.e+03, 6.e+03, 7.e+03, 8.e+03, 9.e+03,
       2.e+04, 3.e+04, 4.e+04, 5.e+04, 6.e+04, 7.e+04, 8.e+04, 9.e+04,
       2.e+05, 3.e+05, 4.e+05, 5.e+05, 6.e+05, 7.e+05, 8.e+05, 9.e+05,
       2.e+06, 3.e+06, 4.e+06, 5.e+06, 6.e+06, 7.e+06, 8.e+06, 9.e+06])
2026-06-26 19:57:24,508 DEBUG matplotlib.ticker: vmin 1e-05 vmax 13487.104010777435
2026-06-26 19:57:24,508 DEBUG matplotlib.ticker: ticklocs array([], dtype=float64)
2026-06-26 19:57:24,512 DEBUG matplotlib.ticker: vmin 1e-05 vmax 13487.104010777435
2026-06-26 19:57:24,512 DEBUG matplotlib.ticker: ticklocs array([], dtype=float64)
2026-06-26 19:57:24,515 DEBUG matplotlib.ticker: vmin 0.00044668359215096305 vmax 22387.21138568338
2026-06-26 19:57:24,515 DEBUG matplotlib.ticker: ticklocs array([2.e-05, 3.e-05, 4.e-05, 5.e-05, 6.e-05, 7.e-05, 8.e-05, 9.e-05,
       2.e-04, 3.e-04, 4.e-04, 5.e-04, 6.e-04, 7.e-04, 8.e-04, 9.e-04,
       2.e-03, 3.e-03, 4.e-03, 5.e-03, 6.e-03, 7.e-03, 8.e-03, 9.e-03,
       2.e-02, 3.e-02, 4.e-02, 5.e-02, 6.e-02, 7.e-02, 8.e-02, 9.e-02,
       2.e-01, 3.e-01, 4.e-01, 5.e-01, 6.e-01, 7.e-01, 8.e-01, 9.e-01,
       2.e+00, 3.e+00, 4.e+00, 5.e+00, 6.e+00, 7.e+00, 8.e+00, 9.e+00,
       2.e+01, 3.e+01, 4.e+01, 5.e+01, 6.e+01, 7.e+01, 8.e+01, 9.e+01,
       2.e+02, 3.e+02, 4.e+02, 5.e+02, 6.e+02, 7.e+02, 8.e+02, 9.e+02,
       2.e+03, 3.e+03, 4.e+03, 5.e+03, 6.e+03, 7.e+03, 8.e+03, 9.e+03,
       2.e+04, 3.e+04, 4.e+04, 5.e+04, 6.e+04, 7.e+04, 8.e+04, 9.e+04,
       2.e+05, 3.e+05, 4.e+05, 5.e+05, 6.e+05, 7.e+05, 8.e+05, 9.e+05,
       2.e+06, 3.e+06, 4.e+06, 5.e+06, 6.e+06, 7.e+06, 8.e+06, 9.e+06])
2026-06-26 19:57:24,539 DEBUG matplotlib.ticker: vmin 0.00044668359215096305 vmax 22387.21138568338
2026-06-26 19:57:24,539 DEBUG matplotlib.ticker: ticklocs array([2.e-05, 3.e-05, 4.e-05, 5.e-05, 6.e-05, 7.e-05, 8.e-05, 9.e-05,
       2.e-04, 3.e-04, 4.e-04, 5.e-04, 6.e-04, 7.e-04, 8.e-04, 9.e-04,
       2.e-03, 3.e-03, 4.e-03, 5.e-03, 6.e-03, 7.e-03, 8.e-03, 9.e-03,
       2.e-02, 3.e-02, 4.e-02, 5.e-02, 6.e-02, 7.e-02, 8.e-02, 9.e-02,
       2.e-01, 3.e-01, 4.e-01, 5.e-01, 6.e-01, 7.e-01, 8.e-01, 9.e-01,
       2.e+00, 3.e+00, 4.e+00, 5.e+00, 6.e+00, 7.e+00, 8.e+00, 9.e+00,
       2.e+01, 3.e+01, 4.e+01, 5.e+01, 6.e+01, 7.e+01, 8.e+01, 9.e+01,
       2.e+02, 3.e+02, 4.e+02, 5.e+02, 6.e+02, 7.e+02, 8.e+02, 9.e+02,
       2.e+03, 3.e+03, 4.e+03, 5.e+03, 6.e+03, 7.e+03, 8.e+03, 9.e+03,
       2.e+04, 3.e+04, 4.e+04, 5.e+04, 6.e+04, 7.e+04, 8.e+04, 9.e+04,
       2.e+05, 3.e+05, 4.e+05, 5.e+05, 6.e+05, 7.e+05, 8.e+05, 9.e+05,
       2.e+06, 3.e+06, 4.e+06, 5.e+06, 6.e+06, 7.e+06, 8.e+06, 9.e+06])
2026-06-26 19:57:24,580 INFO common.report_asm: report infomation: ##############################
Sub-module: Summary
------------------------------
Name: Total Instructions
Description: number of all instructions
Value: 668,217,848
------------------------------
Name: Compute Instructions
Description: number of compute instructions
Value: 588,620,085
------------------------------
Name: Memory Instructions
Description: number of memory instructions
Value: 79,597,763
------------------------------
Name: Total Cycles
Description: cycles use by kernel
Value: 3,441,750.08(Kcycles)
------------------------------
Name: Memory Access per Second
Description: memory access per second
Value: 883.81(MB/s)
------------------------------
Name: Average AP busy cycles
Description: Average busy cycles per AP
Value: 7,559,942.65
------------------------------
Name: AP busy Duty
Description: average AP busy duty of total cycles
Value: 0.22%
------------------------------
Name: Compute Instructions busy Duty
Description: Compute Instructions busy duty of total AP cycles
Value: 39.78%
##############################
Sub-module: CE Statistics
------------------------------
Name: WORKGROUPS
Description: ce send workgroup
Value: 56,369.0
------------------------------
Name: WAVES
Description: ce send waves
Value: 56,513.0
------------------------------
Name: Average Wave life cycles
Description: average life cycles per wave from start to end
Value: 31,652.53
##############################
Sub-module: ISU Statistics
------------------------------
Name: Compute Instructions Cycles Rate
Description: rate between compute instructions cycles
Value: {
    "data": {
        "MTE_4CYCLES": 924936940.0,
        "MTE_16CYCLES": 1256685568.0,
        "MMA_16CYCLES": 0.0,
        "MMA_32CYCLES": 0.0
    },
    "filename": "/home/ailab/maca-vendor-workspace/maca_c_opt/workspace/sinkhorn_run/profile-artifacts/sinkhorn_v0_baseline/mcprofiler_raw_baseline/Compute_Instructions_Cycles_Rate20260626195723143.png"
}
------------------------------
Name: DPC Computing cycles comparison
Description: Comparison on AP computing cycles
Value: {
    "data": {
        "0": 156391008.0,
        "1": 156391056.0,
        "2": 156391008.0,
        "3": 156391008.0,
        "4": 156391008.0,
        "5": 144371228.0,
        "6": 156391008.0,
        "7": 156391008.0
    },
    "filename": "/home/ailab/maca-vendor-workspace/maca_c_opt/workspace/sinkhorn_run/profile-artifacts/sinkhorn_v0_baseline/mcprofiler_raw_baseline/DPC_Computing_cycles_comparison20260626195723238.png"
}
------------------------------
Name: ISU stall cycles layout
Description: ISU stall cycles layout
Value: {
    "data": {
        "wsm_stall": 67614817.0,
        "vls_pipeline_stall": 167596.0,
        "vls_wdata_stall": 226124.0,
        "valu_stall": 0.0
    },
    "filename": "/home/ailab/maca-vendor-workspace/maca_c_opt/workspace/sinkhorn_run/profile-artifacts/sinkhorn_v0_baseline/mcprofiler_raw_baseline/ISU_stall_cycles_layout20260626195723442.png"
}
------------------------------
Name: Instructions Comparison
Description: Comparison between all instructions
Value: {
    "data": {
        "MTE": 236143163.0,
        "MMA": 0.0,
        "STE": 136944418.0,
        "GVM": 111746.0,
        "BSM": 79317738.0,
        "LDU": 168279.0,
        "MISC": 215532504.0
    },
    "filename": "/home/ailab/maca-vendor-workspace/maca_c_opt/workspace/sinkhorn_run/profile-artifacts/sinkhorn_v0_baseline/mcprofiler_raw_baseline/Instructions_Comparison20260626195723336.png"
}
##############################
Sub-module: Memory Statistics
------------------------------
Name: Global Read Instructions
Description: Number of global read instructions in all APs
Value: 55,779
------------------------------
Name: Global Write Instructions
Description: Number of global write instructions in all APs
Value: 55,967
------------------------------
Name: Global Atomic Instructions
Description: Number of global atomic instructions in all APs
Value: 0.0
------------------------------
Name: Private Read Instructions
Description: Number of private read instructions in all APs
Value: 0
------------------------------
Name: Private Write Instructions
Description: Number of private write instructions in all APs
Value: 0
------------------------------
Name: Constant Read Instructions
Description: Number of smem instructions in all APs
Value: 168,279
------------------------------
Name: Constant Read SL1 Instructions
Description: Num of LDU instructions in all SL1s
Value: 103,052
------------------------------
Name: Constant Read L2 Instructions
Description: Num of SL1 data miss requests
Value: 1,811
------------------------------
Name: Constant SL1 Hit Rate
Description: Total LDU instructions hit rate in all SL1s
Value: 98.24%
------------------------------
Name: VL1 Read Instructions
Description: total read instructions in all VL1s
Value: 55,779
------------------------------
Name: VL1 Write Instructions
Description: total write instructions in all VL1s
Value: 55,967
------------------------------
Name: VL1 Atomic Instructions
Description: total atomic instructions in all VL1s
Value: 0.0
------------------------------
Name: VL1 Hit Rate
Description: hit rate of all instructions in all VL1s
Value: 93.62%
------------------------------
Name: L2C Read Instructions
Description: total read instructions in all L2Cs
Value: 603,514
------------------------------
Name: L2C Write Instructions
Description: total write instructions in all L2Cs
Value: 60,193
------------------------------
Name: L2C Atomic Instructions
Description: total atomic instructions in all L2Cs
Value: 0.0
------------------------------
Name: L2C Hit Rate
Description: hit rate of all instructions in all L2Cs
Value: 89.79%
------------------------------
Name: Total Atomic Instructions
Description: total atomic instructions in memory access, include global atomic and shared memory atomic
Value: 0.0
------------------------------
Name: Dnoc Read Req
Description: number of dnoc read requests
Value: 40,722.0
------------------------------
Name: Dnoc Write Req
Description: number of dnoc write requests
Value: 28,458.0
------------------------------
Name: Global Memory Read bytes
Description: bytes read from global memory
Value: 4,234,816.0byte
------------------------------
Name: Global Memory Write bytes
Description: bytes write from global memory
Value: 3,564,768.0byte
------------------------------
Name: Dnoc Read Average Latency
Description: average latency of dnoc read request
Value: 339.73
------------------------------
Name: Memory Data Flow Chart
Description: 
Value: {
    "data": {
        "vl1c": 93.62445463449382,
        "l2c": 89.79488494124423,
        "sl1": 98.24091072451944,
        "global_kernel_rd": 55779,
        "global_kernel_wr": 55967,
        "private_kernel_rd": 0,
        "private_kernel_wr": 0,
        "generic_kernel_rd": 0,
        "generic_kernel_wr": 0,
        "const_kernel_rd": 168279,
        "shared_kernel_rd": 51372459,
        "shared_kernel_wr": 27945279,
        "Ggeneric_vl1c_rd": 55779,
        "Ggeneric_vl1c_wr": 55967,
        "const_sl1c_rd": 103052,
        "sl1_l2c_rd": 1811,
        "vl1c_l2c_rd": 603514,
        "vl1c_l2c_wr": 60193,
        "l2c_Gmemory_rd": null,
        "l2c_Gmemory_wr": null
    },
    "filename": "/home/ailab/maca-vendor-workspace/maca_c_opt/workspace/sinkhorn_run/profile-artifacts/sinkhorn_v0_baseline/mcprofiler_raw_baseline/Memory_Data_Flow_Chart20260626195723549.png"
}
------------------------------
Name: Dnoc Read Latency Histogram
Description: histogram of dnoc read latency
Value: {
    "data": {
        "0-255": 33023.0,
        "256-511": 3737.0,
        "512-1k": 3072.0,
        "1k-2k": 252.0,
        "2k-": 552.0
    },
    "filename": "/home/ailab/maca-vendor-workspace/maca_c_opt/workspace/sinkhorn_run/profile-artifacts/sinkhorn_v0_baseline/mcprofiler_raw_baseline/Dnoc_Read_Latency_Histogram20260626195723744.png"
}
------------------------------
Name: VL1 partition stall cycles layout
Description: VL1 partition access stall cycles layout
Value: {
    "data": {
        "pt0": 0.0,
        "pt1": 0.0,
        "pt2": 0.0,
        "pt3": 0.0
    },
    "filename": "/home/ailab/maca-vendor-workspace/maca_c_opt/workspace/sinkhorn_run/profile-artifacts/sinkhorn_v0_baseline/mcprofiler_raw_baseline/VL1_partition_stall_cycles_layout20260626195723843.png"
}
##############################
Sub-module: Workgroup Memory
------------------------------
Name: load instructions
Description: number of total workgroup memory load instructions
Value: 51,372,459.0
------------------------------
Name: store instructions
Description: number of total workgroup memory write instructions
Value: 27,945,279.0
------------------------------
Name: atomic instructions
Description: number of total workgroup memory atomic instructions
Value: 0.0
------------------------------
Name: total instructions
Description: number of total workgroup memory instructions
Value: 79,317,738.0
------------------------------
Name: average latency per load instruction
Description: average latency per WG-load from issue to mem-ops done
Value: 34.99
------------------------------
Name: average latency per store instruction
Description: average latency per WG-store from issue to memops done
Value: 30.02
------------------------------
Name: average latency per atomic instruction
Description: average latency per WG-atom from issue to memops done
Value: 0
------------------------------
Name: average latency of all stages per instruction
Description: average latency of all WG-inst from issue to memops done
Value: 39.36
------------------------------
Name: average cycles per load instruction
Description: average cycles per WG-load when issuing (with bank conflict)
Value: 2.0
------------------------------
Name: average cycles per store instruction
Description: average cycles per WG-store when issuing (with bank conflict)
Value: 2.0
------------------------------
Name: average cycles per atomic instruction
Description: average cycles per WG-atom when issuing (with bank conflict)
Value: 0
------------------------------
Name: average conflict cycles per instruction
Description: average conflict cycles per WG-inst when bank conflict happens
Value: 0.0
------------------------------
Name: average cycles per instruction
Description: average cycles per WG-inst when issuing (with bank conflict)
Value: 2.0
------------------------------
Name: shared memory access efficiency
Description: Proportion of NON-CONFLICT access
Value: 100.0%
##############################
Sub-module: Occupancy
------------------------------
Name: Achieved waves
Description: number of achieved waves
Value: 55,968.0
------------------------------
Name: Dispatched waves
Description: number of dispatched waves
Value: 56,513.0
##############################
Sub-module: GPU Throughput Statistics
------------------------------
Name: AP active cycles
Description: number of wave instruction cycles executed on the AP
Value: 778,674,093.0
------------------------------
Name: AP MTE Duty ratio
Description: MTE Duty ratio relative to AP active
Value: 32.22%
------------------------------
Name: AP STE Duty ratio
Description: STE Duty ratio relative to AP active
Value: 17.59%
------------------------------
Name: AP MMA Duty ratio
Description: MMA Duty ratio relative to AP active
Value: 0.0%
------------------------------
Name: VLS Duty ratio
Description: VLS Duty ratio relative to AP active
Value: 0.0%
------------------------------
Name: L2C Duty ratio
Description: L2C Duty ratio relative to L2C active
Value: 0.00%
##############################
Sub-module: Compute workload
------------------------------
Name: instruction per cycle
Description: The number of instructions per busy cycle across all sub-unit instances
Value: 88.22
------------------------------
Name: instruction throughput
Description: The percent of achieved instructions and theoretical instructions during all busy cycles 
Value: 0.85
------------------------------
Name: instruction throughput efficiency
Description: The percentage of the maximum instruction throughput achieved during all busy cycles 
Value: 21.21%
##############################
Sub-module: Instruction Statistics
------------------------------
Name: instruction number
Description: The total number of instructions
Value: 668,217,848.0
------------------------------
Name: instructions per AP
Description: The number of instructions per PEU
Value: 6,425,171.62
##############################
Sub-module: Internal
------------------------------
Name: RoofLine
Description: 
Value: {
    "processed_data": {
        "all_ops": 15912737984.0,
        "all_memacs": 7799584.0,
        "during": 7574524.0,
        "block_num": 104,
        "vl1_memacs": 7187840.0,
        "l2c_memacs": 7139712.0
    },
    "data": {
        "all_ops": 15912737984.0,
        "all_memacs": 7799584.0,
        "block_num": 104,
        "during": 7574524.0,
        "core_clk": 1.125,
        "MAX_Flops_base": 0.117,
        "case_flops": 2.363426432076788,
        "MAX_Bandwith": 1843.2,
        "MAX_I": 260.0,
        "case_I": 2040.2034241826232,
        "case_bandwith": 1.1584268529613213,
        "case_VL1_I": 2213.841429970617,
        "case_L2C_I": 2228.764687427168,
        "mc_clk": 0.9
    },
    "filename": "/home/ailab/maca-vendor-workspace/maca_c_opt/workspace/sinkhorn_run/profile-artifacts/sinkhorn_v0_baseline/mcprofiler_raw_baseline/RoofLine20260626195724053.png"
}
2026-06-26 19:57:24,591 DEBUG PIL.PngImagePlugin: STREAM b'IHDR' 16 13
2026-06-26 19:57:24,592 DEBUG PIL.PngImagePlugin: STREAM b'tEXt' 41 57
2026-06-26 19:57:24,592 DEBUG PIL.PngImagePlugin: STREAM b'pHYs' 110 9
2026-06-26 19:57:24,592 DEBUG PIL.PngImagePlugin: STREAM b'IDAT' 131 35295
2026-06-26 19:57:24,642 DEBUG PIL.PngImagePlugin: STREAM b'IHDR' 16 13
2026-06-26 19:57:24,642 DEBUG PIL.PngImagePlugin: STREAM b'tEXt' 41 57
2026-06-26 19:57:24,642 DEBUG PIL.PngImagePlugin: STREAM b'pHYs' 110 9
2026-06-26 19:57:24,642 DEBUG PIL.PngImagePlugin: STREAM b'IDAT' 131 56382
2026-06-26 19:57:24,700 DEBUG PIL.PngImagePlugin: STREAM b'IHDR' 16 13
2026-06-26 19:57:24,700 DEBUG PIL.PngImagePlugin: STREAM b'tEXt' 41 57
2026-06-26 19:57:24,700 DEBUG PIL.PngImagePlugin: STREAM b'pHYs' 110 9
2026-06-26 19:57:24,700 DEBUG PIL.PngImagePlugin: STREAM b'IDAT' 131 34388
2026-06-26 19:57:24,748 DEBUG PIL.PngImagePlugin: STREAM b'IHDR' 16 13
2026-06-26 19:57:24,748 DEBUG PIL.PngImagePlugin: STREAM b'tEXt' 41 57
2026-06-26 19:57:24,749 DEBUG PIL.PngImagePlugin: STREAM b'pHYs' 110 9
2026-06-26 19:57:24,749 DEBUG PIL.PngImagePlugin: STREAM b'IDAT' 131 26976
2026-06-26 19:57:24,802 DEBUG PIL.PngImagePlugin: STREAM b'IHDR' 16 13
2026-06-26 19:57:24,802 DEBUG PIL.PngImagePlugin: STREAM b'tEXt' 41 57
2026-06-26 19:57:24,802 DEBUG PIL.PngImagePlugin: STREAM b'pHYs' 110 9
2026-06-26 19:57:24,802 DEBUG PIL.PngImagePlugin: STREAM b'IDAT' 131 59174
2026-06-26 19:57:24,860 DEBUG PIL.PngImagePlugin: STREAM b'IHDR' 16 13
2026-06-26 19:57:24,860 DEBUG PIL.PngImagePlugin: STREAM b'tEXt' 41 57
2026-06-26 19:57:24,860 DEBUG PIL.PngImagePlugin: STREAM b'pHYs' 110 9
2026-06-26 19:57:24,860 DEBUG PIL.PngImagePlugin: STREAM b'IDAT' 131 26476
2026-06-26 19:57:24,907 DEBUG PIL.PngImagePlugin: STREAM b'IHDR' 16 13
2026-06-26 19:57:24,908 DEBUG PIL.PngImagePlugin: STREAM b'tEXt' 41 57
2026-06-26 19:57:24,908 DEBUG PIL.PngImagePlugin: STREAM b'pHYs' 110 9
2026-06-26 19:57:24,908 DEBUG PIL.PngImagePlugin: STREAM b'IDAT' 131 10280
2026-06-26 19:57:24,949 DEBUG PIL.PngImagePlugin: STREAM b'IHDR' 16 13
2026-06-26 19:57:24,949 DEBUG PIL.PngImagePlugin: STREAM b'tEXt' 41 57
2026-06-26 19:57:24,949 DEBUG PIL.PngImagePlugin: STREAM b'pHYs' 110 9
2026-06-26 19:57:24,949 DEBUG PIL.PngImagePlugin: STREAM b'IDAT' 131 65536
2026-06-26 19:57:25,140 INFO phttp.server_backend: complete task 2d083640-8a16-4cbd-b2eb-be5015f7b26c
2026-06-26 19:57:27,898 DEBUG urllib3.connectionpool: Starting new HTTP connection (1): 127.0.0.1:50123
2026-06-26 19:57:27,902 INFO werkzeug: 127.0.0.1 - - [26/Jun/2026 19:57:27] "GET /perf_progress?exec_id=2d083640-8a16-4cbd-b2eb-be5015f7b26c HTTP/1.1" 200 -
2026-06-26 19:57:27,902 DEBUG urllib3.connectionpool: http://127.0.0.1:50123 "GET /perf_progress?exec_id=2d083640-8a16-4cbd-b2eb-be5015f7b26c HTTP/1.1" 200 9925
2026-06-26 19:57:32,906 DEBUG urllib3.connectionpool: Starting new HTTP connection (1): 127.0.0.1:50123
2026-06-26 19:57:32,910 INFO werkzeug: 127.0.0.1 - - [26/Jun/2026 19:57:32] "GET /perf_progress?exec_id=2d083640-8a16-4cbd-b2eb-be5015f7b26c HTTP/1.1" 200 -
2026-06-26 19:57:32,910 DEBUG urllib3.connectionpool: http://127.0.0.1:50123 "GET /perf_progress?exec_id=2d083640-8a16-4cbd-b2eb-be5015f7b26c HTTP/1.1" 200 9925
2026-06-26 19:57:37,917 DEBUG urllib3.connectionpool: Starting new HTTP connection (1): 127.0.0.1:50123
2026-06-26 19:57:37,920 INFO werkzeug: 127.0.0.1 - - [26/Jun/2026 19:57:37] "GET /perf_progress?exec_id=2d083640-8a16-4cbd-b2eb-be5015f7b26c HTTP/1.1" 200 -
2026-06-26 19:57:37,921 DEBUG urllib3.connectionpool: http://127.0.0.1:50123 "GET /perf_progress?exec_id=2d083640-8a16-4cbd-b2eb-be5015f7b26c HTTP/1.1" 200 9920
2026-06-26 19:57:45,931 DEBUG urllib3.connectionpool: Starting new HTTP connection (1): 127.0.0.1:50123
2026-06-26 19:57:45,932 ERROR phttp.http_server: remove .pkey failed
2026-06-26 19:57:45,933 INFO werkzeug: 127.0.0.1 - - [26/Jun/2026 19:57:45] "GET /stop HTTP/1.1" 200 -
2026-06-26 19:57:45,933 DEBUG urllib3.connectionpool: http://127.0.0.1:50123 "GET /stop HTTP/1.1" 200 29
